arm,n_units,condition,frozen_fraction,gain_scale,seed,p_value,expected_in_degree,realized_degree_mean,realized_degree_min,realized_degree_max,synapse_count,plastic_weight_count,initial_spectral_radius,checkpoint_trial,heldout_nmse,heldout_raw_mse,online_feedback_loss,weight_change_fro,spectral_radius,d_pr,d90,per_target_mse_json
control,400,p0.05,nan,1.0,0,0.05,19.950000000000003,19.78,9,34,7912,7912,1.5733781412311378,0,0.9798723676891983,0.019597447353783968,nan,0.0,1.5733781412311378,9.121432855785054,22,"{""0"": 0.019449205345764664, ""1"": 0.02237579956774131, ""2"": 0.01568973745121347, ""3"": 0.021134567081203454, ""4"": 0.019953648477040186, ""5"": 0.01898172619974072}"
control,400,p0.05,nan,1.0,0,0.05,19.950000000000003,19.78,9,34,7912,7912,1.5733781412311378,10,0.7967642437459183,0.015935284874918368,0.5998929474429086,11.689388439955597,1.7511277389288145,2.8076912965698817,12,"{""0"": 0.0010373694029123832, ""1"": 0.040489415988424635, ""2"": 0.004816375417753334, ""3"": 0.0005391496300013894, ""4"": 0.029379368565074525, ""5"": 0.019350030245343937}"
control,400,p0.05,nan,1.0,0,0.05,19.950000000000003,19.78,9,34,7912,7912,1.5733781412311378,20,0.37043069495401765,0.007408613899080353,1.3336616751505095,13.742036581365548,1.8303841228535929,3.5658699434324186,13,"{""0"": 0.0072555810290278935, ""1"": 0.019656609781898638, ""2"": 0.001863219951144416, ""3"": 0.001812802927236339, ""4"": 0.005474153995892686, ""5"": 0.00838931570928215}"
control,400,p0.05,nan,1.0,0,0.05,19.950000000000003,19.78,9,34,7912,7912,1.5733781412311378,30,0.2620109658701524,0.005240219317403048,0.8095576738763622,14.509415285785266,1.8195107709440652,3.610090312639326,13,"{""0"": 0.011931302341064926, ""1"": 0.0019247699266128192, ""2"": 0.003907764896552578, ""3"": 0.006519957660608586, ""4"": 0.004226006513546877, ""5"": 0.0029315145660325018}"
control,400,p0.05,nan,1.0,0,0.05,19.950000000000003,19.78,9,34,7912,7912,1.5733781412311378,40,0.19798582259228556,0.003959716451845712,3.2289466729545873,14.841794989808786,1.789851742465779,3.629550280433441,13,"{""0"": 0.008732933289946882, ""1"": 0.0016792396169841468, ""2"": 0.002815310828123898, ""3"": 0.004825419041924935, ""4"": 0.0030572122333379827, ""5"": 0.0026481837007564274}"
control,400,p0.05,nan,1.0,0,0.05,19.950000000000003,19.78,9,34,7912,7912,1.5733781412311378,50,0.2091495690361273,0.004182991380722546,2.0839889895372603,15.05610249183395,1.7875127164295748,3.670266262892466,13,"{""0"": 0.008869534843931923, ""1"": 0.0013047880753831607, ""2"": 0.004526241044557805, ""3"": 0.004610213388348126, ""4"": 0.0032826264427889855, ""5"": 0.0025045444893252783}"
control,400,p0.05,nan,1.0,0,0.05,19.950000000000003,19.78,9,34,7912,7912,1.5733781412311378,60,0.15720637316252137,0.003144127463250428,1.1513784263771294,15.222592048754684,1.7606086026926928,3.623536775588696,13,"{""0"": 0.005563632746997045, ""1"": 0.0016521616054424482, ""2"": 0.00424963321918231, ""3"": 0.002652454052781929, ""4"": 0.002177604863015027, ""5"": 0.002569278292083808}"
control,400,p0.05,nan,1.0,0,0.05,19.950000000000003,19.78,9,34,7912,7912,1.5733781412311378,70,0.14700000271543112,0.0029400000543086226,0.30066119149288756,15.243166554165319,1.756534804273322,3.6813548754697374,13,"{""0"": 0.003019295444723214, ""1"": 0.001560126431164976, ""2"": 0.004456573483448387, ""3"": 0.0029845615158354917, ""4"": 0.002957680728416501, ""5"": 0.0026617627222631666}"
control,400,p0.05,nan,1.0,0,0.05,19.950000000000003,19.78,9,34,7912,7912,1.5733781412311378,80,0.18445164448853216,0.0036890328897706435,4.790309718018828,15.416913018882822,1.764727404648035,3.5515118161294974,13,"{""0"": 0.0048615507823416195, ""1"": 0.0010699973186023876, ""2"": 0.005604387655037965, ""3"": 0.004910296206566384, ""4"": 0.0017765759173129897, ""5"": 0.003911389458762512}"
control,400,p0.05,nan,1.0,0,0.05,19.950000000000003,19.78,9,34,7912,7912,1.5733781412311378,90,0.1609027607667652,0.0032180552153353048,0.31153890401861434,15.47790209774693,1.7479126223816701,3.5650242727558648,13,"{""0"": 0.0027242697486996657, ""1"": 0.0010106587457340162, ""2"": 0.00573241315823796, ""3"": 0.0045969997860309895, ""4"": 0.0012137014891728218, ""5"": 0.004030288364136372}"
control,400,p0.05,nan,1.0,0,0.05,19.950000000000003,19.78,9,34,7912,7912,1.5733781412311378,100,0.13896163169063055,0.0027792326338126117,1.0965548302868238,15.659067142360943,1.7538737602639802,3.4632922008415594,12,"{""0"": 0.0021373714441647288, ""1"": 0.0008389851743822166, ""2"": 0.00697871112787686, ""3"": 0.001789447553138309, ""4"": 0.0011399498514127505, ""5"": 0.0037909306519008047}"
control,400,p0.05,nan,1.0,0,0.05,19.950000000000003,19.78,9,34,7912,7912,1.5733781412311378,110,0.14220592984588556,0.002844118596917712,0.5556293060344532,15.730565814903944,1.7581132208645407,3.4318571852570074,12,"{""0"": 0.0023337518222953913, ""1"": 0.000827192202962289, ""2"": 0.007142992016182449, ""3"": 0.0017457653158941503, ""4"": 0.001146516618773132, ""5"": 0.0038684936053988593}"
control,400,p0.05,nan,1.0,0,0.05,19.950000000000003,19.78,9,34,7912,7912,1.5733781412311378,120,0.13975277816057108,0.002795055563211422,0.5535696351209382,15.819226210663206,1.7644119378184147,3.393626130780371,12,"{""0"": 0.002212451516031161, ""1"": 0.000816968377300302, ""2"": 0.0072382362599857555, ""3"": 0.0016092254738693697, ""4"": 0.00109875589005658, ""5"": 0.003794695862025363}"
control,400,p0.05,nan,1.0,0,0.05,19.950000000000003,19.78,9,34,7912,7912,1.5733781412311378,130,0.13206038007714854,0.0026412076015429713,0.7799689232203406,15.840900603156781,1.7710698805143799,3.4012799708922787,12,"{""0"": 0.00212292393841459, ""1"": 0.0008059222638180236, ""2"": 0.0068203115683672004, ""3"": 0.0014486271003284826, ""4"": 0.00101011116452435, ""5"": 0.0036393495738051805}"
control,400,p0.05,nan,1.0,0,0.05,19.950000000000003,19.78,9,34,7912,7912,1.5733781412311378,140,0.11616106329637364,0.0023232212659274735,0.296992744285499,15.87153204660226,1.774027979271954,3.437878384117875,12,"{""0"": 0.0023141742222478733, ""1"": 0.0008168209170138507, ""2"": 0.005220553990498431, ""3"": 0.0013722265217370533, ""4"": 0.0011819813993468725, ""5"": 0.0030335705447207587}"
control,400,p0.05,nan,1.0,0,0.05,19.950000000000003,19.78,9,34,7912,7912,1.5733781412311378,150,0.12758694480423394,0.002551738896084679,0.11834645710461852,15.899675769657883,1.7689750178231014,3.4062811016612,12,"{""0"": 0.0021404082728945944, ""1"": 0.0007422602448049138, ""2"": 0.006586266848715924, ""3"": 0.0013355581184821917, ""4"": 0.001115547623896738, ""5"": 0.0033903922677137135}"
control,400,p0.05,nan,1.0,0,0.05,19.950000000000003,19.78,9,34,7912,7912,1.5733781412311378,160,0.12325552017579317,0.0024651104035158635,0.4166048473204458,15.952478442449953,1.7709926149443065,3.4026781206845875,12,"{""0"": 0.0021261138154275152, ""1"": 0.0007507212389950356, ""2"": 0.006159789533920882, ""3"": 0.0014014890797847447, ""4"": 0.0011250593471005999, ""5"": 0.0032274894058664056}"
control,400,p0.05,nan,1.0,0,0.05,19.950000000000003,19.78,9,34,7912,7912,1.5733781412311378,170,0.1155747283105402,0.0023114945662108042,0.190727020199478,15.99405975790729,1.7769037904805622,3.416729376913262,12,"{""0"": 0.0021022437200559803, ""1"": 0.0007793235571490173, ""2"": 0.005277143829294635, ""3"": 0.001395180832492285, ""4"": 0.0011303184612104628, ""5"": 0.003184756997062446}"
control,400,p0.05,nan,1.0,0,0.05,19.950000000000003,19.78,9,34,7912,7912,1.5733781412311378,180,0.11397766132287475,0.0022795532264574953,0.24959242610523705,16.03585921424807,1.780192827462419,3.4051503028347683,12,"{""0"": 0.0020120687514128092, ""1"": 0.0007383431702478546, ""2"": 0.005280884961223959, ""3"": 0.0014811113532916796, ""4"": 0.0009821417949725337, ""5"": 0.0031827693275961353}"
control,400,p0.05,nan,1.0,0,0.05,19.950000000000003,19.78,9,34,7912,7912,1.5733781412311378,190,0.11129869945152764,0.0022259739890305528,1.0740653525876955,16.062728555204803,1.7834165481078483,3.398258950114305,12,"{""0"": 0.00166440048276561, ""1"": 0.0007327602908007628, ""2"": 0.00540376236164253, ""3"": 0.0013045209450609871, ""4"": 0.000996031093488529, ""5"": 0.0032543687604248963}"
control,400,p0.05,nan,1.0,0,0.05,19.950000000000003,19.78,9,34,7912,7912,1.5733781412311378,200,0.09870155926696816,0.0019740311853393634,2.898551338289861,16.13463448183179,1.7849991580375926,3.46020558303725,12,"{""0"": 0.001671539436167637, ""1"": 0.000763067302630449, ""2"": 0.004177212112108998, ""3"": 0.001135866669676033, ""4"": 0.0011279463336089212, ""5"": 0.002968555257844144}"
control,400,p0.10,nan,1.0,0,0.1,39.900000000000006,40.2325,22,57,16093,7912,1.5473216675602346,0,0.9930854879177111,0.019861709758354225,nan,0.0,1.5473216675602346,12.0871370363962,23,"{""0"": 0.017308635267884308, ""1"": 0.018968865348766815, ""2"": 0.01895791746728544, ""3"": 0.022711160168449575, ""4"": 0.020488710984032828, ""5"": 0.020734969313706376}"
control,400,p0.10,nan,1.0,0,0.1,39.900000000000006,40.2325,22,57,16093,7912,1.5473216675602346,10,0.6688968937906481,0.013377937875812965,0.2060182903149442,12.012737643711084,1.6978684082021354,4.293302194057713,16,"{""0"": 0.01249764952310007, ""1"": 0.03188051999471024, ""2"": 0.0015452498777458017, ""3"": 0.0016394644657451059, ""4"": 0.017372466867086486, ""5"": 0.015332276526490083}"
control,400,p0.10,nan,1.0,0,0.1,39.900000000000006,40.2325,22,57,16093,7912,1.5473216675602346,20,0.26716204581670794,0.0053432409163341596,1.0068652850559061,13.386787576025856,1.7532965742980864,3.8712549158129548,15,"{""0"": 0.014449424846315177, ""1"": 0.0064333827519098205, ""2"": 0.0010223879726112338, ""3"": 0.00407513937324455, ""4"": 0.0025039635755863847, ""5"": 0.0035751469783378}"
control,400,p0.10,nan,1.0,0,0.1,39.900000000000006,40.2325,22,57,16093,7912,1.5473216675602346,30,0.1975324051670665,0.0039506481033413305,2.220168951682849,13.947259507382872,1.75959021026944,3.685005251889697,13,"{""0"": 0.011419358309955403, ""1"": 0.0014349998544497273, ""2"": 0.0025292627385896794, ""3"": 0.0030391715846120573, ""4"": 0.0007154992530727793, ""5"": 0.004565596879368339}"
control,400,p0.10,nan,1.0,0,0.1,39.900000000000006,40.2325,22,57,16093,7912,1.5473216675602346,40,0.18303521848852972,0.0036607043697705947,0.5682341620705545,14.197272976595535,1.782273744922342,3.5072051351116817,13,"{""0"": 0.008701043190173582, ""1"": 0.0016167648741900978, ""2"": 0.0032255967587696624, ""3"": 0.0034601461030762614, ""4"": 0.0005209959689734178, ""5"": 0.0044396793234405445}"
control,400,p0.10,nan,1.0,0,0.1,39.900000000000006,40.2325,22,57,16093,7912,1.5473216675602346,50,0.15765287448704932,0.003153057489740987,0.7156770039734204,14.461679028638784,1.7870872291718118,3.5177214389254186,13,"{""0"": 0.009654409993791196, ""1"": 0.0011884931501575462, ""2"": 0.0027534532389268994, ""3"": 0.0023047587965615316, ""4"": 0.000486618880027191, ""5"": 0.0025306108789815564}"
control,400,p0.10,nan,1.0,0,0.1,39.900000000000006,40.2325,22,57,16093,7912,1.5473216675602346,60,0.14200818838188783,0.002840163767637757,0.14706992291374665,14.686667279283807,1.78343058375109,3.652799730700251,13,"{""0"": 0.007378693920627693, ""1"": 0.001687931572605782, ""2"": 0.0027031756995954167, ""3"": 0.0013520952248621304, ""4"": 0.00046332484202778277, ""5"": 0.0034557613461077357}"
control,400,p0.10,nan,1.0,0,0.1,39.900000000000006,40.2325,22,57,16093,7912,1.5473216675602346,70,0.1405591695193086,0.0028111833903861723,0.444480230660826,14.831484847626704,1.7870538306153083,3.5954272447064306,13,"{""0"": 0.006466137980677289, ""1"": 0.0018725676054652668, ""2"": 0.003771552696084074, ""3"": 0.0015218617691383452, ""4"": 0.00042052932200305665, ""5"": 0.002814450968949005}"
control,400,p0.10,nan,1.0,0,0.1,39.900000000000006,40.2325,22,57,16093,7912,1.5473216675602346,80,0.13783513722948867,0.002756702744589774,0.5735138376900852,14.954513948506683,1.7961280190734137,3.4859452735623573,12,"{""0"": 0.005786760978739757, ""1"": 0.0013799124153113821, ""2"": 0.0040550002972212385, ""3"": 0.001520273332721698, ""4"": 0.000397846363507338, ""5"": 0.0034004230800372287}"
control,400,p0.10,nan,1.0,0,0.1,39.900000000000006,40.2325,22,57,16093,7912,1.5473216675602346,90,0.1343353880841723,0.0026867077616834468,4.75325165043094,15.07244198851719,1.7934337846851138,3.5180742458270795,12,"{""0"": 0.0062935974469303935, ""1"": 0.0014901824829593223, ""2"": 0.004030224538729727, ""3"": 0.0015935662036302984, ""4"": 0.00041691365740314997, ""5"": 0.002295762240447788}"
control,400,p0.10,nan,1.0,0,0.1,39.900000000000006,40.2325,22,57,16093,7912,1.5473216675602346,100,0.1383966311750796,0.0027679326235015927,3.14827390824605,15.190005887061517,1.7819552113197483,3.5448985026102835,12,"{""0"": 0.007996714760342433, ""1"": 0.0012514420060434055, ""2"": 0.0028242482302641503, ""3"": 0.0014195184368949684, ""4"": 0.0004339401163233774, ""5"": 0.0026817321911412222}"
control,400,p0.10,nan,1.0,0,0.1,39.900000000000006,40.2325,22,57,16093,7912,1.5473216675602346,110,0.12179422982916092,0.0024358845965832187,0.9016166585649237,15.261168533975807,1.7898115851172796,3.525350974277371,12,"{""0"": 0.006017011859822004, ""1"": 0.0012487869707185158, ""2"": 0.0029583470557017115, ""3"": 0.0013463502202025318, ""4"": 0.0004349698769226195, ""5"": 0.0026098415961319293}"
control,400,p0.10,nan,1.0,0,0.1,39.900000000000006,40.2325,22,57,16093,7912,1.5473216675602346,120,0.11259893228828828,0.002251978645765766,3.018065707968392,15.311395809537197,1.7859144995876401,3.6103852533618404,12,"{""0"": 0.005798306837320119, ""1"": 0.00131107744399017, ""2"": 0.00315593279891281, ""3"": 0.0011392271097215132, ""4"": 0.00047945037795765034, ""5"": 0.0016278773066923334}"
control,400,p0.10,nan,1.0,0,0.1,39.900000000000006,40.2325,22,57,16093,7912,1.5473216675602346,130,0.10494175896120764,0.002098835179224153,0.270696406925218,15.39483343466727,1.783186429709819,3.655586835537465,12,"{""0"": 0.005237808786111096, ""1"": 0.0013946911874597187, ""2"": 0.0029432787555171694, ""3"": 0.0010797393304947279, ""4"": 0.0005372139605695252, ""5"": 0.0014002790551926809}"
control,400,p0.10,nan,1.0,0,0.1,39.900000000000006,40.2325,22,57,16093,7912,1.5473216675602346,140,0.09506022678587239,0.001901204535717448,0.3853771948770751,15.519243463167252,1.786730508365762,3.6858132606714036,12,"{""0"": 0.004232339901310993, ""1"": 0.001441532516418455, ""2"": 0.0031123879176955887, ""3"": 0.0007382086833941601, ""4"": 0.00057127874237582, ""5"": 0.001311479453109672}"
control,400,p0.10,nan,1.0,0,0.1,39.900000000000006,40.2325,22,57,16093,7912,1.5473216675602346,150,0.09605059393022149,0.00192101187860443,1.0549868210448483,15.603528053124586,1.7888687038764182,3.664615928676591,12,"{""0"": 0.004462685978314039, ""1"": 0.00128720109518553, ""2"": 0.0032487363133170354, ""3"": 0.0007360909968168599, ""4"": 0.0005524831877193784, ""5"": 0.0012388737002737384}"
control,400,p0.10,nan,1.0,0,0.1,39.900000000000006,40.2325,22,57,16093,7912,1.5473216675602346,160,0.08934085263660306,0.0017868170527320616,0.5908489493321973,15.674138520778977,1.7824816086061492,3.6659365622464057,12,"{""0"": 0.004110112234188408, ""1"": 0.0014301147609102206, ""2"": 0.0028044863752193774, ""3"": 0.0006768028341382065, ""4"": 0.0005947470974616783, ""5"": 0.0011046390144744788}"
control,400,p0.10,nan,1.0,0,0.1,39.900000000000006,40.2325,22,57,16093,7912,1.5473216675602346,170,0.08362744259794504,0.001672548851958901,0.18155261734119404,15.745920765624835,1.7801924488182566,3.707996361200398,12,"{""0"": 0.003868971282548511, ""1"": 0.0016875951388187842, ""2"": 0.0022458506347598486, ""3"": 0.0006651132879727792, ""4"": 0.0006795997355563909, ""5"": 0.0008881630320970925}"
control,400,p0.10,nan,1.0,0,0.1,39.900000000000006,40.2325,22,57,16093,7912,1.5473216675602346,180,0.0797753082764185,0.0015955061655283703,0.16186339663921448,15.778997574073939,1.7797462298403512,3.7065240573970804,12,"{""0"": 0.0031421627944740473, ""1"": 0.0017376306229081428, ""2"": 0.002459445046685684, ""3"": 0.0006737561318852657, ""4"": 0.0006319002543362905, ""5"": 0.0009281421428807909}"
control,400,p0.10,nan,1.0,0,0.1,39.900000000000006,40.2325,22,57,16093,7912,1.5473216675602346,190,0.07591853929031465,0.0015183707858062933,1.816068564758244,15.84274015405113,1.7812104427903876,3.716788893138027,12,"{""0"": 0.002803030103294975, ""1"": 0.0016322847739743932, ""2"": 0.0024651065966510314, ""3"": 0.0006338568406902452, ""4"": 0.00065069085526444, ""5"": 0.0009252555449626762}"
control,400,p0.10,nan,1.0,0,0.1,39.900000000000006,40.2325,22,57,16093,7912,1.5473216675602346,200,0.07976985392890969,0.0015953970785781938,0.5194155499242505,15.89734590215207,1.781633248583322,3.7319352369672245,12,"{""0"": 0.00335685202132699, ""1"": 0.0017274546982733129, ""2"": 0.002335636887965473, ""3"": 0.0005944406411569201, ""4"": 0.0007126675695746893, ""5"": 0.0008453306531717777}"
control,400,p0.20,nan,1.0,0,0.2,79.80000000000001,79.8375,57,107,31935,7912,1.5620686129664814,0,0.9805258662163054,0.019610517324326112,nan,0.0,1.5620686129664814,5.806722745949523,20,"{""0"": 0.017795662027001023, ""1"": 0.02065279021212422, ""2"": 0.017248187622827482, ""3"": 0.020994371684946764, ""4"": 0.020521337079713726, ""5"": 0.020450755319343455}"
control,400,p0.20,nan,1.0,0,0.2,79.80000000000001,79.8375,57,107,31935,7912,1.5620686129664814,10,0.3187016777733099,0.0063740335554661985,1.697549846653657,12.451538465493737,1.7610413960207336,3.8958023845443908,16,"{""0"": 0.0009321962148622625, ""1"": 0.016958103033817232, ""2"": 0.0067492924414342455, ""3"": 0.000979852158252166, ""4"": 0.004563538051114293, ""5"": 0.008061219433316995}"
control,400,p0.20,nan,1.0,0,0.2,79.80000000000001,79.8375,57,107,31935,7912,1.5620686129664814,20,0.22134305921561878,0.004426861184312376,1.585746025673455,14.35404482858735,1.7995648694880626,4.031482487568119,15,"{""0"": 0.004381230134342646, ""1"": 0.010740623839092503, ""2"": 0.0013964363434669671, ""3"": 0.0034635266599342927, ""4"": 0.004641286944209061, ""5"": 0.001938063184828788}"
control,400,p0.20,nan,1.0,0,0.2,79.80000000000001,79.8375,57,107,31935,7912,1.5620686129664814,30,0.18262518467873345,0.0036525036935746696,1.484724647525598,14.94704291718609,1.7882758305485844,3.6442207751476996,14,"{""0"": 0.004240134443891651, ""1"": 0.007897874276470604, ""2"": 0.0017076152033125922, ""3"": 0.0039744811551136044, ""4"": 0.002532463317169714, ""5"": 0.0015624537654898517}"
control,400,p0.20,nan,1.0,0,0.2,79.80000000000001,79.8375,57,107,31935,7912,1.5620686129664814,40,0.1706558261293377,0.003413116522586754,1.3702183571841389,15.312430658989372,1.7893451025071152,3.8855588920573436,14,"{""0"": 0.003452618140952673, ""1"": 0.007200441761896237, ""2"": 0.0018742250461606276, ""3"": 0.001954650496505026, ""4"": 0.003259451874526442, ""5"": 0.002737311815479517}"
control,400,p0.20,nan,1.0,0,0.2,79.80000000000001,79.8375,57,107,31935,7912,1.5620686129664814,50,0.16159703006609563,0.0032319406013219133,0.4044174699294757,15.316620425707155,1.7840313166220945,3.7025264814776633,14,"{""0"": 0.0033138400417079147, ""1"": 0.005051304193489354, ""2"": 0.003813500865069286, ""3"": 0.0018299879286584005, ""4"": 0.0025274251511925535, ""5"": 0.00285558542781397}"
control,400,p0.20,nan,1.0,0,0.2,79.80000000000001,79.8375,57,107,31935,7912,1.5620686129664814,60,0.15942908752050977,0.0031885817504101956,0.3531391213961422,15.514032976241518,1.7842602504426623,3.6212674590347502,14,"{""0"": 0.0030654580117565142, ""1"": 0.005200955704054188, ""2"": 0.003689627726599182, ""3"": 0.0012419668013945897, ""4"": 0.002686888606934312, ""5"": 0.0032465936517223877}"
control,400,p0.20,nan,1.0,0,0.2,79.80000000000001,79.8375,57,107,31935,7912,1.5620686129664814,70,0.15327224310032805,0.0030654448620065617,1.077048492174659,15.584431934520357,1.778429438028675,3.616620218360457,14,"{""0"": 0.0029667149656435734, ""1"": 0.0054620348249336355, ""2"": 0.0034040681603739547, ""3"": 0.0009736801944424936, ""4"": 0.002421637543519739, ""5"": 0.0031645334831259713}"
control,400,p0.20,nan,1.0,0,0.2,79.80000000000001,79.8375,57,107,31935,7912,1.5620686129664814,80,0.15348756005145192,0.003069751201029039,0.5508439482777828,15.682681321079405,1.778032151404798,3.610491424574595,14,"{""0"": 0.0034423599073000353, ""1"": 0.005550999822963922, ""2"": 0.0034245117407439886, ""3"": 0.0009904357524165605, ""4"": 0.002068644871776505, ""5"": 0.0029415551109732256}"
control,400,p0.20,nan,1.0,0,0.2,79.80000000000001,79.8375,57,107,31935,7912,1.5620686129664814,90,0.15200979991791994,0.0030401959983583993,2.279456596950462,15.756091430225952,1.7785057419679908,3.5960459478746643,14,"{""0"": 0.003495558935592966, ""1"": 0.005964178021268321, ""2"": 0.0029878346217867982, ""3"": 0.001341139325829657, ""4"": 0.0019860067060755815, ""5"": 0.0024664583795970738}"
control,400,p0.20,nan,1.0,0,0.2,79.80000000000001,79.8375,57,107,31935,7912,1.5620686129664814,100,0.1441166753753554,0.0028823335075071083,8.503879450437019,15.833428831601573,1.7785453350930174,3.614824185850155,14,"{""0"": 0.0034103140640999174, ""1"": 0.00531524622490508, ""2"": 0.0030043256757766473, ""3"": 0.0009402511669275003, ""4"": 0.002024139289268415, ""5"": 0.0025997246240650903}"
control,400,p0.20,nan,1.0,0,0.2,79.80000000000001,79.8375,57,107,31935,7912,1.5620686129664814,110,0.14327721171764266,0.0028655442343528533,1.8921726657811337,15.939026695169877,1.773447179352295,3.6632316435126806,14,"{""0"": 0.0030651316378494027, ""1"": 0.005193319187368207, ""2"": 0.0029098626345504964, ""3"": 0.0006781597541296946, ""4"": 0.0024667996570674963, ""5"": 0.002879992535151824}"
control,400,p0.20,nan,1.0,0,0.2,79.80000000000001,79.8375,57,107,31935,7912,1.5620686129664814,120,0.13587061079157198,0.0027174122158314397,2.0324989516593974,15.982627717057783,1.777906720096885,3.6676407737387016,14,"{""0"": 0.003168843699130794, ""1"": 0.005135741522724779, ""2"": 0.002835441003930287, ""3"": 0.0005314529549457693, ""4"": 0.002058301335638337, ""5"": 0.002574692778618674}"
control,400,p0.20,nan,1.0,0,0.2,79.80000000000001,79.8375,57,107,31935,7912,1.5620686129664814,130,0.13876339413208327,0.0027752678826416656,0.6979736818947408,16.006477672406273,1.7770246740262226,3.6909576994287594,14,"{""0"": 0.0028746626539049697, ""1"": 0.005362201917891733, ""2"": 0.0027588408718562194, ""3"": 0.0004884817275497455, ""4"": 0.002400173379523142, ""5"": 0.0027672467451241834}"
control,400,p0.20,nan,1.0,0,0.2,79.80000000000001,79.8375,57,107,31935,7912,1.5620686129664814,140,0.14110249549938028,0.002822049909987606,0.7812627259977738,16.091626772729064,1.7785692038579406,3.6588917535359853,14,"{""0"": 0.0028205441026449393, ""1"": 0.005361024594937437, ""2"": 0.002775818031578402, ""3"": 0.0004911838599775317, ""4"": 0.0025692624814920516, ""5"": 0.0029144663892952736}"
control,400,p0.20,nan,1.0,0,0.2,79.80000000000001,79.8375,57,107,31935,7912,1.5620686129664814,150,0.13167258040285454,0.0026334516080570914,2.5584895642690206,16.187385452827627,1.7785602753019278,3.5977175131328027,14,"{""0"": 0.0028751639631038437, ""1"": 0.004345728531304925, ""2"": 0.002910587983311366, ""3"": 0.00048423658439512385, ""4"": 0.0016881374883767977, ""5"": 0.0034968550978504926}"
control,400,p0.20,nan,1.0,0,0.2,79.80000000000001,79.8375,57,107,31935,7912,1.5620686129664814,160,0.1283428170860639,0.002566856341721278,3.0864163989132667,16.24432076253449,1.7770458212149374,3.6427228016852338,14,"{""0"": 0.0029401835185223026, ""1"": 0.004955808431780317, ""2"": 0.0026873559466611746, ""3"": 0.00042250340046807425, ""4"": 0.0017454085475650013, ""5"": 0.0026498782053307997}"
control,400,p0.20,nan,1.0,0,0.2,79.80000000000001,79.8375,57,107,31935,7912,1.5620686129664814,170,0.12632150259178612,0.002526430051835723,0.25096563375571923,16.274351148951943,1.7764658651527196,3.6552808034705717,14,"{""0"": 0.002846127279276964, ""1"": 0.005072560777787861, ""2"": 0.002533030279445404, ""3"": 0.0004935316189968665, ""4"": 0.001837362187781751, ""5"": 0.002375968167725488}"
control,400,p0.20,nan,1.0,0,0.2,79.80000000000001,79.8375,57,107,31935,7912,1.5620686129664814,180,0.12402750193942962,0.0024805500387885928,1.1388546555795827,16.31400239390863,1.7774839742693107,3.633295311701624,14,"{""0"": 0.002720020678566638, ""1"": 0.005042632533543626, ""2"": 0.0026310959592967626, ""3"": 0.0005559453868224501, ""4"": 0.001802928953065579, ""5"": 0.0021306767214365006}"
control,400,p0.20,nan,1.0,0,0.2,79.80000000000001,79.8375,57,107,31935,7912,1.5620686129664814,190,0.12230699379069374,0.002446139875813875,1.9724725762425313,16.345590974445997,1.7780839448765002,3.6382716860577164,14,"{""0"": 0.002761246188926457, ""1"": 0.005084027810277995, ""2"": 0.0025017796307351637, ""3"": 0.0005625957354347681, ""4"": 0.001780659215326549, ""5"": 0.001986530674182317}"
control,400,p0.20,nan,1.0,0,0.2,79.80000000000001,79.8375,57,107,31935,7912,1.5620686129664814,200,0.12131641924665183,0.002426328384933037,0.2674901628560795,16.362983612003703,1.7803921281774115,3.6713512336528487,14,"{""0"": 0.0026831647142014905, ""1"": 0.005179746513729558, ""2"": 0.002245266381677085, ""3"": 0.00048577179776931824, ""4"": 0.0019719402286471474, ""5"": 0.00199208067357362}"
control,400,p0.40,nan,1.0,0,0.4,159.60000000000002,159.575,124,185,63830,7912,1.55783758681693,0,1.03169224985674,0.020633844997134804,nan,0.0,1.55783758681693,8.199266356496635,19,"{""0"": 0.018499360771692785, ""1"": 0.018925407440092443, ""2"": 0.01704859613582225, ""3"": 0.02276661771752752, ""4"": 0.023881750012147103, ""5"": 0.022681337905526715}"
control,400,p0.40,nan,1.0,0,0.4,159.60000000000002,159.575,124,185,63830,7912,1.55783758681693,10,0.5867910982756556,0.011735821965513113,1.7482740131394834,13.356567470482428,1.7620339602438344,4.455782005843876,15,"{""0"": 0.004471989949355892, ""1"": 0.013689989291879026, ""2"": 0.0033294017899217028, ""3"": 0.005413131102798781, ""4"": 0.0032521958913857923, ""5"": 0.04025822376773748}"
control,400,p0.40,nan,1.0,0,0.4,159.60000000000002,159.575,124,185,63830,7912,1.55783758681693,20,0.3304017796742139,0.006608035593484279,1.6401769931271242,15.588663070533704,1.915047014325622,3.5471164488505726,13,"{""0"": 0.011269449507966708, ""1"": 0.006158750131657608, ""2"": 0.0024587378724022346, ""3"": 0.014415792544144443, ""4"": 0.0025264233086056396, ""5"": 0.002819060196129045}"
control,400,p0.40,nan,1.0,0,0.4,159.60000000000002,159.575,124,185,63830,7912,1.55783758681693,30,0.32608756798679434,0.006521751359735888,0.9025402129321034,15.965796931258762,1.9307657060784238,3.6861727761604204,14,"{""0"": 0.009005771339697297, ""1"": 0.0025569298898040424, ""2"": 0.004073493555481518, ""3"": 0.019247247930595318, ""4"": 0.0014368423565353228, ""5"": 0.002810223086301824}"
control,400,p0.40,nan,1.0,0,0.4,159.60000000000002,159.575,124,185,63830,7912,1.55783758681693,40,0.1982713009288766,0.003965426018577533,0.25723211389796596,16.139752452228933,1.920524074625064,3.6645560589135697,12,"{""0"": 0.0036161606020252007, ""1"": 0.002838205431903564, ""2"": 0.003473095976632282, ""3"": 0.010204084928745616, ""4"": 0.001274583620506904, ""5"": 0.002386425551651631}"
control,400,p0.40,nan,1.0,0,0.4,159.60000000000002,159.575,124,185,63830,7912,1.55783758681693,50,0.1716136981415005,0.00343227396283001,1.4241998459852254,16.18275489758225,1.9168577583157744,3.7109979408827476,12,"{""0"": 0.004165373515256859, ""1"": 0.0012091000434510766, ""2"": 0.00333582290906757, ""3"": 0.008819283757441846, ""4"": 0.0014194139671403765, ""5"": 0.0016446495846223316}"
control,400,p0.40,nan,1.0,0,0.4,159.60000000000002,159.575,124,185,63830,7912,1.55783758681693,60,0.14302850451621948,0.0028605700903243897,1.1809786380655534,16.50550450495186,1.896601005149512,3.8338411075706356,13,"{""0"": 0.005147788642612981, ""1"": 0.0012229721943822676, ""2"": 0.0018952277897547162, ""3"": 0.005788122220506798, ""4"": 0.0018163876661657329, ""5"": 0.0012929220285238427}"
control,400,p0.40,nan,1.0,0,0.4,159.60000000000002,159.575,124,185,63830,7912,1.55783758681693,70,0.1582228773438484,0.003164457546876968,0.6369709344965901,16.730132333492126,1.8949372535877536,3.899385188724932,14,"{""0"": 0.00818279493922328, ""1"": 0.0010850105435540832, ""2"": 0.0011786898806483107, ""3"": 0.005617969204928912, ""4"": 0.0017569088123029948, ""5"": 0.0011653719006042317}"
control,400,p0.40,nan,1.0,0,0.4,159.60000000000002,159.575,124,185,63830,7912,1.55783758681693,80,0.1884832616468472,0.0037696652329369446,0.4266276307917473,16.77787504164588,1.9064731198832536,3.9142336978639265,14,"{""0"": 0.010152112123797435, ""1"": 0.0008539271126817348, ""2"": 0.0016168255633020826, ""3"": 0.00675696109755083, ""4"": 0.0014683831666817146, ""5"": 0.0017697823336078726}"
control,400,p0.40,nan,1.0,0,0.4,159.60000000000002,159.575,124,185,63830,7912,1.55783758681693,90,0.1825266466270314,0.003650532932540629,0.31961101770948475,16.875022524348786,1.9188988281082124,3.8616978882964235,13,"{""0"": 0.008504410520863311, ""1"": 0.0007412211092249762, ""2"": 0.002220662016939921, ""3"": 0.007285753253365263, ""4"": 0.0013992357874597996, ""5"": 0.0017519149073905015}"
control,400,p0.40,nan,1.0,0,0.4,159.60000000000002,159.575,124,185,63830,7912,1.55783758681693,100,0.17118604033683335,0.0034237208067366674,1.1130456631143675,17.07117153122072,1.9144326270123369,3.883439705137603,14,"{""0"": 0.00876613186287685, ""1"": 0.0007001976134453511, ""2"": 0.001852819153299034, ""3"": 0.005827270957193084, ""4"": 0.001471112559168019, ""5"": 0.0019247926944376652}"
control,400,p0.40,nan,1.0,0,0.4,159.60000000000002,159.575,124,185,63830,7912,1.55783758681693,110,0.1660109041794621,0.0033202180835892425,3.016155136641009,17.13647779765673,1.9059829443373224,3.8570124114421698,13,"{""0"": 0.008472522607856872, ""1"": 0.0006734247542589061, ""2"": 0.0016502037966978685, ""3"": 0.005832394759912124, ""4"": 0.001727736697817174, ""5"": 0.0015650258849925092}"
control,400,p0.40,nan,1.0,0,0.4,159.60000000000002,159.575,124,185,63830,7912,1.55783758681693,120,0.16871242130967615,0.0033742484261935234,1.1271500228290126,17.191564720871593,1.9060577379122532,3.8642970667321412,13,"{""0"": 0.008309031289188428, ""1"": 0.000649670226535403, ""2"": 0.002067636152050051, ""3"": 0.0056249178057570775, ""4"": 0.0017931833213979248, ""5"": 0.0018010517622322583}"
control,400,p0.40,nan,1.0,0,0.4,159.60000000000002,159.575,124,185,63830,7912,1.55783758681693,130,0.16029907106284275,0.0032059814212568555,0.3156190933782957,17.250170225288734,1.9002257902889272,3.870118941198842,13,"{""0"": 0.00805077422962579, ""1"": 0.0006435937201398198, ""2"": 0.0016867280476897055, ""3"": 0.005433302685144062, ""4"": 0.0016805284957483002, ""5"": 0.0017409613491934592}"
control,400,p0.40,nan,1.0,0,0.4,159.60000000000002,159.575,124,185,63830,7912,1.55783758681693,140,0.1532120181509228,0.0030642403630184566,0.22963016697776434,17.355529258529106,1.8905700497104299,3.8742837592854844,13,"{""0"": 0.008039646332648474, ""1"": 0.0007069061191991094, ""2"": 0.0015960598892086919, ""3"": 0.00456737446492002, ""4"": 0.0015608831371449609, ""5"": 0.0019145722349894838}"
control,400,p0.40,nan,1.0,0,0.4,159.60000000000002,159.575,124,185,63830,7912,1.55783758681693,150,0.16013087740243534,0.0032026175480487076,0.5797437579391832,17.409018179576957,1.8952439260381149,3.890047953008272,14,"{""0"": 0.008445086450256156, ""1"": 0.0006134684630188086, ""2"": 0.0018036462101530659, ""3"": 0.004363394231395557, ""4"": 0.0015467466740669707, ""5"": 0.002443363259401686}"
control,400,p0.40,nan,1.0,0,0.4,159.60000000000002,159.575,124,185,63830,7912,1.55783758681693,160,0.15266820293643146,0.00305336405872863,5.198326283084919,17.454067110200278,1.8906929352485942,3.867328823579464,13,"{""0"": 0.007909839141848587, ""1"": 0.00064366535114325, ""2"": 0.0016901696979961145, ""3"": 0.004524448346306942, ""4"": 0.001541753264799974, ""5"": 0.0020103085502769097}"
control,400,p0.40,nan,1.0,0,0.4,159.60000000000002,159.575,124,185,63830,7912,1.55783758681693,170,0.14841049469445153,0.002968209893889031,1.3617108449939475,17.532651088069912,1.8827721973194778,3.851686713781166,13,"{""0"": 0.007841009901464517, ""1"": 0.0007012838028567048, ""2"": 0.0015344963276217398, ""3"": 0.0047598796667610785, ""4"": 0.0014646903217343332, ""5"": 0.0015078993428958144}"
control,400,p0.40,nan,1.0,0,0.4,159.60000000000002,159.575,124,185,63830,7912,1.55783758681693,180,0.14224236183594496,0.0028448472367189,1.546199044056178,17.611769637951184,1.8706436103340973,3.8668390733116347,14,"{""0"": 0.006786749795075061, ""1"": 0.0006807228539096612, ""2"": 0.00187762740235853, ""3"": 0.004947431759887851, ""4"": 0.0014396045483824386, ""5"": 0.0013369470606998583}"
control,400,p0.40,nan,1.0,0,0.4,159.60000000000002,159.575,124,185,63830,7912,1.55783758681693,190,0.14137170224065643,0.0028274340448131287,1.4522327546220168,17.687271221245798,1.8689301393969044,3.846266388443545,14,"{""0"": 0.006585644148766469, ""1"": 0.000723612615927549, ""2"": 0.0019158016143518163, ""3"": 0.004858489619772676, ""4"": 0.0014569991753214718, ""5"": 0.0014240570947387909}"
control,400,p0.40,nan,1.0,0,0.4,159.60000000000002,159.575,124,185,63830,7912,1.55783758681693,200,0.145920338507602,0.00291840677015204,3.386266675961918,17.745029231539846,1.8697462024252314,3.8645079246367455,14,"{""0"": 0.006799654545089751, ""1"": 0.0006861967658772607, ""2"": 0.0020605961260550436, ""3"": 0.004925920190784379, ""4"": 0.001414426717214623, ""5"": 0.001623646275891186}"
control,400,p0.05,nan,1.0,1,0.05,19.950000000000003,19.84,8,31,7936,7936,1.526565912800794,0,0.9609941854548718,0.01921988370909744,nan,0.0,1.526565912800794,11.501333097093964,22,"{""0"": 0.02160634348509875, ""1"": 0.01786537789215579, ""2"": 0.020016654834503305, ""3"": 0.019755822863182476, ""4"": 0.017155633984400544, ""5"": 0.01891946919524377}"
control,400,p0.05,nan,1.0,1,0.05,19.950000000000003,19.84,8,31,7936,7936,1.526565912800794,10,0.3994565001898276,0.007989130003796552,0.14698865567056674,10.74567519905145,1.7057808542755701,3.809719908233926,13,"{""0"": 0.001668425454264012, ""1"": 0.000837160205382934, ""2"": 0.006563441477205026, ""3"": 0.009847639730570271, ""4"": 0.023426084559940344, ""5"": 0.005592028595416726}"
control,400,p0.05,nan,1.0,1,0.05,19.950000000000003,19.84,8,31,7936,7936,1.526565912800794,20,0.38807421327466046,0.007761484265493211,0.9304195717231137,12.415356159547102,1.807026268023988,3.436758054662058,12,"{""0"": 0.004309874135101413, ""1"": 0.004739039588418238, ""2"": 0.0012184146015799013, ""3"": 0.011883646384478419, ""4"": 0.022674257303371338, ""5"": 0.0017436735800099683}"
control,400,p0.05,nan,1.0,1,0.05,19.950000000000003,19.84,8,31,7936,7936,1.526565912800794,30,0.24835102817982052,0.004967020563596411,0.2129304576930267,13.043157863801614,1.7936079486316605,3.4610585835950007,11,"{""0"": 0.005051347239667165, ""1"": 0.005341745388070161, ""2"": 0.0023242148352446575, ""3"": 0.004259871502657149, ""4"": 0.011165780829890228, ""5"": 0.0016591635860491033}"
control,400,p0.05,nan,1.0,1,0.05,19.950000000000003,19.84,8,31,7936,7936,1.526565912800794,40,0.1682143813321337,0.0033642876266426745,0.572851209024891,13.273871304044517,1.7913054750652089,3.4609217168237865,12,"{""0"": 0.0022246042019259007, ""1"": 0.00436184310051012, ""2"": 0.0028429809830317152, ""3"": 0.0007473715410168179, ""4"": 0.008057047383610731, ""5"": 0.0019518785497607653}"
control,400,p0.05,nan,1.0,1,0.05,19.950000000000003,19.84,8,31,7936,7936,1.526565912800794,50,0.15244486587381414,0.003048897317476283,1.4832707036222235,13.575387775374319,1.8138607157863573,3.425549292516646,11,"{""0"": 0.003553120223884109, ""1"": 0.004589089016449324, ""2"": 0.0014009403574764539, ""3"": 0.000773282897368731, ""4"": 0.006678758104004566, ""5"": 0.0012981933056745143}"
control,400,p0.05,nan,1.0,1,0.05,19.950000000000003,19.84,8,31,7936,7936,1.526565912800794,60,0.1394629718400929,0.0027892594368018587,4.281517067784802,13.971588347444646,1.8002614254066784,3.343738514319971,11,"{""0"": 0.005595215047870018, ""1"": 0.0026146599879483525, ""2"": 0.0010637558668993444, ""3"": 0.0009427355422387124, ""4"": 0.0053875606132082, ""5"": 0.0011316295626465256}"
control,400,p0.05,nan,1.0,1,0.05,19.950000000000003,19.84,8,31,7936,7936,1.526565912800794,70,0.12679508524832953,0.0025359017049665913,0.14492336713406964,14.12623518237319,1.7905379809224706,3.3781485283964314,11,"{""0"": 0.0046378289192395535, ""1"": 0.0023665087691939995, ""2"": 0.001302286453185733, ""3"": 0.0007017213184240488, ""4"": 0.004857856492863492, ""5"": 0.0013492082768927205}"
control,400,p0.05,nan,1.0,1,0.05,19.950000000000003,19.84,8,31,7936,7936,1.526565912800794,80,0.12105584206330243,0.002421116841266049,0.3292005551983726,14.256182303585584,1.7836739629262353,3.345449151070165,11,"{""0"": 0.004746133122140331, ""1"": 0.001811294630632156, ""2"": 0.0014809673198461402, ""3"": 0.0006321899087994607, ""4"": 0.004189613959275853, ""5"": 0.001666502106902354}"
control,400,p0.05,nan,1.0,1,0.05,19.950000000000003,19.84,8,31,7936,7936,1.526565912800794,90,0.11866966032309538,0.002373393206461908,0.6000725807995445,14.386669498866748,1.7870476696018558,3.3574071977944357,11,"{""0"": 0.004162460978549917, ""1"": 0.002050577138018766, ""2"": 0.0011744790754484938, ""3"": 0.0006306116330060986, ""4"": 0.004925000196998357, ""5"": 0.0012972302167498155}"
control,400,p0.05,nan,1.0,1,0.05,19.950000000000003,19.84,8,31,7936,7936,1.526565912800794,100,0.11611877869012563,0.002322375573802513,2.0121043233712927,14.554500022701829,1.7875444613577933,3.3549577703325255,11,"{""0"": 0.0042173636172969185, ""1"": 0.00226961876278023, ""2"": 0.0011974266236746854, ""3"": 0.0007293014170955938, ""4"": 0.004303244486220098, ""5"": 0.001217298535747551}"
control,400,p0.05,nan,1.0,1,0.05,19.950000000000003,19.84,8,31,7936,7936,1.526565912800794,110,0.10684430530137089,0.002136886106027418,0.03830597274077644,14.587397146235297,1.7587100085368652,3.355899251244429,11,"{""0"": 0.003744809382771263, ""1"": 0.0021450103628220417, ""2"": 0.0010693642342097871, ""3"": 0.0007785426612510473, ""4"": 0.0037930266399556025, ""5"": 0.0012905633551547658}"
control,400,p0.05,nan,1.0,1,0.05,19.950000000000003,19.84,8,31,7936,7936,1.526565912800794,120,0.10469007953966569,0.002093801590793314,0.05954312323382303,14.690931623031597,1.749658849497553,3.3953869358410587,11,"{""0"": 0.0037356871466479244, ""1"": 0.002326759383390095, ""2"": 0.0009733740012088989, ""3"": 0.0007466775917050545, ""4"": 0.003524244363871185, ""5"": 0.0012560670579367258}"
control,400,p0.05,nan,1.0,1,0.05,19.950000000000003,19.84,8,31,7936,7936,1.526565912800794,130,0.10166578564326856,0.0020333157128653713,0.2547349364493337,14.730067355895937,1.7485634132991685,3.4183005290017237,11,"{""0"": 0.003161368447289443, ""1"": 0.0026022818352084754, ""2"": 0.0008900831615432184, ""3"": 0.0007509625363481546, ""4"": 0.003591861418592129, ""5"": 0.0012033368782108094}"
control,400,p0.05,nan,1.0,1,0.05,19.950000000000003,19.84,8,31,7936,7936,1.526565912800794,140,0.10471271140668399,0.00209425422813368,3.3855201035167424,14.798860295301244,1.7516221317962777,3.4118332488176044,11,"{""0"": 0.0034624649792596206, ""1"": 0.002588688029150667, ""2"": 0.0008024089504935515, ""3"": 0.000758494223872675, ""4"": 0.003862635281456559, ""5"": 0.0010908339045690063}"
control,400,p0.05,nan,1.0,1,0.05,19.950000000000003,19.84,8,31,7936,7936,1.526565912800794,150,0.10309214776243149,0.0020618429552486297,2.826867386212789,14.853887869930903,1.7658576494679654,3.387926610189821,11,"{""0"": 0.003513354238418775, ""1"": 0.002446998861294879, ""2"": 0.0008851132923705688, ""3"": 0.0008476720668869767, ""4"": 0.0034415687378755834, ""5"": 0.001236350534644998}"
control,400,p0.05,nan,1.0,1,0.05,19.950000000000003,19.84,8,31,7936,7936,1.526565912800794,160,0.1025412389904672,0.0020508247798093444,0.6178390444697218,14.916347556537515,1.7745570563875255,3.369483425417822,11,"{""0"": 0.003626695788517009, ""1"": 0.002448027950116002, ""2"": 0.0008378690147225433, ""3"": 0.0009150695179476797, ""4"": 0.003262306914941443, ""5"": 0.0012149794926113887}"
control,400,p0.05,nan,1.0,1,0.05,19.950000000000003,19.84,8,31,7936,7936,1.526565912800794,170,0.10233464113801173,0.0020466928227602346,1.0921457702658532,15.00736256230689,1.7717809343409137,3.349151579902704,11,"{""0"": 0.0037792506332352182, ""1"": 0.0022864010016029395, ""2"": 0.0008257162224318965, ""3"": 0.001006257377682796, ""4"": 0.0031240298051988516, ""5"": 0.001258501896409705}"
control,400,p0.05,nan,1.0,1,0.05,19.950000000000003,19.84,8,31,7936,7936,1.526565912800794,180,0.10299873586666376,0.0020599747173332753,0.9862960298670512,15.073446579234844,1.7786812650181711,3.361282988708295,11,"{""0"": 0.003720616741598845, ""1"": 0.0024746264324279977, ""2"": 0.0006887271419864421, ""3"": 0.000975343179808944, ""4"": 0.0034230573131170247, ""5"": 0.0010774774950604012}"
control,400,p0.05,nan,1.0,1,0.05,19.950000000000003,19.84,8,31,7936,7936,1.526565912800794,190,0.10117822866995532,0.0020235645733991067,0.36996109666649385,15.078844176927763,1.782254986793497,3.3969609940264314,11,"{""0"": 0.0033404751951027975, ""1"": 0.002644620848248967, ""2"": 0.0005943890514511259, ""3"": 0.000981811924915403, ""4"": 0.003641546219978884, ""5"": 0.0009385442006974644}"
control,400,p0.05,nan,1.0,1,0.05,19.950000000000003,19.84,8,31,7936,7936,1.526565912800794,200,0.0994523303117277,0.0019890466062345543,1.1913808347442614,15.106771483098825,1.7835153948372773,3.4025851939264475,11,"{""0"": 0.0033044014053021874, ""1"": 0.002539273791281534, ""2"": 0.0006402466736632531, ""3"": 0.0009958371680001573, ""4"": 0.0034488435782029036, ""5"": 0.00100567702095729}"
control,400,p0.10,nan,1.0,1,0.1,39.900000000000006,39.5725,21,63,15829,7936,1.5407064843170706,0,1.069107003337322,0.021382140066746446,nan,0.0,1.5407064843170706,6.794808832944692,20,"{""0"": 0.021333470888263668, ""1"": 0.017248702943790956, ""2"": 0.023492844675258622, ""3"": 0.022124902801223444, ""4"": 0.019825192159241396, ""5"": 0.024267726932700566}"
control,400,p0.10,nan,1.0,1,0.1,39.900000000000006,39.5725,21,63,15829,7936,1.5407064843170706,10,0.6169184497510118,0.012338368995020237,1.2268408126982508,12.077642529608871,1.7959834695890446,4.15130766523065,15,"{""0"": 0.0008862635221042593, ""1"": 0.002974154810608652, ""2"": 0.010610747419732355, ""3"": 0.025650034007886135, ""4"": 0.021637836448923788, ""5"": 0.012271177760866243}"
control,400,p0.10,nan,1.0,1,0.1,39.900000000000006,39.5725,21,63,15829,7936,1.5407064843170706,20,0.345031385176064,0.0069006277035212815,0.39304322757789034,13.715571333931337,1.858456453685911,3.2951425854439003,13,"{""0"": 0.0018696077144190332, ""1"": 0.007081959678890559, ""2"": 0.002644641749446006, ""3"": 0.02244332359907321, ""4"": 0.00411851880460652, ""5"": 0.003245714674692366}"
control,400,p0.10,nan,1.0,1,0.1,39.900000000000006,39.5725,21,63,15829,7936,1.5407064843170706,30,0.19332505417156856,0.0038665010834313717,3.064519894002824,14.401926379396874,1.8476637519828858,3.3950034546578256,12,"{""0"": 0.0014193482410487363, ""1"": 0.007224409009110281, ""2"": 0.0027054953512309805, ""3"": 0.005249775143678471, ""4"": 0.003453472196307003, ""5"": 0.003146506559212754}"
control,400,p0.10,nan,1.0,1,0.1,39.900000000000006,39.5725,21,63,15829,7936,1.5407064843170706,40,0.17603693217798894,0.003520738643559779,2.3670802817748724,15.205342302034579,1.8309873404624737,3.509410519328895,12,"{""0"": 0.0013907089262527022, ""1"": 0.00718807335999771, ""2"": 0.00290577547971163, ""3"": 0.001644751186619856, ""4"": 0.0034230221740525384, ""5"": 0.004572100734724236}"
control,400,p0.10,nan,1.0,1,0.1,39.900000000000006,39.5725,21,63,15829,7936,1.5407064843170706,50,0.14552923588928157,0.002910584717785632,1.7963313530329545,15.509454263212529,1.820475491045366,3.6480893224669346,12,"{""0"": 0.002760476552901347, ""1"": 0.007088078981712978, ""2"": 0.0019398649860824673, ""3"": 0.0014430115752348733, ""4"": 0.0014435346088533636, ""5"": 0.0027885416019287623}"
control,400,p0.10,nan,1.0,1,0.1,39.900000000000006,39.5725,21,63,15829,7936,1.5407064843170706,60,0.12842705332927565,0.0025685410665855133,1.452883359401311,15.643708807545703,1.8340214690923544,3.608780745190685,12,"{""0"": 0.002818129075723848, ""1"": 0.006050735514637609, ""2"": 0.001470395257351096, ""3"": 0.001583392273364275, ""4"": 0.001220192249482036, ""5"": 0.0022684020289542163}"
control,400,p0.10,nan,1.0,1,0.1,39.900000000000006,39.5725,21,63,15829,7936,1.5407064843170706,70,0.12443302470075164,0.002488660494015033,1.2903730293476765,15.540409532751966,1.8469418118433887,3.6318559791117484,12,"{""0"": 0.0024985144948280443, ""1"": 0.005450137082629564, ""2"": 0.001919882320913478, ""3"": 0.0012869992580849237, ""4"": 0.0009838893698829883, ""5"": 0.0027925404377512025}"
control,400,p0.10,nan,1.0,1,0.1,39.900000000000006,39.5725,21,63,15829,7936,1.5407064843170706,80,0.1228503428941327,0.0024570068578826545,1.3022244617075187,15.620838839481362,1.8615551830832293,3.6123722480974783,12,"{""0"": 0.002244015017271698, ""1"": 0.004584504919816612, ""2"": 0.0018828343455065764, ""3"": 0.0012466221385999305, ""4"": 0.0010306181927158958, ""5"": 0.003753446533385214}"
control,400,p0.10,nan,1.0,1,0.1,39.900000000000006,39.5725,21,63,15829,7936,1.5407064843170706,90,0.1222888802975038,0.0024457776059500762,0.2913487935992249,15.740937601730991,1.873568102493663,3.5867269125288788,12,"{""0"": 0.0024327333244411557, ""1"": 0.0049463644658599756, ""2"": 0.0014582532799859022, ""3"": 0.0015928969974580945, ""4"": 0.0009403631322643915, ""5"": 0.003304054435690938}"
control,400,p0.10,nan,1.0,1,0.1,39.900000000000006,39.5725,21,63,15829,7936,1.5407064843170706,100,0.12046301285424504,0.0024092602570849014,2.00218653507995,15.820224432718925,1.8798359942794058,3.613718230544332,12,"{""0"": 0.0026971013676918626, ""1"": 0.0044993939413265505, ""2"": 0.0015319710645776508, ""3"": 0.00160821134587521, ""4"": 0.0007663594572917814, ""5"": 0.0033525243657463524}"
control,400,p0.10,nan,1.0,1,0.1,39.900000000000006,39.5725,21,63,15829,7936,1.5407064843170706,110,0.10932690539145018,0.002186538107829004,0.24862244524092855,15.885277081034316,1.8800351729952132,3.584722750280148,12,"{""0"": 0.002669952308155669, ""1"": 0.003447814774298545, ""2"": 0.0012120655329035776, ""3"": 0.0016534474197651763, ""4"": 0.000794121938079902, ""5"": 0.0033418266737711548}"
control,400,p0.10,nan,1.0,1,0.1,39.900000000000006,39.5725,21,63,15829,7936,1.5407064843170706,120,0.10488261922946886,0.0020976523845893775,1.2839424531293275,15.96934629446238,1.8892581926047853,3.5701642156672477,12,"{""0"": 0.002331855047667065, ""1"": 0.003585611112963427, ""2"": 0.0011310430363495627, ""3"": 0.0014731161351394166, ""4"": 0.0007857741143814982, ""5"": 0.003278514861035295}"
control,400,p0.10,nan,1.0,1,0.1,39.900000000000006,39.5725,21,63,15829,7936,1.5407064843170706,130,0.1077531530905978,0.002155063061811956,0.6537319602421687,16.00827267513209,1.8896690378930605,3.5633153858068884,12,"{""0"": 0.002482807090619504, ""1"": 0.003519333164321041, ""2"": 0.0011470331130938815, ""3"": 0.0016310339252356173, ""4"": 0.0007679096288910437, ""5"": 0.003382261448710648}"
control,400,p0.10,nan,1.0,1,0.1,39.900000000000006,39.5725,21,63,15829,7936,1.5407064843170706,140,0.10556941472802688,0.002111388294560538,2.07369862636148,16.049244220380633,1.8949520285514236,3.5492435239420126,12,"{""0"": 0.0025133881957766077, ""1"": 0.003547127171869236, ""2"": 0.0009401528136861931, ""3"": 0.001638196461317229, ""4"": 0.0007783587734506089, ""5"": 0.0032511063512633527}"
control,400,p0.10,nan,1.0,1,0.1,39.900000000000006,39.5725,21,63,15829,7936,1.5407064843170706,150,0.09971271718282056,0.0019942543436564115,3.8998273309574847,16.07693727295945,1.897482228239903,3.534396123166753,12,"{""0"": 0.002391913060104618, ""1"": 0.0033732348193926585, ""2"": 0.0008647781795884386, ""3"": 0.0016370675500317789, ""4"": 0.0007719239658195078, ""5"": 0.0029266084870014667}"
control,400,p0.10,nan,1.0,1,0.1,39.900000000000006,39.5725,21,63,15829,7936,1.5407064843170706,160,0.09778490217102476,0.0019556980434204956,0.22908377612957112,16.100379312513272,1.8963442549641218,3.536582011934838,12,"{""0"": 0.0023734465634429056, ""1"": 0.0031603498782834, ""2"": 0.0008156044277402243, ""3"": 0.0016484012275981004, ""4"": 0.0007352623999477583, ""5"": 0.0030011237635105834}"
control,400,p0.10,nan,1.0,1,0.1,39.900000000000006,39.5725,21,63,15829,7936,1.5407064843170706,170,0.09438697302880067,0.0018877394605760136,3.0156162808593088,16.18624444150388,1.8885535301881993,3.5507100496655797,12,"{""0"": 0.0024688180575979817, ""1"": 0.0025929486435930854, ""2"": 0.0008433453915748831, ""3"": 0.0015121565879469144, ""4"": 0.0007615540069787566, ""5"": 0.0031476140757644593}"
control,400,p0.10,nan,1.0,1,0.1,39.900000000000006,39.5725,21,63,15829,7936,1.5407064843170706,180,0.09350616170711339,0.001870123234142268,2.14136554513998,16.21765117258434,1.8901764213812433,3.5463248067716107,12,"{""0"": 0.0024915015954757964, ""1"": 0.002562650238422876, ""2"": 0.0007916133645888299, ""3"": 0.0014969399529639379, ""4"": 0.0007505060941375817, ""5"": 0.0031275281592645864}"
control,400,p0.10,nan,1.0,1,0.1,39.900000000000006,39.5725,21,63,15829,7936,1.5407064843170706,190,0.09177723550793249,0.00183554471015865,0.39729906145315214,16.247393884741395,1.8914095154895207,3.537597667561307,12,"{""0"": 0.002505556070659808, ""1"": 0.0024846964120585012, ""2"": 0.0007922628767742154, ""3"": 0.0014750750605238773, ""4"": 0.0007736365792015853, ""5"": 0.002982041261733913}"
control,400,p0.10,nan,1.0,1,0.1,39.900000000000006,39.5725,21,63,15829,7936,1.5407064843170706,200,0.09117185987882132,0.0018234371975764266,2.9917127386768336,16.288724899070417,1.8911482210585402,3.5420053380074754,12,"{""0"": 0.00258460732349642, ""1"": 0.002341693205645196, ""2"": 0.0008192863095951972, ""3"": 0.001528059671660659, ""4"": 0.0007709696069198827, ""5"": 0.002896007068141205}"
control,400,p0.20,nan,1.0,1,0.2,79.80000000000001,79.5325,56,103,31813,7936,1.5609403859874178,0,1.028484099530714,0.020569681990614284,nan,0.0,1.5609403859874178,9.111129966098499,21,"{""0"": 0.01952632249586113, ""1"": 0.018640808060914883, ""2"": 0.020628325437182567, ""3"": 0.0216620567689172, ""4"": 0.020395761712449164, ""5"": 0.02256481746836077}"
control,400,p0.20,nan,1.0,1,0.2,79.80000000000001,79.5325,56,103,31813,7936,1.5609403859874178,10,0.5891846277756183,0.011783692555512369,0.4745365566529923,12.375548565269145,1.8059281547252124,4.4231931037051675,16,"{""0"": 0.0012484141606640398, ""1"": 0.0008969985143515195, ""2"": 0.010866429324530389, ""3"": 0.0034735836801209697, ""4"": 0.04138371705209968, ""5"": 0.012833012601307628}"
control,400,p0.20,nan,1.0,1,0.2,79.80000000000001,79.5325,56,103,31813,7936,1.5609403859874178,20,0.3751085262969889,0.007502170525939778,0.5553526491512063,13.881970671270054,1.8326501856007633,3.6416242051546353,15,"{""0"": 0.0029580581107245076, ""1"": 0.0011447915030816658, ""2"": 0.002798025792496502, ""3"": 0.00864124634466039, ""4"": 0.0245793827109326, ""5"": 0.004891518693743005}"
control,400,p0.20,nan,1.0,1,0.2,79.80000000000001,79.5325,56,103,31813,7936,1.5609403859874178,30,0.3942843278809035,0.007885686557618071,1.9600124875823155,14.67060968940732,1.7605313709475914,4.011836399300938,15,"{""0"": 0.003378788964284811, ""1"": 0.0006901610285156629, ""2"": 0.0034165231701290557, ""3"": 0.010581552541834854, ""4"": 0.02503236538600211, ""5"": 0.004214728254941947}"
control,400,p0.20,nan,1.0,1,0.2,79.80000000000001,79.5325,56,103,31813,7936,1.5609403859874178,40,0.3337352551081738,0.006674705102163477,2.609938177854446,15.12021856891248,1.7195276297985531,3.834815820528115,15,"{""0"": 0.0007820369860003357, ""1"": 0.0004746186977244925, ""2"": 0.004203876652168219, ""3"": 0.005142973152134696, ""4"": 0.024617458435054425, ""5"": 0.004827266689898703}"
control,400,p0.20,nan,1.0,1,0.2,79.80000000000001,79.5325,56,103,31813,7936,1.5609403859874178,50,0.30111880289127896,0.00602237605782558,0.6872977844080498,15.379593515174443,1.7247668067936415,4.273325580724789,16,"{""0"": 0.002673700347217176, ""1"": 0.0004512379746832663, ""2"": 0.003075201656531438, ""3"": 0.006131684675821097, ""4"": 0.019056164371554052, ""5"": 0.004746267321146453}"
control,400,p0.20,nan,1.0,1,0.2,79.80000000000001,79.5325,56,103,31813,7936,1.5609403859874178,60,0.266683650207792,0.00533367300415584,0.7434735560377941,15.526572915873173,1.735875479934072,4.179850894680066,15,"{""0"": 0.003377480126936986, ""1"": 0.00046539992738678257, ""2"": 0.0028407265948828626, ""3"": 0.006063155014724508, ""4"": 0.01568847498813581, ""5"": 0.0035668013728680907}"
control,400,p0.20,nan,1.0,1,0.2,79.80000000000001,79.5325,56,103,31813,7936,1.5609403859874178,70,0.24771670312168334,0.004954334062433668,0.35282525673914145,15.654233860614292,1.751557616195845,4.192320270099731,15,"{""0"": 0.003605124881486091, ""1"": 0.0004477624594850519, ""2"": 0.003089016887835013, ""3"": 0.00476008270722412, ""4"": 0.014522804259680042, ""5"": 0.0033012131788916848}"
control,400,p0.20,nan,1.0,1,0.2,79.80000000000001,79.5325,56,103,31813,7936,1.5609403859874178,80,0.22172179258512353,0.004434435851702471,2.6548795092905983,15.70547945539047,1.7498817168451386,4.148066474756391,15,"{""0"": 0.0023970908915264193, ""1"": 0.0004685503560173025, ""2"": 0.0023768423569972817, ""3"": 0.003803573476288225, ""4"": 0.014306933728575551, ""5"": 0.0032536243008100423}"
control,400,p0.20,nan,1.0,1,0.2,79.80000000000001,79.5325,56,103,31813,7936,1.5609403859874178,90,0.20246332990633584,0.004049266598126718,0.27621321712079877,15.772684684248496,1.7513012330192135,4.02910744484352,15,"{""0"": 0.0014752875911863846, ""1"": 0.00048026127123277165, ""2"": 0.0017698104543745694, ""3"": 0.0038009081727333493, ""4"": 0.014093425140851485, ""5"": 0.002675906958381747}"
control,400,p0.20,nan,1.0,1,0.2,79.80000000000001,79.5325,56,103,31813,7936,1.5609403859874178,100,0.1891401265586752,0.0037828025311735045,2.530198090556555,15.856927828127516,1.7540569904853305,3.9959863285639585,15,"{""0"": 0.0012622633171693518, ""1"": 0.0005136628758141759, ""2"": 0.0018190554973472575, ""3"": 0.0035181511266876167, ""4"": 0.01373536488923211, ""5"": 0.0018483174807905154}"
control,400,p0.20,nan,1.0,1,0.2,79.80000000000001,79.5325,56,103,31813,7936,1.5609403859874178,110,0.17683237785217593,0.003536647557043519,0.1044468037223455,15.922852857781603,1.7484306215968535,3.954992365002782,15,"{""0"": 0.0009989093434392567, ""1"": 0.00048331706359282055, ""2"": 0.0014803163933238656, ""3"": 0.002724361534522797, ""4"": 0.013529004740266293, ""5"": 0.00200397626711608}"
control,400,p0.20,nan,1.0,1,0.2,79.80000000000001,79.5325,56,103,31813,7936,1.5609403859874178,120,0.16029917369662383,0.0032059834739324774,2.212891299578274,15.990880455926904,1.7418374709172602,3.8472149375293023,14,"{""0"": 0.0010534478604273352, ""1"": 0.0005225765179548872, ""2"": 0.001400492895880358, ""3"": 0.0018144662233409298, ""4"": 0.01261784862421968, ""5"": 0.0018270687217716748}"
control,400,p0.20,nan,1.0,1,0.2,79.80000000000001,79.5325,56,103,31813,7936,1.5609403859874178,130,0.15910254555024883,0.003182050911004977,0.5719750653707798,16.028456532532548,1.741503189782925,3.844088331613306,14,"{""0"": 0.0010511549855606003, ""1"": 0.00048669131319034885, ""2"": 0.0013283628821724816, ""3"": 0.0017606223920118645, ""4"": 0.012693385413448296, ""5"": 0.0017720884796462717}"
control,400,p0.20,nan,1.0,1,0.2,79.80000000000001,79.5325,56,103,31813,7936,1.5609403859874178,140,0.1559614910530147,0.0031192298210602947,0.08675251321637369,16.07303178040375,1.7418214429205585,3.7398639928203967,14,"{""0"": 0.0010364609330621938, ""1"": 0.000493542894710258, ""2"": 0.0012623026127990462, ""3"": 0.001744167477150531, ""4"": 0.012790900800190144, ""5"": 0.0013880042084495948}"
control,400,p0.20,nan,1.0,1,0.2,79.80000000000001,79.5325,56,103,31813,7936,1.5609403859874178,150,0.14383492394562492,0.0028766984789124986,0.9943512977903947,16.14433218682013,1.74433680625565,3.745693288224628,14,"{""0"": 0.0010320297973299868, ""1"": 0.0004815503983696733, ""2"": 0.0012292745827843978, ""3"": 0.0016174436042573834, ""4"": 0.011670678193727798, ""5"": 0.0012292142970057522}"
control,400,p0.20,nan,1.0,1,0.2,79.80000000000001,79.5325,56,103,31813,7936,1.5609403859874178,160,0.14878067196688288,0.0029756134393376576,0.25338906832946456,16.165608935724556,1.7419668396103059,3.741178786283758,14,"{""0"": 0.0010987536131044878, ""1"": 0.00048747249983141364, ""2"": 0.0011574687279395097, ""3"": 0.0016835922744116243, ""4"": 0.011882706195186764, ""5"": 0.0015436873255521475}"
control,400,p0.20,nan,1.0,1,0.2,79.80000000000001,79.5325,56,103,31813,7936,1.5609403859874178,170,0.14903990238339582,0.0029807980476679167,0.7438230187376976,16.224393951156003,1.7464569385323903,3.773586476446659,14,"{""0"": 0.0009423321572465032, ""1"": 0.00048467119098004536, ""2"": 0.0011653487862036973, ""3"": 0.0014556855466597732, ""4"": 0.012096166636324625, ""5"": 0.001740583968592857}"
control,400,p0.20,nan,1.0,1,0.2,79.80000000000001,79.5325,56,103,31813,7936,1.5609403859874178,180,0.14602769709702584,0.002920553941940517,3.2066063983610547,16.263248551223793,1.7449054893248575,3.730923574449959,14,"{""0"": 0.000989534350784678, ""1"": 0.00048303225886240535, ""2"": 0.0010651265100635682, ""3"": 0.0015854091924580906, ""4"": 0.011912356464889662, ""5"": 0.0014878648745847015}"
control,400,p0.20,nan,1.0,1,0.2,79.80000000000001,79.5325,56,103,31813,7936,1.5609403859874178,190,0.14446007330123245,0.0028892014660246495,1.4874807921118414,16.31999858799043,1.747295042423944,3.7274456187747504,14,"{""0"": 0.0009572584069362986, ""1"": 0.0004891352140813612, ""2"": 0.0010385611034322531, ""3"": 0.0015141543133280482, ""4"": 0.011936344837995803, ""5"": 0.0013997549203741322}"
control,400,p0.20,nan,1.0,1,0.2,79.80000000000001,79.5325,56,103,31813,7936,1.5609403859874178,200,0.140451040115958,0.0028090208023191605,2.085467906578392,16.33251478678155,1.7444298089583024,3.718048061010902,14,"{""0"": 0.0009006482696047571, ""1"": 0.0005144126737676528, ""2"": 0.0010430124095615859, ""3"": 0.0015403255333005018, ""4"": 0.011557260600703237, ""5"": 0.0012984653269772284}"
control,400,p0.40,nan,1.0,1,0.4,159.60000000000002,159.8425,130,187,63937,7936,1.5480895887724802,0,0.9999490280072566,0.019998980560145135,nan,0.0,1.5480895887724802,8.808081802341722,23,"{""0"": 0.0174886337005892, ""1"": 0.017214309743293753, ""2"": 0.021216218713936252, ""3"": 0.020617907124821346, ""4"": 0.01866258829413289, ""5"": 0.024794225784097373}"
control,400,p0.40,nan,1.0,1,0.4,159.60000000000002,159.8425,130,187,63937,7936,1.5480895887724802,10,0.5124989841935784,0.01024997968387157,1.0070515046145811,11.19979669309959,1.7978416396273031,4.641044087315076,17,"{""0"": 0.0033291939128018673, ""1"": 0.0015078972760980444, ""2"": 0.010084481973838511, ""3"": 0.012902071977896917, ""4"": 0.027746510297489358, ""5"": 0.005929722665104721}"
control,400,p0.40,nan,1.0,1,0.4,159.60000000000002,159.8425,130,187,63937,7936,1.5480895887724802,20,0.2870564971010689,0.005741129942021379,0.48462699297725964,13.272444824794198,1.7889141578287924,3.463592075402629,11,"{""0"": 0.005723231773404015, ""1"": 0.0016859590589901059, ""2"": 0.0017031656508842933, ""3"": 0.019811904931425962, ""4"": 0.0032815443499926893, ""5"": 0.0022409738874312095}"
control,400,p0.40,nan,1.0,1,0.4,159.60000000000002,159.8425,130,187,63937,7936,1.5480895887724802,30,0.2407904422316216,0.004815808844632433,0.5439957971711327,13.779237829473509,1.76436972733738,3.5149032821854838,11,"{""0"": 0.004011409287220985, ""1"": 0.002463867432325798, ""2"": 0.0014436963954795445, ""3"": 0.015532792305507836, ""4"": 0.003614425816605651, ""5"": 0.0018286618306547792}"
control,400,p0.40,nan,1.0,1,0.4,159.60000000000002,159.8425,130,187,63937,7936,1.5480895887724802,40,0.1841206895642637,0.0036824137912852745,1.293177371921121,14.235515953459975,1.749969296113188,3.6177197645964685,12,"{""0"": 0.001490643471529934, ""1"": 0.0030999986888585068, ""2"": 0.0029467594420479783, ""3"": 0.006462246833170228, ""4"": 0.004349231794733987, ""5"": 0.003745602517371014}"
control,400,p0.40,nan,1.0,1,0.4,159.60000000000002,159.8425,130,187,63937,7936,1.5480895887724802,50,0.14690529347612546,0.0029381058695225094,0.37499401622845074,14.487647697925945,1.7504861328983607,3.716205830258775,12,"{""0"": 0.0018362337059540453, ""1"": 0.0025497985544643497, ""2"": 0.002595712177938245, ""3"": 0.004445146250785997, ""4"": 0.0016886681076156824, ""5"": 0.004513076420376739}"
control,400,p0.40,nan,1.0,1,0.4,159.60000000000002,159.8425,130,187,63937,7936,1.5480895887724802,60,0.1446552559768796,0.002893105119537592,0.40920504859986095,14.691843314255483,1.7565676317209769,3.6779557281297204,12,"{""0"": 0.002373276547745448, ""1"": 0.002615423741273556, ""2"": 0.0012703477464423754, ""3"": 0.0062421221297655465, ""4"": 0.0013697276234698377, ""5"": 0.00348773292852879}"
control,400,p0.40,nan,1.0,1,0.4,159.60000000000002,159.8425,130,187,63937,7936,1.5480895887724802,70,0.1219199480168248,0.0024383989603364966,0.8120508073410374,14.848627656217413,1.7553601502555065,3.6336413567918133,11,"{""0"": 0.0025328514233909126, ""1"": 0.0015372470089197836, ""2"": 0.001178047962616643, ""3"": 0.004870800320706928, ""4"": 0.0013863339145508808, ""5"": 0.0031251131318338287}"
control,400,p0.40,nan,1.0,1,0.4,159.60000000000002,159.8425,130,187,63937,7936,1.5480895887724802,80,0.1140330954327254,0.002280661908654508,1.2770595221387089,15.00587200109385,1.764868310889363,3.5845364670790314,11,"{""0"": 0.002516121187677631, ""1"": 0.001185374262734037, ""2"": 0.0012074131861981054, ""3"": 0.004265016945132591, ""4"": 0.0011520541645527076, ""5"": 0.0033579917056319767}"
control,400,p0.40,nan,1.0,1,0.4,159.60000000000002,159.8425,130,187,63937,7936,1.5480895887724802,90,0.10936970746825413,0.002187394149365083,0.4166124932343404,15.127313066684444,1.7734049506388005,3.591467886162118,11,"{""0"": 0.0023253171492120337, ""1"": 0.0012110845735070768, ""2"": 0.0010284047750552792, ""3"": 0.0040523860572083655, ""4"": 0.0011223845665747378, ""5"": 0.003384787774633004}"
control,400,p0.40,nan,1.0,1,0.4,159.60000000000002,159.8425,130,187,63937,7936,1.5480895887724802,100,0.10512668405178996,0.0021025336810357995,0.6035776172802972,15.234793715716199,1.77705460547725,3.6025182725469116,11,"{""0"": 0.0017099356077190215, ""1"": 0.0011485064129556145, ""2"": 0.0011387791999236381, ""3"": 0.0039391571566069015, ""4"": 0.001068649895205547, ""5"": 0.003610173813804074}"
control,400,p0.40,nan,1.0,1,0.4,159.60000000000002,159.8425,130,187,63937,7936,1.5480895887724802,110,0.09904761121072869,0.0019809522242145742,0.5678356549434835,15.364152418194617,1.7805113641829469,3.5827992604959764,11,"{""0"": 0.001189309057675482, ""1"": 0.001099333916266333, ""2"": 0.0009067571055251385, ""3"": 0.003856778856822206, ""4"": 0.0011769832727371785, ""5"": 0.003656551136261106}"
control,400,p0.40,nan,1.0,1,0.4,159.60000000000002,159.8425,130,187,63937,7936,1.5480895887724802,120,0.0971761184139671,0.0019435223682793422,0.16067850903773176,15.461524226878247,1.7790630622921457,3.5806175359099055,11,"{""0"": 0.0011310516084325152, ""1"": 0.0010386462517317581, ""2"": 0.0008696005709994611, ""3"": 0.0036137193815677987, ""4"": 0.0010977839437971415, ""5"": 0.00391033245314738}"
control,400,p0.40,nan,1.0,1,0.4,159.60000000000002,159.8425,130,187,63937,7936,1.5480895887724802,130,0.09623332352925161,0.0019246664705850325,0.2077067959490609,15.50758910804651,1.7770995536715564,3.5825802986375885,11,"{""0"": 0.0013140328754782616, ""1"": 0.0007801039979009078, ""2"": 0.0008515809083411262, ""3"": 0.0036902068045577795, ""4"": 0.0011624966623251856, ""5"": 0.0037495775749069337}"
control,400,p0.40,nan,1.0,1,0.4,159.60000000000002,159.8425,130,187,63937,7936,1.5480895887724802,140,0.09767771033645738,0.001953554206729148,0.2686624376149981,15.531547252519438,1.774336891014621,3.601210849135171,12,"{""0"": 0.0013352036737320511, ""1"": 0.0007972703931585692, ""2"": 0.0007946688556075016, ""3"": 0.0035163693036299715, ""4"": 0.0014111428944892056, ""5"": 0.0038666701197575875}"
control,400,p0.40,nan,1.0,1,0.4,159.60000000000002,159.8425,130,187,63937,7936,1.5480895887724802,150,0.10153609734993144,0.002030721946998629,0.446994290377221,15.581065623068412,1.7747470310534854,3.58852027518013,12,"{""0"": 0.0015084786024783824, ""1"": 0.0007901882482281682, ""2"": 0.000777598185015004, ""3"": 0.0035702888051728212, ""4"": 0.0015385278285576036, ""5"": 0.003999250012539794}"
control,400,p0.40,nan,1.0,1,0.4,159.60000000000002,159.8425,130,187,63937,7936,1.5480895887724802,160,0.10097440552484319,0.002019488110496864,1.8831837412396657,15.634797800457317,1.7765050627772525,3.567230317950704,11,"{""0"": 0.0014024466017866664, ""1"": 0.0006987495635652079, ""2"": 0.000727882273294266, ""3"": 0.003777044461206063, ""4"": 0.0013404146482787344, ""5"": 0.004170391114850245}"
control,400,p0.40,nan,1.0,1,0.4,159.60000000000002,159.8425,130,187,63937,7936,1.5480895887724802,170,0.1011396562552024,0.0020227931251040484,0.11172892684420231,15.709211914325085,1.776556426910811,3.5649472490295717,11,"{""0"": 0.0014445353105900889, ""1"": 0.0006623717839895776, ""2"": 0.0007182918854513667, ""3"": 0.0038496978190026556, ""4"": 0.0013000810720960427, ""5"": 0.004161780879494558}"
control,400,p0.40,nan,1.0,1,0.4,159.60000000000002,159.8425,130,187,63937,7936,1.5480895887724802,180,0.10184970557798474,0.0020369941115596954,3.3194108745980855,15.779015462919904,1.773511199733825,3.553090490603484,11,"{""0"": 0.0017806916826916986, ""1"": 0.0006662220485085179, ""2"": 0.0006922988567700836, ""3"": 0.003978235952211725, ""4"": 0.0011883886243404234, ""5"": 0.003916127504835725}"
control,400,p0.40,nan,1.0,1,0.4,159.60000000000002,159.8425,130,187,63937,7936,1.5480895887724802,190,0.10265010143779257,0.002053002028755852,0.551765092915612,15.827546095005745,1.7864439517490376,3.5570889022869547,11,"{""0"": 0.001815046014109502, ""1"": 0.0006644178706348925, ""2"": 0.0007622666376513738, ""3"": 0.003972535627977273, ""4"": 0.0012838121292683882, ""5"": 0.003819933892893681}"
control,400,p0.40,nan,1.0,1,0.4,159.60000000000002,159.8425,130,187,63937,7936,1.5480895887724802,200,0.0999296010761215,0.0019985920215224305,0.3614829700766725,15.855442141667638,1.8000516918558465,3.5719872708813445,11,"{""0"": 0.0018614304080060737, ""1"": 0.0006480635191831348, ""2"": 0.0006511291940243214, ""3"": 0.0039358808905156665, ""4"": 0.001361223182886686, ""5"": 0.0035338249345186977}"
control,400,p0.05,nan,1.0,2,0.05,19.950000000000003,19.8525,10,34,7941,7941,1.539817009852031,0,1.0167047185352434,0.02033409437070487,nan,0.0,1.539817009852031,13.125304588046426,23,"{""0"": 0.019242316741342868, ""1"": 0.020497372958444567, ""2"": 0.019293522485144123, ""3"": 0.020870430978380643, ""4"": 0.020613249241522934, ""5"": 0.021487673819394083}"
control,400,p0.05,nan,1.0,2,0.05,19.950000000000003,19.8525,10,34,7941,7941,1.539817009852031,10,0.7184089660583342,0.014368179321166684,1.8366449709140578,12.452177417712042,1.8307416686105067,3.54503219563141,14,"{""0"": 0.005686368478206546, ""1"": 0.0028268881551777023, ""2"": 0.020358206451710128, ""3"": 0.0039554284145062665, ""4"": 0.0022523079134042457, ""5"": 0.05112987651399522}"
control,400,p0.05,nan,1.0,2,0.05,19.950000000000003,19.8525,10,34,7941,7941,1.539817009852031,20,0.24192805859151723,0.004838561171830345,4.593110302660641,13.583957328519551,1.8015990011426093,3.334155583998379,13,"{""0"": 0.009091995048055353, ""1"": 0.002622637691061902, ""2"": 0.0028462703684282342, ""3"": 0.0023052080727392517, ""4"": 0.0013904262788075495, ""5"": 0.010774829571889778}"
control,400,p0.05,nan,1.0,2,0.05,19.950000000000003,19.8525,10,34,7941,7941,1.539817009852031,30,0.17296961356504817,0.0034593922713009643,0.7707673625765387,14.212148071438397,1.7808674543968235,3.154707942788197,12,"{""0"": 0.010193860486835456, ""1"": 0.0018403013885985252, ""2"": 0.001555352942100617, ""3"": 0.003183721771361199, ""4"": 0.0018700308791264621, ""5"": 0.002113086159783526}"
control,400,p0.05,nan,1.0,2,0.05,19.950000000000003,19.8525,10,34,7941,7941,1.539817009852031,40,0.17123168710122408,0.003424633742024482,0.41146712329590673,14.626940215469105,1.782315862000738,3.1059629365659682,11,"{""0"": 0.01102889772442065, ""1"": 0.0013185845901523435, ""2"": 0.0012512240146609296, ""3"": 0.004154704280317288, ""4"": 0.0011419293752415692, ""5"": 0.0016524624673541137}"
control,400,p0.05,nan,1.0,2,0.05,19.950000000000003,19.8525,10,34,7941,7941,1.539817009852031,50,0.15419501586004547,0.0030839003172009097,1.0407975285312214,14.664549961777235,1.8033850014585553,3.315561619468264,11,"{""0"": 0.005932469630182525, ""1"": 0.001235662433231225, ""2"": 0.001730512825493586, ""3"": 0.00636853729076157, ""4"": 0.0008388386527041954, ""5"": 0.0023973810708323544}"
control,400,p0.05,nan,1.0,2,0.05,19.950000000000003,19.8525,10,34,7941,7941,1.539817009852031,60,0.11005573526460843,0.002201114705292169,2.8416997599862275,14.81349735999081,1.783708372016692,3.2730237284164634,11,"{""0"": 0.00440025888119618, ""1"": 0.001404120020842849, ""2"": 0.0017558034002783459, ""3"": 0.0024201276133682414, ""4"": 0.000976799167408002, ""5"": 0.002249579148659397}"
control,400,p0.05,nan,1.0,2,0.05,19.950000000000003,19.8525,10,34,7941,7941,1.539817009852031,70,0.12030781452341933,0.002406156290468387,1.2462743502586795,15.056085803616304,1.7726226914044474,3.3671886523691974,11,"{""0"": 0.004602165089253403, ""1"": 0.0009425887687480106, ""2"": 0.0019618617965257183, ""3"": 0.0037503826130770523, ""4"": 0.0009801322403900188, ""5"": 0.0021998072348161195}"
control,400,p0.05,nan,1.0,2,0.05,19.950000000000003,19.8525,10,34,7941,7941,1.539817009852031,80,0.11107819624819458,0.0022215639249638917,0.6602145582275826,15.268263449269407,1.8016179289747336,3.3558560808972415,11,"{""0"": 0.0049400507948820695, ""1"": 0.0008038032797032562, ""2"": 0.0019861057539704648, ""3"": 0.003090954721605392, ""4"": 0.000865649531357664, ""5"": 0.0016428194682645042}"
control,400,p0.05,nan,1.0,2,0.05,19.950000000000003,19.8525,10,34,7941,7941,1.539817009852031,90,0.10127501008010535,0.0020255002016021074,0.14653972225449094,15.402394723304674,1.7868211761511354,3.417283652468081,11,"{""0"": 0.003355878159408095, ""1"": 0.0008377531110363221, ""2"": 0.002071287161836769, ""3"": 0.003248850403845071, ""4"": 0.0008169079987639966, ""5"": 0.0018223243747223933}"
control,400,p0.05,nan,1.0,2,0.05,19.950000000000003,19.8525,10,34,7941,7941,1.539817009852031,100,0.11488258632743653,0.002297651726548731,0.4521286066954431,15.531278347158198,1.7357474316467536,3.5234653704999417,12,"{""0"": 0.0017769268146033122, ""1"": 0.0008895734908747847, ""2"": 0.003347525553771985, ""3"": 0.004320063699983162, ""4"": 0.0008715277699925521, ""5"": 0.00258029303006659}"
control,400,p0.05,nan,1.0,2,0.05,19.950000000000003,19.8525,10,34,7941,7941,1.539817009852031,110,0.11647844056473877,0.002329568811294776,1.9963527092152415,15.61414906294708,1.7556542245149989,3.518873444562989,12,"{""0"": 0.0017135992856633056, ""1"": 0.0008886791271916564, ""2"": 0.0033236979483816215, ""3"": 0.004587118953543249, ""4"": 0.000847449938040995, ""5"": 0.0026168676149478285}"
control,400,p0.05,nan,1.0,2,0.05,19.950000000000003,19.8525,10,34,7941,7941,1.539817009852031,120,0.09693183092347073,0.0019386366184694149,1.2307459368513394,15.721458457649012,1.7806209152496737,3.5479864049465926,12,"{""0"": 0.001703710378188993, ""1"": 0.0009755630409200026, ""2"": 0.0028060359795713473, ""3"": 0.0026224796568341813, ""4"": 0.0010087044667358726, ""5"": 0.002515326188566092}"
control,400,p0.05,nan,1.0,2,0.05,19.950000000000003,19.8525,10,34,7941,7941,1.539817009852031,130,0.09463868700860727,0.0018927737401721455,2.3882339645218913,15.776573153102104,1.7980364904925283,3.546617348610448,12,"{""0"": 0.0015777087933248185, ""1"": 0.0010398557086235608, ""2"": 0.0024183330792918343, ""3"": 0.003055978734898697, ""4"": 0.0010186259402140722, ""5"": 0.002246140184679889}"
control,400,p0.05,nan,1.0,2,0.05,19.950000000000003,19.8525,10,34,7941,7941,1.539817009852031,140,0.08514783767986911,0.0017029567535973825,0.39834033243642136,15.861314367218489,1.8070356455969956,3.5297577977161505,12,"{""0"": 0.0015731839056070795, ""1"": 0.0011417599927462502, ""2"": 0.0019811663855149866, ""3"": 0.002525539766265418, ""4"": 0.0010094526461239296, ""5"": 0.0019866378253266285}"
control,400,p0.05,nan,1.0,2,0.05,19.950000000000003,19.8525,10,34,7941,7941,1.539817009852031,150,0.08105582690259708,0.001621116538051942,0.42112384172996925,15.905791059835225,1.8137438619294481,3.4893146976226403,12,"{""0"": 0.0018591368115066648, ""1"": 0.0011066667360709434, ""2"": 0.0014801897874993403, ""3"": 0.002625171102969976, ""4"": 0.0010462071394101262, ""5"": 0.0016093276508546}"
control,400,p0.05,nan,1.0,2,0.05,19.950000000000003,19.8525,10,34,7941,7941,1.539817009852031,160,0.08148363805487749,0.00162967276109755,1.3109459519767355,15.944992500659353,1.818324273054352,3.475773755640336,12,"{""0"": 0.0018441174529008487, ""1"": 0.0011332815046268773, ""2"": 0.0012714676405839883, ""3"": 0.0030564599873252663, ""4"": 0.0009684004015473116, ""5"": 0.0015043095796010073}"
control,400,p0.05,nan,1.0,2,0.05,19.950000000000003,19.8525,10,34,7941,7941,1.539817009852031,170,0.07649359532797771,0.0015298719065595546,0.10645801703171981,16.029633085043915,1.809325005640959,3.470847122717959,12,"{""0"": 0.0016991109777333784, ""1"": 0.0012133607463972007, ""2"": 0.0013711677008186652, ""3"": 0.002064394907339903, ""4"": 0.0011291672419032788, ""5"": 0.001702029865164901}"
control,400,p0.05,nan,1.0,2,0.05,19.950000000000003,19.8525,10,34,7941,7941,1.539817009852031,180,0.07893147399553686,0.0015786294799107375,5.709270976353885,16.10142110805692,1.8114937545874816,3.466912900215186,12,"{""0"": 0.0017839672980164728, ""1"": 0.0012563979126180842, ""2"": 0.001299115101076012, ""3"": 0.002368817380990468, ""4"": 0.0010526073658398854, ""5"": 0.0017108718209235033}"
control,400,p0.05,nan,1.0,2,0.05,19.950000000000003,19.8525,10,34,7941,7941,1.539817009852031,190,0.07407504894622499,0.0014815009789245,0.6306222901170905,16.130723005470312,1.8138695005508645,3.419787473798815,12,"{""0"": 0.0019144561324813687, ""1"": 0.0012562780022518662, ""2"": 0.0010565482410135104, ""3"": 0.001955067748984639, ""4"": 0.001041360726462982, ""5"": 0.0016652950223526336}"
control,400,p0.05,nan,1.0,2,0.05,19.950000000000003,19.8525,10,34,7941,7941,1.539817009852031,200,0.07098482137550868,0.0014196964275101738,1.7904868972773031,16.209613346420518,1.8210540928717511,3.4158326647770494,12,"{""0"": 0.001874360478193171, ""1"": 0.0011489225025625729, ""2"": 0.00101027863543581, ""3"": 0.0016146891286488124, ""4"": 0.0011209152717119712, ""5"": 0.001749012548508705}"
control,400,p0.10,nan,1.0,2,0.1,39.900000000000006,39.95,25,63,15980,7941,1.5416054203913498,0,0.9264616697917755,0.018529233395835513,nan,0.0,1.5416054203913498,13.031241070254369,23,"{""0"": 0.018834267909464415, ""1"": 0.019234962549298327, ""2"": 0.01986046059423968, ""3"": 0.018164005418986516, ""4"": 0.016969684316433174, ""5"": 0.018112019586590956}"
control,400,p0.10,nan,1.0,2,0.1,39.900000000000006,39.95,25,63,15980,7941,1.5416054203913498,10,0.5884992463646355,0.011769984927292712,0.46631733212870347,9.979969834326907,1.6872608068458443,3.888552510027687,14,"{""0"": 0.0027860976728702573, ""1"": 0.019402234695520347, ""2"": 0.021061817980086116, ""3"": 0.002482143266442358, ""4"": 0.0009517422396692892, ""5"": 0.023935873709167894}"
control,400,p0.10,nan,1.0,2,0.1,39.900000000000006,39.95,25,63,15980,7941,1.5416054203913498,20,0.194358292400885,0.0038871658480177005,3.050153859006612,12.394160729567004,1.747907080695609,3.888185020536884,15,"{""0"": 0.0047565501412993715, ""1"": 0.006403728907375852, ""2"": 0.0019739648040399517, ""3"": 0.0040044516149382115, ""4"": 0.0041154515159715814, ""5"": 0.002068848104481237}"
control,400,p0.10,nan,1.0,2,0.1,39.900000000000006,39.95,25,63,15980,7941,1.5416054203913498,30,0.16647068871262463,0.003329413774252493,0.36962164508642054,12.981246193268083,1.7521296809501368,3.8388352293891845,14,"{""0"": 0.004918570447602763, ""1"": 0.0037826963607625495, ""2"": 0.0018393641247888553, ""3"": 0.003964074539025747, ""4"": 0.0036783846977539157, ""5"": 0.0017933924755811296}"
control,400,p0.10,nan,1.0,2,0.1,39.900000000000006,39.95,25,63,15980,7941,1.5416054203913498,40,0.1572408698523121,0.003144817397046242,0.2743534129533444,13.175262598095951,1.7859713119181313,3.850332197365095,14,"{""0"": 0.0044615081366407554, ""1"": 0.0027209865419550064, ""2"": 0.0030045350044714254, ""3"": 0.003372984917832307, ""4"": 0.002799855447965739, ""5"": 0.0025090343334122217}"
control,400,p0.10,nan,1.0,2,0.1,39.900000000000006,39.95,25,63,15980,7941,1.5416054203913498,50,0.14076784004484558,0.0028153568008969115,0.8757631380607801,13.295113560260923,1.7788804495697612,3.7355530135428894,14,"{""0"": 0.0039004343159855007, ""1"": 0.0013328332511060095, ""2"": 0.00309235879581496, ""3"": 0.0037535509357465037, ""4"": 0.0017964980857415453, ""5"": 0.003016465420986951}"
control,400,p0.10,nan,1.0,2,0.1,39.900000000000006,39.95,25,63,15980,7941,1.5416054203913498,60,0.11944334711322992,0.0023888669422645987,0.5934270971658225,13.488092835201698,1.7951442663565387,3.8319438492147,14,"{""0"": 0.002320698482992887, ""1"": 0.0016920217054231183, ""2"": 0.0031970828776556903, ""3"": 0.00307983670289226, ""4"": 0.0017216727408828924, ""5"": 0.002321889143740744}"
control,400,p0.10,nan,1.0,2,0.1,39.900000000000006,39.95,25,63,15980,7941,1.5416054203913498,70,0.12963415302890138,0.002592683060578028,0.4021022572533856,13.666708382870091,1.8125194561105744,3.749268128465157,14,"{""0"": 0.003147428980462343, ""1"": 0.0014799177691927922, ""2"": 0.002983026208937512, ""3"": 0.004558985121345206, ""4"": 0.0018503918226994182, ""5"": 0.0015363484608308955}"
control,400,p0.10,nan,1.0,2,0.1,39.900000000000006,39.95,25,63,15980,7941,1.5416054203913498,80,0.145051595072935,0.0029010319014587003,0.3324029955109993,13.736980243510812,1.8218526941142248,3.6917609287002633,14,"{""0"": 0.00380693288621793, ""1"": 0.0013579583500090988, ""2"": 0.003494842119679075, ""3"": 0.005723238772661062, ""4"": 0.0016002488126981983, ""5"": 0.0014229704674868376}"
control,400,p0.10,nan,1.0,2,0.1,39.900000000000006,39.95,25,63,15980,7941,1.5416054203913498,90,0.13435108981948635,0.002687021796389727,0.2663603388494194,13.823543962531673,1.8329296131573685,3.7110870456090055,14,"{""0"": 0.0023238973599189494, ""1"": 0.0013815482300675395, ""2"": 0.003845644773148066, ""3"": 0.00581328436395587, ""4"": 0.001346233362550579, ""5"": 0.0014115226886973564}"
control,400,p0.10,nan,1.0,2,0.1,39.900000000000006,39.95,25,63,15980,7941,1.5416054203913498,100,0.11968738471637919,0.002393747694327584,0.7107969634386319,13.996690223817055,1.8357097467568846,3.7356135542128244,14,"{""0"": 0.0015880799678650085, ""1"": 0.0013336656958676787, ""2"": 0.004136933304610442, ""3"": 0.004416161523391233, ""4"": 0.001389305757296544, ""5"": 0.0014983399169346}"
control,400,p0.10,nan,1.0,2,0.1,39.900000000000006,39.95,25,63,15980,7941,1.5416054203913498,110,0.11004152088400716,0.0022008304176801435,0.36205173497501497,14.075116590340286,1.8311082652316932,3.7224981073332386,14,"{""0"": 0.0013914400245888356, ""1"": 0.0012309834999228108, ""2"": 0.004033965373970385, ""3"": 0.003655593571202413, ""4"": 0.001295743535259744, ""5"": 0.0015972565011366732}"
control,400,p0.10,nan,1.0,2,0.1,39.900000000000006,39.95,25,63,15980,7941,1.5416054203913498,120,0.11054625124029317,0.002210925024805864,0.35117904423111607,14.149533903960638,1.8367700199582102,3.759275990773882,14,"{""0"": 0.001468681500010574, ""1"": 0.0013752734759363964, ""2"": 0.004163393693399452, ""3"": 0.0033946565088930486, ""4"": 0.0014101378128389638, ""5"": 0.0014534071577567474}"
control,400,p0.10,nan,1.0,2,0.1,39.900000000000006,39.95,25,63,15980,7941,1.5416054203913498,130,0.11063042507786795,0.0022126085015573595,0.5260915794217821,14.241834605074558,1.8368556563137721,3.752524755011011,14,"{""0"": 0.001642738995270513, ""1"": 0.0013565204004371916, ""2"": 0.003997831078183163, ""3"": 0.0035023226416220007, ""4"": 0.001340212503669954, ""5"": 0.0014360253901613347}"
control,400,p0.10,nan,1.0,2,0.1,39.900000000000006,39.95,25,63,15980,7941,1.5416054203913498,140,0.09676167970100681,0.0019352335940201364,0.20284444551144828,14.303801287293975,1.851164414797677,3.7454712242452355,14,"{""0"": 0.0014311303703587873, ""1"": 0.0013846335699957799, ""2"": 0.003267839658503733, ""3"": 0.0030229539557314203, ""4"": 0.0013653109001855884, ""5"": 0.0011395331093455097}"
control,400,p0.10,nan,1.0,2,0.1,39.900000000000006,39.95,25,63,15980,7941,1.5416054203913498,150,0.0970188147971494,0.0019403762959429882,0.3076183184479782,14.353977234600002,1.8489566183109174,3.722193128234798,13,"{""0"": 0.0015541231004631683, ""1"": 0.001272492748840625, ""2"": 0.0032556887541722117, ""3"": 0.0031970471387514376, ""4"": 0.0013986274093400499, ""5"": 0.0009642786240904378}"
control,400,p0.10,nan,1.0,2,0.1,39.900000000000006,39.95,25,63,15980,7941,1.5416054203913498,160,0.09216214062902604,0.001843242812580521,0.9874888112511635,14.406187408403811,1.843809520353966,3.7113104125280305,13,"{""0"": 0.0014862635697127139, ""1"": 0.00122101990209842, ""2"": 0.0031389002483874972, ""3"": 0.0029775316270405265, ""4"": 0.0012907728764337408, ""5"": 0.000944968651810227}"
control,400,p0.10,nan,1.0,2,0.1,39.900000000000006,39.95,25,63,15980,7941,1.5416054203913498,170,0.09205317422204752,0.0018410634844409504,0.12703223932717703,14.46728620314386,1.8445087284663555,3.7757061271940753,14,"{""0"": 0.0013818262642045919, ""1"": 0.0013964770006341582, ""2"": 0.0033447581421794876, ""3"": 0.0024706103723880386, ""4"": 0.0015255337813453427, ""5"": 0.0009271753458940851}"
control,400,p0.10,nan,1.0,2,0.1,39.900000000000006,39.95,25,63,15980,7941,1.5416054203913498,180,0.09061869600284768,0.0018123739200569537,9.315920682737563,14.486658967326454,1.8533756255950988,3.773065002864852,13,"{""0"": 0.0013893342234655728, ""1"": 0.001271507385834849, ""2"": 0.0035427419455489363, ""3"": 0.002219689533821465, ""4"": 0.0014902959661678206, ""5"": 0.0009606744655030792}"
control,400,p0.10,nan,1.0,2,0.1,39.900000000000006,39.95,25,63,15980,7941,1.5416054203913498,190,0.0834808468986173,0.0016696169379723463,1.3478422090217441,14.522363600182967,1.8529815688893063,3.783785076305923,14,"{""0"": 0.0013566340198719097, ""1"": 0.0012882456901671686, ""2"": 0.0032379349364910688, ""3"": 0.0017319538235051565, ""4"": 0.0014882686739734292, ""5"": 0.0009146644838253436}"
control,400,p0.10,nan,1.0,2,0.1,39.900000000000006,39.95,25,63,15980,7941,1.5416054203913498,200,0.08216647992639825,0.001643329598527965,0.7333610073957461,14.594087265116183,1.8496290421627093,3.841139773985265,14,"{""0"": 0.0012287321601381885, ""1"": 0.0014753870557513852, ""2"": 0.003430697494436988, ""3"": 0.0009043317636459776, ""4"": 0.0017804097671981988, ""5"": 0.001040419349997055}"
control,400,p0.20,nan,1.0,2,0.2,79.80000000000001,79.8775,59,102,31951,7941,1.5437900968340132,0,0.9924932918818484,0.01984986583763697,nan,0.0,1.5437900968340132,9.610760777908576,22,"{""0"": 0.01811172482529009, ""1"": 0.02262514022247569, ""2"": 0.018902256413255818, ""3"": 0.019410801674127696, ""4"": 0.020732247676925424, ""5"": 0.019317024213747112}"
control,400,p0.20,nan,1.0,2,0.2,79.80000000000001,79.8775,59,102,31951,7941,1.5437900968340132,10,0.46133066044794735,0.009226613208958949,0.4404042994518467,9.18657837446142,1.864894443525721,3.2744915457082073,11,"{""0"": 0.0018744405362787937, ""1"": 0.009253693499231972, ""2"": 0.0097147220218632, ""3"": 0.001627097857552328, ""4"": 0.0006040113481608688, ""5"": 0.03228571399066653}"
control,400,p0.20,nan,1.0,2,0.2,79.80000000000001,79.8775,59,102,31951,7941,1.5437900968340132,20,0.23287522862669727,0.004657504572533946,1.551074619348145,11.279712097471917,1.767819504657698,3.2219818139187013,10,"{""0"": 0.003315447167924118, ""1"": 0.010698916964622149, ""2"": 0.001323250574873344, ""3"": 0.003675281147972158, ""4"": 0.0014432269472098621, ""5"": 0.007488904632602045}"
control,400,p0.20,nan,1.0,2,0.2,79.80000000000001,79.8775,59,102,31951,7941,1.5437900968340132,30,0.14044478579849454,0.002808895715969891,0.9871906878255126,12.033659151709225,1.7866393891595986,3.3372605117745096,9,"{""0"": 0.00465510469981597, ""1"": 0.00572425530286923, ""2"": 0.0008251444786579635, ""3"": 0.003016672055887118, ""4"": 0.0009487788338228586, ""5"": 0.0016834189247662064}"
control,400,p0.20,nan,1.0,2,0.2,79.80000000000001,79.8775,59,102,31951,7941,1.5437900968340132,40,0.1428294810392598,0.002856589620785196,0.14998336184613612,12.36059256504654,1.8213699187879637,3.340240931436113,10,"{""0"": 0.005044779739232373, ""1"": 0.006568854463624876, ""2"": 0.0008820572923254411, ""3"": 0.002615549746023178, ""4"": 0.0008206194350687762, ""5"": 0.0012076770484365318}"
control,400,p0.20,nan,1.0,2,0.2,79.80000000000001,79.8775,59,102,31951,7941,1.5437900968340132,50,0.1156137695636832,0.0023122753912736644,0.23770086541854787,12.598078248304764,1.8447055814701796,3.3617667209103583,9,"{""0"": 0.004557978154036136, ""1"": 0.0033135927769798713, ""2"": 0.0008351805310380563, ""3"": 0.0032616371520081872, ""4"": 0.0005539543680663785, ""5"": 0.0013513093655133559}"
control,400,p0.20,nan,1.0,2,0.2,79.80000000000001,79.8775,59,102,31951,7941,1.5437900968340132,60,0.09349572354751813,0.001869914470950363,0.43769997367085395,12.744216684029029,1.819335517028171,3.35473819192916,9,"{""0"": 0.003070488608469534, ""1"": 0.002520885017828493, ""2"": 0.0010721348940392048, ""3"": 0.0029820375751325166, ""4"": 0.0005885382381178013, ""5"": 0.0009854024921146253}"
control,400,p0.20,nan,1.0,2,0.2,79.80000000000001,79.8775,59,102,31951,7941,1.5437900968340132,70,0.09804188856036458,0.001960837771207292,2.396896919782689,12.978109537001812,1.8388436283774339,3.3457000158986774,9,"{""0"": 0.0038098956373596874, ""1"": 0.002337691379575021, ""2"": 0.0009160613359825321, ""3"": 0.0032953501437782617, ""4"": 0.0005703516566607317, ""5"": 0.0008356764738875182}"
control,400,p0.20,nan,1.0,2,0.2,79.80000000000001,79.8775,59,102,31951,7941,1.5437900968340132,80,0.09831161157791514,0.001966232231558303,0.19301552524928525,13.221520919598037,1.8634234017553022,3.3869851493303718,10,"{""0"": 0.0037399749266042075, ""1"": 0.0028135760432148283, ""2"": 0.001138782857988682, ""3"": 0.0023010835121463867, ""4"": 0.000774167573114351, ""5"": 0.0010298084762813617}"
control,400,p0.20,nan,1.0,2,0.2,79.80000000000001,79.8775,59,102,31951,7941,1.5437900968340132,90,0.09948176917806562,0.0019896353835613125,0.7406475846215451,13.39207773107544,1.867741612996618,3.387367387815436,10,"{""0"": 0.0035254284377117286, ""1"": 0.0028577056564360404, ""2"": 0.0013832859166431097, ""3"": 0.002081957028710238, ""4"": 0.0008446914911299395, ""5"": 0.0012447437707368211}"
control,400,p0.20,nan,1.0,2,0.2,79.80000000000001,79.8775,59,102,31951,7941,1.5437900968340132,100,0.10575861090007152,0.0021151722180014305,0.24604860908186685,13.50790091999091,1.8698003139884778,3.398194788089943,10,"{""0"": 0.003213900062267368, ""1"": 0.0027635168188321953, ""2"": 0.0022243731847668, ""3"": 0.0023947900900306734, ""4"": 0.0008267462359073295, ""5"": 0.001267706916204216}"
control,400,p0.20,nan,1.0,2,0.2,79.80000000000001,79.8775,59,102,31951,7941,1.5437900968340132,110,0.10774290989763305,0.002154858197952661,0.12058519181304778,13.63340586480572,1.8658164574405611,3.406306938096289,10,"{""0"": 0.003459398221773011, ""1"": 0.00287018779839511, ""2"": 0.0024075571622898043, ""3"": 0.002322656310774644, ""4"": 0.0008326778540993129, ""5"": 0.001036671840384086}"
control,400,p0.20,nan,1.0,2,0.2,79.80000000000001,79.8775,59,102,31951,7941,1.5437900968340132,120,0.10420350162784886,0.0020840700325569774,0.3628988864545935,13.714788330312722,1.8693018296986463,3.403146906133235,10,"{""0"": 0.00354952774338419, ""1"": 0.0030728017359485573, ""2"": 0.0017499234021568632, ""3"": 0.002073729288605978, ""4"": 0.0011999458085902555, ""5"": 0.0008584922166560207}"
control,400,p0.20,nan,1.0,2,0.2,79.80000000000001,79.8775,59,102,31951,7941,1.5437900968340132,130,0.09134106488137711,0.0018268212976275424,0.24691734972171175,13.806220893054356,1.8732823417884266,3.376291045748894,10,"{""0"": 0.0033537963704469535, ""1"": 0.002534291941148479, ""2"": 0.0011505047988662166, ""3"": 0.0020182432863784803, ""4"": 0.0009663486201697674, ""5"": 0.0009377427687553574}"
control,400,p0.20,nan,1.0,2,0.2,79.80000000000001,79.8775,59,102,31951,7941,1.5437900968340132,140,0.08552110384465397,0.0017104220768930796,0.3213266703866033,13.90077464132713,1.8718415141448452,3.3675410694071273,10,"{""0"": 0.0032069391800107496, ""1"": 0.00246008820370895, ""2"": 0.0012126300397509514, ""3"": 0.001658136331757484, ""4"": 0.0008875121919429093, ""5"": 0.000837226514187436}"
control,400,p0.20,nan,1.0,2,0.2,79.80000000000001,79.8775,59,102,31951,7941,1.5437900968340132,150,0.08527504293913228,0.001705500858782646,0.08213704537492574,13.946919347224739,1.8732951388275354,3.368825164888253,10,"{""0"": 0.0033171639116191163, ""1"": 0.002434851966921004, ""2"": 0.0010463722924209365, ""3"": 0.0017186799728148225, ""4"": 0.0008623028031193452, ""5"": 0.0008536342058006526}"
control,400,p0.20,nan,1.0,2,0.2,79.80000000000001,79.8775,59,102,31951,7941,1.5437900968340132,160,0.0817472025364587,0.0016349440507291743,0.3740478457730532,13.981227788670328,1.8731987104409955,3.358053279818026,9,"{""0"": 0.0030790390955115427, ""1"": 0.002460512328771583, ""2"": 0.0008588960555440239, ""3"": 0.0017401280662902156, ""4"": 0.0007800659831839061, ""5"": 0.0008910227750737754}"
control,400,p0.20,nan,1.0,2,0.2,79.80000000000001,79.8775,59,102,31951,7941,1.5437900968340132,170,0.08028739385558467,0.0016057478771116936,1.0286294485811418,14.052223731235419,1.8734171866052363,3.3492639114974314,9,"{""0"": 0.0031142635709275395, ""1"": 0.0025052152799950656, ""2"": 0.000769303850432645, ""3"": 0.0016089772993672126, ""4"": 0.000802318694052538, ""5"": 0.0008344085678951621}"
control,400,p0.20,nan,1.0,2,0.2,79.80000000000001,79.8775,59,102,31951,7941,1.5437900968340132,180,0.08203346315268178,0.001640669263053636,0.30293917070979526,14.116206688638675,1.8726741030229024,3.3421569851628607,9,"{""0"": 0.003181313663506634, ""1"": 0.0026851041473407856, ""2"": 0.0006841924314074287, ""3"": 0.0016472429168129486, ""4"": 0.0008024557636325052, ""5"": 0.0008437066556215144}"
control,400,p0.20,nan,1.0,2,0.2,79.80000000000001,79.8775,59,102,31951,7941,1.5437900968340132,190,0.08162609962816705,0.0016325219925633413,0.6954521279073569,14.192235415709208,1.8718155311837443,3.3350263395576007,9,"{""0"": 0.003092886785746594, ""1"": 0.0027310053360753562, ""2"": 0.0005630269286708113, ""3"": 0.0017382535851091948, ""4"": 0.0007803732941650558, ""5"": 0.0008895860256130344}"
control,400,p0.20,nan,1.0,2,0.2,79.80000000000001,79.8775,59,102,31951,7941,1.5437900968340132,200,0.08233845389150633,0.0016467690778301269,0.48238846568396193,14.254065382800169,1.8734489507986112,3.3310824208440404,9,"{""0"": 0.003066302527349187, ""1"": 0.002819584178430035, ""2"": 0.0005530198373610229, ""3"": 0.001746344980254492, ""4"": 0.0008056071475798516, ""5"": 0.0008897557960061721}"
control,400,p0.40,nan,1.0,2,0.4,159.60000000000002,159.52,137,189,63808,7941,1.55835847114161,0,1.0222805935488006,0.020445611870976012,nan,0.0,1.55835847114161,12.247221242377963,23,"{""0"": 0.02158809141283214, ""1"": 0.019452373788091053, ""2"": 0.022308662613691962, ""3"": 0.02126724678546132, ""4"": 0.020162222654044416, ""5"": 0.01789507397173518}"
control,400,p0.40,nan,1.0,2,0.4,159.60000000000002,159.52,137,189,63808,7941,1.55835847114161,10,0.4531919730020182,0.009063839460040366,0.4195644107115712,10.140917456418851,1.7415582864195305,4.26633328396593,15,"{""0"": 0.001751457680457831, ""1"": 0.0034945572949492782, ""2"": 0.0031554837432437644, ""3"": 0.002044735118025986, ""4"": 0.0019193147772138548, ""5"": 0.042017488146351464}"
control,400,p0.40,nan,1.0,2,0.4,159.60000000000002,159.52,137,189,63808,7941,1.55835847114161,20,0.26227038373284906,0.005245407674656982,2.0992843469921603,11.92468269048964,1.7458064619213363,4.15701269719628,15,"{""0"": 0.0009103954765458114, ""1"": 0.012284936905848868, ""2"": 0.0035223531233476006, ""3"": 0.0032771738446354727, ""4"": 0.008627456293664477, ""5"": 0.002850130403899663}"
control,400,p0.40,nan,1.0,2,0.4,159.60000000000002,159.52,137,189,63808,7941,1.55835847114161,30,0.1958968773254744,0.0039179375465094885,0.4246497912969227,12.518364341737211,1.753228048626335,4.063113427659605,15,"{""0"": 0.0008568347621712999, ""1"": 0.00405559765087853, ""2"": 0.003687580541389489, ""3"": 0.0016571464893781283, ""4"": 0.011043511096593, ""5"": 0.002206954738646484}"
control,400,p0.40,nan,1.0,2,0.4,159.60000000000002,159.52,137,189,63808,7941,1.55835847114161,40,0.12359878069060411,0.0024719756138120823,1.6160891808855316,12.812831080060151,1.7524329408196413,3.8756044807689816,14,"{""0"": 0.0009850375759565251, ""1"": 0.002564923014223044, ""2"": 0.002250889761504933, ""3"": 0.0017653672837468393, ""4"": 0.00495964605393843, ""5"": 0.0023059899935027207}"
control,400,p0.40,nan,1.0,2,0.4,159.60000000000002,159.52,137,189,63808,7941,1.55835847114161,50,0.12272172939016386,0.0024544345878032775,0.5423395439864032,13.097307489351621,1.79175350409463,3.8836139179540976,14,"{""0"": 0.0010475269374571189, ""1"": 0.0026339081686736223, ""2"": 0.0021233981649736453, ""3"": 0.0015939329256352628, ""4"": 0.004801825765213557, ""5"": 0.002526015564866461}"
control,400,p0.40,nan,1.0,2,0.4,159.60000000000002,159.52,137,189,63808,7941,1.55835847114161,60,0.11374295194490416,0.0022748590388980833,0.5442381473498715,13.296954763201462,1.7960666351735481,3.8455564544043273,14,"{""0"": 0.0009931847386517602, ""1"": 0.0025656890720692897, ""2"": 0.0023134759271192344, ""3"": 0.0013549001880833276, ""4"": 0.004382572127548115, ""5"": 0.0020393321799167747}"
control,400,p0.40,nan,1.0,2,0.4,159.60000000000002,159.52,137,189,63808,7941,1.55835847114161,70,0.09524107538319686,0.0019048215076639375,0.31797658131622103,13.419963979176227,1.7841469988204013,3.765315303516752,13,"{""0"": 0.0013889765971883418, ""1"": 0.0016175197786378007, ""2"": 0.0012186241085400712, ""3"": 0.001918795298371579, ""4"": 0.003554806938712412, ""5"": 0.0017302063245334194}"
control,400,p0.40,nan,1.0,2,0.4,159.60000000000002,159.52,137,189,63808,7941,1.55835847114161,80,0.08288629418282167,0.0016577258836564337,0.9631381656087805,13.588137990858124,1.783881357257567,3.766741798823926,13,"{""0"": 0.0014599342208043704, ""1"": 0.001211718585338363, ""2"": 0.001204701879969387, ""3"": 0.001840143925457488, ""4"": 0.002630678433636833, ""5"": 0.0015991782567321606}"
control,400,p0.40,nan,1.0,2,0.4,159.60000000000002,159.52,137,189,63808,7941,1.55835847114161,90,0.07802184082952716,0.0015604368165905436,3.7368939095748845,13.750949567018129,1.8005229676985284,3.7663195110331533,14,"{""0"": 0.0014690530041889661, ""1"": 0.0012461796553582146, ""2"": 0.0011111035564489798, ""3"": 0.0019139144573983864, ""4"": 0.0017547637053706394, ""5"": 0.0018676065207780738}"
control,400,p0.40,nan,1.0,2,0.4,159.60000000000002,159.52,137,189,63808,7941,1.55835847114161,100,0.07735408665591453,0.0015470817331182907,1.6517875670227273,13.859760200509479,1.7979209943549128,3.7788568981889243,14,"{""0"": 0.0013536738760064726, ""1"": 0.0011746936884544528, ""2"": 0.0018720472359687768, ""3"": 0.0012579595511558533, ""4"": 0.0017482351044593044, ""5"": 0.0018758809426648857}"
control,400,p0.40,nan,1.0,2,0.4,159.60000000000002,159.52,137,189,63808,7941,1.55835847114161,110,0.07342099118664383,0.0014684198237328767,1.6072309300135557,13.942576743394829,1.8040185071989294,3.7005288303698363,14,"{""0"": 0.0013833088573745461, ""1"": 0.001133581049154222, ""2"": 0.0017043434749218155, ""3"": 0.0012072840386822166, ""4"": 0.0013590342940118163, ""5"": 0.0020229672282526434}"
control,400,p0.40,nan,1.0,2,0.4,159.60000000000002,159.52,137,189,63808,7941,1.55835847114161,120,0.07792215888429486,0.0015584431776858973,2.1291104517611403,14.04794314321788,1.8056925948474702,3.723993837177223,14,"{""0"": 0.001743684722986398, ""1"": 0.0011068005029534777, ""2"": 0.002338326280820576, ""3"": 0.0011317513367534685, ""4"": 0.0013008922034806452, ""5"": 0.0017292040191208198}"
control,400,p0.40,nan,1.0,2,0.4,159.60000000000002,159.52,137,189,63808,7941,1.55835847114161,130,0.08015894834761796,0.0016031789669523594,0.6519470338861176,14.128046715997796,1.812668074089444,3.7049520661174524,13,"{""0"": 0.0022261996523139744, ""1"": 0.0010092010547922262, ""2"": 0.0024977654182458445, ""3"": 0.0010026534430224168, ""4"": 0.0011973653134379832, ""5"": 0.0016858889199017116}"
control,400,p0.40,nan,1.0,2,0.4,159.60000000000002,159.52,137,189,63808,7941,1.55835847114161,140,0.07738280686270933,0.001547656137254187,0.16050657842092822,14.177949427381694,1.8221834791476215,3.679736085741048,13,"{""0"": 0.0021540006854482855, ""1"": 0.0009915410030133496, ""2"": 0.0023332403240007727, ""3"": 0.0009730172942280081, ""4"": 0.001033329808776398, ""5"": 0.001800807708058309}"
control,400,p0.40,nan,1.0,2,0.4,159.60000000000002,159.52,137,189,63808,7941,1.55835847114161,150,0.07861650883410519,0.0015723301766821039,0.24980812950621414,14.24902588025553,1.8239014306178885,3.6736441596346836,13,"{""0"": 0.002506923574590871, ""1"": 0.0009820061261231027, ""2"": 0.002437570568928229, ""3"": 0.0009302274922114021, ""4"": 0.001026633294015409, ""5"": 0.001550620004223611}"
control,400,p0.40,nan,1.0,2,0.4,159.60000000000002,159.52,137,189,63808,7941,1.55835847114161,160,0.07810976329258382,0.0015621952658516763,0.3679329218141394,14.297849185777507,1.8195296699427188,3.701808765110781,13,"{""0"": 0.0021974268878944755, ""1"": 0.001090718922113868, ""2"": 0.0024979450422241744, ""3"": 0.0009561158743938312, ""4"": 0.0010736164567542149, ""5"": 0.001557348411729495}"
control,400,p0.40,nan,1.0,2,0.4,159.60000000000002,159.52,137,189,63808,7941,1.55835847114161,170,0.08081635541692447,0.0016163271083384897,2.889734637462221,14.339876326413318,1.8179219163576266,3.702090748248366,13,"{""0"": 0.0024925515593676863, ""1"": 0.0010519619494256623, ""2"": 0.0026339152999049383, ""3"": 0.0009020905910515905, ""4"": 0.0011053617103051615, ""5"": 0.0015120815399759}"
control,400,p0.40,nan,1.0,2,0.4,159.60000000000002,159.52,137,189,63808,7941,1.55835847114161,180,0.08471843229780533,0.0016943686459561069,0.16577438998641633,14.423006634970353,1.8184804917495474,3.6893117820342543,14,"{""0"": 0.0028059336311397815, ""1"": 0.0009735587677808678, ""2"": 0.002710222918376503, ""3"": 0.0009513337041053513, ""4"": 0.0009850855052126154, ""5"": 0.0017400773491215223}"
control,400,p0.40,nan,1.0,2,0.4,159.60000000000002,159.52,137,189,63808,7941,1.55835847114161,190,0.08007592125920024,0.0016015184251840049,0.3147614283639968,14.43144674702005,1.8169384584956059,3.7174821989813425,14,"{""0"": 0.002566485915875561, ""1"": 0.0009957221960938702, ""2"": 0.0022010728869057057, ""3"": 0.0009582975845642968, ""4"": 0.0009586256420682004, ""5"": 0.001928906325596396}"
control,400,p0.40,nan,1.0,2,0.4,159.60000000000002,159.52,137,189,63808,7941,1.55835847114161,200,0.07924776670460697,0.0015849553340921397,0.21296957557325596,14.46242815679127,1.8191956934691795,3.7144976968158048,14,"{""0"": 0.0024499327129226065, ""1"": 0.0009498070270920298, ""2"": 0.0024255210023781957, ""3"": 0.0008914328958679506, ""4"": 0.0009574932006006082, ""5"": 0.0018355451656914472}"
control,400,p0.05,nan,1.0,3,0.05,19.950000000000003,20.1375,8,33,8055,8055,1.5526209614502817,0,0.9688344809415868,0.01937668961883174,nan,0.0,1.5526209614502817,6.856377278515536,20,"{""0"": 0.020933571149368797, ""1"": 0.021640038903603172, ""2"": 0.019121379101825528, ""3"": 0.015247242676223363, ""4"": 0.020856618157431665, ""5"": 0.018461287724537916}"
control,400,p0.05,nan,1.0,3,0.05,19.950000000000003,20.1375,8,33,8055,8055,1.5526209614502817,10,0.2319999710745851,0.004639999421491702,0.875019751431095,11.632823163123748,1.74303041792516,3.3116221587486363,12,"{""0"": 0.0005231653810701514, ""1"": 0.012553690872196002, ""2"": 0.005455306365680585, ""3"": 0.0010204981613211655, ""4"": 0.0035824734750267385, ""5"": 0.004704862273655574}"
control,400,p0.05,nan,1.0,3,0.05,19.950000000000003,20.1375,8,33,8055,8055,1.5526209614502817,20,0.13170790034197163,0.002634158006839433,1.2442331259663102,13.020133378452948,1.7574604377875547,3.603143212369415,12,"{""0"": 0.001527431909817483, ""1"": 0.003691236051144882, ""2"": 0.005164955350949593, ""3"": 0.0012648017055969965, ""4"": 0.002998045873715681, ""5"": 0.001158477149811961}"
control,400,p0.05,nan,1.0,3,0.05,19.950000000000003,20.1375,8,33,8055,8055,1.5526209614502817,30,0.10156065393154994,0.002031213078630999,0.46590617704076565,13.553235986991607,1.739186807885328,3.6453427144456207,12,"{""0"": 0.0016341027582754623, ""1"": 0.0028667023397658167, ""2"": 0.0019505915920415347, ""3"": 0.001427608165750719, ""4"": 0.00213714668304067, ""5"": 0.002171126932911791}"
control,400,p0.05,nan,1.0,3,0.05,19.950000000000003,20.1375,8,33,8055,8055,1.5526209614502817,40,0.08849314777232078,0.0017698629554464159,0.27503615269778203,13.88534438176284,1.7461157125306122,3.5663552647793426,11,"{""0"": 0.003060234107840124, ""1"": 0.0030018208392487587, ""2"": 0.0012593834344149586, ""3"": 0.0009542951737443784, ""4"": 0.0015077393109353032, ""5"": 0.000835704866494972}"
control,400,p0.05,nan,1.0,3,0.05,19.950000000000003,20.1375,8,33,8055,8055,1.5526209614502817,50,0.0818360260591909,0.0016367205211838183,1.0217420376957635,14.182501585434704,1.7272570704876151,3.514709752029303,11,"{""0"": 0.0020538553173843625, ""1"": 0.004085110449576041, ""2"": 0.001122481118975848, ""3"": 0.0007165624331826978, ""4"": 0.0012260234339210884, ""5"": 0.0006162903740628731}"
control,400,p0.05,nan,1.0,3,0.05,19.950000000000003,20.1375,8,33,8055,8055,1.5526209614502817,60,0.07380477405786355,0.0014760954811572713,4.429373405939344,14.516387227793452,1.734053342670436,3.601046192168773,12,"{""0"": 0.0024335328730841358, ""1"": 0.002295275811563988, ""2"": 0.0017248776983420603, ""3"": 0.0006114076133545356, ""4"": 0.0009368008538597455, ""5"": 0.0008546780367391617}"
control,400,p0.05,nan,1.0,3,0.05,19.950000000000003,20.1375,8,33,8055,8055,1.5526209614502817,70,0.07626249666990377,0.0015252499333980756,0.15871085272441784,14.691193695377647,1.7393478612080029,3.626345570439595,12,"{""0"": 0.002843400058227173, ""1"": 0.001739957800351023, ""2"": 0.002046858528920963, ""3"": 0.0007049165619385492, ""4"": 0.000858449102263544, ""5"": 0.0009579175486872024}"
control,400,p0.05,nan,1.0,3,0.05,19.950000000000003,20.1375,8,33,8055,8055,1.5526209614502817,80,0.08194984255271401,0.0016389968510542804,0.44339052896142256,14.837920882348893,1.7419210950652244,3.614558289971697,12,"{""0"": 0.0026234705798118714, ""1"": 0.001562139574176212, ""2"": 0.003114247933151487, ""3"": 0.0006859242680916424, ""4"": 0.0008837291904001054, ""5"": 0.0009644695606943643}"
control,400,p0.05,nan,1.0,3,0.05,19.950000000000003,20.1375,8,33,8055,8055,1.5526209614502817,90,0.06940689193181403,0.0013881378386362809,0.4993918770265211,14.994795900210393,1.74461265449827,3.6264375307833956,12,"{""0"": 0.00218043832134479, ""1"": 0.001476225133955339, ""2"": 0.00208022481828424, ""3"": 0.0007868518377975294, ""4"": 0.000922986026834282, ""5"": 0.0008821008936015036}"
control,400,p0.05,nan,1.0,3,0.05,19.950000000000003,20.1375,8,33,8055,8055,1.5526209614502817,100,0.06145524733211794,0.001229104946642359,0.6195590164228763,15.07635426199906,1.7560453839957322,3.579417148439122,11,"{""0"": 0.0019796070533988587, ""1"": 0.0016881004708150249, ""2"": 0.0012748566168733154, ""3"": 0.0008296635009612906, ""4"": 0.0009487553921227514, ""5"": 0.0006536466456829128}"
control,400,p0.05,nan,1.0,3,0.05,19.950000000000003,20.1375,8,33,8055,8055,1.5526209614502817,110,0.059015678328178695,0.0011803135665635742,0.8799433288103553,15.167089643079091,1.7587967707314536,3.56165431048648,11,"{""0"": 0.002041325799919323, ""1"": 0.0015588613438733588, ""2"": 0.001109741978733997, ""3"": 0.0007831883132828552, ""4"": 0.0009735591040989823, ""5"": 0.0006152048594729273}"
control,400,p0.05,nan,1.0,3,0.05,19.950000000000003,20.1375,8,33,8055,8055,1.5526209614502817,120,0.05900719096859761,0.0011801438193719523,0.23062663323661484,15.219086031632377,1.757864290630817,3.569238342986923,11,"{""0"": 0.002022311130738779, ""1"": 0.0014299050508396424, ""2"": 0.0012277958476585495, ""3"": 0.0006546354519575113, ""4"": 0.0009867074440293886, ""5"": 0.0007595079910078426}"
control,400,p0.05,nan,1.0,3,0.05,19.950000000000003,20.1375,8,33,8055,8055,1.5526209614502817,130,0.06728573821974881,0.0013457147643949764,0.0857353360969772,15.306118865183866,1.7583827168920187,3.598132263844262,12,"{""0"": 0.0027484897108010086, ""1"": 0.001429668606346439, ""2"": 0.0012494933102509503, ""3"": 0.000832344241173814, ""4"": 0.0009234127114199428, ""5"": 0.0008908800063777037}"
control,400,p0.05,nan,1.0,3,0.05,19.950000000000003,20.1375,8,33,8055,8055,1.5526209614502817,140,0.06319360668968571,0.0012638721337937145,0.36544191186934794,15.388274430411123,1.7600271503427518,3.595986486815299,11,"{""0"": 0.002302460166874337, ""1"": 0.0013426000501993312, ""2"": 0.0012124653562771497, ""3"": 0.0007611374810024459, ""4"": 0.0009404325169806892, ""5"": 0.0010241372314283331}"
control,400,p0.05,nan,1.0,3,0.05,19.950000000000003,20.1375,8,33,8055,8055,1.5526209614502817,150,0.060893266463756195,0.001217865329275124,1.1063934847622465,15.484177350757694,1.75637248534224,3.5977593930198566,11,"{""0"": 0.0019553720254121545, ""1"": 0.0012973689661739435, ""2"": 0.0010716580807013632, ""3"": 0.0007662881446337178, ""4"": 0.0009956062924952596, ""5"": 0.001220898466234306}"
control,400,p0.05,nan,1.0,3,0.05,19.950000000000003,20.1375,8,33,8055,8055,1.5526209614502817,160,0.06239825134086658,0.0012479650268173317,0.24641639072679675,15.542118748732696,1.7553118461832509,3.598182331018318,11,"{""0"": 0.0019330038537241218, ""1"": 0.0012502289470521044, ""2"": 0.0010285743836741636, ""3"": 0.0007836852799475869, ""4"": 0.0010134333504200818, ""5"": 0.0014788643460859334}"
control,400,p0.05,nan,1.0,3,0.05,19.950000000000003,20.1375,8,33,8055,8055,1.5526209614502817,170,0.0639423752228521,0.001278847504457042,3.070463157419418,15.595122002055376,1.7600296115411003,3.5917508000656744,11,"{""0"": 0.0018226421949168743, ""1"": 0.0013283417605701605, ""2"": 0.0008661607672262705, ""3"": 0.0008755339471536927, ""4"": 0.0010671354081159446, ""5"": 0.0017132709487593094}"
control,400,p0.05,nan,1.0,3,0.05,19.950000000000003,20.1375,8,33,8055,8055,1.5526209614502817,180,0.05805349246942426,0.0011610698493884854,0.4745857742829213,15.666785623007746,1.7636318691562272,3.560754128942558,11,"{""0"": 0.0019259185414675617, ""1"": 0.0013443331958807863, ""2"": 0.0007701896005363098, ""3"": 0.0009168507594232999, ""4"": 0.001004756193628491, ""5"": 0.001004370805394463}"
control,400,p0.05,nan,1.0,3,0.05,19.950000000000003,20.1375,8,33,8055,8055,1.5526209614502817,190,0.05272036754182112,0.0010544073508364225,1.3364911655032414,15.744565010144331,1.7642340794779663,3.5437759760526277,11,"{""0"": 0.0015755594090679317, ""1"": 0.0013450559817163046, ""2"": 0.0007390247187139444, ""3"": 0.0008810290049025713, ""4"": 0.0009745940659479577, ""5"": 0.0008111809246698256}"
control,400,p0.05,nan,1.0,3,0.05,19.950000000000003,20.1375,8,33,8055,8055,1.5526209614502817,200,0.05380861406403383,0.0010761722812806767,1.568623698998908,15.80207043855307,1.7624086542807362,3.542377637790588,11,"{""0"": 0.0018008338660479325, ""1"": 0.0012500509362059786, ""2"": 0.0007316029064204487, ""3"": 0.0009420733013075497, ""4"": 0.0009037219613614696, ""5"": 0.0008287507163406815}"
control,400,p0.10,nan,1.0,3,0.1,39.900000000000006,40.0925,22,57,16037,8055,1.5492535461487391,0,1.0278681557044058,0.02055736311408812,nan,0.0,1.5492535461487391,9.829273403276348,23,"{""0"": 0.020212033373298313, ""1"": 0.02199258076319382, ""2"": 0.021906956259489394, ""3"": 0.01928700042022574, ""4"": 0.019036549982717147, ""5"": 0.020909057885604303}"
control,400,p0.10,nan,1.0,3,0.1,39.900000000000006,40.0925,22,57,16037,8055,1.5492535461487391,10,0.7087411551381236,0.014174823102762475,4.197807048111768,12.06358982923003,1.735491699717159,3.114078326768121,13,"{""0"": 0.0013910212608880727, ""1"": 0.016840789003430532, ""2"": 0.027560324558450568, ""3"": 0.004413854836372689, ""4"": 0.02585701905577591, ""5"": 0.008985929901657077}"
control,400,p0.10,nan,1.0,3,0.1,39.900000000000006,40.0925,22,57,16037,8055,1.5492535461487391,20,0.49755374775256517,0.009951074955051304,0.9475209157908839,13.869615183252206,1.7742767629597325,3.454064579033061,13,"{""0"": 0.0028083324044380865, ""1"": 0.0022822818969081213, ""2"": 0.027578374316795717, ""3"": 0.004461334656962149, ""4"": 0.018085148921237488, ""5"": 0.004490977533966262}"
control,400,p0.10,nan,1.0,3,0.1,39.900000000000006,40.0925,22,57,16037,8055,1.5492535461487391,30,0.26815647363745043,0.0053631294727490095,2.654484219546123,14.620899184308424,1.782187388018506,3.8752463665402908,13,"{""0"": 0.002503980978500406, ""1"": 0.0008704076806799618, ""2"": 0.008457019532371029, ""3"": 0.0024616986931655944, ""4"": 0.014604811243460048, ""5"": 0.0032808587083170194}"
control,400,p0.10,nan,1.0,3,0.1,39.900000000000006,40.0925,22,57,16037,8055,1.5492535461487391,40,0.18047879728375624,0.0036095759456751253,0.5000004994930133,15.154054623411405,1.7738635858635439,3.5941406469990658,12,"{""0"": 0.003929258778584235, ""1"": 0.0011854693615018588, ""2"": 0.004944829538753677, ""3"": 0.003793057588608345, ""4"": 0.004423223552999032, ""5"": 0.0033816168536036028}"
control,400,p0.10,nan,1.0,3,0.1,39.900000000000006,40.0925,22,57,16037,8055,1.5492535461487391,50,0.1702482467733174,0.0034049649354663484,0.10350878261992522,15.506960055575194,1.7733553819134962,3.5015522563127086,12,"{""0"": 0.004632502974529875, ""1"": 0.0013623376797564097, ""2"": 0.0037874508857626355, ""3"": 0.004927138215326749, ""4"": 0.0027961079270510322, ""5"": 0.0029242519303713894}"
control,400,p0.10,nan,1.0,3,0.1,39.900000000000006,40.0925,22,57,16037,8055,1.5492535461487391,60,0.1536815032547015,0.0030736300650940304,0.31404074057160586,15.6959601647493,1.7672454777417645,3.4080059925909736,11,"{""0"": 0.0035907526927872096, ""1"": 0.000820345721225181, ""2"": 0.0030097896187314564, ""3"": 0.0048407925539090905, ""4"": 0.0019546854136692922, ""5"": 0.004225414390241952}"
control,400,p0.10,nan,1.0,3,0.1,39.900000000000006,40.0925,22,57,16037,8055,1.5492535461487391,70,0.14672705339573294,0.002934541067914659,1.6321638584332077,15.797587241051104,1.7712830799168273,3.4142492294549074,11,"{""0"": 0.003859172236206576, ""1"": 0.0008540916607376527, ""2"": 0.003122159878163957, ""3"": 0.0034832583552488264, ""4"": 0.0018042786756881373, ""5"": 0.004484285601442805}"
control,400,p0.10,nan,1.0,3,0.1,39.900000000000006,40.0925,22,57,16037,8055,1.5492535461487391,80,0.15405700460993738,0.003081140092198748,0.33348436322563574,15.93677634881477,1.771168654165269,3.3328708392757105,11,"{""0"": 0.002374016996570037, ""1"": 0.0009500283198065505, ""2"": 0.003300781374145178, ""3"": 0.005069399191791929, ""4"": 0.0015481273029715752, ""5"": 0.005244487367907219}"
control,400,p0.10,nan,1.0,3,0.1,39.900000000000006,40.0925,22,57,16037,8055,1.5492535461487391,90,0.13477942038014815,0.0026955884076029636,0.08361879011451517,16.036278465458068,1.772145512660244,3.3937288887972685,11,"{""0"": 0.0019445386249727053, ""1"": 0.0014254987216320897, ""2"": 0.002824487588757736, ""3"": 0.00312711627669221, ""4"": 0.0017392525076277859, ""5"": 0.0051126367259352575}"
control,400,p0.10,nan,1.0,3,0.1,39.900000000000006,40.0925,22,57,16037,8055,1.5492535461487391,100,0.12584056605630198,0.0025168113211260397,5.73007242492602,16.173683398342384,1.7715316707067597,3.445633843983756,11,"{""0"": 0.0021138132064277846, ""1"": 0.0017187854157903442, ""2"": 0.002300077922211474, ""3"": 0.002950406466821751, ""4"": 0.001759393868615676, ""5"": 0.004258391046889209}"
control,400,p0.10,nan,1.0,3,0.1,39.900000000000006,40.0925,22,57,16037,8055,1.5492535461487391,110,0.12944777869700672,0.0025889555739401346,0.4157716564687915,16.304509428076532,1.764001256901243,3.4440601191413087,11,"{""0"": 0.002141548612066204, ""1"": 0.0015981567262000674, ""2"": 0.001956198218955375, ""3"": 0.003545256060041532, ""4"": 0.0020091812855136475, ""5"": 0.00428339254086398}"
control,400,p0.10,nan,1.0,3,0.1,39.900000000000006,40.0925,22,57,16037,8055,1.5492535461487391,120,0.13586880531268503,0.0027173761062537012,7.4513284324759415,16.414780725437918,1.7661522957204376,3.4674291510325896,11,"{""0"": 0.0020188635595947166, ""1"": 0.0017913249217133558, ""2"": 0.002178821712566846, ""3"": 0.0033753431204666547, ""4"": 0.0026199743542576403, ""5"": 0.004319928968922995}"
control,400,p0.10,nan,1.0,3,0.1,39.900000000000006,40.0925,22,57,16037,8055,1.5492535461487391,130,0.13786083256221499,0.0027572166512442996,0.7627826565904694,16.519295943310283,1.7710474440428705,3.422535154764206,11,"{""0"": 0.002401998723302505, ""1"": 0.001904006738575242, ""2"": 0.0025881894661598107, ""3"": 0.0035473689117150797, ""4"": 0.0020343805536840636, ""5"": 0.004067355514029097}"
control,400,p0.10,nan,1.0,3,0.1,39.900000000000006,40.0925,22,57,16037,8055,1.5492535461487391,140,0.1342629682092843,0.0026852593641856866,0.644137218974138,16.592994810249497,1.774122091428492,3.431296274418894,11,"{""0"": 0.0023040484474114446, ""1"": 0.0020964797581649484, ""2"": 0.0024737782997263096, ""3"": 0.0032519112863064028, ""4"": 0.0019142709396076138, ""5"": 0.004071067453897399}"
control,400,p0.10,nan,1.0,3,0.1,39.900000000000006,40.0925,22,57,16037,8055,1.5492535461487391,150,0.13636281153328425,0.0027272562306656853,1.192210698588606,16.664830019014538,1.7753275716561694,3.4396750523556707,11,"{""0"": 0.0024078740221503132, ""1"": 0.0022144360764710584, ""2"": 0.00223534055108968, ""3"": 0.003281802328323097, ""4"": 0.0020205972043019224, ""5"": 0.0042034872016580415}"
control,400,p0.10,nan,1.0,3,0.1,39.900000000000006,40.0925,22,57,16037,8055,1.5492535461487391,160,0.13949340008216715,0.0027898680016433435,1.1054758032987044,16.7564805340537,1.7793807597666316,3.440084072597074,11,"{""0"": 0.0022761345877312044, ""1"": 0.0022007086912431265, ""2"": 0.002179682299836362, ""3"": 0.003663930539450509, ""4"": 0.0020670595923773776, ""5"": 0.00435169229922148}"
control,400,p0.10,nan,1.0,3,0.1,39.900000000000006,40.0925,22,57,16037,8055,1.5492535461487391,170,0.12989858056571152,0.0025979716113142307,1.0236185036599923,16.85037365615224,1.7820957684699814,3.49443888743417,11,"{""0"": 0.0022293701214590456, ""1"": 0.0022371634882838273, ""2"": 0.0010446860357408202, ""3"": 0.003392409121840932, ""4"": 0.002401552545902242, ""5"": 0.004282648354658516}"
control,400,p0.10,nan,1.0,3,0.1,39.900000000000006,40.0925,22,57,16037,8055,1.5492535461487391,180,0.11686800192825109,0.002337360038565022,2.006819406576242,16.88571811321149,1.7825029180943686,3.5249158269394805,12,"{""0"": 0.002297985684474241, ""1"": 0.002315060419297084, ""2"": 0.0009059035824458392, ""3"": 0.0023406866259307975, ""4"": 0.0022305533742905522, ""5"": 0.0039339705449516205}"
control,400,p0.10,nan,1.0,3,0.1,39.900000000000006,40.0925,22,57,16037,8055,1.5492535461487391,190,0.11901583606274511,0.0023803167212549025,3.6027496395973646,16.960144971472193,1.7885060351061308,3.5216204233782316,11,"{""0"": 0.0022063389999145725, ""1"": 0.0024015541877531873, ""2"": 0.0008487740466629441, ""3"": 0.0028603938813350055, ""4"": 0.0022611177489023646, ""5"": 0.003703721462961343}"
control,400,p0.10,nan,1.0,3,0.1,39.900000000000006,40.0925,22,57,16037,8055,1.5492535461487391,200,0.11845974593857031,0.0023691949187714064,0.7431251659435868,16.990930597116687,1.7890948579129877,3.5162161959078775,11,"{""0"": 0.002167411429290475, ""1"": 0.0023937628263114587, ""2"": 0.0008730420690359342, ""3"": 0.002766331239612451, ""4"": 0.0022243636059170444, ""5"": 0.003790258342461077}"
control,400,p0.20,nan,1.0,3,0.2,79.80000000000001,80.025,60,105,32010,8055,1.535981458542534,0,1.0517050437898745,0.021034100875797494,nan,0.0,1.535981458542534,6.070331087608064,21,"{""0"": 0.019300252527324237, ""1"": 0.020479273233962973, ""2"": 0.022858966237702383, ""3"": 0.022146320982947117, ""4"": 0.02093659234166296, ""5"": 0.020483199931185293}"
control,400,p0.20,nan,1.0,3,0.2,79.80000000000001,80.025,60,105,32010,8055,1.535981458542534,10,0.46587888170263725,0.009317577634052747,0.3078548791726797,11.508822478264083,1.9181685103530084,3.924657217109492,14,"{""0"": 0.000994734284637987, ""1"": 0.00622382394840967, ""2"": 0.0131525691827945, ""3"": 0.008504390071931666, ""4"": 0.014610008985714365, ""5"": 0.012419939330828283}"
control,400,p0.20,nan,1.0,3,0.2,79.80000000000001,80.025,60,105,32010,8055,1.535981458542534,20,0.27301463641925894,0.005460292728385179,0.6073260612256914,13.497385455554458,1.7900446659316591,3.9001426200486664,13,"{""0"": 0.0009391238960118169, ""1"": 0.0024948569445757893, ""2"": 0.009778100703696922, ""3"": 0.004674637233555009, ""4"": 0.007593134844110293, ""5"": 0.007281902748361248}"
control,400,p0.20,nan,1.0,3,0.2,79.80000000000001,80.025,60,105,32010,8055,1.535981458542534,30,0.2471720378076222,0.004943440756152445,1.4097207043314048,14.050768284433092,1.8003358781097383,3.7170550016912083,12,"{""0"": 0.0011234707292906742, ""1"": 0.0016745132537199542, ""2"": 0.007641715378231088, ""3"": 0.0036872419293555773, ""4"": 0.007072514816746064, ""5"": 0.008461188429571304}"
control,400,p0.20,nan,1.0,3,0.2,79.80000000000001,80.025,60,105,32010,8055,1.535981458542534,40,0.15901647687920364,0.003180329537584073,0.5864859285647266,14.519037399296748,1.8565227608726271,3.5481486174245513,11,"{""0"": 0.0009741436457036566, ""1"": 0.0014624797896642104, ""2"": 0.0020280254435726393, ""3"": 0.00429665427266252, ""4"": 0.003939486485707242, ""5"": 0.006381187588194169}"
control,400,p0.20,nan,1.0,3,0.2,79.80000000000001,80.025,60,105,32010,8055,1.535981458542534,50,0.13302951395856194,0.002660590279171239,0.20945138827867407,14.926931807564113,1.8534018078642525,3.4736845339716136,11,"{""0"": 0.0014590675960336678, ""1"": 0.001170909506396377, ""2"": 0.0015946887809264673, ""3"": 0.005593521068822878, ""4"": 0.0030393372215120145, ""5"": 0.0031060175013360287}"
control,400,p0.20,nan,1.0,3,0.2,79.80000000000001,80.025,60,105,32010,8055,1.535981458542534,60,0.12399523096598596,0.0024799046193197194,0.8114884838277837,15.173857082300614,1.8266792750841272,3.5451026453771366,11,"{""0"": 0.0013094509265518574, ""1"": 0.000765511172965544, ""2"": 0.001859932767529885, ""3"": 0.0036369585782108317, ""4"": 0.002582262405976485, ""5"": 0.004725311864683715}"
control,400,p0.20,nan,1.0,3,0.2,79.80000000000001,80.025,60,105,32010,8055,1.535981458542534,70,0.12735514501441575,0.0025471029002883156,0.1938881843263987,15.318024913453828,1.8278872118401919,3.5131277364240803,11,"{""0"": 0.0013359587476163802, ""1"": 0.0006149445774613195, ""2"": 0.0019422186803397447, ""3"": 0.0034585362424118153, ""4"": 0.00234794512602539, ""5"": 0.005583014027875242}"
control,400,p0.20,nan,1.0,3,0.2,79.80000000000001,80.025,60,105,32010,8055,1.535981458542534,80,0.13157435098957454,0.0026314870197914914,0.5305744925351233,15.425404223536388,1.8483119890644635,3.548943758830827,12,"{""0"": 0.0009240751837157621, ""1"": 0.0012492681244567468, ""2"": 0.0023328201393056783, ""3"": 0.0030978763294470706, ""4"": 0.002340307692275222, ""5"": 0.005844574649548466}"
control,400,p0.20,nan,1.0,3,0.2,79.80000000000001,80.025,60,105,32010,8055,1.535981458542534,90,0.15465120719731446,0.0030930241439462896,0.3537127335080262,15.515397063910957,1.8263757802552958,3.506731312196684,12,"{""0"": 0.0007016493301332426, ""1"": 0.0014394100206239163, ""2"": 0.0035069263014022812, ""3"": 0.0029059588870000647, ""4"": 0.0025703763530128413, ""5"": 0.007433823971505391}"
control,400,p0.20,nan,1.0,3,0.2,79.80000000000001,80.025,60,105,32010,8055,1.535981458542534,100,0.13166104011122043,0.002633220802224409,6.970876348455183,15.589218710714688,1.8501739446354013,3.513944495860402,11,"{""0"": 0.0007518491687798666, ""1"": 0.000971284470004102, ""2"": 0.003941727176071044, ""3"": 0.002402003993795318, ""4"": 0.0020486859672986715, ""5"": 0.005683774037397452}"
control,400,p0.20,nan,1.0,3,0.2,79.80000000000001,80.025,60,105,32010,8055,1.535981458542534,110,0.10877885121941416,0.0021755770243882836,0.9706611533691528,15.601603818446252,1.8606646731867924,3.4800589486289977,11,"{""0"": 0.0010262257221429782, ""1"": 0.0009457916398283469, ""2"": 0.0021647155764453227, ""3"": 0.002610539871424937, ""4"": 0.0018468378000316514, ""5"": 0.0044593515364564655}"
control,400,p0.20,nan,1.0,3,0.2,79.80000000000001,80.025,60,105,32010,8055,1.535981458542534,120,0.10809763187127447,0.0021619526374254895,0.3413903947119698,15.629194688403786,1.8658100225968814,3.4274912718730355,11,"{""0"": 0.0010547570663416205, ""1"": 0.0005237886800838498, ""2"": 0.001837064134434354, ""3"": 0.0027551712109912876, ""4"": 0.0016191004230997346, ""5"": 0.005181834309602092}"
control,400,p0.20,nan,1.0,3,0.2,79.80000000000001,80.025,60,105,32010,8055,1.535981458542534,130,0.10775673797393208,0.002155134759478642,0.2758908195657672,15.780448457523688,1.84100443966099,3.409391448070203,11,"{""0"": 0.0010530973660829196, ""1"": 0.00049030103712985, ""2"": 0.0014357200578008268, ""3"": 0.002948071048698446, ""4"": 0.0014577641207948477, ""5"": 0.005545854926364962}"
control,400,p0.20,nan,1.0,3,0.2,79.80000000000001,80.025,60,105,32010,8055,1.535981458542534,140,0.10186392402834141,0.0020372784805668285,0.5913740678679492,15.869750417747538,1.8418899816934964,3.412996175870954,11,"{""0"": 0.001082281985306252, ""1"": 0.00045915637848828, ""2"": 0.0015871776872133081, ""3"": 0.002722506657085297, ""4"": 0.0015002471743413674, ""5"": 0.004872301000966464}"
control,400,p0.20,nan,1.0,3,0.2,79.80000000000001,80.025,60,105,32010,8055,1.535981458542534,150,0.0943213859493282,0.0018864277189865643,0.4652358734862846,15.94643327128582,1.8413318356262756,3.406780616004359,11,"{""0"": 0.0008506441372552011, ""1"": 0.0005317999905991176, ""2"": 0.0012436294400542211, ""3"": 0.0026213764385060916, ""4"": 0.0015122790994724776, ""5"": 0.004558837208032277}"
control,400,p0.20,nan,1.0,3,0.2,79.80000000000001,80.025,60,105,32010,8055,1.535981458542534,160,0.09243532853030115,0.0018487065706060232,0.9822719564770501,16.0183108886421,1.843746011442535,3.4025690791699668,11,"{""0"": 0.0008764629868414758, ""1"": 0.0005069330163513226, ""2"": 0.001138155728754018, ""3"": 0.0026691255265581214, ""4"": 0.0015194829704009312, ""5"": 0.00438207919473027}"
control,400,p0.20,nan,1.0,3,0.2,79.80000000000001,80.025,60,105,32010,8055,1.535981458542534,170,0.08671002972417265,0.0017342005944834531,0.34519315393533867,16.09839421451046,1.8441455544302725,3.412188351598936,10,"{""0"": 0.0007694895356610135, ""1"": 0.0005283900051014309, ""2"": 0.0009797632355328842, ""3"": 0.0027046559115276613, ""4"": 0.001546595739773254, ""5"": 0.0038763091393044743}"
control,400,p0.20,nan,1.0,3,0.2,79.80000000000001,80.025,60,105,32010,8055,1.535981458542534,180,0.08213998254161149,0.00164279965083223,0.22377694064584605,16.184214082261757,1.8503489834536049,3.4120468664557033,10,"{""0"": 0.0007388851873644383, ""1"": 0.0004568385328202739, ""2"": 0.0008882752171263522, ""3"": 0.0026854288346617847, ""4"": 0.0015539342532426299, ""5"": 0.0035334358797779004}"
control,400,p0.20,nan,1.0,3,0.2,79.80000000000001,80.025,60,105,32010,8055,1.535981458542534,190,0.07827994856595553,0.0015655989713191107,0.23930218472176756,16.246332752193076,1.8639354496120017,3.4002605317529033,10,"{""0"": 0.0007351775067452979, ""1"": 0.0004259336349639236, ""2"": 0.0008765668024158811, ""3"": 0.002857483646284603, ""4"": 0.0014844179626828124, ""5"": 0.0030140142748221466}"
control,400,p0.20,nan,1.0,3,0.2,79.80000000000001,80.025,60,105,32010,8055,1.535981458542534,200,0.07734128666287866,0.0015468257332575735,0.4414504178045595,16.289154083284426,1.8694048350650405,3.3936783791818868,10,"{""0"": 0.0007164197377342298, ""1"": 0.0003956681443936554, ""2"": 0.0008909585012694852, ""3"": 0.002880253212792319, ""4"": 0.001450630070020575, ""5"": 0.002947024733335176}"
control,400,p0.40,nan,1.0,3,0.4,159.60000000000002,159.2375,129,187,63695,8055,1.5536858469055488,0,0.987206269206478,0.019744125384129563,nan,0.0,1.5536858469055488,9.928989213227995,23,"{""0"": 0.019762117405442637, ""1"": 0.019794345484628884, ""2"": 0.01797873147448952, ""3"": 0.02075184085169168, ""4"": 0.019631783208367462, ""5"": 0.020545933880157206}"
control,400,p0.40,nan,1.0,3,0.4,159.60000000000002,159.2375,129,187,63695,8055,1.5536858469055488,10,0.8243187914971812,0.01648637582994363,1.4340860184109132,12.334160704054158,1.9059834879819066,3.3460745608965303,15,"{""0"": 0.0009311861357953245, ""1"": 0.030058708975918613, ""2"": 0.024450788867557572, ""3"": 0.0025205063516994205, ""4"": 0.015655013612792763, ""5"": 0.025302051035898065}"
control,400,p0.40,nan,1.0,3,0.4,159.60000000000002,159.2375,129,187,63695,8055,1.5536858469055488,20,0.367505579170271,0.007350111583405421,1.0377123231748915,13.835165571130903,1.9270765192415324,3.7863907389615914,15,"{""0"": 0.0011176236652039443, ""1"": 0.0025440350263721016, ""2"": 0.0234094823681884, ""3"": 0.0033935451689842714, ""4"": 0.00539510087931133, ""5"": 0.008240882392372476}"
control,400,p0.40,nan,1.0,3,0.4,159.60000000000002,159.2375,129,187,63695,8055,1.5536858469055488,30,0.2812350048160809,0.005624700096321619,1.1773090499913694,14.588436352011648,1.9331937503414311,3.876985154888231,15,"{""0"": 0.0011257231730616335, ""1"": 0.0021944157545299376, ""2"": 0.017371397456222355, ""3"": 0.0022388767763495106, ""4"": 0.003917516894590075, ""5"": 0.0069002705231762055}"
control,400,p0.40,nan,1.0,3,0.4,159.60000000000002,159.2375,129,187,63695,8055,1.5536858469055488,40,0.22094786832486127,0.004418957366497226,0.7435540358269875,14.983426566507271,1.9224226022049649,3.8917844602217744,15,"{""0"": 0.0017700850757502468, ""1"": 0.0032266803368459934, ""2"": 0.007113541690493675, ""3"": 0.0022737267948903612, ""4"": 0.00524510273839462, ""5"": 0.006884607562608461}"
control,400,p0.40,nan,1.0,3,0.4,159.60000000000002,159.2375,129,187,63695,8055,1.5536858469055488,50,0.1870481420497392,0.0037409628409947847,0.39396648604761675,15.347495060030056,1.94873463302721,3.8141292830131213,15,"{""0"": 0.0026355458884339614, ""1"": 0.002395696563686588, ""2"": 0.0019195627098401967, ""3"": 0.003098561391941648, ""4"": 0.0034326669025722366, ""5"": 0.008963743589494077}"
control,400,p0.40,nan,1.0,3,0.4,159.60000000000002,159.2375,129,187,63695,8055,1.5536858469055488,60,0.15512912289475186,0.0031025824578950374,1.8423169523267444,15.61268806943404,1.94595114887859,3.8655463253151825,15,"{""0"": 0.002111111931587038, ""1"": 0.0013705340944023658, ""2"": 0.0024945950333818715, ""3"": 0.00210857658827316, ""4"": 0.002123979804276013, ""5"": 0.008406697295449777}"
control,400,p0.40,nan,1.0,3,0.4,159.60000000000002,159.2375,129,187,63695,8055,1.5536858469055488,70,0.12204921504539717,0.0024409843009079437,0.5082244116853306,15.786659472043489,1.944868206786106,3.9222549227147545,15,"{""0"": 0.001869879497906925, ""1"": 0.0010074719303555634, ""2"": 0.0023332513209280603, ""3"": 0.0019639852156608864, ""4"": 0.0013761196788300485, ""5"": 0.006095198161766178}"
control,400,p0.40,nan,1.0,3,0.4,159.60000000000002,159.2375,129,187,63695,8055,1.5536858469055488,80,0.09343901666922906,0.0018687803333845815,3.6407542943970825,15.853172180987917,1.9461871195142981,3.9296529143238956,15,"{""0"": 0.0018423065363050873, ""1"": 0.000750512211963854, ""2"": 0.0024501231902850336, ""3"": 0.001831752317268345, ""4"": 0.0011014208035395414, ""5"": 0.0032365669409456276}"
control,400,p0.40,nan,1.0,3,0.4,159.60000000000002,159.2375,129,187,63695,8055,1.5536858469055488,90,0.10171162937305396,0.0020342325874610793,0.3141524203631304,15.97289663834627,1.9454715086613035,3.932113053380595,15,"{""0"": 0.0018115895601667805, ""1"": 0.0007859228320352289, ""2"": 0.002120960756789126, ""3"": 0.0016187256738490845, ""4"": 0.0011752445915030273, ""5"": 0.004692952110423229}"
control,400,p0.40,nan,1.0,3,0.4,159.60000000000002,159.2375,129,187,63695,8055,1.5536858469055488,100,0.09331508656519005,0.0018663017313038013,0.9450806290294426,16.13452604206989,1.9503281463425293,3.917901314234141,15,"{""0"": 0.0016550425588471595, ""1"": 0.0007347769358634408, ""2"": 0.0017407885721349569, ""3"": 0.0015031740293119191, ""4"": 0.0011081866213930938, ""5"": 0.0044558416702722365}"
control,400,p0.40,nan,1.0,3,0.4,159.60000000000002,159.2375,129,187,63695,8055,1.5536858469055488,110,0.08528951727611088,0.001705790345522218,2.068258935825435,16.30358966784249,1.954361582293582,3.8975644600156487,15,"{""0"": 0.0022399013723143277, ""1"": 0.0007441636661560235, ""2"": 0.0015083486824957362, ""3"": 0.001582497363362453, ""4"": 0.0012368886274524964, ""5"": 0.0029229423613522714}"
control,400,p0.40,nan,1.0,3,0.4,159.60000000000002,159.2375,129,187,63695,8055,1.5536858469055488,120,0.08219028542940036,0.0016438057085880074,0.32175580068374765,16.37604817825611,1.9511110239492526,3.8718581906859297,15,"{""0"": 0.002162960114113834, ""1"": 0.0007286240370684254, ""2"": 0.0016055433843285137, ""3"": 0.0015682423776030691, ""4"": 0.0012374814109117672, ""5"": 0.002559982927502435}"
control,400,p0.40,nan,1.0,3,0.4,159.60000000000002,159.2375,129,187,63695,8055,1.5536858469055488,130,0.07952930919441505,0.001590586183888301,1.541548840305562,16.46602757076751,1.9537680853590351,3.826797087961941,14,"{""0"": 0.002297823700392651, ""1"": 0.0007467742301114617, ""2"": 0.0015917434212608535, ""3"": 0.0015496020900510978, ""4"": 0.0009545722170194127, ""5"": 0.0024030014444943295}"
control,400,p0.40,nan,1.0,3,0.4,159.60000000000002,159.2375,129,187,63695,8055,1.5536858469055488,140,0.07132502766404054,0.001426500553280811,0.6060423183803278,16.563329601978243,1.952879565780273,3.7941112142502798,14,"{""0"": 0.002272647255834613, ""1"": 0.0006865698338553133, ""2"": 0.0015785245133112652, ""3"": 0.0015084095893675667, ""4"": 0.0008433299127548431, ""5"": 0.001669522214561265}"
control,400,p0.40,nan,1.0,3,0.4,159.60000000000002,159.2375,129,187,63695,8055,1.5536858469055488,150,0.07056473236949382,0.0014112946473898765,0.3450163102843888,16.630139519005667,1.9552113276256042,3.7848342365507204,14,"{""0"": 0.002281494022298584, ""1"": 0.0007377532204033613, ""2"": 0.0014998649986150121, ""3"": 0.001478369759524489, ""4"": 0.0008353996679152034, ""5"": 0.0016348862155826083}"
control,400,p0.40,nan,1.0,3,0.4,159.60000000000002,159.2375,129,187,63695,8055,1.5536858469055488,160,0.06965019330694437,0.0013930038661388877,0.1323806778129362,16.686287943186507,1.9568563465002407,3.791543637327254,14,"{""0"": 0.002196894262423698, ""1"": 0.0006785613701918, ""2"": 0.001469447008518584, ""3"": 0.00151741579905894, ""4"": 0.0008124275350633794, ""5"": 0.0016832772215769243}"
control,400,p0.40,nan,1.0,3,0.4,159.60000000000002,159.2375,129,187,63695,8055,1.5536858469055488,170,0.0694456150111661,0.001388912300223322,0.5977468266895678,16.748485830694236,1.9608694560203994,3.7581601679154675,14,"{""0"": 0.002422063300773532, ""1"": 0.0007205607476317148, ""2"": 0.001376895192661817, ""3"": 0.0014898359409570264, ""4"": 0.0008329559416603065, ""5"": 0.0014911626776555366}"
control,400,p0.40,nan,1.0,3,0.4,159.60000000000002,159.2375,129,187,63695,8055,1.5536858469055488,180,0.06758230007699295,0.0013516460015398594,2.8899638452313807,16.84460008450708,1.9628992201173834,3.749350765408941,14,"{""0"": 0.0023919809550707466, ""1"": 0.0007693253147766932, ""2"": 0.0012442295882264902, ""3"": 0.001415828111705927, ""4"": 0.0008858877941481196, ""5"": 0.0014026242453111784}"
control,400,p0.40,nan,1.0,3,0.4,159.60000000000002,159.2375,129,187,63695,8055,1.5536858469055488,190,0.06789492016267236,0.0013578984032534473,0.17623843849376628,16.899668975224856,1.9624514119928622,3.736185201483118,13,"{""0"": 0.002392344934255386, ""1"": 0.0007673109366285126, ""2"": 0.001182626876362629, ""3"": 0.0016368970538260155, ""4"": 0.0008574899568205422, ""5"": 0.001310720661627599}"
control,400,p0.40,nan,1.0,3,0.4,159.60000000000002,159.2375,129,187,63695,8055,1.5536858469055488,200,0.06755528767248149,0.0013511057534496302,0.17146578521496247,16.948268604465675,1.9623168938372109,3.7230741237572786,13,"{""0"": 0.002490698830173368, ""1"": 0.0006767565789990549, ""2"": 0.0012005903319450425, ""3"": 0.0016103367307947042, ""4"": 0.0008369433088392328, ""5"": 0.001291308739946378}"
control,400,p0.05,nan,1.0,4,0.05,19.950000000000003,19.6875,10,31,7875,7875,1.5252406338842837,0,1.0290097376802867,0.020580194753605736,nan,0.0,1.5252406338842837,12.150832458581167,23,"{""0"": 0.02054195392435412, ""1"": 0.01959202733967278, ""2"": 0.01912019616340027, ""3"": 0.021875249536527953, ""4"": 0.01950447156513787, ""5"": 0.022847269992541424}"
control,400,p0.05,nan,1.0,4,0.05,19.950000000000003,19.6875,10,31,7875,7875,1.5252406338842837,10,0.3711105781886227,0.007422211563772455,0.8723126016446163,12.430623072177047,1.791419706052248,3.690440638114682,16,"{""0"": 0.010180724246640174, ""1"": 0.0021712538937975253, ""2"": 0.011414529667534883, ""3"": 0.014853316409605933, ""4"": 0.0006351825234844544, ""5"": 0.005278262641571764}"
control,400,p0.05,nan,1.0,4,0.05,19.950000000000003,19.6875,10,31,7875,7875,1.5252406338842837,20,0.34480015109199574,0.006896003021839916,0.8776021121996033,13.869580634911397,1.8227353816484113,4.244613564006584,16,"{""0"": 0.006819066556688401, ""1"": 0.0024614266271306084, ""2"": 0.016334444758972916, ""3"": 0.0018407124026412105, ""4"": 0.004632969872625265, ""5"": 0.009287397912981088}"
control,400,p0.05,nan,1.0,4,0.05,19.950000000000003,19.6875,10,31,7875,7875,1.5252406338842837,30,0.2880451271504041,0.005760902543008082,6.517327075149575,14.155512265166042,1.8111848600982143,3.9097722217241304,16,"{""0"": 0.0031088221430813925, ""1"": 0.003473810273386142, ""2"": 0.01199081857097795, ""3"": 0.0012073499631699834, ""4"": 0.006783751754653457, ""5"": 0.008000862552779566}"
control,400,p0.05,nan,1.0,4,0.05,19.950000000000003,19.6875,10,31,7875,7875,1.5252406338842837,40,0.15653813825881968,0.003130762765176394,6.3994615971380755,14.594383650554605,1.7737127709950773,3.967350665592595,15,"{""0"": 0.0029879526796123966, ""1"": 0.001704255406759804, ""2"": 0.006132782325383268, ""3"": 0.0024736661357377602, ""4"": 0.002784127584137959, ""5"": 0.002701792459427177}"
control,400,p0.05,nan,1.0,4,0.05,19.950000000000003,19.6875,10,31,7875,7875,1.5252406338842837,50,0.13891147513270502,0.0027782295026541007,1.6384409871901502,15.011256487658267,1.775111916855211,3.677303280275545,14,"{""0"": 0.004479494407985697, ""1"": 0.0016573329791666432, ""2"": 0.003392437828820818, ""3"": 0.004634798218671024, ""4"": 0.0008818498645045957, ""5"": 0.0016234637167758287}"
control,400,p0.05,nan,1.0,4,0.05,19.950000000000003,19.6875,10,31,7875,7875,1.5252406338842837,60,0.10798850590072787,0.0021597701180145574,11.587115984802708,15.187418528312081,1.7603679910047365,3.662383680707865,14,"{""0"": 0.0030081982091375217, ""1"": 0.0009755149358245538, ""2"": 0.0034395428712088406, ""3"": 0.00315103049824574, ""4"": 0.0007866408353806095, ""5"": 0.0015976933582900802}"
control,400,p0.05,nan,1.0,4,0.05,19.950000000000003,19.6875,10,31,7875,7875,1.5252406338842837,70,0.10200909984420774,0.002040181996884155,0.941353978861293,15.305174938792385,1.7604705852959763,3.619749308670197,13,"{""0"": 0.0034055471452819645, ""1"": 0.001049282557514036, ""2"": 0.00246276631248996, ""3"": 0.00279631368032959, ""4"": 0.0008329875190727417, ""5"": 0.0016941947666166382}"
control,400,p0.05,nan,1.0,4,0.05,19.950000000000003,19.6875,10,31,7875,7875,1.5252406338842837,80,0.10243778855247244,0.002048755771049449,0.6094079824098255,15.435354719425879,1.7575642775789262,3.7354190242422542,14,"{""0"": 0.0036891200675695833, ""1"": 0.0009721714561887742, ""2"": 0.0029369836760308504, ""3"": 0.002359878700353008, ""4"": 0.0008157208063072098, ""5"": 0.0015186599198472703}"
control,400,p0.05,nan,1.0,4,0.05,19.950000000000003,19.6875,10,31,7875,7875,1.5252406338842837,90,0.09845186514198644,0.0019690373028397293,0.6327885648494377,15.555551951960645,1.7619998786234452,3.6269374288625995,13,"{""0"": 0.004075828368581891, ""1"": 0.0008361834517449177, ""2"": 0.002042889759796216, ""3"": 0.002830533002781175, ""4"": 0.0008476957907210325, ""5"": 0.0011810934434131443}"
control,400,p0.05,nan,1.0,4,0.05,19.950000000000003,19.6875,10,31,7875,7875,1.5252406338842837,100,0.0971816893880744,0.0019436337877614882,2.784468338134339,15.704683938162173,1.7694511225607998,3.602381138258713,13,"{""0"": 0.0034908843412312907, ""1"": 0.0007895212506948274, ""2"": 0.0022118718118107642, ""3"": 0.0033155174323667666, ""4"": 0.0007018132790051321, ""5"": 0.0011521946114601486}"
control,400,p0.05,nan,1.0,4,0.05,19.950000000000003,19.6875,10,31,7875,7875,1.5252406338842837,110,0.09486244818642532,0.0018972489637285068,0.5784683318374731,15.774417501606337,1.7604245820318154,3.629689256327562,13,"{""0"": 0.0027077019291553346, ""1"": 0.0006645724732136323, ""2"": 0.0025122157517440814, ""3"": 0.0036661776902406178, ""4"": 0.000709542121189059, ""5"": 0.0011232838168283145}"
control,400,p0.05,nan,1.0,4,0.05,19.950000000000003,19.6875,10,31,7875,7875,1.5252406338842837,120,0.09677321669975543,0.001935464333995109,0.6303569982218896,15.8319537361372,1.7612707569262551,3.5723285656436716,13,"{""0"": 0.0030061546251081905, ""1"": 0.0005760680747729566, ""2"": 0.0022623317907977756, ""3"": 0.003973181825024437, ""4"": 0.000701681519049936, ""5"": 0.001093368169217358}"
control,400,p0.05,nan,1.0,4,0.05,19.950000000000003,19.6875,10,31,7875,7875,1.5252406338842837,130,0.09511044338877558,0.0019022088677755119,1.056669904015635,15.857702780721322,1.7747897759570117,3.561482073509763,13,"{""0"": 0.002750213937268572, ""1"": 0.0005623710243240793, ""2"": 0.002127455248496433, ""3"": 0.004171028582428241, ""4"": 0.0006857382020939428, ""5"": 0.0011164462120418013}"
control,400,p0.05,nan,1.0,4,0.05,19.950000000000003,19.6875,10,31,7875,7875,1.5252406338842837,140,0.09545157857720259,0.0019090315715440522,0.9976198658108992,15.916532512549072,1.7669656876524962,3.5910541126055815,13,"{""0"": 0.002807002640539615, ""1"": 0.0005455514903342452, ""2"": 0.0022605663234558414, ""3"": 0.004007588060099939, ""4"": 0.0006533832891202462, ""5"": 0.0011800976257144245}"
control,400,p0.05,nan,1.0,4,0.05,19.950000000000003,19.6875,10,31,7875,7875,1.5252406338842837,150,0.08950933789414953,0.0017901867578829908,0.22201302198101233,15.939266359182094,1.762066965887208,3.604721019568902,13,"{""0"": 0.002391671759515871, ""1"": 0.0005434219176558648, ""2"": 0.0023508100440079505, ""3"": 0.003616360421332143, ""4"": 0.0006387669359625946, ""5"": 0.0012000894688235192}"
control,400,p0.05,nan,1.0,4,0.05,19.950000000000003,19.6875,10,31,7875,7875,1.5252406338842837,160,0.08847053789823457,0.0017694107579646916,1.196284878824145,15.962993010190463,1.7621776919890382,3.585460179386638,13,"{""0"": 0.0024096551881750564, ""1"": 0.0005385809437696241, ""2"": 0.0023908297408822736, ""3"": 0.00343226263600284, ""4"": 0.0006213285405317716, ""5"": 0.0012238074984265831}"
control,400,p0.05,nan,1.0,4,0.05,19.950000000000003,19.6875,10,31,7875,7875,1.5252406338842837,170,0.08757179043083381,0.0017514358086166764,0.5595913794157488,16.02484889740074,1.7654745276804942,3.580716356573388,13,"{""0"": 0.0021312784898099304, ""1"": 0.0005290570187804913, ""2"": 0.0024349890105948464, ""3"": 0.0036515731635196023, ""4"": 0.0006266861351782506, ""5"": 0.0011350310338169376}"
control,400,p0.05,nan,1.0,4,0.05,19.950000000000003,19.6875,10,31,7875,7875,1.5252406338842837,180,0.08552095693036262,0.0017104191386072523,1.4325058895778722,16.083699862971336,1.7666194844316774,3.5668046016922146,13,"{""0"": 0.0020624379297327915, ""1"": 0.0005539867659642085, ""2"": 0.0023952813074518014, ""3"": 0.0035904162292579346, ""4"": 0.0006291166193720569, ""5"": 0.0010312759798647227}"
control,400,p0.05,nan,1.0,4,0.05,19.950000000000003,19.6875,10,31,7875,7875,1.5252406338842837,190,0.08563229819006042,0.0017126459638012086,0.16071737586682253,16.114134573285163,1.7697283679448024,3.5598436597011154,13,"{""0"": 0.0021200173810565605, ""1"": 0.0005796228013842375, ""2"": 0.00244988972483763, ""3"": 0.0034945495640909185, ""4"": 0.0006143377991887258, ""5"": 0.0010174585122491799}"
control,400,p0.05,nan,1.0,4,0.05,19.950000000000003,19.6875,10,31,7875,7875,1.5252406338842837,200,0.0816656173073562,0.0016333123461471242,0.811631499565831,16.13138425731538,1.7701934569009958,3.576367407193651,13,"{""0"": 0.001967814023262427, ""1"": 0.0005587644168518214, ""2"": 0.0025526878759796747, ""3"": 0.003072722226511868, ""4"": 0.0006193483944115845, ""5"": 0.0010285371398653697}"
control,400,p0.10,nan,1.0,4,0.1,39.900000000000006,40.0375,24,60,16015,7875,1.5634948454436655,0,1.0412928184971737,0.020825856369943475,nan,0.0,1.5634948454436655,11.168910740531079,24,"{""0"": 0.02383781084475358, ""1"": 0.022020284937181726, ""2"": 0.019456359457843884, ""3"": 0.019254036275228627, ""4"": 0.020102891966732157, ""5"": 0.020283754737920885}"
control,400,p0.10,nan,1.0,4,0.1,39.900000000000006,40.0375,24,60,16015,7875,1.5634948454436655,10,0.45016498860452187,0.00900329977209044,0.9641555088206297,11.86782469408203,1.7432672565650535,3.890050298537157,17,"{""0"": 0.008253318222817723, ""1"": 0.015261287557920628, ""2"": 0.010658895196095837, ""3"": 0.010625462717341983, ""4"": 0.0032748546485508205, ""5"": 0.0059459802898156385}"
control,400,p0.10,nan,1.0,4,0.1,39.900000000000006,40.0375,24,60,16015,7875,1.5634948454436655,20,0.39620820732732254,0.007924164146546451,2.844761619588646,12.952312435410393,1.7603317963835219,4.305598307486196,17,"{""0"": 0.0017979516068768746, ""1"": 0.01330686925641697, ""2"": 0.010467521556226933, ""3"": 0.005569800326109865, ""4"": 0.006559877710898307, ""5"": 0.009842964422749767}"
control,400,p0.10,nan,1.0,4,0.1,39.900000000000006,40.0375,24,60,16015,7875,1.5634948454436655,30,0.40767778836595636,0.008153555767319128,5.443646467589967,13.434180487108048,1.7569450483699776,4.433719951196179,17,"{""0"": 0.0009132038397712738, ""1"": 0.012491558836655292, ""2"": 0.011016504625178633, ""3"": 0.0031687172847676345, ""4"": 0.00741575468368669, ""5"": 0.013915595333855248}"
control,400,p0.10,nan,1.0,4,0.1,39.900000000000006,40.0375,24,60,16015,7875,1.5634948454436655,40,0.22964431665120294,0.00459288633302406,1.2488548214647905,13.798796690908706,1.765663079585035,4.169724270571291,16,"{""0"": 0.0012583223112445445, ""1"": 0.010536055858878585, ""2"": 0.002542894518358066, ""3"": 0.007145876315452995, ""4"": 0.002180560506620823, ""5"": 0.0038936084875893402}"
control,400,p0.10,nan,1.0,4,0.1,39.900000000000006,40.0375,24,60,16015,7875,1.5634948454436655,50,0.22068093616812165,0.0044136187233624335,0.40582825799380445,13.974587134087574,1.779018214143649,4.017345215808071,16,"{""0"": 0.0012311306780006092, ""1"": 0.01062189576931487, ""2"": 0.002358498343995165, ""3"": 0.007003060181377067, ""4"": 0.0021135525672215634, ""5"": 0.0031535748002653337}"
control,400,p0.10,nan,1.0,4,0.1,39.900000000000006,40.0375,24,60,16015,7875,1.5634948454436655,60,0.1971314193752024,0.003942628387504049,1.3858431573556433,14.20817701350798,1.781888091260383,4.174453662229669,16,"{""0"": 0.000947988548412893, ""1"": 0.009111312683181426, ""2"": 0.0024993922303505087, ""3"": 0.006626875704614144, ""4"": 0.0018524488942434155, ""5"": 0.0026177522642219075}"
control,400,p0.10,nan,1.0,4,0.1,39.900000000000006,40.0375,24,60,16015,7875,1.5634948454436655,70,0.1645543781624684,0.0032910875632493684,0.8090205635219412,14.328166895463331,1.7876071337410444,4.055249703375127,16,"{""0"": 0.000977568098290536, ""1"": 0.0085952444982289, ""2"": 0.0016474456081092335, ""3"": 0.004243268897257288, ""4"": 0.002342409833272121, ""5"": 0.0019405884443381267}"
control,400,p0.10,nan,1.0,4,0.1,39.900000000000006,40.0375,24,60,16015,7875,1.5634948454436655,80,0.1593540273262996,0.0031870805465259926,1.017174906403403,14.521307434738922,1.7875985442661022,3.9335421759099334,16,"{""0"": 0.001470194905099757, ""1"": 0.007701919463346316, ""2"": 0.0018563824236472622, ""3"": 0.00434769415244746, ""4"": 0.0021548620086500603, ""5"": 0.0015914303259651006}"
control,400,p0.10,nan,1.0,4,0.1,39.900000000000006,40.0375,24,60,16015,7875,1.5634948454436655,90,0.14255795377404082,0.0028511590754808167,2.301060137686352,14.710410201652355,1.791993532759327,3.8486525786628025,16,"{""0"": 0.0023299938254813246, ""1"": 0.006025182033992939, ""2"": 0.0015766681969401127, ""3"": 0.003838250012761906, ""4"": 0.002207940469036075, ""5"": 0.0011289199146725405}"
control,400,p0.10,nan,1.0,4,0.1,39.900000000000006,40.0375,24,60,16015,7875,1.5634948454436655,100,0.1530648304672562,0.0030612966093451245,0.5866699040807571,14.81262921950151,1.796822239496378,3.825113307628412,16,"{""0"": 0.0020947983845436445, ""1"": 0.006745569406170012, ""2"": 0.0015205370476627088, ""3"": 0.00442675469788689, ""4"": 0.0024748658412676303, ""5"": 0.0011052542785398589}"
control,400,p0.10,nan,1.0,4,0.1,39.900000000000006,40.0375,24,60,16015,7875,1.5634948454436655,110,0.157196139590686,0.0031439227918137204,0.661181190732959,14.906226986309393,1.8022630773786443,3.792882448844573,16,"{""0"": 0.0022379862205859297, ""1"": 0.006778714215271249, ""2"": 0.0015394280215634136, ""3"": 0.004542237001187719, ""4"": 0.0027100499705100113, ""5"": 0.0010551213217639974}"
control,400,p0.10,nan,1.0,4,0.1,39.900000000000006,40.0375,24,60,16015,7875,1.5634948454436655,120,0.15704139106753587,0.0031408278213507176,0.4995214828899206,14.971527001653909,1.8044906952077244,3.782774208893813,16,"{""0"": 0.002276000758317646, ""1"": 0.006060392986260127, ""2"": 0.001555308177612581, ""3"": 0.005023441808964365, ""4"": 0.002811159263954691, ""5"": 0.001118663932994898}"
control,400,p0.10,nan,1.0,4,0.1,39.900000000000006,40.0375,24,60,16015,7875,1.5634948454436655,130,0.14119150699678637,0.0028238301399357278,0.9181188456235398,15.089109324230376,1.8127951833837372,3.7744520869121203,16,"{""0"": 0.002586460423958681, ""1"": 0.0035560851564441776, ""2"": 0.0016223636510399118, ""3"": 0.005245713364988252, ""4"": 0.0028826694611364043, ""5"": 0.0010496887820469394}"
control,400,p0.10,nan,1.0,4,0.1,39.900000000000006,40.0375,24,60,16015,7875,1.5634948454436655,140,0.14102057827801326,0.002820411565560266,0.5213970427309385,15.183471834987198,1.813392277750581,3.8081692386268458,16,"{""0"": 0.0021696789421810575, ""1"": 0.0037053027286199232, ""2"": 0.0016159047669882722, ""3"": 0.005590866446023264, ""4"": 0.0028092711867611607, ""5"": 0.0010314453227879177}"
control,400,p0.10,nan,1.0,4,0.1,39.900000000000006,40.0375,24,60,16015,7875,1.5634948454436655,150,0.13380828565298536,0.0026761657130597075,0.7132634064231407,15.236572669597692,1.8119829040467395,3.8846854921925185,16,"{""0"": 0.001943485641465926, ""1"": 0.0036067363038622723, ""2"": 0.0016240321678597676, ""3"": 0.005172746339475437, ""4"": 0.002608581056613967, ""5"": 0.0011014127690808732}"
control,400,p0.10,nan,1.0,4,0.1,39.900000000000006,40.0375,24,60,16015,7875,1.5634948454436655,160,0.13139340985106052,0.0026278681970212108,0.4019288120431158,15.274065663611143,1.8119478917420826,3.932437974696475,16,"{""0"": 0.0018776741291052245, ""1"": 0.003540683390828502, ""2"": 0.0016878902979841758, ""3"": 0.0051695137239984364, ""4"": 0.002360974966382496, ""5"": 0.0011304726738284295}"
control,400,p0.10,nan,1.0,4,0.1,39.900000000000006,40.0375,24,60,16015,7875,1.5634948454436655,170,0.12867713018516846,0.0025735426037033697,0.08058997732082195,15.327878991125084,1.8103915184958599,3.9528618672636244,16,"{""0"": 0.001999891061035884, ""1"": 0.0033202437085085037, ""2"": 0.0017349911554199189, ""3"": 0.004927173790006421, ""4"": 0.002499995040216056, ""5"": 0.000958960867033432}"
control,400,p0.10,nan,1.0,4,0.1,39.900000000000006,40.0375,24,60,16015,7875,1.5634948454436655,180,0.1299820442074519,0.002599640884149038,0.3259025139239955,15.33585720939256,1.8041281054793694,3.8878543131496643,16,"{""0"": 0.0019189692261996735, ""1"": 0.0037408810231187154, ""2"": 0.0015728587788207775, ""3"": 0.00505021395270967, ""4"": 0.0024406992776584272, ""5"": 0.0008742230463869673}"
control,400,p0.10,nan,1.0,4,0.1,39.900000000000006,40.0375,24,60,16015,7875,1.5634948454436655,190,0.13602616606540371,0.0027205233213080746,0.6822193697664835,15.39956729497232,1.8047806126945787,3.845041627641062,16,"{""0"": 0.0018888127601068589, ""1"": 0.0042101335976317275, ""2"": 0.001558331302124184, ""3"": 0.005650616079045322, ""4"": 0.0021401715110039602, ""5"": 0.0008750746779363952}"
control,400,p0.10,nan,1.0,4,0.1,39.900000000000006,40.0375,24,60,16015,7875,1.5634948454436655,200,0.1325169572170985,0.0026503391443419705,0.49164146140988846,15.466233051558385,1.8027400468437813,3.857127669806666,16,"{""0"": 0.001715402979696419, ""1"": 0.004312561507511442, ""2"": 0.0014869181478050874, ""3"": 0.005502115769868034, ""4"": 0.001997218669078315, ""5"": 0.0008878177920925271}"
control,400,p0.20,nan,1.0,4,0.2,79.80000000000001,79.455,59,108,31782,7875,1.5764024569305042,0,1.0142151870801872,0.020284303741603747,nan,0.0,1.5764024569305042,11.880878136298564,23,"{""0"": 0.019579300579613372, ""1"": 0.023046112363150767, ""2"": 0.020462542741796867, ""3"": 0.01915043955726188, ""4"": 0.022341595679141357, ""5"": 0.01712583152865825}"
control,400,p0.20,nan,1.0,4,0.2,79.80000000000001,79.455,59,108,31782,7875,1.5764024569305042,10,0.3236144360866261,0.006472288721732522,0.6123189970820325,11.895399383945072,1.9434508984481738,3.535088702256212,12,"{""0"": 0.014717548653454723, ""1"": 0.008106136878010935, ""2"": 0.004225906605493586, ""3"": 0.007727606362653327, ""4"": 0.0008270148955824855, ""5"": 0.0032295189352000825}"
control,400,p0.20,nan,1.0,4,0.2,79.80000000000001,79.455,59,108,31782,7875,1.5764024569305042,20,0.1537140216017504,0.0030742804320350084,0.5333181714267731,12.787963398541955,1.9165086605061703,3.6292225313951976,11,"{""0"": 0.004763869371961525, ""1"": 0.001470735880200556, ""2"": 0.004487478615991936, ""3"": 0.0009027737661845434, ""4"": 0.0012552608777083424, ""5"": 0.0055655640801631455}"
control,400,p0.20,nan,1.0,4,0.2,79.80000000000001,79.455,59,108,31782,7875,1.5764024569305042,30,0.10961702693447416,0.0021923405386894833,0.17998047052340727,13.106714036301778,1.9077996400385273,3.612690160982502,11,"{""0"": 0.0034045282184897866, ""1"": 0.0012308241378607746, ""2"": 0.0041150074042889985, ""3"": 0.0007008701645817377, ""4"": 0.0009328039906771217, ""5"": 0.0027700093162384798}"
control,400,p0.20,nan,1.0,4,0.2,79.80000000000001,79.455,59,108,31782,7875,1.5764024569305042,40,0.11347039119454234,0.0022694078238908472,0.4016989002163443,13.48131334903325,1.9257855313600176,3.465251368422851,10,"{""0"": 0.005343867392125976, ""1"": 0.0007221779843762137, ""2"": 0.0035660662992137797, ""3"": 0.0018905678215793867, ""4"": 0.0007602940813480747, ""5"": 0.0013334733647016547}"
control,400,p0.20,nan,1.0,4,0.2,79.80000000000001,79.455,59,108,31782,7875,1.5764024569305042,50,0.09763774589607985,0.0019527549179215974,1.7362853352829015,13.843175724243004,1.9193748719984796,3.3308450243773704,10,"{""0"": 0.0020723562103778124, ""1"": 0.0006840700250951852, ""2"": 0.003110537776356316, ""3"": 0.0044714210027994574, ""4"": 0.0005104434558440686, ""5"": 0.000867701037056743}"
control,400,p0.20,nan,1.0,4,0.2,79.80000000000001,79.455,59,108,31782,7875,1.5764024569305042,60,0.07488201037097915,0.001497640207419583,7.414770483748173,14.114252082635486,1.905324101653794,3.360214206121417,10,"{""0"": 0.0015486120267234071, ""1"": 0.0006627524184005171, ""2"": 0.002651725403937212, ""3"": 0.002449306924690281, ""4"": 0.0005603360427543322, ""5"": 0.0011131084280117478}"
control,400,p0.20,nan,1.0,4,0.2,79.80000000000001,79.455,59,108,31782,7875,1.5764024569305042,70,0.06506555596883698,0.00130131111937674,0.15708442037907377,14.273257328998325,1.9058420754930456,3.3803459524821577,10,"{""0"": 0.0013603310910137592, ""1"": 0.0007247268150632653, ""2"": 0.0016974809932535557, ""3"": 0.0024096830675752008, ""4"": 0.0006347881664986719, ""5"": 0.0009808565828559857}"
control,400,p0.20,nan,1.0,4,0.2,79.80000000000001,79.455,59,108,31782,7875,1.5764024569305042,80,0.05799245473265865,0.0011598490946531732,1.6085316184211988,14.450224214065045,1.9139084986668786,3.3589374366621607,9,"{""0"": 0.00119580106000798, ""1"": 0.0006050385664570625, ""2"": 0.0013846445599766523, ""3"": 0.0020019185603543056, ""4"": 0.0007733095221812142, ""5"": 0.0009983822989418243}"
control,400,p0.20,nan,1.0,4,0.2,79.80000000000001,79.455,59,108,31782,7875,1.5764024569305042,90,0.06097244337543484,0.001219448867508697,2.4826773851128783,14.563930490649636,1.9266509967013852,3.340118224896022,9,"{""0"": 0.0015704363310648055, ""1"": 0.0006801590182066947, ""2"": 0.001203388825424505, ""3"": 0.0022767687800872493, ""4"": 0.0006805898168129733, ""5"": 0.0009053504334559533}"
control,400,p0.20,nan,1.0,4,0.2,79.80000000000001,79.455,59,108,31782,7875,1.5764024569305042,100,0.05880731663033183,0.0011761463326066368,0.16733167447135203,14.673225880268074,1.92398793968042,3.315892048473572,9,"{""0"": 0.0014414818587546226, ""1"": 0.0006556485076557832, ""2"": 0.0011458278885694566, ""3"": 0.0022596049241185735, ""4"": 0.0007000875138274363, ""5"": 0.0008542273027139476}"
control,400,p0.20,nan,1.0,4,0.2,79.80000000000001,79.455,59,108,31782,7875,1.5764024569305042,110,0.05424464745512669,0.001084892949102534,0.25650119346494094,14.70645655740036,1.9233788347552911,3.302574000341391,9,"{""0"": 0.0012724278396250386, ""1"": 0.0006806982033214816, ""2"": 0.0010410628226570342, ""3"": 0.0020307783373172553, ""4"": 0.0006360218293497571, ""5"": 0.0008483686623446373}"
control,400,p0.20,nan,1.0,4,0.2,79.80000000000001,79.455,59,108,31782,7875,1.5764024569305042,120,0.05367225682006656,0.0010734451364013313,2.1441139541228895,14.787302565975095,1.926079760501219,3.2748460956378844,9,"{""0"": 0.0013296544152003446, ""1"": 0.0006132590665607218, ""2"": 0.0009486631189926743, ""3"": 0.0021964274966240534, ""4"": 0.0006222630998893792, ""5"": 0.0007304036211408144}"
control,400,p0.20,nan,1.0,4,0.2,79.80000000000001,79.455,59,108,31782,7875,1.5764024569305042,130,0.05378729170188689,0.0010757458340377379,0.10815133547843585,14.870636257365925,1.921699772046957,3.265802025181851,9,"{""0"": 0.0014572155338705734, ""1"": 0.0005379774540276202, ""2"": 0.0009729711418895417, ""3"": 0.0021810268803165948, ""4"": 0.0005729841127319257, ""5"": 0.0007322998813901703}"
control,400,p0.20,nan,1.0,4,0.2,79.80000000000001,79.455,59,108,31782,7875,1.5764024569305042,140,0.051604006524314176,0.0010320801304862836,0.26747411875127935,14.950243330429746,1.923028622413562,3.2612759854837603,9,"{""0"": 0.0012636803700989564, ""1"": 0.0005050775814631641, ""2"": 0.00100031667582921, ""3"": 0.002181469351419843, ""4"": 0.0005721963382406035, ""5"": 0.0006697404658659247}"
control,400,p0.20,nan,1.0,4,0.2,79.80000000000001,79.455,59,108,31782,7875,1.5764024569305042,150,0.04732325360003108,0.0009464650720006217,0.25726290356220055,15.01684613150215,1.9154549362821538,3.2827301122451917,9,"{""0"": 0.0010122064659397862, ""1"": 0.00045446347160081813, ""2"": 0.0010481318541948497, ""3"": 0.0018451594312070534, ""4"": 0.0005549621890921363, ""5"": 0.0007638670199690862}"
control,400,p0.20,nan,1.0,4,0.2,79.80000000000001,79.455,59,108,31782,7875,1.5764024569305042,160,0.04484048216534902,0.0008968096433069805,0.37031132285216317,15.052194347215812,1.9155997096840645,3.2768281204386627,9,"{""0"": 0.000960411964040259, ""1"": 0.000439929987601436, ""2"": 0.0010328115797853693, ""3"": 0.0017383497912138457, ""4"": 0.0004716585155435397, ""5"": 0.0007376960216574338}"
control,400,p0.20,nan,1.0,4,0.2,79.80000000000001,79.455,59,108,31782,7875,1.5764024569305042,170,0.0443063743954424,0.000886127487908848,0.11572115715450598,15.09180909755308,1.9164615120571193,3.266426899122138,9,"{""0"": 0.0009786476435000063, ""1"": 0.0004254947155559411, ""2"": 0.000983267260510698, ""3"": 0.001816360666177966, ""4"": 0.000457554626706248, ""5"": 0.0006554400150022282}"
control,400,p0.20,nan,1.0,4,0.2,79.80000000000001,79.455,59,108,31782,7875,1.5764024569305042,180,0.04347566732659544,0.0008695133465319089,0.3327282558469169,15.137408821085021,1.914373224129927,3.263942748530138,9,"{""0"": 0.0009270298098742075, ""1"": 0.0004221448706908499, ""2"": 0.0009549336219668332, ""3"": 0.0018542095016527466, ""4"": 0.0004396681621149031, ""5"": 0.0006190941128919134}"
control,400,p0.20,nan,1.0,4,0.2,79.80000000000001,79.455,59,108,31782,7875,1.5764024569305042,190,0.042828288577676406,0.0008565657715535282,0.2918995868418977,15.190636369152475,1.9152917717933495,3.2577974807729935,9,"{""0"": 0.0009333248773668005, ""1"": 0.0004200943650270954, ""2"": 0.0009327681670639222, ""3"": 0.0018297204640128867, ""4"": 0.00041650981542523685, ""5"": 0.000606976940425227}"
control,400,p0.20,nan,1.0,4,0.2,79.80000000000001,79.455,59,108,31782,7875,1.5764024569305042,200,0.040585058355006656,0.0008117011671001333,0.38968312083730045,15.251791168131271,1.9138119551476351,3.2650754795071415,9,"{""0"": 0.000831640133351356, ""1"": 0.0004307180844509373, ""2"": 0.000934153037849692, ""3"": 0.0016631878091362517, ""4"": 0.0004010773679359412, ""5"": 0.0006094305698766214}"
control,400,p0.40,nan,1.0,4,0.4,159.60000000000002,159.09,131,190,63636,7875,1.5137220163978695,0,0.9720128589725614,0.01944025717945123,nan,0.0,1.5137220163978695,11.528254732175307,24,"{""0"": 0.020848765137143847, ""1"": 0.01975278536572898, ""2"": 0.01983682656617026, ""3"": 0.019150063458664955, ""4"": 0.015891067311397836, ""5"": 0.02116203523760151}"
control,400,p0.40,nan,1.0,4,0.4,159.60000000000002,159.09,131,190,63636,7875,1.5137220163978695,10,0.4490906662126317,0.008981813324252635,0.19443457223249067,12.797191152124649,1.865033396604022,3.5541676509997373,13,"{""0"": 0.01868352855554571, ""1"": 0.003033823436136317, ""2"": 0.00919152323648762, ""3"": 0.005424191761568014, ""4"": 0.0018411198503705977, ""5"": 0.01571669310540755}"
control,400,p0.40,nan,1.0,4,0.4,159.60000000000002,159.09,131,190,63636,7875,1.5137220163978695,20,0.3541258724545818,0.007082517449091637,7.529413177459757,14.39898428289841,1.8061818301783739,3.8597596286185896,14,"{""0"": 0.009082064551716727, ""1"": 0.013306069634309992, ""2"": 0.011484133126763047, ""3"": 0.002208539059099044, ""4"": 0.0019329007890679783, ""5"": 0.004481397533593031}"
control,400,p0.40,nan,1.0,4,0.4,159.60000000000002,159.09,131,190,63636,7875,1.5137220163978695,30,0.25407758377962514,0.005081551675592504,0.8253018053675096,14.62969269661715,1.840288962811064,3.5506767414444322,14,"{""0"": 0.0022983612765309935, ""1"": 0.006541833115957321, ""2"": 0.01090976945704782, ""3"": 0.0024179936404591373, ""4"": 0.003956103053916527, ""5"": 0.004365249509643225}"
control,400,p0.40,nan,1.0,4,0.4,159.60000000000002,159.09,131,190,63636,7875,1.5137220163978695,40,0.24608603438325108,0.004921720687665022,0.42506478321327695,14.815577546104555,1.892113990562519,3.9529601078397643,15,"{""0"": 0.0042626590505782744, ""1"": 0.00438102702112626, ""2"": 0.009503366069214161, ""3"": 0.004170084921856295, ""4"": 0.0024020887311218104, ""5"": 0.00481109833209333}"
control,400,p0.40,nan,1.0,4,0.4,159.60000000000002,159.09,131,190,63636,7875,1.5137220163978695,50,0.16542175924060076,0.0033084351848120157,5.047432879939225,15.264295791756886,1.8825241738000158,4.083654544709996,15,"{""0"": 0.0029188481812314837, ""1"": 0.0038740679777064606, ""2"": 0.0032913847385057154, ""3"": 0.0041301063618428896, ""4"": 0.0034287646996981544, ""5"": 0.002207439149887391}"
control,400,p0.40,nan,1.0,4,0.4,159.60000000000002,159.09,131,190,63636,7875,1.5137220163978695,60,0.17479356402736848,0.0034958712805473703,0.8355452827317539,15.300380104591468,1.8739388050486803,3.95275112795543,15,"{""0"": 0.007353681266099052, ""1"": 0.0033253069055723164, ""2"": 0.003782636316757834, ""3"": 0.002947944688427296, ""4"": 0.0018277073748012775, ""5"": 0.0017379511316264415}"
control,400,p0.40,nan,1.0,4,0.4,159.60000000000002,159.09,131,190,63636,7875,1.5137220163978695,70,0.1724058599420665,0.0034481171988413307,0.10906183263510438,15.426953451884525,1.882770519048064,3.940189251056022,15,"{""0"": 0.006799554918297349, ""1"": 0.00395307929702434, ""2"": 0.002944198820917787, ""3"": 0.003224773846308314, ""4"": 0.0024783528708346375, ""5"": 0.001288743439665556}"
control,400,p0.40,nan,1.0,4,0.4,159.60000000000002,159.09,131,190,63636,7875,1.5137220163978695,80,0.14551640162805782,0.0029103280325611567,0.7045118396937887,15.523861243920745,1.8882581599341943,3.9832658436006603,15,"{""0"": 0.00400248764950962, ""1"": 0.003551955507450444, ""2"": 0.003152393915501068, ""3"": 0.0032566602202206106, ""4"": 0.0021411782956594905, ""5"": 0.00135729260702571}"
control,400,p0.40,nan,1.0,4,0.4,159.60000000000002,159.09,131,190,63636,7875,1.5137220163978695,90,0.1633423608883896,0.0032668472177677923,0.6447793918745243,15.694901787084001,1.9040461988194999,3.9221404505866047,15,"{""0"": 0.004948769726252437, ""1"": 0.0038517835987502405, ""2"": 0.003260048583772146, ""3"": 0.0030647853576628485, ""4"": 0.0033886655500546597, ""5"": 0.0010870304901144255}"
control,400,p0.40,nan,1.0,4,0.4,159.60000000000002,159.09,131,190,63636,7875,1.5137220163978695,100,0.15722260311536987,0.003144452062307398,0.5671500518096663,15.797723405879966,1.9006350697512315,3.9323134622907623,15,"{""0"": 0.005132117315847638, ""1"": 0.0038398579355314252, ""2"": 0.0033697063405851145, ""3"": 0.002700023651534678, ""4"": 0.0027524206508581436, ""5"": 0.0010725864794873883}"
control,400,p0.40,nan,1.0,4,0.4,159.60000000000002,159.09,131,190,63636,7875,1.5137220163978695,110,0.17553324155404168,0.003510664831080834,0.3366663006781366,15.92545645876153,1.8960871982497463,3.9270558878927853,15,"{""0"": 0.00785941919193529, ""1"": 0.003367176544808079, ""2"": 0.0036293110733131967, ""3"": 0.0025707545163336553, ""4"": 0.0024203183978716335, ""5"": 0.0012170092622231512}"
control,400,p0.40,nan,1.0,4,0.4,159.60000000000002,159.09,131,190,63636,7875,1.5137220163978695,120,0.17793542039310756,0.0035587084078621514,0.6246987376923614,16.024528461805264,1.8970188498719058,3.891131347006428,15,"{""0"": 0.008526501870574549, ""1"": 0.0028003379544276814, ""2"": 0.0036051747322019085, ""3"": 0.002844847675152632, ""4"": 0.0023523936147078505, ""5"": 0.0012229946001082906}"
control,400,p0.40,nan,1.0,4,0.4,159.60000000000002,159.09,131,190,63636,7875,1.5137220163978695,130,0.15966994325602968,0.0031933988651205937,0.9690633123980943,16.161888085797713,1.8884450178927996,3.862273294439965,15,"{""0"": 0.005397873892283099, ""1"": 0.0019058661394972636, ""2"": 0.0031209017725825614, ""3"": 0.003559496765606193, ""4"": 0.00401301149875529, ""5"": 0.0011632431219991538}"
control,400,p0.40,nan,1.0,4,0.4,159.60000000000002,159.09,131,190,63636,7875,1.5137220163978695,140,0.13876927802614,0.0027753855605228005,0.5521317512895108,16.25804168982405,1.8891704542279175,3.8859828940202563,15,"{""0"": 0.0030472663308762533, ""1"": 0.0016960258129063328, ""2"": 0.0031811799797061015, ""3"": 0.0036317641660989857, ""4"": 0.003925639006893911, ""5"": 0.0011704380666552184}"
control,400,p0.40,nan,1.0,4,0.4,159.60000000000002,159.09,131,190,63636,7875,1.5137220163978695,150,0.12571711520796966,0.0025143423041593936,0.6875460444337697,16.301884503920604,1.8877719962634818,3.904740541508037,15,"{""0"": 0.0023214076416043588, ""1"": 0.0016729783406059851, ""2"": 0.003417323520212079, ""3"": 0.0031922025932783794, ""4"": 0.0031558199930121814, ""5"": 0.001326321736243375}"
control,400,p0.40,nan,1.0,4,0.4,159.60000000000002,159.09,131,190,63636,7875,1.5137220163978695,160,0.11460788287104857,0.002292157657420972,2.571284102642355,16.29575798469883,1.8903251705005197,3.889215511720141,15,"{""0"": 0.001794325942762342, ""1"": 0.0015368421937912372, ""2"": 0.003407379757086619, ""3"": 0.0031723115994512926, ""4"": 0.002103370961701303, ""5"": 0.001738715489733036}"
control,400,p0.40,nan,1.0,4,0.4,159.60000000000002,159.09,131,190,63636,7875,1.5137220163978695,170,0.11320950087555819,0.002264190017511164,0.3772553130400814,16.369254231901202,1.8923051964032045,3.8472617497404937,15,"{""0"": 0.0021005102971091683, ""1"": 0.0015463262009645605, ""2"": 0.0033280770181252327, ""3"": 0.003051683961488481, ""4"": 0.0019892819140188167, ""5"": 0.0015692607133607251}"
control,400,p0.40,nan,1.0,4,0.4,159.60000000000002,159.09,131,190,63636,7875,1.5137220163978695,180,0.11075876557626446,0.0022151753115252897,0.9072260072281658,16.427433440781606,1.8901592651901904,3.8591701342689353,14,"{""0"": 0.001984061279714018, ""1"": 0.001682742571710983, ""2"": 0.00330112795125963, ""3"": 0.0030475999386666295, ""4"": 0.002075085659316498, ""5"": 0.0012004344684839784}"
control,400,p0.40,nan,1.0,4,0.4,159.60000000000002,159.09,131,190,63636,7875,1.5137220163978695,190,0.10607785668387573,0.002121557133677515,2.3301327809500063,16.473822272840497,1.8911678236703566,3.8570618420390654,14,"{""0"": 0.0016014056678308644, ""1"": 0.0017271727044183304, ""2"": 0.0033651346295402416, ""3"": 0.0028475864971683417, ""4"": 0.001876932166017882, ""5"": 0.0013111111370894316}"
control,400,p0.40,nan,1.0,4,0.4,159.60000000000002,159.09,131,190,63636,7875,1.5137220163978695,200,0.10148236927911163,0.0020296473855822327,3.133950746530871,16.524178432179298,1.8863190431673926,3.8514992343420626,14,"{""0"": 0.0014608484216630812, ""1"": 0.0020975657752370963, ""2"": 0.0031569394623115234, ""3"": 0.0023462286038326958, ""4"": 0.0017511388873122594, ""5"": 0.0013651631631367393}"
control,400,p0.05,nan,1.0,5,0.05,19.950000000000003,20.0975,8,35,8039,8039,1.4892026568591483,0,0.9565439865347272,0.019130879730694546,nan,0.0,1.4892026568591483,11.999462434431557,23,"{""0"": 0.01961105124784584, ""1"": 0.017043702005651952, ""2"": 0.0217180584191037, ""3"": 0.01758511877031981, ""4"": 0.020919167641560616, ""5"": 0.017908180299685356}"
control,400,p0.05,nan,1.0,5,0.05,19.950000000000003,20.0975,8,35,8039,8039,1.4892026568591483,10,0.6869272313991172,0.013738544627982345,1.1481847144733213,10.95745930660162,1.7470698747460933,3.271840438962761,12,"{""0"": 0.007334575436407869, ""1"": 0.0009338668055082803, ""2"": 0.01099730091641098, ""3"": 0.003438169634915638, ""4"": 0.05275693237883211, ""5"": 0.006970422595819201}"
control,400,p0.05,nan,1.0,5,0.05,19.950000000000003,20.0975,8,35,8039,8039,1.4892026568591483,20,0.2064625439729178,0.004129250879458356,1.3768088241674887,12.497402599833077,1.6792942814359562,3.310531901175734,10,"{""0"": 0.0011174200007892361, ""1"": 0.0007468208429975606, ""2"": 0.00715351599993231, ""3"": 0.0006546298374346313, ""4"": 0.005431883204605795, ""5"": 0.009671235390990603}"
control,400,p0.05,nan,1.0,5,0.05,19.950000000000003,20.0975,8,35,8039,8039,1.4892026568591483,30,0.1495541193059266,0.002991082386118532,2.133788023346354,13.22365796294153,1.70215050821961,3.278645357789735,11,"{""0"": 0.0007953648674015743, ""1"": 0.001120231770855289, ""2"": 0.005027834061929183, ""3"": 0.0006872791813869172, ""4"": 0.0035891409324736424, ""5"": 0.006726643502664586}"
control,400,p0.05,nan,1.0,5,0.05,19.950000000000003,20.0975,8,35,8039,8039,1.4892026568591483,40,0.13772625102858205,0.002754525020571641,0.9723631782487573,13.793317337149189,1.6903312152489791,3.2341078700380947,11,"{""0"": 0.0008498375222221801, ""1"": 0.0015424058153277094, ""2"": 0.004049933358333388, ""3"": 0.00337088101764264, ""4"": 0.0018656192648790332, ""5"": 0.004848473145024898}"
control,400,p0.05,nan,1.0,5,0.05,19.950000000000003,20.0975,8,35,8039,8039,1.4892026568591483,50,0.13742238135787097,0.00274844762715742,2.075476771562466,14.081768605413897,1.7010325455176492,3.1508559048019187,11,"{""0"": 0.0009203060661362528, ""1"": 0.004410813246788476, ""2"": 0.002318417096670107, ""3"": 0.004628150469413682, ""4"": 0.002288838669582842, ""5"": 0.001924160214353159}"
control,400,p0.05,nan,1.0,5,0.05,19.950000000000003,20.0975,8,35,8039,8039,1.4892026568591483,60,0.13204373939454464,0.002640874787890893,0.14440593479947295,14.274281182507963,1.7029641974352059,3.1690273447190505,11,"{""0"": 0.0015534442623667743, ""1"": 0.004870046258872084, ""2"": 0.0018265907945727987, ""3"": 0.00382520918013706, ""4"": 0.0023964406763272777, ""5"": 0.0013735175550693619}"
control,400,p0.05,nan,1.0,5,0.05,19.950000000000003,20.0975,8,35,8039,8039,1.4892026568591483,70,0.15173660949201637,0.0030347321898403275,0.5472454467823751,14.456609477897894,1.7043486304482374,3.130085706562782,11,"{""0"": 0.002106482702907796, ""1"": 0.005165634275384517, ""2"": 0.001796573705830094, ""3"": 0.005327098808746174, ""4"": 0.002643716247667958, ""5"": 0.0011688873985054309}"
control,400,p0.05,nan,1.0,5,0.05,19.950000000000003,20.0975,8,35,8039,8039,1.4892026568591483,80,0.16208520858702105,0.003241704171740421,0.2960246560808349,14.553889424432032,1.703135832466111,3.0676114929464635,11,"{""0"": 0.00235509731152578, ""1"": 0.005640515324097208, ""2"": 0.001666906602023952, ""3"": 0.005648677149556915, ""4"": 0.003174323964820124, ""5"": 0.000964704678418552}"
control,400,p0.05,nan,1.0,5,0.05,19.950000000000003,20.0975,8,35,8039,8039,1.4892026568591483,90,0.15246518546345178,0.003049303709269036,0.08044723407755174,14.630078397277224,1.708787587588049,3.1003735774490795,11,"{""0"": 0.002684868013247421, ""1"": 0.005003344173620127, ""2"": 0.001755360205551106, ""3"": 0.005146021818346272, ""4"": 0.00275147843769096, ""5"": 0.0009547496071583303}"
control,400,p0.05,nan,1.0,5,0.05,19.950000000000003,20.0975,8,35,8039,8039,1.4892026568591483,100,0.1450740778582301,0.002901481557164602,0.8082006180205914,14.758479732887674,1.7153055864242628,3.2118151431949067,11,"{""0"": 0.0023801938433246025, ""1"": 0.003564042702875981, ""2"": 0.002284285989256417, ""3"": 0.0059239696055719045, ""4"": 0.0020860475974369594, ""5"": 0.0011703496045217482}"
control,400,p0.05,nan,1.0,5,0.05,19.950000000000003,20.0975,8,35,8039,8039,1.4892026568591483,110,0.14184219610739932,0.002836843922147987,0.7443456251748276,14.808874267983628,1.7188491376708859,3.184962726455987,11,"{""0"": 0.002760706617162819, ""1"": 0.002545447860201067, ""2"": 0.0023318324655686178, ""3"": 0.006381967238707188, ""4"": 0.0017386671951646383, ""5"": 0.0012624421560835895}"
control,400,p0.05,nan,1.0,5,0.05,19.950000000000003,20.0975,8,35,8039,8039,1.4892026568591483,120,0.11912563986868137,0.002382512797373628,1.1419218227092789,14.922387192842313,1.726162178527363,3.297036776857114,11,"{""0"": 0.002620023320253337, ""1"": 0.0023614656776562376, ""2"": 0.0025165293062885813, ""3"": 0.0036639291194024105, ""4"": 0.001798936139481214, ""5"": 0.0013341932211599853}"
control,400,p0.05,nan,1.0,5,0.05,19.950000000000003,20.0975,8,35,8039,8039,1.4892026568591483,130,0.1120023265310352,0.0022400465306207044,0.15796302485249808,14.993882915029541,1.7306626357018777,3.3525374094398077,11,"{""0"": 0.0026660207495521142, ""1"": 0.00233446100869998, ""2"": 0.0025859695884765887, ""3"": 0.00267160444761599, ""4"": 0.0019939347557828163, ""5"": 0.001188288633596739}"
control,400,p0.05,nan,1.0,5,0.05,19.950000000000003,20.0975,8,35,8039,8039,1.4892026568591483,140,0.11186499235451744,0.002237299847090349,1.055936731696587,15.050958323074328,1.7282549894617845,3.385942480419409,11,"{""0"": 0.0027574025205375037, ""1"": 0.0018581957940808753, ""2"": 0.002756775422947301, ""3"": 0.0031377255359326312, ""4"": 0.0016031685918090582, ""5"": 0.0013105312172347274}"
control,400,p0.05,nan,1.0,5,0.05,19.950000000000003,20.0975,8,35,8039,8039,1.4892026568591483,150,0.10674380701888299,0.00213487614037766,0.46749371902515025,15.110318486622976,1.728981103052514,3.3546904468228944,11,"{""0"": 0.002653951516117544, ""1"": 0.0018174560291429674, ""2"": 0.0028433731185265815, ""3"": 0.0027040672536680545, ""4"": 0.001544457679147811, ""5"": 0.0012459512456630024}"
control,400,p0.05,nan,1.0,5,0.05,19.950000000000003,20.0975,8,35,8039,8039,1.4892026568591483,160,0.10757113741050092,0.0021514227482100187,3.072107307353731,15.177220234503139,1.7275276751146593,3.3596960909005196,11,"{""0"": 0.002661208864097088, ""1"": 0.0018776585787716048, ""2"": 0.0027688923492951334, ""3"": 0.0028412600567330045, ""4"": 0.001443899457708003, ""5"": 0.0013156171826552792}"
control,400,p0.05,nan,1.0,5,0.05,19.950000000000003,20.0975,8,35,8039,8039,1.4892026568591483,170,0.10643921336552606,0.0021287842673105213,0.09561059658189501,15.226890813093416,1.7268172816553458,3.3546176092063953,11,"{""0"": 0.002741704968152234, ""1"": 0.0018208824018164922, ""2"": 0.0023828414895714417, ""3"": 0.003150532223317774, ""4"": 0.0014704172404852852, ""5"": 0.0012063272805199012}"
control,400,p0.05,nan,1.0,5,0.05,19.950000000000003,20.0975,8,35,8039,8039,1.4892026568591483,180,0.09973627890650104,0.001994725578130021,2.9329484868301687,15.26427175041021,1.7227492795251824,3.3693674486968828,11,"{""0"": 0.0029104904589405973, ""1"": 0.002023125145039751, ""2"": 0.002215402002073662, ""3"": 0.002251093995155709, ""4"": 0.0014526565871835664, ""5"": 0.0011155852803868406}"
control,400,p0.05,nan,1.0,5,0.05,19.950000000000003,20.0975,8,35,8039,8039,1.4892026568591483,190,0.100018621741135,0.0020003724348227002,1.0503136730536895,15.322709412053097,1.7245898608472312,3.362857695997189,11,"{""0"": 0.002956438418873172, ""1"": 0.0023344601173223125, ""2"": 0.002048756685412557, ""3"": 0.0022230669733678656, ""4"": 0.0013864618340734959, ""5"": 0.001053050579886799}"
control,400,p0.05,nan,1.0,5,0.05,19.950000000000003,20.0975,8,35,8039,8039,1.4892026568591483,200,0.09791959045825331,0.0019583918091650664,0.2849561604080101,15.351021649640174,1.7233752976326637,3.3432879422513118,11,"{""0"": 0.002919315620580682, ""1"": 0.002430708485649975, ""2"": 0.001998422558006373, ""3"": 0.002059144966334689, ""4"": 0.0013150952145676242, ""5"": 0.001027664009851058}"
control,400,p0.10,nan,1.0,5,0.1,39.900000000000006,39.8375,25,58,15935,8039,1.5081091683112537,0,1.0459103098718092,0.020918206197436187,nan,0.0,1.5081091683112537,8.351081941526708,21,"{""0"": 0.01919394221383602, ""1"": 0.02092207014547526, ""2"": 0.021854951798192645, ""3"": 0.020581864875015947, ""4"": 0.021735138884547513, ""5"": 0.021221269267549716}"
control,400,p0.10,nan,1.0,5,0.1,39.900000000000006,39.8375,25,58,15935,8039,1.5081091683112537,10,0.8155564140791889,0.01631112828158378,0.8069072103797036,13.121424308702977,1.7962250743080421,3.55450649269139,15,"{""0"": 0.013033150893093492, ""1"": 0.001918259320766611, ""2"": 0.0162073212373266, ""3"": 0.011602624949647781, ""4"": 0.03409862110809806, ""5"": 0.021006792180570152}"
control,400,p0.10,nan,1.0,5,0.1,39.900000000000006,39.8375,25,58,15935,8039,1.5081091683112537,20,0.6080213449946483,0.01216042689989297,0.6550961867708696,14.00670228661345,1.8276938078706928,3.4863021430321144,15,"{""0"": 0.008860088308239589, ""1"": 0.001261973589784526, ""2"": 0.012074364473313687, ""3"": 0.007249379419101369, ""4"": 0.015538348350438411, ""5"": 0.027978407258480237}"
control,400,p0.10,nan,1.0,5,0.1,39.900000000000006,39.8375,25,58,15935,8039,1.5081091683112537,30,0.49343506273014015,0.009868701254602805,0.64390862535948,14.490188833101247,1.847168724318477,3.6513072126292405,15,"{""0"": 0.006596157220681381, ""1"": 0.0006755172711506658, ""2"": 0.011845915811000541, ""3"": 0.008395112136539243, ""4"": 0.012378719133671928, ""5"": 0.019320785954573063}"
control,400,p0.10,nan,1.0,5,0.1,39.900000000000006,39.8375,25,58,15935,8039,1.5081091683112537,40,0.28471842427929345,0.00569436848558587,1.4766749871721074,15.193928442754862,1.7447629620672251,3.6611599806057544,15,"{""0"": 0.005479034844129554, ""1"": 0.0009089492464324904, ""2"": 0.00586412454448768, ""3"": 0.011514160817778438, ""4"": 0.007584768576147732, ""5"": 0.0028151728845393245}"
control,400,p0.10,nan,1.0,5,0.1,39.900000000000006,39.8375,25,58,15935,8039,1.5081091683112537,50,0.2667272893838138,0.005334545787676277,0.28047603872463067,15.394467578761134,1.7932190671036299,3.827976498082244,15,"{""0"": 0.004948604062583449, ""1"": 0.0009997625054256158, ""2"": 0.003964336123400499, ""3"": 0.011916068073732546, ""4"": 0.008074688564742171, ""5"": 0.0021038153961733764}"
control,400,p0.10,nan,1.0,5,0.1,39.900000000000006,39.8375,25,58,15935,8039,1.5081091683112537,60,0.23570501657491255,0.004714100331498251,2.6407045545036785,15.532726676720683,1.8167012723508962,3.7726016525141834,15,"{""0"": 0.004689467476876571, ""1"": 0.0007698877198743365, ""2"": 0.003107305293940622, ""3"": 0.010342603366647059, ""4"": 0.007327012233230583, ""5"": 0.0020483258984203383}"
control,400,p0.10,nan,1.0,5,0.1,39.900000000000006,39.8375,25,58,15935,8039,1.5081091683112537,70,0.20160939867101313,0.004032187973420263,1.0816177341111175,15.708440708645433,1.827806924231883,3.7932006022565172,15,"{""0"": 0.0045867545737375915, ""1"": 0.0008066412314843844, ""2"": 0.0030933412094911205, ""3"": 0.00838882081910861, ""4"": 0.005785591843560749, ""5"": 0.0015319781631391225}"
control,400,p0.10,nan,1.0,5,0.1,39.900000000000006,39.8375,25,58,15935,8039,1.5081091683112537,80,0.18482764092562756,0.003696552818512552,6.48014198549385,15.821965663737629,1.8417895735185081,3.852854127878266,15,"{""0"": 0.004135074993945437, ""1"": 0.0006886504558707308, ""2"": 0.0023996680005932062, ""3"": 0.007074544983230603, ""4"": 0.006459120856590272, ""5"": 0.0014222576208450602}"
control,400,p0.10,nan,1.0,5,0.1,39.900000000000006,39.8375,25,58,15935,8039,1.5081091683112537,90,0.1281029209222255,0.0025620584184445102,17.003847229906135,15.941597768344637,1.8082024186553782,4.005945172275607,15,"{""0"": 0.002232962905169426, ""1"": 0.001307185032947391, ""2"": 0.0028395069410363984, ""3"": 0.003358329569225161, ""4"": 0.004671616261772296, ""5"": 0.0009627498005163896}"
control,400,p0.10,nan,1.0,5,0.1,39.900000000000006,39.8375,25,58,15935,8039,1.5081091683112537,100,0.11758619137220369,0.002351723827444074,0.37354579052054665,16.096155046918852,1.79230228785977,3.964112818949154,15,"{""0"": 0.0016094537883147224, ""1"": 0.0022151784214207346, ""2"": 0.0031549874982545294, ""3"": 0.0026261929657282876, ""4"": 0.0036728819856959383, ""5"": 0.0008316483052502336}"
control,400,p0.10,nan,1.0,5,0.1,39.900000000000006,39.8375,25,58,15935,8039,1.5081091683112537,110,0.10331996761432582,0.002066399352286517,0.6441892826515637,16.106987335297557,1.8053454323058917,3.942971806659577,14,"{""0"": 0.001444419172530228, ""1"": 0.0019003046959300157, ""2"": 0.0029405740828011475, ""3"": 0.0024608636132177598, ""4"": 0.002739333168588717, ""5"": 0.0009129013806512331}"
control,400,p0.10,nan,1.0,5,0.1,39.900000000000006,39.8375,25,58,15935,8039,1.5081091683112537,120,0.11115079371363482,0.0022230158742726964,1.039346942327489,16.18792408073655,1.7667279608008641,4.036678899358198,15,"{""0"": 0.0009928489705226342, ""1"": 0.0021047972857057206, ""2"": 0.004168906728583685, ""3"": 0.0028483797081912685, ""4"": 0.002297599266881332, ""5"": 0.0009255632857515384}"
control,400,p0.10,nan,1.0,5,0.1,39.900000000000006,39.8375,25,58,15935,8039,1.5081091683112537,130,0.1333827309727632,0.002667654619455264,0.23005304519799397,16.284059705513307,1.7575781126017729,3.9042665733178343,14,"{""0"": 0.0011007151357243171, ""1"": 0.002632118669598295, ""2"": 0.004814863568168468, ""3"": 0.0017755750773591193, ""4"": 0.004893812184041056, ""5"": 0.0007888430818403337}"
control,400,p0.10,nan,1.0,5,0.1,39.900000000000006,39.8375,25,58,15935,8039,1.5081091683112537,140,0.11839798841276035,0.002367959768255207,1.600276657693483,16.362974357394148,1.7598565199287493,3.850306717985874,14,"{""0"": 0.0012499089844716818, ""1"": 0.002615549414472427, ""2"": 0.0036893015029373097, ""3"": 0.0019708756090570283, ""4"": 0.0037705909332171454, ""5"": 0.0009115321653756506}"
control,400,p0.10,nan,1.0,5,0.1,39.900000000000006,39.8375,25,58,15935,8039,1.5081091683112537,150,0.12748233874388928,0.002549646774877786,2.3071051737463137,16.43066849798384,1.7601183453161466,3.80310376892592,14,"{""0"": 0.0012034616072500756, ""1"": 0.0029176642449800613, ""2"": 0.0037053435208578207, ""3"": 0.0018888324612541187, ""4"": 0.004725531486008508, ""5"": 0.0008570473289161334}"
control,400,p0.10,nan,1.0,5,0.1,39.900000000000006,39.8375,25,58,15935,8039,1.5081091683112537,160,0.12211446373925146,0.0024422892747850296,0.5270299846036437,16.499346000227895,1.757451207235087,3.782820976290857,14,"{""0"": 0.001196917350027556, ""1"": 0.00213218761193885, ""2"": 0.004341615888192088, ""3"": 0.001822134160629358, ""4"": 0.004212345593270526, ""5"": 0.0009485350446517982}"
control,400,p0.10,nan,1.0,5,0.1,39.900000000000006,39.8375,25,58,15935,8039,1.5081091683112537,170,0.11745509768906769,0.002349101953781354,0.3020271457200134,16.534023272738867,1.755791178573951,3.75314743025278,14,"{""0"": 0.0012599525647274711, ""1"": 0.002020287439154383, ""2"": 0.003780718625544647, ""3"": 0.0018622417695315723, ""4"": 0.004239819483707606, ""5"": 0.0009315918400224441}"
control,400,p0.10,nan,1.0,5,0.1,39.900000000000006,39.8375,25,58,15935,8039,1.5081091683112537,180,0.11157529062856862,0.002231505812571373,1.7038816671149244,16.58779509715763,1.7522804031354857,3.753697347051662,13,"{""0"": 0.0010822380467244291, ""1"": 0.0016237935940199798, ""2"": 0.0037861223007139904, ""3"": 0.0016019074959142462, ""4"": 0.0043761947410265595, ""5"": 0.0009187786970290314}"
control,400,p0.10,nan,1.0,5,0.1,39.900000000000006,39.8375,25,58,15935,8039,1.5081091683112537,190,0.12759961627334754,0.0025519923254669515,0.5572623438247781,16.649711949416872,1.7519984444699799,3.760348793218575,14,"{""0"": 0.0012365491934686187, ""1"": 0.0025274129285477133, ""2"": 0.004019083144916902, ""3"": 0.001405006375260123, ""4"": 0.00527637605238118, ""5"": 0.0008475262582271698}"
control,400,p0.10,nan,1.0,5,0.1,39.900000000000006,39.8375,25,58,15935,8039,1.5081091683112537,200,0.12620749358311603,0.002524149871662321,1.070560089459114,16.677411677223727,1.7460484850615055,3.7608947809870656,13,"{""0"": 0.0012313469894091912, ""1"": 0.002332745517825863, ""2"": 0.003830133114560681, ""3"": 0.0012771571616140163, ""4"": 0.005684997804471295, ""5"": 0.0007885186420928794}"
control,400,p0.20,nan,1.0,5,0.2,79.80000000000001,79.4775,56,100,31791,8039,1.5254740004762695,0,1.0655168480832524,0.021310336961665052,nan,0.0,1.5254740004762695,10.497080614431873,23,"{""0"": 0.023467969622863776, ""1"": 0.02172263838378357, ""2"": 0.020307681530048822, ""3"": 0.021955479480487275, ""4"": 0.02114953945114558, ""5"": 0.019258713301661297}"
control,400,p0.20,nan,1.0,5,0.2,79.80000000000001,79.4775,56,100,31791,8039,1.5254740004762695,10,0.3378870607245187,0.006757741214490375,1.307022959117316,11.283360163491881,1.7714440044688908,3.557069622550936,12,"{""0"": 0.0018430723249102208, ""1"": 0.0029827808033761768, ""2"": 0.0021441354924227754, ""3"": 0.006783724801220445, ""4"": 0.02330908034558787, ""5"": 0.00348365351942476}"
control,400,p0.20,nan,1.0,5,0.2,79.80000000000001,79.4775,56,100,31791,8039,1.5254740004762695,20,0.22593891096596577,0.004518778219319316,1.0377625533030206,12.097393774879349,1.73893837061516,3.33733891334425,10,"{""0"": 0.00047323074068049767, ""1"": 0.0007363802592278473, ""2"": 0.0031867408455951833, ""3"": 0.0017315398122908048, ""4"": 0.015564955995783194, ""5"": 0.005419821662338369}"
control,400,p0.20,nan,1.0,5,0.2,79.80000000000001,79.4775,56,100,31791,8039,1.5254740004762695,30,0.1419492390805165,0.00283898478161033,0.16743207239783695,12.616550165176163,1.7606251089862834,3.312704978561588,9,"{""0"": 0.0004606402453591527, ""1"": 0.0014220627192277038, ""2"": 0.0023268115728000936, ""3"": 0.0019357296236057347, ""4"": 0.007241593234334949, ""5"": 0.0036470712943343425}"
control,400,p0.20,nan,1.0,5,0.2,79.80000000000001,79.4775,56,100,31791,8039,1.5254740004762695,40,0.12224793503328849,0.00244495870066577,0.7060529910418143,13.072168979584237,1.7634220847818876,3.315123714454974,9,"{""0"": 0.0006454057661329257, ""1"": 0.0009654580494410144, ""2"": 0.001725466836529546, ""3"": 0.004871097498620877, ""4"": 0.0033760549656451115, ""5"": 0.0030862690876251454}"
control,400,p0.20,nan,1.0,5,0.2,79.80000000000001,79.4775,56,100,31791,8039,1.5254740004762695,50,0.09389946388685073,0.0018779892777370149,0.45437857627758077,13.40001452731718,1.7471963986038794,3.3745442912971773,9,"{""0"": 0.0004766029144051153, ""1"": 0.0016397238112142345, ""2"": 0.0014607318922150831, ""3"": 0.002748912687168252, ""4"": 0.0041020315185131655, ""5"": 0.0008399328429062386}"
control,400,p0.20,nan,1.0,5,0.2,79.80000000000001,79.4775,56,100,31791,8039,1.5254740004762695,60,0.07705272904737565,0.0015410545809475132,0.3506285484836477,13.57211205795208,1.7507592605914521,3.343147215660224,9,"{""0"": 0.0004804036641641842, ""1"": 0.0012916616113744334, ""2"": 0.0016145635123744006, ""3"": 0.002449229391077836, ""4"": 0.00269834357711904, ""5"": 0.0007121257295751842}"
control,400,p0.20,nan,1.0,5,0.2,79.80000000000001,79.4775,56,100,31791,8039,1.5254740004762695,70,0.07177783152006349,0.00143555663040127,0.7080836718317399,13.737286232916734,1.733185948676342,3.3227421631930474,9,"{""0"": 0.000417572821422704, ""1"": 0.0010329568564838828, ""2"": 0.0018757646784506219, ""3"": 0.0026618593719865383, ""4"": 0.0019111956125825009, ""5"": 0.0007139904414813726}"
control,400,p0.20,nan,1.0,5,0.2,79.80000000000001,79.4775,56,100,31791,8039,1.5254740004762695,80,0.07499508605758173,0.0014999017211516348,0.10746721300217062,13.873663407158599,1.7338596516634317,3.328431290155455,9,"{""0"": 0.0004317501451876505, ""1"": 0.0009992631397018606, ""2"": 0.0018660822911837735, ""3"": 0.0032110796233656563, ""4"": 0.0017992218918957044, ""5"": 0.0006920132355751653}"
control,400,p0.20,nan,1.0,5,0.2,79.80000000000001,79.4775,56,100,31791,8039,1.5254740004762695,90,0.05885538437117391,0.0011771076874234783,0.12076611908627032,13.90081773203607,1.7393487413849797,3.2781317201012743,9,"{""0"": 0.0003748356660908766, ""1"": 0.0008488420785787369, ""2"": 0.001921199702496133, ""3"": 0.001572040878885252, ""4"": 0.0016210214758627089, ""5"": 0.0007247063226271621}"
control,400,p0.20,nan,1.0,5,0.2,79.80000000000001,79.4775,56,100,31791,8039,1.5254740004762695,100,0.057492948663593724,0.0011498589732718747,0.3469923229471375,13.988464495619391,1.7414002297175435,3.2713866063916965,9,"{""0"": 0.0003506419871691066, ""1"": 0.0009761053273226108, ""2"": 0.0018350114724409114, ""3"": 0.0013626582622828052, ""4"": 0.001633411367645489, ""5"": 0.0007413254227703258}"
control,400,p0.20,nan,1.0,5,0.2,79.80000000000001,79.4775,56,100,31791,8039,1.5254740004762695,110,0.05572763274997622,0.0011145526549995244,0.25076084680131316,14.043870069828849,1.7407425794821159,3.2696986380728332,9,"{""0"": 0.0003328678058699028, ""1"": 0.0010102638759496056, ""2"": 0.0017621015256231564, ""3"": 0.001307798768431166, ""4"": 0.0015760496132191347, ""5"": 0.0006982343409041828}"
control,400,p0.20,nan,1.0,5,0.2,79.80000000000001,79.4775,56,100,31791,8039,1.5254740004762695,120,0.05309640155116054,0.001061928031023211,0.2252677179235593,14.106003382064465,1.7407814936766977,3.252935409523593,8,"{""0"": 0.00028464271128621476, ""1"": 0.0008725988500994821, ""2"": 0.0018287342659953835, ""3"": 0.00116878976497023, ""4"": 0.001472953492614309, ""5"": 0.0007438491011736474}"
control,400,p0.20,nan,1.0,5,0.2,79.80000000000001,79.4775,56,100,31791,8039,1.5254740004762695,130,0.05267999876221434,0.001053599975244287,0.10135634436350842,14.14120200649679,1.7392132581636823,3.251063314888647,8,"{""0"": 0.0002749916692376328, ""1"": 0.0007935021166956914, ""2"": 0.001880612434285255, ""3"": 0.0011897450256895454, ""4"": 0.0014364022371815472, ""5"": 0.000746346368376049}"
control,400,p0.20,nan,1.0,5,0.2,79.80000000000001,79.4775,56,100,31791,8039,1.5254740004762695,140,0.0508028684285148,0.0010160573685702961,0.2577133042037555,14.24147005898193,1.741722329484859,3.2373042343667238,8,"{""0"": 0.00026918473491303007, ""1"": 0.0006421535429106877, ""2"": 0.0019549714073112618, ""3"": 0.001253293664220031, ""4"": 0.0012245301677549507, ""5"": 0.0007522106943118163}"
control,400,p0.20,nan,1.0,5,0.2,79.80000000000001,79.4775,56,100,31791,8039,1.5254740004762695,150,0.051055953751437046,0.001021119075028741,0.09008965600886001,14.315294948192658,1.7430062056671147,3.2397771224043095,8,"{""0"": 0.0002717345231842444, ""1"": 0.0006331890521381603, ""2"": 0.0019805149337068307, ""3"": 0.0013324286579553912, ""4"": 0.0011799082821021757, ""5"": 0.0007289390010856445}"
control,400,p0.20,nan,1.0,5,0.2,79.80000000000001,79.4775,56,100,31791,8039,1.5254740004762695,160,0.04838048825806255,0.0009676097651612511,0.12748814077582812,14.331632225350392,1.7466147439386526,3.210396216423602,8,"{""0"": 0.00029051441344899023, ""1"": 0.0006350449278795707, ""2"": 0.0020467816481239873, ""3"": 0.000977061426171592, ""4"": 0.0011302100359494027, ""5"": 0.0007260461393939632}"
control,400,p0.20,nan,1.0,5,0.2,79.80000000000001,79.4775,56,100,31791,8039,1.5254740004762695,170,0.04724646676834279,0.000944929335366856,0.10225310808688307,14.36789695046433,1.7475278124969176,3.2102729546689943,8,"{""0"": 0.0002870750085421568, ""1"": 0.0007088822341440265, ""2"": 0.0017901252050983277, ""3"": 0.0010025567029600501, ""4"": 0.0010984145938810737, ""5"": 0.0007825222675755009}"
control,400,p0.20,nan,1.0,5,0.2,79.80000000000001,79.4775,56,100,31791,8039,1.5254740004762695,180,0.04687231804953961,0.0009374463609907924,1.0013637870439136,14.418308527666134,1.7508558710153683,3.210408663487754,8,"{""0"": 0.0002846115789256522, ""1"": 0.0006448214509692657, ""2"": 0.0017865427024610883, ""3"": 0.0010999709332065676, ""4"": 0.0010486588735960293, ""5"": 0.0007600726267861516}"
control,400,p0.20,nan,1.0,5,0.2,79.80000000000001,79.4775,56,100,31791,8039,1.5254740004762695,190,0.04705766842711746,0.0009411533685423494,1.0992736367723277,14.485223461959418,1.7531559794684493,3.2207389649536684,8,"{""0"": 0.00028956101271733855, ""1"": 0.0008229970420584331, ""2"": 0.0016552962716402174, ""3"": 0.001035327466846868, ""4"": 0.001142134510753224, ""5"": 0.0007016039072380153}"
control,400,p0.20,nan,1.0,5,0.2,79.80000000000001,79.4775,56,100,31791,8039,1.5254740004762695,200,0.04564023496164874,0.0009128046992329749,0.3615655382112846,14.508968435241565,1.753083764867007,3.216788170642954,8,"{""0"": 0.00027843865120992083, ""1"": 0.00073280307278201, ""2"": 0.001660113557968634, ""3"": 0.0010067453672401353, ""4"": 0.001107299494230552, ""5"": 0.0006914280519665981}"
control,400,p0.40,nan,1.0,5,0.4,159.60000000000002,159.6125,132,189,63845,8039,1.5513958638369654,0,1.0565696206672077,0.021131392413344156,nan,0.0,1.5513958638369654,7.86449483664546,20,"{""0"": 0.02183444680049907, ""1"": 0.020973209332465693, ""2"": 0.021174618041031296, ""3"": 0.019194766493601436, ""4"": 0.023589302797429233, ""5"": 0.020022011015038206}"
control,400,p0.40,nan,1.0,5,0.4,159.60000000000002,159.6125,132,189,63845,8039,1.5513958638369654,10,0.49357843129445816,0.009871568625889166,1.9568023890345116,10.189120196833793,1.8146249608196194,3.8580542669930367,13,"{""0"": 0.011452498951304504, ""1"": 0.005553475684987329, ""2"": 0.006536432426851755, ""3"": 0.0005781422399239488, ""4"": 0.028493079952954425, ""5"": 0.006615782499313017}"
control,400,p0.40,nan,1.0,5,0.4,159.60000000000002,159.6125,132,189,63845,8039,1.5513958638369654,20,0.23310331415078028,0.004662066283015606,0.9305191991264654,12.018693533121002,1.8213323937808121,3.0564747004117168,10,"{""0"": 0.003250685906434146, ""1"": 0.0009125529059476436, ""2"": 0.00781765584451675, ""3"": 0.0009651357405676389, ""4"": 0.005223240329367854, ""5"": 0.009803126971259605}"
control,400,p0.40,nan,1.0,5,0.4,159.60000000000002,159.6125,132,189,63845,8039,1.5513958638369654,30,0.18143932524915105,0.0036287865049830213,0.30581569597305036,12.822373572416163,1.8511646118569234,3.072933386168381,11,"{""0"": 0.0048633396936011795, ""1"": 0.0008148632671013499, ""2"": 0.006607736726706487, ""3"": 0.0009395344060720205, ""4"": 0.0028025598896112788, ""5"": 0.005744685046805812}"
control,400,p0.40,nan,1.0,5,0.4,159.60000000000002,159.6125,132,189,63845,8039,1.5513958638369654,40,0.13079402456550296,0.0026158804913100596,2.5067532077276926,13.405443183176997,1.8548700085530052,3.2447474919772517,11,"{""0"": 0.004121335314926564, ""1"": 0.0008694618259308812, ""2"": 0.0034330280877524315, ""3"": 0.002046470905693145, ""4"": 0.0019090970298008395, ""5"": 0.0033158897837564953}"
control,400,p0.40,nan,1.0,5,0.4,159.60000000000002,159.6125,132,189,63845,8039,1.5513958638369654,50,0.14635513846316836,0.002927102769263368,1.5799138027741506,13.818028124598888,1.8479005346769235,3.1707963081372608,11,"{""0"": 0.006279184971883326, ""1"": 0.0012129782771482032, ""2"": 0.002402602371998518, ""3"": 0.0037021714875953354, ""4"": 0.002021222775068062, ""5"": 0.0019444567318867606}"
control,400,p0.40,nan,1.0,5,0.4,159.60000000000002,159.6125,132,189,63845,8039,1.5513958638369654,60,0.12504806716508746,0.0025009613433017498,0.9803000798999423,13.947395222513693,1.845777311880555,3.156340146702731,11,"{""0"": 0.0062071880046011925, ""1"": 0.0009558523554971367, ""2"": 0.0019284372947868868, ""3"": 0.0019545005162331865, ""4"": 0.002090572866821465, ""5"": 0.0018692170218706308}"
control,400,p0.40,nan,1.0,5,0.4,159.60000000000002,159.6125,132,189,63845,8039,1.5513958638369654,70,0.1128541279631943,0.0022570825592638866,6.808220501080928,14.108329527610898,1.849190735975594,3.181083753311863,11,"{""0"": 0.00548674674439281, ""1"": 0.0008057187676227502, ""2"": 0.0017769161328505968, ""3"": 0.001392983995130458, ""4"": 0.0019012117360055856, ""5"": 0.0021789179795811153}"
control,400,p0.40,nan,1.0,5,0.4,159.60000000000002,159.6125,132,189,63845,8039,1.5513958638369654,80,0.11111152184214852,0.0022222304368429706,0.19625384990804579,14.261327802673396,1.8520355239317665,3.213743159504889,11,"{""0"": 0.005214117086975858, ""1"": 0.0007134505393916483, ""2"": 0.001319906725110912, ""3"": 0.0021932150570754673, ""4"": 0.002141381329300065, ""5"": 0.0017513118832038755}"
control,400,p0.40,nan,1.0,5,0.4,159.60000000000002,159.6125,132,189,63845,8039,1.5513958638369654,90,0.10147855952687904,0.002029571190537581,0.13004570066773113,14.338981062171312,1.8324651997208126,3.1968966615823087,10,"{""0"": 0.005086175109971608, ""1"": 0.0007078893600946011, ""2"": 0.0011313124252651228, ""3"": 0.0011582445680448157, ""4"": 0.002664442532141852, ""5"": 0.001429363147707487}"
control,400,p0.40,nan,1.0,5,0.4,159.60000000000002,159.6125,132,189,63845,8039,1.5513958638369654,100,0.09819902067061416,0.0019639804134122833,0.29214205861106934,14.429251890141922,1.8299412882051602,3.215872664354853,10,"{""0"": 0.004655593317996628, ""1"": 0.0006860246164356072, ""2"": 0.0010496547749204025, ""3"": 0.0011102875367093206, ""4"": 0.002899951574719996, ""5"": 0.0013823706596917454}"
control,400,p0.40,nan,1.0,5,0.4,159.60000000000002,159.6125,132,189,63845,8039,1.5513958638369654,110,0.1003661119878725,0.00200732223975745,0.2822267247338641,14.516580052424256,1.8027108793888253,3.192373230126864,10,"{""0"": 0.0047717245549939915, ""1"": 0.0006727127459620777, ""2"": 0.0010343122372145617, ""3"": 0.0013835453565931276, ""4"": 0.002842506958852591, ""5"": 0.0013391315849283533}"
control,400,p0.40,nan,1.0,5,0.4,159.60000000000002,159.6125,132,189,63845,8039,1.5513958638369654,120,0.0889038222963597,0.0017780764459271942,0.11699846482587639,14.609063828127931,1.8008966477536494,3.270741101616146,11,"{""0"": 0.004186745098379811, ""1"": 0.000583754246206249, ""2"": 0.0010277290535163045, ""3"": 0.001001322474659141, ""4"": 0.0024483461854404296, ""5"": 0.001420561617361231}"
control,400,p0.40,nan,1.0,5,0.4,159.60000000000002,159.6125,132,189,63845,8039,1.5513958638369654,130,0.09328597510146742,0.001865719502029349,0.7861168231179931,14.693631320733754,1.799799795837928,3.2784318658684577,11,"{""0"": 0.0043782213777538125, ""1"": 0.0005706967196380256, ""2"": 0.000908230219538543, ""3"": 0.0012730339950560898, ""4"": 0.0027558213294537363, ""5"": 0.001308313370735886}"
control,400,p0.40,nan,1.0,5,0.4,159.60000000000002,159.6125,132,189,63845,8039,1.5513958638369654,140,0.09205787333269573,0.001841157466653915,0.5610461731277157,14.769555769942308,1.8000105550340688,3.2506017105170453,11,"{""0"": 0.004582164839930793, ""1"": 0.0005716209996823182, ""2"": 0.0009259643882792883, ""3"": 0.0013539278294648746, ""4"": 0.002335484082899428, ""5"": 0.0012777826596667874}"
control,400,p0.40,nan,1.0,5,0.4,159.60000000000002,159.6125,132,189,63845,8039,1.5513958638369654,150,0.09142490274093751,0.0018284980548187505,3.4118208256481615,14.837543079236996,1.802112487735345,3.308551862251023,11,"{""0"": 0.004146006535606327, ""1"": 0.0005993355376503176, ""2"": 0.0008193454286831538, ""3"": 0.0013260944918391541, ""4"": 0.0027919547401433465, ""5"": 0.0012882515949902023}"
control,400,p0.40,nan,1.0,5,0.4,159.60000000000002,159.6125,132,189,63845,8039,1.5513958638369654,160,0.0859348209523534,0.0017186964190470681,0.22292655519550816,14.9244558443736,1.8017804331046121,3.2921982978045428,11,"{""0"": 0.004115830242229489, ""1"": 0.0005673297606089772, ""2"": 0.0008095825983489461, ""3"": 0.0010488381804237567, ""4"": 0.0025336369937390317, ""5"": 0.0012369607389322095}"
control,400,p0.40,nan,1.0,5,0.4,159.60000000000002,159.6125,132,189,63845,8039,1.5513958638369654,170,0.07939441937052424,0.0015878883874104852,0.03107803869086811,14.962462729986841,1.802922707555183,3.321462579515622,11,"{""0"": 0.0034770826773973273, ""1"": 0.0005680269151286153, ""2"": 0.0007785175309322069, ""3"": 0.0010309498201875376, ""4"": 0.002444649018289041, ""5"": 0.001228104362528184}"
control,400,p0.40,nan,1.0,5,0.4,159.60000000000002,159.6125,132,189,63845,8039,1.5513958638369654,180,0.07843545803485326,0.0015687091606970652,5.07820682570863,15.000531476650174,1.8115946979582085,3.307728886499793,11,"{""0"": 0.003544034432056216, ""1"": 0.000544314678279133, ""2"": 0.0007189951956558982, ""3"": 0.0008757741119711012, ""4"": 0.002519352256327081, ""5"": 0.0012097842898929618}"
control,400,p0.40,nan,1.0,5,0.4,159.60000000000002,159.6125,132,189,63845,8039,1.5513958638369654,190,0.0757290720907345,0.00151458144181469,1.3264798281414767,15.043157038731175,1.8129625827072195,3.306370461002119,11,"{""0"": 0.0032913767265393317, ""1"": 0.0005500838675826694, ""2"": 0.0007026915721714559, ""3"": 0.0009302065829830264, ""4"": 0.0024650347772824446, ""5"": 0.0011480951243292114}"
control,400,p0.40,nan,1.0,5,0.4,159.60000000000002,159.6125,132,189,63845,8039,1.5513958638369654,200,0.07208199926125167,0.0014416399852250335,0.5460642360398653,15.116305617386766,1.812987409828626,3.333693074447969,11,"{""0"": 0.0030046436930354697, ""1"": 0.0005313836723944505, ""2"": 0.0006931577487100005, ""3"": 0.0008254176871992428, ""4"": 0.00248124246410635, ""5"": 0.001113994645904687}"
control,400,p0.05,nan,1.0,6,0.05,19.950000000000003,19.625,10,34,7850,7850,1.5484310679137947,0,0.9588815349784403,0.019177630699568807,nan,0.0,1.5484310679137947,8.616759746354699,21,"{""0"": 0.018841874028758608, ""1"": 0.01740796120979927, ""2"": 0.02115359784927538, ""3"": 0.019456298984020317, ""4"": 0.019092831180065512, ""5"": 0.019113220945493763}"
control,400,p0.05,nan,1.0,6,0.05,19.950000000000003,19.625,10,34,7850,7850,1.5484310679137947,10,0.6395639247629842,0.012791278495259685,0.5658528614459989,12.108832820770772,1.9743103989761708,2.7360810181742545,12,"{""0"": 0.00810578048770377, ""1"": 0.0020591160017187876, ""2"": 0.03182630193242783, ""3"": 0.0259163579605848, ""4"": 0.0008601082534485155, ""5"": 0.007980006335674424}"
control,400,p0.05,nan,1.0,6,0.05,19.950000000000003,19.625,10,34,7850,7850,1.5484310679137947,20,0.2391867718889353,0.004783735437778707,4.367430171065993,13.350869858336203,1.9564092508196425,3.5047814932881725,12,"{""0"": 0.0077107212877051, ""1"": 0.004838396155128733, ""2"": 0.008459779778930584, ""3"": 0.0026716500510117086, ""4"": 0.0018978194509595013, ""5"": 0.0031240459029366115}"
control,400,p0.05,nan,1.0,6,0.05,19.950000000000003,19.625,10,34,7850,7850,1.5484310679137947,30,0.2126808201820674,0.004253616403641349,8.533540094276168,14.218746980664035,1.9543327785251088,3.4631303870069976,13,"{""0"": 0.0031841819105821283, ""1"": 0.004533324717521865, ""2"": 0.009611876259733542, ""3"": 0.004286194045594259, ""4"": 0.001322616261426254, ""5"": 0.0025835052269900472}"
control,400,p0.05,nan,1.0,6,0.05,19.950000000000003,19.625,10,34,7850,7850,1.5484310679137947,40,0.15897666129441973,0.0031795332258883952,0.4534697553648806,14.515777910700615,1.942484797097071,3.543857641205471,12,"{""0"": 0.004156728140315017, ""1"": 0.0032479304779519927, ""2"": 0.004023664709466234, ""3"": 0.004544869506815107, ""4"": 0.000992171228845803, ""5"": 0.0021118352919362172}"
control,400,p0.05,nan,1.0,6,0.05,19.950000000000003,19.625,10,34,7850,7850,1.5484310679137947,50,0.14722938824235032,0.002944587764847007,0.6707669989891469,14.672169669810595,1.942347179942283,3.464013118841171,12,"{""0"": 0.004632652088348147, ""1"": 0.0033010755309586847, ""2"": 0.0041670882044067105, ""3"": 0.0032185485640838806, ""4"": 0.0011448541842371106, ""5"": 0.0012033080170475107}"
control,400,p0.05,nan,1.0,6,0.05,19.950000000000003,19.625,10,34,7850,7850,1.5484310679137947,60,0.1468966979678886,0.0029379339593577723,0.4946966562465765,14.95358523853725,1.9516248884532648,3.466648250717303,11,"{""0"": 0.0017980645932629536, ""1"": 0.0036817177258201563, ""2"": 0.00665430579096502, ""3"": 0.0027723436651871944, ""4"": 0.0012610001521081188, ""5"": 0.0014601718288031905}"
control,400,p0.05,nan,1.0,6,0.05,19.950000000000003,19.625,10,34,7850,7850,1.5484310679137947,70,0.14721788910239378,0.002944357782047876,0.17054896913676795,15.020873997241015,1.944362104038501,3.457457055333937,11,"{""0"": 0.001606918054851636, ""1"": 0.004114099861759305, ""2"": 0.006987204569150263, ""3"": 0.002325653590932242, ""4"": 0.0014737052358060367, ""5"": 0.0011585653797877731}"
control,400,p0.05,nan,1.0,6,0.05,19.950000000000003,19.625,10,34,7850,7850,1.5484310679137947,80,0.13322703989891224,0.002664540797978245,3.7241144458532562,14.96803861937261,1.9503960775765123,3.4190102623134586,11,"{""0"": 0.0013750225238335916, ""1"": 0.003833685496490987, ""2"": 0.0061909032471803216, ""3"": 0.001981894023029034, ""4"": 0.0013627364152433668, ""5"": 0.0012430030820921672}"
control,400,p0.05,nan,1.0,6,0.05,19.950000000000003,19.625,10,34,7850,7850,1.5484310679137947,90,0.13450534375564896,0.0026901068751129797,0.4744183019562382,15.083747016626496,1.9541134023157738,3.434946942791252,11,"{""0"": 0.0011355662778775413, ""1"": 0.004119533561662015, ""2"": 0.006596966778516941, ""3"": 0.0017802613197308835, ""4"": 0.0014766802313509702, ""5"": 0.0010316330815395248}"
control,400,p0.05,nan,1.0,6,0.05,19.950000000000003,19.625,10,34,7850,7850,1.5484310679137947,100,0.12181413694911102,0.0024362827389822206,0.4949621401826313,15.145154221515815,1.9570384038638389,3.405843278356783,11,"{""0"": 0.0014912780689262794, ""1"": 0.00307373900668125, ""2"": 0.006391213181198706, ""3"": 0.0014630788432208838, ""4"": 0.0011889989642466852, ""5"": 0.0010093883696195188}"
control,400,p0.05,nan,1.0,6,0.05,19.950000000000003,19.625,10,34,7850,7850,1.5484310679137947,110,0.12418495125761597,0.0024836990251523197,0.7237318912722729,15.256363998347174,1.9537353258915144,3.383282148324727,11,"{""0"": 0.0016411537863422036, ""1"": 0.0032436969552457986, ""2"": 0.0066084460962927815, ""3"": 0.0012801700060412608, ""4"": 0.0011755672386132294, ""5"": 0.0009531600683786475}"
control,400,p0.05,nan,1.0,6,0.05,19.950000000000003,19.625,10,34,7850,7850,1.5484310679137947,120,0.11926993749396814,0.002385398749879363,0.21621972188540745,15.301644468093002,1.9461593892904876,3.3937876893645527,11,"{""0"": 0.0015158792972212428, ""1"": 0.002882827265198528, ""2"": 0.0063159513135523804, ""3"": 0.001139220938423971, ""4"": 0.0015494707310405639, ""5"": 0.0009090429538394926}"
control,400,p0.05,nan,1.0,6,0.05,19.950000000000003,19.625,10,34,7850,7850,1.5484310679137947,130,0.11400254301032114,0.002280050860206423,0.4610729162968654,15.388694573410115,1.945966163498215,3.38628989959479,11,"{""0"": 0.0015179015888596877, ""1"": 0.0028950744036829864, ""2"": 0.00572029539438239, ""3"": 0.0010419333228530267, ""4"": 0.001609112502026739, ""5"": 0.0008959879494337098}"
control,400,p0.05,nan,1.0,6,0.05,19.950000000000003,19.625,10,34,7850,7850,1.5484310679137947,140,0.10992690538967854,0.0021985381077935713,0.7043564024679412,15.407969704320212,1.949616414421754,3.3622209328358426,11,"{""0"": 0.0019066875632870212, ""1"": 0.002283422512670163, ""2"": 0.005479881327828506, ""3"": 0.0010820308622099147, ""4"": 0.0014891971218669437, ""5"": 0.0009500092588988811}"
control,400,p0.05,nan,1.0,6,0.05,19.950000000000003,19.625,10,34,7850,7850,1.5484310679137947,150,0.10797830533749099,0.0021595661067498203,0.7904935257315334,15.439832436399284,1.9478396636407838,3.371490081320266,11,"{""0"": 0.0020670149680281852, ""1"": 0.002561876090220844, ""2"": 0.005000586972378056, ""3"": 0.0010664099637832077, ""4"": 0.001412865209588616, ""5"": 0.0008486434365000128}"
control,400,p0.05,nan,1.0,6,0.05,19.950000000000003,19.625,10,34,7850,7850,1.5484310679137947,160,0.10409029627862171,0.0020818059255724346,0.9501672299070576,15.485456996468562,1.933220753324521,3.3829293350423146,11,"{""0"": 0.002162898499302611, ""1"": 0.002960629877498302, ""2"": 0.004268203115276493, ""3"": 0.0011654981561579818, ""4"": 0.0012464588016423434, ""5"": 0.0006871471035568739}"
control,400,p0.05,nan,1.0,6,0.05,19.950000000000003,19.625,10,34,7850,7850,1.5484310679137947,170,0.09964990026963562,0.001992998005392713,1.2395330020049493,15.542095666707286,1.933281514249136,3.3876746622784473,11,"{""0"": 0.0018584721666863196, ""1"": 0.002855315952172004, ""2"": 0.004151316606139974, ""3"": 0.0011048667426168356, ""4"": 0.0012819576208544098, ""5"": 0.0007060589438867334}"
control,400,p0.05,nan,1.0,6,0.05,19.950000000000003,19.625,10,34,7850,7850,1.5484310679137947,180,0.09917907931411989,0.001983581586282398,0.3204486056331662,15.581640299362505,1.9322266454380679,3.388754869766471,11,"{""0"": 0.001708835317897298, ""1"": 0.002974433884531855, ""2"": 0.0039844921735465565, ""3"": 0.0010478585556437995, ""4"": 0.0014883526035580844, ""5"": 0.0006975169825167952}"
control,400,p0.05,nan,1.0,6,0.05,19.950000000000003,19.625,10,34,7850,7850,1.5484310679137947,190,0.09790889038289183,0.001958177807657837,0.3693834722658277,15.599476766219084,1.9334055683980282,3.379285914332637,11,"{""0"": 0.0016895688080686467, ""1"": 0.0027122212448685117, ""2"": 0.004121836074720787, ""3"": 0.0010578044372589247, ""4"": 0.001446714392513295, ""5"": 0.0007209218885168566}"
control,400,p0.05,nan,1.0,6,0.05,19.950000000000003,19.625,10,34,7850,7850,1.5484310679137947,200,0.09005039193854486,0.0018010078387708972,3.3040594404045294,15.669574052048288,1.9258203596602153,3.3728298091360784,11,"{""0"": 0.001838397467489104, ""1"": 0.0025915507704930402, ""2"": 0.0032241652872906012, ""3"": 0.001215123014376483, ""4"": 0.0012190957795902208, ""5"": 0.0007177147133859328}"
control,400,p0.10,nan,1.0,6,0.1,39.900000000000006,39.815,23,56,15926,7850,1.5625552669075293,0,1.0167991991558951,0.0203359839831179,nan,0.0,1.5625552669075293,10.66635368617027,23,"{""0"": 0.019718390383794585, ""1"": 0.020418476653409803, ""2"": 0.01949922879886546, ""3"": 0.02001484847281208, ""4"": 0.022078573723543986, ""5"": 0.020286385866281512}"
control,400,p0.10,nan,1.0,6,0.1,39.900000000000006,39.815,23,56,15926,7850,1.5625552669075293,10,0.5695958958393651,0.011391917916787304,0.5002080284798669,11.465484280964509,1.8100207359642706,3.6009458487278447,13,"{""0"": 0.006622698569719523, ""1"": 0.003845400878918452, ""2"": 0.004415099944836764, ""3"": 0.04298684369680255, ""4"": 0.004406753812024465, ""5"": 0.0060747105984220815}"
control,400,p0.10,nan,1.0,6,0.1,39.900000000000006,39.815,23,56,15926,7850,1.5625552669075293,20,0.25548614616209286,0.005109722923241858,6.078460532871731,12.511765035885222,1.8212688903711947,3.698111494348962,12,"{""0"": 0.0020975034671402086, ""1"": 0.004088329871360381, ""2"": 0.0017129012341109203, ""3"": 0.01333497986993914, ""4"": 0.0056890667471138036, ""5"": 0.003735556349786697}"
control,400,p0.10,nan,1.0,6,0.1,39.900000000000006,39.815,23,56,15926,7850,1.5625552669075293,30,0.2404874472621883,0.004809748945243767,3.2324806315623595,13.387527518423127,1.819089645980577,3.6350888776282937,12,"{""0"": 0.003566464386410087, ""1"": 0.0019154805060982865, ""2"": 0.008743760911991392, ""3"": 0.006300426625156193, ""4"": 0.004250403263323671, ""5"": 0.00408195797848297}"
control,400,p0.10,nan,1.0,6,0.1,39.900000000000006,39.815,23,56,15926,7850,1.5625552669075293,40,0.17215369925332283,0.003443073985066457,0.4947736446872285,13.55209233082723,1.8117976152388262,3.4090950448580775,12,"{""0"": 0.0031939227013907954, ""1"": 0.0013023592292223025, ""2"": 0.005879407664338926, ""3"": 0.004214647514833051, ""4"": 0.002439781301637882, ""5"": 0.003628325498975785}"
control,400,p0.10,nan,1.0,6,0.1,39.900000000000006,39.815,23,56,15926,7850,1.5625552669075293,50,0.12263685875415034,0.002452737175083007,0.2137732000167593,13.779423353130483,1.820951163833007,3.489523038701263,12,"{""0"": 0.0025983247195506542, ""1"": 0.0018944033902186404, ""2"": 0.0030461873804173943, ""3"": 0.0025145581424351354, ""4"": 0.002557487942369546, ""5"": 0.0021054614755066712}"
control,400,p0.10,nan,1.0,6,0.1,39.900000000000006,39.815,23,56,15926,7850,1.5625552669075293,60,0.13678924972062587,0.002735784994412518,1.5694665240311265,14.097544865780355,1.798846791979009,3.511868989648294,12,"{""0"": 0.004008841178669774, ""1"": 0.0021851230652020605, ""2"": 0.0026747973488536058, ""3"": 0.002850593367845476, ""4"": 0.0029079088957511836, ""5"": 0.0017874461101530046}"
control,400,p0.10,nan,1.0,6,0.1,39.900000000000006,39.815,23,56,15926,7850,1.5625552669075293,70,0.12438540544841514,0.002487708108968303,0.744979648511439,14.293093460383973,1.7967681148710068,3.4826344381587657,12,"{""0"": 0.003941856514367259, ""1"": 0.0018778854703415608, ""2"": 0.002220437557552598, ""3"": 0.003009562226296001, ""4"": 0.002514421948437957, ""5"": 0.0013620849368144465}"
control,400,p0.10,nan,1.0,6,0.1,39.900000000000006,39.815,23,56,15926,7850,1.5625552669075293,80,0.12069328391175727,0.0024138656782351454,0.07766010589674446,14.391939695269846,1.8106968198830513,3.483836619313219,12,"{""0"": 0.0036722356188652362, ""1"": 0.0016063653775670096, ""2"": 0.002266552217072604, ""3"": 0.002846646979681096, ""4"": 0.002309362350682672, ""5"": 0.0017820315255422548}"
control,400,p0.10,nan,1.0,6,0.1,39.900000000000006,39.815,23,56,15926,7850,1.5625552669075293,90,0.11313021667156405,0.0022626043334312814,0.2826823894220431,14.523737826992893,1.8381609304905093,3.534472940293306,12,"{""0"": 0.0036692095571067493, ""1"": 0.001665640067611955, ""2"": 0.0015395806372960085, ""3"": 0.0022458922142911974, ""4"": 0.002884580628794056, ""5"": 0.0015707228954877227}"
control,400,p0.10,nan,1.0,6,0.1,39.900000000000006,39.815,23,56,15926,7850,1.5625552669075293,100,0.10787547322187992,0.002157509464437599,1.056585371551748,14.61363605685227,1.8472109364540557,3.494563136781676,12,"{""0"": 0.003631731183686703, ""1"": 0.0015199828205718247, ""2"": 0.0016485217955728867, ""3"": 0.0023319452844587736, ""4"": 0.002510007703025211, ""5"": 0.001302867999310192}"
control,400,p0.10,nan,1.0,6,0.1,39.900000000000006,39.815,23,56,15926,7850,1.5625552669075293,110,0.0973406850585699,0.001946813701171398,0.5569538203100192,14.687104487406502,1.8450733382725468,3.5169295849233975,12,"{""0"": 0.0029181168014907237, ""1"": 0.0013709648742813055, ""2"": 0.0012120366907468617, ""3"": 0.0022285144785563977, ""4"": 0.002650106263860756, ""5"": 0.001301143098092344}"
control,400,p0.10,nan,1.0,6,0.1,39.900000000000006,39.815,23,56,15926,7850,1.5625552669075293,120,0.0932858499840397,0.0018657169996807944,0.4269415932931488,14.793394270602702,1.8449218029710903,3.527443585074534,12,"{""0"": 0.003103373115538789, ""1"": 0.0015089246989317693, ""2"": 0.000913765587922774, ""3"": 0.002236134364192178, ""4"": 0.0022752202433951713, ""5"": 0.0011568839881040845}"
control,400,p0.10,nan,1.0,6,0.1,39.900000000000006,39.815,23,56,15926,7850,1.5625552669075293,130,0.09163824539371139,0.001832764907874228,0.6262862913133761,14.911936223778364,1.8511544362535668,3.5104932438130447,12,"{""0"": 0.003060804454341924, ""1"": 0.0017329887471599706, ""2"": 0.0009971512236502935, ""3"": 0.0021052925316155284, ""4"": 0.0018761555638803717, ""5"": 0.001224196926597278}"
control,400,p0.10,nan,1.0,6,0.1,39.900000000000006,39.815,23,56,15926,7850,1.5625552669075293,140,0.09077835957092967,0.0018155671914185936,1.0845951638234825,14.990522561233083,1.8589469955217102,3.481359997452959,11,"{""0"": 0.002719010304098752, ""1"": 0.0017249129544229616, ""2"": 0.0009988201293275815, ""3"": 0.0025222954809657402, ""4"": 0.001674196132963097, ""5"": 0.0012541681467334287}"
control,400,p0.10,nan,1.0,6,0.1,39.900000000000006,39.815,23,56,15926,7850,1.5625552669075293,150,0.08711213362697028,0.0017422426725394056,0.4695821310992028,15.04432368038804,1.8607907439990212,3.4945886101086443,11,"{""0"": 0.0025295992373331033, ""1"": 0.001708011804882516, ""2"": 0.0010568888853364998, ""3"": 0.0023704025245063023, ""4"": 0.0015899305090715768, ""5"": 0.0011986230741064352}"
control,400,p0.10,nan,1.0,6,0.1,39.900000000000006,39.815,23,56,15926,7850,1.5625552669075293,160,0.08391875129960574,0.0016783750259921149,0.28218316240076724,15.13300525884782,1.8612293944054439,3.4967672123177573,11,"{""0"": 0.0027699044574714332, ""1"": 0.0013605910750065582, ""2"": 0.0010949514303158808, ""3"": 0.002260283650501033, ""4"": 0.001541093255265689, ""5"": 0.0010434262873920948}"
control,400,p0.10,nan,1.0,6,0.1,39.900000000000006,39.815,23,56,15926,7850,1.5625552669075293,170,0.07488185023472894,0.001497637004694579,0.9419447798665377,15.190966764116911,1.8623584404113638,3.521683295966545,12,"{""0"": 0.0023516713514871858, ""1"": 0.001328101914557499, ""2"": 0.001125665587424514, ""3"": 0.0018326454543956827, ""4"": 0.0012653917583011248, ""5"": 0.0010823459620014683}"
control,400,p0.10,nan,1.0,6,0.1,39.900000000000006,39.815,23,56,15926,7850,1.5625552669075293,180,0.0763913911032525,0.0015278278220650504,0.06857566906622212,15.246652261699044,1.8612364568267108,3.5345405227928177,12,"{""0"": 0.0027769852851556053, ""1"": 0.0014346458132127346, ""2"": 0.00110912842548506, ""3"": 0.0016106216730903556, ""4"": 0.0011732190031245645, ""5"": 0.0010623667323219834}"
control,400,p0.10,nan,1.0,6,0.1,39.900000000000006,39.815,23,56,15926,7850,1.5625552669075293,190,0.07446030047528578,0.0014892060095057157,0.4400762200004904,15.29090237915186,1.864232333699567,3.5193537191195055,11,"{""0"": 0.0027491970054747445, ""1"": 0.0013034034418018905, ""2"": 0.0011659934878725606, ""3"": 0.001552189757353142, ""4"": 0.0011071293696762144, ""5"": 0.001057322994855742}"
control,400,p0.10,nan,1.0,6,0.1,39.900000000000006,39.815,23,56,15926,7850,1.5625552669075293,200,0.07414464485718154,0.001482892897143631,5.275003159447888,15.35292421536198,1.8652487318052116,3.5033264544000935,11,"{""0"": 0.002824164443960053, ""1"": 0.0012552445652925215, ""2"": 0.0010698031891924963, ""3"": 0.0016390930895967015, ""4"": 0.0011911301247310763, ""5"": 0.0009179219700889378}"
control,400,p0.20,nan,1.0,6,0.2,79.80000000000001,79.825,55,111,31930,7850,1.5633532012663345,0,0.9725956119043319,0.01945191223808664,nan,0.0,1.5633532012663345,8.608616733424443,23,"{""0"": 0.01919771550243927, ""1"": 0.02016942263087948, ""2"": 0.01838503186071618, ""3"": 0.021251708234643955, ""4"": 0.01986533773943567, ""5"": 0.01784225746040529}"
control,400,p0.20,nan,1.0,6,0.2,79.80000000000001,79.825,55,111,31930,7850,1.5633532012663345,10,0.3439370176097799,0.0068787403521955994,0.3838922844631613,11.057079629655135,1.8891594863402665,3.243917184398059,11,"{""0"": 0.003042763095050025, ""1"": 0.001669389800355537, ""2"": 0.0209602656017951, ""3"": 0.008377053200171049, ""4"": 0.004588344196694011, ""5"": 0.00263462621910788}"
control,400,p0.20,nan,1.0,6,0.2,79.80000000000001,79.825,55,111,31930,7850,1.5633532012663345,20,0.22693978520542682,0.004538795704108537,4.479071677066599,13.740154648700077,1.791766818350622,3.5009028639919104,12,"{""0"": 0.004675211161658721, ""1"": 0.004698990457037261, ""2"": 0.004066653626429195, ""3"": 0.0037577605791271193, ""4"": 0.006065595650960595, ""5"": 0.003968562749438331}"
control,400,p0.20,nan,1.0,6,0.2,79.80000000000001,79.825,55,111,31930,7850,1.5633532012663345,30,0.13118668518065266,0.0026237337036130533,0.5546248069729988,14.712129562566023,1.8055078172458232,3.7100361194428437,12,"{""0"": 0.003155608636417572, ""1"": 0.0025529793141279675, ""2"": 0.0018847779766159541, ""3"": 0.003084762005160223, ""4"": 0.00240482713921656, ""5"": 0.0026594471501400433}"
control,400,p0.20,nan,1.0,6,0.2,79.80000000000001,79.825,55,111,31930,7850,1.5633532012663345,40,0.1319512043718322,0.002639024087436644,0.5914065946428173,15.052053173883403,1.8056491434961404,3.5340887092367392,11,"{""0"": 0.0034784035314313877, ""1"": 0.0038642782270793445, ""2"": 0.0008716086235350899, ""3"": 0.003540704508197995, ""4"": 0.002587553384245531, ""5"": 0.0014915962501305163}"
control,400,p0.20,nan,1.0,6,0.2,79.80000000000001,79.825,55,111,31930,7850,1.5633532012663345,50,0.10322288150972012,0.0020644576301944027,1.1163508139806415,15.19944464106874,1.8324575643436876,3.5856648391677823,11,"{""0"": 0.002442419215887638, ""1"": 0.003928592840221789, ""2"": 0.000898501752408684, ""3"": 0.0016503715993692117, ""4"": 0.001976910163670587, ""5"": 0.0014899502096085066}"
control,400,p0.20,nan,1.0,6,0.2,79.80000000000001,79.825,55,111,31930,7850,1.5633532012663345,60,0.09432149668455535,0.001886429933691107,0.1095706302023917,15.427565907832458,1.8381995614241748,3.5496820500737614,11,"{""0"": 0.0018980314549253737, ""1"": 0.004600279471528088, ""2"": 0.0008094532845211692, ""3"": 0.0014403121214151386, ""4"": 0.001231816633076881, ""5"": 0.0013386866366799923}"
control,400,p0.20,nan,1.0,6,0.2,79.80000000000001,79.825,55,111,31930,7850,1.5633532012663345,70,0.10247578529107067,0.0020495157058214135,2.1249915690367316,15.535899458172475,1.8363497606708554,3.5246456708854352,10,"{""0"": 0.0013834661922891693, ""1"": 0.005645674749971383, ""2"": 0.001042267688539295, ""3"": 0.00187903431291036, ""4"": 0.0011434265921438334, ""5"": 0.0012032246990744428}"
control,400,p0.20,nan,1.0,6,0.2,79.80000000000001,79.825,55,111,31930,7850,1.5633532012663345,80,0.09570700751703928,0.0019141401503407858,0.6800546883117325,15.649464722556479,1.8500521128668306,3.541607569192382,10,"{""0"": 0.0011504247835370533, ""1"": 0.004907306244673288, ""2"": 0.0012871812000253794, ""3"": 0.0014949860529126198, ""4"": 0.0009668895242110579, ""5"": 0.0016780530966853172}"
control,400,p0.20,nan,1.0,6,0.2,79.80000000000001,79.825,55,111,31930,7850,1.5633532012663345,90,0.10806603937185005,0.0021613207874370014,0.17870507381291476,15.739753043913755,1.8478355698602835,3.5154842870630976,10,"{""0"": 0.0011377310882013255, ""1"": 0.006518978955576686, ""2"": 0.0015125051284468245, ""3"": 0.0014030149369167225, ""4"": 0.001000655947802243, ""5"": 0.0013950386676782043}"
control,400,p0.20,nan,1.0,6,0.2,79.80000000000001,79.825,55,111,31930,7850,1.5633532012663345,100,0.11218689678777406,0.0022437379357554813,1.2694873194134626,15.774099754853045,1.8556128404202143,3.57035797848365,10,"{""0"": 0.0010190915564207556, ""1"": 0.006121579314110094, ""2"": 0.0017234914409832043, ""3"": 0.0011535242367480168, ""4"": 0.0009813085560026267, ""5"": 0.0024634325102681925}"
control,400,p0.20,nan,1.0,6,0.2,79.80000000000001,79.825,55,111,31930,7850,1.5633532012663345,110,0.12354300216793447,0.00247086004335869,0.639782453514473,15.970475992516542,1.8545075262025312,3.571353301031471,10,"{""0"": 0.0009373028092107521, ""1"": 0.007104536653119759, ""2"": 0.0017859061702658265, ""3"": 0.0010785901466793268, ""4"": 0.0008844068865961291, ""5"": 0.0030344175942803465}"
control,400,p0.20,nan,1.0,6,0.2,79.80000000000001,79.825,55,111,31930,7850,1.5633532012663345,120,0.1275647592317329,0.0025512951846346586,0.35557166162297155,15.999269360634768,1.8619755945522019,3.5459805848655237,10,"{""0"": 0.0009443043485137774, ""1"": 0.007535608826952046, ""2"": 0.0020061864824022723, ""3"": 0.0010412351367617293, ""4"": 0.0008055514461951298, ""5"": 0.0029748848669829964}"
control,400,p0.20,nan,1.0,6,0.2,79.80000000000001,79.825,55,111,31930,7850,1.5633532012663345,130,0.12857257467267705,0.0025714514934535413,0.3135866635385165,16.077311743322227,1.8677202690402988,3.526759767298804,10,"{""0"": 0.0008525476643174692, ""1"": 0.007625562439325798, ""2"": 0.0022930649759589396, ""3"": 0.0010126043423795436, ""4"": 0.0007968361557596336, ""5"": 0.0028480933829798626}"
control,400,p0.20,nan,1.0,6,0.2,79.80000000000001,79.825,55,111,31930,7850,1.5633532012663345,140,0.12248089579977811,0.0024496179159955627,0.8500920544387782,16.121179841058883,1.8654195688348245,3.5308054908903173,10,"{""0"": 0.0008714369415458282, ""1"": 0.007294469624045462, ""2"": 0.001874910135570489, ""3"": 0.0009885756049761642, ""4"": 0.0007588134020186362, ""5"": 0.0029095017878167954}"
control,400,p0.20,nan,1.0,6,0.2,79.80000000000001,79.825,55,111,31930,7850,1.5633532012663345,150,0.1125304301101919,0.0022506086022038383,0.34576325540425495,16.205508504225968,1.86405016291328,3.5404688587662125,10,"{""0"": 0.0008423872560204401, ""1"": 0.006775751797634229, ""2"": 0.0015402834670656066, ""3"": 0.0010115851933446154, ""4"": 0.0007275781368927456, ""5"": 0.002606065762265393}"
control,400,p0.20,nan,1.0,6,0.2,79.80000000000001,79.825,55,111,31930,7850,1.5633532012663345,160,0.08912270732893854,0.001782454146578771,0.14077132140780985,16.210994655236565,1.8697800314556892,3.5223599262072876,10,"{""0"": 0.0008565111646196019, ""1"": 0.004816166919651706, ""2"": 0.0016546881687538276, ""3"": 0.0010920156061562363, ""4"": 0.0006569999003032047, ""5"": 0.0016183431199880485}"
control,400,p0.20,nan,1.0,6,0.2,79.80000000000001,79.825,55,111,31930,7850,1.5633532012663345,170,0.08341429944894506,0.0016682859889789014,0.7694179213562634,16.257119232181374,1.8736845352976466,3.5152680344122422,10,"{""0"": 0.0008826014308497855, ""1"": 0.004183946608526876, ""2"": 0.0017344781848441394, ""3"": 0.0011363686530054722, ""4"": 0.0006332087433398939, ""5"": 0.0014391123133072432}"
control,400,p0.20,nan,1.0,6,0.2,79.80000000000001,79.825,55,111,31930,7850,1.5633532012663345,180,0.08336567932399189,0.001667313586479838,1.0146349922645974,16.309570444035437,1.8716819475939201,3.520094430130974,10,"{""0"": 0.0008586165704708951, ""1"": 0.00432557289010142, ""2"": 0.0015808221955407463, ""3"": 0.0013575762776538284, ""4"": 0.0006286914205209406, ""5"": 0.0012526021645911964}"
control,400,p0.20,nan,1.0,6,0.2,79.80000000000001,79.825,55,111,31930,7850,1.5633532012663345,190,0.07811127603447657,0.0015622255206895316,0.7098356736782229,16.360052077735524,1.8779949145564725,3.503260078442213,10,"{""0"": 0.000836815453108533, ""1"": 0.0037850046450492933, ""2"": 0.0018059791185900272, ""3"": 0.0011740810050650215, ""4"": 0.0005734387808631646, ""5"": 0.0011980341214611492}"
control,400,p0.20,nan,1.0,6,0.2,79.80000000000001,79.825,55,111,31930,7850,1.5633532012663345,200,0.07559977952459741,0.0015119955904919484,0.4835083792229997,16.38603805666552,1.8759537487814366,3.503475196192695,10,"{""0"": 0.0008594087541648358, ""1"": 0.003904826565723069, ""2"": 0.0012647923527528428, ""3"": 0.0012104503124880247, ""4"": 0.0006522365762726734, ""5"": 0.0011802589815502434}"
control,400,p0.40,nan,1.0,6,0.4,159.60000000000002,160.035,131,187,64014,7850,1.5628820681107678,0,1.0304214705680923,0.02060842941136185,nan,0.0,1.5628820681107678,9.064438433767515,22,"{""0"": 0.018957593783985354, ""1"": 0.01828467919336193, ""2"": 0.022769070361290184, ""3"": 0.021258419291591175, ""4"": 0.020347919486288037, ""5"": 0.022032894351654394}"
control,400,p0.40,nan,1.0,6,0.4,159.60000000000002,160.035,131,187,64014,7850,1.5628820681107678,10,0.5322506597387073,0.010645013194774147,0.3533906456819424,11.111114682827234,1.8595162251281514,3.309920863139228,13,"{""0"": 0.004780846078641089, ""1"": 0.0016715313956507112, ""2"": 0.0046075390923793254, ""3"": 0.03606425678335754, ""4"": 0.011771208924271703, ""5"": 0.004974696894344517}"
control,400,p0.40,nan,1.0,6,0.4,159.60000000000002,160.035,131,187,64014,7850,1.5628820681107678,20,0.3789051147727933,0.007578102295455867,3.753601928308861,13.462153870259073,1.7752609094927054,3.6410509449891824,14,"{""0"": 0.009436092654062263, ""1"": 0.014729334692891078, ""2"": 0.010181763432648486, ""3"": 0.0014501515818268165, ""4"": 0.0041125512500217905, ""5"": 0.005558720161284771}"
control,400,p0.40,nan,1.0,6,0.4,159.60000000000002,160.035,131,187,64014,7850,1.5628820681107678,30,0.24230965732922852,0.00484619314658457,0.8174586498411975,13.699064631775927,1.8135337933594147,4.1838525697148965,15,"{""0"": 0.004234207370364273, ""1"": 0.014988466872760679, ""2"": 0.002891364070742474, ""3"": 0.004160986835141689, ""4"": 0.0012846612923642898, ""5"": 0.0015174724381340212}"
control,400,p0.40,nan,1.0,6,0.4,159.60000000000002,160.035,131,187,64014,7850,1.5628820681107678,40,0.24343217633864073,0.004868643526772815,0.6105854946769881,13.960045108993354,1.7994970534465966,4.104655750673908,14,"{""0"": 0.0050485704640941915, ""1"": 0.015447948595029445, ""2"": 0.0013655400502597022, ""3"": 0.00460959462978008, ""4"": 0.0017788728720099008, ""5"": 0.0009613345494635711}"
control,400,p0.40,nan,1.0,6,0.4,159.60000000000002,160.035,131,187,64014,7850,1.5628820681107678,50,0.23952747428069784,0.004790549485613957,0.21576590981353794,14.00831743203572,1.8012662501851966,4.103678909722107,14,"{""0"": 0.004322535413366484, ""1"": 0.016416300187374753, ""2"": 0.0014698760057802822, ""3"": 0.003426397983463454, ""4"": 0.002152355940000625, ""5"": 0.0009558313836981402}"
control,400,p0.40,nan,1.0,6,0.4,159.60000000000002,160.035,131,187,64014,7850,1.5628820681107678,60,0.23807019203777272,0.004761403840755455,1.0950931747713781,14.112330238383313,1.7916661023573583,4.12797886306015,14,"{""0"": 0.004798703209157122, ""1"": 0.015197535455952444, ""2"": 0.0015989615314634862, ""3"": 0.0032254660837270507, ""4"": 0.002632655536506097, ""5"": 0.0011151012277265272}"
control,400,p0.40,nan,1.0,6,0.4,159.60000000000002,160.035,131,187,64014,7850,1.5628820681107678,70,0.22945562505492909,0.004589112501098582,2.9679979047412157,14.350029146468813,1.7869087214905257,4.156966597845058,15,"{""0"": 0.004887725716453689, ""1"": 0.014928096364073823, ""2"": 0.0010933619760825092, ""3"": 0.0035115022229797203, ""4"": 0.002417300370919746, ""5"": 0.0006966883560820032}"
control,400,p0.40,nan,1.0,6,0.4,159.60000000000002,160.035,131,187,64014,7850,1.5628820681107678,80,0.18305087400979292,0.0036610174801958587,0.8478768533237228,14.316222597451658,1.797120607043847,4.092895522195213,14,"{""0"": 0.0018998386776553308, ""1"": 0.01389915415258997, ""2"": 0.0012842769235511294, ""3"": 0.002326493752568362, ""4"": 0.0018543190990541203, ""5"": 0.0007020222757562356}"
control,400,p0.40,nan,1.0,6,0.4,159.60000000000002,160.035,131,187,64014,7850,1.5628820681107678,90,0.15800783237674468,0.003160156647534894,0.284738609456215,14.345144019473748,1.8087274007147547,4.008007849760885,14,"{""0"": 0.0013825554698533023, ""1"": 0.012057685361566695, ""2"": 0.0013865990866171016, ""3"": 0.0015750027553463955, ""4"": 0.0018612118974555849, ""5"": 0.0006978853143702867}"
control,400,p0.40,nan,1.0,6,0.4,159.60000000000002,160.035,131,187,64014,7850,1.5628820681107678,100,0.13217358336094387,0.002643471667218878,0.38835395371703707,14.459413488211984,1.805605334394364,4.085216734970155,14,"{""0"": 0.0014978209037951515, ""1"": 0.00883414709133312, ""2"": 0.0014699464724394963, ""3"": 0.0016266360112829243, ""4"": 0.0017311968512095008, ""5"": 0.0007010826732530722}"
control,400,p0.40,nan,1.0,6,0.4,159.60000000000002,160.035,131,187,64014,7850,1.5628820681107678,110,0.16638425450333766,0.0033276850900667535,0.1333477260099153,14.523158765221668,1.8130750825880533,3.9294547875526624,14,"{""0"": 0.0007130871377084866, ""1"": 0.013511638927658675, ""2"": 0.001191757272478559, ""3"": 0.0021264400807107496, ""4"": 0.0017639290104068187, ""5"": 0.0006592581114372332}"
control,400,p0.40,nan,1.0,6,0.4,159.60000000000002,160.035,131,187,64014,7850,1.5628820681107678,120,0.14902082742178377,0.002980416548435676,0.34234162814749525,14.585608867651768,1.815236699573227,3.9704737847360736,14,"{""0"": 0.0007396610819392748, ""1"": 0.011453653028175297, ""2"": 0.0010831092290718972, ""3"": 0.002210429101177773, ""4"": 0.0017471290896413857, ""5"": 0.0006485177606084253}"
control,400,p0.40,nan,1.0,6,0.4,159.60000000000002,160.035,131,187,64014,7850,1.5628820681107678,130,0.14475001256550157,0.002895000251310032,1.1768189165088372,14.643489674571109,1.8189305127554474,3.967989064844829,14,"{""0"": 0.0007284571597286664, ""1"": 0.010997436000818765, ""2"": 0.0011114823273473318, ""3"": 0.0022662143485674595, ""4"": 0.0015912569817063782, ""5"": 0.0006751546896915895}"
control,400,p0.40,nan,1.0,6,0.4,159.60000000000002,160.035,131,187,64014,7850,1.5628820681107678,140,0.12983355574591895,0.0025966711149183795,0.9422485994738349,14.661425677755851,1.827759960212041,3.850735129036515,14,"{""0"": 0.000688820410631481, ""1"": 0.009480152606511307, ""2"": 0.0012105983571968457, ""3"": 0.002070833254484944, ""4"": 0.0013994554361517594, ""5"": 0.00073016662453394}"
control,400,p0.40,nan,1.0,6,0.4,159.60000000000002,160.035,131,187,64014,7850,1.5628820681107678,150,0.12615591864866593,0.002523118372973319,0.3197311932899834,14.704342861608767,1.8298455822899233,3.845728631824324,14,"{""0"": 0.0006587517169653306, ""1"": 0.009365074208424052, ""2"": 0.0011365452819553613, ""3"": 0.0019291348163231925, ""4"": 0.0013479483176938975, ""5"": 0.0007012558964780834}"
control,400,p0.40,nan,1.0,6,0.4,159.60000000000002,160.035,131,187,64014,7850,1.5628820681107678,160,0.12572781549719927,0.0025145563099439857,0.09408393536106954,14.759244126170936,1.8258395942215755,3.8713568587496083,14,"{""0"": 0.0007448274826489115, ""1"": 0.008540299648828088, ""2"": 0.00164381231678133, ""3"": 0.0021278904146066337, ""4"": 0.0012886615606348103, ""5"": 0.0007418464361641407}"
control,400,p0.40,nan,1.0,6,0.4,159.60000000000002,160.035,131,187,64014,7850,1.5628820681107678,170,0.12654068397175663,0.002530813679435133,1.3132171515093305,14.767914040347254,1.826938821398035,3.7974689921155522,14,"{""0"": 0.0007213601611379897, ""1"": 0.00897753465451278, ""2"": 0.001576053591513315, ""3"": 0.0018856090202764146, ""4"": 0.001279324168372525, ""5"": 0.0007450004807977716}"
control,400,p0.40,nan,1.0,6,0.4,159.60000000000002,160.035,131,187,64014,7850,1.5628820681107678,180,0.12873237617000438,0.002574647523400088,0.11042134325533243,14.824892864027612,1.821543305464881,3.8688826404886005,14,"{""0"": 0.0007288843643452845, ""1"": 0.009257591120380921, ""2"": 0.001440931228120118, ""3"": 0.0019963389168535335, ""4"": 0.0012902934471257757, ""5"": 0.0007338460635748931}"
control,400,p0.40,nan,1.0,6,0.4,159.60000000000002,160.035,131,187,64014,7850,1.5628820681107678,190,0.12385254326369723,0.0024770508652739447,0.42938769373298313,14.872861492766198,1.818733500941979,3.867496226962411,14,"{""0"": 0.000628373933244291, ""1"": 0.008960699419339493, ""2"": 0.001362985892220861, ""3"": 0.0017775765969013293, ""4"": 0.0013647246747798528, ""5"": 0.0007679446751578423}"
control,400,p0.40,nan,1.0,6,0.4,159.60000000000002,160.035,131,187,64014,7850,1.5628820681107678,200,0.11982516603880888,0.002396503320776178,0.9354786540763425,14.871787129637518,1.8208163458956652,3.843992092775141,14,"{""0"": 0.0006218242000150789, ""1"": 0.008656700386204782, ""2"": 0.0012826073573995473, ""3"": 0.0017504533212793407, ""4"": 0.001275016715558433, ""5"": 0.0007924179441998862}"
control,400,p0.05,nan,1.0,7,0.05,19.950000000000003,19.6,9,34,7840,7840,1.4742576746820066,0,1.0418983255335947,0.020837966510671897,nan,0.0,1.4742576746820066,12.321538485159534,22,"{""0"": 0.020319510557817267, ""1"": 0.01993995929743414, ""2"": 0.020169330670847467, ""3"": 0.021922490164903052, ""4"": 0.022026003746713506, ""5"": 0.02065050462631594}"
control,400,p0.05,nan,1.0,7,0.05,19.950000000000003,19.6,9,34,7840,7840,1.4742576746820066,10,0.45502228050298366,0.009100445610059675,0.16696616493508054,11.376826397557235,1.7621287651346296,3.5385524564867716,12,"{""0"": 0.009396205854871812, ""1"": 0.0010827491358171453, ""2"": 0.004129332190441842, ""3"": 0.022098373775241473, ""4"": 0.006989062937532997, ""5"": 0.010906949766452774}"
control,400,p0.05,nan,1.0,7,0.05,19.950000000000003,19.6,9,34,7840,7840,1.4742576746820066,20,0.2076086442569084,0.0041521728851381685,0.8025795127528523,12.810558854939135,1.7519609938011855,3.6341024118601704,11,"{""0"": 0.002595523295924448, ""1"": 0.005507854735457431, ""2"": 0.0020990412033779237, ""3"": 0.009451737251254654, ""4"": 0.003223563581755294, ""5"": 0.0020353172430592576}"
control,400,p0.05,nan,1.0,7,0.05,19.950000000000003,19.6,9,34,7840,7840,1.4742576746820066,30,0.19276725029253605,0.0038553450058507214,2.6499330581296516,13.121984997439132,1.7903091203071555,3.5377992960123295,11,"{""0"": 0.000983030669353922, ""1"": 0.00796098453122317, ""2"": 0.0013195046639291037, ""3"": 0.006688300916689616, ""4"": 0.004451091621923333, ""5"": 0.001729157631985182}"
control,400,p0.05,nan,1.0,7,0.05,19.950000000000003,19.6,9,34,7840,7840,1.4742576746820066,40,0.14800164875531743,0.002960032975106349,0.2102000400430768,13.46302158397641,1.805999691887031,3.3589584137503574,10,"{""0"": 0.0006221754121390041, ""1"": 0.0081322164794893, ""2"": 0.0019377020025769898, ""3"": 0.0018629769076596186, ""4"": 0.0031556229061802527, ""5"": 0.0020495041425929255}"
control,400,p0.05,nan,1.0,7,0.05,19.950000000000003,19.6,9,34,7840,7840,1.4742576746820066,50,0.13811082052735008,0.002762216410547002,0.3975581151507926,13.758990969436233,1.8064222814790625,3.3871665990601567,10,"{""0"": 0.0009870999642756103, ""1"": 0.005680910717977014, ""2"": 0.002063215100391573, ""3"": 0.002395227706455572, ""4"": 0.0035080864037415316, ""5"": 0.0019387585704407101}"
control,400,p0.05,nan,1.0,7,0.05,19.950000000000003,19.6,9,34,7840,7840,1.4742576746820066,60,0.11509333044882482,0.002301866608976497,0.6094832995500788,13.937122594472521,1.8003378155707963,3.3306065076720386,10,"{""0"": 0.0008005480804302121, ""1"": 0.005013160218164801, ""2"": 0.0021132437601875612, ""3"": 0.0010290376023951615, ""4"": 0.0029282442469375507, ""5"": 0.0019269657457436948}"
control,400,p0.05,nan,1.0,7,0.05,19.950000000000003,19.6,9,34,7840,7840,1.4742576746820066,70,0.07579983651361488,0.0015159967302722976,3.507533613153515,14.005229198821713,1.7891008950917693,3.303468582137901,9,"{""0"": 0.0010993830083215804, ""1"": 0.0029683863461038356, ""2"": 0.0012183614242796857, ""3"": 0.0007125190597718916, ""4"": 0.0012560664217347562, ""5"": 0.0018412641214220354}"
control,400,p0.05,nan,1.0,7,0.05,19.950000000000003,19.6,9,34,7840,7840,1.4742576746820066,80,0.07797388895843048,0.00155947777916861,0.07177532989716842,14.110776846890223,1.7884206148405664,3.3091615257154925,9,"{""0"": 0.0012283905008819848, ""1"": 0.0030316106202541563, ""2"": 0.0012178045121891297, ""3"": 0.0006496740595967862, ""4"": 0.001303575262903089, ""5"": 0.001925811719186513}"
control,400,p0.05,nan,1.0,7,0.05,19.950000000000003,19.6,9,34,7840,7840,1.4742576746820066,90,0.07120448715707721,0.0014240897431415445,0.3899455654123171,14.243695739067906,1.7774863563742507,3.3054951533078527,9,"{""0"": 0.0010766902784834311, ""1"": 0.0032835108911771238, ""2"": 0.0009652378574799975, ""3"": 0.0006453476053912223, ""4"": 0.0011806544435270941, ""5"": 0.0013930973827903982}"
control,400,p0.05,nan,1.0,7,0.05,19.950000000000003,19.6,9,34,7840,7840,1.4742576746820066,100,0.07239106045267547,0.0014478212090535097,1.00605820457291,14.348598880438743,1.7628504210192242,3.3359216257360904,9,"{""0"": 0.0009065019107117866, ""1"": 0.0038505718322892008, ""2"": 0.0008271950985407033, ""3"": 0.0006421655689644731, ""4"": 0.0014192544167407587, ""5"": 0.0010412384270741364}"
control,400,p0.05,nan,1.0,7,0.05,19.950000000000003,19.6,9,34,7840,7840,1.4742576746820066,110,0.06352267238936314,0.0012704534477872632,0.28666386752232087,14.432468886043784,1.7589607554646058,3.329962132599222,9,"{""0"": 0.000966731009456018, ""1"": 0.0029298221122371405, ""2"": 0.0008273412154961799, ""3"": 0.0006647863581000808, ""4"": 0.001154096487223104, ""5"": 0.0010799435042110558}"
control,400,p0.05,nan,1.0,7,0.05,19.950000000000003,19.6,9,34,7840,7840,1.4742576746820066,120,0.05657755838464461,0.0011315511676928923,0.21459273277420718,14.537646751388113,1.7602712302617327,3.3096457962572514,9,"{""0"": 0.0009835191448873174, ""1"": 0.0024564504390220342, ""2"": 0.0007290076735320033, ""3"": 0.0006768289686025139, ""4"": 0.0009460154186161761, ""5"": 0.0009974853614973084}"
control,400,p0.05,nan,1.0,7,0.05,19.950000000000003,19.6,9,34,7840,7840,1.4742576746820066,130,0.05128468527093735,0.0010256937054187473,0.18380454015717781,14.674291318487239,1.7519822414855604,3.3143156998752894,9,"{""0"": 0.0009551717968883589, ""1"": 0.0019254801076342008, ""2"": 0.000630366484915686, ""3"": 0.0006998169427799935, ""4"": 0.0009193187018369457, ""5"": 0.0010240081984572995}"
control,400,p0.05,nan,1.0,7,0.05,19.950000000000003,19.6,9,34,7840,7840,1.4742576746820066,140,0.05062423099133313,0.0010124846198266628,0.5872001002860234,14.71470796840632,1.7538636346322902,3.3250828033879554,9,"{""0"": 0.0009437293226309078, ""1"": 0.001850738536285837, ""2"": 0.0006255728190031397, ""3"": 0.0006716608832762459, ""4"": 0.0009635655265783655, ""5"": 0.0010196406311854809}"
control,400,p0.05,nan,1.0,7,0.05,19.950000000000003,19.6,9,34,7840,7840,1.4742576746820066,150,0.04974795983879073,0.0009949591967758147,0.1544941079285303,14.761468751218029,1.7564722470220353,3.3220842102844355,9,"{""0"": 0.00100129212555908, ""1"": 0.0017491010491575156, ""2"": 0.0005797141648453328, ""3"": 0.0006692992691983006, ""4"": 0.0009932095149903424, ""5"": 0.0009771390569043175}"
control,400,p0.05,nan,1.0,7,0.05,19.950000000000003,19.6,9,34,7840,7840,1.4742576746820066,160,0.048982518398600475,0.0009796503679720097,0.1984481452858347,14.822455080828647,1.7550160827037333,3.3175441624483297,9,"{""0"": 0.0009505603388705817, ""1"": 0.001870108815734776, ""2"": 0.0005636856801718719, ""3"": 0.0006291184809398872, ""4"": 0.001010048772414744, ""5"": 0.0008543801197001972}"
control,400,p0.05,nan,1.0,7,0.05,19.950000000000003,19.6,9,34,7840,7840,1.4742576746820066,170,0.047031115809822804,0.0009406223161964563,0.28359746282809417,14.887835508142405,1.7520932383238486,3.310208196656576,9,"{""0"": 0.0008547417583992698, ""1"": 0.0019046331974620957, ""2"": 0.0005438278299863079, ""3"": 0.0006248045887801686, ""4"": 0.000915837818764442, ""5"": 0.0007998887037864533}"
control,400,p0.05,nan,1.0,7,0.05,19.950000000000003,19.6,9,34,7840,7840,1.4742576746820066,180,0.04592378203412316,0.0009184756406824633,0.22391862228947249,14.928686075060584,1.748228540253608,3.3003735265948726,9,"{""0"": 0.0008586440066189032, ""1"": 0.0018783066147354862, ""2"": 0.0005539212420068078, ""3"": 0.0006260855292016978, ""4"": 0.000793980217882301, ""5"": 0.0007999162336495833}"
control,400,p0.05,nan,1.0,7,0.05,19.950000000000003,19.6,9,34,7840,7840,1.4742576746820066,190,0.0463316154021208,0.0009266323080424162,0.11206764762270172,14.992561469841657,1.74928177912886,3.298787452705759,9,"{""0"": 0.000839630347162054, ""1"": 0.002066680671049471, ""2"": 0.0005149722159779075, ""3"": 0.0005905682728738367, ""4"": 0.0008390045788078544, ""5"": 0.0007089377623833735}"
control,400,p0.05,nan,1.0,7,0.05,19.950000000000003,19.6,9,34,7840,7840,1.4742576746820066,200,0.04756368028215588,0.0009512736056431178,1.1749292762275632,15.061035703952735,1.7475234996366482,3.3017426701636508,9,"{""0"": 0.0008183471688020926, ""1"": 0.0022051604543903438, ""2"": 0.000497514429629089, ""3"": 0.0005645603962360315, ""4"": 0.0008586147463274403, ""5"": 0.0007634444384737097}"
control,400,p0.10,nan,1.0,7,0.1,39.900000000000006,39.3275,20,59,15731,7840,1.5450578906575814,0,1.0328822010083194,0.020657644020166392,nan,0.0,1.5450578906575814,9.962908001996656,22,"{""0"": 0.02192761852605155, ""1"": 0.019500836892335276, ""2"": 0.01802321831290777, ""3"": 0.02290316559124195, ""4"": 0.022894495389671574, ""5"": 0.018696529408790224}"
control,400,p0.10,nan,1.0,7,0.1,39.900000000000006,39.3275,20,59,15731,7840,1.5450578906575814,10,0.8343315506079838,0.016686631012159676,0.4957112637190627,11.045528055429026,1.7770869878041184,4.465313042987026,15,"{""0"": 0.037672560502655585, ""1"": 0.0005292337900038339, ""2"": 0.0020078344210963358, ""3"": 0.010145476080513385, ""4"": 0.03965192370087589, ""5"": 0.010112757577813047}"
control,400,p0.10,nan,1.0,7,0.1,39.900000000000006,39.3275,20,59,15731,7840,1.5450578906575814,20,0.26541814039391637,0.005308362807878328,0.266502740621622,12.861925739741157,1.7805853725323528,3.9751055630284235,14,"{""0"": 0.0036549736207200944, ""1"": 0.0007975530269681227, ""2"": 0.00822186032468328, ""3"": 0.00792653465397565, ""4"": 0.0073874413511944275, ""5"": 0.003861813869728392}"
control,400,p0.10,nan,1.0,7,0.1,39.900000000000006,39.3275,20,59,15731,7840,1.5450578906575814,30,0.21303188189277303,0.0042606376378554614,5.294523416796423,13.466310014401502,1.7701441296078169,4.159968763741553,14,"{""0"": 0.0058364329927361016, ""1"": 0.00237391491392577, ""2"": 0.0027315273793782225, ""3"": 0.005155223327118012, ""4"": 0.007330050872889733, ""5"": 0.002136676341084929}"
control,400,p0.10,nan,1.0,7,0.1,39.900000000000006,39.3275,20,59,15731,7840,1.5450578906575814,40,0.19498403105859866,0.0038996806211719737,0.16077731340111426,13.855289128527442,1.7803734021772288,4.136778777525534,14,"{""0"": 0.00522630373386976, ""1"": 0.0015004934817510114, ""2"": 0.005790923804852148, ""3"": 0.003089303127072363, ""4"": 0.003924183706569681, ""5"": 0.003866875872916881}"
control,400,p0.10,nan,1.0,7,0.1,39.900000000000006,39.3275,20,59,15731,7840,1.5450578906575814,50,0.22143738215252684,0.0044287476430505375,1.3704888216434725,14.314210658571973,1.8091798591927213,4.048491495195094,14,"{""0"": 0.003958106722081134, ""1"": 0.0014381851842101324, ""2"": 0.008722720068202064, ""3"": 0.0033133589728496942, ""4"": 0.005512178988125565, ""5"": 0.003627935922834633}"
control,400,p0.10,nan,1.0,7,0.1,39.900000000000006,39.3275,20,59,15731,7840,1.5450578906575814,60,0.2127245016118907,0.0042544900322378145,1.3612384828069601,14.537017566934814,1.8132315977373308,4.035308504223316,13,"{""0"": 0.0031788931040144415, ""1"": 0.002023677483792227, ""2"": 0.007382061320625156, ""3"": 0.0028788960856291077, ""4"": 0.006769891074947817, ""5"": 0.003293521124418135}"
control,400,p0.10,nan,1.0,7,0.1,39.900000000000006,39.3275,20,59,15731,7840,1.5450578906575814,70,0.19175628584926654,0.0038351257169853313,0.3844385743621748,14.651365099924924,1.807870269296577,4.00753551285953,13,"{""0"": 0.0032673551261277723, ""1"": 0.0016045759819072359, ""2"": 0.00617768231138331, ""3"": 0.0021377109509427795, ""4"": 0.006952607416265057, ""5"": 0.0028708225152858286}"
control,400,p0.10,nan,1.0,7,0.1,39.900000000000006,39.3275,20,59,15731,7840,1.5450578906575814,80,0.17546072889687014,0.0035092145779374037,1.0102850083632242,14.761843844346295,1.8045288049974584,3.9690991210744158,13,"{""0"": 0.0029536890859054614, ""1"": 0.0015811167685899255, ""2"": 0.00503608524670845, ""3"": 0.0017465637250881412, ""4"": 0.007326321249312262, ""5"": 0.002411511392020185}"
control,400,p0.10,nan,1.0,7,0.1,39.900000000000006,39.3275,20,59,15731,7840,1.5450578906575814,90,0.17196695434224457,0.003439339086844892,1.4757242044477477,14.879429770177358,1.7997770709054024,3.956938979175469,13,"{""0"": 0.0025324196596623267, ""1"": 0.0013238010968616505, ""2"": 0.005669743302695768, ""3"": 0.00216612070992091, ""4"": 0.0071185807659789446, ""5"": 0.0018253689859497526}"
control,400,p0.10,nan,1.0,7,0.1,39.900000000000006,39.3275,20,59,15731,7840,1.5450578906575814,100,0.1680533385615742,0.0033610667712314843,0.3471006429926954,14.948962898184856,1.8027354162624907,3.9315212490694713,13,"{""0"": 0.002272789274388147, ""1"": 0.001326578878921143, ""2"": 0.00550652701006694, ""3"": 0.0021202215290978413, ""4"": 0.007228781587903288, ""5"": 0.001711502347011547}"
control,400,p0.10,nan,1.0,7,0.1,39.900000000000006,39.3275,20,59,15731,7840,1.5450578906575814,110,0.16028838783199148,0.00320576775663983,0.2575440342526355,15.05660084479753,1.8001140253733605,3.8871536061058745,13,"{""0"": 0.002228839314380817, ""1"": 0.0011648949174334505, ""2"": 0.0051042869044809255, ""3"": 0.00210735574036128, ""4"": 0.0069109645988376656, ""5"": 0.0017182650643448433}"
control,400,p0.10,nan,1.0,7,0.1,39.900000000000006,39.3275,20,59,15731,7840,1.5450578906575814,120,0.14911249938841542,0.0029822499877683087,0.27574856063753733,15.128590274870332,1.7968386191679204,3.857192250200351,13,"{""0"": 0.0021858512105508146, ""1"": 0.0012530037479980944, ""2"": 0.004254162809237442, ""3"": 0.0019334233732421983, ""4"": 0.006750368306930743, ""5"": 0.0015166904786505608}"
control,400,p0.10,nan,1.0,7,0.1,39.900000000000006,39.3275,20,59,15731,7840,1.5450578906575814,130,0.1450267007959846,0.0029005340159196924,0.5591256241205969,15.247169047507894,1.794467610124479,3.8327906091255186,13,"{""0"": 0.0020375430090349067, ""1"": 0.001240523315855904, ""2"": 0.004257773440075644, ""3"": 0.0019215797878983664, ""4"": 0.0064939848376994, ""5"": 0.001451799704953936}"
control,400,p0.10,nan,1.0,7,0.1,39.900000000000006,39.3275,20,59,15731,7840,1.5450578906575814,140,0.13762843389817045,0.0027525686779634093,10.213525871128368,15.31738430229057,1.7821592826424058,3.818690443811502,13,"{""0"": 0.0020158302247686023, ""1"": 0.0013172524934471285, ""2"": 0.0032730060315785945, ""3"": 0.0019322142648089719, ""4"": 0.006622904028847275, ""5"": 0.001354205024329881}"
control,400,p0.10,nan,1.0,7,0.1,39.900000000000006,39.3275,20,59,15731,7840,1.5450578906575814,150,0.13596585046142362,0.0027193170092284728,0.3329175658505013,15.358627647317567,1.7804875803194447,3.815673281877531,13,"{""0"": 0.0021009117595434134, ""1"": 0.0012534730591226262, ""2"": 0.0032432867081880626, ""3"": 0.0019362000748683757, ""4"": 0.006485774549864312, ""5"": 0.001296255903784045}"
control,400,p0.10,nan,1.0,7,0.1,39.900000000000006,39.3275,20,59,15731,7840,1.5450578906575814,160,0.13559844379326222,0.002711968875865245,0.24011905824105512,15.4358511523984,1.777676076047996,3.7973862009808337,13,"{""0"": 0.001987249834488872, ""1"": 0.001321377695026189, ""2"": 0.002963125349966279, ""3"": 0.001982309544833115, ""4"": 0.006723269989380972, ""5"": 0.0012944808414960397}"
control,400,p0.10,nan,1.0,7,0.1,39.900000000000006,39.3275,20,59,15731,7840,1.5450578906575814,170,0.13171876539853694,0.0026343753079707396,2.6271472805777676,15.500989511492847,1.7575537801744012,3.7615584256372157,13,"{""0"": 0.0018221623720787272, ""1"": 0.0014235115998248555, ""2"": 0.0022128025873181583, ""3"": 0.0020383439321100994, ""4"": 0.007223139686770755, ""5"": 0.00108629166972184}"
control,400,p0.10,nan,1.0,7,0.1,39.900000000000006,39.3275,20,59,15731,7840,1.5450578906575814,180,0.12244051230759982,0.002448810246151997,6.865273053113474,15.552063863098892,1.7633555779286825,3.783943523492767,13,"{""0"": 0.0017715398178271835, ""1"": 0.0013215848417673609, ""2"": 0.0025291670038722603, ""3"": 0.0019431924869683544, ""4"": 0.005997559617548015, ""5"": 0.0011298177089288058}"
control,400,p0.10,nan,1.0,7,0.1,39.900000000000006,39.3275,20,59,15731,7840,1.5450578906575814,190,0.12162006633284833,0.002432401326656967,0.11399814909684615,15.555402866435346,1.7625783796822283,3.7947147676310884,13,"{""0"": 0.001756661851689291, ""1"": 0.0013318687962016445, ""2"": 0.0026944125293505657, ""3"": 0.001752376055561004, ""4"": 0.005920956891100054, ""5"": 0.001138131836039244}"
control,400,p0.10,nan,1.0,7,0.1,39.900000000000006,39.3275,20,59,15731,7840,1.5450578906575814,200,0.12114113765135151,0.0024228227530270303,0.5992372805860575,15.63828211932958,1.761402902413503,3.762082544786853,12,"{""0"": 0.0015536473473738229, ""1"": 0.0013234306442896863, ""2"": 0.0029080459945461114, ""3"": 0.0018154326502798877, ""4"": 0.005821862848761987, ""5"": 0.0011145170329106852}"
control,400,p0.20,nan,1.0,7,0.2,79.80000000000001,79.2975,56,106,31719,7840,1.5040322767981833,0,0.9932207905367814,0.01986441581073563,nan,0.0,1.5040322767981833,6.908999372836215,21,"{""0"": 0.021779826123366618, ""1"": 0.0191532638180515, ""2"": 0.01893360278810025, ""3"": 0.01827159672904353, ""4"": 0.017850933032022877, ""5"": 0.023197272373829007}"
control,400,p0.20,nan,1.0,7,0.2,79.80000000000001,79.2975,56,106,31719,7840,1.5040322767981833,10,0.6268029295443394,0.012536058590886788,0.3269713633383488,10.622666881140264,1.8131619766484588,3.582713868645703,13,"{""0"": 0.02106993864806405, ""1"": 0.001625909494946386, ""2"": 0.006768705548418526, ""3"": 0.012188154060430298, ""4"": 0.012334351539608008, ""5"": 0.02122929225385346}"
control,400,p0.20,nan,1.0,7,0.2,79.80000000000001,79.2975,56,106,31719,7840,1.5040322767981833,20,0.3198923584202403,0.0063978471684048065,0.4715238419575917,12.744949900533735,1.7726099917870612,3.7344416830101776,13,"{""0"": 0.0022430226487425006, ""1"": 0.006141826747609484, ""2"": 0.00730360094615518, ""3"": 0.016873653912674057, ""4"": 0.003693105762446439, ""5"": 0.002131872992801179}"
control,400,p0.20,nan,1.0,7,0.2,79.80000000000001,79.2975,56,106,31719,7840,1.5040322767981833,30,0.294858298128836,0.005897165962576721,0.3319372212619304,13.433400678262208,1.7848127627891608,3.685556275244535,12,"{""0"": 0.0020628840633332606, ""1"": 0.007766547453623676, ""2"": 0.00128484747137978, ""3"": 0.01815525059470576, ""4"": 0.004919345728363949, ""5"": 0.0011941204640538987}"
control,400,p0.20,nan,1.0,7,0.2,79.80000000000001,79.2975,56,106,31719,7840,1.5040322767981833,40,0.1817860911326069,0.0036357218226521384,0.7667221308529127,13.712263254959803,1.8086209597273126,3.698087683432437,12,"{""0"": 0.0020838490452207213, ""1"": 0.004018072834122656, ""2"": 0.0010011933442602033, ""3"": 0.008518651675646444, ""4"": 0.005117377975884875, ""5"": 0.00107518606077793}"
control,400,p0.20,nan,1.0,7,0.2,79.80000000000001,79.2975,56,106,31719,7840,1.5040322767981833,50,0.13668348983473097,0.0027336697966946198,0.14338005005849974,13.956768092424136,1.8205339412412838,3.7139879237260685,12,"{""0"": 0.001814954860337612, ""1"": 0.0031785541090450864, ""2"": 0.0013974859569131598, ""3"": 0.006233778979667295, ""4"": 0.0025697044060038468, ""5"": 0.0012075404682007189}"
control,400,p0.20,nan,1.0,7,0.2,79.80000000000001,79.2975,56,106,31719,7840,1.5040322767981833,60,0.11429009383834227,0.002285801876766846,0.5079199385863182,14.156960191641334,1.8343078300362043,3.672194029505159,12,"{""0"": 0.0012878719617752394, ""1"": 0.003577655664119197, ""2"": 0.0014213403584869369, ""3"": 0.0032766446100957907, ""4"": 0.0030800568102246255, ""5"": 0.0010712418558992871}"
control,400,p0.20,nan,1.0,7,0.2,79.80000000000001,79.2975,56,106,31719,7840,1.5040322767981833,70,0.11782391023276322,0.0023564782046552645,0.10583919053424498,14.343949216500803,1.836026054911779,3.6234114973602143,11,"{""0"": 0.0015584425516192916, ""1"": 0.003520898596570304, ""2"": 0.0012143241681854568, ""3"": 0.00378304875308937, ""4"": 0.0030856922978096247, ""5"": 0.0009764628606575394}"
control,400,p0.20,nan,1.0,7,0.2,79.80000000000001,79.2975,56,106,31719,7840,1.5040322767981833,80,0.115005224190589,0.0023001044838117804,0.14661095965741788,14.431896029197013,1.8388382145806696,3.597407351359399,11,"{""0"": 0.0015838300955217596, ""1"": 0.003652471771965658, ""2"": 0.001063756526997819, ""3"": 0.0039002448493055996, ""4"": 0.002737169655659333, ""5"": 0.0008631540034205115}"
control,400,p0.20,nan,1.0,7,0.2,79.80000000000001,79.2975,56,106,31719,7840,1.5040322767981833,90,0.10427717770435312,0.0020855435540870627,0.1439958951580889,14.561276859598804,1.8339156427679255,3.600381038577527,11,"{""0"": 0.0014376199102420005, ""1"": 0.003662066222594304, ""2"": 0.001256458617016116, ""3"": 0.004202747716967224, ""4"": 0.001146461466497716, ""5"": 0.0008079073912050166}"
control,400,p0.20,nan,1.0,7,0.2,79.80000000000001,79.2975,56,106,31719,7840,1.5040322767981833,100,0.10313436388565868,0.0020626872777131738,0.13760381345419093,14.623805172953292,1.838728101766483,3.5915440290456138,11,"{""0"": 0.0013973032562259059, ""1"": 0.0035624411363423996, ""2"": 0.0011382988893174828, ""3"": 0.0042688119059193395, ""4"": 0.0012264882287075832, ""5"": 0.0007827802497663334}"
control,400,p0.20,nan,1.0,7,0.2,79.80000000000001,79.2975,56,106,31719,7840,1.5040322767981833,110,0.1054300735900546,0.0021086014718010924,1.2231883774528964,14.735507894209311,1.8295550673340744,3.6046517673588276,11,"{""0"": 0.0012183089053446766, ""1"": 0.0027925973439722846, ""2"": 0.001267688878859501, ""3"": 0.005235432425590681, ""4"": 0.00124341630151736, ""5"": 0.00089416497552205}"
control,400,p0.20,nan,1.0,7,0.2,79.80000000000001,79.2975,56,106,31719,7840,1.5040322767981833,120,0.10662768264882928,0.0021325536529765857,0.4388795956329987,14.809781628443181,1.8308634473435363,3.5952961164048878,11,"{""0"": 0.0012647493784946112, ""1"": 0.002743589407799913, ""2"": 0.001291593276435007, ""3"": 0.005617305309195669, ""4"": 0.001040479695871937, ""5"": 0.0008376048500623774}"
control,400,p0.20,nan,1.0,7,0.2,79.80000000000001,79.2975,56,106,31719,7840,1.5040322767981833,130,0.09798861013352234,0.001959772202670447,0.1756073384180887,14.894919941456985,1.8338703790117332,3.612190855617862,11,"{""0"": 0.0011701347754732672, ""1"": 0.002698984449082503, ""2"": 0.0014209377459623238, ""3"": 0.0046789565443935855, ""4"": 0.0009080103347172004, ""5"": 0.000881609366393802}"
control,400,p0.20,nan,1.0,7,0.2,79.80000000000001,79.2975,56,106,31719,7840,1.5040322767981833,140,0.09891194932369834,0.0019782389864739674,0.17411270885189772,14.944864193192473,1.8351543872511622,3.6029357752631674,11,"{""0"": 0.0011311262214366365, ""1"": 0.0027045226464140026, ""2"": 0.0014337034049846488, ""3"": 0.004812919946928396, ""4"": 0.0009215874838058578, ""5"": 0.0008655742152742614}"
control,400,p0.20,nan,1.0,7,0.2,79.80000000000001,79.2975,56,106,31719,7840,1.5040322767981833,150,0.0992242565539041,0.0019844851310780822,1.9015826985724433,15.006246592390863,1.8369064570384108,3.6033019858537054,11,"{""0"": 0.0011686804244107956, ""1"": 0.0025809466319189336, ""2"": 0.001436118782177418, ""3"": 0.0049986028766071874, ""4"": 0.000855718549843392, ""5"": 0.0008668435215107674}"
control,400,p0.20,nan,1.0,7,0.2,79.80000000000001,79.2975,56,106,31719,7840,1.5040322767981833,160,0.09982321803847816,0.0019964643607695634,0.27613494760700136,15.053011015826632,1.8400682181920054,3.601716599195628,11,"{""0"": 0.0010701155266278693, ""1"": 0.0027003782350870555, ""2"": 0.0013737964919725543, ""3"": 0.005118549364138804, ""4"": 0.00088295872147994, ""5"": 0.0008329878253111588}"
control,400,p0.20,nan,1.0,7,0.2,79.80000000000001,79.2975,56,106,31719,7840,1.5040322767981833,170,0.09483399470940329,0.0018966798941880661,0.238159594975407,15.133950920735018,1.8405159829793878,3.597835563697785,11,"{""0"": 0.0009728778151370413, ""1"": 0.0027540874301046963, ""2"": 0.0013163978490246067, ""3"": 0.004686069417821367, ""4"": 0.0008056028878850385, ""5"": 0.0008450439651556471}"
control,400,p0.20,nan,1.0,7,0.2,79.80000000000001,79.2975,56,106,31719,7840,1.5040322767981833,180,0.09491345309323877,0.0018982690618647758,0.8118594637674265,15.174650006422386,1.8407577383657647,3.6004883621202857,11,"{""0"": 0.0009345771005700509, ""1"": 0.0027772945743981215, ""2"": 0.0013608501312889648, ""3"": 0.0046243354532727755, ""4"": 0.0008281440418853161, ""5"": 0.0008644130697734263}"
control,400,p0.20,nan,1.0,7,0.2,79.80000000000001,79.2975,56,106,31719,7840,1.5040322767981833,190,0.09042251061482136,0.0018084502122964273,5.0134554125015525,15.169521274689588,1.840556881214523,3.5980319456540033,11,"{""0"": 0.0009202994473799348, ""1"": 0.0027119772130227877, ""2"": 0.0014772228575827614, ""3"": 0.004083231129435041, ""4"": 0.0007470004220584932, ""5"": 0.0009109702042995469}"
control,400,p0.20,nan,1.0,7,0.2,79.80000000000001,79.2975,56,106,31719,7840,1.5040322767981833,200,0.09024596449946516,0.0018049192899893035,0.26338460120947366,15.224382794468879,1.8449832442289662,3.598024206575444,11,"{""0"": 0.0008686404460887694, ""1"": 0.0027646484805670967, ""2"": 0.001429172459961311, ""3"": 0.00409139963443457, ""4"": 0.0007786287106604044, ""5"": 0.0008970260082236698}"
control,400,p0.40,nan,1.0,7,0.4,159.60000000000002,159.725,124,188,63890,7840,1.5185042211385358,0,0.9584861671214838,0.019169723342429678,nan,0.0,1.5185042211385358,9.624004277613988,21,"{""0"": 0.018481757796130063, ""1"": 0.02025949744525222, ""2"": 0.018630681272081735, ""3"": 0.021063501384338074, ""4"": 0.015462808115353407, ""5"": 0.021120094041422573}"
control,400,p0.40,nan,1.0,7,0.4,159.60000000000002,159.725,124,188,63890,7840,1.5185042211385358,10,0.34647446770144924,0.006929489354028985,0.29084298573951217,10.03429401949691,1.732069464825065,3.1271586313211506,10,"{""0"": 0.022388920754802887, ""1"": 0.0008147728357266543, ""2"": 0.008027310085317523, ""3"": 0.004690167450879848, ""4"": 0.0027689559106999937, ""5"": 0.0028868090867470142}"
control,400,p0.40,nan,1.0,7,0.4,159.60000000000002,159.725,124,188,63890,7840,1.5185042211385358,20,0.12639020934243056,0.0025278041868486115,0.15757542461399132,11.264200757098276,1.7722657760565426,3.2402867796062043,9,"{""0"": 0.0025506734537956476, ""1"": 0.0019604636779934725, ""2"": 0.0027208598098492067, ""3"": 0.00280967689698619, ""4"": 0.0022327998823682845, ""5"": 0.0028923514000988694}"
control,400,p0.40,nan,1.0,7,0.4,159.60000000000002,159.725,124,188,63890,7840,1.5185042211385358,30,0.1295253537136627,0.0025905070742732544,1.1138768990435952,11.852889667971237,1.7732314314509126,3.166185252808782,9,"{""0"": 0.002290411981684803, ""1"": 0.0036199159577580873, ""2"": 0.003648940268636091, ""3"": 0.002311059622577567, ""4"": 0.0016919363764864065, ""5"": 0.001980778238496571}"
control,400,p0.40,nan,1.0,7,0.4,159.60000000000002,159.725,124,188,63890,7840,1.5185042211385358,40,0.1415263739096506,0.0028305274781930123,0.9224653228250208,12.244461064372398,1.7964614729802157,2.9821372713045573,9,"{""0"": 0.0014086117784171085, ""1"": 0.0026057420087054694, ""2"": 0.007282256829232123, ""3"": 0.0012180657189356653, ""4"": 0.0016706212941276916, ""5"": 0.002797867239740018}"
control,400,p0.40,nan,1.0,7,0.4,159.60000000000002,159.725,124,188,63890,7840,1.5185042211385358,50,0.1401639252444162,0.0028032785048883245,0.15812425045556586,12.572096374535588,1.8063606933424499,2.930017989735681,8,"{""0"": 0.0009088641522130607, ""1"": 0.0021293537690728398, ""2"": 0.008089021270144131, ""3"": 0.0010370230391032278, ""4"": 0.0012941100926646902, ""5"": 0.0033612987061319975}"
control,400,p0.40,nan,1.0,7,0.4,159.60000000000002,159.725,124,188,63890,7840,1.5185042211385358,60,0.11888050518089227,0.0023776101036178457,0.212308930072405,12.711181459248202,1.804220254063505,2.9963599723477583,8,"{""0"": 0.0010367030048168211, ""1"": 0.002163443320808182, ""2"": 0.005703474672745921, ""3"": 0.0009666547257935768, ""4"": 0.0013859885846717926, ""5"": 0.0030093963128707832}"
control,400,p0.40,nan,1.0,7,0.4,159.60000000000002,159.725,124,188,63890,7840,1.5185042211385358,70,0.12095015397528444,0.0024190030795056892,0.11947641968263378,12.906808274778138,1.8072228054420907,2.9332066294098484,8,"{""0"": 0.0007822102735988584, ""1"": 0.0018692992677051962, ""2"": 0.0062252509124720926, ""3"": 0.0008747501029299255, ""4"": 0.001829177111527276, ""5"": 0.0029333308088007846}"
control,400,p0.40,nan,1.0,7,0.4,159.60000000000002,159.725,124,188,63890,7840,1.5185042211385358,80,0.11177888348003298,0.00223557766960066,0.2888374422059259,12.988507505182476,1.7948724678858154,2.997756205702826,8,"{""0"": 0.001041177082904276, ""1"": 0.0012340805788361962, ""2"": 0.006157689076855078, ""3"": 0.0009129849738776598, ""4"": 0.001333740552427363, ""5"": 0.002733793752703385}"
control,400,p0.40,nan,1.0,7,0.4,159.60000000000002,159.725,124,188,63890,7840,1.5185042211385358,90,0.09422441234922325,0.0018844882469844654,0.26524808445006814,13.115873632437353,1.795878391261334,3.0242215232857275,8,"{""0"": 0.0008898617717918415, ""1"": 0.00133080937194788, ""2"": 0.004202086772598446, ""3"": 0.001010083150150911, ""4"": 0.0016811153049814266, ""5"": 0.002192973110436287}"
control,400,p0.40,nan,1.0,7,0.4,159.60000000000002,159.725,124,188,63890,7840,1.5185042211385358,100,0.0765013466668971,0.0015300269333379422,0.12265382196424779,13.23455013606659,1.7884122194967835,3.089016252377861,9,"{""0"": 0.0008434888250399498, ""1"": 0.0011823772094273059, ""2"": 0.002503411142370711, ""3"": 0.0012425785733959278, ""4"": 0.0017838338926389307, ""5"": 0.0016244719571548295}"
control,400,p0.40,nan,1.0,7,0.4,159.60000000000002,159.725,124,188,63890,7840,1.5185042211385358,110,0.07650771365733043,0.001530154273146609,1.828229813929304,13.32238777913017,1.795836019053289,3.075035916590556,9,"{""0"": 0.0007060180702990374, ""1"": 0.0009763562917549784, ""2"": 0.0024649620712810694, ""3"": 0.0012614646656332299, ""4"": 0.0018011882079094002, ""5"": 0.001970936332001937}"
control,400,p0.40,nan,1.0,7,0.4,159.60000000000002,159.725,124,188,63890,7840,1.5185042211385358,120,0.06934438094536308,0.0013868876189072617,0.3434331708127001,13.425044800346152,1.7975352649171836,3.1056515153214987,9,"{""0"": 0.0006760927944749031, ""1"": 0.0008652756070724931, ""2"": 0.001798365149629276, ""3"": 0.001336509391256213, ""4"": 0.0016099659043347393, ""5"": 0.0020351168666759467}"
control,400,p0.40,nan,1.0,7,0.4,159.60000000000002,159.725,124,188,63890,7840,1.5185042211385358,130,0.06982422119241094,0.001396484423848219,0.31898464214003003,13.504573751200766,1.7981070179390146,3.1022906814693334,9,"{""0"": 0.0006879047138262266, ""1"": 0.0009411413999790567, ""2"": 0.001630933485614419, ""3"": 0.0013710018349174786, ""4"": 0.0017735729430023773, ""5"": 0.001974352165749757}"
control,400,p0.40,nan,1.0,7,0.4,159.60000000000002,159.725,124,188,63890,7840,1.5185042211385358,140,0.07099201569580994,0.0014198403139161991,0.2999481975734989,13.570779302287614,1.7999704249081068,3.0943808564017363,9,"{""0"": 0.0006648349311869364, ""1"": 0.0009773134059199117, ""2"": 0.0017724084394488714, ""3"": 0.0013194348424939955, ""4"": 0.001766968566733123, ""5"": 0.002018081697714356}"
control,400,p0.40,nan,1.0,7,0.4,159.60000000000002,159.725,124,188,63890,7840,1.5185042211385358,150,0.0703403946302483,0.001406807892604966,0.7961693202507688,13.631012149274165,1.7979086321260165,3.1207590794972786,9,"{""0"": 0.0006813562156995074, ""1"": 0.0008332668583144728, ""2"": 0.0017811261186984264, ""3"": 0.0014594638772671528, ""4"": 0.001553702598027247, ""5"": 0.002131931687622989}"
control,400,p0.40,nan,1.0,7,0.4,159.60000000000002,159.725,124,188,63890,7840,1.5185042211385358,160,0.06621112157182174,0.0013242224314364349,0.24371596583106467,13.67531232429367,1.7971840784151958,3.116093788017397,9,"{""0"": 0.0005712918612119794, ""1"": 0.0008968863112739972, ""2"": 0.0013305350639472068, ""3"": 0.0014504075151002152, ""4"": 0.0015772744711311372, ""5"": 0.002118939365954074}"
control,400,p0.40,nan,1.0,7,0.4,159.60000000000002,159.725,124,188,63890,7840,1.5185042211385358,170,0.06839073697343276,0.0013678147394686553,0.3800884771350611,13.746147317042977,1.7996359765610888,3.099257065672194,9,"{""0"": 0.00053308028205534, ""1"": 0.0009789181738858118, ""2"": 0.001632886574207269, ""3"": 0.0012919933141633802, ""4"": 0.0016930488961689545, ""5"": 0.0020769611963311766}"
control,400,p0.40,nan,1.0,7,0.4,159.60000000000002,159.725,124,188,63890,7840,1.5185042211385358,180,0.06650977549587943,0.0013301955099175888,1.4158583678126868,13.802854438613297,1.7944783945322822,3.111630297499365,9,"{""0"": 0.0005357036207621583, ""1"": 0.0008955417327351333, ""2"": 0.0017243603494457675, ""3"": 0.0013004277056145157, ""4"": 0.0013612109119229558, ""5"": 0.002163928739025002}"
control,400,p0.40,nan,1.0,7,0.4,159.60000000000002,159.725,124,188,63890,7840,1.5185042211385358,190,0.06755923838610045,0.001351184767722009,0.10581160985181434,13.862925990351497,1.7943364823235346,3.1081033233683844,9,"{""0"": 0.0005480151311581737, ""1"": 0.0008731252897638583, ""2"": 0.0020682245444444856, ""3"": 0.0011499880960918296, ""4"": 0.0012543352243585917, ""5"": 0.002213420320515116}"
control,400,p0.40,nan,1.0,7,0.4,159.60000000000002,159.725,124,188,63890,7840,1.5185042211385358,200,0.06837675360189162,0.0013675350720378325,0.22144400886579196,13.943382730606029,1.7961470493655682,3.1030084218110026,9,"{""0"": 0.0005062029758626688, ""1"": 0.0009127683154774033, ""2"": 0.002229608710456721, ""3"": 0.0011222962021035783, ""4"": 0.001297235991254287, ""5"": 0.002137098237072337}"
