seed,p_value,expected_in_degree,realized_degree_mean,realized_degree_min,realized_degree_max,synapse_count,plastic_weight_count,initial_spectral_radius,checkpoint_trial,heldout_nmse,heldout_raw_mse,online_feedback_loss,weight_change_fro,spectral_radius,d_pr,d90,per_target_mse_json
0,0.05,9.950000000000001,9.87,3,19,1974,1974,1.49534179353181,0,1.0081604579000314,0.02016320915800063,nan,0.0,1.49534179353181,4.161438724175543,12,"{""0"": 0.01939779880024295, ""1"": 0.022245084165017248, ""2"": 0.020246737073061342, ""3"": 0.019932161351452968, ""4"": 0.02001185359295906, ""5"": 0.019145619965270207}"
0,0.05,9.950000000000001,9.87,3,19,1974,1974,1.49534179353181,5,1.3634593633026992,0.027269187266053988,1.184978430942171,11.696904430373383,2.0558558740842265,3.4220805481540273,9,"{""0"": 0.01615684579737972, ""1"": 0.04981555262643135, ""2"": 0.043086718362702045, ""3"": 0.04678024401375027, ""4"": 0.006538760847440846, ""5"": 0.0012370019486196867}"
0,0.05,9.950000000000001,9.87,3,19,1974,1974,1.49534179353181,10,1.1803560173749836,0.023607120347499674,11.050069910499175,13.928758970629454,2.2472599389653687,3.7739602090698967,10,"{""0"": 0.02280761108139151, ""1"": 0.03459377392142175, ""2"": 0.03581020738473514, ""3"": 0.031957304011992684, ""4"": 0.010063220585534743, ""5"": 0.006410605099922228}"
0,0.05,9.950000000000001,9.87,3,19,1974,1974,1.49534179353181,15,1.0305991169424424,0.020611982338848853,14.26201751355748,14.661753576528211,2.2712456864242863,3.758033938946405,11,"{""0"": 0.02249239990461249, ""1"": 0.024452561286245678, ""2"": 0.031319983929540454, ""3"": 0.029325711098270018, ""4"": 0.0059686303003273974, ""5"": 0.01011260751409706}"
0,0.05,9.950000000000001,9.87,3,19,1974,1974,1.49534179353181,20,0.7560539281628691,0.015121078563257385,3.9234081543251405,14.903176318564688,2.1722464939139794,4.003472172317512,11,"{""0"": 0.021648512549592335, ""1"": 0.01768900714823248, ""2"": 0.02078425547774029, ""3"": 0.017898745674068784, ""4"": 0.004231604352582284, ""5"": 0.008474346177328135}"
0,0.05,9.950000000000001,9.87,3,19,1974,1974,1.49534179353181,25,0.6826219284414099,0.0136524385688282,9.998928120846834,14.885213783355338,2.1234536077301516,4.191026965900827,12,"{""0"": 0.016367259706589248, ""1"": 0.021105724575612266, ""2"": 0.013738333238923858, ""3"": 0.02003250519061427, ""4"": 0.00606999801577923, ""5"": 0.004600810685450332}"
0,0.05,9.950000000000001,9.87,3,19,1974,1974,1.49534179353181,30,0.7198663458109898,0.0143973269162198,9.862731631085774,15.274979955253826,2.149471368603644,4.0352733122375435,11,"{""0"": 0.018837141740254255, ""1"": 0.023565912511086008, ""2"": 0.012630733253719948, ""3"": 0.02007601310994316, ""4"": 0.0047980390866925226, ""5"": 0.006476121795622909}"
0,0.05,9.950000000000001,9.87,3,19,1974,1974,1.49534179353181,35,0.7404923527108724,0.01480984705421745,6.495278649258173,15.391629663498989,2.1338345121755307,4.117877117038067,11,"{""0"": 0.02075285059571327, ""1"": 0.020888088063489636, ""2"": 0.016334412825922108, ""3"": 0.02220997284099345, ""4"": 0.005107488388546051, ""5"": 0.0035662696106401838}"
0,0.05,9.950000000000001,9.87,3,19,1974,1974,1.49534179353181,40,0.6759291213575468,0.013518582427150937,38.670027175460795,15.765316798102978,2.114906158042956,4.2418061619256,12,"{""0"": 0.02299107296170349, ""1"": 0.015385108802018205, ""2"": 0.020926078997236468, ""3"": 0.012985022633830334, ""4"": 0.005302592588993983, ""5"": 0.003521618579123148}"
0,0.05,9.950000000000001,9.87,3,19,1974,1974,1.49534179353181,45,0.6252204909552342,0.012504409819104686,1.3275460830053865,16.063241609968465,2.141409093706893,4.315154534946047,12,"{""0"": 0.01862729966410019, ""1"": 0.014645530178731884, ""2"": 0.022157165299249645, ""3"": 0.010634515100638509, ""4"": 0.005359749838917811, ""5"": 0.0036021988329900715}"
0,0.05,9.950000000000001,9.87,3,19,1974,1974,1.49534179353181,50,0.6421715357415068,0.012843430714830137,6.066526118680328,16.193944700784805,2.188079826509223,4.257338461523198,12,"{""0"": 0.022523658040518348, ""1"": 0.013367237128687506, ""2"": 0.02343274056138798, ""3"": 0.008797825831880187, ""4"": 0.005269980613094522, ""5"": 0.003669142113412293}"
0,0.05,9.950000000000001,9.87,3,19,1974,1974,1.49534179353181,55,0.5326814566023762,0.010653629132047527,50.353384719123675,16.39045731917688,2.167387678351275,4.50369564747793,12,"{""0"": 0.0156122411350721, ""1"": 0.013184887947796953, ""2"": 0.0168478455134336, ""3"": 0.00891465089485092, ""4"": 0.004829229342015044, ""5"": 0.004532919959116538}"
0,0.05,9.950000000000001,9.87,3,19,1974,1974,1.49534179353181,60,0.518943532474646,0.010378870649492921,3.5663066437374153,16.62670539762946,2.186204672125432,4.367644487740178,12,"{""0"": 0.01846333758173959, ""1"": 0.012851931588761112, ""2"": 0.013502806118508676, ""3"": 0.008061088917447237, ""4"": 0.00396316535720422, ""5"": 0.005430894333296689}"
0,0.1,19.900000000000002,20.28,10,31,4056,1974,1.5261308668644207,0,1.0523654394979627,0.02104730878995926,nan,0.0,1.5261308668644207,5.037788459565847,14,"{""0"": 0.02007256460092364, ""1"": 0.02234553493592154, ""2"": 0.022081885917239946, ""3"": 0.02120786429648141, ""4"": 0.021529426763822964, ""5"": 0.019046576225366048}"
0,0.1,19.900000000000002,20.28,10,31,4056,1974,1.5261308668644207,5,1.1025304409085588,0.022050608818171176,9.25417951038617,13.200577462453648,1.9315187034722288,2.870448936364748,10,"{""0"": 0.02674107208541342, ""1"": 0.013354887309215399, ""2"": 0.027180971672861216, ""3"": 0.04542069182453927, ""4"": 0.01657228007836411, ""5"": 0.003033749938633662}"
0,0.1,19.900000000000002,20.28,10,31,4056,1974,1.5261308668644207,10,1.0552991264038165,0.021105982528076335,3.473048287958127,15.00343912664092,1.9553065260708664,3.251480790683153,10,"{""0"": 0.025134599994072283, ""1"": 0.01741879310527755, ""2"": 0.042820752536591275, ""3"": 0.014764763311445444, ""4"": 0.01675048153060087, ""5"": 0.009746504690470585}"
0,0.1,19.900000000000002,20.28,10,31,4056,1974,1.5261308668644207,15,0.9763828419169918,0.019527656838339836,7.809980090868899,15.090890673840178,2.008058159120136,3.4428347153946723,11,"{""0"": 0.028572438500823104, ""1"": 0.010873099365314307, ""2"": 0.03903756361582341, ""3"": 0.007678933965814473, ""4"": 0.014982204325217607, ""5"": 0.01602170125704613}"
0,0.1,19.900000000000002,20.28,10,31,4056,1974,1.5261308668644207,20,0.9443437326243819,0.01888687465248764,9.089997906509412,15.564632295631714,2.048277587205368,3.1785196496445685,11,"{""0"": 0.03167694763710721, ""1"": 0.011981463088885766, ""2"": 0.030265939415332493, ""3"": 0.009573372281543641, ""4"": 0.01217846110202366, ""5"": 0.017645064390033077}"
0,0.1,19.900000000000002,20.28,10,31,4056,1974,1.5261308668644207,25,0.8334089946556332,0.016668179893112665,29.422885077326658,15.903921947521471,2.024093973639318,3.394114560915738,12,"{""0"": 0.02997030259671148, ""1"": 0.014519255509032533, ""2"": 0.017167871699226747, ""3"": 0.011857896566016702, ""4"": 0.012586177403580274, ""5"": 0.013907575584108281}"
0,0.1,19.900000000000002,20.28,10,31,4056,1974,1.5261308668644207,30,0.8583348743137893,0.01716669748627579,36.535487738073606,16.343756204878364,2.0355287740262304,2.996522300865455,11,"{""0"": 0.031263662529187886, ""1"": 0.015362490120606493, ""2"": 0.013005860082749987, ""3"": 0.012442158706944647, ""4"": 0.010897820475288405, ""5"": 0.020028193002877313}"
0,0.1,19.900000000000002,20.28,10,31,4056,1974,1.5261308668644207,35,0.7698778825218602,0.015397557650437205,62.089679120271875,16.12768419904011,2.006166340771414,3.2147915988545317,12,"{""0"": 0.021718180647943286, ""1"": 0.01318608499493753, ""2"": 0.017530308255310358, ""3"": 0.011094613746811028, ""4"": 0.009221024851196033, ""5"": 0.019635133406424986}"
0,0.1,19.900000000000002,20.28,10,31,4056,1974,1.5261308668644207,40,0.7183526132126405,0.014367052264252812,13.57338059693932,16.264137958504534,1.9762608398449413,2.9178783587873935,11,"{""0"": 0.022881370092026863, ""1"": 0.012677264990464291, ""2"": 0.019086683196165223, ""3"": 0.010660216018543955, ""4"": 0.008049782959979403, ""5"": 0.01284699632833714}"
0,0.1,19.900000000000002,20.28,10,31,4056,1974,1.5261308668644207,45,0.702508212823801,0.014050164256476023,15.455108844528956,16.265465580882157,1.97531605984357,2.8516551878508425,11,"{""0"": 0.02503075682055873, ""1"": 0.011595692705621895, ""2"": 0.014177244160154154, ""3"": 0.01171676412284535, ""4"": 0.007406584952602524, ""5"": 0.014373942777073498}"
0,0.1,19.900000000000002,20.28,10,31,4056,1974,1.5261308668644207,50,0.7299016450944669,0.01459803290188934,8.605366033272857,16.23489835410228,1.9689097409047003,3.286854202316697,12,"{""0"": 0.02354571969367019, ""1"": 0.015276891651220245, ""2"": 0.016968985508161883, ""3"": 0.009507626041001695, ""4"": 0.0071229001066772935, ""5"": 0.015166074410604719}"
0,0.1,19.900000000000002,20.28,10,31,4056,1974,1.5261308668644207,55,0.6440979804740582,0.012881959609481165,11.410827056366397,16.37449194343727,1.98119960524109,3.6120857374582864,13,"{""0"": 0.021815214024118266, ""1"": 0.011022835243160459, ""2"": 0.013701631844016163, ""3"": 0.009714230402480841, ""4"": 0.006867029391858294, ""5"": 0.014170816751252974}"
0,0.1,19.900000000000002,20.28,10,31,4056,1974,1.5261308668644207,60,0.5607645631156212,0.011215291262312424,9.472066837665633,16.36239654215207,1.9676092268232381,3.2504163087637914,12,"{""0"": 0.01797898002225938, ""1"": 0.01049737453931331, ""2"": 0.01076366295494234, ""3"": 0.010208793168632138, ""4"": 0.0056894633352359844, ""5"": 0.01215347355349139}"
0,0.2,39.800000000000004,39.795,28,55,7959,1974,1.590233670152282,0,1.0176576351735855,0.02035315270347171,nan,0.0,1.590233670152282,8.048727102259544,14,"{""0"": 0.01969692597644666, ""1"": 0.021540779339664, ""2"": 0.02186483368514875, ""3"": 0.01872077793697389, ""4"": 0.021926254624579405, ""5"": 0.01836934465801757}"
0,0.2,39.800000000000004,39.795,28,55,7959,1974,1.590233670152282,5,0.8611288382836226,0.017222576765672456,1.2489954897076265,11.8553216853719,1.9145084169825133,2.875429391226598,10,"{""0"": 0.016229433394328745, ""1"": 0.028509012811308694, ""2"": 0.011787411909267687, ""3"": 0.0257713453489133, ""4"": 0.01679008321482261, ""5"": 0.0042481739153936784}"
0,0.2,39.800000000000004,39.795,28,55,7959,1974,1.590233670152282,10,0.6692943996225742,0.013385887992451486,17.66133201596123,13.572398740126753,1.978295106705668,3.3156433602556614,11,"{""0"": 0.01579203868411575, ""1"": 0.012321943947961963, ""2"": 0.006353692272790671, ""3"": 0.022046310307544812, ""4"": 0.01303885594660915, ""5"": 0.010762486795686563}"
0,0.2,39.800000000000004,39.795,28,55,7959,1974,1.590233670152282,15,0.6464387095700078,0.012928774191400157,8.324053480691504,14.649921515666733,1.9713463867562515,3.5888383101815053,13,"{""0"": 0.010096157478297726, ""1"": 0.014052813375455303, ""2"": 0.010580356904642485, ""3"": 0.02568643872302532, ""4"": 0.009202045763079156, ""5"": 0.007954832903900946}"
0,0.2,39.800000000000004,39.795,28,55,7959,1974,1.590233670152282,20,0.6252210735797039,0.01250442147159408,2.0950184081927743,15.592319194660954,1.9983435944929848,3.939824375882938,14,"{""0"": 0.008961632322041281, ""1"": 0.011585905533765487, ""2"": 0.006199510459769585, ""3"": 0.022059174542312324, ""4"": 0.014251105543428167, ""5"": 0.011969200428247641}"
0,0.2,39.800000000000004,39.795,28,55,7959,1974,1.590233670152282,25,0.5841160939995158,0.011682321879990317,2.5530940437895513,16.212100154554463,1.9870329327916598,4.29646502463515,14,"{""0"": 0.005380002634325345, ""1"": 0.018721890418768504, ""2"": 0.006447260905855043, ""3"": 0.01862474274251575, ""4"": 0.012466828317239196, ""5"": 0.008453206261238067}"
0,0.2,39.800000000000004,39.795,28,55,7959,1974,1.590233670152282,30,0.5985375087302407,0.011970750174604815,9.195746669411507,16.631757309051643,2.006608408763196,4.1540015190394985,14,"{""0"": 0.006204487685998363, ""1"": 0.021134472477868208, ""2"": 0.01014851748247779, ""3"": 0.01788166322973045, ""4"": 0.008203273086260945, ""5"": 0.008252087085293148}"
0,0.2,39.800000000000004,39.795,28,55,7959,1974,1.590233670152282,35,0.5725260319418904,0.01145052063883781,17.68105181340346,16.768600681801246,1.9367853353168367,4.3850080420405195,15,"{""0"": 0.006675338854829102, ""1"": 0.011124004805829134, ""2"": 0.007827453061754355, ""3"": 0.0199258468776419, ""4"": 0.015580260662998228, ""5"": 0.007570219569974143}"
0,0.2,39.800000000000004,39.795,28,55,7959,1974,1.590233670152282,40,0.6106103208006279,0.012212206416012561,14.30518453764022,16.92570700219408,1.9255817867428884,4.170720384418782,14,"{""0"": 0.007940212724532974, ""1"": 0.010769342290275588, ""2"": 0.013476128153647174, ""3"": 0.01793878397380082, ""4"": 0.013835586384585433, ""5"": 0.009313184969233387}"
0,0.2,39.800000000000004,39.795,28,55,7959,1974,1.590233670152282,45,0.6227539446682648,0.0124550788933653,5.7724104057435754,17.002925737764215,1.9324569166546968,3.945571957637621,14,"{""0"": 0.01004593519514249, ""1"": 0.013027593614993394, ""2"": 0.014546650736803862, ""3"": 0.017803322669869663, ""4"": 0.010633439857304342, ""5"": 0.008673531286078052}"
0,0.2,39.800000000000004,39.795,28,55,7959,1974,1.590233670152282,50,0.6432823327679287,0.012865646655358576,4.475534924011282,17.052287343261465,1.9615963355826953,3.9765245848709636,13,"{""0"": 0.006540357361044691, ""1"": 0.019167362113891886, ""2"": 0.015211307481322187, ""3"": 0.014800273771662908, ""4"": 0.012293265992925927, ""5"": 0.009181313211303863}"
0,0.2,39.800000000000004,39.795,28,55,7959,1974,1.590233670152282,55,0.6089442350684009,0.01217888470136802,12.227051596680646,17.085267055276788,1.9525683833551402,3.9346989593187756,13,"{""0"": 0.007187670455157541, ""1"": 0.01987897271420376, ""2"": 0.014609660737211799, ""3"": 0.012268980256910332, ""4"": 0.010368998339434863, ""5"": 0.00875902570528982}"
0,0.2,39.800000000000004,39.795,28,55,7959,1974,1.590233670152282,60,0.5813730719452774,0.01162746143890555,33.19991867251141,17.217471928471785,1.9546279629416392,4.075171610695344,14,"{""0"": 0.008835138739406567, ""1"": 0.01861078683381601, ""2"": 0.014303808663485634, ""3"": 0.011430967187030329, ""4"": 0.007900480922014414, ""5"": 0.008683586287680352}"
0,0.4,79.60000000000001,78.5,62,99,15700,1974,1.5151767461185597,0,1.0450936388463186,0.020901872776926376,nan,0.0,1.5151767461185597,6.912337638893098,14,"{""0"": 0.021179222478623437, ""1"": 0.02360072100230136, ""2"": 0.022077769562748945, ""3"": 0.01921949830960586, ""4"": 0.021678779972830475, ""5"": 0.017655245335448173}"
0,0.4,79.60000000000001,78.5,62,99,15700,1974,1.5151767461185597,5,1.2878868013386742,0.025757736026773486,1.5062525635322246,12.038690430609568,1.7599348328576419,3.8655032696262692,11,"{""0"": 0.026123783491542745, ""1"": 0.042374009358546405, ""2"": 0.03373838484478293, ""3"": 0.03704589081062497, ""4"": 0.011669829770002277, ""5"": 0.003594517885141618}"
0,0.4,79.60000000000001,78.5,62,99,15700,1974,1.5151767461185597,10,0.9341348184719679,0.01868269636943936,9.297630406971189,14.136303384111393,1.9455693401063956,5.167728673294486,15,"{""0"": 0.020920232499652774, ""1"": 0.02607385359928439, ""2"": 0.017608776146456128, ""3"": 0.022520326773031864, ""4"": 0.01595826804016819, ""5"": 0.009014721158042822}"
0,0.4,79.60000000000001,78.5,62,99,15700,1974,1.5151767461185597,15,0.8317776036929609,0.016635552073859222,11.289216930220507,14.997462385709058,1.9535973800276336,4.829621395773079,15,"{""0"": 0.014033980404073571, ""1"": 0.027871682838426802, ""2"": 0.018704244949173134, ""3"": 0.015537342427515161, ""4"": 0.014651430447681232, ""5"": 0.009014631376285422}"
0,0.4,79.60000000000001,78.5,62,99,15700,1974,1.5151767461185597,20,0.6882492278298211,0.013764984556596423,6.168048252439191,15.783703010903375,1.9794351158188137,5.263861044375974,16,"{""0"": 0.010155373316237302, ""1"": 0.023617980772775028, ""2"": 0.017873162416517836, ""3"": 0.009000033401285806, ""4"": 0.014945742320320175, ""5"": 0.006997615112442401}"
0,0.4,79.60000000000001,78.5,62,99,15700,1974,1.5151767461185597,25,0.5730993654563333,0.011461987309126667,12.72761026701318,16.38591859964398,2.013491047746666,5.215781426869024,16,"{""0"": 0.010157679319176183, ""1"": 0.01678488569597751, ""2"": 0.010818029752690968, ""3"": 0.009655646267427292, ""4"": 0.014892929202410091, ""5"": 0.006462753617077953}"
0,0.4,79.60000000000001,78.5,62,99,15700,1974,1.5151767461185597,30,0.5897137280245219,0.01179427456049044,6.991755856768245,16.643258028620945,2.0452663311239556,4.9824459862730075,16,"{""0"": 0.009357506207066775, ""1"": 0.0184351541484942, ""2"": 0.009433396280266316, ""3"": 0.009870732135701119, ""4"": 0.015842688786540656, ""5"": 0.007826169804873566}"
0,0.4,79.60000000000001,78.5,62,99,15700,1974,1.5151767461185597,35,0.5811800725414427,0.011623601450828854,8.976966616762397,16.707784932253357,2.0118866112528315,4.886827269634956,16,"{""0"": 0.01032397993616074, ""1"": 0.019863024218683245, ""2"": 0.007449253376503919, ""3"": 0.008648866580047997, ""4"": 0.016420431768839207, ""5"": 0.007036052824738006}"
0,0.4,79.60000000000001,78.5,62,99,15700,1974,1.5151767461185597,40,0.5938990562548748,0.011877981125097498,13.433086276440193,16.72697317266862,2.038373467339552,4.772518087202137,15,"{""0"": 0.010625729497715989, ""1"": 0.021428609951502996, ""2"": 0.00791687340739405, ""3"": 0.007749689178750484, ""4"": 0.015820387195838878, ""5"": 0.00772659751938258}"
0,0.4,79.60000000000001,78.5,62,99,15700,1974,1.5151767461185597,45,0.5663061479195919,0.011326122958391839,40.25185521542039,16.748886610265707,2.0514380561733128,4.952899990131053,15,"{""0"": 0.009959668084132758, ""1"": 0.020392778836408505, ""2"": 0.008349398196387685, ""3"": 0.006951237774663621, ""4"": 0.015463030795643812, ""5"": 0.006840624063114663}"
0,0.4,79.60000000000001,78.5,62,99,15700,1974,1.5151767461185597,50,0.5908111039011865,0.011816222078023731,4.447172064262049,16.913660654976287,2.0676874258326667,5.425737230959629,16,"{""0"": 0.008743228665929258, ""1"": 0.02026538807846911, ""2"": 0.012316333477418364, ""3"": 0.005964624817800198, ""4"": 0.01584649593210299, ""5"": 0.00776126149642246}"
0,0.4,79.60000000000001,78.5,62,99,15700,1974,1.5151767461185597,55,0.6242866565810987,0.012485733131621976,6.533292205641514,16.96882981628621,2.07412164358636,5.641146546063421,16,"{""0"": 0.010625149796061375, ""1"": 0.020203186974168553, ""2"": 0.013369151185368166, ""3"": 0.006314929913969742, ""4"": 0.01659133079801426, ""5"": 0.007810650122149755}"
0,0.4,79.60000000000001,78.5,62,99,15700,1974,1.5151767461185597,60,0.6211337506556832,0.012422675013113664,23.09222079721664,17.123322150886153,2.081880212145703,5.530000783242526,16,"{""0"": 0.008549135636114483, ""1"": 0.02090558627398057, ""2"": 0.014730797502232468, ""3"": 0.00603734384040245, ""4"": 0.016060534802444012, ""5"": 0.00825265202350801}"
1,0.05,9.950000000000001,10.085,3,18,2017,2017,1.5728289312089956,0,1.0056922488731515,0.020113844977463033,nan,0.0,1.5728289312089956,9.017494177381023,15,"{""0"": 0.01958927963790167, ""1"": 0.02153040962896679, ""2"": 0.02097978551770173, ""3"": 0.02057059765250226, ""4"": 0.0189664505111926, ""5"": 0.01904654691651314}"
1,0.05,9.950000000000001,10.085,3,18,2017,2017,1.5728289312089956,5,1.380570690699421,0.027611413813988423,9.137561972398098,13.158763046540749,1.7035469962294085,1.9494566459445966,7,"{""0"": 0.006208681869518094, ""1"": 0.036593028310736714, ""2"": 0.032014478302624896, ""3"": 0.012022827509945034, ""4"": 0.029295718017232054, ""5"": 0.04953374887387377}"
1,0.05,9.950000000000001,10.085,3,18,2017,2017,1.5728289312089956,10,1.2173863369083204,0.024347726738166414,4.413293058939339,15.029192974912648,1.9605349397603127,2.260361693756836,10,"{""0"": 0.02544444986059168, ""1"": 0.05414535740828532, ""2"": 0.029171199653009804, ""3"": 0.02460622229755079, ""4"": 0.003224717446763747, ""5"": 0.00949441376279714}"
1,0.05,9.950000000000001,10.085,3,18,2017,2017,1.5728289312089956,15,0.870260858919395,0.017405217178387902,8.656715855657415,14.768884763687616,1.8689106197824528,2.9881772485995053,12,"{""0"": 0.024295781159957903, ""1"": 0.00816099326563099, ""2"": 0.03832225497395455, ""3"": 0.019769501211763817, ""4"": 0.004366215375335254, ""5"": 0.009516557083684908}"
1,0.05,9.950000000000001,10.085,3,18,2017,2017,1.5728289312089956,20,0.7764697291270595,0.015529394582541193,23.841541225727276,15.26051033513555,1.9108570106647123,2.3011423412289607,11,"{""0"": 0.020466707914677085, ""1"": 0.004178911509656456, ""2"": 0.03735614266275639, ""3"": 0.017641163352380897, ""4"": 0.002211103604039223, ""5"": 0.011322338451737107}"
1,0.05,9.950000000000001,10.085,3,18,2017,2017,1.5728289312089956,25,0.7403631110701638,0.01480726222140328,9.409088649678978,15.655240231680914,1.8981673383207058,2.354130641696036,11,"{""0"": 0.01783213727856834, ""1"": 0.00298715861747035, ""2"": 0.03601253701809091, ""3"": 0.01819024854092957, ""4"": 0.0020685579313482446, ""5"": 0.01175293394201227}"
1,0.05,9.950000000000001,10.085,3,18,2017,2017,1.5728289312089956,30,0.6215222456655111,0.012430444913310223,13.746651657611462,15.630319038869073,1.9302833623537128,2.607526553695737,11,"{""0"": 0.012707551245600534, ""1"": 0.0041895960878311714, ""2"": 0.02954008869341409, ""3"": 0.011364571311723625, ""4"": 0.0024244700913202176, ""5"": 0.014356392049971698}"
1,0.05,9.950000000000001,10.085,3,18,2017,2017,1.5728289312089956,35,0.45962406987178106,0.009192481397435623,21.37846621931439,15.98294463299855,1.9907032397148914,3.389894063509183,11,"{""0"": 0.002562956273417981, ""1"": 0.005856312295384044, ""2"": 0.014206989349194444, ""3"": 0.004192381543334996, ""4"": 0.007448349333510513, ""5"": 0.020887899589771764}"
1,0.05,9.950000000000001,10.085,3,18,2017,2017,1.5728289312089956,40,0.40697298363872253,0.008139459672774452,4.470525113086705,16.17151657130173,2.0065619873464575,3.3814733402322212,11,"{""0"": 0.0025338754044331954, ""1"": 0.005317653742284022, ""2"": 0.012903568727698444, ""3"": 0.0038234853541252527, ""4"": 0.006430686373048425, ""5"": 0.017827488435057368}"
1,0.05,9.950000000000001,10.085,3,18,2017,2017,1.5728289312089956,45,0.43205434745694504,0.008641086949138902,10.225640099919328,16.279867838710487,2.010197616319401,3.606426033959857,11,"{""0"": 0.003267317703220294, ""1"": 0.005867873005336336, ""2"": 0.010697972587501929, ""3"": 0.00443172116759369, ""4"": 0.008356605189828064, ""5"": 0.01922503204135309}"
1,0.05,9.950000000000001,10.085,3,18,2017,2017,1.5728289312089956,50,0.364533592044976,0.0072906718408995205,7.365432248663315,16.382909429700334,1.988243871997948,3.6263770432498994,11,"{""0"": 0.002696499441918854, ""1"": 0.00551785115069983, ""2"": 0.010513608332775398, ""3"": 0.004161281057616162, ""4"": 0.0051569684336707725, ""5"": 0.01569782262871611}"
1,0.05,9.950000000000001,10.085,3,18,2017,2017,1.5728289312089956,55,0.3345111269151455,0.006690222538302911,4.740936907064404,16.508699728347988,1.9785263390814158,3.6407949054202047,10,"{""0"": 0.002638840181814433, ""1"": 0.005137608368852008, ""2"": 0.01092622903669271, ""3"": 0.00464134870951545, ""4"": 0.0036825718694662043, ""5"": 0.013114737063476664}"
1,0.05,9.950000000000001,10.085,3,18,2017,2017,1.5728289312089956,60,0.3536939466990204,0.007073878933980408,2.821444893008936,16.624552876542573,2.0151538489542427,3.518733063687124,10,"{""0"": 0.0025107199461108063, ""1"": 0.005365796696154105, ""2"": 0.014631431583632074, ""3"": 0.00489163680809769, ""4"": 0.0033536333632622497, ""5"": 0.011690055206625525}"
1,0.1,19.900000000000002,19.93,9,32,3986,2017,1.603557616202743,0,1.0524690486935206,0.021049380973870414,nan,0.0,1.603557616202743,7.291282270547949,13,"{""0"": 0.024188435967635792, ""1"": 0.023118991178607537, ""2"": 0.01917383689437413, ""3"": 0.02004825302635919, ""4"": 0.016982797970570084, ""5"": 0.02278397080567577}"
1,0.1,19.900000000000002,19.93,9,32,3986,2017,1.603557616202743,5,1.3845678388339324,0.027691356776678656,24.772821703709155,13.069512531051792,1.9745798984134326,4.6021225567112065,13,"{""0"": 0.029428565033425523, ""1"": 0.03839755466651186, ""2"": 0.021249713630943412, ""3"": 0.02941920327575852, ""4"": 0.0293656233872139, ""5"": 0.018287480666218693}"
1,0.1,19.900000000000002,19.93,9,32,3986,2017,1.603557616202743,10,1.123615302520836,0.02247230605041672,2.7192580012719705,15.02369059885186,2.104559969026142,2.2174065318836624,10,"{""0"": 0.03282451895027019, ""1"": 0.028104310819554057, ""2"": 0.023287339962030036, ""3"": 0.02336215005437654, ""4"": 0.011044562552051164, ""5"": 0.01621095396421835}"
1,0.1,19.900000000000002,19.93,9,32,3986,2017,1.603557616202743,15,0.8782497075037752,0.017564994150075505,66.68244050656992,16.00228826629194,2.018863074614723,2.0218757687093247,9,"{""0"": 0.026414824506474817, ""1"": 0.0056037833159271085, ""2"": 0.018245650120256713, ""3"": 0.026315802884666235, ""4"": 0.00623706316644509, ""5"": 0.02257284090668308}"
1,0.1,19.900000000000002,19.93,9,32,3986,2017,1.603557616202743,20,0.7841795836455969,0.01568359167291194,26.276132090557674,16.583480158460908,2.0308248041949475,2.1396289929856933,10,"{""0"": 0.02482603942577629, ""1"": 0.0038213230600897792, ""2"": 0.015542730553334915, ""3"": 0.025961877847480535, ""4"": 0.0027578721788219414, ""5"": 0.02119170697196817}"
1,0.1,19.900000000000002,19.93,9,32,3986,2017,1.603557616202743,25,0.6667336043754564,0.013334672087509129,39.99309819615005,16.84611221067308,2.048476065496494,2.3363289739058586,11,"{""0"": 0.017831242682188442, ""1"": 0.004088856798525748, ""2"": 0.015141899402299718, ""3"": 0.02465976622993394, ""4"": 0.0025762648143368557, ""5"": 0.015710002597770074}"
1,0.1,19.900000000000002,19.93,9,32,3986,2017,1.603557616202743,30,0.6442412054434113,0.012884824108868228,14.6598792225359,17.063621649277582,2.092319161815497,2.4934074210948,12,"{""0"": 0.017788258039663638, ""1"": 0.004632981231039694, ""2"": 0.012116549622293877, ""3"": 0.024532083172138622, ""4"": 0.002821241021710582, ""5"": 0.015417831566362963}"
1,0.1,19.900000000000002,19.93,9,32,3986,2017,1.603557616202743,35,0.6241487494168118,0.012482974988336237,8.328985014603695,17.091575956653127,2.0984658811083508,2.95455722216923,13,"{""0"": 0.012072227146576561, ""1"": 0.006226905161722508, ""2"": 0.0116456781458765, ""3"": 0.023413965353078832, ""4"": 0.004681705143280472, ""5"": 0.01685736897948254}"
1,0.1,19.900000000000002,19.93,9,32,3986,2017,1.603557616202743,40,0.617382106350357,0.01234764212700714,9.893629698965912,17.227965511242253,2.1426384132653844,2.958106767442828,13,"{""0"": 0.017158694711115734, ""1"": 0.0049004301473868, ""2"": 0.01271359227317292, ""3"": 0.01989663620450735, ""4"": 0.004978003155645068, ""5"": 0.014438496270214965}"
1,0.1,19.900000000000002,19.93,9,32,3986,2017,1.603557616202743,45,0.5998969350827718,0.011997938701655437,4.545846863088548,17.43317612288052,2.1416788363916885,3.383956524223769,13,"{""0"": 0.013987258602023461, ""1"": 0.007062476219712456, ""2"": 0.011793117203246356, ""3"": 0.018346049289321195, ""4"": 0.006586880088533346, ""5"": 0.01421185080709581}"
1,0.1,19.900000000000002,19.93,9,32,3986,2017,1.603557616202743,50,0.6254939699017956,0.012509879398035913,19.557406475391918,17.41180431681049,2.1344337263764928,3.3332523009480126,13,"{""0"": 0.016461916124251942, ""1"": 0.006259262170543854, ""2"": 0.011461741271402209, ""3"": 0.019121982056092737, ""4"": 0.005461476083671843, ""5"": 0.01629289868225289}"
1,0.1,19.900000000000002,19.93,9,32,3986,2017,1.603557616202743,55,0.6293631814520365,0.012587263629040732,19.843601833155702,17.59267114957183,2.129789578645748,3.3052386286842883,13,"{""0"": 0.017176579633100687, ""1"": 0.005771697719013527, ""2"": 0.010686938754034772, ""3"": 0.020325487324489667, ""4"": 0.0057523718062600215, ""5"": 0.015810506537345732}"
1,0.1,19.900000000000002,19.93,9,32,3986,2017,1.603557616202743,60,0.6220204317879606,0.012440408635759214,8.847634682206852,17.718071150865896,2.120209949116043,3.4643009108884506,14,"{""0"": 0.013583809539531866, ""1"": 0.0071019030107330045, ""2"": 0.011191621517607239, ""3"": 0.020287822220789845, ""4"": 0.00661645597723696, ""5"": 0.015860839548656386}"
1,0.2,39.800000000000004,39.615,25,56,7923,2017,1.5317698468983538,0,0.9831727627453121,0.019663455254906245,nan,0.0,1.5317698468983538,4.863353534487964,13,"{""0"": 0.02258790882530328, ""1"": 0.020672563193969425, ""2"": 0.01772810192383461, ""3"": 0.02001590826282491, ""4"": 0.01852352644258307, ""5"": 0.018452722880922184}"
1,0.2,39.800000000000004,39.615,25,56,7923,2017,1.5317698468983538,5,1.0710622323404029,0.021421244646808058,8.836957656883746,10.982633417861175,2.247106276013824,1.9224304763326328,6,"{""0"": 0.0028886529289939757, ""1"": 0.027962934799410734, ""2"": 0.01828178641004696, ""3"": 0.011402813404534291, ""4"": 0.0393520953677024, ""5"": 0.028639184970159985}"
1,0.2,39.800000000000004,39.615,25,56,7923,2017,1.5317698468983538,10,0.8409369888537035,0.01681873977707407,15.731888571618196,13.86057512443615,1.9414364761070235,3.3056682103590007,9,"{""0"": 0.01738221477343759, ""1"": 0.0404782049973229, ""2"": 0.007186664685665353, ""3"": 0.02442829877937913, ""4"": 0.006158779295075849, ""5"": 0.005278276131563614}"
1,0.2,39.800000000000004,39.615,25,56,7923,2017,1.5317698468983538,15,0.5825731215890158,0.011651462431780318,4.557755990694763,15.001786043509185,2.1317678655137104,1.9606485249507155,6,"{""0"": 0.01930188493640759, ""1"": 0.0035291404286380604, ""2"": 0.013549193443476937, ""3"": 0.020629798041247767, ""4"": 0.00267797240694655, ""5"": 0.010220785333965008}"
1,0.2,39.800000000000004,39.615,25,56,7923,2017,1.5317698468983538,20,0.5615143297307865,0.01123028659461573,13.305028551357069,15.30773180629442,2.1296386453957523,2.0563284402346964,6,"{""0"": 0.01666063472142449, ""1"": 0.003166455754003341, ""2"": 0.012357386532382145, ""3"": 0.02110025158754452, ""4"": 0.0025834655860202125, ""5"": 0.011513525386319678}"
1,0.2,39.800000000000004,39.615,25,56,7923,2017,1.5317698468983538,25,0.5359238394178872,0.010718476788357746,9.212067753198903,15.430435560757083,2.0924669106506686,2.161756732979028,7,"{""0"": 0.015554232573283564, ""1"": 0.0028917274239450815, ""2"": 0.011068618488093337, ""3"": 0.02046230224784109, ""4"": 0.003420149812133587, ""5"": 0.010913830184849822}"
1,0.2,39.800000000000004,39.615,25,56,7923,2017,1.5317698468983538,30,0.45034317206421504,0.009006863441284301,6.439850827931534,15.76517888082616,2.043529164528691,2.4630966344327927,7,"{""0"": 0.017388079177189826, ""1"": 0.0035077234296032843, ""2"": 0.009128634197128399, ""3"": 0.009900399984211317, ""4"": 0.0036215972351495477, ""5"": 0.010494746624423438}"
1,0.2,39.800000000000004,39.615,25,56,7923,2017,1.5317698468983538,35,0.39396742331138374,0.007879348466227676,4.535527111965043,15.87771834638781,2.101456962962291,2.6869907595526716,7,"{""0"": 0.014277662095215752, ""1"": 0.004194584463016579, ""2"": 0.0077300351902973505, ""3"": 0.008539587692916083, ""4"": 0.00352080704464462, ""5"": 0.009013414311275668}"
1,0.2,39.800000000000004,39.615,25,56,7923,2017,1.5317698468983538,40,0.38206855095982933,0.007641371019196587,6.4671631868849575,15.983355844060126,2.119248838111682,2.645709404129955,7,"{""0"": 0.016187276221813034, ""1"": 0.004466235971651948, ""2"": 0.006928793245314774, ""3"": 0.005539016433989878, ""4"": 0.0037098423729107904, ""5"": 0.0090170618694991}"
1,0.2,39.800000000000004,39.615,25,56,7923,2017,1.5317698468983538,45,0.30764417540994676,0.006152883508198936,7.215968773495235,16.0974408214381,2.141271577338906,2.820196655521167,7,"{""0"": 0.01089469430757389, ""1"": 0.006671581393254343, ""2"": 0.003122849227129239, ""3"": 0.004847213696522886, ""4"": 0.004122038810668797, ""5"": 0.007258923614044456}"
1,0.2,39.800000000000004,39.615,25,56,7923,2017,1.5317698468983538,50,0.30670513822817447,0.0061341027645634896,5.896792624429745,16.258264383265043,2.153626196445504,2.8859334747288905,7,"{""0"": 0.009551761375014352, ""1"": 0.007566195829286947, ""2"": 0.0029626582996264824, ""3"": 0.005985771894221101, ""4"": 0.004242002993157823, ""5"": 0.006496226196074238}"
1,0.2,39.800000000000004,39.615,25,56,7923,2017,1.5317698468983538,55,0.3039534354048967,0.006079068708097935,2.281094222851151,16.40952409207131,2.165652106186928,2.955041048796922,7,"{""0"": 0.00941973464383931, ""1"": 0.008040005536812098, ""2"": 0.002486424744293119, ""3"": 0.006724664637275913, ""4"": 0.0042078527175337405, ""5"": 0.005595729968833435}"
1,0.2,39.800000000000004,39.615,25,56,7923,2017,1.5317698468983538,60,0.3008583800428165,0.006017167600856331,11.764327843591587,16.548755369159302,2.1637558118250273,3.0320141788246526,7,"{""0"": 0.0097577816300413, ""1"": 0.007894380349647002, ""2"": 0.0022028202910624856, ""3"": 0.007035990658960175, ""4"": 0.004361588150592081, ""5"": 0.0048504445248349504}"
1,0.4,79.60000000000001,79.945,59,97,15989,2017,1.6359988786176212,0,1.0142706913107706,0.020285413826215414,nan,0.0,1.6359988786176212,4.913679854824896,12,"{""0"": 0.02063481392131883, ""1"": 0.021314897917630797, ""2"": 0.020156575925944678, ""3"": 0.020092854068084913, ""4"": 0.02012214322624366, ""5"": 0.019391197898069607}"
1,0.4,79.60000000000001,79.945,59,97,15989,2017,1.6359988786176212,5,0.9313260775408839,0.01862652155081768,16.06821517827168,11.862164101021742,2.160965172364427,2.336103330344598,8,"{""0"": 0.024239241635005716, ""1"": 0.028225363733136145, ""2"": 0.013684879643146663, ""3"": 0.014016621147814923, ""4"": 0.028181402706344106, ""5"": 0.0034116204394585405}"
1,0.4,79.60000000000001,79.945,59,97,15989,2017,1.6359988786176212,10,1.0656441270815007,0.021312882541630017,6.874662194981303,14.507265181154274,2.0505089223683868,4.0214083015321895,11,"{""0"": 0.011948389947791427, ""1"": 0.043309411189059954, ""2"": 0.021500796972185383, ""3"": 0.03930604443120744, ""4"": 0.0062177771315193794, ""5"": 0.005594875578016507}"
1,0.4,79.60000000000001,79.945,59,97,15989,2017,1.6359988786176212,15,0.6625610815935465,0.013251221631870933,4.789695331371599,15.23246827709082,2.043377949577165,2.8129860841918544,10,"{""0"": 0.023660522368393225, ""1"": 0.004055906890074166, ""2"": 0.016581410306630545, ""3"": 0.0255818268955333, ""4"": 0.0029535283087147347, ""5"": 0.006674135021879632}"
1,0.4,79.60000000000001,79.945,59,97,15989,2017,1.6359988786176212,20,0.567226135407965,0.0113445227081593,32.79524224902563,15.5238652149312,1.9441266761405298,2.97748308274802,10,"{""0"": 0.021485002409611095, ""1"": 0.0029934443997837734, ""2"": 0.01503926808372159, ""3"": 0.01952009661085071, ""4"": 0.0029690163556662977, ""5"": 0.006060308389322324}"
1,0.4,79.60000000000001,79.945,59,97,15989,2017,1.6359988786176212,25,0.5294805742657949,0.010589611485315899,5.350660913918743,15.784420600779272,1.946389106201914,2.8826756497893657,9,"{""0"": 0.022744684378723356, ""1"": 0.002513161244410381, ""2"": 0.01202669282857092, ""3"": 0.019672565987245573, ""4"": 0.0024335503599228667, ""5"": 0.004147014113022288}"
1,0.4,79.60000000000001,79.945,59,97,15989,2017,1.6359988786176212,30,0.4180359614786673,0.008360719229573347,18.676642628862506,16.134055291510563,1.9764325144098895,2.96820617385508,9,"{""0"": 0.022217906559089815, ""1"": 0.0023212690355378937, ""2"": 0.009494894339854005, ""3"": 0.010412499268267365, ""4"": 0.0034583503781936893, ""5"": 0.0022593957964973086}"
1,0.4,79.60000000000001,79.945,59,97,15989,2017,1.6359988786176212,35,0.3835629454724056,0.007671258909448113,5.72558506054161,16.200498520125716,1.9869280022325413,3.362064024076574,11,"{""0"": 0.015536101370327654, ""1"": 0.0029396629245123625, ""2"": 0.008578458381300237, ""3"": 0.009803083264721981, ""4"": 0.004523867394406084, ""5"": 0.004646380121420357}"
1,0.4,79.60000000000001,79.945,59,97,15989,2017,1.6359988786176212,40,0.34268123612919504,0.006853624722583902,0.9140007216168721,16.351703823322666,2.0149305964800415,3.2375909422842555,10,"{""0"": 0.015370342310237647, ""1"": 0.002571132205679979, ""2"": 0.006889463595221744, ""3"": 0.008310177133058396, ""4"": 0.0036935242737115665, ""5"": 0.004287108817594079}"
1,0.4,79.60000000000001,79.945,59,97,15989,2017,1.6359988786176212,45,0.3122763865274011,0.006245527730548022,8.254930207474898,16.531770299874466,2.064716894312699,3.505561803876554,10,"{""0"": 0.011051783553572891, ""1"": 0.0030482314225795523, ""2"": 0.00596460745724253, ""3"": 0.006169766797439016, ""4"": 0.00706015330247276, ""5"": 0.004178623849981385}"
1,0.4,79.60000000000001,79.945,59,97,15989,2017,1.6359988786176212,50,0.31198933142295354,0.006239786628459072,34.24512445956829,16.440428281019415,2.0645411022705686,3.4318170478155636,10,"{""0"": 0.012707433145155328, ""1"": 0.003104228049964871, ""2"": 0.0046072096864186365, ""3"": 0.007432841785036249, ""4"": 0.005956458106032637, ""5"": 0.003630548998146714}"
1,0.4,79.60000000000001,79.945,59,97,15989,2017,1.6359988786176212,55,0.2719692129220899,0.0054393842584417994,15.828121240508962,16.56628058921189,2.068317899091395,3.4104683687943025,10,"{""0"": 0.009556890103225534, ""1"": 0.002661275942379656, ""2"": 0.003996807997314835, ""3"": 0.007072181244522554, ""4"": 0.005985886581975158, ""5"": 0.0033632636812330552}"
1,0.4,79.60000000000001,79.945,59,97,15989,2017,1.6359988786176212,60,0.2535010831156194,0.005070021662312389,5.952159889879643,16.661944283110657,2.0730555822226906,3.3704219930838,9,"{""0"": 0.00875588343672786, ""1"": 0.002655745884294961, ""2"": 0.0033819664130684615, ""3"": 0.005551165403308916, ""4"": 0.006665036960815968, ""5"": 0.0034103318756581666}"
2,0.05,9.950000000000001,9.695,2,19,1939,1939,1.552957722585292,0,1.033719400438695,0.0206743880087739,nan,0.0,1.552957722585292,4.164212407727732,11,"{""0"": 0.01899551693111618, ""1"": 0.02051666120646168, ""2"": 0.02159289160117658, ""3"": 0.02097402951756729, ""4"": 0.021960888921615768, ""5"": 0.020006339874705924}"
2,0.05,9.950000000000001,9.695,2,19,1939,1939,1.552957722585292,5,0.7400147415639734,0.01480029483127947,3.093552872962766,12.026194051491458,1.873833976200158,2.1377074094935478,5,"{""0"": 0.015175383479513466, ""1"": 0.012758638124200897, ""2"": 0.007305773862325062, ""3"": 0.001461405965943555, ""4"": 0.044235579883958584, ""5"": 0.007864987671735248}"
2,0.05,9.950000000000001,9.695,2,19,1939,1939,1.552957722585292,10,0.6207302656243874,0.01241460531248775,5.315421412517552,12.839212245412286,1.8813840892060798,2.3070099812502267,5,"{""0"": 0.03337213081334987, ""1"": 0.015306514484656591, ""2"": 0.004765532872669771, ""3"": 0.006075071869807972, ""4"": 0.01137244069144257, ""5"": 0.0035959411429997167}"
2,0.05,9.950000000000001,9.695,2,19,1939,1939,1.552957722585292,15,0.6250399119545638,0.012500798239091277,2.775778292752323,13.321805220823226,1.9782863883699162,2.1176140310701066,4,"{""0"": 0.03869311126224135, ""1"": 0.006029963988557881, ""2"": 0.008097789484788741, ""3"": 0.009317532304789563, ""4"": 0.00582723989102911, ""5"": 0.0070391525031410105}"
2,0.05,9.950000000000001,9.695,2,19,1939,1939,1.552957722585292,20,0.39762089710743653,0.00795241794214873,16.678653683596497,13.93554261195887,1.9635028405211246,2.2032320108367953,5,"{""0"": 0.01868976369674746, ""1"": 0.004297232686052817, ""2"": 0.004833076198602078, ""3"": 0.005231805584381883, ""4"": 0.010797913725421366, ""5"": 0.003864715761686787}"
2,0.05,9.950000000000001,9.695,2,19,1939,1939,1.552957722585292,25,0.4449863274511186,0.008899726549022373,17.8937226506156,14.267320710044634,1.9118638111757957,2.5102768799197785,6,"{""0"": 0.01747512361820156, ""1"": 0.004452284560746717, ""2"": 0.002519420071413555, ""3"": 0.005805949590494748, ""4"": 0.019638849845048056, ""5"": 0.0035067316082296055}"
2,0.05,9.950000000000001,9.695,2,19,1939,1939,1.552957722585292,30,0.38132338945771754,0.007626467789154352,9.286304848381636,14.50995463172375,1.9398730716878145,2.404880181369192,5,"{""0"": 0.017265059658734722, ""1"": 0.006807280065289033, ""2"": 0.0028286915808602878, ""3"": 0.001776019776007293, ""4"": 0.01426222269385564, ""5"": 0.002819532960179137}"
2,0.05,9.950000000000001,9.695,2,19,1939,1939,1.552957722585292,35,0.3503258777019667,0.0070065175540393355,5.113111543452082,14.92717125332955,1.921789297253441,2.5209131369061595,5,"{""0"": 0.013263069198598145, ""1"": 0.008035651261106726, ""2"": 0.0030441909086234955, ""3"": 0.0014420533546754698, ""4"": 0.01335732370359043, ""5"": 0.00289681689764175}"
2,0.05,9.950000000000001,9.695,2,19,1939,1939,1.552957722585292,40,0.3776558997174148,0.007553117994348297,4.515036904627067,15.401657983806139,1.8853709545470496,2.610945372342386,5,"{""0"": 0.011341540920824764, ""1"": 0.011928300984758538, ""2"": 0.0042369957507847, ""3"": 0.0013376705779544044, ""4"": 0.012716211820551557, ""5"": 0.0037579879112158176}"
2,0.05,9.950000000000001,9.695,2,19,1939,1939,1.552957722585292,45,0.36932772517642837,0.007386554503528568,6.279784715882963,15.585699724424455,1.8840956086492269,2.517419917098856,5,"{""0"": 0.011837753218665347, ""1"": 0.01225264624199999, ""2"": 0.005482173039720848, ""3"": 0.0013138023741689716, ""4"": 0.008416822063175212, ""5"": 0.0050161300834410325}"
2,0.05,9.950000000000001,9.695,2,19,1939,1939,1.552957722585292,50,0.40395029250969294,0.00807900585019386,9.16670589453175,15.73210657146937,1.9385225107506106,2.461528828727702,5,"{""0"": 0.011322857470409198, ""1"": 0.014517289132488245, ""2"": 0.004073506926032032, ""3"": 0.0028040724691595553, ""4"": 0.011867480753216258, ""5"": 0.00388882834985787}"
2,0.05,9.950000000000001,9.695,2,19,1939,1939,1.552957722585292,55,0.39261954094842005,0.007852390818968403,4.7400733913820305,15.74582187012036,1.9491027043424463,2.359804065458602,5,"{""0"": 0.012437512335392847, ""1"": 0.013957751935616663, ""2"": 0.003990353438112235, ""3"": 0.0033635471106651994, ""4"": 0.009572995730575996, ""5"": 0.003792184363447476}"
2,0.05,9.950000000000001,9.695,2,19,1939,1939,1.552957722585292,60,0.3954463497635383,0.007908926995270767,3.114252977302639,15.844207375103098,1.949213563660998,2.4000093696636777,5,"{""0"": 0.01171633122852484, ""1"": 0.014433090489585309, ""2"": 0.003758856197643788, ""3"": 0.0035796432290064123, ""4"": 0.010481356056409786, ""5"": 0.0034842847704544726}"
2,0.1,19.900000000000002,20.31,8,36,4062,1939,1.649175521130528,0,0.994095095126016,0.019881901902520323,nan,0.0,1.649175521130528,4.467702222753579,12,"{""0"": 0.018921664004925003, ""1"": 0.022974574248080033, ""2"": 0.02188251179523637, ""3"": 0.020634378431852646, ""4"": 0.017115382616010227, ""5"": 0.017762900319017654}"
2,0.1,19.900000000000002,20.31,8,36,4062,1939,1.649175521130528,5,0.9065478041247094,0.01813095608249419,2.5927748635611447,12.515808098725522,2.043741908987534,3.4433595470274443,9,"{""0"": 0.02532415284120935, ""1"": 0.01778919715818892, ""2"": 0.01963519611425184, ""3"": 0.00404390284491545, ""4"": 0.031121149800408997, ""5"": 0.010872137735990578}"
2,0.1,19.900000000000002,20.31,8,36,4062,1939,1.649175521130528,10,0.64002037189279,0.012800407437855802,3.0225431043290976,13.584445280918265,2.157277202892354,3.436697371449934,8,"{""0"": 0.038899191764651966, ""1"": 0.00788943543639643, ""2"": 0.015374352685741013, ""3"": 0.003050993877151446, ""4"": 0.005854832066592383, ""5"": 0.005733638796601581}"
2,0.1,19.900000000000002,20.31,8,36,4062,1939,1.649175521130528,15,0.43902883615453514,0.008780576723090704,2.838084308616274,14.677919968558516,2.2547584009230213,2.948930012346875,8,"{""0"": 0.028010816431241786, ""1"": 0.003202828581128852, ""2"": 0.005041919877401118, ""3"": 0.003863209099057826, ""4"": 0.00421838014638474, ""5"": 0.008346306203329901}"
2,0.1,19.900000000000002,20.31,8,36,4062,1939,1.649175521130528,20,0.49274666587176885,0.009854933317435378,27.92635737316085,14.936207258168816,2.2532109456918477,2.65721056094304,7,"{""0"": 0.027278414268406513, ""1"": 0.0018638749562157977, ""2"": 0.0038294901400826704, ""3"": 0.004112093693690931, ""4"": 0.012600751479556471, ""5"": 0.00944497536665988}"
2,0.1,19.900000000000002,20.31,8,36,4062,1939,1.649175521130528,25,0.45757258295319353,0.009151451659063871,46.44617513290822,15.257910384579692,2.197998326956298,3.0099493158872526,8,"{""0"": 0.021519161302721863, ""1"": 0.003190373428269258, ""2"": 0.0030110410436362434, ""3"": 0.005120207044702537, ""4"": 0.014281927042961837, ""5"": 0.007786000092091498}"
2,0.1,19.900000000000002,20.31,8,36,4062,1939,1.649175521130528,30,0.33349590039435445,0.00666991800788709,3.9397391245706457,15.412562778715227,2.2372206381477744,2.861371719144961,8,"{""0"": 0.018734009457629413, ""1"": 0.0028776098599231554, ""2"": 0.003032194518033529, ""3"": 0.005973358627251728, ""4"": 0.005773780884139282, ""5"": 0.003628554700345438}"
2,0.1,19.900000000000002,20.31,8,36,4062,1939,1.649175521130528,35,0.2976753304914952,0.005953506609829904,8.848246855980735,15.733810694705028,2.1888059068063566,3.0715999747160936,8,"{""0"": 0.012461565142150447, ""1"": 0.0030245144963998334, ""2"": 0.0020355850061010935, ""3"": 0.005645867997382155, ""4"": 0.009058781551333944, ""5"": 0.003494725465611948}"
2,0.1,19.900000000000002,20.31,8,36,4062,1939,1.649175521130528,40,0.3341348898035322,0.006682697796070644,10.622833017706027,16.10957784312174,2.2126600486990338,3.0668424207695333,7,"{""0"": 0.004336813899214848, ""1"": 0.0072688637572507955, ""2"": 0.005916671061895731, ""3"": 0.0084742668077603, ""4"": 0.008631874005927393, ""5"": 0.005467697244374796}"
2,0.1,19.900000000000002,20.31,8,36,4062,1939,1.649175521130528,45,0.3692032249034065,0.007384064498068131,13.553386474205796,16.245713425012234,2.166642829432448,2.8451785529727416,8,"{""0"": 0.003628828230886215, ""1"": 0.0073060936760302505, ""2"": 0.010722929308939842, ""3"": 0.009305039524043091, ""4"": 0.005961270982784845, ""5"": 0.007380225265724541}"
2,0.1,19.900000000000002,20.31,8,36,4062,1939,1.649175521130528,50,0.31061989743421903,0.006212397948684382,18.855304641294698,16.287687047289282,2.1051830409295786,2.9801378728222843,8,"{""0"": 0.005523895863313845, ""1"": 0.005638902667534471, ""2"": 0.004859170552213819, ""3"": 0.009389682922499991, ""4"": 0.007023831097331656, ""5"": 0.004838904589212512}"
2,0.1,19.900000000000002,20.31,8,36,4062,1939,1.649175521130528,55,0.3181718285094486,0.0063634365701889725,8.333079398986488,16.360728525010266,2.04665810439176,2.7489542754464527,8,"{""0"": 0.007665051232355826, ""1"": 0.0048031684556274655, ""2"": 0.005245318737749404, ""3"": 0.010091287330977014, ""4"": 0.00586904216136651, ""5"": 0.004506751503057617}"
2,0.1,19.900000000000002,20.31,8,36,4062,1939,1.649175521130528,60,0.3116618799076295,0.006233237598152591,0.9115146821275552,16.464722585591872,2.0577334382211605,2.786692779281633,8,"{""0"": 0.007649003299897239, ""1"": 0.004803520167779032, ""2"": 0.004503153242320238, ""3"": 0.009737448150907374, ""4"": 0.006726808966023788, ""5"": 0.003979491761987872}"
2,0.2,39.800000000000004,39.93,26,57,7986,1939,1.5977169053837605,0,1.0092899650524063,0.020185799301048128,nan,0.0,1.5977169053837605,3.4671706501423096,12,"{""0"": 0.019979455857008367, ""1"": 0.02047887130660556, ""2"": 0.020322748298307568, ""3"": 0.022339788068431975, ""4"": 0.020040678687925924, ""5"": 0.017953253588009383}"
2,0.2,39.800000000000004,39.93,26,57,7986,1939,1.5977169053837605,5,0.9472946842092654,0.01894589368418531,2.422315526343518,11.83870236759035,1.9411409430444517,3.764513715018953,11,"{""0"": 0.01767383094508703, ""1"": 0.009634438794261726, ""2"": 0.03599485572234501, ""3"": 0.0014869663375795812, ""4"": 0.039635075988596155, ""5"": 0.009250194317242378}"
2,0.2,39.800000000000004,39.93,26,57,7986,1939,1.5977169053837605,10,1.081109183293221,0.02162218366586442,5.788190730694486,14.295593659736985,1.9542976006507906,2.729142711347212,9,"{""0"": 0.03857804581611547, ""1"": 0.009159926201527259, ""2"": 0.027209912499864597, ""3"": 0.020168937744042083, ""4"": 0.013947672477907328, ""5"": 0.020668607255729773}"
2,0.2,39.800000000000004,39.93,26,57,7986,1939,1.5977169053837605,15,0.9476907286842796,0.018953814573685595,1.2105135882947025,14.933911125825555,2.093792960012588,2.3386824316747967,9,"{""0"": 0.03786375588347952, ""1"": 0.007570342963226851, ""2"": 0.017160195231550025, ""3"": 0.010069233915232805, ""4"": 0.004029693479552199, ""5"": 0.03702966596907217}"
2,0.2,39.800000000000004,39.93,26,57,7986,1939,1.5977169053837605,20,0.7910591452812972,0.015821182905625945,23.073280509888832,15.051187936204826,2.101085220131445,2.7436434743670453,9,"{""0"": 0.030515234983189792, ""1"": 0.006158022270449932, ""2"": 0.014291474384050906, ""3"": 0.008161006782715061, ""4"": 0.007054593980927354, ""5"": 0.028746765032422628}"
2,0.2,39.800000000000004,39.93,26,57,7986,1939,1.5977169053837605,25,0.8302382860949592,0.016604765721899187,15.545239874874149,15.39872035380735,2.0398842886442163,3.4516246480300565,10,"{""0"": 0.025256105721142518, ""1"": 0.014782410578526056, ""2"": 0.008156092296374262, ""3"": 0.004098546847036894, ""4"": 0.008765787015545309, ""5"": 0.03856965187277007}"
2,0.2,39.800000000000004,39.93,26,57,7986,1939,1.5977169053837605,30,0.8418687344158422,0.016837374688316847,4.605091112799186,15.394917471553198,2.0401121583798347,3.500191358686769,10,"{""0"": 0.02364469164187573, ""1"": 0.014226978397249599, ""2"": 0.00998492437134022, ""3"": 0.004260037462279873, ""4"": 0.012630517500104212, ""5"": 0.03627709875705144}"
2,0.2,39.800000000000004,39.93,26,57,7986,1939,1.5977169053837605,35,0.8348978397463561,0.016697956794927124,2.537015343494964,15.464890562048403,2.0392315787421835,3.5178686283303384,10,"{""0"": 0.026550658940760103, ""1"": 0.012560796236185296, ""2"": 0.010581779095833905, ""3"": 0.0030596386527286944, ""4"": 0.012116538506746596, ""5"": 0.03531832933730816}"
2,0.2,39.800000000000004,39.93,26,57,7986,1939,1.5977169053837605,40,0.6367374449653174,0.012734748899306349,9.131006484464821,15.404841449699871,1.979558588989913,3.6333191749464064,10,"{""0"": 0.016896936464923056, ""1"": 0.011845590011644893, ""2"": 0.014012718352834245, ""3"": 0.0026262969897750377, ""4"": 0.008291547060949155, ""5"": 0.022735404515711717}"
2,0.2,39.800000000000004,39.93,26,57,7986,1939,1.5977169053837605,45,0.6526819663779638,0.013053639327559279,3.1133218770760136,15.49594348532692,1.97219730816513,3.6311662684573385,10,"{""0"": 0.017210945343095328, ""1"": 0.013865353240914596, ""2"": 0.012297166828698018, ""3"": 0.003812655485135667, ""4"": 0.00764503962038055, ""5"": 0.0234906754471315}"
2,0.2,39.800000000000004,39.93,26,57,7986,1939,1.5977169053837605,50,0.6709358981194402,0.013418717962388806,46.80608518294386,15.386588272407135,1.976755122829683,3.6051418786736704,10,"{""0"": 0.020744469755706325, ""1"": 0.012887754728700079, ""2"": 0.0112694082440041, ""3"": 0.0045240872215862385, ""4"": 0.007896157066770833, ""5"": 0.023190430757565255}"
2,0.2,39.800000000000004,39.93,26,57,7986,1939,1.5977169053837605,55,0.7273301719311254,0.01454660343862251,13.751945558948815,15.42126878567404,1.9809888255147474,3.5785343617225998,10,"{""0"": 0.02276610596097533, ""1"": 0.01397655182110459, ""2"": 0.008448110046123216, ""3"": 0.004939162179724993, ""4"": 0.007702885164759185, ""5"": 0.029446805459047726}"
2,0.2,39.800000000000004,39.93,26,57,7986,1939,1.5977169053837605,60,0.7167544644571511,0.014335089289143023,1.8184854323862008,15.515047283720643,1.9985409325218888,3.5429376867092657,10,"{""0"": 0.023319240579762597, ""1"": 0.014013952944016977, ""2"": 0.00823497344063937, ""3"": 0.006352575419952394, ""4"": 0.00759689385455833, ""5"": 0.02649289949592846}"
2,0.4,79.60000000000001,79.745,62,103,15949,1939,1.5818073183062324,0,1.0318583539091764,0.020637167078183527,nan,0.0,1.5818073183062324,6.582827422889762,13,"{""0"": 0.01995403800037384, ""1"": 0.020814599282594447, ""2"": 0.01995931435371224, ""3"": 0.021462767443114955, ""4"": 0.020267077411114658, ""5"": 0.02136520597819104}"
2,0.4,79.60000000000001,79.745,62,103,15949,1939,1.5818073183062324,5,0.6990547645650473,0.01398109529130095,2.0209720931376416,10.403303566544594,1.8325469574708368,3.2123579866708982,10,"{""0"": 0.004275201013308876, ""1"": 0.008881048383671774, ""2"": 0.029093718825728053, ""3"": 0.0024646531134208402, ""4"": 0.026799974584358704, ""5"": 0.012371975827317458}"
2,0.4,79.60000000000001,79.745,62,103,15949,1939,1.5818073183062324,10,0.5172878434358504,0.01034575686871701,14.30240733511755,12.123273889040451,1.9749050372035057,3.2973510250140174,10,"{""0"": 0.0065782380212193545, ""1"": 0.00348264734314123, ""2"": 0.029663642205248662, ""3"": 0.003092613827306987, ""4"": 0.010761748673882219, ""5"": 0.008495651141503606}"
2,0.4,79.60000000000001,79.745,62,103,15949,1939,1.5818073183062324,15,0.4934232859770598,0.009868465719541197,1.0148504197389836,13.187418500793699,1.8842259554417666,3.6753895347990464,10,"{""0"": 0.014490920823638865, ""1"": 0.0012140820904831058, ""2"": 0.02159259715515052, ""3"": 0.004160073982850631, ""4"": 0.01219258480366339, ""5"": 0.005560535461460672}"
2,0.4,79.60000000000001,79.745,62,103,15949,1939,1.5818073183062324,20,0.4362985203513804,0.008725970407027609,14.962011947604871,13.242439342738331,1.8992785395187892,3.8391842989083256,10,"{""0"": 0.009871484785718181, ""1"": 0.003163841020182478, ""2"": 0.01924000542428036, ""3"": 0.0033699742288834456, ""4"": 0.01271163972912362, ""5"": 0.003998877253977577}"
2,0.4,79.60000000000001,79.745,62,103,15949,1939,1.5818073183062324,25,0.3616769370073955,0.007233538740147911,13.373956765878525,13.717711993544345,1.9891661400191356,3.582486995609916,10,"{""0"": 0.012576161168144123, ""1"": 0.0035370625218651016, ""2"": 0.0051413335166479845, ""3"": 0.005430068294357927, ""4"": 0.013241828211577674, ""5"": 0.00347477872829466}"
2,0.4,79.60000000000001,79.745,62,103,15949,1939,1.5818073183062324,30,0.34463519715278185,0.006892703943055638,0.7099133974270362,13.933329680355083,2.0388442003447302,3.502078922446098,9,"{""0"": 0.01173968191060049, ""1"": 0.0038774253506248775, ""2"": 0.004494305393223694, ""3"": 0.006316607209550065, ""4"": 0.011224464756294952, ""5"": 0.0037037390380397508}"
2,0.4,79.60000000000001,79.745,62,103,15949,1939,1.5818073183062324,35,0.40295136179166846,0.00805902723583337,5.104080993173519,14.359532080803417,2.0646308387790637,3.394264266013907,9,"{""0"": 0.0111105260354378, ""1"": 0.004477744854827252, ""2"": 0.008599098989480265, ""3"": 0.008377292847225822, ""4"": 0.012723914491606671, ""5"": 0.0030655861964224104}"
2,0.4,79.60000000000001,79.745,62,103,15949,1939,1.5818073183062324,40,0.39520416207728476,0.007904083241545696,5.080020847381393,14.512263191209074,2.0504208813820153,3.2101186652254006,9,"{""0"": 0.008361974465942792, ""1"": 0.0060737735031527905, ""2"": 0.009187606853130898, ""3"": 0.006038761938798619, ""4"": 0.01475061029508402, ""5"": 0.0030117723931650546}"
2,0.4,79.60000000000001,79.745,62,103,15949,1939,1.5818073183062324,45,0.35587701435018526,0.007117540287003707,14.157618575520159,14.673035997768272,2.072707483606054,3.250079862008448,9,"{""0"": 0.008156693296337473, ""1"": 0.004432640083348578, ""2"": 0.0068494177160279114, ""3"": 0.0068254617278691795, ""4"": 0.012964008493600122, ""5"": 0.003477020404838979}"
2,0.4,79.60000000000001,79.745,62,103,15949,1939,1.5818073183062324,50,0.3588104654662512,0.007176209309325026,2.9008030396985465,14.795132460740776,2.0861105837968594,3.1345902468341644,9,"{""0"": 0.008366446921429111, ""1"": 0.004341106194498798, ""2"": 0.004711861666905246, ""3"": 0.0072921335717538935, ""4"": 0.014421700462477805, ""5"": 0.0039240070388853006}"
2,0.4,79.60000000000001,79.745,62,103,15949,1939,1.5818073183062324,55,0.38280959618609367,0.007656191923721874,8.62171888573461,14.927868710094165,2.112931269453029,2.905022339317195,9,"{""0"": 0.009580088918310125, ""1"": 0.00517839903700278, ""2"": 0.00277387273799211, ""3"": 0.012135295073369249, ""4"": 0.012313618987431076, ""5"": 0.003955876788225906}"
2,0.4,79.60000000000001,79.745,62,103,15949,1939,1.5818073183062324,60,0.3839288573845115,0.0076785771476902305,2.454744492663525,15.100052586239526,2.131033813535487,2.7556752191288,9,"{""0"": 0.00944513505636183, ""1"": 0.005706057297286932, ""2"": 0.0024533188835989045, ""3"": 0.012444895097669712, ""4"": 0.012316455301270127, ""5"": 0.0037056012499538703}"
3,0.05,9.950000000000001,10.375,3,17,2075,2075,1.605190234982719,0,1.0278892165911495,0.020557784331822995,nan,0.0,1.605190234982719,6.407318990656407,13,"{""0"": 0.015740632891306422, ""1"": 0.019036509573845888, ""2"": 0.022194516514126482, ""3"": 0.016653663394312828, ""4"": 0.02181204578539834, ""5"": 0.02790933783194801}"
3,0.05,9.950000000000001,10.375,3,17,2075,2075,1.605190234982719,5,0.9648039791527883,0.019296079583055768,5.392021028971615,9.878042804320282,2.1239801669509313,2.063260621071275,8,"{""0"": 0.006995643535539225, ""1"": 0.005359259915006965, ""2"": 0.02766296243802032, ""3"": 0.015142905936382256, ""4"": 0.020588847550570572, ""5"": 0.04002685812281527}"
3,0.05,9.950000000000001,10.375,3,17,2075,2075,1.605190234982719,10,0.9029225197952423,0.01805845039590485,17.011691946076485,11.322948797783667,2.1237810756289854,2.044638186524678,9,"{""0"": 0.012072369397275741, ""1"": 0.0034974535634950967, ""2"": 0.022351251421337166, ""3"": 0.017720711589306385, ""4"": 0.01607338217437362, ""5"": 0.036635534229641074}"
3,0.05,9.950000000000001,10.375,3,17,2075,2075,1.605190234982719,15,0.878104452802218,0.017562089056044363,9.021800822556818,12.870531531463694,2.1327390270232947,2.4908935107968846,11,"{""0"": 0.01431672636930478, ""1"": 0.004307521269806114, ""2"": 0.011984913799558409, ""3"": 0.01568374680511831, ""4"": 0.02812601393001421, ""5"": 0.030953612162464356}"
3,0.05,9.950000000000001,10.375,3,17,2075,2075,1.605190234982719,20,0.7318070538114727,0.014636141076229455,4.511611770226604,14.295476752974924,2.2074529197388983,4.37166466196906,12,"{""0"": 0.015575494987749555, ""1"": 0.012277027279332988, ""2"": 0.006904517254308582, ""3"": 0.007347796572658424, ""4"": 0.018961544796713758, ""5"": 0.026750465566613417}"
3,0.05,9.950000000000001,10.375,3,17,2075,2075,1.605190234982719,25,0.7214427182620569,0.01442885436524114,4.257147786897757,14.481441137918939,2.2322898250180745,3.5632083715030984,11,"{""0"": 0.012356024911387629, ""1"": 0.009559483298140716, ""2"": 0.009685693348675107, ""3"": 0.011493475220050212, ""4"": 0.014771922332002299, ""5"": 0.028706527081190876}"
3,0.05,9.950000000000001,10.375,3,17,2075,2075,1.605190234982719,30,0.6699844584160615,0.013399689168321231,12.729243827499728,14.87376487759734,2.21721264996369,3.7125170269895214,12,"{""0"": 0.010518623211529904, ""1"": 0.009031667461534165, ""2"": 0.008622467443317187, ""3"": 0.013025488797638412, ""4"": 0.01384576231425379, ""5"": 0.02535412578165392}"
3,0.05,9.950000000000001,10.375,3,17,2075,2075,1.605190234982719,35,0.6851390125184541,0.013702780250369084,15.685928147191165,15.155362686353188,2.1420854868609402,3.4633158992696673,12,"{""0"": 0.009281118755965385, ""1"": 0.014180110484740915, ""2"": 0.01723163038273342, ""3"": 0.01132345016692487, ""4"": 0.009680846466395143, ""5"": 0.02051952524545476}"
3,0.05,9.950000000000001,10.375,3,17,2075,2075,1.605190234982719,40,0.5577688961226179,0.01115537792245236,42.42637037157866,15.021280231038402,2.0817172356776874,3.314995301626318,12,"{""0"": 0.006335336416420051, ""1"": 0.011304337750508469, ""2"": 0.015401260753714587, ""3"": 0.007384555779191263, ""4"": 0.007226049888502848, ""5"": 0.01928072694637694}"
3,0.05,9.950000000000001,10.375,3,17,2075,2075,1.605190234982719,45,0.5380012964592895,0.01076002592918579,14.08962885439386,15.294439864347252,2.087506107135851,3.8046058466425485,12,"{""0"": 0.00704813630016133, ""1"": 0.013358599461565562, ""2"": 0.016664287981055313, ""3"": 0.005088095488877492, ""4"": 0.009699844051568362, ""5"": 0.012701192291886687}"
3,0.05,9.950000000000001,10.375,3,17,2075,2075,1.605190234982719,50,0.5833381753934294,0.01166676350786859,14.897573538198326,15.627567248572381,2.0929920092262844,4.001201770261837,12,"{""0"": 0.008006010734331092, ""1"": 0.015721320731849196, ""2"": 0.018104882771136727, ""3"": 0.0047093039251717645, ""4"": 0.009839461326211253, ""5"": 0.013619601558511513}"
3,0.05,9.950000000000001,10.375,3,17,2075,2075,1.605190234982719,55,0.46667908769415983,0.009333581753883198,5.900367340200167,15.73602287227399,2.120965313512966,4.373941139256652,13,"{""0"": 0.008422182770673624, ""1"": 0.008690002977880886, ""2"": 0.013474865932077907, ""3"": 0.004392552003257882, ""4"": 0.009681794947026912, ""5"": 0.011340091892381981}"
3,0.05,9.950000000000001,10.375,3,17,2075,2075,1.605190234982719,60,0.4598121784251765,0.00919624356850353,3.3985326669737734,15.880999806054884,2.129997235045362,3.7465277063573432,13,"{""0"": 0.009623437835406274, ""1"": 0.004004594785325914, ""2"": 0.014708926791451799, ""3"": 0.004345197726117763, ""4"": 0.007514410895247896, ""5"": 0.01498089337747155}"
3,0.1,19.900000000000002,20.3,8,30,4060,2075,1.5210844010366606,0,1.0107069702675244,0.020214139405350492,nan,0.0,1.5210844010366606,5.71642180945894,13,"{""0"": 0.021096903805746643, ""1"": 0.019903112850135126, ""2"": 0.018335758746592615, ""3"": 0.022048621421798056, ""4"": 0.01911112547450603, ""5"": 0.020789314133324504}"
3,0.1,19.900000000000002,20.3,8,30,4060,2075,1.5210844010366606,5,0.8101631938948749,0.0162032638778975,7.2050617517234725,10.255075277063975,1.962880701569579,1.9287865243690576,6,"{""0"": 0.014079208816346727, ""1"": 0.006200894345375616, ""2"": 0.030691612283262393, ""3"": 0.006610967723462055, ""4"": 0.0028746065415005567, ""5"": 0.03676229355743765}"
3,0.1,19.900000000000002,20.3,8,30,4060,2075,1.5210844010366606,10,0.7308801348125286,0.014617602696250573,49.591912397922535,11.33702234595962,1.928946544877186,2.0234524444141226,7,"{""0"": 0.014811267508361472, ""1"": 0.0044035384308797245, ""2"": 0.024927503260240527, ""3"": 0.0066657670126366985, ""4"": 0.0025739120124998118, ""5"": 0.03432362795288522}"
3,0.1,19.900000000000002,20.3,8,30,4060,2075,1.5210844010366606,15,0.669535788881547,0.013390715777630941,7.690191546271555,13.283115509755197,2.136242812626982,2.2305642312419263,6,"{""0"": 0.018956269834832385, ""1"": 0.0058401730807864805, ""2"": 0.012075506617479546, ""3"": 0.004060735622805829, ""4"": 0.0017106179154889518, ""5"": 0.03770099159439246}"
3,0.1,19.900000000000002,20.3,8,30,4060,2075,1.5210844010366606,20,0.6635400010592442,0.013270800021184886,3.2358502887260956,13.775975690010556,2.1563846445650614,2.421333374171315,7,"{""0"": 0.018515044480935737, ""1"": 0.008205799557603173, ""2"": 0.011471012976310023, ""3"": 0.0027219773747204205, ""4"": 0.0035520716573022026, ""5"": 0.03515889408023776}"
3,0.1,19.900000000000002,20.3,8,30,4060,2075,1.5210844010366606,25,0.6241114098560171,0.012482228197120342,3.7925580702349357,14.099848236745478,2.1570308639713955,2.2719718580196187,7,"{""0"": 0.012707594261392018, ""1"": 0.008551567793239217, ""2"": 0.013008282752857323, ""3"": 0.0022642730194839937, ""4"": 0.002140658496095263, ""5"": 0.03622099285965424}"
3,0.1,19.900000000000002,20.3,8,30,4060,2075,1.5210844010366606,30,0.5028425622812823,0.010056851245625649,1.6445596592234863,14.152899397054922,2.1445917029875043,2.2605539179816323,6,"{""0"": 0.010315140926640235, ""1"": 0.005059924853074738, ""2"": 0.013844580884528801, ""3"": 0.0022081395712963566, ""4"": 0.0012997976932441553, ""5"": 0.027613523544969605}"
3,0.1,19.900000000000002,20.3,8,30,4060,2075,1.5210844010366606,35,0.46847346522190947,0.00936946930443819,1.2075549735811064,14.44846518012741,2.1646984225994905,2.317633561981712,6,"{""0"": 0.006243383286399547, ""1"": 0.005037997267033312, ""2"": 0.013475026944869104, ""3"": 0.0018580617704250665, ""4"": 0.0011678461594596917, ""5"": 0.028434500398442426}"
3,0.1,19.900000000000002,20.3,8,30,4060,2075,1.5210844010366606,40,0.4753795091287626,0.009507590182575253,41.627155364842444,14.721092393252855,2.1308818326017573,2.368602658580366,7,"{""0"": 0.007092912366387491, ""1"": 0.005307679599252246, ""2"": 0.014752141032602856, ""3"": 0.004016779418609727, ""4"": 0.0010852932332205138, ""5"": 0.024790735445378687}"
3,0.1,19.900000000000002,20.3,8,30,4060,2075,1.5210844010366606,45,0.4789917482707563,0.009579834965415127,16.200592771368896,15.076731977469429,2.1363298138191067,2.5266744003246466,7,"{""0"": 0.006703283591721364, ""1"": 0.005583777974619289, ""2"": 0.014265322834785266, ""3"": 0.004902510667850841, ""4"": 0.0017999936180964821, ""5"": 0.02422412110541753}"
3,0.1,19.900000000000002,20.3,8,30,4060,2075,1.5210844010366606,50,0.4960299122265994,0.00992059824453199,18.59975489596809,15.314733929499896,2.125954828081187,2.924907684106736,8,"{""0"": 0.008055034319447485, ""1"": 0.007205207469583868, ""2"": 0.011243641759009475, ""3"": 0.005951471902104299, ""4"": 0.0025630969728621224, ""5"": 0.024505137044184687}"
3,0.1,19.900000000000002,20.3,8,30,4060,2075,1.5210844010366606,55,0.492754978192944,0.009855099563858882,1.4597443004965127,15.402919194537848,2.130970442204686,2.8716376446356486,8,"{""0"": 0.008594683518161799, ""1"": 0.0069793760389991535, ""2"": 0.011039062903214065, ""3"": 0.005844523562418323, ""4"": 0.002157697140934878, ""5"": 0.024515254219425076}"
3,0.1,19.900000000000002,20.3,8,30,4060,2075,1.5210844010366606,60,0.47362708154535105,0.009472541630907022,1.4451507827975165,15.502110440258603,2.141372178197429,2.6827676816379524,8,"{""0"": 0.009359621209559863, ""1"": 0.005903278196219011, ""2"": 0.011684898882629342, ""3"": 0.005179695551777425, ""4"": 0.0016239113357530103, ""5"": 0.02308384460950349}"
3,0.2,39.800000000000004,39.87,24,55,7974,2075,1.5386710773925614,0,1.0066999229471827,0.020133998458943658,nan,0.0,1.5386710773925614,4.917804883290379,12,"{""0"": 0.02059791465420443, ""1"": 0.021629025662257155, ""2"": 0.018163129245565533, ""3"": 0.01819889971166405, ""4"": 0.022586830807414925, ""5"": 0.01962819067255584}"
3,0.2,39.800000000000004,39.87,24,55,7974,2075,1.5386710773925614,5,0.8770779118467193,0.017541558236934388,1.888312167653025,10.406500215968277,2.0801385632579086,2.241544781161642,4,"{""0"": 0.012371928505632221, ""1"": 0.0014893131408396424, ""2"": 0.040164985375782995, ""3"": 0.0016945116998916994, ""4"": 0.003047349913919968, ""5"": 0.046481260785539796}"
3,0.2,39.800000000000004,39.87,24,55,7974,2075,1.5386710773925614,10,0.6981376450779841,0.013962752901559686,14.638548254918092,11.935814945586118,1.9450271806559365,2.829533739072576,7,"{""0"": 0.013255714218723829, ""1"": 0.002830159527053196, ""2"": 0.03955371848024381, ""3"": 0.0026738605361423494, ""4"": 0.005124550735026968, ""5"": 0.02033851391216796}"
3,0.2,39.800000000000004,39.87,24,55,7974,2075,1.5386710773925614,15,0.6094554696339556,0.012189109392679113,4.864546824912307,12.930361699758688,2.017378732987864,2.674055684284637,7,"{""0"": 0.01906450026784175, ""1"": 0.0027093160747150317, ""2"": 0.02101066846004703, ""3"": 0.003914449782393394, ""4"": 0.005546463458500019, ""5"": 0.020889258312577468}"
3,0.2,39.800000000000004,39.87,24,55,7974,2075,1.5386710773925614,20,0.6584390555006836,0.013168781110013673,0.8994767544636418,13.570182899390934,2.065982489453155,3.344338986991186,8,"{""0"": 0.022907048563857488, ""1"": 0.009340670617277615, ""2"": 0.016384224732036025, ""3"": 0.0009120449918832436, ""4"": 0.009375858788329899, ""5"": 0.02009283896669776}"
3,0.2,39.800000000000004,39.87,24,55,7974,2075,1.5386710773925614,25,0.6699859926018426,0.013399719852036853,2.9218641084768753,13.915155882553934,1.9487363198123184,2.8144453965707457,7,"{""0"": 0.009404240820553559, ""1"": 0.003582443547186222, ""2"": 0.02632905916255828, ""3"": 0.010588147551757247, ""4"": 0.00550152987583168, ""5"": 0.024992898154334146}"
3,0.2,39.800000000000004,39.87,24,55,7974,2075,1.5386710773925614,30,0.6729107693117233,0.013458215386234469,0.9758660833039762,14.178227717764907,1.8872298847478768,2.9410035447905334,7,"{""0"": 0.008557188770675146, ""1"": 0.0037167153682070623, ""2"": 0.02787625757955391, ""3"": 0.010432506764231667, ""4"": 0.005762217648762826, ""5"": 0.02440440618597619}"
3,0.2,39.800000000000004,39.87,24,55,7974,2075,1.5386710773925614,35,0.6116285308986837,0.012232570617973677,5.5263877401181585,14.739175906615209,1.9237596563716715,2.925450910064509,7,"{""0"": 0.003048147110262639, ""1"": 0.0034176410918935565, ""2"": 0.029868971379096713, ""3"": 0.011486440895038625, ""4"": 0.007113102502078287, ""5"": 0.01846112072947224}"
3,0.2,39.800000000000004,39.87,24,55,7974,2075,1.5386710773925614,40,0.5652751173964481,0.011305502347928964,26.54040163850587,14.868590913968477,1.8985314097029053,3.0199772113647163,7,"{""0"": 0.00387044079540435, ""1"": 0.0034243751193417083, ""2"": 0.027835173573442694, ""3"": 0.01083765444367812, ""4"": 0.007588415963483033, ""5"": 0.01427695419222388}"
3,0.2,39.800000000000004,39.87,24,55,7974,2075,1.5386710773925614,45,0.578974569864976,0.01157949139729952,9.144094674098374,15.164097073788493,1.9136252271413434,3.1375337930910576,8,"{""0"": 0.004252699970539714, ""1"": 0.005173427638494656, ""2"": 0.028289285588536904, ""3"": 0.009926495970344562, ""4"": 0.009145674805937653, ""5"": 0.012689364409943626}"
3,0.2,39.800000000000004,39.87,24,55,7974,2075,1.5386710773925614,50,0.5604550001045607,0.011209100002091216,3.0269467559570975,15.453869704569007,1.931182155468509,3.262610165653074,8,"{""0"": 0.004016688052675105, ""1"": 0.006499722122033568, ""2"": 0.02568908212344705, ""3"": 0.010020861143596686, ""4"": 0.009292730225996654, ""5"": 0.011735516344798228}"
3,0.2,39.800000000000004,39.87,24,55,7974,2075,1.5386710773925614,55,0.5564313247602743,0.01112862649520549,4.752162468040547,15.527159093114888,1.9328754090786984,3.23692961084677,8,"{""0"": 0.0038059246272581964, ""1"": 0.005654688722204392, ""2"": 0.026182238069114343, ""3"": 0.010073466823450413, ""4"": 0.009199957144325126, ""5"": 0.011855483584880458}"
3,0.2,39.800000000000004,39.87,24,55,7974,2075,1.5386710773925614,60,0.5244212325094174,0.01048842465018835,2.5410751009615193,15.649572064904829,1.9365002407216088,3.23986400405143,8,"{""0"": 0.003948957732841008, ""1"": 0.004559148604524178, ""2"": 0.027383023900922003, ""3"": 0.009917407563718408, ""4"": 0.008921947432673917, ""5"": 0.008200062666450587}"
3,0.4,79.60000000000001,79.135,60,97,15827,2075,1.620138763983731,0,0.9818430657069699,0.0196368613141394,nan,0.0,1.620138763983731,7.709489428035659,14,"{""0"": 0.01651333454124314, ""1"": 0.021396501662154205, ""2"": 0.019918885447521444, ""3"": 0.020485591946657618, ""4"": 0.019168914877194253, ""5"": 0.02033793941006575}"
3,0.4,79.60000000000001,79.135,60,97,15827,2075,1.620138763983731,5,0.7499392388807804,0.01499878477761561,7.503565591468483,9.057085093370576,2.034128464163918,1.4260443549187645,4,"{""0"": 0.01308491008514982, ""1"": 0.004962703608846826, ""2"": 0.0344288696464954, ""3"": 0.004346604464437658, ""4"": 0.004057116618787852, ""5"": 0.029112504241976096}"
3,0.4,79.60000000000001,79.135,60,97,15827,2075,1.620138763983731,10,0.7041142616100473,0.01408228523220095,16.379795437845882,11.380052473418967,1.961245450667146,2.7336513398507356,9,"{""0"": 0.01590155162742524, ""1"": 0.005031142101939358, ""2"": 0.021029771862632527, ""3"": 0.011637606925285584, ""4"": 0.007261657474965233, ""5"": 0.023631981400957767}"
3,0.4,79.60000000000001,79.135,60,97,15827,2075,1.620138763983731,15,0.7120836114969755,0.014241672229939512,19.814400153034846,12.521938069282417,2.017127361676224,2.400130447956814,9,"{""0"": 0.01603837973017285, ""1"": 0.005890539360155287, ""2"": 0.02092844151343819, ""3"": 0.015027163090055223, ""4"": 0.002550028052817104, ""5"": 0.025015481632998417}"
3,0.4,79.60000000000001,79.135,60,97,15827,2075,1.620138763983731,20,0.6827002128745712,0.013654004257491427,6.157304645337639,13.649377639043202,1.9824704417685393,3.268483128751759,11,"{""0"": 0.01602951431528587, ""1"": 0.007058214987074878, ""2"": 0.017859404508446364, ""3"": 0.01172940933634591, ""4"": 0.003932055983672836, ""5"": 0.0253154264141227}"
3,0.4,79.60000000000001,79.135,60,97,15827,2075,1.620138763983731,25,0.694893692595759,0.013897873851915182,9.564969999162148,13.721831986316829,2.0223418598294267,2.8818770445531534,9,"{""0"": 0.015047320589133144, ""1"": 0.0067538684830738185, ""2"": 0.01986621573707812, ""3"": 0.010501428371504553, ""4"": 0.00339455946092358, ""5"": 0.02782385046977786}"
3,0.4,79.60000000000001,79.135,60,97,15827,2075,1.620138763983731,30,0.7743210096723752,0.015486420193447507,5.093637021143798,14.045603576310073,2.0065251897523493,3.985487612467033,11,"{""0"": 0.015758446381816553, ""1"": 0.009963521437927864, ""2"": 0.01943588304915017, ""3"": 0.008546998592891741, ""4"": 0.004834085157627734, ""5"": 0.03437958654127098}"
3,0.4,79.60000000000001,79.135,60,97,15827,2075,1.620138763983731,35,0.7134529108233717,0.014269058216467435,7.62924119777784,14.18279437761881,1.9750717489075449,3.5867708130852987,10,"{""0"": 0.01781704901769292, ""1"": 0.006916025726585373, ""2"": 0.021460970835574484, ""3"": 0.008220073008164607, ""4"": 0.004346751784181668, ""5"": 0.026853478926605577}"
3,0.4,79.60000000000001,79.135,60,97,15827,2075,1.620138763983731,40,0.744799830948417,0.014895996618968342,35.00338402019364,14.219235828143491,1.997264508953109,3.3387189294618413,9,"{""0"": 0.020108408991643612, ""1"": 0.008761530461565296, ""2"": 0.028954522969631448, ""3"": 0.009166444521244339, ""4"": 0.006279186850251144, ""5"": 0.016105885919474216}"
3,0.4,79.60000000000001,79.135,60,97,15827,2075,1.620138763983731,45,0.7870146434262033,0.015740292868524068,18.1329409915793,14.370775155926083,2.016708758059137,3.3058258431116956,9,"{""0"": 0.02365783686746286, ""1"": 0.008362170219173315, ""2"": 0.02992347795673252, ""3"": 0.00849478697164699, ""4"": 0.008693832061514774, ""5"": 0.015309653134613946}"
3,0.4,79.60000000000001,79.135,60,97,15827,2075,1.620138763983731,50,0.7109980010633777,0.014219960021267557,35.27954973451329,14.71189661041363,2.012640687934173,3.352727896786685,9,"{""0"": 0.024224628482201277, ""1"": 0.009463508800838825, ""2"": 0.017751769300642047, ""3"": 0.006982147705732152, ""4"": 0.008674680531156638, ""5"": 0.01822302530703441}"
3,0.4,79.60000000000001,79.135,60,97,15827,2075,1.620138763983731,55,0.7624452088350392,0.015248904176700785,3.9132740381606412,14.921735691332243,1.9909167638268959,3.5694629223083028,10,"{""0"": 0.02316050007664496, ""1"": 0.010181687700860857, ""2"": 0.020446953318368773, ""3"": 0.006054175861728226, ""4"": 0.008598632215709971, ""5"": 0.023051475886891916}"
3,0.4,79.60000000000001,79.135,60,97,15827,2075,1.620138763983731,60,0.6976018535437926,0.013952037070875853,2.03431055662883,14.782103258231418,1.9828894169040339,3.6567823157497554,10,"{""0"": 0.020171274429040507, ""1"": 0.008045361024392666, ""2"": 0.02172054573244588, ""3"": 0.00564092906629368, ""4"": 0.0063880672315396025, ""5"": 0.02174604494154278}"
4,0.05,9.950000000000001,9.82,4,19,1964,1964,1.5874030774091887,0,1.0199343729069896,0.020398687458139792,nan,0.0,1.5874030774091887,5.4371830276884845,13,"{""0"": 0.01978109192305775, ""1"": 0.019917645612646938, ""2"": 0.020663709362560186, ""3"": 0.020111114563705165, ""4"": 0.020346339013061612, ""5"": 0.02157222427380711}"
4,0.05,9.950000000000001,9.82,4,19,1964,1964,1.5874030774091887,5,0.9197014886054341,0.018394029772108685,0.6466770591287607,10.496755252939161,1.8292589606401126,1.7246186197670683,6,"{""0"": 0.01448254391216339, ""1"": 0.0004205294466840379, ""2"": 0.018946558284271324, ""3"": 0.04075514485294822, ""4"": 0.01272054446777487, ""5"": 0.023038857668810274}"
4,0.05,9.950000000000001,9.82,4,19,1964,1964,1.5874030774091887,10,0.6265445955163625,0.012530891910327253,17.93385511695867,13.128869821216794,1.848543834577851,2.3112454397732796,6,"{""0"": 0.008933769131511757, ""1"": 0.018759160202265576, ""2"": 0.005527566080878185, ""3"": 0.01688014217210485, ""4"": 0.020171095420568, ""5"": 0.004913618454635139}"
4,0.05,9.950000000000001,9.82,4,19,1964,1964,1.5874030774091887,15,0.4562666725814261,0.009125333451628524,12.735222143854525,13.50812343733445,1.8254959128939938,2.05906241662613,7,"{""0"": 0.0109632079188933, ""1"": 0.009472456184067956, ""2"": 0.004285979298183104, ""3"": 0.01740441076508818, ""4"": 0.010528610899429632, ""5"": 0.0020973356441089707}"
4,0.05,9.950000000000001,9.82,4,19,1964,1964,1.5874030774091887,20,0.4550496388372839,0.009100992776745679,19.144019168533923,14.330500535079022,1.834574892957155,2.481542865692303,8,"{""0"": 0.007475807119215664, ""1"": 0.013974542416616881, ""2"": 0.006079958108264702, ""3"": 0.010128275141197126, ""4"": 0.014543363590720868, ""5"": 0.0024040102844588296}"
4,0.05,9.950000000000001,9.82,4,19,1964,1964,1.5874030774091887,25,0.42941672620602933,0.008588334524120587,21.52284138550925,14.694929686659542,1.8681000669869468,2.5307503976676773,7,"{""0"": 0.00606799024462887, ""1"": 0.013151203438138243, ""2"": 0.009399725336994156, ""3"": 0.007768360202215194, ""4"": 0.012934338974542867, ""5"": 0.002208388948204202}"
4,0.05,9.950000000000001,9.82,4,19,1964,1964,1.5874030774091887,30,0.3627975931613109,0.007255951863226218,3.001111730047266,14.807482232726581,1.8743667336917964,2.923706305948731,7,"{""0"": 0.005252531828263709, ""1"": 0.005595741033821885, ""2"": 0.010513980797933935, ""3"": 0.01060061612904096, ""4"": 0.009575363068882233, ""5"": 0.0019974783214145855}"
4,0.05,9.950000000000001,9.82,4,19,1964,1964,1.5874030774091887,35,0.32066622906838144,0.006413324581367629,5.2722367357064295,15.11490427329907,1.917556593434732,2.983000193271375,7,"{""0"": 0.004599695774648147, ""1"": 0.0031440286466065796, ""2"": 0.009620984388282803, ""3"": 0.013448745823852682, ""4"": 0.005290764404366767, ""5"": 0.0023757284504487977}"
4,0.05,9.950000000000001,9.82,4,19,1964,1964,1.5874030774091887,40,0.3060444113879536,0.0061208882277590726,2.9727980043922124,15.391819803147131,1.9275224765428294,2.969341968178811,7,"{""0"": 0.004448799766468861, ""1"": 0.002652210578716274, ""2"": 0.008678764927958075, ""3"": 0.013553876104935575, ""4"": 0.005343221782371366, ""5"": 0.0020484562061042844}"
4,0.05,9.950000000000001,9.82,4,19,1964,1964,1.5874030774091887,45,0.32986664693854106,0.0065973329387708215,7.500422252348535,15.628204028981711,1.9207077620866324,2.9840918631470057,7,"{""0"": 0.0045237426719147815, ""1"": 0.0030036904429759197, ""2"": 0.011907039932540933, ""3"": 0.011835886792971746, ""4"": 0.00656449048755621, ""5"": 0.0017491473046653422}"
4,0.05,9.950000000000001,9.82,4,19,1964,1964,1.5874030774091887,50,0.3188420581938064,0.006376841163876129,1.405536662959771,15.814623924964724,1.9268096626693891,2.9671891700258133,7,"{""0"": 0.005013346157616406, ""1"": 0.0028469173198591513, ""2"": 0.010968194502614504, ""3"": 0.011598009086388583, ""4"": 0.006361319079665401, ""5"": 0.001473260837112738}"
4,0.05,9.950000000000001,9.82,4,19,1964,1964,1.5874030774091887,55,0.33596073632021634,0.006719214726404328,18.69282614731596,16.16651330934983,1.9706483666070573,3.054773193289216,8,"{""0"": 0.0037718357050699975, ""1"": 0.006344875321222089, ""2"": 0.011557828438149297, ""3"": 0.009041556527814588, ""4"": 0.008028544270335716, ""5"": 0.0015706480958342813}"
4,0.05,9.950000000000001,9.82,4,19,1964,1964,1.5874030774091887,60,0.3200346328762833,0.006400692657525667,43.64517902770334,16.417070070934777,1.9843991775691576,3.0664736686364784,8,"{""0"": 0.004335195859108631, ""1"": 0.005501116355202585, ""2"": 0.012186285970173762, ""3"": 0.0078123161157070435, ""4"": 0.006634503207149765, ""5"": 0.001934738437812215}"
4,0.1,19.900000000000002,19.945,10,33,3989,1964,1.5407984626142002,0,1.0334750290352899,0.020669500580705803,nan,0.0,1.5407984626142002,7.063485995364256,13,"{""0"": 0.019613956069043738, ""1"": 0.022328662277193892, ""2"": 0.020573006660262617, ""3"": 0.019524534021371994, ""4"": 0.022013533453406144, ""5"": 0.01996331100295643}"
4,0.1,19.900000000000002,19.945,10,33,3989,1964,1.5407984626142002,5,1.1185156680559987,0.022370313361119977,0.5318257250816619,11.778906114908715,1.8972516280935154,2.1927102396958875,7,"{""0"": 0.007627001821257728, ""1"": 0.0009251984450323114, ""2"": 0.026956124086740575, ""3"": 0.0557630912300718, ""4"": 0.0010800857261314804, ""5"": 0.04187037885748598}"
4,0.1,19.900000000000002,19.945,10,33,3989,1964,1.5407984626142002,10,0.764336380022778,0.015286727600455564,19.671681140616705,14.803769514351742,1.9492852152434712,4.127942184439757,14,"{""0"": 0.007316262226052242, ""1"": 0.005170600762377041, ""2"": 0.011451446291576779, ""3"": 0.02280874900437112, ""4"": 0.012299922512975025, ""5"": 0.03267338480538117}"
4,0.1,19.900000000000002,19.945,10,33,3989,1964,1.5407984626142002,15,0.6872923194304298,0.013745846388608597,1.2921018030406026,15.803747793131404,2.0276231861566916,3.724162526885295,12,"{""0"": 0.006071028257689866, ""1"": 0.001518230762131952, ""2"": 0.008850462641923924, ""3"": 0.020512942410031598, ""4"": 0.010899819678395544, ""5"": 0.03462259458147872}"
4,0.1,19.900000000000002,19.945,10,33,3989,1964,1.5407984626142002,20,0.6583855733072589,0.01316771146614518,0.7787333332348405,16.542262598100468,2.0630979134147185,3.5176463589396523,13,"{""0"": 0.005281211774704742, ""1"": 0.001687496885720521, ""2"": 0.00905254870481278, ""3"": 0.020188398533427226, ""4"": 0.013986823345783097, ""5"": 0.028809789552422714}"
4,0.1,19.900000000000002,19.945,10,33,3989,1964,1.5407984626142002,25,0.5504846427084912,0.011009692854169825,5.701856507631185,16.336972857839232,2.0561781460761765,3.836063582161744,13,"{""0"": 0.007369072491416664, ""1"": 0.0018564678769316778, ""2"": 0.00812395272527736, ""3"": 0.01888112408483173, ""4"": 0.014787301056496945, ""5"": 0.01504023889006457}"
4,0.1,19.900000000000002,19.945,10,33,3989,1964,1.5407984626142002,30,0.543313068911676,0.01086626137823352,10.639426540056116,16.485083055357535,2.082688118410428,4.158900758108435,13,"{""0"": 0.006960154482468592, ""1"": 0.0017361045197893308, ""2"": 0.010483430269932311, ""3"": 0.01948591091910167, ""4"": 0.017440324324967713, ""5"": 0.009091643753141495}"
4,0.1,19.900000000000002,19.945,10,33,3989,1964,1.5407984626142002,35,0.5467047480937501,0.010934094961875003,2.0327789716221836,16.688356439157843,2.096486238665509,4.1820395749070025,13,"{""0"": 0.007169183081181638, ""1"": 0.0015293503553604764, ""2"": 0.00989779695214565, ""3"": 0.021277287706635544, ""4"": 0.018476579113857236, ""5"": 0.0072543725620694745}"
4,0.1,19.900000000000002,19.945,10,33,3989,1964,1.5407984626142002,40,0.5483408463497313,0.010966816926994628,24.21204045154575,16.730237336644382,2.084282960988536,4.0016685426835945,13,"{""0"": 0.008568745982157124, ""1"": 0.0012706810566285285, ""2"": 0.006108881160378924, ""3"": 0.022380718778480885, ""4"": 0.02131668691198115, ""5"": 0.006155187672341148}"
4,0.1,19.900000000000002,19.945,10,33,3989,1964,1.5407984626142002,45,0.5735727509872903,0.011471455019745808,7.52411303242855,16.85421457445943,2.0803465335108586,4.056877290587876,13,"{""0"": 0.008889385556959463, ""1"": 0.001209614781085149, ""2"": 0.00753743108245151, ""3"": 0.022051754127215197, ""4"": 0.022619763289473172, ""5"": 0.006520781281290344}"
4,0.1,19.900000000000002,19.945,10,33,3989,1964,1.5407984626142002,50,0.5307743746284218,0.010615487492568437,9.538643365447912,16.907888500655943,2.0565862630016234,4.017512103318694,14,"{""0"": 0.006828982485185618, ""1"": 0.0014656493034551413, ""2"": 0.005617687186994566, ""3"": 0.021761749240796546, ""4"": 0.022568406974536596, ""5"": 0.005450449764442161}"
4,0.1,19.900000000000002,19.945,10,33,3989,1964,1.5407984626142002,55,0.5322857825425904,0.010645715650851808,6.942196210838689,16.94920076865701,2.049023663679195,4.074576790730616,14,"{""0"": 0.006438953000758603, ""1"": 0.0016095258159344451, ""2"": 0.005869891279620288, ""3"": 0.021194193074666568, ""4"": 0.022215590284791982, ""5"": 0.0065461404493389564}"
4,0.1,19.900000000000002,19.945,10,33,3989,1964,1.5407984626142002,60,0.5167553732315658,0.010335107464631317,15.25036795452224,17.04225924597513,2.056221510433278,4.104903695855011,14,"{""0"": 0.0062579822870704, ""1"": 0.0016271045753167347, ""2"": 0.006124854080006016, ""3"": 0.019938085073673093, ""4"": 0.02128274829175088, ""5"": 0.0067798704799707805}"
4,0.2,39.800000000000004,39.95,26,58,7990,1964,1.5413045604875095,0,1.0012088844196154,0.020024177688392313,nan,0.0,1.5413045604875095,6.154317292034306,14,"{""0"": 0.021185906433211978, ""1"": 0.018437708730557962, ""2"": 0.020627070742194248, ""3"": 0.01916629024201969, ""4"": 0.02186230435688079, ""5"": 0.018865785625489215}"
4,0.2,39.800000000000004,39.95,26,58,7990,1964,1.5413045604875095,5,0.8919280816086681,0.017838561632173365,2.773985171367424,10.062468552886582,1.8579167297874162,2.0346521145828445,7,"{""0"": 0.012124043040997222, ""1"": 0.0010570798987416152, ""2"": 0.0398714999296214, ""3"": 0.026853599474375482, ""4"": 0.0016718843510790248, ""5"": 0.02545326309822545}"
4,0.2,39.800000000000004,39.95,26,58,7990,1964,1.5413045604875095,10,0.8083189490678979,0.01616637898135796,10.747958849246828,11.70683069678486,1.7813288911569567,4.018936554206813,12,"{""0"": 0.02044423670972318, ""1"": 0.012249595856495012, ""2"": 0.017542674439578652, ""3"": 0.015618155623410549, ""4"": 0.010031087690406828, ""5"": 0.021112523568533548}"
4,0.2,39.800000000000004,39.95,26,58,7990,1964,1.5413045604875095,15,0.5329702618379366,0.010659405236758733,2.6907790547439343,12.723989588302882,1.8635964813303452,3.883470995480437,11,"{""0"": 0.012812521260272583, ""1"": 0.006173946039531922, ""2"": 0.01830968998693815, ""3"": 0.011506015472755137, ""4"": 0.007485334182449262, ""5"": 0.007668924478605345}"
4,0.2,39.800000000000004,39.95,26,58,7990,1964,1.5413045604875095,20,0.484863755174526,0.009697275103490522,8.157763571851236,13.89584784371915,1.949530574013557,3.097799333884575,9,"{""0"": 0.004535499051892324, ""1"": 0.006700292198317953, ""2"": 0.02604971811026179, ""3"": 0.003269432566819623, ""4"": 0.012329044993795384, ""5"": 0.005299663699856053}"
4,0.2,39.800000000000004,39.95,26,58,7990,1964,1.5413045604875095,25,0.44557151605861195,0.00891143032117224,10.962640041395831,14.50960433028016,2.046522977521848,3.0444556647828787,8,"{""0"": 0.0030035337074512634, ""1"": 0.007350404884218367, ""2"": 0.029254384484912566, ""3"": 0.0019022472578825729, ""4"": 0.008367759640522672, ""5"": 0.003590251952045998}"
4,0.2,39.800000000000004,39.95,26,58,7990,1964,1.5413045604875095,30,0.4638812728958527,0.009277625457917054,3.7089055031788685,14.868443415519348,2.061704722835261,3.0010390601530417,7,"{""0"": 0.003009576644457275, ""1"": 0.007673571392261313, ""2"": 0.03185675555947367, ""3"": 0.0017526707834982017, ""4"": 0.00834409431909238, ""5"": 0.0030290840487194994}"
4,0.2,39.800000000000004,39.95,26,58,7990,1964,1.5413045604875095,35,0.4208218946691054,0.008416437893382108,8.499571578220706,15.12797228798156,2.088440302248922,2.9616411857688494,7,"{""0"": 0.0029418054884804935, ""1"": 0.00600718262734623, ""2"": 0.028260743943083987, ""3"": 0.002579468983945611, ""4"": 0.006847216579871909, ""5"": 0.003862209737564427}"
4,0.2,39.800000000000004,39.95,26,58,7990,1964,1.5413045604875095,40,0.4054373133961547,0.008108746267923095,3.8147283317001612,15.581487146879434,2.119698763993644,3.120801491869073,9,"{""0"": 0.00417757625501798, ""1"": 0.006535665365436422, ""2"": 0.0157635610262949, ""3"": 0.0061202142478220325, ""4"": 0.010503036484070135, ""5"": 0.005552424228897095}"
4,0.2,39.800000000000004,39.95,26,58,7990,1964,1.5413045604875095,45,0.3853872279543629,0.00770774455908726,6.773812917206224,15.972838367331875,2.150509126639543,3.150379316576283,9,"{""0"": 0.0034320952342156695, ""1"": 0.00619623410857678, ""2"": 0.013458759559699949, ""3"": 0.004519583448376914, ""4"": 0.013002109842801052, ""5"": 0.005637685160853192}"
4,0.2,39.800000000000004,39.95,26,58,7990,1964,1.5413045604875095,50,0.3976925254694002,0.007953850509388006,6.116963613762707,16.298730325160182,2.1866833664051177,2.806744661169517,9,"{""0"": 0.0038315890152513616, ""1"": 0.007370158937389985, ""2"": 0.013945383780659607, ""3"": 0.004718875067718926, ""4"": 0.014954604157605116, ""5"": 0.0029024920977030284}"
4,0.2,39.800000000000004,39.95,26,58,7990,1964,1.5413045604875095,55,0.34523527012944744,0.00690470540258895,3.3761812883721922,16.51769924385504,2.191503411227593,3.0011962377137413,9,"{""0"": 0.003492176197747024, ""1"": 0.006333198820165936, ""2"": 0.012438573693309172, ""3"": 0.003322981230582794, ""4"": 0.012944765263707258, ""5"": 0.002896537210021512}"
4,0.2,39.800000000000004,39.95,26,58,7990,1964,1.5413045604875095,60,0.33503212336638893,0.0067006424673277795,4.800372733201967,16.621421571322415,2.2003603714403255,2.9924055972649612,9,"{""0"": 0.0028870244331477787, ""1"": 0.006631097671235517, ""2"": 0.01237943438784647, ""3"": 0.003251933379427651, ""4"": 0.012090861285625162, ""5"": 0.0029635036466841}"
4,0.4,79.60000000000001,79.915,61,98,15983,1964,1.5732795108330402,0,1.0517112580884054,0.02103422516176811,nan,0.0,1.5732795108330402,6.881399716232636,14,"{""0"": 0.02177431419621115, ""1"": 0.018129461717344277, ""2"": 0.02247837361190693, ""3"": 0.020198393374471657, ""4"": 0.022506768769662667, ""5"": 0.021118039301011977}"
4,0.4,79.60000000000001,79.915,61,98,15983,1964,1.5732795108330402,5,0.9236163644092561,0.018472327288185125,2.6869944885253636,11.255890112615178,2.019478179061932,1.5308102161114896,5,"{""0"": 0.010044976223850106, ""1"": 0.0019628033636479836, ""2"": 0.043545440602768694, ""3"": 0.01211648463502877, ""4"": 0.015009301977688062, ""5"": 0.02815495692612711}"
4,0.4,79.60000000000001,79.915,61,98,15983,1964,1.5732795108330402,10,0.7195268436369059,0.014390536872738119,16.563295618884876,14.178580356782927,1.9384018059177754,4.864306143238651,14,"{""0"": 0.01365636008461285, ""1"": 0.01053503636592156, ""2"": 0.019687983775096837, ""3"": 0.010374440839749453, ""4"": 0.017425761650717096, ""5"": 0.014663638520330913}"
4,0.4,79.60000000000001,79.915,61,98,15983,1964,1.5732795108330402,15,0.6608342293817746,0.013216684587635493,2.5165244980240127,14.912091535165148,1.974533122150001,3.221260390072073,11,"{""0"": 0.006203501817078876, ""1"": 0.006126631360854768, ""2"": 0.02631957728253965, ""3"": 0.00739262924751604, ""4"": 0.0140122867038071, ""5"": 0.01924548111401653}"
4,0.4,79.60000000000001,79.915,61,98,15983,1964,1.5732795108330402,20,0.5831815648550567,0.011663631297101134,3.8152715551521608,15.7394689281482,2.028395483069803,3.090054274789302,10,"{""0"": 0.002611726657168191, ""1"": 0.013588555369524705, ""2"": 0.019445242924751593, ""3"": 0.004632933095810329, ""4"": 0.013353217276628882, ""5"": 0.0163501124587231}"
4,0.4,79.60000000000001,79.915,61,98,15983,1964,1.5732795108330402,25,0.6296120369743955,0.012592240739487911,4.820668051501896,16.209038147393972,2.0867036965454067,2.85099002298874,9,"{""0"": 0.0018991783071738648, ""1"": 0.017612587789046747, ""2"": 0.019283509371083547, ""3"": 0.00411080880434369, ""4"": 0.016022325190367438, ""5"": 0.016625034974912176}"
4,0.4,79.60000000000001,79.915,61,98,15983,1964,1.5732795108330402,30,0.5736789876027053,0.01147357975205411,1.302780682332512,16.526802005587218,2.1038698826319386,3.0181397142423445,9,"{""0"": 0.0019216930415063443, ""1"": 0.012341056711184488, ""2"": 0.01889943187726461, ""3"": 0.00413515326940436, ""4"": 0.01613975501511484, ""5"": 0.015404388597850005}"
4,0.4,79.60000000000001,79.915,61,98,15983,1964,1.5732795108330402,35,0.6310464971469365,0.012620929942938734,20.394868386853126,16.76334944062277,2.092565315984695,3.0250561817674546,9,"{""0"": 0.0024044895062061062, ""1"": 0.017096763743622862, ""2"": 0.022486483248693033, ""3"": 0.003756065055521787, ""4"": 0.01652200485526655, ""5"": 0.013459773248322055}"
4,0.4,79.60000000000001,79.915,61,98,15983,1964,1.5732795108330402,40,0.5306938405488969,0.01061387681097794,13.478219061766586,16.844899475141435,2.0522691160085835,3.271727430323442,9,"{""0"": 0.0020710938537387476, ""1"": 0.010430174035668817, ""2"": 0.01963660954044113, ""3"": 0.004270466548312896, ""4"": 0.017477218633000603, ""5"": 0.00979769825470545}"
4,0.4,79.60000000000001,79.915,61,98,15983,1964,1.5732795108330402,45,0.4795825561914424,0.00959165112382885,2.656985711096317,16.961598982186523,2.037216924305189,3.242821927181854,10,"{""0"": 0.00207757852560692, ""1"": 0.005081020287234004, ""2"": 0.018894596772180916, ""3"": 0.0041608753612107354, ""4"": 0.017081912406920897, ""5"": 0.01025392338981963}"
4,0.4,79.60000000000001,79.915,61,98,15983,1964,1.5732795108330402,50,0.3812469678467113,0.007624939356934227,5.090919770596127,17.176555965490785,2.042000648084887,3.344248515061114,10,"{""0"": 0.0027347965501784326, ""1"": 0.0030767439350901952, ""2"": 0.01736950277386178, ""3"": 0.005372540631609671, ""4"": 0.010502321979027032, ""5"": 0.00669373027183826}"
4,0.4,79.60000000000001,79.915,61,98,15983,1964,1.5732795108330402,55,0.44336527962127237,0.00886730559242545,4.728149810732003,17.28141499957363,2.0386859981903624,3.2104900333999877,9,"{""0"": 0.002357083659682138, ""1"": 0.004170470087622323, ""2"": 0.017926609585513932, ""3"": 0.004595888869372559, ""4"": 0.01646547338203111, ""5"": 0.007688307970330631}"
4,0.4,79.60000000000001,79.915,61,98,15983,1964,1.5732795108330402,60,0.49138917612722893,0.00982778352254458,2.9313079928432924,17.439991533464735,2.073737217307367,3.2632615200398822,9,"{""0"": 0.0018634900719931725, ""1"": 0.008372481880554936, ""2"": 0.018560737459879607, ""3"": 0.0042839350580813115, ""4"": 0.015615130221010026, ""5"": 0.010270926443748423}"
5,0.05,9.950000000000001,10.57,4,19,2114,2114,1.6184323054030898,0,0.9914212077969902,0.019828424155939807,nan,0.0,1.6184323054030898,7.328597600559708,14,"{""0"": 0.018875214787918305, ""1"": 0.02041795363000278, ""2"": 0.01958417690431877, ""3"": 0.019560928704669737, ""4"": 0.021122179967733065, ""5"": 0.01941009094099618}"
5,0.05,9.950000000000001,10.57,4,19,2114,2114,1.6184323054030898,5,1.0641252255903304,0.02128250451180661,5.3383454798534595,12.438399574526077,2.3348123797076337,2.359154098241968,7,"{""0"": 0.0022968059536027136, ""1"": 0.04571139162316983, ""2"": 0.01207939559161837, ""3"": 0.005424275608455685, ""4"": 0.035680424302636696, ""5"": 0.02650273399135638}"
5,0.05,9.950000000000001,10.57,4,19,2114,2114,1.6184323054030898,10,1.2872751947339638,0.02574550389467928,0.3026898166883771,14.139739410147403,2.3024771904806896,3.1253426174851118,8,"{""0"": 0.0030127495402385435, ""1"": 0.05872327947875951, ""2"": 0.027371456106743575, ""3"": 0.01487585438802932, ""4"": 0.02133932300006513, ""5"": 0.02915036085423961}"
5,0.05,9.950000000000001,10.57,4,19,2114,2114,1.6184323054030898,15,0.7520338438533045,0.015040676877066093,7.176703862242966,15.304187542326817,2.2077329280633173,4.1365321456920014,13,"{""0"": 0.007505395958624142, ""1"": 0.020002176310829376, ""2"": 0.021782292307733483, ""3"": 0.011260034251538358, ""4"": 0.016810724686280275, ""5"": 0.012883437747390925}"
5,0.05,9.950000000000001,10.57,4,19,2114,2114,1.6184323054030898,20,0.5596226275455308,0.011192452550910618,3.1474524667617514,15.919957341726965,2.282487531819009,3.505987117597657,12,"{""0"": 0.005226679277644087, ""1"": 0.019292855430763717, ""2"": 0.00807927636434686, ""3"": 0.009763616204836467, ""4"": 0.01751613983873673, ""5"": 0.007276148189135849}"
5,0.05,9.950000000000001,10.57,4,19,2114,2114,1.6184323054030898,25,0.5997290496369649,0.011994580992739302,17.276234266239385,15.503931846836283,2.344677760885768,2.8734407375026083,11,"{""0"": 0.008797270400758528, ""1"": 0.01755353117290314, ""2"": 0.01297381255725607, ""3"": 0.00827685525458558, ""4"": 0.020921818394511276, ""5"": 0.003444198176421216}"
5,0.05,9.950000000000001,10.57,4,19,2114,2114,1.6184323054030898,30,0.4785595869736096,0.009571191739472193,13.743899218635411,15.848023047635266,2.206811211021213,3.779103987920449,12,"{""0"": 0.0029997353057064904, ""1"": 0.011846821902612898, ""2"": 0.009709818078439564, ""3"": 0.009184592751434996, ""4"": 0.017113531702890598, ""5"": 0.0065726506957486195}"
5,0.05,9.950000000000001,10.57,4,19,2114,2114,1.6184323054030898,35,0.5572157898465376,0.011144315796930754,6.474307283612552,16.07906878760741,2.0969891061759105,3.4436625999810446,11,"{""0"": 0.002799969168828944, ""1"": 0.015037637089968353, ""2"": 0.011193431852240247, ""3"": 0.008674577099134132, ""4"": 0.019010991665734046, ""5"": 0.010149287905678811}"
5,0.05,9.950000000000001,10.57,4,19,2114,2114,1.6184323054030898,40,0.5041493578282079,0.010082987156564159,32.03726598945452,16.515587213672124,2.1118574036248083,3.5370263044476706,12,"{""0"": 0.00271964847955065, ""1"": 0.011128628527700742, ""2"": 0.011652186976358867, ""3"": 0.010311774494835335, ""4"": 0.019135981825778657, ""5"": 0.005549702635160705}"
5,0.05,9.950000000000001,10.57,4,19,2114,2114,1.6184323054030898,45,0.47644645654999535,0.009528929130999909,14.848825972428203,16.54871424821052,2.101699762217237,3.462081553849402,12,"{""0"": 0.0025958581963935836, ""1"": 0.011750311536874117, ""2"": 0.008570185698200766, ""3"": 0.008854946940995312, ""4"": 0.019374721437867715, ""5"": 0.006027550975667953}"
5,0.05,9.950000000000001,10.57,4,19,2114,2114,1.6184323054030898,50,0.4237866336642139,0.008475732673284279,12.481394739649183,16.73173404472982,2.073864947333177,3.868556653125748,12,"{""0"": 0.002598225990835981, ""1"": 0.00890362889657681, ""2"": 0.00836229936466006, ""3"": 0.010406587922581109, ""4"": 0.016559214670434762, ""5"": 0.004024439194616946}"
5,0.05,9.950000000000001,10.57,4,19,2114,2114,1.6184323054030898,55,0.39730789731722593,0.007946157946344519,9.253866459363584,16.714181668306864,2.066250453035765,3.826583906870222,12,"{""0"": 0.0028262252500217896, ""1"": 0.008998757243184847, ""2"": 0.007829638306784202, ""3"": 0.009935554447809353, ""4"": 0.014960773982522718, ""5"": 0.0031259984477442016}"
5,0.05,9.950000000000001,10.57,4,19,2114,2114,1.6184323054030898,60,0.4567832049326371,0.009135664098652744,13.309863176648335,16.737678072876754,2.0516377375578836,3.979046163869941,13,"{""0"": 0.006361572381430228, ""1"": 0.009138753063813801, ""2"": 0.009429402372442814, ""3"": 0.012280818888242345, ""4"": 0.014146239948582315, ""5"": 0.00345719793740496}"
5,0.1,19.900000000000002,20.535,9,35,4107,2114,1.5928714941208362,0,1.0508063284550297,0.0210161265691006,nan,0.0,1.5928714941208362,7.045092612081993,15,"{""0"": 0.018055137416823165, ""1"": 0.023315946761390295, ""2"": 0.022838015473579127, ""3"": 0.01886062224160403, ""4"": 0.02214086938239155, ""5"": 0.02088616813881543}"
5,0.1,19.900000000000002,20.535,9,35,4107,2114,1.5928714941208362,5,0.9963849449797066,0.019927698899594136,6.622704135052421,12.391443703632866,1.8973240140215084,3.531189469833048,10,"{""0"": 0.02095924058343856, ""1"": 0.03208638211715807, ""2"": 0.01783030520855214, ""3"": 0.020019318235120875, ""4"": 0.012137807722013696, ""5"": 0.016533139531281486}"
5,0.1,19.900000000000002,20.535,9,35,4107,2114,1.5928714941208362,10,0.8990766950772531,0.017981533901545065,3.631993467120969,14.855056892848607,1.9679532894465785,3.7928810383586913,12,"{""0"": 0.0022055728781380465, ""1"": 0.04001004829865819, ""2"": 0.011765368696624931, ""3"": 0.0124225245700362, ""4"": 0.013364665049081553, ""5"": 0.02812102391673147}"
5,0.1,19.900000000000002,20.535,9,35,4107,2114,1.5928714941208362,15,0.6663944639443715,0.013327889278887431,5.188037902123845,15.710310743712002,2.0019756256477415,3.549848394269416,10,"{""0"": 0.002167637563991876, ""1"": 0.020614233991446334, ""2"": 0.006200562311070174, ""3"": 0.016304082935709494, ""4"": 0.009610227781393773, ""5"": 0.025070591089712935}"
5,0.1,19.900000000000002,20.535,9,35,4107,2114,1.5928714941208362,20,0.7392082313001188,0.014784164626002379,3.588882736112852,16.11844746993345,2.0192614970102336,2.984553827910471,9,"{""0"": 0.0031419592159349407, ""1"": 0.028294748256965308, ""2"": 0.0037320333574614845, ""3"": 0.020379901731153345, ""4"": 0.010809263315114184, ""5"": 0.022347081879385017}"
5,0.1,19.900000000000002,20.535,9,35,4107,2114,1.5928714941208362,25,0.6130728778609044,0.01226145755721809,17.66346310066004,15.998567806009163,1.9779623032643008,2.375687134337958,10,"{""0"": 0.0041096979191487006, ""1"": 0.028192442346248976, ""2"": 0.0035298434556520855, ""3"": 0.013456739508854473, ""4"": 0.016161272381116705, ""5"": 0.00811874973228759}"
5,0.1,19.900000000000002,20.535,9,35,4107,2114,1.5928714941208362,30,0.5738920765684336,0.011477841531368672,17.2799300054699,16.155092303838117,2.0224546288437732,2.594801706801767,10,"{""0"": 0.001925909237537634, ""1"": 0.019560741141716836, ""2"": 0.0038252845875354122, ""3"": 0.011743055885485156, ""4"": 0.017744610403477933, ""5"": 0.014067447932459055}"
5,0.1,19.900000000000002,20.535,9,35,4107,2114,1.5928714941208362,35,0.5509883635703229,0.01101976727140646,4.18110269835907,16.308124756058827,2.025114793535983,2.6582369100979943,9,"{""0"": 0.0017061582792930925, ""1"": 0.016290829940161622, ""2"": 0.004650840947945421, ""3"": 0.0072008519253508345, ""4"": 0.018555402624911323, ""5"": 0.017714519910776473}"
5,0.1,19.900000000000002,20.535,9,35,4107,2114,1.5928714941208362,40,0.6417944538916981,0.012835889077833963,3.664156990744298,16.579843836495176,2.003953913490931,3.1588650289711806,9,"{""0"": 0.005134100100018578, ""1"": 0.012611000717291316, ""2"": 0.0032655790955281746, ""3"": 0.007903833017508305, ""4"": 0.015613130467512976, ""5"": 0.03248769106914444}"
5,0.1,19.900000000000002,20.535,9,35,4107,2114,1.5928714941208362,45,0.5832285475352073,0.011664570950704148,2.944394719418607,16.67715189800415,2.0246182859160085,2.92583900401735,9,"{""0"": 0.002861636700185436, ""1"": 0.014682807969985867, ""2"": 0.0029120662867630235, ""3"": 0.01004241678997054, ""4"": 0.01603035475891255, ""5"": 0.02345814319840747}"
5,0.1,19.900000000000002,20.535,9,35,4107,2114,1.5928714941208362,50,0.5748666182160096,0.011497332364320195,25.657874570549136,16.764624718279038,1.9993242266434545,3.0946412168455364,9,"{""0"": 0.0032084489710919742, ""1"": 0.011548682959440778, ""2"": 0.0024011812334540526, ""3"": 0.009578826134290744, ""4"": 0.013566247666817178, ""5"": 0.028680607220826437}"
5,0.1,19.900000000000002,20.535,9,35,4107,2114,1.5928714941208362,55,0.4823857430892851,0.009647714861785704,3.0184568315306266,16.79184103635642,1.990048937566135,3.059434268536051,9,"{""0"": 0.0026908953298601596, ""1"": 0.013688221882003276, ""2"": 0.002660451854386541, ""3"": 0.013459096350764648, ""4"": 0.011061270999900261, ""5"": 0.014326352753799333}"
5,0.1,19.900000000000002,20.535,9,35,4107,2114,1.5928714941208362,60,0.4226294075384056,0.008452588150768114,6.920106531508354,16.876150665676082,1.965557601000165,3.146820705346949,9,"{""0"": 0.002182833387049848, ""1"": 0.009328825783096363, ""2"": 0.0029152578957510615, ""3"": 0.008760383848577278, ""4"": 0.0108210773185976, ""5"": 0.016707150671536528}"
5,0.2,39.800000000000004,40.175,26,53,8035,2114,1.606734879727612,0,1.0436561656226313,0.02087312331245263,nan,0.0,1.606734879727612,4.411408333592149,12,"{""0"": 0.022832243849462516, ""1"": 0.021323613016223965, ""2"": 0.02017119125226745, ""3"": 0.020751051055237245, ""4"": 0.020189230721011114, ""5"": 0.019971409980513482}"
5,0.2,39.800000000000004,40.175,26,53,8035,2114,1.606734879727612,5,0.8816428725335534,0.01763285745067107,4.238132629125976,12.243142309280996,2.0412635454172587,3.7472650662713782,11,"{""0"": 0.007652345855549694, ""1"": 0.03230981781247057, ""2"": 0.004619833026289431, ""3"": 0.010346785564709412, ""4"": 0.010066638000580852, ""5"": 0.04080172444442648}"
5,0.2,39.800000000000004,40.175,26,53,8035,2114,1.606734879727612,10,0.6943535608163726,0.013887071216327453,0.9920175926717866,13.468411826679132,1.9355056212124933,3.6122899598747096,10,"{""0"": 0.0034090594718929985, ""1"": 0.036358261126638064, ""2"": 0.015864376797835974, ""3"": 0.004963494418875228, ""4"": 0.007244644095496855, ""5"": 0.015482591387225597}"
5,0.2,39.800000000000004,40.175,26,53,8035,2114,1.606734879727612,15,0.59400299039995,0.011880059807999001,19.436253552935444,14.662937683200736,2.0175761073289493,3.551822167392897,10,"{""0"": 0.017947981312039098, ""1"": 0.01136853407656917, ""2"": 0.010445945803632395, ""3"": 0.005285615228910882, ""4"": 0.011902855133590306, ""5"": 0.014329427293252147}"
5,0.2,39.800000000000004,40.175,26,53,8035,2114,1.606734879727612,20,0.5866138527841854,0.01173227705568371,5.363585995979752,14.994092218263868,2.1073454180058278,3.2101889545223616,10,"{""0"": 0.0104449968331193, ""1"": 0.019888614496978357, ""2"": 0.009902266078475105, ""3"": 0.010308113299387151, ""4"": 0.015402025477458206, ""5"": 0.004447646148684134}"
5,0.2,39.800000000000004,40.175,26,53,8035,2114,1.606734879727612,25,0.4991055847934254,0.009982111695868509,14.798089468031323,15.300698019704909,2.0638073850188987,3.105477670197878,9,"{""0"": 0.010270459178166732, ""1"": 0.021626117172927263, ""2"": 0.004801130363331733, ""3"": 0.005982835662143334, ""4"": 0.013421077113167937, ""5"": 0.003791050685474058}"
5,0.2,39.800000000000004,40.175,26,53,8035,2114,1.606734879727612,30,0.48140215063208,0.0096280430126416,23.11080403782206,15.343407792835633,2.0258499760114512,3.3475583450559236,10,"{""0"": 0.009977285573186175, ""1"": 0.020376823316211188, ""2"": 0.004677129989798396, ""3"": 0.005517122237289128, ""4"": 0.012367783319851328, ""5"": 0.004852113639513397}"
5,0.2,39.800000000000004,40.175,26,53,8035,2114,1.606734879727612,35,0.45500187886378307,0.009100037577275663,3.1273217450465696,15.345126952790965,2.003019773070713,3.5351973954682085,10,"{""0"": 0.0070503292102427825, ""1"": 0.01792736898539108, ""2"": 0.0069899198070876075, ""3"": 0.004348039203321993, ""4"": 0.01327784697391215, ""5"": 0.005006721283698361}"
5,0.2,39.800000000000004,40.175,26,53,8035,2114,1.606734879727612,40,0.4075262300173005,0.008150524600346012,5.171940690716174,15.601999208906093,1.94783191331665,3.5619813298393987,10,"{""0"": 0.0097441078864245, ""1"": 0.00622710073708142, ""2"": 0.0068914313860416136, ""3"": 0.0055581012300824715, ""4"": 0.015251619231099228, ""5"": 0.0052307871313468325}"
5,0.2,39.800000000000004,40.175,26,53,8035,2114,1.606734879727612,45,0.36376546595306053,0.007275309319061211,5.456568446784182,15.746503253945512,2.029216014901287,3.4492193772235495,10,"{""0"": 0.005926340730574639, ""1"": 0.007908263472310505, ""2"": 0.003773683805888306, ""3"": 0.005041314573068924, ""4"": 0.017130750987799044, ""5"": 0.003871502344725846}"
5,0.2,39.800000000000004,40.175,26,53,8035,2114,1.606734879727612,50,0.38103523329747,0.007620704665949401,3.3435421973128445,15.830885999760698,1.9929984355742385,3.4897700309273003,10,"{""0"": 0.007998276545965473, ""1"": 0.0074222111413189615, ""2"": 0.004398466524220414, ""3"": 0.0057269541942856494, ""4"": 0.01649308564462748, ""5"": 0.0036852339452784267}"
5,0.2,39.800000000000004,40.175,26,53,8035,2114,1.606734879727612,55,0.38513312309314235,0.007702662461862847,1.8187854094464901,15.879121675949301,1.9830246964449332,3.48974288502131,10,"{""0"": 0.007419434923520742, ""1"": 0.007197066442532188, ""2"": 0.004966875203168112, ""3"": 0.005910294647157735, ""4"": 0.017307816667139864, ""5"": 0.0034144868876584537}"
5,0.2,39.800000000000004,40.175,26,53,8035,2114,1.606734879727612,60,0.3657273512731115,0.0073145470254622315,7.015411482189357,16.08191119879406,1.995573197272611,3.446853053217608,10,"{""0"": 0.006536688541123256, ""1"": 0.006127795939808245, ""2"": 0.0051607517784321676, ""3"": 0.005763642966738561, ""4"": 0.016661415907503602, ""5"": 0.0036369870191675577}"
5,0.4,79.60000000000001,79.915,63,96,15983,2114,1.5125041571738056,0,1.0011255252856457,0.020022510505712916,nan,0.0,1.5125041571738056,4.688383002255485,13,"{""0"": 0.02025909830270551, ""1"": 0.019554337266063163, ""2"": 0.02273436253248364, ""3"": 0.017854658614176632, ""4"": 0.0212512677604658, ""5"": 0.01848133855838275}"
5,0.4,79.60000000000001,79.915,63,96,15983,2114,1.5125041571738056,5,1.0722129970758127,0.021444259941516258,33.69839124334954,14.170539542563276,2.0747504331058635,4.035260024238143,13,"{""0"": 0.01737837517214825, ""1"": 0.03239756098202414, ""2"": 0.010910599132796451, ""3"": 0.03496935205002312, ""4"": 0.007610007129776418, ""5"": 0.025399665182329167}"
5,0.4,79.60000000000001,79.915,63,96,15983,2114,1.5125041571738056,10,0.9192364978786999,0.018384729957574,12.012044654548781,15.391729112355423,2.0883747830209165,3.155546365924246,13,"{""0"": 0.020573723807983717, ""1"": 0.027598422715492777, ""2"": 0.0036228961936836833, ""3"": 0.04131946711388362, ""4"": 0.013086489738423324, ""5"": 0.004107380175976881}"
5,0.4,79.60000000000001,79.915,63,96,15983,2114,1.5125041571738056,15,0.8607001488790261,0.017214002977580526,7.033805101472409,16.093339126954806,2.1773677128255136,2.3369337873193152,11,"{""0"": 0.02670096041689942, ""1"": 0.0197919774820327, ""2"": 0.0029232453994211495, ""3"": 0.03813663956954483, ""4"": 0.01166536178797616, ""5"": 0.004065833209608897}"
5,0.4,79.60000000000001,79.915,63,96,15983,2114,1.5125041571738056,20,0.8385492254978733,0.016770984509957468,4.019812221429829,15.909842186262162,2.094489576000555,2.799216300825451,12,"{""0"": 0.018915082509813153, ""1"": 0.022157400447326003, ""2"": 0.002935205523833746, ""3"": 0.03380959810743416, ""4"": 0.01957984407518497, ""5"": 0.0032287763961527673}"
5,0.4,79.60000000000001,79.915,63,96,15983,2114,1.5125041571738056,25,1.0198044649985223,0.020396089299970447,12.367624363347408,16.2704417946669,2.006455937048964,3.0141869056111927,13,"{""0"": 0.01884980079690745, ""1"": 0.025403555405010915, ""2"": 0.0043387191420464905, ""3"": 0.03168340432959919, ""4"": 0.03837228601628658, ""5"": 0.0037287701099720594}"
5,0.4,79.60000000000001,79.915,63,96,15983,2114,1.5125041571738056,30,1.0452448170178246,0.020904896340356492,16.392603312493407,16.586065213246677,2.080763279919327,4.955747600068172,16,"{""0"": 0.016528262168500056, ""1"": 0.037941731300831165, ""2"": 0.008275142387573783, ""3"": 0.023462328480575154, ""4"": 0.03549462322097308, ""5"": 0.0037272904836856873}"
5,0.4,79.60000000000001,79.915,63,96,15983,2114,1.5125041571738056,35,0.9396804398974924,0.018793608797949852,19.699991952648507,16.725222708872415,2.085212403589278,5.854011938633234,16,"{""0"": 0.009404486346391034, ""1"": 0.034898030759660234, ""2"": 0.024289624620902152, ""3"": 0.011166952203359897, ""4"": 0.02727792966765995, ""5"": 0.005724629189725839}"
5,0.4,79.60000000000001,79.915,63,96,15983,2114,1.5125041571738056,40,0.875792245619922,0.017515844912398444,31.167223185642605,16.614849387359154,2.066438644437449,5.603624290734035,17,"{""0"": 0.01124142366964807, ""1"": 0.02282904584026253, ""2"": 0.019525097448128366, ""3"": 0.017790632468819515, ""4"": 0.029898433860096163, ""5"": 0.003810436187436021}"
5,0.4,79.60000000000001,79.915,63,96,15983,2114,1.5125041571738056,45,0.853069035444503,0.017061380708890062,13.598947170435016,16.801171156228868,2.0707732652871007,5.620085605324537,17,"{""0"": 0.007716929155349795, ""1"": 0.023276975897900908, ""2"": 0.01318576875074572, ""3"": 0.0236230104824024, ""4"": 0.02973027245666183, ""5"": 0.004835327510279722}"
5,0.4,79.60000000000001,79.915,63,96,15983,2114,1.5125041571738056,50,0.7850067800293408,0.015700135600586817,24.57750620972383,16.881367818010695,2.071861376401181,6.383514668250355,17,"{""0"": 0.009937583734721478, ""1"": 0.0231990240773391, ""2"": 0.012249613453387775, ""3"": 0.022163984233953743, ""4"": 0.022330053851445868, ""5"": 0.004320554252672936}"
5,0.4,79.60000000000001,79.915,63,96,15983,2114,1.5125041571738056,55,0.7637768664253529,0.01527553732850706,15.477491099143695,16.96662415199313,2.0708779955670926,6.854010362097135,18,"{""0"": 0.010121286639113809, ""1"": 0.021555309971472987, ""2"": 0.013191916637364562, ""3"": 0.021354803945199438, ""4"": 0.021073316858403517, ""5"": 0.004356589919488067}"
5,0.4,79.60000000000001,79.915,63,96,15983,2114,1.5125041571738056,60,0.7748974106299585,0.015497948212599174,23.32727601463847,16.963457262972543,2.0626707578614147,6.892832737993375,18,"{""0"": 0.01271262227326848, ""1"": 0.018563007632531457, ""2"": 0.018336220760623502, ""3"": 0.01873655629864022, ""4"": 0.021264463693638363, ""5"": 0.0033748186168930305}"
6,0.05,9.950000000000001,9.645,3,19,1929,1929,1.6288936480071101,0,1.0180392025818668,0.020360784051637337,nan,0.0,1.6288936480071101,4.221653609262846,10,"{""0"": 0.021042746703955405, ""1"": 0.022083740105811885, ""2"": 0.020055885576885427, ""3"": 0.020150901470946468, ""4"": 0.020274926695060497, ""5"": 0.01855650375716432}"
6,0.05,9.950000000000001,9.645,3,19,1929,1929,1.6288936480071101,5,1.0260847088500191,0.020521694177000383,7.634430820149144,12.053222378625447,1.792086546047005,2.597324730055382,7,"{""0"": 0.016173021639679465, ""1"": 0.034111353687048665, ""2"": 0.0026047978067766688, ""3"": 0.030135481149928124, ""4"": 0.013426943863112986, ""5"": 0.026678566915456392}"
6,0.05,9.950000000000001,9.645,3,19,1929,1929,1.6288936480071101,10,1.4054463390024414,0.02810892678004883,9.220843425173031,13.59904702882172,1.8406694962741457,2.9214410057958626,9,"{""0"": 0.012839905191444536, ""1"": 0.03281430037983324, ""2"": 0.022403324634370808, ""3"": 0.041109006807836766, ""4"": 0.027263203717634927, ""5"": 0.0322238199491727}"
6,0.05,9.950000000000001,9.645,3,19,1929,1929,1.6288936480071101,15,0.8164502275317108,0.016329004550634216,27.08909005518472,14.51440440859809,1.9547951862652362,3.356562924248837,9,"{""0"": 0.00980349808238424, ""1"": 0.016226618068582777, ""2"": 0.003929329215472599, ""3"": 0.025455515701543606, ""4"": 0.024069008357161553, ""5"": 0.018490057878660534}"
6,0.05,9.950000000000001,9.645,3,19,1929,1929,1.6288936480071101,20,0.7215874633992487,0.014431749267984975,13.63329059946256,14.862868052997493,1.9419128802802754,3.397287022364035,9,"{""0"": 0.009040571491746162, ""1"": 0.010976986122612716, ""2"": 0.009923764005215718, ""3"": 0.01055029385638291, ""4"": 0.023631196279459622, ""5"": 0.02246768385249273}"
6,0.05,9.950000000000001,9.645,3,19,1929,1929,1.6288936480071101,25,0.6055238961917488,0.012110477923834979,5.344011147937067,15.229064520440371,1.9378396669198912,3.701682952648211,9,"{""0"": 0.008784077250126454, ""1"": 0.012068698171133384, ""2"": 0.007714862511410345, ""3"": 0.009659780781352715, ""4"": 0.017020565695541327, ""5"": 0.017414883133445653}"
6,0.05,9.950000000000001,9.645,3,19,1929,1929,1.6288936480071101,30,0.5634364616481969,0.01126872923296394,14.425674790131605,15.27419850209741,1.9594477222419873,3.7670570400385697,10,"{""0"": 0.008039340552202765, ""1"": 0.015476850465126082, ""2"": 0.006009719859055629, ""3"": 0.010993384715848445, ""4"": 0.01271772918617412, ""5"": 0.014375350619376592}"
6,0.05,9.950000000000001,9.645,3,19,1929,1929,1.6288936480071101,35,0.4913117992435829,0.009826235984871659,23.85766316483059,15.472001979557886,1.9596648435342634,3.542589618626232,9,"{""0"": 0.009193776869069373, ""1"": 0.012380908013802016, ""2"": 0.008350267658092188, ""3"": 0.0073791972373417475, ""4"": 0.007350715996852724, ""5"": 0.014302550134071909}"
6,0.05,9.950000000000001,9.645,3,19,1929,1929,1.6288936480071101,40,0.4539349397845252,0.009078698795690504,9.036792469828345,15.621960934412938,1.956029992248092,3.631185048718121,9,"{""0"": 0.007231547508591546, ""1"": 0.012553441823051079, ""2"": 0.00797270382841452, ""3"": 0.005638363368262437, ""4"": 0.007429444006207301, ""5"": 0.013646692239616148}"
6,0.05,9.950000000000001,9.645,3,19,1929,1929,1.6288936480071101,45,0.44725692960162694,0.00894513859203254,8.665207137585952,15.90466743294024,1.9612586212838388,3.6164132990111777,9,"{""0"": 0.005596233746634051, ""1"": 0.013596347137548388, ""2"": 0.006734461977819789, ""3"": 0.0055914526526236255, ""4"": 0.006501975104131375, ""5"": 0.015650360933438006}"
6,0.05,9.950000000000001,9.645,3,19,1929,1929,1.6288936480071101,50,0.3990344651188487,0.007980689302376975,1.1362638127706577,15.972467972064322,1.9659254022127701,3.4643810451197816,8,"{""0"": 0.007194780878076626, ""1"": 0.009822638764529705, ""2"": 0.007175815177759728, ""3"": 0.005775634426062515, ""4"": 0.004260567998717227, ""5"": 0.01365469856911605}"
6,0.05,9.950000000000001,9.645,3,19,1929,1929,1.6288936480071101,55,0.39530509843861444,0.00790610196877229,3.1447125477973557,16.120488094562525,1.9599345597291513,3.648395300053112,9,"{""0"": 0.007676120055272052, ""1"": 0.008155189437161023, ""2"": 0.005719337664673017, ""3"": 0.004068806954790999, ""4"": 0.009204725524580588, ""5"": 0.012612432176156064}"
6,0.05,9.950000000000001,9.645,3,19,1929,1929,1.6288936480071101,60,0.3685129206930042,0.007370258413860084,3.8364843995254714,16.078160422156714,1.9305560560308404,3.4365976192530243,9,"{""0"": 0.006104526534323394, ""1"": 0.00804842336857389, ""2"": 0.006710143802800832, ""3"": 0.0034774150015428476, ""4"": 0.0058591560539411, ""5"": 0.01402188572197845}"
6,0.1,19.900000000000002,19.865,11,31,3973,1929,1.5259065146384359,0,1.00905197754349,0.020181039550869806,nan,0.0,1.5259065146384359,6.447727661462853,12,"{""0"": 0.02292527654338982, ""1"": 0.018162952713886366, ""2"": 0.018378668577301423, ""3"": 0.01885300614450581, ""4"": 0.022633509592074424, ""5"": 0.02013282373406099}"
6,0.1,19.900000000000002,19.865,11,31,3973,1929,1.5259065146384359,5,1.0777980898825086,0.021555961797650174,10.736574767432769,11.963417622895221,2.043194157107176,3.1314046761864542,11,"{""0"": 0.010814357931181398, ""1"": 0.03433920848220223, ""2"": 0.013549336276413335, ""3"": 0.020252356679447095, ""4"": 0.015754244240544734, ""5"": 0.03462626717611226}"
6,0.1,19.900000000000002,19.865,11,31,3973,1929,1.5259065146384359,10,1.0310247217584456,0.020620494435168914,12.075794871996713,13.810499733054877,2.0745068308507264,3.102134677494906,10,"{""0"": 0.009274832148927489, ""1"": 0.024952385002564696, ""2"": 0.017789917624313017, ""3"": 0.007814086771635028, ""4"": 0.03433026869827917, ""5"": 0.029561476365294083}"
6,0.1,19.900000000000002,19.865,11,31,3973,1929,1.5259065146384359,15,0.9752114767087262,0.019504229534174525,10.279991817787273,14.784679997221973,2.048941121435786,3.4020545210350894,12,"{""0"": 0.0148971989026823, ""1"": 0.014026728939693936, ""2"": 0.01902382274900787, ""3"": 0.01300748200149475, ""4"": 0.028563677435576196, ""5"": 0.027506467176592116}"
6,0.1,19.900000000000002,19.865,11,31,3973,1929,1.5259065146384359,20,0.9260969170784102,0.01852193834156821,16.587639795165956,14.650097215542248,1.9937891693396261,3.7600559578769412,12,"{""0"": 0.019609829271609154, ""1"": 0.01381693530974212, ""2"": 0.017877892577043707, ""3"": 0.007825675070425944, ""4"": 0.026493923397032586, ""5"": 0.02550737442355574}"
6,0.1,19.900000000000002,19.865,11,31,3973,1929,1.5259065146384359,25,0.8402991201307701,0.016805982402615407,16.702468450672747,14.954086875958268,1.9868065976100995,3.766433898561019,13,"{""0"": 0.018803864413587085, ""1"": 0.012109172167308179, ""2"": 0.015918312326601913, ""3"": 0.011184961795008906, ""4"": 0.02524791383834844, ""5"": 0.017571669874837912}"
6,0.1,19.900000000000002,19.865,11,31,3973,1929,1.5259065146384359,30,0.8789357855663077,0.017578715711326156,6.214809547809954,15.091352982633294,2.0173389273096762,3.559355934531747,13,"{""0"": 0.026832410270875972, ""1"": 0.012180240534985065, ""2"": 0.017372599153610647, ""3"": 0.008216462947833134, ""4"": 0.027573877261128938, ""5"": 0.013296704099523184}"
6,0.1,19.900000000000002,19.865,11,31,3973,1929,1.5259065146384359,35,0.8725109255877826,0.017450218511755655,4.235717122157826,15.372974340705799,2.027017019785238,4.053351649689039,13,"{""0"": 0.025307812048664037, ""1"": 0.010832595569704326, ""2"": 0.01822235135315253, ""3"": 0.006342460775857257, ""4"": 0.02557511786812432, ""5"": 0.018420973455031464}"
6,0.1,19.900000000000002,19.865,11,31,3973,1929,1.5259065146384359,40,0.8625110238250088,0.01725022047650018,6.710955477547279,15.431936900081435,1.9937100267198384,4.017591379991427,13,"{""0"": 0.02123309912012681, ""1"": 0.013693746246342457, ""2"": 0.017748652882235937, ""3"": 0.00783646594154742, ""4"": 0.030077216447311417, ""5"": 0.012912142221437037}"
6,0.1,19.900000000000002,19.865,11,31,3973,1929,1.5259065146384359,45,0.8412808091846585,0.016825616183693173,2.128255073420781,15.575336183763545,2.008935995422117,3.9179161431363374,14,"{""0"": 0.019230761863347517, ""1"": 0.015244562466816996, ""2"": 0.017390146733604932, ""3"": 0.007724223349375203, ""4"": 0.029097484271460073, ""5"": 0.012266518417554311}"
6,0.1,19.900000000000002,19.865,11,31,3973,1929,1.5259065146384359,50,0.8314567875357988,0.01662913575071598,9.840533897118563,15.711293433417934,2.003330373103307,3.9534293648201992,13,"{""0"": 0.01959648828336308, ""1"": 0.01370393435379374, ""2"": 0.01751963783169195, ""3"": 0.008128556805344174, ""4"": 0.029368937986952066, ""5"": 0.011457259243150848}"
6,0.1,19.900000000000002,19.865,11,31,3973,1929,1.5259065146384359,55,0.6755089159149762,0.013510178318299527,2.5741825928462814,15.805859010567012,2.0099185255230223,3.827844327668602,13,"{""0"": 0.00834500348014996, ""1"": 0.01167349259380629, ""2"": 0.017110822765390908, ""3"": 0.00812167287328056, ""4"": 0.02462799462109157, ""5"": 0.011182083576077861}"
6,0.1,19.900000000000002,19.865,11,31,3973,1929,1.5259065146384359,60,0.6199018381014686,0.012398036762029373,39.261288157913754,15.926724302596593,1.975203714726996,3.8812817584327117,13,"{""0"": 0.006639393223184037, ""1"": 0.010345028643860558, ""2"": 0.017052060779541186, ""3"": 0.009015257985583785, ""4"": 0.019802831202705033, ""5"": 0.011533648737301625}"
6,0.2,39.800000000000004,40.06,25,60,8012,1929,1.508095909836786,0,0.9888105015782805,0.019776210031565614,nan,0.0,1.508095909836786,6.344756265732122,14,"{""0"": 0.020100211658130147, ""1"": 0.02099418546796098, ""2"": 0.01990021213567746, ""3"": 0.019139849899501953, ""4"": 0.020108045167283393, ""5"": 0.018414755860839748}"
6,0.2,39.800000000000004,40.06,25,60,8012,1929,1.508095909836786,5,1.0613546020388922,0.021227092040777846,13.220417677991929,12.299824409315116,2.1971614307519967,2.6468813983858253,9,"{""0"": 0.014721258658684944, ""1"": 0.022254459288639134, ""2"": 0.012847753002646836, ""3"": 0.009606446400129313, ""4"": 0.024439846346854543, ""5"": 0.04349278854771232}"
6,0.2,39.800000000000004,40.06,25,60,8012,1929,1.508095909836786,10,0.7627241255163767,0.015254482510327537,8.62961781187798,13.728082588344774,2.0176399088790915,4.15266954191772,11,"{""0"": 0.011128141369417494, ""1"": 0.016762778890113857, ""2"": 0.012963020204007364, ""3"": 0.012234746154951943, ""4"": 0.019608297550806515, ""5"": 0.018829910892668052}"
6,0.2,39.800000000000004,40.06,25,60,8012,1929,1.508095909836786,15,0.8770513259306542,0.017541026518613088,25.208713498117724,15.419143368667712,2.0734689362393133,3.7175172872427575,12,"{""0"": 0.008807467460354063, ""1"": 0.010597145757856414, ""2"": 0.014089723257151122, ""3"": 0.020658545524493165, ""4"": 0.036250032049184075, ""5"": 0.014843245062639687}"
6,0.2,39.800000000000004,40.06,25,60,8012,1929,1.508095909836786,20,0.9026296009801695,0.01805259201960339,17.513879114926006,15.514309626767732,2.070609307843014,4.306374848123917,12,"{""0"": 0.00964716043447567, ""1"": 0.007216781861085797, ""2"": 0.019955772343361128, ""3"": 0.021387362061516972, ""4"": 0.03631499662259512, ""5"": 0.013793478794585673}"
6,0.2,39.800000000000004,40.06,25,60,8012,1929,1.508095909836786,25,0.8188095748124663,0.016376191496249328,3.0510245603051014,15.722402567328125,2.021172811717685,4.176266697804854,13,"{""0"": 0.0058449793004318575, ""1"": 0.006300719433031133, ""2"": 0.01663709695963744, ""3"": 0.018797169570678143, ""4"": 0.03950739517275627, ""5"": 0.011169788540961127}"
6,0.2,39.800000000000004,40.06,25,60,8012,1929,1.508095909836786,30,0.720402898762703,0.014408057975254062,2.5060945964103647,15.74692194488262,2.087650973580409,4.232969318089536,13,"{""0"": 0.008051583068555582, ""1"": 0.006988660226774977, ""2"": 0.017291142004855667, ""3"": 0.016004837750247657, ""4"": 0.029749213244575003, ""5"": 0.008362911556515494}"
6,0.2,39.800000000000004,40.06,25,60,8012,1929,1.508095909836786,35,0.7300362459964372,0.014600724919928747,17.814170578957587,15.844727815847437,2.073133225261501,4.215806949608235,12,"{""0"": 0.0063251457457527815, ""1"": 0.007651303293807335, ""2"": 0.01733379314248506, ""3"": 0.013910890587140987, ""4"": 0.034755272658409955, ""5"": 0.007627944091976362}"
6,0.2,39.800000000000004,40.06,25,60,8012,1929,1.508095909836786,40,0.7380530773910378,0.014761061547820756,8.535489514001013,15.746914450930213,2.035335599924243,4.1052109419332785,12,"{""0"": 0.0061787527174330765, ""1"": 0.008035003676088873, ""2"": 0.016839782820951343, ""3"": 0.013284585691549233, ""4"": 0.03609506349325535, ""5"": 0.008133180887646654}"
6,0.2,39.800000000000004,40.06,25,60,8012,1929,1.508095909836786,45,0.6516028487826935,0.013032056975653872,7.11912974821951,15.729916511808256,2.022321628931147,3.8784806318619975,11,"{""0"": 0.005273566528676107, ""1"": 0.006865519300366367, ""2"": 0.012161762823344635, ""3"": 0.01065869022855195, ""4"": 0.034215171615808185, ""5"": 0.009017631357175981}"
6,0.2,39.800000000000004,40.06,25,60,8012,1929,1.508095909836786,50,0.5905519398137148,0.011811038796274298,40.42648061534062,15.779790406988429,2.0539273798727113,4.006283428811348,12,"{""0"": 0.005999601789258877, ""1"": 0.007354913048921087, ""2"": 0.011168618497088634, ""3"": 0.010750941773052452, ""4"": 0.026912946436896828, ""5"": 0.008679211232427906}"
6,0.2,39.800000000000004,40.06,25,60,8012,1929,1.508095909836786,55,0.5743517660967258,0.011487035321934517,6.593933674680079,15.864146672625347,2.0642374450435454,4.010908505400386,12,"{""0"": 0.00702789122030098, ""1"": 0.006759876355775546, ""2"": 0.010674250486161711, ""3"": 0.010686946858271722, ""4"": 0.025709856151349027, ""5"": 0.008063390859748108}"
6,0.2,39.800000000000004,40.06,25,60,8012,1929,1.508095909836786,60,0.5758766723493971,0.011517533446987943,22.17336315291804,15.90427641359051,2.0940458590495257,3.8824571248734405,11,"{""0"": 0.00720174963807828, ""1"": 0.005539093458623708, ""2"": 0.011163939088847358, ""3"": 0.009758385797170269, ""4"": 0.025426794499153294, ""5"": 0.010015238200054755}"
6,0.4,79.60000000000001,80.155,59,98,16031,1929,1.5787823097886682,0,0.9671687957772023,0.01934337591554405,nan,0.0,1.5787823097886682,5.896486072001466,13,"{""0"": 0.01928380622971087, ""1"": 0.02053989424258399, ""2"": 0.018875809051220837, ""3"": 0.019668962592107465, ""4"": 0.0191923724256702, ""5"": 0.018499410951970937}"
6,0.4,79.60000000000001,80.155,59,98,16031,1929,1.5787823097886682,5,0.6474936484803646,0.012949872969607293,3.167615317451122,11.842022178315645,2.21313825622581,2.0348343832862135,5,"{""0"": 0.015683785215665526, ""1"": 0.018063473439748838, ""2"": 0.006129624574660678, ""3"": 0.010081114729381854, ""4"": 0.025004668523006597, ""5"": 0.0027365713351802804}"
6,0.4,79.60000000000001,80.155,59,98,16031,1929,1.5787823097886682,10,0.5211661018698027,0.010423322037396055,4.705294300912781,12.900266315468409,2.1811977049971607,2.802500975175053,7,"{""0"": 0.012475120196314454, ""1"": 0.003960541251967725, ""2"": 0.021812221379426577, ""3"": 0.004178737932439928, ""4"": 0.00832377365543806, ""5"": 0.01178953780878959}"
6,0.4,79.60000000000001,80.155,59,98,16031,1929,1.5787823097886682,15,0.3968490579465519,0.00793698115893104,17.674664440482164,13.724018624433613,2.302704983282748,3.324706511021045,8,"{""0"": 0.01100686123482344, ""1"": 0.005720424714800949, ""2"": 0.015165007511660254, ""3"": 0.0032033828512501644, ""4"": 0.010803494929059191, ""5"": 0.001722715711992236}"
6,0.4,79.60000000000001,80.155,59,98,16031,1929,1.5787823097886682,20,0.5493479915083959,0.01098695983016792,34.39485686761911,14.07903970059596,2.316545861956128,3.2286238344091838,8,"{""0"": 0.016220500410529883, ""1"": 0.0038181211557039353, ""2"": 0.02247956423823877, ""3"": 0.005927349203844091, ""4"": 0.012666585376721249, ""5"": 0.0048096385959695955}"
6,0.4,79.60000000000001,80.155,59,98,16031,1929,1.5787823097886682,25,0.4925099799277041,0.009850199598554083,1.4861138787824002,14.572420440471987,2.296775127994338,3.2223818947907814,8,"{""0"": 0.012607562334868257, ""1"": 0.003995267190516265, ""2"": 0.020797751413524645, ""3"": 0.005455243050575799, ""4"": 0.01345334681454138, ""5"": 0.002792026787298149}"
6,0.4,79.60000000000001,80.155,59,98,16031,1929,1.5787823097886682,30,0.3789227241169203,0.007578454482338407,1.1128711760409578,14.879448959526956,2.243960391619201,3.26027619254996,8,"{""0"": 0.009900707824936598, ""1"": 0.00517779151921966, ""2"": 0.01141664152513268, ""3"": 0.002950475940925839, ""4"": 0.014416228455103921, ""5"": 0.0016088816287117467}"
6,0.4,79.60000000000001,80.155,59,98,16031,1929,1.5787823097886682,35,0.336510091050096,0.006730201821001921,5.889510508237962,15.152213906003105,2.2337376638003112,3.2421283239700505,8,"{""0"": 0.007580939221368588, ""1"": 0.0036886816962737315, ""2"": 0.009678764213692338, ""3"": 0.0029664133274006715, ""4"": 0.01435697055732181, ""5"": 0.0021094419099543906}"
6,0.4,79.60000000000001,80.155,59,98,16031,1929,1.5787823097886682,40,0.32684122969974033,0.0065368245939948074,2.8281162346366187,15.290436830117889,2.24490464560569,3.146102868140373,7,"{""0"": 0.006645893097891818, ""1"": 0.0049179370431660634, ""2"": 0.008054438525084733, ""3"": 0.002198304001004798, ""4"": 0.015339216710978645, ""5"": 0.0020651581858427874}"
6,0.4,79.60000000000001,80.155,59,98,16031,1929,1.5787823097886682,45,0.3275039749693384,0.006550079499386769,0.43379080418497556,15.441136363781652,2.2361801027992296,3.1016678410416336,7,"{""0"": 0.0062947390969282785, ""1"": 0.005083787652168339, ""2"": 0.006851610901002498, ""3"": 0.0017530732855759001, ""4"": 0.016591815816210553, ""5"": 0.002725450244435057}"
6,0.4,79.60000000000001,80.155,59,98,16031,1929,1.5787823097886682,50,0.3235696199828325,0.006471392399656652,21.69029673621204,15.47168511835561,2.239353889090486,3.163076834609907,7,"{""0"": 0.006329222492044065, ""1"": 0.004018803574086624, ""2"": 0.00806448120511329, ""3"": 0.0017847705511416488, ""4"": 0.01576371930994545, ""5"": 0.0028673572656088375}"
6,0.4,79.60000000000001,80.155,59,98,16031,1929,1.5787823097886682,55,0.321494232079714,0.006429884641594281,3.602895657247903,15.564707509810772,2.24780265129384,3.1500845056636395,7,"{""0"": 0.006203707311568483, ""1"": 0.003970451353098123, ""2"": 0.007922391706727535, ""3"": 0.0016392473231114806, ""4"": 0.016027674051749537, ""5"": 0.002815836103310526}"
6,0.4,79.60000000000001,80.155,59,98,16031,1929,1.5787823097886682,60,0.3359362005312643,0.006718724010625287,38.829222857961945,15.60692902783867,2.2247266301484303,3.167444119675919,8,"{""0"": 0.006065499872270947, ""1"": 0.0034778176221521356, ""2"": 0.010460589232375186, ""3"": 0.0016548661667241515, ""4"": 0.016164409110423755, ""5"": 0.002489162059805547}"
7,0.05,9.950000000000001,9.81,0,19,1962,1962,1.4770066984621784,0,1.0244906414802457,0.020489812829604916,nan,0.0,1.4770066984621784,5.96328348549488,12,"{""0"": 0.02060026471051805, ""1"": 0.018985712838809753, ""2"": 0.02419982485712644, ""3"": 0.019410386408741452, ""4"": 0.018164459294674373, ""5"": 0.02157822886775943}"
7,0.05,9.950000000000001,9.81,0,19,1962,1962,1.4770066984621784,5,1.0788414749685833,0.02157682949937167,39.00700413482641,12.849370085556904,1.8781663569814022,4.444723823489222,12,"{""0"": 0.015319493768502723, ""1"": 0.019472617592514712, ""2"": 0.012759831391142932, ""3"": 0.027521166262021196, ""4"": 0.03162637440837374, ""5"": 0.02276149357367472}"
7,0.05,9.950000000000001,9.81,0,19,1962,1962,1.4770066984621784,10,1.163565833659309,0.023271316673186184,2.999886012067752,14.831671286661697,1.9322375337697812,3.439493068417386,10,"{""0"": 0.025364022610989013, ""1"": 0.037252482873096945, ""2"": 0.005144950580200063, ""3"": 0.023398438222856574, ""4"": 0.04259242326427194, ""5"": 0.005875582487702572}"
7,0.05,9.950000000000001,9.81,0,19,1962,1962,1.4770066984621784,15,1.0942864824129723,0.02188572964825945,18.709882609711777,15.24094057090986,1.9418586757134588,4.479180731112704,12,"{""0"": 0.01224114417700953, ""1"": 0.046299944957713626, ""2"": 0.008652272848268156, ""3"": 0.02133690286769317, ""4"": 0.021322996742221524, ""5"": 0.021461116296650682}"
7,0.05,9.950000000000001,9.81,0,19,1962,1962,1.4770066984621784,20,0.8964281422662368,0.01792856284532474,16.34206183859031,15.498336973753894,1.9355920918316385,4.25566615239034,12,"{""0"": 0.007837859057234539, ""1"": 0.04785789430245462, ""2"": 0.007548392162777551, ""3"": 0.018538373762673945, ""4"": 0.010643271768729817, ""5"": 0.015145586018077964}"
7,0.05,9.950000000000001,9.81,0,19,1962,1962,1.4770066984621784,25,0.8456584717460086,0.016913169434920175,10.704346365354523,15.835241933311423,1.95264574471246,3.063496822972127,11,"{""0"": 0.008135461109477205, ""1"": 0.04946117407200555, ""2"": 0.004732328101157497, ""3"": 0.020911924738729503, ""4"": 0.008580367303885667, ""5"": 0.009657761284265617}"
7,0.05,9.950000000000001,9.81,0,19,1962,1962,1.4770066984621784,30,0.6178904912919668,0.012357809825839339,13.349157894331622,15.888565343083245,2.0171029617483476,4.494934372167217,12,"{""0"": 0.007926146807990983, ""1"": 0.019349345887024253, ""2"": 0.006117719972872372, ""3"": 0.02114238800470357, ""4"": 0.011537854607844301, ""5"": 0.008073403674600552}"
7,0.05,9.950000000000001,9.81,0,19,1962,1962,1.4770066984621784,35,0.5930226646960913,0.011860453293921828,4.6687537963253085,16.292205842398495,2.0283448805851334,4.1414972522949265,12,"{""0"": 0.005160200652716706, ""1"": 0.017952242959845793, ""2"": 0.008989567570328958, ""3"": 0.02092583823938122, ""4"": 0.010538285191147478, ""5"": 0.007596585150110824}"
7,0.05,9.950000000000001,9.81,0,19,1962,1962,1.4770066984621784,40,0.5692505364727423,0.011385010729454846,10.224677756685837,16.442010928756424,2.020534661839381,3.9775051148645377,12,"{""0"": 0.005881356452125251, ""1"": 0.017631254365475975, ""2"": 0.007110349083530426, ""3"": 0.02254675971775687, ""4"": 0.00909735970403562, ""5"": 0.006042985053804934}"
7,0.05,9.950000000000001,9.81,0,19,1962,1962,1.4770066984621784,45,0.5684134985942182,0.011368269971884365,1.3275813325251746,16.624048637364737,2.0315532121601096,4.254471587562069,12,"{""0"": 0.0034217833741481815, ""1"": 0.01735976500894032, ""2"": 0.008371381747057538, ""3"": 0.020861393729556598, ""4"": 0.013066461847107172, ""5"": 0.005128834124496393}"
7,0.05,9.950000000000001,9.81,0,19,1962,1962,1.4770066984621784,50,0.5271733305920053,0.01054346661184011,4.384520882988574,16.722114494302296,2.0433770729086715,4.26893337894759,12,"{""0"": 0.004039699742233246, ""1"": 0.010153919090614822, ""2"": 0.010378980928514492, ""3"": 0.019018008081118355, ""4"": 0.015243755383080431, ""5"": 0.004426436445479305}"
7,0.05,9.950000000000001,9.81,0,19,1962,1962,1.4770066984621784,55,0.5223776645834295,0.01044755329166859,30.153661672392786,16.746838379238422,2.0440926352000957,3.965772689112513,12,"{""0"": 0.003214369492613108, ""1"": 0.015211038591786913, ""2"": 0.0048688676727583115, ""3"": 0.020608761566478475, ""4"": 0.014529947233430174, ""5"": 0.004252335192944567}"
7,0.05,9.950000000000001,9.81,0,19,1962,1962,1.4770066984621784,60,0.519399439494515,0.0103879887898903,5.788854642886975,16.90454975430095,2.056927248250896,3.7074896693289023,11,"{""0"": 0.003143966922987111, ""1"": 0.015111800520181632, ""2"": 0.004094652612334828, ""3"": 0.0212911771713409, ""4"": 0.014679301535503666, ""5"": 0.00400703397699366}"
7,0.1,19.900000000000002,19.62,8,30,3924,1962,1.5793744679609796,0,1.0449532229188299,0.0208990644583766,nan,0.0,1.5793744679609796,7.189724566845602,14,"{""0"": 0.019838365113586203, ""1"": 0.021609509927562612, ""2"": 0.020892979149897, ""3"": 0.020930415692487752, ""4"": 0.020908791210943627, ""5"": 0.02121432565578239}"
7,0.1,19.900000000000002,19.62,8,30,3924,1962,1.5793744679609796,5,0.9285203525343484,0.01857040705068697,21.653109576490813,11.811636553328382,1.8367167217557445,2.8011477956893596,9,"{""0"": 0.004853960046215734, ""1"": 0.023274562054028218, ""2"": 0.03318456603065799, ""3"": 0.01456293912525923, ""4"": 0.012294287893640834, ""5"": 0.023252127154319808}"
7,0.1,19.900000000000002,19.62,8,30,3924,1962,1.5793744679609796,10,0.9563526455918606,0.019127052911837215,14.66173284152582,13.891510692842845,1.9700293255647643,3.229075489014911,10,"{""0"": 0.03442423660282813, ""1"": 0.025924390788118562, ""2"": 0.009282017783531707, ""3"": 0.013739366628258809, ""4"": 0.028186697320434474, ""5"": 0.003205608347851612}"
7,0.1,19.900000000000002,19.62,8,30,3924,1962,1.5793744679609796,15,0.7921504980924161,0.015843009961848325,8.112452105165215,14.427759342541648,1.9670337983816255,3.494750443603327,10,"{""0"": 0.0270952437141486, ""1"": 0.013698307014749347, ""2"": 0.01082489059253261, ""3"": 0.015996733154397275, ""4"": 0.02044845043705367, ""5"": 0.006994434858208443}"
7,0.1,19.900000000000002,19.62,8,30,3924,1962,1.5793744679609796,20,0.9012567390717354,0.01802513478143471,18.855161064151524,14.862066472952227,1.900377922380171,3.803252715928475,11,"{""0"": 0.03527929543865071, ""1"": 0.014104854612186404, ""2"": 0.008984333583958972, ""3"": 0.017317397926891985, ""4"": 0.02369147507640493, ""5"": 0.008773452050515256}"
7,0.1,19.900000000000002,19.62,8,30,3924,1962,1.5793744679609796,25,0.7971724385808099,0.0159434487716162,43.348164244359836,14.811858747487658,1.888770693365406,3.185282624645785,10,"{""0"": 0.031748636314238333, ""1"": 0.0129799782233757, ""2"": 0.006426750889077536, ""3"": 0.019900857463557037, ""4"": 0.020504715626337388, ""5"": 0.00409975411311121}"
7,0.1,19.900000000000002,19.62,8,30,3924,1962,1.5793744679609796,30,0.7329999780727612,0.014659999561455226,3.78552143935631,14.888049178687835,1.9123423419548262,2.814547297605436,10,"{""0"": 0.02676233362822846, ""1"": 0.00804258148498696, ""2"": 0.006674977925235248, ""3"": 0.020708542119727988, ""4"": 0.01681029718787936, ""5"": 0.008961265022673335}"
7,0.1,19.900000000000002,19.62,8,30,3924,1962,1.5793744679609796,35,0.6763100640118139,0.013526201280236282,6.950507810051892,15.018504061003469,1.8918835537575518,2.5171455542373478,9,"{""0"": 0.02025326908139264, ""1"": 0.0059930104895901835, ""2"": 0.009058816845392332, ""3"": 0.02028069241821301, ""4"": 0.013886938304718207, ""5"": 0.01168448054211132}"
7,0.1,19.900000000000002,19.62,8,30,3924,1962,1.5793744679609796,40,0.6218763407991224,0.012437526815982449,3.5855224964186427,15.174229992943307,1.9206786581981738,2.420366933670971,9,"{""0"": 0.01912096170727374, ""1"": 0.0068211789390869694, ""2"": 0.010116686433389243, ""3"": 0.017623088194784923, ""4"": 0.009960893855943367, ""5"": 0.010982351765416468}"
7,0.1,19.900000000000002,19.62,8,30,3924,1962,1.5793744679609796,45,0.6784367662951811,0.013568735325903624,7.029569034288775,15.520319037626551,1.9351270332867962,2.928597219422573,10,"{""0"": 0.014447139978161789, ""1"": 0.010341883399762542, ""2"": 0.012051792056180266, ""3"": 0.017713752824792577, ""4"": 0.015423904511742558, ""5"": 0.011433939184782015}"
7,0.1,19.900000000000002,19.62,8,30,3924,1962,1.5793744679609796,50,0.6650336750329527,0.013300673500659057,6.761412112177359,15.66490167094001,1.9389806897948787,2.8799111988500425,9,"{""0"": 0.01706440021072959, ""1"": 0.009382987316074749, ""2"": 0.009874247730944023, ""3"": 0.018518899083408875, ""4"": 0.014950760200515329, ""5"": 0.010012746462281785}"
7,0.1,19.900000000000002,19.62,8,30,3924,1962,1.5793744679609796,55,0.676254867659909,0.013525097353198182,34.37592061138078,15.882419054643078,1.9365129770480793,2.927981722203602,10,"{""0"": 0.02005750901329817, ""1"": 0.008693122858481945, ""2"": 0.009367554415514515, ""3"": 0.022036936170952794, ""4"": 0.011990168599529876, ""5"": 0.00900529306141181}"
7,0.1,19.900000000000002,19.62,8,30,3924,1962,1.5793744679609796,60,0.667249555218261,0.013344991104365224,11.533980312875459,15.922105942149305,1.9066561970885583,2.746229848798165,9,"{""0"": 0.022475482067390008, ""1"": 0.007948695944876804, ""2"": 0.008038259696643657, ""3"": 0.022936710471247727, ""4"": 0.009280669329856014, ""5"": 0.009390129116177124}"
7,0.2,39.800000000000004,39.33,23,55,7866,1962,1.618571376827159,0,0.9671595660899497,0.019343191321798996,nan,0.0,1.618571376827159,6.023250080160996,13,"{""0"": 0.018406708441091345, ""1"": 0.0170209443917339, ""2"": 0.022734562145377148, ""3"": 0.022347663555866478, ""4"": 0.01676395870103444, ""5"": 0.01878531069569066}"
7,0.2,39.800000000000004,39.33,23,55,7866,1962,1.618571376827159,5,0.9190377073559166,0.018380754147118334,4.493887098638062,11.400355241793896,1.935410800103117,3.2462950788272513,10,"{""0"": 0.002723052610802824, ""1"": 0.031754042119902105, ""2"": 0.015659775378351875, ""3"": 0.0031613549693893404, ""4"": 0.014802245568815594, ""5"": 0.04218405423544826}"
7,0.2,39.800000000000004,39.33,23,55,7866,1962,1.618571376827159,10,0.7689924701177046,0.015379849402354092,2.5688654700019513,12.759227129655219,1.961894344025005,2.2926284611706076,8,"{""0"": 0.005563647372895973, ""1"": 0.02998227011771918, ""2"": 0.006502910450659394, ""3"": 0.0019909246438617073, ""4"": 0.02606269788013863, ""5"": 0.022176645948849667}"
7,0.2,39.800000000000004,39.33,23,55,7866,1962,1.618571376827159,15,0.7802907848805928,0.015605815697611857,41.096909471223384,13.651885160467627,2.010334136006984,2.7542004765333523,9,"{""0"": 0.0057290793904969835, ""1"": 0.04178870031734213, ""2"": 0.007782141343473483, ""3"": 0.0074866889047902774, ""4"": 0.014308191875588261, ""5"": 0.016540092353980008}"
7,0.2,39.800000000000004,39.33,23,55,7866,1962,1.618571376827159,20,0.7212024549467998,0.014424049098935998,25.15308201900369,14.822136337054157,2.006387547562183,3.0002928733653804,11,"{""0"": 0.007158450748271869, ""1"": 0.03943614648549593, ""2"": 0.009914613043659846, ""3"": 0.006044664512986201, ""4"": 0.014664392125434602, ""5"": 0.009326027677767537}"
7,0.2,39.800000000000004,39.33,23,55,7866,1962,1.618571376827159,25,0.8027010200002827,0.016054020400005656,34.85108286967389,15.332669024963339,2.074583150947292,3.8214347857969004,13,"{""0"": 0.00707625633301366, ""1"": 0.040292130520100264, ""2"": 0.018220412446049557, ""3"": 0.011808170846878883, ""4"": 0.010537733594638957, ""5"": 0.008389418659352617}"
7,0.2,39.800000000000004,39.33,23,55,7866,1962,1.618571376827159,30,0.596863470422534,0.01193726940845068,10.990169216360076,14.850954758376849,1.9496565537904698,3.292806349088137,11,"{""0"": 0.005064358413271996, ""1"": 0.028054585604076476, ""2"": 0.014214732791602938, ""3"": 0.0036582358972435045, ""4"": 0.010262739477035094, ""5"": 0.010368964267474075}"
7,0.2,39.800000000000004,39.33,23,55,7866,1962,1.618571376827159,35,0.6035620537991393,0.012071241075982786,23.43135712265124,14.962671312222902,1.9197011513494435,3.6159162223826566,12,"{""0"": 0.011143150904030901, ""1"": 0.025672834134726808, ""2"": 0.01307786491039977, ""3"": 0.0035634211954897973, ""4"": 0.007694950211749182, ""5"": 0.011275225099500264}"
7,0.2,39.800000000000004,39.33,23,55,7866,1962,1.618571376827159,40,0.6797327325342467,0.013594654650684934,7.751744687967278,15.18530374432949,2.011566467197145,3.7564394906972427,12,"{""0"": 0.015734968883792822, ""1"": 0.02876195822400484, ""2"": 0.014214025329162642, ""3"": 0.003582613777931868, ""4"": 0.006587461309628524, ""5"": 0.012686900379588908}"
7,0.2,39.800000000000004,39.33,23,55,7866,1962,1.618571376827159,45,0.647487758330556,0.012949755166611123,2.2712469083359283,15.160500882525445,1.9797678242854073,3.568949417460905,11,"{""0"": 0.011766057233079571, ""1"": 0.030742371469240713, ""2"": 0.013471687195174737, ""3"": 0.002850572083010774, ""4"": 0.007835208715463796, ""5"": 0.011032634303697133}"
7,0.2,39.800000000000004,39.33,23,55,7866,1962,1.618571376827159,50,0.6463305011129943,0.012926610022259886,26.45246629438326,15.051458477523747,1.9537897443322214,3.4965726884370683,11,"{""0"": 0.011902289274216684, ""1"": 0.02743089552331692, ""2"": 0.013467811350334771, ""3"": 0.002374173324976977, ""4"": 0.010331565253165018, ""5"": 0.01205292540754895}"
7,0.2,39.800000000000004,39.33,23,55,7866,1962,1.618571376827159,55,0.5374216905398098,0.010748433810796197,29.13706258781965,15.02611638596005,1.8996199286339286,2.6998151421346117,10,"{""0"": 0.0034139556528399867, ""1"": 0.022135954187637752, ""2"": 0.01378354760866515, ""3"": 0.0020120326870448927, ""4"": 0.01356524975578344, ""5"": 0.00957986297280597}"
7,0.2,39.800000000000004,39.33,23,55,7866,1962,1.618571376827159,60,0.5052568821556586,0.010105137643113172,14.500519122171267,15.041790904032316,1.8987232010807331,2.6227777376500754,10,"{""0"": 0.0033619875597754893, ""1"": 0.022269886445747865, ""2"": 0.011795376148770667, ""3"": 0.0022495149951166165, ""4"": 0.01436769194706421, ""5"": 0.006586368762204186}"
7,0.4,79.60000000000001,79.595,58,97,15919,1962,1.5988854482655057,0,1.0270640764011567,0.020541281528023137,nan,0.0,1.5988854482655057,5.8235916599367075,12,"{""0"": 0.01957788411944437, ""1"": 0.019386546521786237, ""2"": 0.02262078634353308, ""3"": 0.02265712317361748, ""4"": 0.02069898526192212, ""5"": 0.01830636374783554}"
7,0.4,79.60000000000001,79.595,58,97,15919,1962,1.5988854482655057,5,1.6735404268841736,0.03347080853768348,13.350458178129038,12.406734363356403,1.934573956556783,2.6987908939877996,8,"{""0"": 0.04020750684492571, ""1"": 0.040921271792823496, ""2"": 0.025067443213623065, ""3"": 0.03359999295420221, ""4"": 0.019054901804703022, ""5"": 0.041973734615823356}"
7,0.4,79.60000000000001,79.595,58,97,15919,1962,1.5988854482655057,10,1.0051856536568675,0.020103713073137356,7.0542606932872145,15.456880920343714,2.052944000572952,3.5386082896719855,11,"{""0"": 0.031526309561697954, ""1"": 0.040533652153890806, ""2"": 0.006077335146168949, ""3"": 0.009881956485385807, ""4"": 0.02210830324809181, ""5"": 0.010494721843588805}"
7,0.4,79.60000000000001,79.595,58,97,15919,1962,1.5988854482655057,15,1.0463489054692814,0.02092697810938563,16.228132022511833,16.212313969429424,2.085531738877052,3.465509336469453,10,"{""0"": 0.03589885424737978, ""1"": 0.042749261647254254, ""2"": 0.007998060536294824, ""3"": 0.011769446577592341, ""4"": 0.015400218188819486, ""5"": 0.01174602745897313}"
7,0.4,79.60000000000001,79.595,58,97,15919,1962,1.5988854482655057,20,0.872557682370474,0.017451153647409484,6.988308205395977,16.597396492843767,2.1240646325199903,2.6795762971236,9,"{""0"": 0.02083130195132537, ""1"": 0.042399649775093896, ""2"": 0.004811552093131307, ""3"": 0.004787258854792937, ""4"": 0.020468710797121193, ""5"": 0.011408448412992185}"
7,0.4,79.60000000000001,79.595,58,97,15919,1962,1.5988854482655057,25,0.8269477044490029,0.01653895408898006,11.531835340976532,16.527220703081298,2.184248425233471,2.3886575346362484,8,"{""0"": 0.017341000869337504, ""1"": 0.042305227778153105, ""2"": 0.0030310764539068363, ""3"": 0.007441422891725935, ""4"": 0.018435180315426684, ""5"": 0.010679816225330306}"
7,0.4,79.60000000000001,79.595,58,97,15919,1962,1.5988854482655057,30,0.721759917716813,0.014435198354336262,10.327166339299716,16.263346569803197,2.129154098087912,2.4602247119471925,9,"{""0"": 0.012210634424883939, ""1"": 0.03544586617798926, ""2"": 0.003485303132290428, ""3"": 0.008822005559177112, ""4"": 0.015035783334087682, ""5"": 0.011611597497589152}"
7,0.4,79.60000000000001,79.595,58,97,15919,1962,1.5988854482655057,35,0.6586479976686679,0.01317295995337336,19.42543535059108,16.36098310359965,2.041712117106618,3.001800503899099,10,"{""0"": 0.009420713902444257, ""1"": 0.032340126783539314, ""2"": 0.004473415649997663, ""3"": 0.009645666674599398, ""4"": 0.011482782262283362, ""5"": 0.011675054447376158}"
7,0.4,79.60000000000001,79.595,58,97,15919,1962,1.5988854482655057,40,0.6912071054950236,0.013824142109900473,7.7588316458275415,16.274766441418535,2.073409254306514,2.9544158882237586,10,"{""0"": 0.012782148667797135, ""1"": 0.032402314983905986, ""2"": 0.005215060829176726, ""3"": 0.010631011165513382, ""4"": 0.010254655553354272, ""5"": 0.011659661459655342}"
7,0.4,79.60000000000001,79.595,58,97,15919,1962,1.5988854482655057,45,0.6871624065366884,0.013743248130733769,5.375932890879146,16.339204901025752,1.97151043494658,2.967503730725331,10,"{""0"": 0.011771029318699982, ""1"": 0.031455901114501084, ""2"": 0.005687275480995432, ""3"": 0.009195599056200095, ""4"": 0.011312518523439216, ""5"": 0.013037165290566814}"
7,0.4,79.60000000000001,79.595,58,97,15919,1962,1.5988854482655057,50,0.674022664132399,0.013480453282647981,5.068362543263404,16.373146960202966,1.9683556698884417,3.10666236727993,11,"{""0"": 0.01227175754507919, ""1"": 0.02854717712944681, ""2"": 0.005486116721441965, ""3"": 0.01006171241146009, ""4"": 0.012159735450919553, ""5"": 0.012356220437540276}"
7,0.4,79.60000000000001,79.595,58,97,15919,1962,1.5988854482655057,55,0.7040148815883569,0.01408029763176714,6.144613091346847,16.569009718607298,1.9968826019733803,2.902988689550863,11,"{""0"": 0.019640008596134427, ""1"": 0.025426654434481437, ""2"": 0.005236877015922549, ""3"": 0.011349795666908483, ""4"": 0.011321704529046574, ""5"": 0.01150674554810938}"
7,0.4,79.60000000000001,79.595,58,97,15919,1962,1.5988854482655057,60,0.6790337495883468,0.013580674991766939,5.129249916873382,16.642555844074163,2.008251408090471,2.7930187609470094,11,"{""0"": 0.01718739925142355, ""1"": 0.024743424523682687, ""2"": 0.00497593074913519, ""3"": 0.01123082081260211, ""4"": 0.012409173470823426, ""5"": 0.01093730114293466}"
