arm,n_units,condition,frozen_fraction,gain_scale,seed,p_value,expected_in_degree,realized_degree_mean,realized_degree_min,realized_degree_max,synapse_count,plastic_weight_count,initial_spectral_radius,checkpoint_trial,heldout_nmse,heldout_raw_mse,online_feedback_loss,weight_change_fro,spectral_radius,d_pr,d90,per_target_mse_json
frozen_unmatched,200,p0.10_f0.500,0.5,1.0,0,0.1,19.900000000000002,20.28,10,31,4056,1974,1.8635381842454466,0,1.0540224152114215,0.021080448304228432,nan,0.0,1.8635381842454466,6.263891593036145,18,"{""0"": 0.01970704380964795, ""1"": 0.022108020928859263, ""2"": 0.022837336661679586, ""3"": 0.020293066481974025, ""4"": 0.020900823551674018, ""5"": 0.020636398391535766}"
frozen_unmatched,200,p0.10_f0.500,0.5,1.0,0,0.1,19.900000000000002,20.28,10,31,4056,1974,1.8635381842454466,10,1.2471133721727123,0.02494226744345425,17.869765301995674,14.305148061822504,2.2941497555640784,6.485249829180333,19,"{""0"": 0.01949473469666168, ""1"": 0.020601706006853963, ""2"": 0.04826179657158208, ""3"": 0.042692926867107475, ""4"": 0.010011159225210545, ""5"": 0.008591281293309747}"
frozen_unmatched,200,p0.10_f0.500,0.5,1.0,0,0.1,19.900000000000002,20.28,10,31,4056,1974,1.8635381842454466,20,0.9614796205699863,0.019229592411399727,13.513346332395914,14.361213826605821,2.2979364039023626,5.521382069398833,20,"{""0"": 0.01878556689105689, ""1"": 0.01966704177795981, ""2"": 0.025189961449032856, ""3"": 0.022433678448811972, ""4"": 0.014975966313883062, ""5"": 0.014325339587653774}"
frozen_unmatched,200,p0.10_f0.500,0.5,1.0,0,0.1,19.900000000000002,20.28,10,31,4056,1974,1.8635381842454466,30,0.9310484958170869,0.018620969916341743,16.55122792587499,14.930960913697765,2.2884926422589698,4.125353678687495,18,"{""0"": 0.02167275177803521, ""1"": 0.023871183742811, ""2"": 0.01397552331942919, ""3"": 0.02201986987860821, ""4"": 0.012725462600767973, ""5"": 0.017461028178398875}"
frozen_unmatched,200,p0.10_f0.500,0.5,1.0,0,0.1,19.900000000000002,20.28,10,31,4056,1974,1.8635381842454466,40,0.9189196997555804,0.01837839399511161,29.43772642086976,15.217106110084213,2.3046126324547442,4.043415394047714,18,"{""0"": 0.02021873838594055, ""1"": 0.02087399527319724, ""2"": 0.017011032166402602, ""3"": 0.02135270717266568, ""4"": 0.01329347872647844, ""5"": 0.017520412245985155}"
frozen_unmatched,200,p0.10_f0.500,0.5,1.0,0,0.1,19.900000000000002,20.28,10,31,4056,1974,1.8635381842454466,50,0.9217798912297666,0.018435597824595334,20.3338559811997,15.609306225459935,2.318486311823986,4.528102483319711,18,"{""0"": 0.018133873467511007, ""1"": 0.020381094584907132, ""2"": 0.020255231817418735, ""3"": 0.02079260035783254, ""4"": 0.014455263910335641, ""5"": 0.016595522809566936}"
frozen_unmatched,200,p0.10_f0.500,0.5,1.0,0,0.1,19.900000000000002,20.28,10,31,4056,1974,1.8635381842454466,60,0.8833257837220813,0.017666515674441628,7.113571363380411,15.706230206613824,2.317342003456355,4.716493853509795,19,"{""0"": 0.02005101053688216, ""1"": 0.017686085023457986, ""2"": 0.01879423360072178, ""3"": 0.01635590558066711, ""4"": 0.014251079630745244, ""5"": 0.01886077967417549}"
frozen_unmatched,200,p0.10_f0.500,0.5,1.0,0,0.1,19.900000000000002,20.28,10,31,4056,1974,1.8635381842454466,70,0.8562564272386692,0.017125128544773386,36.40931240695223,15.832453873272973,2.3040848181603315,4.9095758179439795,19,"{""0"": 0.021100548664430598, ""1"": 0.019180671134522504, ""2"": 0.015465878320577265, ""3"": 0.01695472063899107, ""4"": 0.014228295024615964, ""5"": 0.01582065748550292}"
frozen_unmatched,200,p0.10_f0.500,0.5,1.0,0,0.1,19.900000000000002,20.28,10,31,4056,1974,1.8635381842454466,80,0.8282662335166603,0.01656532467033321,5.875232629638819,15.751672597964946,2.302562967580715,4.929317136021565,19,"{""0"": 0.020205082171339574, ""1"": 0.018840660853446285, ""2"": 0.015248693334492169, ""3"": 0.013728725658962704, ""4"": 0.01556248615559217, ""5"": 0.01580629984816635}"
frozen_unmatched,200,p0.10_f0.500,0.5,1.0,0,0.1,19.900000000000002,20.28,10,31,4056,1974,1.8635381842454466,90,0.7858839459835502,0.015717678919671005,19.047852689754933,15.787483369106159,2.327863329112634,5.098758078778253,19,"{""0"": 0.018199439940300443, ""1"": 0.01525384075880439, ""2"": 0.017596263509592106, ""3"": 0.013684042028894991, ""4"": 0.01467243620069413, ""5"": 0.014900051079739973}"
frozen_unmatched,200,p0.10_f0.500,0.5,1.0,0,0.1,19.900000000000002,20.28,10,31,4056,1974,1.8635381842454466,100,0.7707939677631975,0.015415879355263952,7.4110007522123595,15.860671370949895,2.335312775741115,5.0982796118465,19,"{""0"": 0.018103118625798557, ""1"": 0.01516654045359749, ""2"": 0.01672182704339954, ""3"": 0.013373352599916028, ""4"": 0.014290703130958413, ""5"": 0.014839734277913694}"
frozen_unmatched,200,p0.10_f0.500,0.5,1.0,0,0.1,19.900000000000002,20.28,10,31,4056,1974,1.8635381842454466,110,0.7641910426901263,0.015283820853802529,14.53673465168841,15.841365971667871,2.3399240063785465,4.9931725572729215,19,"{""0"": 0.018268616612154804, ""1"": 0.014979877205177744, ""2"": 0.01667363396469109, ""3"": 0.014035771111678697, ""4"": 0.013328042859073805, ""5"": 0.014416983370039016}"
frozen_unmatched,200,p0.10_f0.500,0.5,1.0,0,0.1,19.900000000000002,20.28,10,31,4056,1974,1.8635381842454466,120,0.7370296441389584,0.014740592882779171,21.77370678916596,15.863600129668544,2.3391585615912427,4.867589624104145,19,"{""0"": 0.01799835233620512, ""1"": 0.01483898089598797, ""2"": 0.015199053875416493, ""3"": 0.013332694429665698, ""4"": 0.013188523019831108, ""5"": 0.01388595273956865}"
frozen_unmatched,200,p0.10_f0.500,0.5,1.0,0,0.1,19.900000000000002,20.28,10,31,4056,1974,1.8635381842454466,130,0.7385976606831938,0.014771953213663877,13.76205236037347,15.875198341028769,2.327832407280531,4.627605850399258,18,"{""0"": 0.01759241147019312, ""1"": 0.015703097657441458, ""2"": 0.014676860682380641, ""3"": 0.01422891035704275, ""4"": 0.012943069017892805, ""5"": 0.013487370097032497}"
frozen_unmatched,200,p0.10_f0.500,0.5,1.0,0,0.1,19.900000000000002,20.28,10,31,4056,1974,1.8635381842454466,140,0.7386896992624037,0.014773793985248076,4.284298524958725,15.886777559598881,2.3043591608413108,4.731894351412284,18,"{""0"": 0.01812801658330456, ""1"": 0.016988762266951264, ""2"": 0.014832319399875952, ""3"": 0.014500164503549035, ""4"": 0.013124901885674561, ""5"": 0.011068599272133096}"
frozen_unmatched,200,p0.10_f0.500,0.5,1.0,0,0.1,19.900000000000002,20.28,10,31,4056,1974,1.8635381842454466,150,0.7162716865113621,0.014325433730227244,37.446617431208026,15.867446584664,2.293945009827973,4.73605902064242,18,"{""0"": 0.018486510130689394, ""1"": 0.014716169403688048, ""2"": 0.014143437275553655, ""3"": 0.01379363039501456, ""4"": 0.013113831477780252, ""5"": 0.01169902369863755}"
frozen_unmatched,200,p0.10_f0.500,0.5,1.0,0,0.1,19.900000000000002,20.28,10,31,4056,1974,1.8635381842454466,160,0.6969238240715441,0.013938476481430885,8.997849948354542,15.868386081471431,2.2735735871029474,4.728397412425354,18,"{""0"": 0.01811792096460805, ""1"": 0.014185592632697983, ""2"": 0.014007511415330201, ""3"": 0.013969101372481219, ""4"": 0.01308693583478715, ""5"": 0.010263796668680696}"
frozen_unmatched,200,p0.10_f0.500,0.5,1.0,0,0.1,19.900000000000002,20.28,10,31,4056,1974,1.8635381842454466,170,0.6970472067482305,0.013940944134964613,19.596370232609097,15.868053937649156,2.2762071203765317,4.70165275095614,18,"{""0"": 0.01832863700512015, ""1"": 0.014857935640213437, ""2"": 0.013736359123016068, ""3"": 0.013709082768828929, ""4"": 0.013114121069968069, ""5"": 0.009899529202641023}"
frozen_unmatched,200,p0.10_f0.500,0.5,1.0,0,0.1,19.900000000000002,20.28,10,31,4056,1974,1.8635381842454466,180,0.7055229400943909,0.014110458801887821,12.64463393382951,15.864145883153661,2.2881129095936097,4.614530739984593,18,"{""0"": 0.018365890071033942, ""1"": 0.015355576142360616, ""2"": 0.014633315293125202, ""3"": 0.013400304822762586, ""4"": 0.012859353536175344, ""5"": 0.010048312945869244}"
frozen_unmatched,200,p0.10_f0.500,0.5,1.0,0,0.1,19.900000000000002,20.28,10,31,4056,1974,1.8635381842454466,190,0.687674951268258,0.013753499025365162,19.471553991440373,15.865484542362966,2.293157557740456,4.60103298600616,18,"{""0"": 0.017610630190074132, ""1"": 0.01423567873732715, ""2"": 0.014925134882499335, ""3"": 0.0130788112134953, ""4"": 0.013145430295642432, ""5"": 0.009525308833152618}"
frozen_unmatched,200,p0.10_f0.500,0.5,1.0,0,0.1,19.900000000000002,20.28,10,31,4056,1974,1.8635381842454466,200,0.6931576004139371,0.013863152008278746,8.889260065610157,15.925696257190745,2.2780657610323494,4.6353471537399695,18,"{""0"": 0.018496002452076526, ""1"": 0.014427379708694269, ""2"": 0.01435663494333749, ""3"": 0.013346138289263171, ""4"": 0.013202733445593223, ""5"": 0.009350023210707797}"
frozen_unmatched,200,p0.10_f0.750,0.75,1.0,0,0.1,19.900000000000002,20.28,10,31,4056,1974,2.016162580989218,0,1.0587424025072099,0.021174848050144197,nan,0.0,2.016162580989218,7.154263497399582,21,"{""0"": 0.020082508170024486, ""1"": 0.02215939409332037, ""2"": 0.02258154220855963, ""3"": 0.02086187938989626, ""4"": 0.021152664878486365, ""5"": 0.020211099560578077}"
frozen_unmatched,200,p0.10_f0.750,0.75,1.0,0,0.1,19.900000000000002,20.28,10,31,4056,1974,2.016162580989218,10,1.2244865044533533,0.024489730089067067,13.323376184957613,15.60637278888907,2.511164947042925,6.630472653999713,24,"{""0"": 0.020566608419775107, ""1"": 0.03403972066538903, ""2"": 0.03522399916822015, ""3"": 0.030260809809943445, ""4"": 0.015972650804410994, ""5"": 0.01087459166666369}"
frozen_unmatched,200,p0.10_f0.750,0.75,1.0,0,0.1,19.900000000000002,20.28,10,31,4056,1974,2.016162580989218,20,1.1730083386120258,0.02346016677224052,3.778227101050472,16.187305229696005,2.5805677070700774,6.98409785935266,23,"{""0"": 0.015033580770612023, ""1"": 0.02600353864542882, ""2"": 0.03471173212794697, ""3"": 0.021721409121052807, ""4"": 0.01341150349038878, ""5"": 0.029879236478013715}"
frozen_unmatched,200,p0.10_f0.750,0.75,1.0,0,0.1,19.900000000000002,20.28,10,31,4056,1974,2.016162580989218,30,0.9580051612231558,0.01916010322446312,37.19377519996512,16.080375199189483,2.5321028546234237,6.417184065151074,23,"{""0"": 0.017906123813069455, ""1"": 0.024250128768920992, ""2"": 0.019080370917787318, ""3"": 0.02448128646861203, ""4"": 0.011448125795099406, ""5"": 0.017794583583289524}"
frozen_unmatched,200,p0.10_f0.750,0.75,1.0,0,0.1,19.900000000000002,20.28,10,31,4056,1974,2.016162580989218,40,0.8529627723542931,0.017059255447085864,39.96749564469637,16.2971805799856,2.5443777217670593,5.885471568274993,23,"{""0"": 0.018052027952068256, ""1"": 0.02050492156480239, ""2"": 0.017829859702483783, ""3"": 0.017036646723936438, ""4"": 0.012043445546965719, ""5"": 0.0168886311922586}"
frozen_unmatched,200,p0.10_f0.750,0.75,1.0,0,0.1,19.900000000000002,20.28,10,31,4056,1974,2.016162580989218,50,0.8394636783164207,0.016789273566328415,26.953629208147458,16.361098653575613,2.527677685935593,6.190856484133626,23,"{""0"": 0.019109694931178537, ""1"": 0.02065146690764343, ""2"": 0.01533677436795101, ""3"": 0.01795470182798474, ""4"": 0.012629975153309417, ""5"": 0.015053028209903365}"
frozen_unmatched,200,p0.10_f0.750,0.75,1.0,0,0.1,19.900000000000002,20.28,10,31,4056,1974,2.016162580989218,60,0.8574602494577772,0.017149204989155547,5.057830026064406,16.345607077761766,2.5057200870004,6.806164616063609,24,"{""0"": 0.019289666365359618, ""1"": 0.02070306955525541, ""2"": 0.014188937594152105, ""3"": 0.02003619380457168, ""4"": 0.01389124764374472, ""5"": 0.014786114971849746}"
frozen_unmatched,200,p0.10_f0.750,0.75,1.0,0,0.1,19.900000000000002,20.28,10,31,4056,1974,2.016162580989218,70,0.8392084489593248,0.016784168979186498,26.453598455749553,16.32334315529352,2.503646062640935,7.063119665976133,24,"{""0"": 0.018260599634916823, ""1"": 0.020023046430215047, ""2"": 0.013620899586537108, ""3"": 0.018835288381491504, ""4"": 0.013869520437260729, ""5"": 0.01609565940469778}"
frozen_unmatched,200,p0.10_f0.750,0.75,1.0,0,0.1,19.900000000000002,20.28,10,31,4056,1974,2.016162580989218,80,0.7976378252563764,0.015952756505127532,18.66909433486711,16.290941731330893,2.4837334968942204,7.703864723283751,25,"{""0"": 0.01602459474493101, ""1"": 0.019172103774558184, ""2"": 0.014379284310434995, ""3"": 0.017304529683953206, ""4"": 0.014043680811571474, ""5"": 0.014792345705316318}"
frozen_unmatched,200,p0.10_f0.750,0.75,1.0,0,0.1,19.900000000000002,20.28,10,31,4056,1974,2.016162580989218,90,0.8278374580603145,0.01655674916120629,15.763514071599953,16.337146849526306,2.4793867531319966,7.637765868558379,25,"{""0"": 0.015996255744236635, ""1"": 0.01945160794396003, ""2"": 0.015494074459855353, ""3"": 0.020733666003818842, ""4"": 0.013266262540776685, ""5"": 0.014398628274590203}"
frozen_unmatched,200,p0.10_f0.750,0.75,1.0,0,0.1,19.900000000000002,20.28,10,31,4056,1974,2.016162580989218,100,0.8309502555615684,0.01661900511123137,16.74850548445018,16.302443620242943,2.469961173834668,7.802723484961651,25,"{""0"": 0.015889916666045195, ""1"": 0.019157239965381562, ""2"": 0.015716396501655152, ""3"": 0.02057631237216288, ""4"": 0.01337543898559635, ""5"": 0.014998726176547092}"
frozen_unmatched,200,p0.10_f0.750,0.75,1.0,0,0.1,19.900000000000002,20.28,10,31,4056,1974,2.016162580989218,110,0.8170646170550404,0.01634129234110081,18.749445528578164,16.26420252758304,2.4619845773723985,7.423930110260058,25,"{""0"": 0.01585284020886718, ""1"": 0.018572669287077053, ""2"": 0.015330419543865745, ""3"": 0.02032572387927188, ""4"": 0.01280753848999657, ""5"": 0.01515856263752643}"
frozen_unmatched,200,p0.10_f0.750,0.75,1.0,0,0.1,19.900000000000002,20.28,10,31,4056,1974,2.016162580989218,120,0.8117783949899932,0.016235567899799866,16.67067098596077,16.282195006369115,2.459744193416927,7.544890175270636,25,"{""0"": 0.015766846974842725, ""1"": 0.018969705180610957, ""2"": 0.014706881180597714, ""3"": 0.020036839776697186, ""4"": 0.01290560242810233, ""5"": 0.015027531857948279}"
frozen_unmatched,200,p0.10_f0.750,0.75,1.0,0,0.1,19.900000000000002,20.28,10,31,4056,1974,2.016162580989218,130,0.8117645154338332,0.016235290308676667,19.76928401362838,16.296970266466467,2.471577155747491,7.342881147143124,25,"{""0"": 0.015191204147188431, ""1"": 0.01855941551512159, ""2"": 0.01631348753054456, ""3"": 0.018838295935028622, ""4"": 0.01316140521982471, ""5"": 0.015347933504352087}"
frozen_unmatched,200,p0.10_f0.750,0.75,1.0,0,0.1,19.900000000000002,20.28,10,31,4056,1974,2.016162580989218,140,0.8137933109708816,0.016275866219417633,19.45409282340936,16.280797704362243,2.463612803476411,7.808717045881309,25,"{""0"": 0.0158164412544035, ""1"": 0.018874535032298915, ""2"": 0.015836786127185944, ""3"": 0.018307093060894626, ""4"": 0.013601001776087246, ""5"": 0.015219340065635582}"
frozen_unmatched,200,p0.10_f0.750,0.75,1.0,0,0.1,19.900000000000002,20.28,10,31,4056,1974,2.016162580989218,150,0.8060309321898627,0.016120618643797255,13.732522827666381,16.326145050736045,2.4639144842952483,7.66414901282492,25,"{""0"": 0.01671677948812312, ""1"": 0.017730112300200107, ""2"": 0.015018365975967063, ""3"": 0.018132872204858538, ""4"": 0.01397790559136081, ""5"": 0.015147676302273896}"
frozen_unmatched,200,p0.10_f0.750,0.75,1.0,0,0.1,19.900000000000002,20.28,10,31,4056,1974,2.016162580989218,160,0.8177853851318414,0.016355707702636828,29.667418407651592,16.277583569954025,2.4596600681812006,7.561453385363433,25,"{""0"": 0.01644441011462751, ""1"": 0.018289908304005047, ""2"": 0.014563638319328998, ""3"": 0.018761141969878013, ""4"": 0.014364865501349872, ""5"": 0.015710282006631528}"
frozen_unmatched,200,p0.10_f0.750,0.75,1.0,0,0.1,19.900000000000002,20.28,10,31,4056,1974,2.016162580989218,170,0.8215313089506017,0.016430626179012035,28.237848011711833,16.25607213162965,2.457075194535173,7.873640684107124,25,"{""0"": 0.016868061725306367, ""1"": 0.01886075912696753, ""2"": 0.014523439025754125, ""3"": 0.01836861246617366, ""4"": 0.014283052404018481, ""5"": 0.015679832325852038}"
frozen_unmatched,200,p0.10_f0.750,0.75,1.0,0,0.1,19.900000000000002,20.28,10,31,4056,1974,2.016162580989218,180,0.8221342699668148,0.0164426853993363,14.624699489564325,16.249752352341805,2.4625028502371693,7.848958759243543,25,"{""0"": 0.01672273461065025, ""1"": 0.019050676449066, ""2"": 0.015550639819625473, ""3"": 0.017415186604693246, ""4"": 0.014185808185337379, ""5"": 0.015731066726645447}"
frozen_unmatched,200,p0.10_f0.750,0.75,1.0,0,0.1,19.900000000000002,20.28,10,31,4056,1974,2.016162580989218,190,0.8150955715536311,0.016301911431072624,20.49093346892911,16.256215639807838,2.4651172061724105,7.717103471631984,25,"{""0"": 0.0163566673530937, ""1"": 0.01906124742888344, ""2"": 0.01566426916055824, ""3"": 0.0172150899398387, ""4"": 0.014150166343078394, ""5"": 0.015364028360983268}"
frozen_unmatched,200,p0.10_f0.750,0.75,1.0,0,0.1,19.900000000000002,20.28,10,31,4056,1974,2.016162580989218,200,0.8056275427827335,0.016112550855654672,10.760880516638437,16.34488892241154,2.4648328598421734,7.668179135993956,25,"{""0"": 0.016507920017313493, ""1"": 0.019119741791003373, ""2"": 0.014657271371291431, ""3"": 0.0163543894465113, ""4"": 0.014044782940968, ""5"": 0.015991199566840426}"
frozen_unmatched,200,p0.10_f0.875,0.875,1.0,0,0.1,19.900000000000002,20.28,10,31,4056,1974,2.0880807384916924,0,1.0572866465989383,0.02114573293197877,nan,0.0,2.0880807384916924,7.346972766468962,23,"{""0"": 0.020218414226749293, ""1"": 0.02265066652401037, ""2"": 0.02242587424928348, ""3"": 0.020908480874137554, ""4"": 0.021041805455891648, ""5"": 0.019629156261800278}"
frozen_unmatched,200,p0.10_f0.875,0.875,1.0,0,0.1,19.900000000000002,20.28,10,31,4056,1974,2.0880807384916924,10,1.450438749006417,0.029008774980128344,36.690775875568036,14.8583951333669,2.406802709625095,7.2786918667008935,23,"{""0"": 0.03203381272460297, ""1"": 0.029276584171772375, ""2"": 0.04004121125341838, ""3"": 0.035394017973440946, ""4"": 0.026597624765943247, ""5"": 0.010709398991592154}"
frozen_unmatched,200,p0.10_f0.875,0.875,1.0,0,0.1,19.900000000000002,20.28,10,31,4056,1974,2.0880807384916924,20,1.4091062933941398,0.028182125867882803,8.944533940480081,15.126020543181228,2.484785993644137,7.5110159047578975,23,"{""0"": 0.03722453112798848, ""1"": 0.026646787754258206, ""2"": 0.03674363827455745, ""3"": 0.031109770173659585, ""4"": 0.02181487151745302, ""5"": 0.015553156359380085}"
frozen_unmatched,200,p0.10_f0.875,0.875,1.0,0,0.1,19.900000000000002,20.28,10,31,4056,1974,2.0880807384916924,30,1.2784367648670487,0.025568735297340977,21.472135163322523,14.646773002146407,2.4753608273354915,5.97816374264723,21,"{""0"": 0.03894392219172031, ""1"": 0.02505806231354126, ""2"": 0.02408168383517928, ""3"": 0.034622954105576156, ""4"": 0.013600178905764728, ""5"": 0.0171056104322641}"
frozen_unmatched,200,p0.10_f0.875,0.875,1.0,0,0.1,19.900000000000002,20.28,10,31,4056,1974,2.0880807384916924,40,1.1461143737819675,0.02292228747563935,22.999327473156928,15.06422606725236,2.4709490611796934,5.730226008768899,21,"{""0"": 0.03812415487506622, ""1"": 0.0234026114129229, ""2"": 0.01973399514359959, ""3"": 0.028252163705447995, ""4"": 0.013214510515821612, ""5"": 0.014806289200977773}"
frozen_unmatched,200,p0.10_f0.875,0.875,1.0,0,0.1,19.900000000000002,20.28,10,31,4056,1974,2.0880807384916924,50,1.121172523500808,0.022423450470016166,20.296173089805876,15.16355986154121,2.457965455009445,6.197380256704412,21,"{""0"": 0.03515517216069341, ""1"": 0.022855495909546518, ""2"": 0.02146800700136521, ""3"": 0.02716150967437058, ""4"": 0.012707607057783685, ""5"": 0.015192911016337593}"
frozen_unmatched,200,p0.10_f0.875,0.875,1.0,0,0.1,19.900000000000002,20.28,10,31,4056,1974,2.0880807384916924,60,1.0548878804980961,0.021097757609961923,7.083679757771233,15.224515716394134,2.457384962399143,6.149641289274058,21,"{""0"": 0.03477719106616015, ""1"": 0.022017626989090607, ""2"": 0.019926097713203555, ""3"": 0.0233810941446232, ""4"": 0.01228981153238521, ""5"": 0.01419472421430884}"
frozen_unmatched,200,p0.10_f0.875,0.875,1.0,0,0.1,19.900000000000002,20.28,10,31,4056,1974,2.0880807384916924,70,1.0160858720086652,0.020321717440173307,28.588145973662364,15.438189825204486,2.4615064321992755,5.859647465478976,21,"{""0"": 0.03434581468491725, ""1"": 0.020651916812227666, ""2"": 0.01882574952390046, ""3"": 0.022578310613939, ""4"": 0.011705639075551442, ""5"": 0.013822873930503998}"
frozen_unmatched,200,p0.10_f0.875,0.875,1.0,0,0.1,19.900000000000002,20.28,10,31,4056,1974,2.0880807384916924,80,0.994902642415493,0.019898052848309863,21.94171134088912,15.445814465358627,2.4641252859494593,5.918063062036951,21,"{""0"": 0.03487077549078399, ""1"": 0.019937948490155975, ""2"": 0.018597389040647075, ""3"": 0.021020660561878353, ""4"": 0.011750165974611093, ""5"": 0.013211377531782689}"
frozen_unmatched,200,p0.10_f0.875,0.875,1.0,0,0.1,19.900000000000002,20.28,10,31,4056,1974,2.0880807384916924,90,0.9715852782046019,0.01943170556409204,15.47507452979527,15.487405965562717,2.455471753015683,5.810322625453655,21,"{""0"": 0.03251347161473179, ""1"": 0.019574628401590136, ""2"": 0.017875192960021834, ""3"": 0.022056017881715618, ""4"": 0.011671576116561284, ""5"": 0.012899346409931591}"
frozen_unmatched,200,p0.10_f0.875,0.875,1.0,0,0.1,19.900000000000002,20.28,10,31,4056,1974,2.0880807384916924,100,0.9708671961582049,0.0194173439231641,10.062810833440134,15.568809893307607,2.465945530176035,5.759913622437002,21,"{""0"": 0.03311095783617023, ""1"": 0.01953629314303798, ""2"": 0.017911989135625958, ""3"": 0.02107513476082044, ""4"": 0.011852113290385675, ""5"": 0.013017575372944323}"
frozen_unmatched,200,p0.10_f0.875,0.875,1.0,0,0.1,19.900000000000002,20.28,10,31,4056,1974,2.0880807384916924,110,0.9446597439355904,0.01889319487871181,16.451118294477823,15.539843595165065,2.4726157012514483,5.621448090436403,21,"{""0"": 0.03320415211787748, ""1"": 0.01951299735414176, ""2"": 0.017363808372664446, ""3"": 0.019415978929716464, ""4"": 0.011450473335608353, ""5"": 0.012411759162262361}"
frozen_unmatched,200,p0.10_f0.875,0.875,1.0,0,0.1,19.900000000000002,20.28,10,31,4056,1974,2.0880807384916924,120,0.9083542941330667,0.018167085882661336,7.547887260116875,15.573924858888773,2.464575432838861,5.645198294134344,21,"{""0"": 0.03152713342853545, ""1"": 0.01922180797197056, ""2"": 0.01627488515460891, ""3"": 0.018878316278515002, ""4"": 0.011419040831161725, ""5"": 0.011681331631176347}"
frozen_unmatched,200,p0.10_f0.875,0.875,1.0,0,0.1,19.900000000000002,20.28,10,31,4056,1974,2.0880807384916924,130,0.8704825805572487,0.017409651611144977,20.490963433467815,15.515659124274185,2.462545624281232,5.45450758332164,21,"{""0"": 0.027971182785327547, ""1"": 0.019162745316248456, ""2"": 0.015531628850089357, ""3"": 0.019090381680011943, ""4"": 0.011114264795732949, ""5"": 0.011587706239459596}"
frozen_unmatched,200,p0.10_f0.875,0.875,1.0,0,0.1,19.900000000000002,20.28,10,31,4056,1974,2.0880807384916924,140,0.8737904603528373,0.01747580920705675,21.663403171090717,15.584990395934584,2.4659399143699487,5.553635785429598,21,"{""0"": 0.02864932140307913, ""1"": 0.01908323932335963, ""2"": 0.01597030284923447, ""3"": 0.018271026993996416, ""4"": 0.011555555656230652, ""5"": 0.0113254090164402}"
frozen_unmatched,200,p0.10_f0.875,0.875,1.0,0,0.1,19.900000000000002,20.28,10,31,4056,1974,2.0880807384916924,150,0.8664277976262396,0.017328555952524794,15.895979990689739,15.620898792275947,2.4738620270940945,5.435520366536423,21,"{""0"": 0.028955737015096388, ""1"": 0.01882404719686407, ""2"": 0.015687099078691435, ""3"": 0.01763356331905686, ""4"": 0.011388499151094434, ""5"": 0.01148238995434557}"
frozen_unmatched,200,p0.10_f0.875,0.875,1.0,0,0.1,19.900000000000002,20.28,10,31,4056,1974,2.0880807384916924,160,0.8543473609950514,0.01708694721990103,20.223476674299796,15.665227301963151,2.469771127640194,5.449443494831651,21,"{""0"": 0.028540390923074282, ""1"": 0.018962715964783196, ""2"": 0.015004251243484881, ""3"": 0.01743113306625556, ""4"": 0.01147401122920691, ""5"": 0.011109180892601326}"
frozen_unmatched,200,p0.10_f0.875,0.875,1.0,0,0.1,19.900000000000002,20.28,10,31,4056,1974,2.0880807384916924,170,0.8387309861849851,0.016774619723699705,15.417995027050797,15.739755434257143,2.4641073828361133,5.466856710882381,21,"{""0"": 0.027909953540937782, ""1"": 0.01926198700604536, ""2"": 0.014712416887391772, ""3"": 0.016383248144919146, ""4"": 0.011453866673249144, ""5"": 0.010926246089655025}"
frozen_unmatched,200,p0.10_f0.875,0.875,1.0,0,0.1,19.900000000000002,20.28,10,31,4056,1974,2.0880807384916924,180,0.8370448060635426,0.016740896121270856,9.742988593990946,15.792982622585871,2.4631342882649667,5.476296629385075,21,"{""0"": 0.02710858340022282, ""1"": 0.01922748464789578, ""2"": 0.01495943857041417, ""3"": 0.017262629931773046, ""4"": 0.010926189812292476, ""5"": 0.010961050365026825}"
frozen_unmatched,200,p0.10_f0.875,0.875,1.0,0,0.1,19.900000000000002,20.28,10,31,4056,1974,2.0880807384916924,190,0.8365983891418779,0.01673196778283756,19.679765139570108,15.848530331279026,2.4677626433343214,5.549233534351998,21,"{""0"": 0.026937961132392312, ""1"": 0.019048105581931127, ""2"": 0.015084719495429996, ""3"": 0.016594520626166526, ""4"": 0.01167980948621429, ""5"": 0.011046690374891113}"
frozen_unmatched,200,p0.10_f0.875,0.875,1.0,0,0.1,19.900000000000002,20.28,10,31,4056,1974,2.0880807384916924,200,0.8302115265234565,0.01660423053046913,14.278603666870326,15.911002695221992,2.470760886097308,5.512131019773309,21,"{""0"": 0.027463492831281154, ""1"": 0.01901506495313941, ""2"": 0.014696230395957646, ""3"": 0.01585824086354131, ""4"": 0.011642028270388394, ""5"": 0.010950325868506876}"
frozen_unmatched,200,p0.20_f0.500,0.5,1.0,0,0.2,39.800000000000004,39.795,28,55,7959,1974,1.8487544796484099,0,1.0463997946449104,0.02092799589289821,nan,0.0,1.8487544796484099,8.785594616764524,19,"{""0"": 0.020836379856643893, ""1"": 0.018912567393586766, ""2"": 0.021753262930190243, ""3"": 0.018218866986238827, ""4"": 0.022633935264765915, ""5"": 0.023212962925963608}"
frozen_unmatched,200,p0.20_f0.500,0.5,1.0,0,0.2,39.800000000000004,39.795,28,55,7959,1974,1.8487544796484099,10,1.0595745039375108,0.02119149007875022,20.50449274439983,14.46960065656843,2.2526275885009026,3.4160831896514776,16,"{""0"": 0.023254944361335326, ""1"": 0.029933310856937168, ""2"": 0.016361860155404556, ""3"": 0.03339164372451715, ""4"": 0.02265759416405421, ""5"": 0.001549587210252901}"
frozen_unmatched,200,p0.20_f0.500,0.5,1.0,0,0.2,39.800000000000004,39.795,28,55,7959,1974,1.8487544796484099,20,0.9626854487161663,0.019253708974323328,8.539591570190517,15.193476370030321,2.3257759433050076,4.494258345007331,16,"{""0"": 0.02301565021278993, ""1"": 0.018096487163009274, ""2"": 0.0262788091348371, ""3"": 0.026341696249750357, ""4"": 0.01690119283573322, ""5"": 0.004888418249820089}"
frozen_unmatched,200,p0.20_f0.500,0.5,1.0,0,0.2,39.800000000000004,39.795,28,55,7959,1974,1.8487544796484099,30,0.8692136152125394,0.01738427230425079,18.43486131538262,15.901092619809626,2.3033411308607956,3.927450097571044,16,"{""0"": 0.024920937328993326, ""1"": 0.02078915884621549, ""2"": 0.009718545711977621, ""3"": 0.02544270446220362, ""4"": 0.018433076833861323, ""5"": 0.005001210642253359}"
frozen_unmatched,200,p0.20_f0.500,0.5,1.0,0,0.2,39.800000000000004,39.795,28,55,7959,1974,1.8487544796484099,40,0.8193415623510244,0.01638683124702049,33.553041877838666,16.17628651877766,2.3465459355946705,3.582546293837251,15,"{""0"": 0.024165389087755527, ""1"": 0.02058063478097933, ""2"": 0.008266184299561326, ""3"": 0.023970139504066214, ""4"": 0.017213038453054143, ""5"": 0.004125601356706401}"
frozen_unmatched,200,p0.20_f0.500,0.5,1.0,0,0.2,39.800000000000004,39.795,28,55,7959,1974,1.8487544796484099,50,0.7746707579372885,0.01549341515874577,17.79319719979615,16.556216717586178,2.5003786852423056,3.9777551810882286,15,"{""0"": 0.020799743528666908, ""1"": 0.022105190377578306, ""2"": 0.006276428477021831, ""3"": 0.02347396325950807, ""4"": 0.01400066367101276, ""5"": 0.006304501638686753}"
frozen_unmatched,200,p0.20_f0.500,0.5,1.0,0,0.2,39.800000000000004,39.795,28,55,7959,1974,1.8487544796484099,60,0.7950667777379621,0.015901335554759245,39.54597916044,16.69054047840532,2.495863634408168,3.8910461719168694,16,"{""0"": 0.019163302815842557, ""1"": 0.029658078728205323, ""2"": 0.006563733502182515, ""3"": 0.021453686741066444, ""4"": 0.009181037797470717, ""5"": 0.009388173743787916}"
frozen_unmatched,200,p0.20_f0.500,0.5,1.0,0,0.2,39.800000000000004,39.795,28,55,7959,1974,1.8487544796484099,70,0.79024903995042,0.0158049807990084,3.9102804695787885,16.86574028709473,2.4715434686144913,3.96518657437915,16,"{""0"": 0.019833762345898957, ""1"": 0.02812507795390789, ""2"": 0.005778220293910719, ""3"": 0.022755318769602573, ""4"": 0.010970811371596775, ""5"": 0.007366694059133488}"
frozen_unmatched,200,p0.20_f0.500,0.5,1.0,0,0.2,39.800000000000004,39.795,28,55,7959,1974,1.8487544796484099,80,0.7244768338513765,0.014489536677027532,10.497434770044023,16.971426644148938,2.4841420899878335,3.730546961571151,16,"{""0"": 0.020090424856350812, ""1"": 0.0219692762366487, ""2"": 0.006095587837428241, ""3"": 0.023762720091999628, ""4"": 0.007941749519153664, ""5"": 0.00707746152058415}"
frozen_unmatched,200,p0.20_f0.500,0.5,1.0,0,0.2,39.800000000000004,39.795,28,55,7959,1974,1.8487544796484099,90,0.7560731732153178,0.015121463464306357,13.064678169131657,17.075876722542144,2.485739075838456,3.5608839891968587,15,"{""0"": 0.020150671514672543, ""1"": 0.026612120811719386, ""2"": 0.005509965222666499, ""3"": 0.02377637460077036, ""4"": 0.0073968913117693075, ""5"": 0.0072827573242400315}"
frozen_unmatched,200,p0.20_f0.500,0.5,1.0,0,0.2,39.800000000000004,39.795,28,55,7959,1974,1.8487544796484099,100,0.7484121248000054,0.014968242496000109,2.5217915622383797,17.23509321196941,2.48867181554462,3.5414844330403183,15,"{""0"": 0.019354076676619397, ""1"": 0.026843568976981542, ""2"": 0.005797481390669315, ""3"": 0.02346960323481097, ""4"": 0.006765592362938268, ""5"": 0.007579132333981173}"
frozen_unmatched,200,p0.20_f0.500,0.5,1.0,0,0.2,39.800000000000004,39.795,28,55,7959,1974,1.8487544796484099,110,0.7036483717692781,0.014072967435385563,17.077052491333763,17.241604375259772,2.4943671813573878,3.7702788246189716,16,"{""0"": 0.015792789071728854, ""1"": 0.025603003198948326, ""2"": 0.005750348564599016, ""3"": 0.02314585646558201, ""4"": 0.006578532013385647, ""5"": 0.007567275298069534}"
frozen_unmatched,200,p0.20_f0.500,0.5,1.0,0,0.2,39.800000000000004,39.795,28,55,7959,1974,1.8487544796484099,120,0.7012433325854814,0.014024866651709631,26.213010084974425,17.28120790790126,2.49244444691167,3.772076995398798,16,"{""0"": 0.01566465672433085, ""1"": 0.02600318761395609, ""2"": 0.0056421077764229974, ""3"": 0.02302049517789919, ""4"": 0.006327520217353523, ""5"": 0.0074912324002951395}"
frozen_unmatched,200,p0.20_f0.500,0.5,1.0,0,0.2,39.800000000000004,39.795,28,55,7959,1974,1.8487544796484099,130,0.6856316120204592,0.013712632240409185,23.601685680675608,17.282273799504594,2.495908452392406,3.8343217025524265,16,"{""0"": 0.014666344345612318, ""1"": 0.024684325879277037, ""2"": 0.006057456353715284, ""3"": 0.022518431765478582, ""4"": 0.006458682647718354, ""5"": 0.00789055245065354}"
frozen_unmatched,200,p0.20_f0.500,0.5,1.0,0,0.2,39.800000000000004,39.795,28,55,7959,1974,1.8487544796484099,140,0.711071155383196,0.014221423107663922,3.279853333953765,17.358443658144246,2.45817496269601,3.8972422735208863,16,"{""0"": 0.014680135807219826, ""1"": 0.028401124459415665, ""2"": 0.00626275113002632, ""3"": 0.022580704653934903, ""4"": 0.005642115159602066, ""5"": 0.0077617074357847465}"
frozen_unmatched,200,p0.20_f0.500,0.5,1.0,0,0.2,39.800000000000004,39.795,28,55,7959,1974,1.8487544796484099,150,0.7035061805666277,0.014070123611332556,40.4975943598347,17.425880039034045,2.459128256870187,3.9227050953255,16,"{""0"": 0.01457193135050315, ""1"": 0.027645868380670874, ""2"": 0.00661488520336464, ""3"": 0.02241453913935686, ""4"": 0.0053964944269515765, ""5"": 0.007777023167148246}"
frozen_unmatched,200,p0.20_f0.500,0.5,1.0,0,0.2,39.800000000000004,39.795,28,55,7959,1974,1.8487544796484099,160,0.7068338608291665,0.014136677216583333,14.174350420606187,17.428185888108775,2.462049758708902,3.9459315283148686,16,"{""0"": 0.014853015861376828, ""1"": 0.02894451434512424, ""2"": 0.0060846900655644656, ""3"": 0.022403316469420655, ""4"": 0.0049740168173837244, ""5"": 0.007560509740630083}"
frozen_unmatched,200,p0.20_f0.500,0.5,1.0,0,0.2,39.800000000000004,39.795,28,55,7959,1974,1.8487544796484099,170,0.7055594535374962,0.014111189070749925,37.05091037059905,17.410539226254635,2.4261306064023898,3.9861437589542787,16,"{""0"": 0.015383402265248263, ""1"": 0.02874317728409978, ""2"": 0.005553006833952112, ""3"": 0.022459321752440083, ""4"": 0.005238243879854211, ""5"": 0.007289982408905095}"
frozen_unmatched,200,p0.20_f0.500,0.5,1.0,0,0.2,39.800000000000004,39.795,28,55,7959,1974,1.8487544796484099,180,0.6941348846033926,0.013882697692067854,1.761889764643483,17.396212681728997,2.442014364442255,3.9904391941119894,16,"{""0"": 0.015138215018857936, ""1"": 0.028187831766341227, ""2"": 0.005755436398956507, ""3"": 0.02229762809470681, ""4"": 0.004602876859182313, ""5"": 0.007314198014362325}"
frozen_unmatched,200,p0.20_f0.500,0.5,1.0,0,0.2,39.800000000000004,39.795,28,55,7959,1974,1.8487544796484099,190,0.6846235572589752,0.013692471145179505,4.2288465344497475,17.450574744898415,2.4182927612259375,4.018211720027963,16,"{""0"": 0.014808370846654383, ""1"": 0.027946512944213974, ""2"": 0.005462619539360209, ""3"": 0.02209411957914275, ""4"": 0.004572035291206386, ""5"": 0.007271168670499338}"
frozen_unmatched,200,p0.20_f0.500,0.5,1.0,0,0.2,39.800000000000004,39.795,28,55,7959,1974,1.8487544796484099,200,0.692733973268555,0.013854679465371103,2.1339569731342327,17.4810769615305,2.44114945665271,3.8926871836013874,16,"{""0"": 0.014746859037175602, ""1"": 0.029045206331121797, ""2"": 0.005512933812425486, ""3"": 0.021113692410263663, ""4"": 0.003398494919282016, ""5"": 0.009310890281958044}"
frozen_unmatched,200,p0.20_f0.750,0.75,1.0,0,0.2,39.800000000000004,39.795,28,55,7959,1974,1.9856014828752806,0,1.0159072838642784,0.02031814567728557,nan,0.0,1.9856014828752806,9.944424213982877,22,"{""0"": 0.019119460317708618, ""1"": 0.018506058885980056, ""2"": 0.022019347168360952, ""3"": 0.018172851505459643, ""4"": 0.021416810631057544, ""5"": 0.022674345555146615}"
frozen_unmatched,200,p0.20_f0.750,0.75,1.0,0,0.2,39.800000000000004,39.795,28,55,7959,1974,1.9856014828752806,10,1.1733624470606507,0.023467248941213017,7.65667982439938,14.700021666999032,2.3308800130192227,6.803260450449345,22,"{""0"": 0.020992795549037525, ""1"": 0.03232921300511177, ""2"": 0.025311675147185318, ""3"": 0.03380906249158029, ""4"": 0.02172647704349437, ""5"": 0.006634270410868831}"
frozen_unmatched,200,p0.20_f0.750,0.75,1.0,0,0.2,39.800000000000004,39.795,28,55,7959,1974,1.9856014828752806,20,0.8924702584933927,0.017849405169867858,10.585047644561712,16.235876906864544,2.2973904560658207,8.266310908947865,25,"{""0"": 0.011965180746797643, ""1"": 0.030857159102209313, ""2"": 0.014845800407250472, ""3"": 0.02744381924693879, ""4"": 0.012425080277812934, ""5"": 0.009559391238197995}"
frozen_unmatched,200,p0.20_f0.750,0.75,1.0,0,0.2,39.800000000000004,39.795,28,55,7959,1974,1.9856014828752806,30,0.8439077588506101,0.016878155177012206,14.020244630981997,16.62534533225622,2.3410206138135647,8.562355426720492,25,"{""0"": 0.013023761484554312, ""1"": 0.03029356996912484, ""2"": 0.015241625977116969, ""3"": 0.024464650239322025, ""4"": 0.011318597067729088, ""5"": 0.006926726324226004}"
frozen_unmatched,200,p0.20_f0.750,0.75,1.0,0,0.2,39.800000000000004,39.795,28,55,7959,1974,1.9856014828752806,40,0.8582107526167563,0.01716421505233513,32.43948132339355,16.72857789004786,2.3363702971696427,8.437217006071743,25,"{""0"": 0.013604925544572368, ""1"": 0.03071833729933534, ""2"": 0.01636281636878926, ""3"": 0.025725308000343276, ""4"": 0.012033251485167446, ""5"": 0.00454065161580308}"
frozen_unmatched,200,p0.20_f0.750,0.75,1.0,0,0.2,39.800000000000004,39.795,28,55,7959,1974,1.9856014828752806,50,0.8713113007844965,0.01742622601568993,14.557141600404284,16.90194962917606,2.340567624001941,8.52668517621993,25,"{""0"": 0.012107004269365788, ""1"": 0.030754254399105597, ""2"": 0.016944298923503326, ""3"": 0.022599631260748553, ""4"": 0.010702829206335102, ""5"": 0.011449338035081214}"
frozen_unmatched,200,p0.20_f0.750,0.75,1.0,0,0.2,39.800000000000004,39.795,28,55,7959,1974,1.9856014828752806,60,0.8603873165778433,0.017207746331556868,15.262150026985013,17.07697197586314,2.354491824482185,8.091886090261793,25,"{""0"": 0.012370091307195427, ""1"": 0.03165323546917934, ""2"": 0.01545549062002915, ""3"": 0.021670711831920923, ""4"": 0.009769861068565233, ""5"": 0.012327087692451135}"
frozen_unmatched,200,p0.20_f0.750,0.75,1.0,0,0.2,39.800000000000004,39.795,28,55,7959,1974,1.9856014828752806,70,0.8536317151848863,0.01707263430369773,22.699361951138677,17.160117337129563,2.3460881916528478,7.679094118487163,25,"{""0"": 0.011589635514662657, ""1"": 0.03149136978502861, ""2"": 0.014561061168802809, ""3"": 0.02108420075698437, ""4"": 0.010935952146136485, ""5"": 0.012773586450571462}"
frozen_unmatched,200,p0.20_f0.750,0.75,1.0,0,0.2,39.800000000000004,39.795,28,55,7959,1974,1.9856014828752806,80,0.8375364536650762,0.016750729073301527,24.479622897833117,17.137902890996337,2.335364108898629,7.993892888868587,25,"{""0"": 0.01020907931204223, ""1"": 0.02799486367696038, ""2"": 0.016539891444187584, ""3"": 0.021462711910371024, ""4"": 0.009926129880975377, ""5"": 0.014371698215272566}"
frozen_unmatched,200,p0.20_f0.750,0.75,1.0,0,0.2,39.800000000000004,39.795,28,55,7959,1974,1.9856014828752806,90,0.826830576124441,0.016536611522488823,9.189929571114616,17.29158434726858,2.3436175267441155,7.890135065487239,25,"{""0"": 0.009960680318608542, ""1"": 0.02680040134372616, ""2"": 0.015810068202264733, ""3"": 0.022299257834815164, ""4"": 0.010681191109349553, ""5"": 0.013668070326168786}"
frozen_unmatched,200,p0.20_f0.750,0.75,1.0,0,0.2,39.800000000000004,39.795,28,55,7959,1974,1.9856014828752806,100,0.7965617545251356,0.015931235090502715,14.833570694089119,17.358306794945147,2.3634227256501816,7.673809496785301,25,"{""0"": 0.008942579143817386, ""1"": 0.024795072792279223, ""2"": 0.015998030918085472, ""3"": 0.021159554064362963, ""4"": 0.011021390173974787, ""5"": 0.013670783450496465}"
frozen_unmatched,200,p0.20_f0.750,0.75,1.0,0,0.2,39.800000000000004,39.795,28,55,7959,1974,1.9856014828752806,110,0.814897499158588,0.016297949983171762,4.811441039693566,17.418081192850043,2.370229142344055,7.548906998146334,25,"{""0"": 0.008668702674270945, ""1"": 0.0270451932850266, ""2"": 0.015338152403353077, ""3"": 0.021716868105169415, ""4"": 0.010618493379084867, ""5"": 0.014400290052125671}"
frozen_unmatched,200,p0.20_f0.750,0.75,1.0,0,0.2,39.800000000000004,39.795,28,55,7959,1974,1.9856014828752806,120,0.779015781984013,0.015580315639680261,46.566446668480864,17.35203581429204,2.358492221928944,7.262418093794602,25,"{""0"": 0.00775407526969001, ""1"": 0.023580290216838565, ""2"": 0.015847966840797915, ""3"": 0.02115186904523087, ""4"": 0.009660778402927098, ""5"": 0.015486914062597102}"
frozen_unmatched,200,p0.20_f0.750,0.75,1.0,0,0.2,39.800000000000004,39.795,28,55,7959,1974,1.9856014828752806,130,0.7720343706035607,0.015440687412071217,9.990748015793988,17.432888581630795,2.37466355107479,7.255689586636331,25,"{""0"": 0.0071017679956164315, ""1"": 0.022987929887424183, ""2"": 0.01612365601565362, ""3"": 0.019779779520250302, ""4"": 0.009980713472889226, ""5"": 0.016670277580593546}"
frozen_unmatched,200,p0.20_f0.750,0.75,1.0,0,0.2,39.800000000000004,39.795,28,55,7959,1974,1.9856014828752806,140,0.761041199490305,0.015220823989806101,4.34420238230679,17.373222199663253,2.357201529477825,7.36695015270956,25,"{""0"": 0.006579645078599992, ""1"": 0.023471077307729845, ""2"": 0.016829055342044867, ""3"": 0.01898557159625993, ""4"": 0.00991149048648465, ""5"": 0.015548104127717326}"
frozen_unmatched,200,p0.20_f0.750,0.75,1.0,0,0.2,39.800000000000004,39.795,28,55,7959,1974,1.9856014828752806,150,0.7353090823447537,0.014706181646895076,17.53553359538929,17.449231321238845,2.367201107748677,6.991187617615046,24,"{""0"": 0.006320248753985407, ""1"": 0.02167800569735113, ""2"": 0.015880223300600276, ""3"": 0.019132513166635445, ""4"": 0.009740972901397398, ""5"": 0.01548512606140078}"
frozen_unmatched,200,p0.20_f0.750,0.75,1.0,0,0.2,39.800000000000004,39.795,28,55,7959,1974,1.9856014828752806,160,0.7474008655321704,0.014948017310643411,3.6775069749742078,17.47735942067912,2.3497118519767293,7.076373107031225,24,"{""0"": 0.006127895410015613, ""1"": 0.022021489471441485, ""2"": 0.015525919813428418, ""3"": 0.01955230352371108, ""4"": 0.01026577046040834, ""5"": 0.01619472518485552}"
frozen_unmatched,200,p0.20_f0.750,0.75,1.0,0,0.2,39.800000000000004,39.795,28,55,7959,1974,1.9856014828752806,170,0.7291445847316311,0.014582891694632625,33.9557033811876,17.44834047260923,2.350823642958672,7.02576759181038,25,"{""0"": 0.0061608141391833815, ""1"": 0.022284458320803967, ""2"": 0.015018185180604906, ""3"": 0.018874582181421688, ""4"": 0.009652017217260906, ""5"": 0.015507293128520894}"
frozen_unmatched,200,p0.20_f0.750,0.75,1.0,0,0.2,39.800000000000004,39.795,28,55,7959,1974,1.9856014828752806,180,0.7356704007048894,0.01471340801409779,4.828013226774917,17.475282806224243,2.3567811283377833,6.979318535673252,24,"{""0"": 0.006124529263553169, ""1"": 0.02251156505570586, ""2"": 0.015360237014220087, ""3"": 0.01885333472646302, ""4"": 0.009282066182591774, ""5"": 0.01614871584205283}"
frozen_unmatched,200,p0.20_f0.750,0.75,1.0,0,0.2,39.800000000000004,39.795,28,55,7959,1974,1.9856014828752806,190,0.7207266563393042,0.014414533126786087,28.006974332537776,17.461825916124845,2.3662144363168895,6.835946509135077,25,"{""0"": 0.005820780192382391, ""1"": 0.02135323519559556, ""2"": 0.015709279728931436, ""3"": 0.01910108551056606, ""4"": 0.009074247580967499, ""5"": 0.01542857055227358}"
frozen_unmatched,200,p0.20_f0.750,0.75,1.0,0,0.2,39.800000000000004,39.795,28,55,7959,1974,1.9856014828752806,200,0.6889345580899238,0.013778691161798478,3.8568345003407174,17.479004208020775,2.3590567750680407,6.782833843293215,24,"{""0"": 0.005881691218561752, ""1"": 0.021336183732127038, ""2"": 0.014966536121187956, ""3"": 0.018751714897803855, ""4"": 0.007307530683935431, ""5"": 0.01442849031717484}"
frozen_unmatched,200,p0.20_f0.875,0.875,1.0,0,0.2,39.800000000000004,39.795,28,55,7959,1974,2.0764616282997226,0,1.0133704510090118,0.02026740902018024,nan,0.0,2.0764616282997226,10.13816671636438,23,"{""0"": 0.018828819990352314, ""1"": 0.01878957403693407, ""2"": 0.022676828968469325, ""3"": 0.018242030836522677, ""4"": 0.02143450000652266, ""5"": 0.021632700282280377}"
frozen_unmatched,200,p0.20_f0.875,0.875,1.0,0,0.2,39.800000000000004,39.795,28,55,7959,1974,2.0764616282997226,10,1.287984079012815,0.0257596815802563,23.60344591219727,14.831908392496334,2.2977959113901014,6.072501767767799,24,"{""0"": 0.02800094157566998, ""1"": 0.030194977208212535, ""2"": 0.020819035857092317, ""3"": 0.028406822283884248, ""4"": 0.026149777899463555, ""5"": 0.02098653465721518}"
frozen_unmatched,200,p0.20_f0.875,0.875,1.0,0,0.2,39.800000000000004,39.795,28,55,7959,1974,2.0764616282997226,20,1.0199280111827578,0.020398560223655157,11.293276099205494,16.11998199278548,2.316033383657173,10.473015465342444,28,"{""0"": 0.01799599908895496, ""1"": 0.025621702294226934, ""2"": 0.016218300138694755, ""3"": 0.016935332854214797, ""4"": 0.01962565995588297, ""5"": 0.025994367009956536}"
frozen_unmatched,200,p0.20_f0.875,0.875,1.0,0,0.2,39.800000000000004,39.795,28,55,7959,1974,2.0764616282997226,30,0.8313785183824328,0.01662757036764866,13.335834611384346,16.791664366032013,2.3481044252559036,8.51705225735449,27,"{""0"": 0.015130561530179595, ""1"": 0.0223028192094992, ""2"": 0.010198584319046263, ""3"": 0.017888143677914647, ""4"": 0.01834385864680117, ""5"": 0.015901454822451068}"
frozen_unmatched,200,p0.20_f0.875,0.875,1.0,0,0.2,39.800000000000004,39.795,28,55,7959,1974,2.0764616282997226,40,0.805807930522672,0.016116158610453443,18.147827794130894,16.961191390043034,2.3339019631072357,7.200997100672595,25,"{""0"": 0.01171005913162732, ""1"": 0.023381323896614237, ""2"": 0.010502120178617085, ""3"": 0.020221616798108587, ""4"": 0.018859327708491348, ""5"": 0.012022503949262084}"
frozen_unmatched,200,p0.20_f0.875,0.875,1.0,0,0.2,39.800000000000004,39.795,28,55,7959,1974,2.0764616282997226,50,0.7775252267052487,0.015550504534104977,13.690651344109627,17.005110891729146,2.3617174005332884,7.7028657288819975,26,"{""0"": 0.009802091455451875, ""1"": 0.02396886598150955, ""2"": 0.01099715104283399, ""3"": 0.018084814475647252, ""4"": 0.017487361889337718, ""5"": 0.012962742359849488}"
frozen_unmatched,200,p0.20_f0.875,0.875,1.0,0,0.2,39.800000000000004,39.795,28,55,7959,1974,2.0764616282997226,60,0.7763212441702974,0.01552642488340595,28.561907425272295,17.017777958983807,2.395081962178339,7.783509709681797,26,"{""0"": 0.009852049304980315, ""1"": 0.02361232097154967, ""2"": 0.01118090220260148, ""3"": 0.017416364519118988, ""4"": 0.017087710290386932, ""5"": 0.014009202011798293}"
frozen_unmatched,200,p0.20_f0.875,0.875,1.0,0,0.2,39.800000000000004,39.795,28,55,7959,1974,2.0764616282997226,70,0.7509750376015023,0.015019500752030047,11.696720726325285,17.27018553719988,2.4142618989251403,7.713166670048842,25,"{""0"": 0.008815310484030729, ""1"": 0.023923323553067664, ""2"": 0.010612164800906087, ""3"": 0.018953118305437132, ""4"": 0.016272329077937662, ""5"": 0.01154075829080099}"
frozen_unmatched,200,p0.20_f0.875,0.875,1.0,0,0.2,39.800000000000004,39.795,28,55,7959,1974,2.0764616282997226,80,0.7416261699362401,0.014832523398724803,39.025004117142814,17.327327182740447,2.4310471829320854,7.347632468221977,25,"{""0"": 0.008970379869786372, ""1"": 0.023455652043017475, ""2"": 0.0103907256641237, ""3"": 0.01926365982215237, ""4"": 0.015284224576535096, ""5"": 0.011630498416733822}"
frozen_unmatched,200,p0.20_f0.875,0.875,1.0,0,0.2,39.800000000000004,39.795,28,55,7959,1974,2.0764616282997226,90,0.7381045785983517,0.014762091571967036,7.796838309564049,17.46604189701338,2.4390413129425608,6.926551601606686,25,"{""0"": 0.00966154027289225, ""1"": 0.023247508852856032, ""2"": 0.010265844818333075, ""3"": 0.019289837973897613, ""4"": 0.014711534884712978, ""5"": 0.011396282629110266}"
frozen_unmatched,200,p0.20_f0.875,0.875,1.0,0,0.2,39.800000000000004,39.795,28,55,7959,1974,2.0764616282997226,100,0.7235345700856501,0.014470691401713004,6.740466066544913,17.5743340631267,2.443072753898811,6.933417627496833,25,"{""0"": 0.009286901056073075, ""1"": 0.022884488833454213, ""2"": 0.010433465678162201, ""3"": 0.017682197075336872, ""4"": 0.015056212153703199, ""5"": 0.011480883613548485}"
frozen_unmatched,200,p0.20_f0.875,0.875,1.0,0,0.2,39.800000000000004,39.795,28,55,7959,1974,2.0764616282997226,110,0.7211314077231012,0.014422628154462026,17.929340853915768,17.652550981206264,2.4652345176732124,6.982873272499316,25,"{""0"": 0.009587346797467805, ""1"": 0.0233786524607093, ""2"": 0.010016577259127798, ""3"": 0.018285289103501225, ""4"": 0.014046583656514303, ""5"": 0.011221319649451732}"
frozen_unmatched,200,p0.20_f0.875,0.875,1.0,0,0.2,39.800000000000004,39.795,28,55,7959,1974,2.0764616282997226,120,0.7261739129983942,0.014523478259967885,11.482581480316254,17.727451018738428,2.4799034480884483,6.907497118944273,25,"{""0"": 0.009449358387881896, ""1"": 0.023479161258937592, ""2"": 0.010594499160658823, ""3"": 0.0181835368705018, ""4"": 0.01358459645020453, ""5"": 0.01184971743162266}"
frozen_unmatched,200,p0.20_f0.875,0.875,1.0,0,0.2,39.800000000000004,39.795,28,55,7959,1974,2.0764616282997226,130,0.7170238583060843,0.014340477166121688,13.129355312924877,17.753752341402386,2.4850239559692304,6.8466843859761175,25,"{""0"": 0.008971078683050233, ""1"": 0.023788274400715157, ""2"": 0.010741543119847605, ""3"": 0.017522151942006042, ""4"": 0.013416205956021124, ""5"": 0.011603608895089962}"
frozen_unmatched,200,p0.20_f0.875,0.875,1.0,0,0.2,39.800000000000004,39.795,28,55,7959,1974,2.0764616282997226,140,0.7270558271407784,0.01454111654281557,6.323903062268939,17.70344690933631,2.4611200599827354,6.782142536131127,25,"{""0"": 0.00919160985945899, ""1"": 0.024047877308329125, ""2"": 0.01093086130773801, ""3"": 0.01714991153383449, ""4"": 0.014162021716130513, ""5"": 0.011764417531402295}"
frozen_unmatched,200,p0.20_f0.875,0.875,1.0,0,0.2,39.800000000000004,39.795,28,55,7959,1974,2.0764616282997226,150,0.7257947305590338,0.014515894611180677,8.520854626670703,17.790142164504907,2.4701214070676936,6.672322357514942,24,"{""0"": 0.009834154502649194, ""1"": 0.02352601083648581, ""2"": 0.010955579027837949, ""3"": 0.017135094219110632, ""4"": 0.014230112942530179, ""5"": 0.011414416138470286}"
frozen_unmatched,200,p0.20_f0.875,0.875,1.0,0,0.2,39.800000000000004,39.795,28,55,7959,1974,2.0764616282997226,160,0.7298204014858981,0.014596408029717964,9.627445661065023,17.81179291070313,2.466604169447384,6.553521529467659,24,"{""0"": 0.010221579941534989, ""1"": 0.023953016533197844, ""2"": 0.010652778455939163, ""3"": 0.016730402643754402, ""4"": 0.014351619773596166, ""5"": 0.011669050830285223}"
frozen_unmatched,200,p0.20_f0.875,0.875,1.0,0,0.2,39.800000000000004,39.795,28,55,7959,1974,2.0764616282997226,170,0.7199880974592119,0.01439976194918424,21.62611224887294,17.87527850255195,2.4651656170738967,6.498594798251804,24,"{""0"": 0.010422433893602024, ""1"": 0.023936348155394135, ""2"": 0.009777597727474989, ""3"": 0.016544099631791424, ""4"": 0.014530325269093591, ""5"": 0.01118776701774928}"
frozen_unmatched,200,p0.20_f0.875,0.875,1.0,0,0.2,39.800000000000004,39.795,28,55,7959,1974,2.0764616282997226,180,0.7079110554794135,0.014158221109588273,6.92662398509125,17.919098052149035,2.468712946711924,6.509320074611862,24,"{""0"": 0.010264805902008735, ""1"": 0.024106575224981656, ""2"": 0.00940609866438991, ""3"": 0.015860544630039126, ""4"": 0.014196943514606833, ""5"": 0.011114358721503372}"
frozen_unmatched,200,p0.20_f0.875,0.875,1.0,0,0.2,39.800000000000004,39.795,28,55,7959,1974,2.0764616282997226,190,0.7039753447403334,0.01407950689480667,15.86533780955917,17.972320754487214,2.4703773097588857,6.529020545773707,24,"{""0"": 0.009922308639438904, ""1"": 0.0242409941119202, ""2"": 0.009338228146429338, ""3"": 0.015533395871843167, ""4"": 0.014273760189858934, ""5"": 0.011168354409349471}"
frozen_unmatched,200,p0.20_f0.875,0.875,1.0,0,0.2,39.800000000000004,39.795,28,55,7959,1974,2.0764616282997226,200,0.6921668143005557,0.013843336286011115,8.988672786650037,17.974490556483477,2.476327888044379,6.647427180205391,24,"{""0"": 0.009514396808738872, ""1"": 0.024220070879370635, ""2"": 0.00915205898479102, ""3"": 0.01467338680297039, ""4"": 0.013737410735201858, ""5"": 0.011762693504993916}"
frozen_unmatched,200,p0.40_f0.500,0.5,1.0,0,0.4,79.60000000000001,78.5,62,99,15700,1974,1.9097431051172644,0,1.02466229568784,0.020493245913756803,nan,0.0,1.9097431051172644,5.912414800980645,18,"{""0"": 0.01809333336639446, ""1"": 0.022673232264542972, ""2"": 0.02083446152945318, ""3"": 0.017656360346257324, ""4"": 0.023537309011154393, ""5"": 0.020164778964738492}"
frozen_unmatched,200,p0.40_f0.500,0.5,1.0,0,0.4,79.60000000000001,78.5,62,99,15700,1974,1.9097431051172644,10,1.1701513487544442,0.023403026975088885,21.076064262978594,14.902467573852656,2.163539679843617,5.574004212197343,19,"{""0"": 0.024152498942668403, ""1"": 0.02812681684509701, ""2"": 0.037517349766791344, ""3"": 0.022679292521657117, ""4"": 0.02142081756141922, ""5"": 0.006521386212900227}"
frozen_unmatched,200,p0.40_f0.500,0.5,1.0,0,0.4,79.60000000000001,78.5,62,99,15700,1974,1.9097431051172644,20,1.1318298631925718,0.02263659726385144,19.607135865059156,14.799267660654756,2.1892614986607906,7.349197251578133,22,"{""0"": 0.0247000248825524, ""1"": 0.030305075794396074, ""2"": 0.02116958936420759, ""3"": 0.022053164756498028, ""4"": 0.019561259468323267, ""5"": 0.01803046931713128}"
frozen_unmatched,200,p0.40_f0.500,0.5,1.0,0,0.4,79.60000000000001,78.5,62,99,15700,1974,1.9097431051172644,30,1.0349847358774777,0.02069969471754956,17.999586720074078,15.371219176059485,2.1798915007273933,7.6557846642124145,23,"{""0"": 0.02407910616567579, ""1"": 0.02944766906563363, ""2"": 0.015097186836639515, ""3"": 0.018979423628814936, ""4"": 0.018595309882080642, ""5"": 0.017999472726452824}"
frozen_unmatched,200,p0.40_f0.500,0.5,1.0,0,0.4,79.60000000000001,78.5,62,99,15700,1974,1.9097431051172644,40,1.0985061660547655,0.02197012332109531,22.73808733153215,15.383593002336621,2.20104730620074,6.2006391117454065,22,"{""0"": 0.022789945142307606, ""1"": 0.028508017768056344, ""2"": 0.015486734194328892, ""3"": 0.0217969101991519, ""4"": 0.0199479763241817, ""5"": 0.023291156298545414}"
frozen_unmatched,200,p0.40_f0.500,0.5,1.0,0,0.4,79.60000000000001,78.5,62,99,15700,1974,1.9097431051172644,50,1.0094191261381928,0.020188382522763858,21.624297318252918,15.250612096497994,2.1767543516155774,7.724810241469882,23,"{""0"": 0.02183035573628405, ""1"": 0.026604494597507848, ""2"": 0.015485481681000293, ""3"": 0.019883688339760588, ""4"": 0.017970829696824488, ""5"": 0.01935544508520589}"
frozen_unmatched,200,p0.40_f0.500,0.5,1.0,0,0.4,79.60000000000001,78.5,62,99,15700,1974,1.9097431051172644,60,1.001714156560899,0.02003428313121798,19.664955272827463,15.24986908652952,2.178462330776528,7.2438749097505974,22,"{""0"": 0.022121546125816894, ""1"": 0.025917055340586276, ""2"": 0.016825306828189245, ""3"": 0.018901607671077618, ""4"": 0.01776123427980176, ""5"": 0.01867894854183611}"
frozen_unmatched,200,p0.40_f0.500,0.5,1.0,0,0.4,79.60000000000001,78.5,62,99,15700,1974,1.9097431051172644,70,0.996629600330232,0.019932592006604643,37.80146262033321,15.23688451181427,2.1636466490099844,7.793342882738513,23,"{""0"": 0.02098649350363319, ""1"": 0.027456529533164048, ""2"": 0.016432927216988767, ""3"": 0.01932355114196671, ""4"": 0.01862095569292682, ""5"": 0.01677509495094831}"
frozen_unmatched,200,p0.40_f0.500,0.5,1.0,0,0.4,79.60000000000001,78.5,62,99,15700,1974,1.9097431051172644,80,0.9870287914742927,0.019740575829485858,17.119860313065537,15.270459035233952,2.1656378327772057,7.2552699244432555,22,"{""0"": 0.02172551718195708, ""1"": 0.025790274897664462, ""2"": 0.017740439626183144, ""3"": 0.019701201298160675, ""4"": 0.016895900207210716, ""5"": 0.016590121765739055}"
frozen_unmatched,200,p0.40_f0.500,0.5,1.0,0,0.4,79.60000000000001,78.5,62,99,15700,1974,1.9097431051172644,90,0.9593291554723369,0.01918658310944674,28.628910518994658,15.227585372399044,2.166069213964,7.212558217445118,22,"{""0"": 0.02135258806467499, ""1"": 0.024748622913988282, ""2"": 0.017087825668900526, ""3"": 0.01981848884522503, ""4"": 0.017085814963886368, ""5"": 0.015026158200005238}"
frozen_unmatched,200,p0.40_f0.500,0.5,1.0,0,0.4,79.60000000000001,78.5,62,99,15700,1974,1.9097431051172644,100,0.9615493293042472,0.019230986586084946,21.155049932404847,15.120202648880367,2.165242778396877,7.431454295760258,22,"{""0"": 0.02120523576096745, ""1"": 0.023770452451079616, ""2"": 0.017607442292218146, ""3"": 0.019677216922694633, ""4"": 0.01603810983890931, ""5"": 0.01708746225064053}"
frozen_unmatched,200,p0.40_f0.500,0.5,1.0,0,0.4,79.60000000000001,78.5,62,99,15700,1974,1.9097431051172644,110,0.961137542765608,0.019222750855312165,34.53526502842564,15.182362147044785,2.172493093137615,7.061459655022913,22,"{""0"": 0.022081800983551163, ""1"": 0.02296764862078263, ""2"": 0.017911616331978377, ""3"": 0.01983171563706142, ""4"": 0.014386810455380952, ""5"": 0.018156913103118445}"
frozen_unmatched,200,p0.40_f0.500,0.5,1.0,0,0.4,79.60000000000001,78.5,62,99,15700,1974,1.9097431051172644,120,0.9367473142449094,0.01873494628489819,22.373454596900967,15.21134177080961,2.169016883983349,7.21252063088209,22,"{""0"": 0.021608502629952436, ""1"": 0.02370073508059864, ""2"": 0.016506532412133297, ""3"": 0.019774286171937848, ""4"": 0.013917456620063152, ""5"": 0.01690216479470379}"
frozen_unmatched,200,p0.40_f0.500,0.5,1.0,0,0.4,79.60000000000001,78.5,62,99,15700,1974,1.9097431051172644,130,0.9298621937488053,0.01859724387497611,27.446650898907997,15.208622198340663,2.1648504445885686,7.030130166297195,21,"{""0"": 0.021342627141507496, ""1"": 0.023383101398160015, ""2"": 0.01636492811179512, ""3"": 0.019844377354000024, ""4"": 0.013802396844948378, ""5"": 0.016846032399445633}"
frozen_unmatched,200,p0.40_f0.500,0.5,1.0,0,0.4,79.60000000000001,78.5,62,99,15700,1974,1.9097431051172644,140,0.8991528134293315,0.017983056268586633,4.862007537628617,15.272510860962592,2.154298326710477,7.248238016002665,22,"{""0"": 0.021224476607515783, ""1"": 0.024619341093358497, ""2"": 0.015913106564109807, ""3"": 0.019318182768302834, ""4"": 0.014268670445152754, ""5"": 0.01255456013308012}"
frozen_unmatched,200,p0.40_f0.500,0.5,1.0,0,0.4,79.60000000000001,78.5,62,99,15700,1974,1.9097431051172644,150,0.8974859498573055,0.017949718997146112,21.557388524807827,15.381119460478763,2.1616924421449943,6.921049996367058,21,"{""0"": 0.02143924936393604, ""1"": 0.023483663896564845, ""2"": 0.015549554523878786, ""3"": 0.01985526973327991, ""4"": 0.013756798780595974, ""5"": 0.013613777684621114}"
frozen_unmatched,200,p0.40_f0.500,0.5,1.0,0,0.4,79.60000000000001,78.5,62,99,15700,1974,1.9097431051172644,160,0.8926286391596846,0.017852572783193695,8.816885174392217,15.404867718624422,2.158084077668249,6.863499248447708,21,"{""0"": 0.021399161278190214, ""1"": 0.023975818607016048, ""2"": 0.015593490690372396, ""3"": 0.0199526587400341, ""4"": 0.013605066102760032, ""5"": 0.012589241280789374}"
frozen_unmatched,200,p0.40_f0.500,0.5,1.0,0,0.4,79.60000000000001,78.5,62,99,15700,1974,1.9097431051172644,170,0.8799942714985938,0.017599885429971877,22.02945608506281,15.43691992853332,2.155806387217434,6.90927987247704,22,"{""0"": 0.021039389608232824, ""1"": 0.024416540787074847, ""2"": 0.015555087404129624, ""3"": 0.019772276051197434, ""4"": 0.013208090834603864, ""5"": 0.01160792789459267}"
frozen_unmatched,200,p0.40_f0.500,0.5,1.0,0,0.4,79.60000000000001,78.5,62,99,15700,1974,1.9097431051172644,180,0.8638838938444612,0.017277677876889226,16.324937615968658,15.446113348042564,2.163936240810613,6.77166882466047,22,"{""0"": 0.020772623436608535, ""1"": 0.02413737358684568, ""2"": 0.015280230067902658, ""3"": 0.019384645835986543, ""4"": 0.012235590997648742, ""5"": 0.011855603336343197}"
frozen_unmatched,200,p0.40_f0.500,0.5,1.0,0,0.4,79.60000000000001,78.5,62,99,15700,1974,1.9097431051172644,190,0.8726097250687975,0.017452194501375952,16.214896882943624,15.432966594975728,2.1684728811475065,6.839979441169144,22,"{""0"": 0.020869902470347708, ""1"": 0.023938697627137826, ""2"": 0.01581489365764534, ""3"": 0.018965356021445147, ""4"": 0.012445387014127288, ""5"": 0.012678930217552403}"
frozen_unmatched,200,p0.40_f0.500,0.5,1.0,0,0.4,79.60000000000001,78.5,62,99,15700,1974,1.9097431051172644,200,0.8761615490497999,0.017523230980996,24.993000455629993,15.489722365177641,2.1708123127777292,7.056336998515216,22,"{""0"": 0.02093809213499944, ""1"": 0.02404704432506366, ""2"": 0.015611203863754261, ""3"": 0.01895942791929644, ""4"": 0.01261724323072077, ""5"": 0.012966374412141435}"
frozen_unmatched,200,p0.40_f0.750,0.75,1.0,0,0.4,79.60000000000001,78.5,62,99,15700,1974,2.0856237692754678,0,1.0400892016854937,0.020801784033709875,nan,0.0,2.0856237692754678,7.478273068299077,22,"{""0"": 0.01860425134386004, ""1"": 0.0216616398022924, ""2"": 0.020693661886856066, ""3"": 0.019068434324761862, ""4"": 0.024436029403993212, ""5"": 0.020346687440495687}"
frozen_unmatched,200,p0.40_f0.750,0.75,1.0,0,0.4,79.60000000000001,78.5,62,99,15700,1974,2.0856237692754678,10,1.156070541936708,0.023121410838734167,22.823374457999392,14.068509106776087,2.4285425262754368,7.926619086386608,24,"{""0"": 0.024899475831821137, ""1"": 0.03318760449452749, ""2"": 0.026012441818593357, ""3"": 0.02091716672015462, ""4"": 0.019620683999659414, ""5"": 0.014091092167649014}"
frozen_unmatched,200,p0.40_f0.750,0.75,1.0,0,0.4,79.60000000000001,78.5,62,99,15700,1974,2.0856237692754678,20,1.1565269960819886,0.023130539921639777,19.853719718306586,15.13960082300465,2.526624999680426,8.512146776491258,25,"{""0"": 0.024700111066652965, ""1"": 0.02928276496034694, ""2"": 0.02992893756106239, ""3"": 0.023985090276194054, ""4"": 0.012839073259312533, ""5"": 0.018047262406269755}"
frozen_unmatched,200,p0.40_f0.750,0.75,1.0,0,0.4,79.60000000000001,78.5,62,99,15700,1974,2.0856237692754678,30,1.0609586657726413,0.02121917331545283,23.396281589610595,14.826383823859237,2.4750013599999257,9.484851632165524,26,"{""0"": 0.02169436681099544, ""1"": 0.029681849227693645, ""2"": 0.023614715713455758, ""3"": 0.021669508616119295, ""4"": 0.013937902674055752, ""5"": 0.01671669685039709}"
frozen_unmatched,200,p0.40_f0.750,0.75,1.0,0,0.4,79.60000000000001,78.5,62,99,15700,1974,2.0856237692754678,40,1.0658899229175907,0.021317798458351814,26.14523211354568,14.631142859886042,2.446216655021758,9.582098334231448,26,"{""0"": 0.025897993562788872, ""1"": 0.02960247610943113, ""2"": 0.02364876688444791, ""3"": 0.01890854396770297, ""4"": 0.015630075254571097, ""5"": 0.014218934971168917}"
frozen_unmatched,200,p0.40_f0.750,0.75,1.0,0,0.4,79.60000000000001,78.5,62,99,15700,1974,2.0856237692754678,50,1.0199810419016544,0.02039962083803309,23.88572935309306,14.55766786746247,2.418582411725467,10.06951994678484,26,"{""0"": 0.02608251412818662, ""1"": 0.027561169082845477, ""2"": 0.023328792058914773, ""3"": 0.016964383958827513, ""4"": 0.016891751918499946, ""5"": 0.011569113880924218}"
frozen_unmatched,200,p0.40_f0.750,0.75,1.0,0,0.4,79.60000000000001,78.5,62,99,15700,1974,2.0856237692754678,60,1.0008727168420724,0.020017454336841448,21.86210342855058,14.533276718910848,2.3986615610492663,9.903986111867296,26,"{""0"": 0.026514542927380452, ""1"": 0.026437240121260065, ""2"": 0.02374078893573833, ""3"": 0.01741983391238543, ""4"": 0.01625161407282389, ""5"": 0.009740706051460513}"
frozen_unmatched,200,p0.40_f0.750,0.75,1.0,0,0.4,79.60000000000001,78.5,62,99,15700,1974,2.0856237692754678,70,1.0118994113776627,0.020237988227553256,33.04320562538927,14.572406170391066,2.418565906545879,9.939181292471776,26,"{""0"": 0.026640990592749526, ""1"": 0.02757600385274043, ""2"": 0.02267448609021303, ""3"": 0.01698036621987161, ""4"": 0.017221555097350166, ""5"": 0.010334527512394779}"
frozen_unmatched,200,p0.40_f0.750,0.75,1.0,0,0.4,79.60000000000001,78.5,62,99,15700,1974,2.0856237692754678,80,0.9972204512102679,0.019944409024205363,17.356046817704478,14.546251352951112,2.4080174924130127,9.964573193887608,26,"{""0"": 0.026147049820143785, ""1"": 0.02656966496982313, ""2"": 0.022140698158330384, ""3"": 0.016723123311043444, ""4"": 0.017362778458935194, ""5"": 0.010723139426956232}"
frozen_unmatched,200,p0.40_f0.750,0.75,1.0,0,0.4,79.60000000000001,78.5,62,99,15700,1974,2.0856237692754678,90,0.9857365400230308,0.019714730800460618,22.4553726799828,14.64934648851373,2.4016949452544436,9.19268200527432,25,"{""0"": 0.026534268421624974, ""1"": 0.02692003078851138, ""2"": 0.022054710303468415, ""3"": 0.016577043968508315, ""4"": 0.016333625103675233, ""5"": 0.0098687062169754}"
frozen_unmatched,200,p0.40_f0.750,0.75,1.0,0,0.4,79.60000000000001,78.5,62,99,15700,1974,2.0856237692754678,100,0.9850675140041025,0.019701350280082054,9.897888078453327,14.649986986745834,2.4085307797178888,9.10843479547994,25,"{""0"": 0.02617044350626515, ""1"": 0.02693953536962428, ""2"": 0.022276322226853513, ""3"": 0.01685215500913821, ""4"": 0.016122344967451557, ""5"": 0.009847300601159592}"
frozen_unmatched,200,p0.40_f0.750,0.75,1.0,0,0.4,79.60000000000001,78.5,62,99,15700,1974,2.0856237692754678,110,0.9873969110150481,0.019747938220300965,23.77572023952648,14.70884505334827,2.4121380493421753,8.782916002450353,24,"{""0"": 0.025905868304154152, ""1"": 0.026740979393445496, ""2"": 0.023050894353742944, ""3"": 0.017193996676822032, ""4"": 0.015830713977355988, ""5"": 0.009765176616285174}"
frozen_unmatched,200,p0.40_f0.750,0.75,1.0,0,0.4,79.60000000000001,78.5,62,99,15700,1974,2.0856237692754678,120,0.9808428588961013,0.01961685717792203,23.131161365933195,14.642002849112345,2.406314067585374,9.132719678113672,25,"{""0"": 0.025334978290506443, ""1"": 0.026361487115916273, ""2"": 0.023042499925668525, ""3"": 0.016846554752560798, ""4"": 0.015770545721954687, ""5"": 0.010345077260925447}"
frozen_unmatched,200,p0.40_f0.750,0.75,1.0,0,0.4,79.60000000000001,78.5,62,99,15700,1974,2.0856237692754678,130,0.9850990177596239,0.01970198035519248,17.79265159554635,14.675517659381002,2.409628879995103,8.904922817456221,24,"{""0"": 0.025626504994251464, ""1"": 0.026557253142258062, ""2"": 0.023057648521171287, ""3"": 0.016467786137528934, ""4"": 0.016174964888404947, ""5"": 0.0103277244475402}"
frozen_unmatched,200,p0.40_f0.750,0.75,1.0,0,0.4,79.60000000000001,78.5,62,99,15700,1974,2.0856237692754678,140,0.9831150696026874,0.01966230139205375,10.500023081279288,14.74325596896001,2.4143057295980257,9.01670733923916,24,"{""0"": 0.025780413320190338, ""1"": 0.026751631357958515, ""2"": 0.022813556134357173, ""3"": 0.01604766522031901, ""4"": 0.01664159757424897, ""5"": 0.009938944745248505}"
frozen_unmatched,200,p0.40_f0.750,0.75,1.0,0,0.4,79.60000000000001,78.5,62,99,15700,1974,2.0856237692754678,150,0.9784611908080996,0.019569223816161992,24.349387947972136,14.797161344307588,2.4203062149208394,9.267527993741085,25,"{""0"": 0.024893082935925896, ""1"": 0.02595572846066953, ""2"": 0.02294994856924141, ""3"": 0.016580750029914527, ""4"": 0.016195998510485345, ""5"": 0.010839834390735253}"
frozen_unmatched,200,p0.40_f0.750,0.75,1.0,0,0.4,79.60000000000001,78.5,62,99,15700,1974,2.0856237692754678,160,0.9730342882260222,0.019460685764520445,6.122633092353451,14.730452144545604,2.4250756079366047,9.797538383625902,25,"{""0"": 0.02425342596135388, ""1"": 0.026250404318469332, ""2"": 0.022474293200793555, ""3"": 0.01668215807833176, ""4"": 0.016070365791909895, ""5"": 0.01103346723626425}"
frozen_unmatched,200,p0.40_f0.750,0.75,1.0,0,0.4,79.60000000000001,78.5,62,99,15700,1974,2.0856237692754678,170,0.9731277741920467,0.019462555483840936,17.49353945557336,14.745310889023342,2.424803091203521,9.563498353304041,25,"{""0"": 0.02544647812235983, ""1"": 0.026516155518601953, ""2"": 0.022189849512627886, ""3"": 0.01634897168826192, ""4"": 0.015868603016637346, ""5"": 0.01040527504455668}"
frozen_unmatched,200,p0.40_f0.750,0.75,1.0,0,0.4,79.60000000000001,78.5,62,99,15700,1974,2.0856237692754678,180,0.9629915018520221,0.019259830037040442,11.352107747781691,14.796792875816054,2.4273552134706597,9.456978156393928,25,"{""0"": 0.02507511662941646, ""1"": 0.025970301119894224, ""2"": 0.022121697720412403, ""3"": 0.016457617738225058, ""4"": 0.015843272578598362, ""5"": 0.010090974435696148}"
frozen_unmatched,200,p0.40_f0.750,0.75,1.0,0,0.4,79.60000000000001,78.5,62,99,15700,1974,2.0856237692754678,190,0.952576340213789,0.019051526804275784,23.079692894714977,14.868391239851677,2.4258903885322747,9.267973637413354,25,"{""0"": 0.024872095030036966, ""1"": 0.025383928588994152, ""2"": 0.021935998966591652, ""3"": 0.016514827059439578, ""4"": 0.015813763647894847, ""5"": 0.009788547532697481}"
frozen_unmatched,200,p0.40_f0.750,0.75,1.0,0,0.4,79.60000000000001,78.5,62,99,15700,1974,2.0856237692754678,200,0.9446105488378388,0.01889221097675678,22.801955287438272,14.868956199559046,2.4252174022227413,9.600602909719212,25,"{""0"": 0.024361926138546118, ""1"": 0.025318539362782378, ""2"": 0.021700211705444485, ""3"": 0.016444472428968876, ""4"": 0.015555317389473891, ""5"": 0.009972798835324924}"
frozen_unmatched,200,p0.40_f0.875,0.875,1.0,0,0.4,79.60000000000001,78.5,62,99,15700,1974,2.166673476895417,0,1.063288556027194,0.021265771120543883,nan,0.0,2.166673476895417,8.022313935084018,24,"{""0"": 0.019233894635802756, ""1"": 0.022043161413056022, ""2"": 0.020866305738094122, ""3"": 0.020034425672147728, ""4"": 0.024730596816288978, ""5"": 0.020686242447873683}"
frozen_unmatched,200,p0.40_f0.875,0.875,1.0,0,0.4,79.60000000000001,78.5,62,99,15700,1974,2.166673476895417,10,1.0903181227097396,0.021806362454194792,18.367570963377283,13.84316383995829,2.3686106513672516,11.43516527643606,28,"{""0"": 0.019347373117096344, ""1"": 0.0244829581102944, ""2"": 0.025157788865475306, ""3"": 0.023228632613665583, ""4"": 0.020643431565365, ""5"": 0.017977990453272124}"
frozen_unmatched,200,p0.40_f0.875,0.875,1.0,0,0.4,79.60000000000001,78.5,62,99,15700,1974,2.166673476895417,20,1.1227340545307105,0.022454681090614215,16.28607561103009,14.684438085689221,2.4156385724436586,10.635893033992883,27,"{""0"": 0.02187726237136086, ""1"": 0.02162760762082878, ""2"": 0.028443098697182922, ""3"": 0.03049009790916992, ""4"": 0.01720074493833009, ""5"": 0.015089275006812699}"
frozen_unmatched,200,p0.40_f0.875,0.875,1.0,0,0.4,79.60000000000001,78.5,62,99,15700,1974,2.166673476895417,30,1.0409800207000712,0.020819600414001427,31.024050577712227,14.564598410127976,2.383509484262585,11.756202317213756,29,"{""0"": 0.020506969681036775, ""1"": 0.019860015185621947, ""2"": 0.022331859719595108, ""3"": 0.025496044841549947, ""4"": 0.01923016164265725, ""5"": 0.017492551413547535}"
frozen_unmatched,200,p0.40_f0.875,0.875,1.0,0,0.4,79.60000000000001,78.5,62,99,15700,1974,2.166673476895417,40,1.0517345465387509,0.02103469093077502,17.594087868100168,14.208486606761504,2.3473489020950833,11.280405193762753,28,"{""0"": 0.021251488070774566, ""1"": 0.020476641863897426, ""2"": 0.024834813167579774, ""3"": 0.02492719290077574, ""4"": 0.018311046329925307, ""5"": 0.016406963251697316}"
frozen_unmatched,200,p0.40_f0.875,0.875,1.0,0,0.4,79.60000000000001,78.5,62,99,15700,1974,2.166673476895417,50,0.9784895681741405,0.019569791363482813,21.382308990754954,13.860968132882396,2.319023553788114,12.362807364799679,29,"{""0"": 0.018835533972034642, ""1"": 0.02297331101786288, ""2"": 0.023987112082419652, ""3"": 0.018435157765752597, ""4"": 0.017581171757467134, ""5"": 0.015606461585359976}"
frozen_unmatched,200,p0.40_f0.875,0.875,1.0,0,0.4,79.60000000000001,78.5,62,99,15700,1974,2.166673476895417,60,0.9661958603010774,0.01932391720602155,26.270600013760887,13.853060713417063,2.319011984452971,12.276306264198931,29,"{""0"": 0.018521315262073023, ""1"": 0.021602271668284635, ""2"": 0.02334427525463565, ""3"": 0.019369454786412634, ""4"": 0.01844994683934522, ""5"": 0.014656239425378154}"
frozen_unmatched,200,p0.40_f0.875,0.875,1.0,0,0.4,79.60000000000001,78.5,62,99,15700,1974,2.166673476895417,70,0.940127621695218,0.01880255243390436,23.010706048492562,13.942995757608854,2.3004526373963516,12.249025262159114,28,"{""0"": 0.01783686770947192, ""1"": 0.022810181895972646, ""2"": 0.020537888164657615, ""3"": 0.018127530010052757, ""4"": 0.020086684999170608, ""5"": 0.013416161824100626}"
frozen_unmatched,200,p0.40_f0.875,0.875,1.0,0,0.4,79.60000000000001,78.5,62,99,15700,1974,2.166673476895417,80,0.9560519596654424,0.01912103919330885,20.55781658992544,13.976459435829065,2.3067609191580067,12.125607552275728,29,"{""0"": 0.017797495412026763, ""1"": 0.02191181371444289, ""2"": 0.02154413454386621, ""3"": 0.019535852069726977, ""4"": 0.019929105000358483, ""5"": 0.014007834419431795}"
frozen_unmatched,200,p0.40_f0.875,0.875,1.0,0,0.4,79.60000000000001,78.5,62,99,15700,1974,2.166673476895417,90,0.9526043639954308,0.01905208727990862,19.412843537737697,14.08481644132566,2.3073756385257234,12.355112794041396,29,"{""0"": 0.017615029807224864, ""1"": 0.022838085284094995, ""2"": 0.022113644111513016, ""3"": 0.0193407948403558, ""4"": 0.01997580469682313, ""5"": 0.012429164939439893}"
frozen_unmatched,200,p0.40_f0.875,0.875,1.0,0,0.4,79.60000000000001,78.5,62,99,15700,1974,2.166673476895417,100,0.9480662885427089,0.01896132577085418,30.96224729059871,14.087377122707688,2.3047795041219366,12.177745440918283,29,"{""0"": 0.017241155112423606, ""1"": 0.023377682978703476, ""2"": 0.021622597431104715, ""3"": 0.019184810391783963, ""4"": 0.019926543529160363, ""5"": 0.012415165181948956}"
frozen_unmatched,200,p0.40_f0.875,0.875,1.0,0,0.4,79.60000000000001,78.5,62,99,15700,1974,2.166673476895417,110,0.9412531692169671,0.018825063384339345,30.962896310107414,14.074091888660073,2.3080563616455096,12.057419940226316,29,"{""0"": 0.01710951407006405, ""1"": 0.023042227528427335, ""2"": 0.02163823913336552, ""3"": 0.018903810966545476, ""4"": 0.019487169353553057, ""5"": 0.012769419254080618}"
frozen_unmatched,200,p0.40_f0.875,0.875,1.0,0,0.4,79.60000000000001,78.5,62,99,15700,1974,2.166673476895417,120,0.9345570622108671,0.018691141244217342,19.971871900143018,14.065281579133075,2.314976218766486,12.020783929524173,29,"{""0"": 0.017059935901747876, ""1"": 0.023069125874033945, ""2"": 0.022421519422030262, ""3"": 0.019102194388428095, ""4"": 0.018424437001430358, ""5"": 0.012069634877633528}"
frozen_unmatched,200,p0.40_f0.875,0.875,1.0,0,0.4,79.60000000000001,78.5,62,99,15700,1974,2.166673476895417,130,0.9492468513906002,0.018984937027812007,18.366660826584422,14.044158868119673,2.3126713209456513,12.310680643218362,29,"{""0"": 0.016874384319719084, ""1"": 0.023508591257712298, ""2"": 0.022550173218437004, ""3"": 0.01976588388503294, ""4"": 0.018508911846135335, ""5"": 0.012701677639835374}"
frozen_unmatched,200,p0.40_f0.875,0.875,1.0,0,0.4,79.60000000000001,78.5,62,99,15700,1974,2.166673476895417,140,0.9401149919832654,0.01880229983966531,18.6531460999766,14.082903727929684,2.310798246103135,12.604352873156335,29,"{""0"": 0.017027048369843197, ""1"": 0.02390310637089242, ""2"": 0.023112702904823583, ""3"": 0.018210150543752072, ""4"": 0.018452366736505913, ""5"": 0.012108424112174675}"
frozen_unmatched,200,p0.40_f0.875,0.875,1.0,0,0.4,79.60000000000001,78.5,62,99,15700,1974,2.166673476895417,150,0.9430525839132352,0.01886105167826471,29.225853644117336,14.131053700148126,2.314572020953862,12.271900074287327,29,"{""0"": 0.017078060298254538, ""1"": 0.023324453029839324, ""2"": 0.02211321128555662, ""3"": 0.018511586263107123, ""4"": 0.0179212373382038, ""5"": 0.01421776185462684}"
frozen_unmatched,200,p0.40_f0.875,0.875,1.0,0,0.4,79.60000000000001,78.5,62,99,15700,1974,2.166673476895417,160,0.9364266422010565,0.018728532844021133,9.261865584933377,14.157073769307521,2.310486269163032,12.341464645901931,29,"{""0"": 0.017086844279708253, ""1"": 0.023274904141656134, ""2"": 0.022083106096041905, ""3"": 0.017758800045049383, ""4"": 0.017842271781954935, ""5"": 0.014325270719716194}"
frozen_unmatched,200,p0.40_f0.875,0.875,1.0,0,0.4,79.60000000000001,78.5,62,99,15700,1974,2.166673476895417,170,0.9305163151004774,0.01861032630200955,23.27724265611385,14.138848007233468,2.3093830030103404,12.211525572526993,28,"{""0"": 0.017214382728936106, ""1"": 0.023549180632373084, ""2"": 0.021495438344524904, ""3"": 0.01785561257630098, ""4"": 0.017611363073720444, ""5"": 0.01393598045620178}"
frozen_unmatched,200,p0.40_f0.875,0.875,1.0,0,0.4,79.60000000000001,78.5,62,99,15700,1974,2.166673476895417,180,0.9339993050428758,0.018679986100857516,23.10141414277118,14.146715769206612,2.3097436088138132,12.246176291875107,28,"{""0"": 0.017389320951324054, ""1"": 0.023737038121719164, ""2"": 0.02216768061827843, ""3"": 0.017762832150245034, ""4"": 0.017481469418374307, ""5"": 0.013541575345204107}"
frozen_unmatched,200,p0.40_f0.875,0.875,1.0,0,0.4,79.60000000000001,78.5,62,99,15700,1974,2.166673476895417,190,0.9343906665381024,0.01868781333076205,23.012320576798228,14.225837199125401,2.3120906710516915,12.179272682502635,28,"{""0"": 0.017715918735094326, ""1"": 0.023676323054405528, ""2"": 0.022576771052963306, ""3"": 0.01756678191312264, ""4"": 0.01742232061147709, ""5"": 0.013168764617509404}"
frozen_unmatched,200,p0.40_f0.875,0.875,1.0,0,0.4,79.60000000000001,78.5,62,99,15700,1974,2.166673476895417,200,0.9333807266274186,0.018667614532548372,27.024803554365363,14.246580482521924,2.314328066843265,11.888064441138024,28,"{""0"": 0.01752912520121323, ""1"": 0.02354914761158152, ""2"": 0.022659718057452437, ""3"": 0.017221244718249824, ""4"": 0.017269742790394237, ""5"": 0.01377670881639898}"
frozen_unmatched,200,p0.10_f0.500,0.5,1.0,1,0.1,19.900000000000002,19.93,9,32,3986,2017,1.9487755500282353,0,1.0553061679240705,0.021106123358481416,nan,0.0,1.9487755500282353,10.080371922829938,20,"{""0"": 0.023155511651328474, ""1"": 0.022455522009862394, ""2"": 0.018448038385598896, ""3"": 0.02135007633723402, ""4"": 0.018738167675959212, ""5"": 0.02248942409090548}"
frozen_unmatched,200,p0.10_f0.500,0.5,1.0,1,0.1,19.900000000000002,19.93,9,32,3986,2017,1.9487755500282353,10,1.2240194353453944,0.024480388706907892,6.0674146499888275,14.651931772778223,2.2899163679988814,4.4100929520637155,17,"{""0"": 0.02946558273248498, ""1"": 0.04278783852310136, ""2"": 0.02322445998609996, ""3"": 0.023951262224991395, ""4"": 0.009614383553523965, ""5"": 0.0178388052212457}"
frozen_unmatched,200,p0.10_f0.500,0.5,1.0,1,0.1,19.900000000000002,19.93,9,32,3986,2017,1.9487755500282353,20,1.0537117912467027,0.021074235824934055,37.5030502088856,14.734515625837814,2.201762861354548,5.465417043661258,19,"{""0"": 0.026973812730899122, ""1"": 0.022893285740724988, ""2"": 0.024046710802020067, ""3"": 0.027565879144721316, ""4"": 0.009497257254058446, ""5"": 0.015468469277180397}"
frozen_unmatched,200,p0.10_f0.500,0.5,1.0,1,0.1,19.900000000000002,19.93,9,32,3986,2017,1.9487755500282353,30,0.9017031418619461,0.018034062837238924,23.218209046556613,14.808107481924225,2.1066233259009173,8.485510413142798,23,"{""0"": 0.022813332219640402, ""1"": 0.018572577952327328, ""2"": 0.016230164857060088, ""3"": 0.02068923340401189, ""4"": 0.012250140022991305, ""5"": 0.017648928567402536}"
frozen_unmatched,200,p0.10_f0.500,0.5,1.0,1,0.1,19.900000000000002,19.93,9,32,3986,2017,1.9487755500282353,40,0.8901257569910733,0.01780251513982147,31.33889285310372,15.100477113568632,2.1725923894325594,8.566977808236835,22,"{""0"": 0.020189249250946933, ""1"": 0.019417318918678112, ""2"": 0.014479660754560558, ""3"": 0.01925700471660322, ""4"": 0.01183080866013922, ""5"": 0.021641048538000782}"
frozen_unmatched,200,p0.10_f0.500,0.5,1.0,1,0.1,19.900000000000002,19.93,9,32,3986,2017,1.9487755500282353,50,0.8330868520556677,0.016661737041113355,8.430108796443342,15.36559788010309,2.2322037384622844,8.323079742134762,22,"{""0"": 0.01895909004915716, ""1"": 0.020315899828210533, ""2"": 0.011659718102421685, ""3"": 0.01854551903333648, ""4"": 0.010478783212388114, ""5"": 0.020011412021166165}"
frozen_unmatched,200,p0.10_f0.500,0.5,1.0,1,0.1,19.900000000000002,19.93,9,32,3986,2017,1.9487755500282353,60,0.7762253479453296,0.015524506958906593,12.539276912556687,15.715463794099813,2.2428612699949944,7.94906078383633,22,"{""0"": 0.01737775827740053, ""1"": 0.018434258157629932, ""2"": 0.010648442062469208, ""3"": 0.016836557013662948, ""4"": 0.010213682956364795, ""5"": 0.01963634328591217}"
frozen_unmatched,200,p0.10_f0.500,0.5,1.0,1,0.1,19.900000000000002,19.93,9,32,3986,2017,1.9487755500282353,70,0.7277281214366698,0.014554562428733396,14.597931691811668,16.08215686729714,2.2414585249108194,7.599048942835451,22,"{""0"": 0.017093868933444632, ""1"": 0.018125648638765406, ""2"": 0.011500089890518924, ""3"": 0.014205581881905485, ""4"": 0.009427350057820047, ""5"": 0.016974835169945877}"
frozen_unmatched,200,p0.10_f0.500,0.5,1.0,1,0.1,19.900000000000002,19.93,9,32,3986,2017,1.9487755500282353,80,0.6992422467219067,0.013984844934438136,18.092228970717965,16.30374702452292,2.2223513317454744,7.889646391255147,22,"{""0"": 0.017462645311169235, ""1"": 0.016740097106767868, ""2"": 0.012777342626815574, ""3"": 0.012547616773583676, ""4"": 0.009451252575984637, ""5"": 0.014930115212307828}"
frozen_unmatched,200,p0.10_f0.500,0.5,1.0,1,0.1,19.900000000000002,19.93,9,32,3986,2017,1.9487755500282353,90,0.6914073300231479,0.013828146600462962,12.880522906907474,16.423329275447255,2.2233186689449895,7.723037836798389,22,"{""0"": 0.01687940038232438, ""1"": 0.016870953096582975, ""2"": 0.012633801669193253, ""3"": 0.013775494368851249, ""4"": 0.008972633463846072, ""5"": 0.013836596621979821}"
frozen_unmatched,200,p0.10_f0.500,0.5,1.0,1,0.1,19.900000000000002,19.93,9,32,3986,2017,1.9487755500282353,100,0.6815211700257938,0.013630423400515878,17.32913055666036,16.58993832951477,2.2308967699774884,7.942641853934766,23,"{""0"": 0.01629275192438397, ""1"": 0.01574429998790507, ""2"": 0.014025455875833833, ""3"": 0.013032946561375078, ""4"": 0.008637781358382952, ""5"": 0.014049304695214374}"
frozen_unmatched,200,p0.10_f0.500,0.5,1.0,1,0.1,19.900000000000002,19.93,9,32,3986,2017,1.9487755500282353,110,0.6744422792337093,0.013488845584674185,11.922710883082686,16.747977181044064,2.233092085520784,7.357743978453604,22,"{""0"": 0.016124108794723382, ""1"": 0.017111993366293578, ""2"": 0.01296401612335472, ""3"": 0.011812663688569577, ""4"": 0.008572656956118616, ""5"": 0.014347634578985233}"
frozen_unmatched,200,p0.10_f0.500,0.5,1.0,1,0.1,19.900000000000002,19.93,9,32,3986,2017,1.9487755500282353,120,0.6556348335843728,0.013112696671687457,15.35892490657518,16.82710546673997,2.237704463235846,7.314233846698334,22,"{""0"": 0.01599183633747495, ""1"": 0.016762646220205853, ""2"": 0.013041119951583158, ""3"": 0.01184725688841389, ""4"": 0.00828750573284052, ""5"": 0.012745814899606378}"
frozen_unmatched,200,p0.10_f0.500,0.5,1.0,1,0.1,19.900000000000002,19.93,9,32,3986,2017,1.9487755500282353,130,0.6439043231042899,0.0128780864620858,9.241992761052039,16.995412305279633,2.2365545397794766,7.412175204162635,22,"{""0"": 0.0159564118633403, ""1"": 0.015836460616769375, ""2"": 0.012997593578230281, ""3"": 0.011586303967919287, ""4"": 0.007998612518561054, ""5"": 0.012893136227694496}"
frozen_unmatched,200,p0.10_f0.500,0.5,1.0,1,0.1,19.900000000000002,19.93,9,32,3986,2017,1.9487755500282353,140,0.6400769768325707,0.012801539536651415,18.11972993894601,17.038395788268936,2.2455019165780143,7.382251638906457,22,"{""0"": 0.015620118007430562, ""1"": 0.015256962273934757, ""2"": 0.013407007353702418, ""3"": 0.011716012271027244, ""4"": 0.007848907972328453, ""5"": 0.012960229341485056}"
frozen_unmatched,200,p0.10_f0.500,0.5,1.0,1,0.1,19.900000000000002,19.93,9,32,3986,2017,1.9487755500282353,150,0.6332790813861058,0.012665581627722118,13.48167723144195,17.111692764413185,2.2454496553200087,7.4918115415893505,22,"{""0"": 0.015445318276116768, ""1"": 0.014744680211938376, ""2"": 0.013144372828481406, ""3"": 0.012413544031091678, ""4"": 0.00794908319082151, ""5"": 0.012296491227882959}"
frozen_unmatched,200,p0.10_f0.500,0.5,1.0,1,0.1,19.900000000000002,19.93,9,32,3986,2017,1.9487755500282353,160,0.6255178085466538,0.012510356170933079,14.72907990674982,17.18393584649387,2.2457794689269575,7.272790668627501,22,"{""0"": 0.01551792203513575, ""1"": 0.015648733248827092, ""2"": 0.011938002448797927, ""3"": 0.012129547134023652, ""4"": 0.00764336354144928, ""5"": 0.012184568617364782}"
frozen_unmatched,200,p0.10_f0.500,0.5,1.0,1,0.1,19.900000000000002,19.93,9,32,3986,2017,1.9487755500282353,170,0.6301383285451533,0.012602766570903067,20.763856090281422,17.259650598179466,2.245656505379551,7.369732377350238,22,"{""0"": 0.015508833388412507, ""1"": 0.015336410060664024, ""2"": 0.012450627787917456, ""3"": 0.011628444500710742, ""4"": 0.007296139235707849, ""5"": 0.01339614445200583}"
frozen_unmatched,200,p0.10_f0.500,0.5,1.0,1,0.1,19.900000000000002,19.93,9,32,3986,2017,1.9487755500282353,180,0.6188390248344017,0.012376780496688035,17.852328962277326,17.330310583673725,2.251666663885107,7.28565534490672,22,"{""0"": 0.014816759501134664, ""1"": 0.01523082449147781, ""2"": 0.011798582459777308, ""3"": 0.011901147496351896, ""4"": 0.007314554578837526, ""5"": 0.013198814452548991}"
frozen_unmatched,200,p0.10_f0.500,0.5,1.0,1,0.1,19.900000000000002,19.93,9,32,3986,2017,1.9487755500282353,190,0.6134331126042708,0.012268662252085418,7.861036302897463,17.356126414361025,2.248638924857223,7.302957544762967,22,"{""0"": 0.014986887105224406, ""1"": 0.014963729559858922, ""2"": 0.011143168961332663, ""3"": 0.012168591825215808, ""4"": 0.007311943467223478, ""5"": 0.013037652593657236}"
frozen_unmatched,200,p0.10_f0.500,0.5,1.0,1,0.1,19.900000000000002,19.93,9,32,3986,2017,1.9487755500282353,200,0.6087550154824614,0.012175100309649228,9.542826886831755,17.471262244718478,2.2539142818944473,7.19886129697915,22,"{""0"": 0.01486021882167601, ""1"": 0.014810174561959554, ""2"": 0.011574207043083973, ""3"": 0.011453333514874403, ""4"": 0.007342909858148269, ""5"": 0.01300975805815315}"
frozen_unmatched,200,p0.10_f0.750,0.75,1.0,1,0.1,19.900000000000002,19.93,9,32,3986,2017,2.1208706566831776,0,1.0524245966193677,0.021048491932387354,nan,0.0,2.1208706566831776,10.492089329790396,22,"{""0"": 0.023697968827088314, ""1"": 0.022674564224498452, ""2"": 0.019017442300469235, ""3"": 0.021021914921842886, ""4"": 0.01755994528204798, ""5"": 0.022319116038377263}"
frozen_unmatched,200,p0.10_f0.750,0.75,1.0,1,0.1,19.900000000000002,19.93,9,32,3986,2017,2.1208706566831776,10,1.0615971286788497,0.021231942573576995,10.88981827138765,15.144064540167525,2.3291978753101548,5.355769251763148,21,"{""0"": 0.024839379944232808, ""1"": 0.032808641108501874, ""2"": 0.015431132463206007, ""3"": 0.02776166949910025, ""4"": 0.00818462059365955, ""5"": 0.018366211832761475}"
frozen_unmatched,200,p0.10_f0.750,0.75,1.0,1,0.1,19.900000000000002,19.93,9,32,3986,2017,2.1208706566831776,20,0.9720474901705993,0.01944094980341199,31.343156213294186,15.97252378633417,2.3290376905411017,6.16651285193819,23,"{""0"": 0.023290378079162215, ""1"": 0.016052497027643296, ""2"": 0.01720088951248527, ""3"": 0.02609799781402176, ""4"": 0.013278569346939367, ""5"": 0.020725367040220023}"
frozen_unmatched,200,p0.10_f0.750,0.75,1.0,1,0.1,19.900000000000002,19.93,9,32,3986,2017,2.1208706566831776,30,0.9564451529175634,0.01912890305835127,15.579049413171763,16.317455317250296,2.3478377539589133,7.709257741221808,25,"{""0"": 0.021821974551260337, ""1"": 0.02047383344872527, ""2"": 0.01585464119654213, ""3"": 0.020052459853653636, ""4"": 0.015178605849180418, ""5"": 0.021391903450745826}"
frozen_unmatched,200,p0.10_f0.750,0.75,1.0,1,0.1,19.900000000000002,19.93,9,32,3986,2017,2.1208706566831776,40,0.9897474680674988,0.019794949361349977,37.551564668028874,16.416543056324393,2.3156681442733875,7.5726032526544245,24,"{""0"": 0.024484769724667028, ""1"": 0.02185801390433569, ""2"": 0.013613314204368177, ""3"": 0.01902126951762952, ""4"": 0.01639899027221531, ""5"": 0.023393338544884144}"
frozen_unmatched,200,p0.10_f0.750,0.75,1.0,1,0.1,19.900000000000002,19.93,9,32,3986,2017,2.1208706566831776,50,0.9800970096855874,0.01960194019371175,12.125328151026773,16.35616554138621,2.3199510731980357,8.771195312815307,25,"{""0"": 0.023170430375900285, ""1"": 0.02266676291137049, ""2"": 0.0132925451820506, ""3"": 0.019658778142161482, ""4"": 0.015794786772925406, ""5"": 0.023028337777862236}"
frozen_unmatched,200,p0.10_f0.750,0.75,1.0,1,0.1,19.900000000000002,19.93,9,32,3986,2017,2.1208706566831776,60,0.977617939157195,0.019552358783143903,12.452015019566561,16.47320143637463,2.315813739339874,9.192312111695834,25,"{""0"": 0.0236665884943326, ""1"": 0.021882669015089687, ""2"": 0.015113802007218994, ""3"": 0.019440683526290144, ""4"": 0.014627112498412597, ""5"": 0.0225832971575194}"
frozen_unmatched,200,p0.10_f0.750,0.75,1.0,1,0.1,19.900000000000002,19.93,9,32,3986,2017,2.1208706566831776,70,0.9880493717802606,0.019760987435605216,28.609922370805407,16.573089848534273,2.3513424370292006,8.98213527542932,25,"{""0"": 0.02497620336649267, ""1"": 0.01963775111528374, ""2"": 0.01618250772992924, ""3"": 0.01966695061431127, ""4"": 0.014712175711085598, ""5"": 0.023390336076528778}"
frozen_unmatched,200,p0.10_f0.750,0.75,1.0,1,0.1,19.900000000000002,19.93,9,32,3986,2017,2.1208706566831776,80,0.9754943638706947,0.019509887277413894,14.565959295626403,16.573298850989147,2.359320635473696,9.502111502308262,26,"{""0"": 0.02364164314326352, ""1"": 0.018238125651256494, ""2"": 0.0175126946297303, ""3"": 0.019005028726369378, ""4"": 0.014708809638953785, ""5"": 0.023953021874909892}"
frozen_unmatched,200,p0.10_f0.750,0.75,1.0,1,0.1,19.900000000000002,19.93,9,32,3986,2017,2.1208706566831776,90,0.9806189665429594,0.019612379330859193,12.314183571240084,16.55634063157053,2.3688407647638696,9.029317701570228,25,"{""0"": 0.025121881965289437, ""1"": 0.018561863358886647, ""2"": 0.016332104418761907, ""3"": 0.01899444559472846, ""4"": 0.014707392546388729, ""5"": 0.023956588101099963}"
frozen_unmatched,200,p0.10_f0.750,0.75,1.0,1,0.1,19.900000000000002,19.93,9,32,3986,2017,2.1208706566831776,100,0.9688418221728269,0.01937683644345654,18.81113638611216,16.63144282250019,2.3612660127902525,8.65320257530404,25,"{""0"": 0.024093191483212997, ""1"": 0.01755102364165863, ""2"": 0.01718446639983471, ""3"": 0.0188434377271525, ""4"": 0.015097483491624838, ""5"": 0.02349141591725556}"
frozen_unmatched,200,p0.10_f0.750,0.75,1.0,1,0.1,19.900000000000002,19.93,9,32,3986,2017,2.1208706566831776,110,0.9413557296165996,0.018827114592331995,8.382763791833357,16.76469369406443,2.3739607767602253,8.158245253937192,24,"{""0"": 0.02389420317262845, ""1"": 0.01818627395103476, ""2"": 0.016533162251599787, ""3"": 0.01765305922996, ""4"": 0.013654325970721384, ""5"": 0.02304166297804757}"
frozen_unmatched,200,p0.10_f0.750,0.75,1.0,1,0.1,19.900000000000002,19.93,9,32,3986,2017,2.1208706566831776,120,0.9612957629251229,0.019225915258502462,7.5544600597595135,16.7551807516937,2.36803444160721,8.445980324555567,25,"{""0"": 0.02413682721206626, ""1"": 0.018485887459004126, ""2"": 0.01713086993334333, ""3"": 0.018157748551795954, ""4"": 0.015005741377546702, ""5"": 0.02243841701725839}"
frozen_unmatched,200,p0.10_f0.750,0.75,1.0,1,0.1,19.900000000000002,19.93,9,32,3986,2017,2.1208706566831776,130,0.9620948219801364,0.01924189643960273,7.173477927985455,16.841835216926977,2.3751209760533785,8.273533242912736,25,"{""0"": 0.023936541902084323, ""1"": 0.017944023631016527, ""2"": 0.016469933480524144, ""3"": 0.018613473505555568, ""4"": 0.015365301324109234, ""5"": 0.023122104794326588}"
frozen_unmatched,200,p0.10_f0.750,0.75,1.0,1,0.1,19.900000000000002,19.93,9,32,3986,2017,2.1208706566831776,140,0.942894823852958,0.018857896477059162,13.822252444591431,16.910067367643666,2.389529412957012,8.113569640020678,25,"{""0"": 0.023134215653124658, ""1"": 0.017398832630272056, ""2"": 0.016605186452138064, ""3"": 0.017470421654274502, ""4"": 0.014742317880735578, ""5"": 0.0237964045918101}"
frozen_unmatched,200,p0.10_f0.750,0.75,1.0,1,0.1,19.900000000000002,19.93,9,32,3986,2017,2.1208706566831776,150,0.92251738478634,0.0184503476957268,9.638395900248154,16.924396443387423,2.385384103608211,8.402749206578937,25,"{""0"": 0.02357858883133864, ""1"": 0.01558077929646618, ""2"": 0.017168234878741195, ""3"": 0.017651136209144762, ""4"": 0.014407240717973608, ""5"": 0.02231610624069643}"
frozen_unmatched,200,p0.10_f0.750,0.75,1.0,1,0.1,19.900000000000002,19.93,9,32,3986,2017,2.1208706566831776,160,0.9154029005839504,0.01830805801167901,15.952088703174427,16.95143807300094,2.3835036242034593,8.35763499707155,24,"{""0"": 0.024092201203701306, ""1"": 0.015578932281209884, ""2"": 0.016912527690353757, ""3"": 0.016436681247220763, ""4"": 0.014151418041564598, ""5"": 0.022676587606023747}"
frozen_unmatched,200,p0.10_f0.750,0.75,1.0,1,0.1,19.900000000000002,19.93,9,32,3986,2017,2.1208706566831776,170,0.9247366842114445,0.01849473368422889,44.66225691129384,16.971660282972266,2.384473992047718,8.14687778223587,25,"{""0"": 0.024682330489528243, ""1"": 0.016478273919349636, ""2"": 0.01676674228462289, ""3"": 0.014505241392439494, ""4"": 0.014643745935161231, ""5"": 0.023892068084271877}"
frozen_unmatched,200,p0.10_f0.750,0.75,1.0,1,0.1,19.900000000000002,19.93,9,32,3986,2017,2.1208706566831776,180,0.8967067060851541,0.017934134121703086,28.243640167924717,16.99847519579332,2.389187712844567,8.46271855553922,25,"{""0"": 0.023357237811759076, ""1"": 0.015373669461583389, ""2"": 0.017300781069036722, ""3"": 0.014304263099223235, ""4"": 0.014894605332771763, ""5"": 0.022374247955844317}"
frozen_unmatched,200,p0.10_f0.750,0.75,1.0,1,0.1,19.900000000000002,19.93,9,32,3986,2017,2.1208706566831776,190,0.8818896572809587,0.01763779314561918,11.245951499017876,16.982316582544478,2.3812687681671005,8.644547876833904,25,"{""0"": 0.02299141420736321, ""1"": 0.014505919078165735, ""2"": 0.016865337609487406, ""3"": 0.014183164590040681, ""4"": 0.015573845542153616, ""5"": 0.021707077846504417}"
frozen_unmatched,200,p0.10_f0.750,0.75,1.0,1,0.1,19.900000000000002,19.93,9,32,3986,2017,2.1208706566831776,200,0.8784163632210485,0.017568327264420973,30.01337012957834,17.018932426670798,2.379281922824355,8.673163346162664,25,"{""0"": 0.023828964862416348, ""1"": 0.0145071247718253, ""2"": 0.016739702940773538, ""3"": 0.013322524803521313, ""4"": 0.015943034605240974, ""5"": 0.021068611602748366}"
frozen_unmatched,200,p0.10_f0.875,0.875,1.0,1,0.1,19.900000000000002,19.93,9,32,3986,2017,2.197031951734203,0,1.0529824045553686,0.021059648091107375,nan,0.0,2.197031951734203,10.5206363549806,23,"{""0"": 0.02413458090443618, ""1"": 0.02278076716762162, ""2"": 0.01963010544893515, ""3"": 0.02092481470352865, ""4"": 0.01705226552596279, ""5"": 0.021835354796159855}"
frozen_unmatched,200,p0.10_f0.875,0.875,1.0,1,0.1,19.900000000000002,19.93,9,32,3986,2017,2.197031951734203,10,1.2071318243653477,0.024142636487306957,6.360950205983124,13.922875393794042,2.3508856599434345,4.084122755476684,18,"{""0"": 0.029713314426998205, ""1"": 0.04613237777945374, ""2"": 0.011402455135956715, ""3"": 0.031950607198213195, ""4"": 0.00783541046155371, ""5"": 0.017821653921666174}"
frozen_unmatched,200,p0.10_f0.875,0.875,1.0,1,0.1,19.900000000000002,19.93,9,32,3986,2017,2.197031951734203,20,0.9422202861588854,0.01884440572317771,28.44284178965662,15.688128245912823,2.4141587418700743,5.924088844971635,22,"{""0"": 0.025650820402655632, ""1"": 0.02723917989818202, ""2"": 0.00980497655408189, ""3"": 0.024238266913039742, ""4"": 0.014372815842167671, ""5"": 0.011760374728939305}"
frozen_unmatched,200,p0.10_f0.875,0.875,1.0,1,0.1,19.900000000000002,19.93,9,32,3986,2017,2.197031951734203,30,0.9226926038559295,0.018453852077118593,24.031780305001273,16.450615137603155,2.4174364606650243,9.394891816478006,26,"{""0"": 0.024432376375851668, ""1"": 0.025588126148744145, ""2"": 0.012989357680293686, ""3"": 0.019033894122055178, ""4"": 0.015453754369852465, ""5"": 0.013225603765914404}"
frozen_unmatched,200,p0.10_f0.875,0.875,1.0,1,0.1,19.900000000000002,19.93,9,32,3986,2017,2.197031951734203,40,0.8598989507188755,0.01719797901437751,26.52089508377621,15.980241540945284,2.375610586823667,9.653037226361766,27,"{""0"": 0.02327487659805855, ""1"": 0.022231718796708017, ""2"": 0.010221635948785735, ""3"": 0.018159501473042124, ""4"": 0.015395152214275176, ""5"": 0.013904989055395459}"
frozen_unmatched,200,p0.10_f0.875,0.875,1.0,1,0.1,19.900000000000002,19.93,9,32,3986,2017,2.197031951734203,50,0.821291510869627,0.016425830217392544,11.259408541665126,16.06048198706482,2.4022914241739013,8.395059363787919,25,"{""0"": 0.022002390097739064, ""1"": 0.02215488606406712, ""2"": 0.008691553248610356, ""3"": 0.018728175106098328, ""4"": 0.013962833664477505, ""5"": 0.013015143123362882}"
frozen_unmatched,200,p0.10_f0.875,0.875,1.0,1,0.1,19.900000000000002,19.93,9,32,3986,2017,2.197031951734203,60,0.7913740590639933,0.015827481181279867,21.25863289009181,16.21476058204186,2.4078141820806938,9.214531383440349,25,"{""0"": 0.02318328406390254, ""1"": 0.018758810236179875, ""2"": 0.00952986646537744, ""3"": 0.017948813707960996, ""4"": 0.01423948077725369, ""5"": 0.011304631837004673}"
frozen_unmatched,200,p0.10_f0.875,0.875,1.0,1,0.1,19.900000000000002,19.93,9,32,3986,2017,2.197031951734203,70,0.7556290586693906,0.015112581173387814,11.806336164131986,16.42744889385588,2.420402985517665,9.431088492507882,26,"{""0"": 0.022181489010841476, ""1"": 0.01718301921024634, ""2"": 0.008836367066145146, ""3"": 0.017941478910257845, ""4"": 0.01409919430812032, ""5"": 0.010433938534715761}"
frozen_unmatched,200,p0.10_f0.875,0.875,1.0,1,0.1,19.900000000000002,19.93,9,32,3986,2017,2.197031951734203,80,0.7786146815335669,0.01557229363067134,19.730583987929077,16.747218883696554,2.421645198435222,9.43284952829108,26,"{""0"": 0.022995940582264375, ""1"": 0.016941120739438754, ""2"": 0.00959846040854848, ""3"": 0.01787496675799985, ""4"": 0.013810308326554745, ""5"": 0.012212964969221845}"
frozen_unmatched,200,p0.10_f0.875,0.875,1.0,1,0.1,19.900000000000002,19.93,9,32,3986,2017,2.197031951734203,90,0.7779222754985394,0.01555844550997079,23.127846845173963,16.821325301907162,2.423350631971614,9.74922444200677,26,"{""0"": 0.02266417341336091, ""1"": 0.01656485145656389, ""2"": 0.009826532497565776, ""3"": 0.017465122794643545, ""4"": 0.013785317614038894, ""5"": 0.013044675283651722}"
frozen_unmatched,200,p0.10_f0.875,0.875,1.0,1,0.1,19.900000000000002,19.93,9,32,3986,2017,2.197031951734203,100,0.7964995750178105,0.015929991500356212,27.31972535478505,16.808904462523742,2.4238280600451696,9.754771538123784,26,"{""0"": 0.023159491548364115, ""1"": 0.015487720534120777, ""2"": 0.010511813628188408, ""3"": 0.018548778328149718, ""4"": 0.013596377824196069, ""5"": 0.014275767139118201}"
frozen_unmatched,200,p0.10_f0.875,0.875,1.0,1,0.1,19.900000000000002,19.93,9,32,3986,2017,2.197031951734203,110,0.7894495330871905,0.015788990661743812,18.927948164678003,16.727445110256696,2.4037486837447566,9.735220442150753,26,"{""0"": 0.023139729790018736, ""1"": 0.013678339319839014, ""2"": 0.011645366781250523, ""3"": 0.018635520410680194, ""4"": 0.013495661121360686, ""5"": 0.014139326547313716}"
frozen_unmatched,200,p0.10_f0.875,0.875,1.0,1,0.1,19.900000000000002,19.93,9,32,3986,2017,2.197031951734203,120,0.7838206359493705,0.015676412718987412,19.689388682020354,16.804975338276076,2.410453721244152,9.63426582386015,26,"{""0"": 0.02331475640090743, ""1"": 0.013691766982989273, ""2"": 0.010938124546695457, ""3"": 0.018131655544197635, ""4"": 0.013604349252054037, ""5"": 0.01437782358708064}"
frozen_unmatched,200,p0.10_f0.875,0.875,1.0,1,0.1,19.900000000000002,19.93,9,32,3986,2017,2.197031951734203,130,0.7882833047536874,0.01576566609507375,6.821106922476359,16.887262231672445,2.412698377037405,9.704379696036357,26,"{""0"": 0.022888201902442406, ""1"": 0.013129102379455183, ""2"": 0.01218001982316678, ""3"": 0.017973559276840932, ""4"": 0.013702948600741768, ""5"": 0.014720164587795409}"
frozen_unmatched,200,p0.10_f0.875,0.875,1.0,1,0.1,19.900000000000002,19.93,9,32,3986,2017,2.197031951734203,140,0.7795570861153369,0.01559114172230674,26.799435895059414,16.882877506018605,2.4101758191427565,9.700796080168372,26,"{""0"": 0.023548479988698974, ""1"": 0.013557465419275114, ""2"": 0.011919495319223993, ""3"": 0.016654737510289192, ""4"": 0.013453534024561592, ""5"": 0.014413138071791575}"
frozen_unmatched,200,p0.10_f0.875,0.875,1.0,1,0.1,19.900000000000002,19.93,9,32,3986,2017,2.197031951734203,150,0.7781290591719737,0.015562581183439476,5.819886812162962,16.897347424550773,2.4058762372553737,9.912702424090842,26,"{""0"": 0.023282350241971617, ""1"": 0.013679407433572804, ""2"": 0.011594253258624215, ""3"": 0.01715029535139055, ""4"": 0.013457162487400854, ""5"": 0.014212018327676832}"
frozen_unmatched,200,p0.10_f0.875,0.875,1.0,1,0.1,19.900000000000002,19.93,9,32,3986,2017,2.197031951734203,160,0.771612209860659,0.015432244197213183,25.97450518722567,16.927934216235514,2.4007779589737006,9.842004909983281,26,"{""0"": 0.02300114944041928, ""1"": 0.013600756848948913, ""2"": 0.011680571465046316, ""3"": 0.016615547010032605, ""4"": 0.013108576809758885, ""5"": 0.014586863609073103}"
frozen_unmatched,200,p0.10_f0.875,0.875,1.0,1,0.1,19.900000000000002,19.93,9,32,3986,2017,2.197031951734203,170,0.7643823485904723,0.015287646971809447,36.11958055871292,16.982029705728877,2.405881236500324,9.713762002937097,26,"{""0"": 0.023080794257020622, ""1"": 0.011964387367240193, ""2"": 0.01235369764863783, ""3"": 0.016441466397713905, ""4"": 0.012889050491367043, ""5"": 0.014996485668877086}"
frozen_unmatched,200,p0.10_f0.875,0.875,1.0,1,0.1,19.900000000000002,19.93,9,32,3986,2017,2.197031951734203,180,0.7552011601158859,0.015104023202317721,10.72920891350376,17.03012939961449,2.4107556737848355,9.486090070391251,26,"{""0"": 0.023024547624812312, ""1"": 0.0111266532380704, ""2"": 0.01190907004517765, ""3"": 0.016561148086425344, ""4"": 0.012921713159336379, ""5"": 0.015081007060084233}"
frozen_unmatched,200,p0.10_f0.875,0.875,1.0,1,0.1,19.900000000000002,19.93,9,32,3986,2017,2.197031951734203,190,0.7515546596180356,0.015031093192360713,6.869977757312948,17.100616669572656,2.415236062592518,9.529433450469226,26,"{""0"": 0.02299775722428888, ""1"": 0.01014434792218246, ""2"": 0.012213642157317805, ""3"": 0.016985693391477527, ""4"": 0.013332057667919048, ""5"": 0.014513060790978579}"
frozen_unmatched,200,p0.10_f0.875,0.875,1.0,1,0.1,19.900000000000002,19.93,9,32,3986,2017,2.197031951734203,200,0.7524102669272223,0.01504820533854445,45.306738680648884,17.14589603902861,2.4143541309042926,9.45696122087182,26,"{""0"": 0.023120928205387536, ""1"": 0.009737244650345301, ""2"": 0.01225371144653493, ""3"": 0.01723257736637752, ""4"": 0.013336050438787125, ""5"": 0.014608719923834284}"
frozen_unmatched,200,p0.20_f0.500,0.5,1.0,1,0.2,39.800000000000004,39.615,25,56,7923,2017,1.8892841316321718,0,0.9750047983682957,0.01950009596736592,nan,0.0,1.8892841316321718,9.578361712834125,20,"{""0"": 0.02066667215092254, ""1"": 0.020424649806603384, ""2"": 0.017176841943623546, ""3"": 0.02052150877068653, ""4"": 0.02074480317855095, ""5"": 0.017466099953808538}"
frozen_unmatched,200,p0.20_f0.500,0.5,1.0,1,0.2,39.800000000000004,39.615,25,56,7923,2017,1.8892841316321718,10,0.9479322426102667,0.018958644852205334,31.47013350236007,14.76269290066328,2.148025600791261,9.710832634021283,24,"{""0"": 0.021459873712175177, ""1"": 0.020837108170061448, ""2"": 0.020597579773801705, ""3"": 0.010819817434201153, ""4"": 0.022028039763116486, ""5"": 0.018009450259876034}"
frozen_unmatched,200,p0.20_f0.500,0.5,1.0,1,0.2,39.800000000000004,39.615,25,56,7923,2017,1.8892841316321718,20,1.0585542052280683,0.02117108410456137,10.63836987887669,17.23298810424896,2.419028826473271,5.18054488395898,20,"{""0"": 0.027669838933742114, ""1"": 0.024406559430541576, ""2"": 0.027529962270019526, ""3"": 0.01760714612533034, ""4"": 0.01315602093018669, ""5"": 0.016656976937547988}"
frozen_unmatched,200,p0.20_f0.500,0.5,1.0,1,0.2,39.800000000000004,39.615,25,56,7923,2017,1.8892841316321718,30,0.9635642286219233,0.019271284572438468,6.140735443294296,17.310515680772458,2.3684722566758505,5.408347691876853,20,"{""0"": 0.029722983661105384, ""1"": 0.022023009510093117, ""2"": 0.025363573943754113, ""3"": 0.016944074546419857, ""4"": 0.008068537223833789, ""5"": 0.013505528549424555}"
frozen_unmatched,200,p0.20_f0.500,0.5,1.0,1,0.2,39.800000000000004,39.615,25,56,7923,2017,1.8892841316321718,40,0.8290219872870225,0.01658043974574045,2.586619836395307,17.16362544526151,2.329598739189937,5.612616637393136,19,"{""0"": 0.027495164014860362, ""1"": 0.019301279789953572, ""2"": 0.02069071471678789, ""3"": 0.011632534174881831, ""4"": 0.008104286980231594, ""5"": 0.01225865879772747}"
frozen_unmatched,200,p0.20_f0.500,0.5,1.0,1,0.2,39.800000000000004,39.615,25,56,7923,2017,1.8892841316321718,50,0.7299253540266759,0.01459850708053352,16.66311490005031,17.177967218980204,2.3694415576382997,5.28091149708644,19,"{""0"": 0.024571661514876185, ""1"": 0.018734536466225662, ""2"": 0.01793384160828637, ""3"": 0.009441148378515823, ""4"": 0.00934162515793444, ""5"": 0.007568229357362644}"
frozen_unmatched,200,p0.20_f0.500,0.5,1.0,1,0.2,39.800000000000004,39.615,25,56,7923,2017,1.8892841316321718,60,0.729161695116857,0.014583233902337144,4.389326198642104,17.346066162566196,2.3914969000949657,5.173532586265248,19,"{""0"": 0.02495927679001684, ""1"": 0.01958729066241139, ""2"": 0.017401811663492656, ""3"": 0.009225257389199567, ""4"": 0.00986713047669223, ""5"": 0.006458636432210176}"
frozen_unmatched,200,p0.20_f0.500,0.5,1.0,1,0.2,39.800000000000004,39.615,25,56,7923,2017,1.8892841316321718,70,0.7136385767217971,0.014272771534435943,4.4998230465423195,17.561431945499756,2.411386818144038,4.803497686222371,18,"{""0"": 0.02428366339922946, ""1"": 0.02018903720687887, ""2"": 0.016523683711315944, ""3"": 0.008655282147293055, ""4"": 0.009901105628900498, ""5"": 0.006083857112997841}"
frozen_unmatched,200,p0.20_f0.500,0.5,1.0,1,0.2,39.800000000000004,39.615,25,56,7923,2017,1.8892841316321718,80,0.6833385471174579,0.01366677094234916,3.8488197384248286,17.625902590366135,2.4048814856117335,5.299755450218107,19,"{""0"": 0.022499611249040062, ""1"": 0.018313146632177514, ""2"": 0.018023897123127585, ""3"": 0.00771746607229729, ""4"": 0.009331708644088062, ""5"": 0.006114795933364436}"
frozen_unmatched,200,p0.20_f0.500,0.5,1.0,1,0.2,39.800000000000004,39.615,25,56,7923,2017,1.8892841316321718,90,0.6730097415050399,0.013460194830100799,4.1419114484852635,17.714558578175915,2.407108717173695,5.127661416445765,19,"{""0"": 0.023098487115231638, ""1"": 0.019178271760915733, ""2"": 0.016312677168172626, ""3"": 0.00667972188632752, ""4"": 0.009974810958444729, ""5"": 0.005517200091512554}"
frozen_unmatched,200,p0.20_f0.500,0.5,1.0,1,0.2,39.800000000000004,39.615,25,56,7923,2017,1.8892841316321718,100,0.6792822576119381,0.013585645152238762,2.799261245395245,17.870798213672423,2.4297864787901116,5.320307184403692,19,"{""0"": 0.02317516812529346, ""1"": 0.019904982252540053, ""2"": 0.01700490014012653, ""3"": 0.005996711767320826, ""4"": 0.009800047747493582, ""5"": 0.005632060880658131}"
frozen_unmatched,200,p0.20_f0.500,0.5,1.0,1,0.2,39.800000000000004,39.615,25,56,7923,2017,1.8892841316321718,110,0.6746807807678706,0.013493615615357415,8.104524031561958,17.92312496356541,2.4408729517610417,5.448548759007494,20,"{""0"": 0.02175679454804196, ""1"": 0.020176901759680503, ""2"": 0.017454119964494422, ""3"": 0.0063943280866939, ""4"": 0.00935952279184304, ""5"": 0.005820026541390672}"
frozen_unmatched,200,p0.20_f0.500,0.5,1.0,1,0.2,39.800000000000004,39.615,25,56,7923,2017,1.8892841316321718,120,0.6769540641053741,0.013539081282107483,4.370315156596384,17.958081495999725,2.4435102277734453,5.320368120331108,20,"{""0"": 0.022733449103099622, ""1"": 0.0203718613355321, ""2"": 0.01792665873570035, ""3"": 0.00591898965227598, ""4"": 0.009052659190443572, ""5"": 0.005230869675593287}"
frozen_unmatched,200,p0.20_f0.500,0.5,1.0,1,0.2,39.800000000000004,39.615,25,56,7923,2017,1.8892841316321718,130,0.6505034952942571,0.013010069905885144,2.9041902359804967,17.98744878871401,2.4507216171794366,5.412658597172585,20,"{""0"": 0.02125300637553126, ""1"": 0.02063487100038503, ""2"": 0.01638008058710484, ""3"": 0.006179672666892587, ""4"": 0.008457070570843609, ""5"": 0.00515571823455354}"
frozen_unmatched,200,p0.20_f0.500,0.5,1.0,1,0.2,39.800000000000004,39.615,25,56,7923,2017,1.8892841316321718,140,0.6523205086527674,0.01304641017305535,38.254338142167605,18.00608052192547,2.448783247425226,5.482155090613089,20,"{""0"": 0.020914681042102194, ""1"": 0.020935717396922356, ""2"": 0.01685831936735269, ""3"": 0.0057688326911449995, ""4"": 0.00865469608513575, ""5"": 0.005146214455674104}"
frozen_unmatched,200,p0.20_f0.500,0.5,1.0,1,0.2,39.800000000000004,39.615,25,56,7923,2017,1.8892841316321718,150,0.6443893701341193,0.012887787402682389,7.3750958000698725,18.037322994658357,2.4611421613738216,5.306119502524938,20,"{""0"": 0.021350427796479013, ""1"": 0.020938952956867762, ""2"": 0.014974578137253548, ""3"": 0.006367505594298825, ""4"": 0.008703404142751284, ""5"": 0.0049918557884439}"
frozen_unmatched,200,p0.20_f0.500,0.5,1.0,1,0.2,39.800000000000004,39.615,25,56,7923,2017,1.8892841316321718,160,0.6672144261605979,0.013344288523211961,4.395883038299376,18.112757237678746,2.4649223945958547,5.2270673952040365,19,"{""0"": 0.02192929880493788, ""1"": 0.020702041035090674, ""2"": 0.014330843655611636, ""3"": 0.009199911293186114, ""4"": 0.008946031269852262, ""5"": 0.0049576050805931905}"
frozen_unmatched,200,p0.20_f0.500,0.5,1.0,1,0.2,39.800000000000004,39.615,25,56,7923,2017,1.8892841316321718,170,0.6815077540060269,0.01363015508012054,7.370781307985807,18.160124241871582,2.4626521415514313,5.172815253419712,19,"{""0"": 0.022871883217332096, ""1"": 0.020640492102047475, ""2"": 0.01387664780774347, ""3"": 0.009997642131693841, ""4"": 0.009233165712331182, ""5"": 0.005161099509575173}"
frozen_unmatched,200,p0.20_f0.500,0.5,1.0,1,0.2,39.800000000000004,39.615,25,56,7923,2017,1.8892841316321718,180,0.6601626262237,0.013203252524474001,3.8909280195188964,18.16149946638727,2.4630299899452504,5.162995162511345,19,"{""0"": 0.02214832565869569, ""1"": 0.020909782429699594, ""2"": 0.012013770228908465, ""3"": 0.009408213545473767, ""4"": 0.009273744034635666, ""5"": 0.005465679249430814}"
frozen_unmatched,200,p0.20_f0.500,0.5,1.0,1,0.2,39.800000000000004,39.615,25,56,7923,2017,1.8892841316321718,190,0.6523587873719568,0.01304717574743914,2.02517257278621,18.194411701820915,2.465670921358205,5.058082060990603,19,"{""0"": 0.022535142084802152, ""1"": 0.020778631510590086, ""2"": 0.010821383843437796, ""3"": 0.009700818658048203, ""4"": 0.009546750788607804, ""5"": 0.004900327599148788}"
frozen_unmatched,200,p0.20_f0.500,0.5,1.0,1,0.2,39.800000000000004,39.615,25,56,7923,2017,1.8892841316321718,200,0.6556958724649582,0.013113917449299167,4.614409751114746,18.233427842558946,2.4704460573690934,4.977603269544744,19,"{""0"": 0.02226102594131626, ""1"": 0.021170451443523884, ""2"": 0.010805890534775611, ""3"": 0.009913950763254782, ""4"": 0.009791069459686661, ""5"": 0.0047411165532377985}"
frozen_unmatched,200,p0.20_f0.750,0.75,1.0,1,0.2,39.800000000000004,39.615,25,56,7923,2017,2.0524854189137685,0,0.9677446595685688,0.01935489319137138,nan,0.0,2.0524854189137685,9.703657493316651,23,"{""0"": 0.02056907174864723, ""1"": 0.020975981884889257, ""2"": 0.01592849978487034, ""3"": 0.021562239897484476, ""4"": 0.02052799743052623, ""5"": 0.016565568401810744}"
frozen_unmatched,200,p0.20_f0.750,0.75,1.0,1,0.2,39.800000000000004,39.615,25,56,7923,2017,2.0524854189137685,10,1.0145386603703093,0.020290773207406188,20.728689638314318,13.885099108828074,2.4001242914969927,6.772580892608039,22,"{""0"": 0.03613734268006396, ""1"": 0.02602639953087535, ""2"": 0.010138663026582673, ""3"": 0.02050426649043252, ""4"": 0.01693385761270594, ""5"": 0.01200410990377668}"
frozen_unmatched,200,p0.20_f0.750,0.75,1.0,1,0.2,39.800000000000004,39.615,25,56,7923,2017,2.0524854189137685,20,0.8468502840566619,0.016937005681133238,23.954455515551263,14.456544207071266,2.4185079740415896,8.826611092045175,25,"{""0"": 0.02467443531414492, ""1"": 0.014990365450874777, ""2"": 0.016768020208730725, ""3"": 0.01929184722332103, ""4"": 0.013906537621372436, ""5"": 0.011990828268355552}"
frozen_unmatched,200,p0.20_f0.750,0.75,1.0,1,0.2,39.800000000000004,39.615,25,56,7923,2017,2.0524854189137685,30,0.82742002557601,0.016548400511520202,17.696446078155272,14.676221992898041,2.4583138061436998,9.589857790804404,25,"{""0"": 0.025160478389072156, ""1"": 0.01495147256507827, ""2"": 0.014501790245784574, ""3"": 0.018015903362263254, ""4"": 0.012871059208527918, ""5"": 0.013789699298395056}"
frozen_unmatched,200,p0.20_f0.750,0.75,1.0,1,0.2,39.800000000000004,39.615,25,56,7923,2017,2.0524854189137685,40,0.8283575083004016,0.016567150166008033,25.639912364889913,14.682693520932022,2.5069740436797288,9.829361951385236,26,"{""0"": 0.023122924565171555, ""1"": 0.012751306672832525, ""2"": 0.015437162779090807, ""3"": 0.019198206884174753, ""4"": 0.01402178948688856, ""5"": 0.014871510607889996}"
frozen_unmatched,200,p0.20_f0.750,0.75,1.0,1,0.2,39.800000000000004,39.615,25,56,7923,2017,2.0524854189137685,50,0.7892334992300647,0.015784669984601297,15.087521471155405,14.971974740720663,2.513502027538042,10.322852230874949,26,"{""0"": 0.0217768500257039, ""1"": 0.013352753722154687, ""2"": 0.01592563955053699, ""3"": 0.01746969041538279, ""4"": 0.014010342717922095, ""5"": 0.012172743475907317}"
frozen_unmatched,200,p0.20_f0.750,0.75,1.0,1,0.2,39.800000000000004,39.615,25,56,7923,2017,2.0524854189137685,60,0.7214442308999542,0.014428884617999087,20.31039427392838,15.299293578642004,2.516546326700375,10.22873768295129,26,"{""0"": 0.01988180771266475, ""1"": 0.012797199863057652, ""2"": 0.014055617644867652, ""3"": 0.015406366276601132, ""4"": 0.01350192727295726, ""5"": 0.010930388937846081}"
frozen_unmatched,200,p0.20_f0.750,0.75,1.0,1,0.2,39.800000000000004,39.615,25,56,7923,2017,2.0524854189137685,70,0.6863467044244067,0.013726934088488137,8.716569614742795,15.477135475882633,2.510219128104824,9.65335253108403,25,"{""0"": 0.01991331424307972, ""1"": 0.014889910637014512, ""2"": 0.012803246569082067, ""3"": 0.012205014679335767, ""4"": 0.012540706328623785, ""5"": 0.010009412073792964}"
frozen_unmatched,200,p0.20_f0.750,0.75,1.0,1,0.2,39.800000000000004,39.615,25,56,7923,2017,2.0524854189137685,80,0.6905383674087674,0.013810767348175351,7.653026957021079,15.439723498207274,2.4911301793218787,9.5034184225994,26,"{""0"": 0.01958105357139058, ""1"": 0.013200451805072417, ""2"": 0.014895459174009145, ""3"": 0.011954349297469202, ""4"": 0.013029263858053827, ""5"": 0.010204026383056935}"
frozen_unmatched,200,p0.20_f0.750,0.75,1.0,1,0.2,39.800000000000004,39.615,25,56,7923,2017,2.0524854189137685,90,0.6614829208177456,0.013229658416354912,11.870662796304467,15.538005567138994,2.5061596875652454,8.544736190006336,25,"{""0"": 0.018155133736255852, ""1"": 0.01347132311462633, ""2"": 0.014599680360529521, ""3"": 0.011241599926081914, ""4"": 0.012715836040373551, ""5"": 0.009194377320262313}"
frozen_unmatched,200,p0.20_f0.750,0.75,1.0,1,0.2,39.800000000000004,39.615,25,56,7923,2017,2.0524854189137685,100,0.6581759605825596,0.013163519211651193,7.005171147331443,15.626484183594439,2.511862872451036,8.499183320219462,25,"{""0"": 0.01676709710690026, ""1"": 0.014145437110768997, ""2"": 0.01437066751759324, ""3"": 0.01183321351889045, ""4"": 0.01247853449584858, ""5"": 0.009386165519905648}"
frozen_unmatched,200,p0.20_f0.750,0.75,1.0,1,0.2,39.800000000000004,39.615,25,56,7923,2017,2.0524854189137685,110,0.6482164451947376,0.012964328903894755,26.30524621784312,15.760604879503848,2.508267437699007,8.265840702838016,25,"{""0"": 0.01643859549522004, ""1"": 0.014420854066624089, ""2"": 0.014151845519106995, ""3"": 0.011226004906607088, ""4"": 0.01226027351284963, ""5"": 0.009288399922960697}"
frozen_unmatched,200,p0.20_f0.750,0.75,1.0,1,0.2,39.800000000000004,39.615,25,56,7923,2017,2.0524854189137685,120,0.6540251769683796,0.013080503539367593,12.722309242852706,15.900947151636357,2.512671992445889,8.173065111260792,24,"{""0"": 0.017205050940872706, ""1"": 0.01437342289472171, ""2"": 0.014357432255391262, ""3"": 0.010392278306567124, ""4"": 0.012868612384054828, ""5"": 0.009286224454597935}"
frozen_unmatched,200,p0.20_f0.750,0.75,1.0,1,0.2,39.800000000000004,39.615,25,56,7923,2017,2.0524854189137685,130,0.6358886397788776,0.012717772795577552,18.523634040814127,16.013806679583567,2.5084170664311043,7.780259337924366,24,"{""0"": 0.01666220463625279, ""1"": 0.014416449359457666, ""2"": 0.013893262041763582, ""3"": 0.009703598325010413, ""4"": 0.012257897414477196, ""5"": 0.009373224996503655}"
frozen_unmatched,200,p0.20_f0.750,0.75,1.0,1,0.2,39.800000000000004,39.615,25,56,7923,2017,2.0524854189137685,140,0.6239867080836886,0.012479734161673774,19.609456105480835,16.042236885703108,2.5091473164111786,7.409097719813061,24,"{""0"": 0.016132662405960195, ""1"": 0.014959464521803679, ""2"": 0.01333768060683838, ""3"": 0.009010425464219889, ""4"": 0.0124853193892619, ""5"": 0.0089528525819586}"
frozen_unmatched,200,p0.20_f0.750,0.75,1.0,1,0.2,39.800000000000004,39.615,25,56,7923,2017,2.0524854189137685,150,0.6044783594655104,0.01208956718931021,15.043589679272415,16.131403600411108,2.5111847935961595,7.113272618337052,24,"{""0"": 0.015460750894106484, ""1"": 0.01425893443978076, ""2"": 0.01306558386244242, ""3"": 0.008930699697703067, ""4"": 0.012132596845540718, ""5"": 0.008688837396287806}"
frozen_unmatched,200,p0.20_f0.750,0.75,1.0,1,0.2,39.800000000000004,39.615,25,56,7923,2017,2.0524854189137685,160,0.5867907867906246,0.011735815735812494,8.661979630210308,16.23130837787285,2.515075146231036,6.976190489607786,23,"{""0"": 0.015893717748554304, ""1"": 0.014800154473880158, ""2"": 0.01107802894258349, ""3"": 0.008956259556039277, ""4"": 0.011307680438294998, ""5"": 0.008379053255522729}"
frozen_unmatched,200,p0.20_f0.750,0.75,1.0,1,0.2,39.800000000000004,39.615,25,56,7923,2017,2.0524854189137685,170,0.5660610699055985,0.01132122139811197,48.1979804837806,16.234214181202063,2.5165602709284376,6.83671851870068,23,"{""0"": 0.015731184956820597, ""1"": 0.013701400184327148, ""2"": 0.010253319145064468, ""3"": 0.00867853806600682, ""4"": 0.011295760837754982, ""5"": 0.008267125198697805}"
frozen_unmatched,200,p0.20_f0.750,0.75,1.0,1,0.2,39.800000000000004,39.615,25,56,7923,2017,2.0524854189137685,180,0.5593834748040505,0.011187669496081012,13.93445729283103,16.329928015901757,2.523234419565496,6.474607776675821,22,"{""0"": 0.01609376783909957, ""1"": 0.013753315547538498, ""2"": 0.00969049375877267, ""3"": 0.008321342776071258, ""4"": 0.011299812606417712, ""5"": 0.00796728444858637}"
frozen_unmatched,200,p0.20_f0.750,0.75,1.0,1,0.2,39.800000000000004,39.615,25,56,7923,2017,2.0524854189137685,190,0.5613009590293897,0.011226019180587795,5.926412810256226,16.398350739524908,2.5266480191362044,6.226217285035019,22,"{""0"": 0.01627930586209298, ""1"": 0.013989884067293018, ""2"": 0.009613378515236488, ""3"": 0.008324201872045016, ""4"": 0.011375361766921053, ""5"": 0.007773982999938212}"
frozen_unmatched,200,p0.20_f0.750,0.75,1.0,1,0.2,39.800000000000004,39.615,25,56,7923,2017,2.0524854189137685,200,0.559253791185068,0.011185075823701363,10.396506396915669,16.425930629633527,2.522819581752558,6.3324215528304695,22,"{""0"": 0.01697893652721929, ""1"": 0.013373068982299114, ""2"": 0.009519247934813471, ""3"": 0.008313156157399304, ""4"": 0.011222572292948827, ""5"": 0.0077034730475281695}"
frozen_unmatched,200,p0.20_f0.875,0.875,1.0,1,0.2,39.800000000000004,39.615,25,56,7923,2017,2.120675024282908,0,0.9694294643994928,0.01938858928798986,nan,0.0,2.120675024282908,10.28380631330226,24,"{""0"": 0.020937887948498546, ""1"": 0.02131223507315464, ""2"": 0.016054043688861062, ""3"": 0.021580228963472826, ""4"": 0.02033858115030144, ""5"": 0.016108558903650635}"
frozen_unmatched,200,p0.20_f0.875,0.875,1.0,1,0.2,39.800000000000004,39.615,25,56,7923,2017,2.120675024282908,10,0.9317221957348935,0.018634443914697874,14.362572789670155,14.419073949740564,2.423567629169433,8.56219300292532,26,"{""0"": 0.020151916802387964, ""1"": 0.0224251594895812, ""2"": 0.016276464618164385, ""3"": 0.01740743342116185, ""4"": 0.014829777980924932, ""5"": 0.020715911175966904}"
frozen_unmatched,200,p0.20_f0.875,0.875,1.0,1,0.2,39.800000000000004,39.615,25,56,7923,2017,2.120675024282908,20,0.9284195558401706,0.018568391116803414,30.938160667650763,15.455992467361927,2.471533525070297,10.660052794560604,28,"{""0"": 0.025635209090972205, ""1"": 0.016220339981321528, ""2"": 0.019774558029711224, ""3"": 0.012605946104014304, ""4"": 0.015555534655599576, ""5"": 0.021618758839201654}"
frozen_unmatched,200,p0.20_f0.875,0.875,1.0,1,0.2,39.800000000000004,39.615,25,56,7923,2017,2.120675024282908,30,0.8768165128648261,0.017536330257296524,21.501957092504647,15.610255242340994,2.461478371413296,10.205560857816348,28,"{""0"": 0.024334221396807545, ""1"": 0.013003926547111693, ""2"": 0.01962162003119034, ""3"": 0.01474672506958499, ""4"": 0.01220162992535129, ""5"": 0.02130985857373328}"
frozen_unmatched,200,p0.20_f0.875,0.875,1.0,1,0.2,39.800000000000004,39.615,25,56,7923,2017,2.120675024282908,40,0.8569554096791093,0.01713910819358219,18.821637479797552,15.333119237067432,2.4436444724569872,12.018584572533419,29,"{""0"": 0.022654619984347445, ""1"": 0.015381469599634842, ""2"": 0.01769134589797273, ""3"": 0.014128763950373597, ""4"": 0.013627463461779682, ""5"": 0.01935098626738483}"
frozen_unmatched,200,p0.20_f0.875,0.875,1.0,1,0.2,39.800000000000004,39.615,25,56,7923,2017,2.120675024282908,50,0.8274463256941011,0.016548926513882026,11.345720723095443,15.617680512247794,2.465511854252976,10.994657633919656,29,"{""0"": 0.02013093484590346, ""1"": 0.018062383917933363, ""2"": 0.017195186941065595, ""3"": 0.012561703077391507, ""4"": 0.011645417843847128, ""5"": 0.01969793245715109}"
frozen_unmatched,200,p0.20_f0.875,0.875,1.0,1,0.2,39.800000000000004,39.615,25,56,7923,2017,2.120675024282908,60,0.8176884014047737,0.01635376802809548,17.407103203929648,15.72791159243056,2.458679125513631,11.200349195429913,29,"{""0"": 0.020643223607014777, ""1"": 0.0182827575710236, ""2"": 0.01586675450833596, ""3"": 0.011588597244673727, ""4"": 0.011902996700046312, ""5"": 0.019838278537478486}"
frozen_unmatched,200,p0.20_f0.875,0.875,1.0,1,0.2,39.800000000000004,39.615,25,56,7923,2017,2.120675024282908,70,0.7738621670420889,0.01547724334084178,5.787698160661106,16.06746077705276,2.4601247804839748,9.498401603498339,27,"{""0"": 0.018363942300775052, ""1"": 0.019346340680036267, ""2"": 0.015265220879576413, ""3"": 0.010438774535937351, ""4"": 0.01075534297822671, ""5"": 0.01869383867049888}"
frozen_unmatched,200,p0.20_f0.875,0.875,1.0,1,0.2,39.800000000000004,39.615,25,56,7923,2017,2.120675024282908,80,0.7633315336712229,0.01526663067342446,25.971512884058928,16.166133893995923,2.476455861411215,9.352060383000591,27,"{""0"": 0.01868474627607983, ""1"": 0.017077254753032237, ""2"": 0.016405833408835162, ""3"": 0.010730154136672526, ""4"": 0.010989855883828597, ""5"": 0.017711939582098407}"
frozen_unmatched,200,p0.20_f0.875,0.875,1.0,1,0.2,39.800000000000004,39.615,25,56,7923,2017,2.120675024282908,90,0.7552876739270782,0.015105753478541565,15.40422821353038,16.107628586779565,2.469966684624803,10.009423439182193,28,"{""0"": 0.01774663151302911, ""1"": 0.017614752551096957, ""2"": 0.01609553865564998, ""3"": 0.010703280454229778, ""4"": 0.010934916951534422, ""5"": 0.017539400745709144}"
frozen_unmatched,200,p0.20_f0.875,0.875,1.0,1,0.2,39.800000000000004,39.615,25,56,7923,2017,2.120675024282908,100,0.7472107723219533,0.014944215446439068,11.910509882731795,16.287877144256402,2.4750844622393497,9.576517612748304,27,"{""0"": 0.017245717286317682, ""1"": 0.01807693570165027, ""2"": 0.017769354824266437, ""3"": 0.00894249844988734, ""4"": 0.010554619318505997, ""5"": 0.017076167098006682}"
frozen_unmatched,200,p0.20_f0.875,0.875,1.0,1,0.2,39.800000000000004,39.615,25,56,7923,2017,2.120675024282908,110,0.7280258981739307,0.014560517963478617,12.711720103456704,16.419790691905863,2.4681357312443137,9.348990527031576,27,"{""0"": 0.016667171682406525, ""1"": 0.017645478044307838, ""2"": 0.017458073229918113, ""3"": 0.008323061011441809, ""4"": 0.010141966163612959, ""5"": 0.017127357649184452}"
frozen_unmatched,200,p0.20_f0.875,0.875,1.0,1,0.2,39.800000000000004,39.615,25,56,7923,2017,2.120675024282908,120,0.7241444049385053,0.01448288809877011,21.85788395646146,16.37907497685245,2.451715048560859,9.077588427537064,27,"{""0"": 0.016688404635728574, ""1"": 0.017586685660553263, ""2"": 0.017897716110843728, ""3"": 0.008157238625637267, ""4"": 0.009916301133490589, ""5"": 0.016650982426367235}"
frozen_unmatched,200,p0.20_f0.875,0.875,1.0,1,0.2,39.800000000000004,39.615,25,56,7923,2017,2.120675024282908,130,0.7201572711053148,0.014403145422106297,12.58713625895782,16.52347256327852,2.45864353192849,8.455125442837009,27,"{""0"": 0.016328115567914546, ""1"": 0.0176824717464251, ""2"": 0.01799355202736528, ""3"": 0.00823353627813382, ""4"": 0.009494855970089956, ""5"": 0.016686340942709068}"
frozen_unmatched,200,p0.20_f0.875,0.875,1.0,1,0.2,39.800000000000004,39.615,25,56,7923,2017,2.120675024282908,140,0.710593363955245,0.0142118672791049,28.724510102344443,16.538218480019257,2.4568413536186027,8.82710663319814,27,"{""0"": 0.01644482742982031, ""1"": 0.017108705886439604, ""2"": 0.01775671583628644, ""3"": 0.008336263462060962, ""4"": 0.00945360851421113, ""5"": 0.01617108254581095}"
frozen_unmatched,200,p0.20_f0.875,0.875,1.0,1,0.2,39.800000000000004,39.615,25,56,7923,2017,2.120675024282908,150,0.7084968007691883,0.014169936015383768,8.98424701701824,16.592722082349187,2.459894495947261,8.867471835175516,27,"{""0"": 0.017041534724048478, ""1"": 0.016642520886668934, ""2"": 0.017588027029637753, ""3"": 0.008171962138204713, ""4"": 0.009453850379698415, ""5"": 0.016121720934044313}"
frozen_unmatched,200,p0.20_f0.875,0.875,1.0,1,0.2,39.800000000000004,39.615,25,56,7923,2017,2.120675024282908,160,0.6943107426651842,0.013886214853303687,9.798150488369881,16.642290248529488,2.452339424972669,8.820591425586205,27,"{""0"": 0.01650641910390487, ""1"": 0.01645995498120397, ""2"": 0.017409058006061233, ""3"": 0.007940820922465768, ""4"": 0.00930985521641638, ""5"": 0.0156911808897699}"
frozen_unmatched,200,p0.20_f0.875,0.875,1.0,1,0.2,39.800000000000004,39.615,25,56,7923,2017,2.120675024282908,170,0.6696114048320441,0.013392228096640882,8.7622526891498,16.698042073377938,2.452840604419483,8.684003723643348,27,"{""0"": 0.015586855668754802, ""1"": 0.01579051624597398, ""2"": 0.017363890188643916, ""3"": 0.007724794067114503, ""4"": 0.008949209934707972, ""5"": 0.01493810247465012}"
frozen_unmatched,200,p0.20_f0.875,0.875,1.0,1,0.2,39.800000000000004,39.615,25,56,7923,2017,2.120675024282908,180,0.6512872078351526,0.013025744156703054,18.117911263997602,16.74247211379413,2.450255285636692,8.681569516367684,27,"{""0"": 0.015473049956326701, ""1"": 0.014298070191575394, ""2"": 0.01706585271040279, ""3"": 0.007545204790557704, ""4"": 0.008896214890785641, ""5"": 0.014876072400570085}"
frozen_unmatched,200,p0.20_f0.875,0.875,1.0,1,0.2,39.800000000000004,39.615,25,56,7923,2017,2.120675024282908,190,0.6422145296383212,0.012844290592766426,6.053073670762276,16.840598311828934,2.450712518434752,8.78922103694281,27,"{""0"": 0.015260447510128644, ""1"": 0.01367760851437839, ""2"": 0.01699762808309937, ""3"": 0.007341634192228497, ""4"": 0.009034775054102318, ""5"": 0.014753650202661334}"
frozen_unmatched,200,p0.20_f0.875,0.875,1.0,1,0.2,39.800000000000004,39.615,25,56,7923,2017,2.120675024282908,200,0.6398493266561367,0.012796986533122737,10.851939153196591,16.89970526671059,2.4554591710065834,8.636605284144242,26,"{""0"": 0.015307912961644122, ""1"": 0.013426009662660892, ""2"": 0.017377394959362844, ""3"": 0.007132093010682103, ""4"": 0.009075418499404627, ""5"": 0.014463090104981832}"
frozen_unmatched,200,p0.40_f0.500,0.5,1.0,1,0.4,79.60000000000001,79.945,59,97,15989,2017,1.9560497917410729,0,0.9959926634813754,0.01991985326962751,nan,0.0,1.9560497917410729,9.100755071933435,19,"{""0"": 0.019073143530908634, ""1"": 0.020910650130139017, ""2"": 0.017485952209216213, ""3"": 0.021961902969652492, ""4"": 0.020326853023508746, ""5"": 0.01976061775433996}"
frozen_unmatched,200,p0.40_f0.500,0.5,1.0,1,0.4,79.60000000000001,79.945,59,97,15989,2017,1.9560497917410729,10,1.0774352798780318,0.021548705597560638,13.480991303262167,14.681053409430326,2.2188064165197963,6.79185057168519,20,"{""0"": 0.02239080431465565, ""1"": 0.042514826793282036, ""2"": 0.014199173381367666, ""3"": 0.017467240830242085, ""4"": 0.016613552532139114, ""5"": 0.016106635733677262}"
frozen_unmatched,200,p0.40_f0.500,0.5,1.0,1,0.4,79.60000000000001,79.945,59,97,15989,2017,1.9560497917410729,20,0.9592538820052714,0.01918507764010543,7.356510839647785,15.770620905868734,2.265298091357698,4.550404187222597,18,"{""0"": 0.022030398706632422, ""1"": 0.01726011285557777, ""2"": 0.022827519489330542, ""3"": 0.027371924340981752, ""4"": 0.0071991254459304625, ""5"": 0.018421385002179613}"
frozen_unmatched,200,p0.40_f0.500,0.5,1.0,1,0.4,79.60000000000001,79.945,59,97,15989,2017,1.9560497917410729,30,0.7870852286388892,0.015741704572777786,35.7470668540974,15.755032587768861,2.196337379430706,5.760000414751334,19,"{""0"": 0.016818670231696694, ""1"": 0.01276573154495898, ""2"": 0.018489543082564053, ""3"": 0.01972118011331352, ""4"": 0.008703012858886429, ""5"": 0.017952089605247044}"
frozen_unmatched,200,p0.40_f0.500,0.5,1.0,1,0.4,79.60000000000001,79.945,59,97,15989,2017,1.9560497917410729,40,0.6929389509855912,0.013858779019711826,16.7730695676466,15.825636051672346,2.2558032563644774,6.723211116173969,20,"{""0"": 0.014991275820443229, ""1"": 0.014675900133739355, ""2"": 0.01441488718457708, ""3"": 0.012566205398835368, ""4"": 0.008733433916660389, ""5"": 0.017770971664015537}"
frozen_unmatched,200,p0.40_f0.500,0.5,1.0,1,0.4,79.60000000000001,79.945,59,97,15989,2017,1.9560497917410729,50,0.6559235128037023,0.01311847025607405,12.806885494000758,15.992759206129664,2.3066276590328547,6.456703330686959,20,"{""0"": 0.015199669626432202, ""1"": 0.015720454601598412, ""2"": 0.014845190310340628, ""3"": 0.005913566917214204, ""4"": 0.009214246165938, ""5"": 0.01781769391492085}"
frozen_unmatched,200,p0.40_f0.500,0.5,1.0,1,0.4,79.60000000000001,79.945,59,97,15989,2017,1.9560497917410729,60,0.6501536052102208,0.013003072104204419,5.799895542802325,16.190635975969677,2.334493692948975,6.117892890943209,19,"{""0"": 0.01537315849300847, ""1"": 0.015992539679663336, ""2"": 0.014510427935951564, ""3"": 0.0052528829256683895, ""4"": 0.01058886780809884, ""5"": 0.0163005557828359}"
frozen_unmatched,200,p0.40_f0.500,0.5,1.0,1,0.4,79.60000000000001,79.945,59,97,15989,2017,1.9560497917410729,70,0.6393743679527041,0.012787487359054083,20.78696486601585,16.132637111467552,2.3084731066401396,6.0718682681275,19,"{""0"": 0.01618591417767698, ""1"": 0.014817706121715605, ""2"": 0.016599826938889443, ""3"": 0.005441623975887694, ""4"": 0.00863031092223238, ""5"": 0.01504954201792241}"
frozen_unmatched,200,p0.40_f0.500,0.5,1.0,1,0.4,79.60000000000001,79.945,59,97,15989,2017,1.9560497917410729,80,0.6329096978471613,0.012658193956943228,14.84097939865025,16.245354971747343,2.2988844348981754,6.114588984149686,19,"{""0"": 0.0175935096410478, ""1"": 0.014536959176947025, ""2"": 0.017103729317009507, ""3"": 0.004877759935092813, ""4"": 0.008234320632297312, ""5"": 0.013602885039264923}"
frozen_unmatched,200,p0.40_f0.500,0.5,1.0,1,0.4,79.60000000000001,79.945,59,97,15989,2017,1.9560497917410729,90,0.5755289041957303,0.011510578083914607,8.05601077363502,16.277869271309385,2.294724168995904,6.095888179560879,20,"{""0"": 0.013406884867017054, ""1"": 0.014826518669088861, ""2"": 0.01465876584819254, ""3"": 0.004976272125555287, ""4"": 0.0075625598350694875, ""5"": 0.013632467158564417}"
frozen_unmatched,200,p0.40_f0.500,0.5,1.0,1,0.4,79.60000000000001,79.945,59,97,15989,2017,1.9560497917410729,100,0.5789729336830188,0.011579458673660378,11.791737582739426,16.407027921565962,2.291780502540183,5.951333021077565,19,"{""0"": 0.014903788774173884, ""1"": 0.013662127669031474, ""2"": 0.015435053185262101, ""3"": 0.005005150203597124, ""4"": 0.007272920972697161, ""5"": 0.01319771123720052}"
frozen_unmatched,200,p0.40_f0.500,0.5,1.0,1,0.4,79.60000000000001,79.945,59,97,15989,2017,1.9560497917410729,110,0.5789414654818368,0.011578829309636737,10.167200271596535,16.459921888325304,2.296186205702885,5.8250590985491595,19,"{""0"": 0.015249660973634819, ""1"": 0.015010893317438262, ""2"": 0.013248508797880833, ""3"": 0.005272812512776008, ""4"": 0.006740984362753795, ""5"": 0.013950115893336714}"
frozen_unmatched,200,p0.40_f0.500,0.5,1.0,1,0.4,79.60000000000001,79.945,59,97,15989,2017,1.9560497917410729,120,0.5782601759966491,0.011565203519932983,7.940929087498431,16.560639031554327,2.295084855958925,5.614347218219655,19,"{""0"": 0.015806272912970355, ""1"": 0.01588231180475562, ""2"": 0.011813888540952574, ""3"": 0.004939611526507376, ""4"": 0.007090418272836243, ""5"": 0.013858718061575731}"
frozen_unmatched,200,p0.40_f0.500,0.5,1.0,1,0.4,79.60000000000001,79.945,59,97,15989,2017,1.9560497917410729,130,0.5711670667529191,0.011423341335058382,3.3709195773864056,16.71657945156114,2.3097331989128693,5.325890427167028,18,"{""0"": 0.01628679257428329, ""1"": 0.015228251607852832, ""2"": 0.010929078376550373, ""3"": 0.0051323966679690195, ""4"": 0.006360587883867792, ""5"": 0.014602940899826989}"
frozen_unmatched,200,p0.40_f0.500,0.5,1.0,1,0.4,79.60000000000001,79.945,59,97,15989,2017,1.9560497917410729,140,0.5723923730141119,0.01144784746028224,20.760882731641093,16.77390757925154,2.3046332733647246,5.315021346371677,18,"{""0"": 0.016220812092506993, ""1"": 0.015642207567462634, ""2"": 0.011083720393436372, ""3"": 0.005066382964770065, ""4"": 0.006150206875316601, ""5"": 0.01452375486820077}"
frozen_unmatched,200,p0.40_f0.500,0.5,1.0,1,0.4,79.60000000000001,79.945,59,97,15989,2017,1.9560497917410729,150,0.5673219619500114,0.01134643923900023,5.126467284888284,16.864710835679638,2.306393345864951,4.9394369786617816,17,"{""0"": 0.01670402487871396, ""1"": 0.01618020090527637, ""2"": 0.009931780949876777, ""3"": 0.005150715468989146, ""4"": 0.005740306792555879, ""5"": 0.014371606438589243}"
frozen_unmatched,200,p0.40_f0.500,0.5,1.0,1,0.4,79.60000000000001,79.945,59,97,15989,2017,1.9560497917410729,160,0.5565014960159866,0.011130029920319733,3.9334310219505246,16.983942451295825,2.3125732466340874,4.820656469272137,17,"{""0"": 0.016475058328451815, ""1"": 0.015999800471452323, ""2"": 0.009201519106893883, ""3"": 0.005301642591416695, ""4"": 0.005482607631105014, ""5"": 0.014319551392598667}"
frozen_unmatched,200,p0.40_f0.500,0.5,1.0,1,0.4,79.60000000000001,79.945,59,97,15989,2017,1.9560497917410729,170,0.5517723217128063,0.011035446434256128,13.893272693790674,17.059837704745647,2.3102176057967743,4.590454801940769,17,"{""0"": 0.016834992692834026, ""1"": 0.015708864423714254, ""2"": 0.00810330244574229, ""3"": 0.00535007110785275, ""4"": 0.005437170443948988, ""5"": 0.014778277491444461}"
frozen_unmatched,200,p0.40_f0.500,0.5,1.0,1,0.4,79.60000000000001,79.945,59,97,15989,2017,1.9560497917410729,180,0.5521405705310417,0.011042811410620836,20.719833762257647,17.095078972378296,2.3082834187593293,4.3852494782309845,17,"{""0"": 0.01667229207058021, ""1"": 0.015661567030379075, ""2"": 0.007389873498083757, ""3"": 0.0062314306776607, ""4"": 0.005267462384434573, ""5"": 0.015034242802586698}"
frozen_unmatched,200,p0.40_f0.500,0.5,1.0,1,0.4,79.60000000000001,79.945,59,97,15989,2017,1.9560497917410729,190,0.5568558509640935,0.011137117019281871,4.372179084369102,17.172338009804953,2.3018128558967548,4.29655723798281,16,"{""0"": 0.017248233634126996, ""1"": 0.015508738008337913, ""2"": 0.007080672776803245, ""3"": 0.0063310549414580045, ""4"": 0.005262105404167756, ""5"": 0.015391897350797327}"
frozen_unmatched,200,p0.40_f0.500,0.5,1.0,1,0.4,79.60000000000001,79.945,59,97,15989,2017,1.9560497917410729,200,0.5605700319813086,0.011211400639626175,6.965558266064432,17.269119185823843,2.3085357824428416,4.19617683395953,16,"{""0"": 0.01797998719160115, ""1"": 0.015086101403273433, ""2"": 0.007145509332677646, ""3"": 0.0061746449586422645, ""4"": 0.00512405824185863, ""5"": 0.015758102709703924}"
frozen_unmatched,200,p0.40_f0.750,0.75,1.0,1,0.4,79.60000000000001,79.945,59,97,15989,2017,2.10243612025965,0,0.9967234164643526,0.019934468329287053,nan,0.0,2.10243612025965,9.640196364227782,22,"{""0"": 0.019087347783488168, ""1"": 0.020663991397806628, ""2"": 0.0171522687943883, ""3"": 0.02172741073618896, ""4"": 0.02095928552676543, ""5"": 0.020016505737084845}"
frozen_unmatched,200,p0.40_f0.750,0.75,1.0,1,0.4,79.60000000000001,79.945,59,97,15989,2017,2.10243612025965,10,1.0481000467395982,0.020962000934791968,13.420433410135095,13.907330211038966,2.411095848506013,5.92632374481743,20,"{""0"": 0.02605060591638827, ""1"": 0.0382883907701961, ""2"": 0.013748931638253067, ""3"": 0.01407270381565794, ""4"": 0.01290850839649385, ""5"": 0.020702865071762572}"
frozen_unmatched,200,p0.40_f0.750,0.75,1.0,1,0.4,79.60000000000001,79.945,59,97,15989,2017,2.10243612025965,20,0.944009230108208,0.018880184602164164,30.631109642199007,14.40097541813152,2.457550796341166,3.807752792297783,17,"{""0"": 0.02413098665791839, ""1"": 0.012452365691389987, ""2"": 0.022757961203251843, ""3"": 0.01780750013092816, ""4"": 0.005762216748703393, ""5"": 0.03037007718079321}"
frozen_unmatched,200,p0.40_f0.750,0.75,1.0,1,0.4,79.60000000000001,79.945,59,97,15989,2017,2.10243612025965,30,0.8856747504817065,0.017713495009634133,6.5745143745296835,14.56996330403981,2.415066440828709,4.429727503907229,19,"{""0"": 0.02109464113729246, ""1"": 0.009977941230722567, ""2"": 0.023283359481866883, ""3"": 0.015986514065994183, ""4"": 0.006274403655492672, ""5"": 0.029664110486436045}"
frozen_unmatched,200,p0.40_f0.750,0.75,1.0,1,0.4,79.60000000000001,79.945,59,97,15989,2017,2.10243612025965,40,0.8066823394828269,0.01613364678965654,10.105292765319344,14.886297438566798,2.4181577136523424,4.506501041759576,18,"{""0"": 0.01856970382228063, ""1"": 0.011553300955097922, ""2"": 0.01801695404277677, ""3"": 0.015031260307871603, ""4"": 0.006672167583387846, ""5"": 0.026958494026524466}"
frozen_unmatched,200,p0.40_f0.750,0.75,1.0,1,0.4,79.60000000000001,79.945,59,97,15989,2017,2.10243612025965,50,0.7962693287565155,0.01592538657513031,17.912242118478307,15.278741457455329,2.4346061902900433,4.6259818546125935,20,"{""0"": 0.018094927285464413, ""1"": 0.014994852195298563, ""2"": 0.01908094956430839, ""3"": 0.011167181300515017, ""4"": 0.007826743046118597, ""5"": 0.024387666059076874}"
frozen_unmatched,200,p0.40_f0.750,0.75,1.0,1,0.4,79.60000000000001,79.945,59,97,15989,2017,2.10243612025965,60,0.7255698890344109,0.014511397780688218,3.610037517853522,15.396089806034258,2.446472567099827,5.156293950425109,21,"{""0"": 0.016589432698247763, ""1"": 0.014673877262722785, ""2"": 0.014929721769122235, ""3"": 0.010295902383500942, ""4"": 0.008628000878800671, ""5"": 0.021951451691734923}"
frozen_unmatched,200,p0.40_f0.750,0.75,1.0,1,0.4,79.60000000000001,79.945,59,97,15989,2017,2.10243612025965,70,0.7287603314135687,0.014575206628271376,19.724545280430874,15.548282536578592,2.465457383901702,5.075082100784466,20,"{""0"": 0.01728206151019824, ""1"": 0.01455555021976453, ""2"": 0.017776911203332642, ""3"": 0.00930000059223773, ""4"": 0.008324099110111088, ""5"": 0.020212617133984014}"
frozen_unmatched,200,p0.40_f0.750,0.75,1.0,1,0.4,79.60000000000001,79.945,59,97,15989,2017,2.10243612025965,80,0.7591225591891848,0.015182451183783698,18.04277149690183,15.656157398000975,2.4712580211548545,4.9643488145477095,21,"{""0"": 0.018282842744015385, ""1"": 0.014462956860841019, ""2"": 0.021226845260148806, ""3"": 0.009557794458719697, ""4"": 0.007957376487335086, ""5"": 0.019606891291642205}"
frozen_unmatched,200,p0.40_f0.750,0.75,1.0,1,0.4,79.60000000000001,79.945,59,97,15989,2017,2.10243612025965,90,0.740501279836165,0.0148100255967233,7.131609501259376,15.74061976984399,2.4831050145720295,5.024400647490088,21,"{""0"": 0.01795235816184288, ""1"": 0.015604265167777267, ""2"": 0.017813617193043967, ""3"": 0.009234902803325926, ""4"": 0.008436284290398095, ""5"": 0.019818725963951667}"
frozen_unmatched,200,p0.40_f0.750,0.75,1.0,1,0.4,79.60000000000001,79.945,59,97,15989,2017,2.10243612025965,100,0.8007285418394303,0.01601457083678861,19.229120022453465,15.934337257002475,2.4908472826843404,4.98775739002515,20,"{""0"": 0.019970155271211033, ""1"": 0.01606599298277711, ""2"": 0.019086978414152016, ""3"": 0.009514636304870134, ""4"": 0.009405919278346355, ""5"": 0.022043742769374996}"
frozen_unmatched,200,p0.40_f0.750,0.75,1.0,1,0.4,79.60000000000001,79.945,59,97,15989,2017,2.10243612025965,110,0.73398041783295,0.014679608356659001,16.267939831233633,15.876501501053854,2.49007734243467,4.842933867013943,20,"{""0"": 0.016391964315445703, ""1"": 0.014488301501167946, ""2"": 0.018405614198229232, ""3"": 0.009259403482852448, ""4"": 0.007484989028636198, ""5"": 0.022047377613622472}"
frozen_unmatched,200,p0.40_f0.750,0.75,1.0,1,0.4,79.60000000000001,79.945,59,97,15989,2017,2.10243612025965,120,0.7205161280275056,0.014410322560550115,11.102178493893021,16.002345555908345,2.4933064607199023,4.736074115907407,19,"{""0"": 0.015809300497584167, ""1"": 0.013830090110176541, ""2"": 0.01905316209135521, ""3"": 0.008622497652607235, ""4"": 0.006377644882640245, ""5"": 0.02276924012893729}"
frozen_unmatched,200,p0.40_f0.750,0.75,1.0,1,0.4,79.60000000000001,79.945,59,97,15989,2017,2.10243612025965,130,0.6489155103489735,0.012978310206979473,15.815168352869556,16.0753844752751,2.4981114094580406,4.6816069783134076,19,"{""0"": 0.015482305154035897, ""1"": 0.012412953367223884, ""2"": 0.018428743007507447, ""3"": 0.005502020608975033, ""4"": 0.006295973033766583, ""5"": 0.019747866070368}"
frozen_unmatched,200,p0.40_f0.750,0.75,1.0,1,0.4,79.60000000000001,79.945,59,97,15989,2017,2.10243612025965,140,0.6270548278270152,0.012541096556540305,16.719887364451193,16.156064560937057,2.5053832903381714,4.783390609215144,19,"{""0"": 0.015508513120733775, ""1"": 0.012398531232394056, ""2"": 0.01679944386028425, ""3"": 0.005512662575313504, ""4"": 0.006031818056829794, ""5"": 0.01899561049368645}"
frozen_unmatched,200,p0.40_f0.750,0.75,1.0,1,0.4,79.60000000000001,79.945,59,97,15989,2017,2.10243612025965,150,0.6328558839740522,0.012657117679481047,8.490574311155402,16.22105653136738,2.512265959607624,4.817541164277229,19,"{""0"": 0.015697968071721156, ""1"": 0.01260454228127376, ""2"": 0.016192839863073457, ""3"": 0.005513481364720818, ""4"": 0.005768449223889837, ""5"": 0.020165425272207247}"
frozen_unmatched,200,p0.40_f0.750,0.75,1.0,1,0.4,79.60000000000001,79.945,59,97,15989,2017,2.10243612025965,160,0.6221378340578096,0.012442756681156195,21.44825303541612,16.237639897096006,2.515254747130768,4.678586381015098,19,"{""0"": 0.015206360290788382, ""1"": 0.012511061806324044, ""2"": 0.01534112059553476, ""3"": 0.005611327010808079, ""4"": 0.005646926644045848, ""5"": 0.02033974373943606}"
frozen_unmatched,200,p0.40_f0.750,0.75,1.0,1,0.4,79.60000000000001,79.945,59,97,15989,2017,2.10243612025965,170,0.6290279456194497,0.012580558912388998,14.943646206464745,16.36041004736175,2.5167161118837305,4.606312427206131,19,"{""0"": 0.015273983016344648, ""1"": 0.01236628758946658, ""2"": 0.015448943236850296, ""3"": 0.005648109666053736, ""4"": 0.005543473543595557, ""5"": 0.021202556422023157}"
frozen_unmatched,200,p0.40_f0.750,0.75,1.0,1,0.4,79.60000000000001,79.945,59,97,15989,2017,2.10243612025965,180,0.6207828025318242,0.012415656050636485,48.82840432979373,16.37594409540874,2.5171419691146384,4.52769502924848,19,"{""0"": 0.01592699346348913, ""1"": 0.011850346155851055, ""2"": 0.015759532551315403, ""3"": 0.005671325560982503, ""4"": 0.005656414315463798, ""5"": 0.01962932425671703}"
frozen_unmatched,200,p0.40_f0.750,0.75,1.0,1,0.4,79.60000000000001,79.945,59,97,15989,2017,2.10243612025965,190,0.6098873100044957,0.012197746200089914,2.464056221187872,16.416858438002215,2.517279644742838,4.723578420571092,19,"{""0"": 0.015772689240403835, ""1"": 0.01173200997642557, ""2"": 0.015314559009117105, ""3"": 0.005876892854802732, ""4"": 0.005977164985194705, ""5"": 0.01851316113459553}"
frozen_unmatched,200,p0.40_f0.750,0.75,1.0,1,0.4,79.60000000000001,79.945,59,97,15989,2017,2.10243612025965,200,0.613728227458572,0.012274564549171443,7.870067897416158,16.489037767895145,2.519609100239576,4.741532993696684,19,"{""0"": 0.01650991302215791, ""1"": 0.01157452688335819, ""2"": 0.015374962474332923, ""3"": 0.005893143523079067, ""4"": 0.006199671314578155, ""5"": 0.018095170077522406}"
frozen_unmatched,200,p0.40_f0.875,0.875,1.0,1,0.4,79.60000000000001,79.945,59,97,15989,2017,2.166057664449795,0,0.9951483698424034,0.01990296739684807,nan,0.0,2.166057664449795,9.33345846376685,24,"{""0"": 0.01899370846880095, ""1"": 0.02068578861249117, ""2"": 0.017606983549571225, ""3"": 0.021699146642622284, ""4"": 0.021037308645142243, ""5"": 0.019394868462460545}"
frozen_unmatched,200,p0.40_f0.875,0.875,1.0,1,0.4,79.60000000000001,79.945,59,97,15989,2017,2.166057664449795,10,0.9408723837288926,0.018817447674577856,8.670521280673283,13.6425378538509,2.4878293096081476,5.586590327330409,23,"{""0"": 0.022306428927938163, ""1"": 0.04265106510480686, ""2"": 0.004906263587059027, ""3"": 0.023926925206183898, ""4"": 0.00787492350235502, ""5"": 0.011239079719124157}"
frozen_unmatched,200,p0.40_f0.875,0.875,1.0,1,0.4,79.60000000000001,79.945,59,97,15989,2017,2.166057664449795,20,0.8812640805879773,0.01762528161175955,13.458815625263506,14.96793789743513,2.537434843228114,5.648786132302121,23,"{""0"": 0.026855360380195547, ""1"": 0.006907919901123985, ""2"": 0.020999932578637307, ""3"": 0.028990217495466125, ""4"": 0.010976430790377646, ""5"": 0.011021828524756694}"
frozen_unmatched,200,p0.40_f0.875,0.875,1.0,1,0.4,79.60000000000001,79.945,59,97,15989,2017,2.166057664449795,30,0.8547859039098457,0.017095718078196917,9.834064051151698,15.29660084585394,2.4659828295108244,6.563917249984546,24,"{""0"": 0.02670690919892914, ""1"": 0.010233847744610619, ""2"": 0.016113125143418856, ""3"": 0.026963341736345535, ""4"": 0.011322766925347153, ""5"": 0.011234317720530188}"
frozen_unmatched,200,p0.40_f0.875,0.875,1.0,1,0.4,79.60000000000001,79.945,59,97,15989,2017,2.166057664449795,40,0.7506869952908531,0.015013739905817065,4.720914009173958,14.936519156493121,2.4725311825253313,7.274189207765297,24,"{""0"": 0.02186800248395791, ""1"": 0.010450195480623335, ""2"": 0.011895196705373857, ""3"": 0.022975923302824514, ""4"": 0.012604483776628784, ""5"": 0.010288637685493976}"
frozen_unmatched,200,p0.40_f0.875,0.875,1.0,1,0.4,79.60000000000001,79.945,59,97,15989,2017,2.166057664449795,50,0.7286541605801877,0.014573083211603756,17.8411657513929,15.083556106677063,2.4632718115412335,7.506662233489279,25,"{""0"": 0.020771483519077247, ""1"": 0.012537529525039105, ""2"": 0.011938420411081771, ""3"": 0.020677448119338027, ""4"": 0.0132347089724632, ""5"": 0.008278908722623182}"
frozen_unmatched,200,p0.40_f0.875,0.875,1.0,1,0.4,79.60000000000001,79.945,59,97,15989,2017,2.166057664449795,60,0.7134295055067448,0.014268590110134899,28.410661318522756,15.05849247921289,2.453876531087631,7.603963317461037,25,"{""0"": 0.02026096592579354, ""1"": 0.013061513050663725, ""2"": 0.011642272856479823, ""3"": 0.01995198755852791, ""4"": 0.013055832215873805, ""5"": 0.007638969053470596}"
frozen_unmatched,200,p0.40_f0.875,0.875,1.0,1,0.4,79.60000000000001,79.945,59,97,15989,2017,2.166057664449795,70,0.7048848750585968,0.014097697501171938,9.166714801157648,15.111515432243667,2.4590437053538734,7.269133489300033,25,"{""0"": 0.02099549439435206, ""1"": 0.012011904962900574, ""2"": 0.011927837173907503, ""3"": 0.0185466300586281, ""4"": 0.013201411552024877, ""5"": 0.007902906865218506}"
frozen_unmatched,200,p0.40_f0.875,0.875,1.0,1,0.4,79.60000000000001,79.945,59,97,15989,2017,2.166057664449795,80,0.7224188865939069,0.01444837773187814,5.557584383413292,15.200895157878907,2.446900888657357,7.346346110355346,25,"{""0"": 0.021920553148364646, ""1"": 0.011718262666479467, ""2"": 0.012872905866516071, ""3"": 0.019074406606293153, ""4"": 0.012180261969628733, ""5"": 0.008923876133986772}"
frozen_unmatched,200,p0.40_f0.875,0.875,1.0,1,0.4,79.60000000000001,79.945,59,97,15989,2017,2.166057664449795,90,0.7008759567033767,0.014017519134067534,10.302803629182137,15.114286279148041,2.383528233543142,7.7588806569846005,25,"{""0"": 0.020728538243770085, ""1"": 0.012568598251451008, ""2"": 0.01242815280614155, ""3"": 0.01785095101035989, ""4"": 0.012142012744373291, ""5"": 0.008386861748309368}"
frozen_unmatched,200,p0.40_f0.875,0.875,1.0,1,0.4,79.60000000000001,79.945,59,97,15989,2017,2.166057664449795,100,0.7218338057963198,0.014436676115926398,10.707984080308426,15.171899348951419,2.37864347353217,7.883219603710021,25,"{""0"": 0.02141621654965006, ""1"": 0.013158285452289248, ""2"": 0.013601378375429374, ""3"": 0.01869646674527798, ""4"": 0.012222038646198714, ""5"": 0.007525670926713019}"
frozen_unmatched,200,p0.40_f0.875,0.875,1.0,1,0.4,79.60000000000001,79.945,59,97,15989,2017,2.166057664449795,110,0.7061953489737843,0.014123906979475688,5.1136497877287255,15.14967709838642,2.3809692106803215,7.585982492677944,25,"{""0"": 0.021207062581385973, ""1"": 0.013628621354217852, ""2"": 0.013187623715933603, ""3"": 0.018347259229983683, ""4"": 0.011161189759995504, ""5"": 0.007211685235337521}"
frozen_unmatched,200,p0.40_f0.875,0.875,1.0,1,0.4,79.60000000000001,79.945,59,97,15989,2017,2.166057664449795,120,0.696678110218123,0.013933562204362463,8.265895422241321,15.151650987611825,2.38085773356644,7.666654257675846,25,"{""0"": 0.02115717614110873, ""1"": 0.013413436549107144, ""2"": 0.013453890019045654, ""3"": 0.017085813899345277, ""4"": 0.011047196802076878, ""5"": 0.007443859815491091}"
frozen_unmatched,200,p0.40_f0.875,0.875,1.0,1,0.4,79.60000000000001,79.945,59,97,15989,2017,2.166057664449795,130,0.700444174882893,0.014008883497657863,15.793394076648136,15.24026499833878,2.385270417576938,7.512273028543274,25,"{""0"": 0.02163259438471702, ""1"": 0.013535468721484816, ""2"": 0.013229675253106926, ""3"": 0.017240339775448275, ""4"": 0.010346042428022393, ""5"": 0.008069180423167736}"
frozen_unmatched,200,p0.40_f0.875,0.875,1.0,1,0.4,79.60000000000001,79.945,59,97,15989,2017,2.166057664449795,140,0.6863393660835191,0.013726787321670384,11.310536127960905,15.26949736167364,2.384350582323553,7.662019422172317,26,"{""0"": 0.020244844708901512, ""1"": 0.013719235740942142, ""2"": 0.012991794250924777, ""3"": 0.017337226319358225, ""4"": 0.009895276792494105, ""5"": 0.00817234611740154}"
frozen_unmatched,200,p0.40_f0.875,0.875,1.0,1,0.4,79.60000000000001,79.945,59,97,15989,2017,2.166057664449795,150,0.6857962136424708,0.013715924272849418,10.177362736764241,15.315033251333091,2.3893378695985916,7.867641118498784,26,"{""0"": 0.020341321572806187, ""1"": 0.014151470107183872, ""2"": 0.01327112794710881, ""3"": 0.017075893419765016, ""4"": 0.009536638008598693, ""5"": 0.007919094581633932}"
frozen_unmatched,200,p0.40_f0.875,0.875,1.0,1,0.4,79.60000000000001,79.945,59,97,15989,2017,2.166057664449795,160,0.6987460106341785,0.013974920212683572,5.212773934276607,15.390427206722862,2.414782559969222,7.727082582179662,26,"{""0"": 0.02098251098533692, ""1"": 0.015342273923612626, ""2"": 0.012965250701496053, ""3"": 0.017132268922986287, ""4"": 0.008788195375158916, ""5"": 0.008639021367510623}"
frozen_unmatched,200,p0.40_f0.875,0.875,1.0,1,0.4,79.60000000000001,79.945,59,97,15989,2017,2.166057664449795,170,0.6965301369117948,0.013930602738235896,15.104214386091066,15.39805906192966,2.391430108073165,7.682812122701107,26,"{""0"": 0.020687723599694126, ""1"": 0.015140687972378173, ""2"": 0.013040816881669614, ""3"": 0.01720847036344013, ""4"": 0.008976321624419394, ""5"": 0.008529595987813946}"
frozen_unmatched,200,p0.40_f0.875,0.875,1.0,1,0.4,79.60000000000001,79.945,59,97,15989,2017,2.166057664449795,180,0.7067463450832644,0.014134926901665288,48.86994956831188,15.408663203784087,2.3912986014242072,7.7893144889834325,26,"{""0"": 0.020851232108165287, ""1"": 0.015618962727551661, ""2"": 0.012368106090168626, ""3"": 0.017526090234191823, ""4"": 0.009204818833450212, ""5"": 0.009240351416464124}"
frozen_unmatched,200,p0.40_f0.875,0.875,1.0,1,0.4,79.60000000000001,79.945,59,97,15989,2017,2.166057664449795,190,0.6828616764079355,0.013657233528158712,5.642055514048216,15.483699029975428,2.3978596371434158,7.714202740420514,26,"{""0"": 0.021164964190099864, ""1"": 0.013954259772321492, ""2"": 0.011008381190312461, ""3"": 0.017686844446750623, ""4"": 0.009253381322196025, ""5"": 0.008875570247271798}"
frozen_unmatched,200,p0.40_f0.875,0.875,1.0,1,0.4,79.60000000000001,79.945,59,97,15989,2017,2.166057664449795,200,0.678894667144672,0.01357789334289344,7.827848540834517,15.565972027010606,2.4024060044845177,7.891774912129825,26,"{""0"": 0.0211868630912427, ""1"": 0.01389715503406332, ""2"": 0.009747793004466921, ""3"": 0.017547790985027647, ""4"": 0.009871825788779764, ""5"": 0.009215932153780292}"
frozen_unmatched,200,p0.10_f0.500,0.5,1.0,2,0.1,19.900000000000002,20.31,8,36,4062,1939,2.0305360558504812,0,1.0012846607369168,0.02002569321473834,nan,0.0,2.0305360558504812,4.6187929998243415,16,"{""0"": 0.019663432762571324, ""1"": 0.022758601926552133, ""2"": 0.01931855614754805, ""3"": 0.020640283550343724, ""4"": 0.02005758767954926, ""5"": 0.017715697221865542}"
frozen_unmatched,200,p0.10_f0.500,0.5,1.0,2,0.1,19.900000000000002,20.31,8,36,4062,1939,2.0305360558504812,10,0.6063474821740729,0.012126949643481459,5.482883264668033,14.491230600707958,2.2534277713191004,4.206387225303671,14,"{""0"": 0.025031227512781768, ""1"": 0.008842650569991634, ""2"": 0.005731027737288399, ""3"": 0.01041425211588012, ""4"": 0.01704877410194531, ""5"": 0.005693765823001528}"
frozen_unmatched,200,p0.10_f0.500,0.5,1.0,2,0.1,19.900000000000002,20.31,8,36,4062,1939,2.0305360558504812,20,0.585343247590022,0.011706864951800441,16.533048406466225,15.804436759143941,2.3484117684449988,4.078187930021777,14,"{""0"": 0.028373871243629528, ""1"": 0.0070243276482140835, ""2"": 0.009498870935643387, ""3"": 0.005035627588542292, ""4"": 0.013907077467905923, ""5"": 0.006401414826867442}"
frozen_unmatched,200,p0.10_f0.500,0.5,1.0,2,0.1,19.900000000000002,20.31,8,36,4062,1939,2.0305360558504812,30,0.5220088831530532,0.010440177663061066,3.297652448242449,16.26528266855935,2.3658126141409923,4.197479430522774,14,"{""0"": 0.02979637872391331, ""1"": 0.008798488050618416, ""2"": 0.007137388569016495, ""3"": 0.004900138026998737, ""4"": 0.006872461286529663, ""5"": 0.005136211321289777}"
frozen_unmatched,200,p0.10_f0.500,0.5,1.0,2,0.1,19.900000000000002,20.31,8,36,4062,1939,2.0305360558504812,40,0.5612356888144364,0.01122471377628873,18.365825086323945,16.689624487951722,2.3071082490941026,5.189788297742008,16,"{""0"": 0.01652770688237823, ""1"": 0.014379195744366635, ""2"": 0.012485428108077193, ""3"": 0.00407289331111009, ""4"": 0.015652117011166346, ""5"": 0.0042309416006339005}"
frozen_unmatched,200,p0.10_f0.500,0.5,1.0,2,0.1,19.900000000000002,20.31,8,36,4062,1939,2.0305360558504812,50,0.4434694729329069,0.00886938945865814,8.801267891459359,16.887226337125337,2.29721033843964,4.610083992519911,15,"{""0"": 0.015583176266314499, ""1"": 0.012030990428182268, ""2"": 0.006142338084385214, ""3"": 0.0062587504821523575, ""4"": 0.008118752957456404, ""5"": 0.005082328533458089}"
frozen_unmatched,200,p0.10_f0.500,0.5,1.0,2,0.1,19.900000000000002,20.31,8,36,4062,1939,2.0305360558504812,60,0.39095743742619893,0.00781914874852398,1.643434586382502,17.065434888862182,2.3034370097116734,4.3229563394717925,15,"{""0"": 0.014943363219313655, ""1"": 0.009926421556894861, ""2"": 0.005505821962607077, ""3"": 0.0067199004661551345, ""4"": 0.006104053193435583, ""5"": 0.003715332092737572}"
frozen_unmatched,200,p0.10_f0.500,0.5,1.0,2,0.1,19.900000000000002,20.31,8,36,4062,1939,2.0305360558504812,70,0.38242954441706484,0.007648590888341298,10.762842270178401,17.15575867699719,2.306758362339285,4.126780781923472,14,"{""0"": 0.017447308872512654, ""1"": 0.008347677071852338, ""2"": 0.004905698936682996, ""3"": 0.0056853233019704035, ""4"": 0.006159862029550995, ""5"": 0.0033456751174784035}"
frozen_unmatched,200,p0.10_f0.500,0.5,1.0,2,0.1,19.900000000000002,20.31,8,36,4062,1939,2.0305360558504812,80,0.389595919553272,0.0077919183910654406,1.459863403428969,17.32032390282401,2.2908423191221665,4.039405378330211,14,"{""0"": 0.018771453969162112, ""1"": 0.009035302747441697, ""2"": 0.0052672158210755, ""3"": 0.004379624242284263, ""4"": 0.005677889214935136, ""5"": 0.0036200243514939298}"
frozen_unmatched,200,p0.10_f0.500,0.5,1.0,2,0.1,19.900000000000002,20.31,8,36,4062,1939,2.0305360558504812,90,0.3776495500224065,0.007552991000448131,2.5214267773903027,17.312015966728268,2.279810168100769,4.051941517697897,14,"{""0"": 0.017852177167142203, ""1"": 0.008091385596810398, ""2"": 0.00612636956536315, ""3"": 0.004300544755763231, ""4"": 0.005152199576804252, ""5"": 0.0037952693408055543}"
frozen_unmatched,200,p0.10_f0.500,0.5,1.0,2,0.1,19.900000000000002,20.31,8,36,4062,1939,2.0305360558504812,100,0.36114556764065714,0.007222911352813144,4.2275425038894445,17.40685283983906,2.287305788552255,4.017975027021753,14,"{""0"": 0.016342463350293265, ""1"": 0.007643435817410773, ""2"": 0.005516099440897029, ""3"": 0.004398612704265929, ""4"": 0.0057159726503179025, ""5"": 0.0037208841536939654}"
frozen_unmatched,200,p0.10_f0.500,0.5,1.0,2,0.1,19.900000000000002,20.31,8,36,4062,1939,2.0305360558504812,110,0.34196335004454037,0.006839267000890809,19.139229681805684,17.493252119021804,2.2779505535944695,4.006862672184655,13,"{""0"": 0.014948135814213465, ""1"": 0.007640564587339594, ""2"": 0.005008518588614965, ""3"": 0.0036875147260755554, ""4"": 0.006053188339255522, ""5"": 0.0036976799498457495}"
frozen_unmatched,200,p0.10_f0.500,0.5,1.0,2,0.1,19.900000000000002,20.31,8,36,4062,1939,2.0305360558504812,120,0.3226241364647686,0.006452482729295373,3.9830869223461387,17.59686855596369,2.2907993538860216,4.100883739307798,14,"{""0"": 0.011998094621940831, ""1"": 0.008476551432390234, ""2"": 0.004463661228926362, ""3"": 0.003836426557266946, ""4"": 0.006430362997052486, ""5"": 0.0035097995381953772}"
frozen_unmatched,200,p0.10_f0.500,0.5,1.0,2,0.1,19.900000000000002,20.31,8,36,4062,1939,2.0305360558504812,130,0.35581910234143044,0.00711638204682861,21.675687681696445,17.63983186035692,2.2932820182361087,3.924911350517007,13,"{""0"": 0.013027658044071872, ""1"": 0.01096503092026641, ""2"": 0.004149543272860534, ""3"": 0.0040622952415788425, ""4"": 0.006699666936994364, ""5"": 0.00379409786519964}"
frozen_unmatched,200,p0.10_f0.500,0.5,1.0,2,0.1,19.900000000000002,20.31,8,36,4062,1939,2.0305360558504812,140,0.3384892442296571,0.006769784884593143,1.6884130729043338,17.685008179998903,2.2942224331460044,4.016001889845307,14,"{""0"": 0.012594576950984235, ""1"": 0.009842325245539263, ""2"": 0.0038678761117753925, ""3"": 0.003959521671350748, ""4"": 0.006768253409933452, ""5"": 0.0035861559179757732}"
frozen_unmatched,200,p0.10_f0.500,0.5,1.0,2,0.1,19.900000000000002,20.31,8,36,4062,1939,2.0305360558504812,150,0.3492953834448844,0.006985907668897689,5.980161799223057,17.742502247983378,2.2986823172205115,3.9130771697621842,13,"{""0"": 0.013007014227060854, ""1"": 0.010393597302791917, ""2"": 0.003741318849490009, ""3"": 0.004302662418614249, ""4"": 0.006904833423914028, ""5"": 0.0035660197915150784}"
frozen_unmatched,200,p0.10_f0.500,0.5,1.0,2,0.1,19.900000000000002,20.31,8,36,4062,1939,2.0305360558504812,160,0.355963438164514,0.007119268763290281,9.530780305141617,17.79338444970179,2.3048120215581847,3.7734826321917163,13,"{""0"": 0.012625071719773456, ""1"": 0.011037238229776786, ""2"": 0.0034780514749459756, ""3"": 0.004859107025578497, ""4"": 0.007048418431809676, ""5"": 0.0036677256978572977}"
frozen_unmatched,200,p0.10_f0.500,0.5,1.0,2,0.1,19.900000000000002,20.31,8,36,4062,1939,2.0305360558504812,170,0.3358354239119006,0.006716708478238013,8.903580806787984,17.844020277659034,2.3070779272009734,3.8370735316922975,13,"{""0"": 0.012165117561615469, ""1"": 0.008538441645906477, ""2"": 0.0034670364013955858, ""3"": 0.005235666320417839, ""4"": 0.007249680755929719, ""5"": 0.0036443081841629867}"
frozen_unmatched,200,p0.10_f0.500,0.5,1.0,2,0.1,19.900000000000002,20.31,8,36,4062,1939,2.0305360558504812,180,0.33352179364392087,0.006670435872878418,3.1353078521595905,17.84995976551017,2.3126389981810997,3.8498927874370907,13,"{""0"": 0.011876832271887247, ""1"": 0.008065417448847407, ""2"": 0.003541511798659873, ""3"": 0.005474320401790361, ""4"": 0.007039549369934721, ""5"": 0.004024983946150901}"
frozen_unmatched,200,p0.10_f0.500,0.5,1.0,2,0.1,19.900000000000002,20.31,8,36,4062,1939,2.0305360558504812,190,0.34363409838168596,0.00687268196763372,4.150573708754963,17.90080429510327,2.310967647536565,3.8556146762584786,13,"{""0"": 0.009973137509644101, ""1"": 0.011411592609409379, ""2"": 0.0033028128055507533, ""3"": 0.004931847860915379, ""4"": 0.007568684823260617, ""5"": 0.004048016197022085}"
frozen_unmatched,200,p0.10_f0.500,0.5,1.0,2,0.1,19.900000000000002,20.31,8,36,4062,1939,2.0305360558504812,200,0.3435267767106142,0.006870535534212285,18.129147894138004,17.977393588848955,2.306393206419507,3.897904598940969,13,"{""0"": 0.010627677344255682, ""1"": 0.011388522960867637, ""2"": 0.0033694606784371037, ""3"": 0.004076005406289167, ""4"": 0.0076958510961545115, ""5"": 0.004065695719269604}"
frozen_unmatched,200,p0.10_f0.750,0.75,1.0,2,0.1,19.900000000000002,20.31,8,36,4062,1939,2.1899448135962434,0,1.0214106929114866,0.02042821385822973,nan,0.0,2.1899448135962434,5.177593611167627,18,"{""0"": 0.019152363474762953, ""1"": 0.022536393804957693, ""2"": 0.021800942724125694, ""3"": 0.021172868985333063, ""4"": 0.019533321220140933, ""5"": 0.01837339294005806}"
frozen_unmatched,200,p0.10_f0.750,0.75,1.0,2,0.1,19.900000000000002,20.31,8,36,4062,1939,2.1899448135962434,10,0.797845032450639,0.01595690064901278,6.582256709270513,14.734115656195096,2.5579914062955984,5.845035684002916,19,"{""0"": 0.024302300744063376, ""1"": 0.01578352774950034, ""2"": 0.01350009239017545, ""3"": 0.007267459568043986, ""4"": 0.016722839719142388, ""5"": 0.018165183723151145}"
frozen_unmatched,200,p0.10_f0.750,0.75,1.0,2,0.1,19.900000000000002,20.31,8,36,4062,1939,2.1899448135962434,20,0.7510811755170802,0.015021623510341605,21.457387381853952,15.657493923553863,2.612439073226253,6.110675426523633,19,"{""0"": 0.02463370822145049, ""1"": 0.005928928968438728, ""2"": 0.012142833191348993, ""3"": 0.006555594750572753, ""4"": 0.022825220433920608, ""5"": 0.018043455496318063}"
frozen_unmatched,200,p0.10_f0.750,0.75,1.0,2,0.1,19.900000000000002,20.31,8,36,4062,1939,2.1899448135962434,30,0.6164703960609698,0.012329407921219396,10.729521866164893,15.770103962483978,2.4955977088962857,6.142247410761409,19,"{""0"": 0.022383798123277964, ""1"": 0.007862750765973942, ""2"": 0.005373561527457398, ""3"": 0.005791725725842902, ""4"": 0.019824562669702166, ""5"": 0.012740048715062024}"
frozen_unmatched,200,p0.10_f0.750,0.75,1.0,2,0.1,19.900000000000002,20.31,8,36,4062,1939,2.1899448135962434,40,0.47394778388563835,0.009478955677712769,8.69712206600241,16.03223554365175,2.4945168022820225,5.5150845664429,18,"{""0"": 0.014767345434372863, ""1"": 0.011444060098247746, ""2"": 0.006766874831063403, ""3"": 0.0048525360348479155, ""4"": 0.01388548068491251, ""5"": 0.00515743698283217}"
frozen_unmatched,200,p0.10_f0.750,0.75,1.0,2,0.1,19.900000000000002,20.31,8,36,4062,1939,2.1899448135962434,50,0.4385120893398368,0.008770241786796737,7.15907883785396,16.320975354501893,2.4954020087700726,4.881302948231897,17,"{""0"": 0.014266556599570757, ""1"": 0.01037649080047825, ""2"": 0.004274356143460902, ""3"": 0.00621786452128089, ""4"": 0.012643602457322243, ""5"": 0.004842580198667383}"
frozen_unmatched,200,p0.10_f0.750,0.75,1.0,2,0.1,19.900000000000002,20.31,8,36,4062,1939,2.1899448135962434,60,0.4086981474063367,0.008173962948126735,3.3420267984977587,16.465098460467654,2.4973975235464705,4.3209001377295975,16,"{""0"": 0.01713529834514273, ""1"": 0.009205322748412358, ""2"": 0.0036025272271065084, ""3"": 0.0063929419180481315, ""4"": 0.008790049736685013, ""5"": 0.0039176377133656685}"
frozen_unmatched,200,p0.10_f0.750,0.75,1.0,2,0.1,19.900000000000002,20.31,8,36,4062,1939,2.1899448135962434,70,0.41580013863748366,0.008316002772749674,9.005970907439135,16.606433052474877,2.520084444159,3.898961396022298,16,"{""0"": 0.019046808439470878, ""1"": 0.008558402420382022, ""2"": 0.0032138615853513986, ""3"": 0.007168427671402152, ""4"": 0.008637335437420518, ""5"": 0.0032711810824710722}"
frozen_unmatched,200,p0.10_f0.750,0.75,1.0,2,0.1,19.900000000000002,20.31,8,36,4062,1939,2.1899448135962434,80,0.4373927688295514,0.00874785537659103,3.555012223524222,16.596163074623888,2.531173059601687,3.822228244565266,15,"{""0"": 0.021389084213123306, ""1"": 0.009236932783300612, ""2"": 0.0033411506892945184, ""3"": 0.007353031804251518, ""4"": 0.007928032685827409, ""5"": 0.0032389000837488246}"
frozen_unmatched,200,p0.10_f0.750,0.75,1.0,2,0.1,19.900000000000002,20.31,8,36,4062,1939,2.1899448135962434,90,0.44398719365972633,0.008879743873194528,3.118057517100742,16.657936115401995,2.5408319212037114,4.0289481669777185,16,"{""0"": 0.02394459120927702, ""1"": 0.009426048285835018, ""2"": 0.003312002174708286, ""3"": 0.006584839501024833, ""4"": 0.006776960176743607, ""5"": 0.0032340218915783937}"
frozen_unmatched,200,p0.10_f0.750,0.75,1.0,2,0.1,19.900000000000002,20.31,8,36,4062,1939,2.1899448135962434,100,0.4596856650450237,0.009193713300900474,10.43076670603017,16.754381391030012,2.560606531763731,4.0890173599088575,16,"{""0"": 0.024351661368014817, ""1"": 0.008207766595874489, ""2"": 0.0034397418737658106, ""3"": 0.00774915562566621, ""4"": 0.006873200102467443, ""5"": 0.004540754239614084}"
frozen_unmatched,200,p0.10_f0.750,0.75,1.0,2,0.1,19.900000000000002,20.31,8,36,4062,1939,2.1899448135962434,110,0.4583222417417814,0.009166444834835629,20.632214080299864,16.869491775164462,2.580794597537387,4.24069349166871,16,"{""0"": 0.024177489374017223, ""1"": 0.007607924958519491, ""2"": 0.003434725082213769, ""3"": 0.006969315643816998, ""4"": 0.007197198298615032, ""5"": 0.005612015651831259}"
frozen_unmatched,200,p0.10_f0.750,0.75,1.0,2,0.1,19.900000000000002,20.31,8,36,4062,1939,2.1899448135962434,120,0.4316255584229172,0.008632511168458345,4.015734513838042,16.9301234271761,2.578159094571511,4.116475922461808,16,"{""0"": 0.023601904787322193, ""1"": 0.007420598862353574, ""2"": 0.003402659692936031, ""3"": 0.006779023340971087, ""4"": 0.007284091128078438, ""5"": 0.003306789199088751}"
frozen_unmatched,200,p0.10_f0.750,0.75,1.0,2,0.1,19.900000000000002,20.31,8,36,4062,1939,2.1899448135962434,130,0.41597448288974537,0.008319489657794908,2.2295351598786013,16.995304562747943,2.5721614339194563,4.093417895910605,16,"{""0"": 0.021992591544513274, ""1"": 0.006967994199429628, ""2"": 0.003302613395069162, ""3"": 0.007129803617762903, ""4"": 0.007225573065928134, ""5"": 0.003298362124066349}"
frozen_unmatched,200,p0.10_f0.750,0.75,1.0,2,0.1,19.900000000000002,20.31,8,36,4062,1939,2.1899448135962434,140,0.41568457935681136,0.008313691587136228,3.567545004895795,17.016578867399264,2.5680807351640818,4.050681863325146,15,"{""0"": 0.021998808381420747, ""1"": 0.007217633201328666, ""2"": 0.0032706096238355868, ""3"": 0.007252025003304949, ""4"": 0.0069864082066813365, ""5"": 0.0031566651062460795}"
frozen_unmatched,200,p0.10_f0.750,0.75,1.0,2,0.1,19.900000000000002,20.31,8,36,4062,1939,2.1899448135962434,150,0.41209107619893737,0.008241821523978747,1.4606505590731977,17.096074738695954,2.56900446109575,3.970858021454837,15,"{""0"": 0.021837592893108153, ""1"": 0.0069963813909152146, ""2"": 0.003174528474079658, ""3"": 0.007572594876326578, ""4"": 0.006992524144590807, ""5"": 0.0028773073648520734}"
frozen_unmatched,200,p0.10_f0.750,0.75,1.0,2,0.1,19.900000000000002,20.31,8,36,4062,1939,2.1899448135962434,160,0.40955340070015,0.008191068014003001,12.964808762399294,17.188239448198097,2.5713601368073453,3.9280887971237197,15,"{""0"": 0.021725237824189718, ""1"": 0.006939570465390625, ""2"": 0.0030865283852794137, ""3"": 0.007393528058826625, ""4"": 0.00726335547459363, ""5"": 0.0027381878757379925}"
frozen_unmatched,200,p0.10_f0.750,0.75,1.0,2,0.1,19.900000000000002,20.31,8,36,4062,1939,2.1899448135962434,170,0.38557669863051686,0.007711533972610338,4.1817378903134825,17.249198363572845,2.5852505032814497,4.074080455621577,15,"{""0"": 0.019129329464360856, ""1"": 0.00684034851718313, ""2"": 0.0031861079517839603, ""3"": 0.006925015865521027, ""4"": 0.007486639268156054, ""5"": 0.002701762768656998}"
frozen_unmatched,200,p0.10_f0.750,0.75,1.0,2,0.1,19.900000000000002,20.31,8,36,4062,1939,2.1899448135962434,180,0.4097380169765887,0.008194760339531775,28.83577251306952,17.2736130754993,2.5841126100125837,3.987712706741886,15,"{""0"": 0.022227907058431463, ""1"": 0.006763385701091851, ""2"": 0.003043057970279603, ""3"": 0.007433147476960366, ""4"": 0.0070926379849382435, ""5"": 0.002608425845489118}"
frozen_unmatched,200,p0.10_f0.750,0.75,1.0,2,0.1,19.900000000000002,20.31,8,36,4062,1939,2.1899448135962434,190,0.37762452475322306,0.007552490495064463,1.3558311766494333,17.33265289519946,2.5920606773162738,4.020650086094059,15,"{""0"": 0.018270506041033467, ""1"": 0.007127774006015508, ""2"": 0.0031345164627936866, ""3"": 0.0070265563173399145, ""4"": 0.007162799530876338, ""5"": 0.002592790612327857}"
frozen_unmatched,200,p0.10_f0.750,0.75,1.0,2,0.1,19.900000000000002,20.31,8,36,4062,1939,2.1899448135962434,200,0.363190323692227,0.007263806473844541,19.28287855395711,17.3947416964905,2.5992632523650157,4.160508080768379,15,"{""0"": 0.017056982892077143, ""1"": 0.00685634397171044, ""2"": 0.00325305767542028, ""3"": 0.006439215999048002, ""4"": 0.007375540888271276, ""5"": 0.0026016974165401015}"
frozen_unmatched,200,p0.10_f0.875,0.875,1.0,2,0.1,19.900000000000002,20.31,8,36,4062,1939,2.262987757505754,0,1.0126996063194509,0.020253992126389023,nan,0.0,2.262987757505754,5.5383884471971685,19,"{""0"": 0.018892419336910042, ""1"": 0.02237423316304667, ""2"": 0.021891894192989626, ""3"": 0.021248029678139647, ""4"": 0.018760546109850472, ""5"": 0.018356830277397686}"
frozen_unmatched,200,p0.10_f0.875,0.875,1.0,2,0.1,19.900000000000002,20.31,8,36,4062,1939,2.262987757505754,10,0.8935923974791937,0.017871847949583877,37.39825314987019,14.098745963777576,2.61571359949368,7.447557531343914,22,"{""0"": 0.024430516318657735, ""1"": 0.020148564674283727, ""2"": 0.01893054612885723, ""3"": 0.007828806539219533, ""4"": 0.0198843518237247, ""5"": 0.016008302212760336}"
frozen_unmatched,200,p0.10_f0.875,0.875,1.0,2,0.1,19.900000000000002,20.31,8,36,4062,1939,2.262987757505754,20,0.9304582577341611,0.018609165154683225,16.261384292357086,15.979228061215373,2.6905208782329266,5.092656889066322,19,"{""0"": 0.025199518395198593, ""1"": 0.021006298693288433, ""2"": 0.01633288245780149, ""3"": 0.014387699288388872, ""4"": 0.021727906738416892, ""5"": 0.013000685355005074}"
frozen_unmatched,200,p0.10_f0.875,0.875,1.0,2,0.1,19.900000000000002,20.31,8,36,4062,1939,2.262987757505754,30,0.8433514564955604,0.01686702912991121,14.639486684386979,16.527961396620398,2.660712077253523,4.89098639044521,20,"{""0"": 0.0259161210976789, ""1"": 0.02181317127017201, ""2"": 0.012684227674345832, ""3"": 0.01037588349823549, ""4"": 0.01981871604404702, ""5"": 0.010594055194988013}"
frozen_unmatched,200,p0.10_f0.875,0.875,1.0,2,0.1,19.900000000000002,20.31,8,36,4062,1939,2.262987757505754,40,0.7454896929516718,0.014909793859033437,8.921099681181474,16.66052054155187,2.605807871762368,6.3737652053628056,22,"{""0"": 0.024019170638854292, ""1"": 0.01698002667262156, ""2"": 0.012269431120481445, ""3"": 0.00713914279006886, ""4"": 0.021197402388377418, ""5"": 0.007853589543797047}"
frozen_unmatched,200,p0.10_f0.875,0.875,1.0,2,0.1,19.900000000000002,20.31,8,36,4062,1939,2.262987757505754,50,0.7119228679163752,0.014238457358327504,18.995121360473554,16.826251913427033,2.594176844949246,5.3103058791509286,21,"{""0"": 0.022251828901230057, ""1"": 0.016597223667047793, ""2"": 0.012063819968835238, ""3"": 0.009205493119431332, ""4"": 0.019547860819827397, ""5"": 0.005764517673593206}"
frozen_unmatched,200,p0.10_f0.875,0.875,1.0,2,0.1,19.900000000000002,20.31,8,36,4062,1939,2.262987757505754,60,0.7333580218397123,0.014667160436794249,3.563702752313833,16.89457273150714,2.5950525069113253,4.798764472527485,21,"{""0"": 0.024411886130467752, ""1"": 0.016549729918091075, ""2"": 0.012823273801548848, ""3"": 0.010034399662540957, ""4"": 0.018531892985790572, ""5"": 0.005651780122326281}"
frozen_unmatched,200,p0.10_f0.875,0.875,1.0,2,0.1,19.900000000000002,20.31,8,36,4062,1939,2.262987757505754,70,0.6977049187184317,0.013954098374368635,10.284807516135455,16.943978822999103,2.6043115998525956,4.749107667735655,20,"{""0"": 0.02164635624769845, ""1"": 0.01614451802150659, ""2"": 0.01277730751206822, ""3"": 0.01022993178346265, ""4"": 0.018178308531145677, ""5"": 0.004748168150330209}"
frozen_unmatched,200,p0.10_f0.875,0.875,1.0,2,0.1,19.900000000000002,20.31,8,36,4062,1939,2.262987757505754,80,0.6528626421024636,0.013057252842049272,3.712508854061509,16.847924468117565,2.5995434613511317,5.023447220864244,21,"{""0"": 0.02251991121062869, ""1"": 0.015372546828147805, ""2"": 0.00875023321332681, ""3"": 0.009573555413439284, ""4"": 0.01744112146168987, ""5"": 0.004686148925063175}"
frozen_unmatched,200,p0.10_f0.875,0.875,1.0,2,0.1,19.900000000000002,20.31,8,36,4062,1939,2.262987757505754,90,0.6350722068979079,0.01270144413795816,4.6839331433715286,16.887486406381267,2.6084155230401356,5.135479561958073,21,"{""0"": 0.02091208786302263, ""1"": 0.016808920104376606, ""2"": 0.00870103424752461, ""3"": 0.009439333308612801, ""4"": 0.01563647957737684, ""5"": 0.004710809726835454}"
frozen_unmatched,200,p0.10_f0.875,0.875,1.0,2,0.1,19.900000000000002,20.31,8,36,4062,1939,2.262987757505754,100,0.6812956518688456,0.013625913037376912,28.645525396125212,16.962784236347986,2.6169787947971686,5.216364752486222,21,"{""0"": 0.019693270019207634, ""1"": 0.019883717077183324, ""2"": 0.011905930102376339, ""3"": 0.009799726599358969, ""4"": 0.015700031723360992, ""5"": 0.004772802702774208}"
frozen_unmatched,200,p0.10_f0.875,0.875,1.0,2,0.1,19.900000000000002,20.31,8,36,4062,1939,2.262987757505754,110,0.670773993100705,0.0134154798620141,42.67577761632681,16.99694493196922,2.6222948858244233,5.402158188821373,22,"{""0"": 0.018512334283987682, ""1"": 0.02033555888708054, ""2"": 0.010573259293869765, ""3"": 0.009524748269811669, ""4"": 0.016540274731068748, ""5"": 0.005006703706266213}"
frozen_unmatched,200,p0.10_f0.875,0.875,1.0,2,0.1,19.900000000000002,20.31,8,36,4062,1939,2.262987757505754,120,0.6417009437606495,0.012834018875212991,22.82159870898664,16.980203208833064,2.61521255502742,5.773124877018794,22,"{""0"": 0.018472615015301824, ""1"": 0.019327692054928045, ""2"": 0.00864040689863759, ""3"": 0.009486841381817364, ""4"": 0.015827642071321407, ""5"": 0.005248915829271712}"
frozen_unmatched,200,p0.10_f0.875,0.875,1.0,2,0.1,19.900000000000002,20.31,8,36,4062,1939,2.262987757505754,130,0.6343423823588691,0.012686847647177384,24.154960161449647,16.982825237576023,2.619794631329249,5.818317141873144,22,"{""0"": 0.01642401276872555, ""1"": 0.019131943881006332, ""2"": 0.008275109182593254, ""3"": 0.011381352256988438, ""4"": 0.014995554850599701, ""5"": 0.005913112943151027}"
frozen_unmatched,200,p0.10_f0.875,0.875,1.0,2,0.1,19.900000000000002,20.31,8,36,4062,1939,2.262987757505754,140,0.6404077528672167,0.012808155057344337,1.9896275702453774,17.045127317627763,2.621697900378673,5.43047830797124,22,"{""0"": 0.016451626885393346, ""1"": 0.019471043919390606, ""2"": 0.007943290452484725, ""3"": 0.011611555145298644, ""4"": 0.016035898931410962, ""5"": 0.00533551501008773}"
frozen_unmatched,200,p0.10_f0.875,0.875,1.0,2,0.1,19.900000000000002,20.31,8,36,4062,1939,2.262987757505754,150,0.628602437814374,0.012572048756287481,3.9106655785028783,17.047232498217486,2.6257806036237925,5.03615643641143,21,"{""0"": 0.0164570350332647, ""1"": 0.019504467963233206, ""2"": 0.007703678126613786, ""3"": 0.011993976949192095, ""4"": 0.014990244708737232, ""5"": 0.00478288975668385}"
frozen_unmatched,200,p0.10_f0.875,0.875,1.0,2,0.1,19.900000000000002,20.31,8,36,4062,1939,2.262987757505754,160,0.6530751831596965,0.013061503663193932,7.862605041355223,17.115363713205014,2.6316833331986578,4.833990775252215,20,"{""0"": 0.01741635157639516, ""1"": 0.02056483211011881, ""2"": 0.009117782843529602, ""3"": 0.012102394571143099, ""4"": 0.014710063093391377, ""5"": 0.004457597784585539}"
frozen_unmatched,200,p0.10_f0.875,0.875,1.0,2,0.1,19.900000000000002,20.31,8,36,4062,1939,2.262987757505754,170,0.6465822524872071,0.012931645049744145,16.321031852411675,17.140084969406814,2.6352593988627735,4.950545959146055,20,"{""0"": 0.01672891793656836, ""1"": 0.02018817511556196, ""2"": 0.009223321612491408, ""3"": 0.011446015698973796, ""4"": 0.015452541240600392, ""5"": 0.00455089869426895}"
frozen_unmatched,200,p0.10_f0.875,0.875,1.0,2,0.1,19.900000000000002,20.31,8,36,4062,1939,2.262987757505754,180,0.666689369552597,0.013333787391051944,8.303602178729106,17.180606340956263,2.6360648507580016,4.722228326527369,20,"{""0"": 0.016808260284989752, ""1"": 0.02138017329661195, ""2"": 0.010172738937995186, ""3"": 0.011670849134358879, ""4"": 0.015689171536493216, ""5"": 0.004281531155862673}"
frozen_unmatched,200,p0.10_f0.875,0.875,1.0,2,0.1,19.900000000000002,20.31,8,36,4062,1939,2.262987757505754,190,0.6247780028657189,0.012495560057314382,2.458348016136693,17.172580164184616,2.63079003798593,5.072360662785407,21,"{""0"": 0.01594133404136312, ""1"": 0.020334231560595127, ""2"": 0.007634995871925093, ""3"": 0.01110820525305444, ""4"": 0.015377713432994822, ""5"": 0.004576880183953676}"
frozen_unmatched,200,p0.10_f0.875,0.875,1.0,2,0.1,19.900000000000002,20.31,8,36,4062,1939,2.262987757505754,200,0.6097346576835377,0.012194693153670758,20.40428402516098,17.19125571297713,2.6411184917963793,5.621552285446612,21,"{""0"": 0.015783263915328898, ""1"": 0.01862749247483119, ""2"": 0.008268705675379382, ""3"": 0.009631867934476113, ""4"": 0.01613627886644034, ""5"": 0.004720550055568612}"
frozen_unmatched,200,p0.20_f0.500,0.5,1.0,2,0.2,39.800000000000004,39.93,26,57,7986,1939,1.8551399842824141,0,1.0578619277758028,0.021157238555516062,nan,0.0,1.8551399842824141,5.732197046080447,18,"{""0"": 0.017266136570787367, ""1"": 0.023162196682136857, ""2"": 0.02267753695784929, ""3"": 0.0207518073726252, ""4"": 0.025013034876069005, ""5"": 0.01807271887362865}"
frozen_unmatched,200,p0.20_f0.500,0.5,1.0,2,0.2,39.800000000000004,39.93,26,57,7986,1939,1.8551399842824141,10,0.8037227830391671,0.016074455660783346,28.365347607103555,14.420124600613507,2.24050425893635,4.551982220776759,17,"{""0"": 0.01322944106597752, ""1"": 0.009051210869145421, ""2"": 0.03951841965075801, ""3"": 0.004828799258777569, ""4"": 0.013277016219712437, ""5"": 0.016541846900329126}"
frozen_unmatched,200,p0.20_f0.500,0.5,1.0,2,0.2,39.800000000000004,39.93,26,57,7986,1939,1.8551399842824141,20,0.7062792642397425,0.014125585284794852,8.851330516801218,14.897018577696297,2.3276842785141056,4.960404746431697,17,"{""0"": 0.014360571614854118, ""1"": 0.00532665341297058, ""2"": 0.03189734380948408, ""3"": 0.003345501658529012, ""4"": 0.010923307099868895, ""5"": 0.018900134113062454}"
frozen_unmatched,200,p0.20_f0.500,0.5,1.0,2,0.2,39.800000000000004,39.93,26,57,7986,1939,1.8551399842824141,30,0.6100376937395622,0.012200753874791246,3.435169989478234,15.18251788786429,2.25467215267048,4.948123113130248,16,"{""0"": 0.01601242622170542, ""1"": 0.008034049456598458, ""2"": 0.019963919957303514, ""3"": 0.0033485584376107672, ""4"": 0.007948272049331094, ""5"": 0.017897297126198218}"
frozen_unmatched,200,p0.20_f0.500,0.5,1.0,2,0.2,39.800000000000004,39.93,26,57,7986,1939,1.8551399842824141,40,0.6041351124264853,0.012082702248529708,9.005090884273287,15.359974909952975,2.1699355999293375,5.074630178537343,17,"{""0"": 0.006936110409259145, ""1"": 0.009067507403265073, ""2"": 0.02855595618770775, ""3"": 0.002939733448260898, ""4"": 0.011354910509834816, ""5"": 0.01364199553285056}"
frozen_unmatched,200,p0.20_f0.500,0.5,1.0,2,0.2,39.800000000000004,39.93,26,57,7986,1939,1.8551399842824141,50,0.4881772925956132,0.009763545851912267,15.334402777825742,15.693980744485316,2.2270257350203706,5.583431852619216,17,"{""0"": 0.011621976922968623, ""1"": 0.007230935126862422, ""2"": 0.011128798920179988, ""3"": 0.0037482417011381066, ""4"": 0.013261646745683284, ""5"": 0.011589675694641165}"
frozen_unmatched,200,p0.20_f0.500,0.5,1.0,2,0.2,39.800000000000004,39.93,26,57,7986,1939,1.8551399842824141,60,0.44674133603855026,0.008934826720771007,9.149721677494577,15.944037042069402,2.2738938945367475,4.5264838784431385,15,"{""0"": 0.0135103696845393, ""1"": 0.007660898773460316, ""2"": 0.0064394154433059375, ""3"": 0.004569817522219131, ""4"": 0.01192694454812484, ""5"": 0.009501514352976505}"
frozen_unmatched,200,p0.20_f0.500,0.5,1.0,2,0.2,39.800000000000004,39.93,26,57,7986,1939,1.8551399842824141,70,0.4493882877159925,0.008987765754319851,9.383723668501473,16.182560666619292,2.3270774892893473,3.737126909399134,14,"{""0"": 0.01841532871306858, ""1"": 0.007476786815068669, ""2"": 0.005401786500077028, ""3"": 0.005456034122276578, ""4"": 0.009857460283429157, ""5"": 0.0073191980919990905}"
frozen_unmatched,200,p0.20_f0.500,0.5,1.0,2,0.2,39.800000000000004,39.93,26,57,7986,1939,1.8551399842824141,80,0.44898501494055926,0.008979700298811186,6.270451998242045,16.34860848672851,2.343007354724728,3.1394876595284544,12,"{""0"": 0.020508951857247732, ""1"": 0.007256839034968756, ""2"": 0.0049821741517352474, ""3"": 0.007652986567039654, ""4"": 0.008354023532346214, ""5"": 0.005123226649529513}"
frozen_unmatched,200,p0.20_f0.500,0.5,1.0,2,0.2,39.800000000000004,39.93,26,57,7986,1939,1.8551399842824141,90,0.4386461374024833,0.008772922748049668,4.203991374606259,16.464003370820684,2.3452080735609853,3.2229803317790133,13,"{""0"": 0.020755078092186692, ""1"": 0.006805128633406182, ""2"": 0.004684650086186294, ""3"": 0.006464539450174692, ""4"": 0.008409163392534526, ""5"": 0.00551897683380963}"
frozen_unmatched,200,p0.20_f0.500,0.5,1.0,2,0.2,39.800000000000004,39.93,26,57,7986,1939,1.8551399842824141,100,0.4298517686574143,0.008597035373148288,4.500376617085958,16.469544283444606,2.3286900947593665,3.319958468819086,13,"{""0"": 0.018755940477908434, ""1"": 0.007480860064626595, ""2"": 0.004814010579222532, ""3"": 0.006640749823799247, ""4"": 0.008743452397887094, ""5"": 0.005147198895445827}"
frozen_unmatched,200,p0.20_f0.500,0.5,1.0,2,0.2,39.800000000000004,39.93,26,57,7986,1939,1.8551399842824141,110,0.4208140667052066,0.008416281334104133,16.882355274538803,16.588014520182814,2.326615568660442,3.334020124981352,13,"{""0"": 0.019190498478384607, ""1"": 0.006741495187430488, ""2"": 0.0049382718695498385, ""3"": 0.006227758435114884, ""4"": 0.008305770859435286, ""5"": 0.005093893174709698}"
frozen_unmatched,200,p0.20_f0.500,0.5,1.0,2,0.2,39.800000000000004,39.93,26,57,7986,1939,1.8551399842824141,120,0.4054792745285659,0.008109585490571319,5.054777936141383,16.667238745119537,2.3236889601884596,3.4259590957717987,13,"{""0"": 0.018118466178985316, ""1"": 0.0065189695829754295, ""2"": 0.005068294224797764, ""3"": 0.005232483990667985, ""4"": 0.008835333639150478, ""5"": 0.004883965326850942}"
frozen_unmatched,200,p0.20_f0.500,0.5,1.0,2,0.2,39.800000000000004,39.93,26,57,7986,1939,1.8551399842824141,130,0.40476351926493126,0.008095270385298626,18.667411045447317,16.77037018001439,2.3344199911702797,3.3662690219977605,13,"{""0"": 0.018357919721971372, ""1"": 0.006175980641392206, ""2"": 0.0047443419011243175, ""3"": 0.005426933169359385, ""4"": 0.008810293936515437, ""5"": 0.005056152941429042}"
frozen_unmatched,200,p0.20_f0.500,0.5,1.0,2,0.2,39.800000000000004,39.93,26,57,7986,1939,1.8551399842824141,140,0.4048288339853011,0.008096576679706024,6.241335403370215,16.85119713460007,2.340457830552231,3.297274030190349,13,"{""0"": 0.01827506334270943, ""1"": 0.006677400375929184, ""2"": 0.0043363077552869824, ""3"": 0.005272370902146188, ""4"": 0.009117972320946657, ""5"": 0.00490034538121769}"
frozen_unmatched,200,p0.20_f0.500,0.5,1.0,2,0.2,39.800000000000004,39.93,26,57,7986,1939,1.8551399842824141,150,0.4243673790001874,0.00848734758000375,6.220989231942986,16.913892524434367,2.3467978945506713,3.1602182385582296,13,"{""0"": 0.018711759501080054, ""1"": 0.008626172581932856, ""2"": 0.004459296281216848, ""3"": 0.0055238489208878526, ""4"": 0.009308619533978161, ""5"": 0.004294388660926711}"
frozen_unmatched,200,p0.20_f0.500,0.5,1.0,2,0.2,39.800000000000004,39.93,26,57,7986,1939,1.8551399842824141,160,0.41764559604947654,0.008352911920989532,13.395035331641894,16.93944543817009,2.3447321082316894,3.2278022415049334,13,"{""0"": 0.01832719606532283, ""1"": 0.00845208674388002, ""2"": 0.0044934110749583495, ""3"": 0.005313194908703518, ""4"": 0.009203947960579608, ""5"": 0.004327634772492865}"
frozen_unmatched,200,p0.20_f0.500,0.5,1.0,2,0.2,39.800000000000004,39.93,26,57,7986,1939,1.8551399842824141,170,0.42217516807520145,0.00844350336150403,9.978163049052506,16.98203610115547,2.342611447232149,3.2910812239437957,14,"{""0"": 0.01817859690856104, ""1"": 0.008840966235445342, ""2"": 0.004685456469859408, ""3"": 0.004976880937318491, ""4"": 0.00948517397315088, ""5"": 0.004493945644689014}"
frozen_unmatched,200,p0.20_f0.500,0.5,1.0,2,0.2,39.800000000000004,39.93,26,57,7986,1939,1.8551399842824141,180,0.4324396223436516,0.008648792446873032,14.580302169790192,17.025433458846766,2.3510861178188898,3.1317598445818806,13,"{""0"": 0.019241201394964585, ""1"": 0.009074832205007464, ""2"": 0.004520593249740966, ""3"": 0.006188471019314986, ""4"": 0.008549096071584088, ""5"": 0.004318560740626106}"
frozen_unmatched,200,p0.20_f0.500,0.5,1.0,2,0.2,39.800000000000004,39.93,26,57,7986,1939,1.8551399842824141,190,0.4277711092578588,0.008555422185157176,4.544396613890077,17.083119907834675,2.3538731545442757,3.209979355150961,13,"{""0"": 0.019486780615543636, ""1"": 0.009316840845794145, ""2"": 0.00423416211196692, ""3"": 0.005184167683960639, ""4"": 0.00860607318705392, ""5"": 0.004504508666623806}"
frozen_unmatched,200,p0.20_f0.500,0.5,1.0,2,0.2,39.800000000000004,39.93,26,57,7986,1939,1.8551399842824141,200,0.42716325680855455,0.008543265136171091,21.868225186311104,17.122951234436442,2.3395628255648964,3.412266497705796,14,"{""0"": 0.01886492425029005, ""1"": 0.009723581530209835, ""2"": 0.004443430039722951, ""3"": 0.004303703075397735, ""4"": 0.008733128460363674, ""5"": 0.005190823461042301}"
frozen_unmatched,200,p0.20_f0.750,0.75,1.0,2,0.2,39.800000000000004,39.93,26,57,7986,1939,1.9939197441879097,0,1.0608386889383008,0.021216773778766018,nan,0.0,1.9939197441879097,6.2045996522613205,21,"{""0"": 0.017509156696376878, ""1"": 0.023364083013375524, ""2"": 0.02191233580439637, ""3"": 0.02141490433756512, ""4"": 0.02493435919157199, ""5"": 0.01816580362931023}"
frozen_unmatched,200,p0.20_f0.750,0.75,1.0,2,0.2,39.800000000000004,39.93,26,57,7986,1939,1.9939197441879097,10,1.0970111552887123,0.02194022310577425,7.344518363273272,13.50075954976224,2.2869551075181027,6.028228815747124,19,"{""0"": 0.030511966043220578, ""1"": 0.018337851120623132, ""2"": 0.04291747190357086, ""3"": 0.011663386417512503, ""4"": 0.01594445326775258, ""5"": 0.01226620988196583}"
frozen_unmatched,200,p0.20_f0.750,0.75,1.0,2,0.2,39.800000000000004,39.93,26,57,7986,1939,1.9939197441879097,20,1.0216232902568534,0.02043246580513707,8.265774377942943,14.161852711530683,2.342350390467059,4.378582118814911,17,"{""0"": 0.033104491861701765, ""1"": 0.011824213214055032, ""2"": 0.03433433241330228, ""3"": 0.009233821676177058, ""4"": 0.013047063472051052, ""5"": 0.02105087219353523}"
frozen_unmatched,200,p0.20_f0.750,0.75,1.0,2,0.2,39.800000000000004,39.93,26,57,7986,1939,1.9939197441879097,30,0.9396410438642222,0.018792820877284448,6.572638493597931,14.219868530712189,2.350328538176234,4.139505741952236,17,"{""0"": 0.03369273804869638, ""1"": 0.0068514847420029805, ""2"": 0.03361283289354405, ""3"": 0.008637476535042089, ""4"": 0.01353351668975199, ""5"": 0.0164288763546692}"
frozen_unmatched,200,p0.20_f0.750,0.75,1.0,2,0.2,39.800000000000004,39.93,26,57,7986,1939,1.9939197441879097,40,0.8009089103453505,0.016018178206907013,35.52736731555138,14.288999563159706,2.3006336395393157,4.428331795812108,17,"{""0"": 0.02581749480851351, ""1"": 0.007856579963460831, ""2"": 0.031000550707011364, ""3"": 0.009747008764248052, ""4"": 0.01043805114277154, ""5"": 0.011249383855436787}"
frozen_unmatched,200,p0.20_f0.750,0.75,1.0,2,0.2,39.800000000000004,39.93,26,57,7986,1939,1.9939197441879097,50,0.7696878756235674,0.015393757512471351,37.96814962922691,14.245720941815696,2.2616706603205317,3.8243424012533818,16,"{""0"": 0.02597054309938665, ""1"": 0.004384272706379293, ""2"": 0.020590770556897807, ""3"": 0.011265557228143009, ""4"": 0.009173524786203893, ""5"": 0.020977876697817446}"
frozen_unmatched,200,p0.20_f0.750,0.75,1.0,2,0.2,39.800000000000004,39.93,26,57,7986,1939,1.9939197441879097,60,0.742629526240654,0.014852590524813082,4.621475856634772,14.428592309115073,2.2478114422165447,3.7796283095145173,15,"{""0"": 0.026649222959610204, ""1"": 0.0041348581604367714, ""2"": 0.017307281483323333, ""3"": 0.01210940895057173, ""4"": 0.00756302763485274, ""5"": 0.021351743960083724}"
frozen_unmatched,200,p0.20_f0.750,0.75,1.0,2,0.2,39.800000000000004,39.93,26,57,7986,1939,1.9939197441879097,70,0.7323917459229113,0.014647834918458228,12.834107838977797,14.51934493726589,2.2523597981414154,3.8877606387766486,15,"{""0"": 0.02727957567565269, ""1"": 0.004590728138450961, ""2"": 0.017305679847941076, ""3"": 0.013315933108783106, ""4"": 0.006979197667615636, ""5"": 0.018415895072305906}"
frozen_unmatched,200,p0.20_f0.750,0.75,1.0,2,0.2,39.800000000000004,39.93,26,57,7986,1939,1.9939197441879097,80,0.7353118325944805,0.014706236651889613,7.699278753278486,14.607498572514736,2.2630216527578515,4.128883974249243,16,"{""0"": 0.0264822921977594, ""1"": 0.005110162540145426, ""2"": 0.01722328983228657, ""3"": 0.015504645337100826, ""4"": 0.006680222244162555, ""5"": 0.0172368077598829}"
frozen_unmatched,200,p0.20_f0.750,0.75,1.0,2,0.2,39.800000000000004,39.93,26,57,7986,1939,1.9939197441879097,90,0.7609065670918539,0.01521813134183708,5.106057806353598,14.683424576130692,2.259297688603924,3.818133225705096,15,"{""0"": 0.026579898801549273, ""1"": 0.004656192885606827, ""2"": 0.01726433945339373, ""3"": 0.01776859907485891, ""4"": 0.0060368585522041236, ""5"": 0.01900289928340962}"
frozen_unmatched,200,p0.20_f0.750,0.75,1.0,2,0.2,39.800000000000004,39.93,26,57,7986,1939,1.9939197441879097,100,0.7349442832222906,0.014698885664445814,7.096541805197145,14.661982964171996,2.2553690167097704,3.872598075135107,15,"{""0"": 0.024987760847366723, ""1"": 0.0046124804464088625, ""2"": 0.016214280964646593, ""3"": 0.017537757508773566, ""4"": 0.006145940711911426, ""5"": 0.018695093507567706}"
frozen_unmatched,200,p0.20_f0.750,0.75,1.0,2,0.2,39.800000000000004,39.93,26,57,7986,1939,1.9939197441879097,110,0.7438371920284444,0.014876743840568892,18.816487414129536,14.625855915460148,2.2516628095362976,4.0239869346869295,16,"{""0"": 0.02472522859781081, ""1"": 0.004774286866218174, ""2"": 0.016837059747039477, ""3"": 0.018185201170780964, ""4"": 0.00610327234284163, ""5"": 0.018635414318722284}"
frozen_unmatched,200,p0.20_f0.750,0.75,1.0,2,0.2,39.800000000000004,39.93,26,57,7986,1939,1.9939197441879097,120,0.706462913399169,0.01412925826798338,12.357064368933068,14.664555062684803,2.2507055382799095,4.213968476076681,16,"{""0"": 0.023755977635475618, ""1"": 0.004697899611973418, ""2"": 0.015784084611811654, ""3"": 0.014779289047984845, ""4"": 0.006838072325128857, ""5"": 0.018920226375525897}"
frozen_unmatched,200,p0.20_f0.750,0.75,1.0,2,0.2,39.800000000000004,39.93,26,57,7986,1939,1.9939197441879097,130,0.7030506414037394,0.014061012828074789,34.156917283593984,14.685873088201092,2.2600011586951796,4.043189094310878,16,"{""0"": 0.021962582109737016, ""1"": 0.004122225034292741, ""2"": 0.014936481246527527, ""3"": 0.016050661853355002, ""4"": 0.006531950217215032, ""5"": 0.0207621765073214}"
frozen_unmatched,200,p0.20_f0.750,0.75,1.0,2,0.2,39.800000000000004,39.93,26,57,7986,1939,1.9939197441879097,140,0.6973788256948258,0.013947576513896517,6.97761790900434,14.752081206439428,2.2662943799117174,3.9596494883383544,16,"{""0"": 0.021358648133308185, ""1"": 0.004212771553762529, ""2"": 0.014079897553486515, ""3"": 0.01706735507415085, ""4"": 0.006285532989066064, ""5"": 0.020681253779604954}"
frozen_unmatched,200,p0.20_f0.750,0.75,1.0,2,0.2,39.800000000000004,39.93,26,57,7986,1939,1.9939197441879097,150,0.6638581768966536,0.013277163537933075,15.945707155959315,14.81774230375534,2.272428257627478,4.395276368347095,17,"{""0"": 0.021480006942512432, ""1"": 0.0044585353268976466, ""2"": 0.015165872412443094, ""3"": 0.014853266009259587, ""4"": 0.006922443285465274, ""5"": 0.016782857251020418}"
frozen_unmatched,200,p0.20_f0.750,0.75,1.0,2,0.2,39.800000000000004,39.93,26,57,7986,1939,1.9939197441879097,160,0.6625406330243108,0.013250812660486217,13.642311579902982,14.871601312819827,2.2738750401997105,4.373715253532477,17,"{""0"": 0.021296889195819062, ""1"": 0.004590492824536906, ""2"": 0.014878521178127286, ""3"": 0.015019410792783286, ""4"": 0.0068448856277643095, ""5"": 0.016874676343886452}"
frozen_unmatched,200,p0.20_f0.750,0.75,1.0,2,0.2,39.800000000000004,39.93,26,57,7986,1939,1.9939197441879097,170,0.635751171664227,0.012715023433284543,5.8000864065389575,14.93217410337396,2.279519812087573,4.486767309489013,17,"{""0"": 0.020251013090757355, ""1"": 0.004678446215000801, ""2"": 0.014777816021319053, ""3"": 0.013256247849724272, ""4"": 0.006938126207932739, ""5"": 0.016388491214973024}"
frozen_unmatched,200,p0.20_f0.750,0.75,1.0,2,0.2,39.800000000000004,39.93,26,57,7986,1939,1.9939197441879097,180,0.6396237762516483,0.01279247552503297,31.53598951663051,14.942238642719044,2.273681575686084,4.367531250651892,17,"{""0"": 0.01986236971024694, ""1"": 0.004745268715683584, ""2"": 0.014349206883146448, ""3"": 0.013521512673745817, ""4"": 0.006744193269844152, ""5"": 0.017532301897530883}"
frozen_unmatched,200,p0.20_f0.750,0.75,1.0,2,0.2,39.800000000000004,39.93,26,57,7986,1939,1.9939197441879097,190,0.6332517038300179,0.01266503407660036,9.129049939102545,14.992250612747164,2.2830551407212893,4.3068846723033305,17,"{""0"": 0.01988608358189161, ""1"": 0.004603682010326461, ""2"": 0.013521486499776053, ""3"": 0.013010679918816511, ""4"": 0.0067627100067815735, ""5"": 0.018205562442009954}"
frozen_unmatched,200,p0.20_f0.750,0.75,1.0,2,0.2,39.800000000000004,39.93,26,57,7986,1939,1.9939197441879097,200,0.6284151577869568,0.012568303155739136,23.51279825262734,15.050192485454303,2.288991828610718,4.461227295743199,17,"{""0"": 0.018839316317322698, ""1"": 0.004751614132473537, ""2"": 0.013658984046675624, ""3"": 0.012902567237086318, ""4"": 0.0067867035044308684, ""5"": 0.018470633696445783}"
frozen_unmatched,200,p0.20_f0.875,0.875,1.0,2,0.2,39.800000000000004,39.93,26,57,7986,1939,2.0623200803373574,0,1.0567468411136238,0.021134936822272483,nan,0.0,2.0623200803373574,6.136766852382186,22,"{""0"": 0.017440992630752154, ""1"": 0.023254034084976026, ""2"": 0.02142669365876774, ""3"": 0.021984906751390098, ""4"": 0.024326059706337354, ""5"": 0.018376934101411512}"
frozen_unmatched,200,p0.20_f0.875,0.875,1.0,2,0.2,39.800000000000004,39.93,26,57,7986,1939,2.0623200803373574,10,0.7539214195027714,0.015078428390055429,8.292474886615855,14.256102085474284,2.32750179446063,6.487057393036047,21,"{""0"": 0.011130957736049314, ""1"": 0.011634794162621928, ""2"": 0.035137986871467186, ""3"": 0.005349377783399367, ""4"": 0.014696994389906732, ""5"": 0.012520459396888044}"
frozen_unmatched,200,p0.20_f0.875,0.875,1.0,2,0.2,39.800000000000004,39.93,26,57,7986,1939,2.0623200803373574,20,0.7089863782097414,0.01417972756419483,9.34982447561449,15.014840190092093,2.3174617287769896,4.166119001861131,18,"{""0"": 0.011137136715831218, ""1"": 0.0044688336834249375, ""2"": 0.030074207606027675, ""3"": 0.008165629206702326, ""4"": 0.01369845641785634, ""5"": 0.017534101755326464}"
frozen_unmatched,200,p0.20_f0.875,0.875,1.0,2,0.2,39.800000000000004,39.93,26,57,7986,1939,2.0623200803373574,30,0.692238908552429,0.01384477817104858,6.450527530391321,15.090772402924156,2.3313853111018523,4.17041359744465,18,"{""0"": 0.014759033211081879, ""1"": 0.006152631455055332, ""2"": 0.025718508202189107, ""3"": 0.009306261206402084, ""4"": 0.011903220695480478, ""5"": 0.015229014256082604}"
frozen_unmatched,200,p0.20_f0.875,0.875,1.0,2,0.2,39.800000000000004,39.93,26,57,7986,1939,2.0623200803373574,40,0.6792466238966798,0.013584932477933596,17.169130290074293,15.327047760189627,2.2947862439721747,4.6226714802249536,19,"{""0"": 0.009400192265305552, ""1"": 0.007679414016675701, ""2"": 0.03006055704816124, ""3"": 0.006518327155697129, ""4"": 0.01383212754362187, ""5"": 0.014018976838140084}"
frozen_unmatched,200,p0.20_f0.875,0.875,1.0,2,0.2,39.800000000000004,39.93,26,57,7986,1939,2.0623200803373574,50,0.628817800417678,0.01257635600835356,19.90488611860195,15.400574406960393,2.3386410720590414,3.9810599054129066,17,"{""0"": 0.01345775875166251, ""1"": 0.005360289520621078, ""2"": 0.022330329866690757, ""3"": 0.008443149289124461, ""4"": 0.01042253901716897, ""5"": 0.015444069604853583}"
frozen_unmatched,200,p0.20_f0.875,0.875,1.0,2,0.2,39.800000000000004,39.93,26,57,7986,1939,2.0623200803373574,60,0.6167413385678504,0.01233482677135701,25.55878510334214,15.442774039485382,2.338993441334987,4.0020509434094995,18,"{""0"": 0.014243643378020355, ""1"": 0.005028124980764444, ""2"": 0.019604388721427522, ""3"": 0.009299068072526447, ""4"": 0.00995569491505035, ""5"": 0.015878040560352937}"
frozen_unmatched,200,p0.20_f0.875,0.875,1.0,2,0.2,39.800000000000004,39.93,26,57,7986,1939,2.0623200803373574,70,0.6290974885024623,0.012581949770049247,8.71541596175962,15.5598409622188,2.3507581728707496,4.160250932850377,18,"{""0"": 0.01556356475697522, ""1"": 0.004501951019925205, ""2"": 0.0184733091549152, ""3"": 0.010602874171329301, ""4"": 0.009920681695499289, ""5"": 0.016429317821651267}"
frozen_unmatched,200,p0.20_f0.875,0.875,1.0,2,0.2,39.800000000000004,39.93,26,57,7986,1939,2.0623200803373574,80,0.6445062262652766,0.012890124525305535,9.956722823144597,15.608922748349487,2.3611052370786765,4.4065888845366885,19,"{""0"": 0.01588617007242742, ""1"": 0.004556696911478928, ""2"": 0.017888394480138774, ""3"": 0.011270176853908048, ""4"": 0.010543620024724538, ""5"": 0.01719568880915549}"
frozen_unmatched,200,p0.20_f0.875,0.875,1.0,2,0.2,39.800000000000004,39.93,26,57,7986,1939,2.0623200803373574,90,0.636009791764522,0.012720195835290443,3.6403226005222447,15.636521990998785,2.3599242151326885,4.337213693595341,19,"{""0"": 0.016002821714325367, ""1"": 0.004611734743458548, ""2"": 0.017608330213280038, ""3"": 0.011950661191120029, ""4"": 0.009499955023921194, ""5"": 0.016647672125637492}"
frozen_unmatched,200,p0.20_f0.875,0.875,1.0,2,0.2,39.800000000000004,39.93,26,57,7986,1939,2.0623200803373574,100,0.6410654869647008,0.012821309739294016,9.735169787027159,15.734733559837052,2.376640753905092,4.459658865727556,19,"{""0"": 0.0157513460535337, ""1"": 0.004554220686916878, ""2"": 0.017244176755275075, ""3"": 0.011686734349505143, ""4"": 0.009554451557415092, ""5"": 0.01813692903311821}"
frozen_unmatched,200,p0.20_f0.875,0.875,1.0,2,0.2,39.800000000000004,39.93,26,57,7986,1939,2.0623200803373574,110,0.6452850601876695,0.012905701203753391,22.3371535868,15.834230624728704,2.3961361666238052,4.104643602041955,18,"{""0"": 0.015877373128889444, ""1"": 0.004225183324922439, ""2"": 0.0179341082925812, ""3"": 0.01170272946103712, ""4"": 0.008836281480589538, ""5"": 0.018858531534500615}"
frozen_unmatched,200,p0.20_f0.875,0.875,1.0,2,0.2,39.800000000000004,39.93,26,57,7986,1939,2.0623200803373574,120,0.6229082189847416,0.012458164379694834,11.498813883630875,15.896518816738466,2.4001190769661904,4.242150616462119,19,"{""0"": 0.015911590325787643, ""1"": 0.004059631288182927, ""2"": 0.016252300853154013, ""3"": 0.011970639716682507, ""4"": 0.008686972411284171, ""5"": 0.017867851683077758}"
frozen_unmatched,200,p0.20_f0.875,0.875,1.0,2,0.2,39.800000000000004,39.93,26,57,7986,1939,2.0623200803373574,130,0.621783079896501,0.01243566159793002,48.19166376371424,15.852788689852773,2.402153304902023,4.116154645220687,18,"{""0"": 0.015555090624239997, ""1"": 0.004033659690373051, ""2"": 0.01636889508591179, ""3"": 0.012024603872566729, ""4"": 0.008413117162604051, ""5"": 0.01821860315188451}"
frozen_unmatched,200,p0.20_f0.875,0.875,1.0,2,0.2,39.800000000000004,39.93,26,57,7986,1939,2.0623200803373574,140,0.6144022165781119,0.01228804433156224,14.119864984423371,15.899750235154322,2.4051865033056288,4.191512519083034,18,"{""0"": 0.01521711947906167, ""1"": 0.0039509644579799, ""2"": 0.01638347332720438, ""3"": 0.012074339565693282, ""4"": 0.008275859883818338, ""5"": 0.017826509275615857}"
frozen_unmatched,200,p0.20_f0.875,0.875,1.0,2,0.2,39.800000000000004,39.93,26,57,7986,1939,2.0623200803373574,150,0.5974340896422471,0.011948681792844943,4.9250307439397005,15.882832331396274,2.40575714704698,4.335499118452667,19,"{""0"": 0.015040640624249263, ""1"": 0.0038259902345034883, ""2"": 0.016290860347667146, ""3"": 0.011814422627621512, ""4"": 0.00836602977291644, ""5"": 0.016354147150111808}"
frozen_unmatched,200,p0.20_f0.875,0.875,1.0,2,0.2,39.800000000000004,39.93,26,57,7986,1939,2.0623200803373574,160,0.5988681289317338,0.011977362578634677,7.195187611590731,15.87435114409575,2.407939552122846,4.338992071780834,19,"{""0"": 0.01527650995082364, ""1"": 0.00389604561146398, ""2"": 0.0160798131450599, ""3"": 0.012229414607911146, ""4"": 0.00800404695421721, ""5"": 0.016378345202332188}"
frozen_unmatched,200,p0.20_f0.875,0.875,1.0,2,0.2,39.800000000000004,39.93,26,57,7986,1939,2.0623200803373574,170,0.6005217025175034,0.01201043405035007,11.347872377000865,15.918829294958567,2.412505438638672,4.337329264172106,19,"{""0"": 0.015073449893731074, ""1"": 0.003965651148478919, ""2"": 0.016238841721349883, ""3"": 0.011971624578272791, ""4"": 0.008060552311345077, ""5"": 0.016752484648922667}"
frozen_unmatched,200,p0.20_f0.875,0.875,1.0,2,0.2,39.800000000000004,39.93,26,57,7986,1939,2.0623200803373574,180,0.6034556446334736,0.012069112892669473,20.494757360383815,15.94385201473703,2.42020532078248,4.433438429168747,19,"{""0"": 0.014997214156551716, ""1"": 0.004141487322319434, ""2"": 0.01621333003624425, ""3"": 0.011955276350573382, ""4"": 0.007781777010761092, ""5"": 0.017325592479566946}"
frozen_unmatched,200,p0.20_f0.875,0.875,1.0,2,0.2,39.800000000000004,39.93,26,57,7986,1939,2.0623200803373574,190,0.5999598640691863,0.011999197281383728,10.690419553298646,15.99018629917108,2.420589572859892,4.460887533910566,19,"{""0"": 0.01484057818253436, ""1"": 0.0041353281973546575, ""2"": 0.016101116563022128, ""3"": 0.011913165054013969, ""4"": 0.007769251339934072, ""5"": 0.017235744351443184}"
frozen_unmatched,200,p0.20_f0.875,0.875,1.0,2,0.2,39.800000000000004,39.93,26,57,7986,1939,2.0623200803373574,200,0.5998034837744021,0.011996069675488044,4.984904681322206,16.05240639939087,2.42266850276943,4.463478472559946,19,"{""0"": 0.014744258266003335, ""1"": 0.0042424917884491134, ""2"": 0.016417178296369583, ""3"": 0.011672544451592411, ""4"": 0.007844218518692329, ""5"": 0.01705572673182148}"
frozen_unmatched,200,p0.40_f0.500,0.5,1.0,2,0.4,79.60000000000001,79.745,62,103,15949,1939,1.9138281497513598,0,1.1243612215052827,0.022487224430105656,nan,0.0,1.9138281497513598,7.7647497505776055,18,"{""0"": 0.02344048967454885, ""1"": 0.025238332175865175, ""2"": 0.02345752050898271, ""3"": 0.019903687126908726, ""4"": 0.023108577487753194, ""5"": 0.019774739606575303}"
frozen_unmatched,200,p0.40_f0.500,0.5,1.0,2,0.4,79.60000000000001,79.745,62,103,15949,1939,1.9138281497513598,10,0.8501545106512705,0.017003090213025412,8.721212073047491,14.874525547636411,2.1054924696257857,6.192118259226926,20,"{""0"": 0.014340133720062386, ""1"": 0.008824833353340342, ""2"": 0.020547272106511742, ""3"": 0.02036139308150412, ""4"": 0.02873671145655689, ""5"": 0.009208197560176979}"
frozen_unmatched,200,p0.40_f0.500,0.5,1.0,2,0.4,79.60000000000001,79.745,62,103,15949,1939,1.9138281497513598,20,0.7389167239573897,0.014778334479147795,3.8040515843922673,16.465166759232545,2.231030789841045,5.128811683766978,19,"{""0"": 0.012659905179541348, ""1"": 0.006388310322295849, ""2"": 0.01466351567541567, ""3"": 0.024028391886401747, ""4"": 0.02222062488747533, ""5"": 0.008709258923756825}"
frozen_unmatched,200,p0.40_f0.500,0.5,1.0,2,0.4,79.60000000000001,79.745,62,103,15949,1939,1.9138281497513598,30,0.54649819504898,0.0109299639009796,17.116525917994974,16.59567753952811,2.20883956169237,4.887223153642493,18,"{""0"": 0.007008108802005464, ""1"": 0.005473529456530487, ""2"": 0.007483566139992556, ""3"": 0.012954763634705976, ""4"": 0.026084737103053635, ""5"": 0.006575078269589493}"
frozen_unmatched,200,p0.40_f0.500,0.5,1.0,2,0.4,79.60000000000001,79.745,62,103,15949,1939,1.9138281497513598,40,0.48185688483457634,0.009637137696691528,2.385398861988324,16.838123782903608,2.214551667108951,3.86394090140708,16,"{""0"": 0.005000062513789851, ""1"": 0.008806404608816433, ""2"": 0.007752854157226536, ""3"": 0.008656715759866854, ""4"": 0.021576665177803163, ""5"": 0.006030123962646338}"
frozen_unmatched,200,p0.40_f0.500,0.5,1.0,2,0.4,79.60000000000001,79.745,62,103,15949,1939,1.9138281497513598,50,0.4675510805934461,0.009351021611868923,10.01091930021518,17.077960344954153,2.2379336147438025,4.33562189209442,18,"{""0"": 0.004402608218625267, ""1"": 0.007139037128785152, ""2"": 0.006162030699019608, ""3"": 0.010002349079758532, ""4"": 0.021956191776758886, ""5"": 0.00644391276826609}"
frozen_unmatched,200,p0.40_f0.500,0.5,1.0,2,0.4,79.60000000000001,79.745,62,103,15949,1939,1.9138281497513598,60,0.4473882112545726,0.008947764225091453,5.602185773883925,17.18492584339027,2.2442509337030487,4.850090243907069,18,"{""0"": 0.004976794161661889, ""1"": 0.00579655763242679, ""2"": 0.005118495867194662, ""3"": 0.012531519030489732, ""4"": 0.018254279415568713, ""5"": 0.007008939243206937}"
frozen_unmatched,200,p0.40_f0.500,0.5,1.0,2,0.4,79.60000000000001,79.745,62,103,15949,1939,1.9138281497513598,70,0.48311016016522523,0.009662203203304506,7.699960090053189,17.275357341673764,2.2521609156410407,4.77797456188426,18,"{""0"": 0.008626986391727218, ""1"": 0.006540464630728188, ""2"": 0.00487982779159977, ""3"": 0.01342560230080338, ""4"": 0.018936133534082314, ""5"": 0.0055642045708861635}"
frozen_unmatched,200,p0.40_f0.500,0.5,1.0,2,0.4,79.60000000000001,79.745,62,103,15949,1939,1.9138281497513598,80,0.49190237879294296,0.009838047575858861,4.096434032098965,17.430979636455504,2.2547444522199913,4.824563719642887,18,"{""0"": 0.009080430695111491, ""1"": 0.008023326827701028, ""2"": 0.005417217161980812, ""3"": 0.013241427278919337, ""4"": 0.01769562995365926, ""5"": 0.005570253537781235}"
frozen_unmatched,200,p0.40_f0.500,0.5,1.0,2,0.4,79.60000000000001,79.745,62,103,15949,1939,1.9138281497513598,90,0.4527436529517299,0.0090548730590346,24.08209725014191,17.580060317839596,2.257335706444197,4.971297626926265,18,"{""0"": 0.008787716971863683, ""1"": 0.005212516585178311, ""2"": 0.005169103436478856, ""3"": 0.01196347289300827, ""4"": 0.016577496088030462, ""5"": 0.006618932379648013}"
frozen_unmatched,200,p0.40_f0.500,0.5,1.0,2,0.4,79.60000000000001,79.745,62,103,15949,1939,1.9138281497513598,100,0.43023908792481297,0.008604781758496261,13.101729198167831,17.631308945568016,2.252220524337627,4.9124934067197765,18,"{""0"": 0.006456673530090126, ""1"": 0.006107724352142059, ""2"": 0.005107263729343563, ""3"": 0.010804012442581206, ""4"": 0.01632169158131127, ""5"": 0.006831324915509337}"
frozen_unmatched,200,p0.40_f0.500,0.5,1.0,2,0.4,79.60000000000001,79.745,62,103,15949,1939,1.9138281497513598,110,0.42552817748067917,0.008510563549613584,3.6692441974764525,17.735590005634528,2.254173941761186,4.889579305714633,18,"{""0"": 0.006379954477936045, ""1"": 0.0065399531070852, ""2"": 0.005330021050774609, ""3"": 0.008553616621705165, ""4"": 0.01534032474892864, ""5"": 0.008919511291251844}"
frozen_unmatched,200,p0.40_f0.500,0.5,1.0,2,0.4,79.60000000000001,79.745,62,103,15949,1939,1.9138281497513598,120,0.4186255597387668,0.008372511194775337,5.934048828995462,17.80980324361361,2.2587339577243166,4.770487388066138,18,"{""0"": 0.006171609110648816, ""1"": 0.006863921698384586, ""2"": 0.005092004739747002, ""3"": 0.007813574833134334, ""4"": 0.015222881985598433, ""5"": 0.009071074801138857}"
frozen_unmatched,200,p0.40_f0.500,0.5,1.0,2,0.4,79.60000000000001,79.745,62,103,15949,1939,1.9138281497513598,130,0.41933578062248594,0.00838671561244972,5.037495937066627,17.868032815308922,2.2554581081456346,4.774500737506694,18,"{""0"": 0.006090298174381677, ""1"": 0.007381380697974824, ""2"": 0.005000396554928481, ""3"": 0.007737443847232364, ""4"": 0.015409851650642292, ""5"": 0.008700922749538691}"
frozen_unmatched,200,p0.40_f0.500,0.5,1.0,2,0.4,79.60000000000001,79.745,62,103,15949,1939,1.9138281497513598,140,0.4134037292969129,0.008268074585938258,5.083728081613411,17.93645719551274,2.2591062610025845,4.887922363628925,18,"{""0"": 0.006576536962336196, ""1"": 0.007444273712511729, ""2"": 0.005068171168191177, ""3"": 0.007612701820372343, ""4"": 0.01508103353450516, ""5"": 0.007825730317712951}"
frozen_unmatched,200,p0.40_f0.500,0.5,1.0,2,0.4,79.60000000000001,79.745,62,103,15949,1939,1.9138281497513598,150,0.4194706024661441,0.008389412049322883,6.9423303821409075,17.978514652049128,2.260527051197814,4.789937553667491,18,"{""0"": 0.006872506491210481, ""1"": 0.0073944028512425335, ""2"": 0.005023863570456049, ""3"": 0.007644069216141183, ""4"": 0.016047615410993664, ""5"": 0.007354014755893384}"
frozen_unmatched,200,p0.40_f0.500,0.5,1.0,2,0.4,79.60000000000001,79.745,62,103,15949,1939,1.9138281497513598,160,0.41613433955424173,0.008322686791084836,16.43221949850545,18.044699502098357,2.2572239102562555,4.735489628580029,18,"{""0"": 0.007081478800606808, ""1"": 0.007365498977873984, ""2"": 0.00496083499085262, ""3"": 0.007792519776675742, ""4"": 0.016287913824691996, ""5"": 0.006447874375807858}"
frozen_unmatched,200,p0.40_f0.500,0.5,1.0,2,0.4,79.60000000000001,79.745,62,103,15949,1939,1.9138281497513598,170,0.42093614970753673,0.008418722994150736,22.057161008292113,18.062704134963127,2.2607412449395263,4.791256859804055,18,"{""0"": 0.006872176321621755, ""1"": 0.007250829419157517, ""2"": 0.005173032115239111, ""3"": 0.0074944112067984, ""4"": 0.017001179249277684, ""5"": 0.0067207096528099485}"
frozen_unmatched,200,p0.40_f0.500,0.5,1.0,2,0.4,79.60000000000001,79.745,62,103,15949,1939,1.9138281497513598,180,0.42130953075570776,0.008426190615114156,0.9182813958274794,18.1104672174722,2.2663484025407405,4.852559224240557,18,"{""0"": 0.007032025783653218, ""1"": 0.0069014385388979265, ""2"": 0.004936758627390558, ""3"": 0.007765476744749286, ""4"": 0.016649490622164496, ""5"": 0.007271953373829449}"
frozen_unmatched,200,p0.40_f0.500,0.5,1.0,2,0.4,79.60000000000001,79.745,62,103,15949,1939,1.9138281497513598,190,0.3907928364797142,0.007815856729594284,4.8825994130337085,18.141133847714162,2.2676065453949406,4.91264466727933,18,"{""0"": 0.005812975694526677, ""1"": 0.006865256063750651, ""2"": 0.004603626463747218, ""3"": 0.0071764178887295, ""4"": 0.014998642558533507, ""5"": 0.0074382217082781575}"
frozen_unmatched,200,p0.40_f0.500,0.5,1.0,2,0.4,79.60000000000001,79.745,62,103,15949,1939,1.9138281497513598,200,0.38295346990760737,0.0076590693981521485,15.53663999343712,18.153674881880722,2.271099007566751,4.978656208446265,18,"{""0"": 0.005231220149805318, ""1"": 0.0065763288431873205, ""2"": 0.0048493109766073374, ""3"": 0.006816940571604019, ""4"": 0.01474852123844802, ""5"": 0.007732094609260875}"
frozen_unmatched,200,p0.40_f0.750,0.75,1.0,2,0.4,79.60000000000001,79.745,62,103,15949,1939,2.050746485376199,0,1.1405896201948562,0.02281179240389713,nan,0.0,2.050746485376199,7.709203964570069,21,"{""0"": 0.023753465629043544, ""1"": 0.025826673890754444, ""2"": 0.023245686488243752, ""3"": 0.020064013908883516, ""4"": 0.023686862796042284, ""5"": 0.020294051710415227}"
frozen_unmatched,200,p0.40_f0.750,0.75,1.0,2,0.4,79.60000000000001,79.745,62,103,15949,1939,2.050746485376199,10,0.8800353505559985,0.017600707011119973,11.677750060177313,14.90353907814643,2.3458199169048526,9.03999982148952,24,"{""0"": 0.014069238404232248, ""1"": 0.010174570082070632, ""2"": 0.02800084105667456, ""3"": 0.015030487190721805, ""4"": 0.025601388464362836, ""5"": 0.01272771686865777}"
frozen_unmatched,200,p0.40_f0.750,0.75,1.0,2,0.4,79.60000000000001,79.745,62,103,15949,1939,2.050746485376199,20,0.7861146124599968,0.015722292249199937,13.395613884996584,16.744948824691612,2.3865796998639563,8.103884421247802,25,"{""0"": 0.015004548425272646, ""1"": 0.009249686403926339, ""2"": 0.01995356011098509, ""3"": 0.019681779823345038, ""4"": 0.016926378555659295, ""5"": 0.013517800176011221}"
frozen_unmatched,200,p0.40_f0.750,0.75,1.0,2,0.4,79.60000000000001,79.745,62,103,15949,1939,2.050746485376199,30,0.774743354860847,0.015494867097216944,14.086302862111118,17.025962379792453,2.376396377347153,6.988387454526965,24,"{""0"": 0.013103467144127584, ""1"": 0.012571193375733212, ""2"": 0.024145162469778676, ""3"": 0.014065363737755137, ""4"": 0.015633517936148138, ""5"": 0.01345049791975891}"
frozen_unmatched,200,p0.40_f0.750,0.75,1.0,2,0.4,79.60000000000001,79.745,62,103,15949,1939,2.050746485376199,40,0.7306646879785748,0.014613293759571495,10.227430576954275,17.34816785596028,2.3889512019527905,6.729532100444499,24,"{""0"": 0.010662930528087812, ""1"": 0.015085091740246453, ""2"": 0.023534825423515694, ""3"": 0.013510649260746063, ""4"": 0.015588949193210022, ""5"": 0.009297316411622928}"
frozen_unmatched,200,p0.40_f0.750,0.75,1.0,2,0.4,79.60000000000001,79.745,62,103,15949,1939,2.050746485376199,50,0.714363895881149,0.014287277917622982,21.21189142257806,17.40916970325603,2.385562356622699,6.698934409685071,24,"{""0"": 0.01426888234081001, ""1"": 0.01201183503341639, ""2"": 0.015695163427360905, ""3"": 0.01387378292791723, ""4"": 0.015299310635589891, ""5"": 0.014574693140643469}"
frozen_unmatched,200,p0.40_f0.750,0.75,1.0,2,0.4,79.60000000000001,79.745,62,103,15949,1939,2.050746485376199,60,0.6880391177239032,0.013760782354478068,6.557022671947665,17.421062966358157,2.373787570817435,6.455871198449095,24,"{""0"": 0.01619285620628448, ""1"": 0.010912493625692219, ""2"": 0.009739043846698717, ""3"": 0.013979803090471041, ""4"": 0.015176870902362524, ""5"": 0.01656362645535942}"
frozen_unmatched,200,p0.40_f0.750,0.75,1.0,2,0.4,79.60000000000001,79.745,62,103,15949,1939,2.050746485376199,70,0.6497113041154925,0.012994226082309853,7.067299335588711,17.446437960032938,2.379755685935285,6.319952118991039,23,"{""0"": 0.013294203130368299, ""1"": 0.012645305125281356, ""2"": 0.011195348448423586, ""3"": 0.014081052031792319, ""4"": 0.01445656300607917, ""5"": 0.012292884751914382}"
frozen_unmatched,200,p0.40_f0.750,0.75,1.0,2,0.4,79.60000000000001,79.745,62,103,15949,1939,2.050746485376199,80,0.6525834232952572,0.013051668465905145,5.106030337507694,17.60145960151245,2.3815578366319126,6.2918994080922035,23,"{""0"": 0.01411159683927847, ""1"": 0.01080999316937902, ""2"": 0.010109447387482127, ""3"": 0.01559944197713101, ""4"": 0.01513953066715131, ""5"": 0.01254000075500894}"
frozen_unmatched,200,p0.40_f0.750,0.75,1.0,2,0.4,79.60000000000001,79.745,62,103,15949,1939,2.050746485376199,90,0.6601765406848855,0.013203530813697713,25.845225675286084,17.764746482657056,2.3792526829347502,6.584396270041092,23,"{""0"": 0.013875414478886173, ""1"": 0.013664030657641144, ""2"": 0.009867581213212979, ""3"": 0.015367086185420282, ""4"": 0.01623840661772729, ""5"": 0.010208665729298409}"
frozen_unmatched,200,p0.40_f0.750,0.75,1.0,2,0.4,79.60000000000001,79.745,62,103,15949,1939,2.050746485376199,100,0.6403013014761941,0.012806026029523883,7.431342673441708,17.634684454412998,2.3745668795471766,6.808579952512717,24,"{""0"": 0.013497568891468284, ""1"": 0.014026598534323063, ""2"": 0.011391620331934586, ""3"": 0.014001148308388065, ""4"": 0.013932410462174607, ""5"": 0.009986809648854697}"
frozen_unmatched,200,p0.40_f0.750,0.75,1.0,2,0.4,79.60000000000001,79.745,62,103,15949,1939,2.050746485376199,110,0.6319695813933299,0.0126393916278666,15.440018474246965,17.73191966879952,2.3765237835850654,6.723468662467544,23,"{""0"": 0.013733726124554846, ""1"": 0.014297084996297449, ""2"": 0.011019360837072787, ""3"": 0.013411832311558783, ""4"": 0.013769224648653064, ""5"": 0.00960512084906268}"
frozen_unmatched,200,p0.40_f0.750,0.75,1.0,2,0.4,79.60000000000001,79.745,62,103,15949,1939,2.050746485376199,120,0.623039882126579,0.012460797642531581,11.093774558718177,17.784954758062398,2.3803975099141876,6.406671766886915,23,"{""0"": 0.013356566738983233, ""1"": 0.014010138765595, ""2"": 0.01110176690946426, ""3"": 0.013045823794767934, ""4"": 0.013259425788793102, ""5"": 0.009991063857585957}"
frozen_unmatched,200,p0.40_f0.750,0.75,1.0,2,0.4,79.60000000000001,79.745,62,103,15949,1939,2.050746485376199,130,0.621109730828703,0.012422194616574064,7.446101043744232,17.852572098979202,2.3869485096458583,6.113574430621364,23,"{""0"": 0.013444348187467921, ""1"": 0.013362138517404896, ""2"": 0.01006054100612365, ""3"": 0.013167505940134064, ""4"": 0.012708128275302485, ""5"": 0.011790505773011347}"
frozen_unmatched,200,p0.40_f0.750,0.75,1.0,2,0.4,79.60000000000001,79.745,62,103,15949,1939,2.050746485376199,140,0.6002732509306624,0.01200546501861325,19.86113171585915,17.92026754639714,2.391129097816956,5.833321757084659,22,"{""0"": 0.012987431743619247, ""1"": 0.012960084422879437, ""2"": 0.009098884949215699, ""3"": 0.012764547529576929, ""4"": 0.011052265602540176, ""5"": 0.013169575863848018}"
frozen_unmatched,200,p0.40_f0.750,0.75,1.0,2,0.4,79.60000000000001,79.745,62,103,15949,1939,2.050746485376199,150,0.5824548823818569,0.011649097647637139,6.822027085924992,17.96115582300189,2.387295089657322,5.751180128914264,22,"{""0"": 0.01285284187756961, ""1"": 0.012996308316006577, ""2"": 0.009344990924487196, ""3"": 0.012726370612674242, ""4"": 0.010890381155879631, ""5"": 0.011083692999205577}"
frozen_unmatched,200,p0.40_f0.750,0.75,1.0,2,0.4,79.60000000000001,79.745,62,103,15949,1939,2.050746485376199,160,0.5606895357758157,0.011213790715516316,11.292803314567726,18.029573642702708,2.391009921674714,5.674496992078943,22,"{""0"": 0.012807533260143302, ""1"": 0.013471579617664712, ""2"": 0.009525933911277618, ""3"": 0.011888139929944488, ""4"": 0.011751269751219528, ""5"": 0.007838287822848247}"
frozen_unmatched,200,p0.40_f0.750,0.75,1.0,2,0.4,79.60000000000001,79.745,62,103,15949,1939,2.050746485376199,170,0.5523466168974561,0.011046932337949124,10.265594923099629,18.06551230877652,2.397169467036773,5.62569462953469,22,"{""0"": 0.012424781889511282, ""1"": 0.013864863481502152, ""2"": 0.009419212382468295, ""3"": 0.01110961422026655, ""4"": 0.01175647075311618, ""5"": 0.007706651300830281}"
frozen_unmatched,200,p0.40_f0.750,0.75,1.0,2,0.4,79.60000000000001,79.745,62,103,15949,1939,2.050746485376199,180,0.5557267202707951,0.011114534405415903,6.646812562548586,18.081808391860104,2.4057944875751263,5.602562018436383,22,"{""0"": 0.012434385631185695, ""1"": 0.013423140229004472, ""2"": 0.009005632594225205, ""3"": 0.01132267814886724, ""4"": 0.011799845422108369, ""5"": 0.008701524407104432}"
frozen_unmatched,200,p0.40_f0.750,0.75,1.0,2,0.4,79.60000000000001,79.745,62,103,15949,1939,2.050746485376199,190,0.5597272098731088,0.011194544197462178,10.824441132151776,18.06717016767019,2.4078011156602885,5.6805481571201595,22,"{""0"": 0.011723066334923643, ""1"": 0.012960117286930816, ""2"": 0.0082120012469429, ""3"": 0.010809583035229681, ""4"": 0.011786111716556708, ""5"": 0.011676385564189318}"
frozen_unmatched,200,p0.40_f0.750,0.75,1.0,2,0.4,79.60000000000001,79.745,62,103,15949,1939,2.050746485376199,200,0.5517599441291146,0.011035198882582292,6.189176768094916,18.107933319238697,2.410689226511062,5.671486348904032,22,"{""0"": 0.011311587816966655, ""1"": 0.01282126142524886, ""2"": 0.008118603435547484, ""3"": 0.010635332737725569, ""4"": 0.011976520319044379, ""5"": 0.011347887560960803}"
frozen_unmatched,200,p0.40_f0.875,0.875,1.0,2,0.4,79.60000000000001,79.745,62,103,15949,1939,2.110769887103698,0,1.134342051529681,0.02268684103059362,nan,0.0,2.110769887103698,7.749061184558603,22,"{""0"": 0.023546002631447967, ""1"": 0.0256467659886336, ""2"": 0.022813697864174216, ""3"": 0.020772268260921073, ""4"": 0.023098783074424888, ""5"": 0.020243528363959984}"
frozen_unmatched,200,p0.40_f0.875,0.875,1.0,2,0.4,79.60000000000001,79.745,62,103,15949,1939,2.110769887103698,10,0.8320489710278017,0.016640979420556038,7.693552269521542,15.766248107008023,2.3310751353506842,7.545313896386899,24,"{""0"": 0.012401649237810035, ""1"": 0.015214571658191667, ""2"": 0.022456101248259523, ""3"": 0.020911101376490156, ""4"": 0.01610609354056463, ""5"": 0.012756359462020223}"
frozen_unmatched,200,p0.40_f0.875,0.875,1.0,2,0.4,79.60000000000001,79.745,62,103,15949,1939,2.110769887103698,20,0.8105695274106783,0.016211390548213567,6.89998460389608,16.12679857676826,2.328905575069994,6.482613194328544,23,"{""0"": 0.019030892448354476, ""1"": 0.010564217860402245, ""2"": 0.023446915943854087, ""3"": 0.024304608684726475, ""4"": 0.009442137747021991, ""5"": 0.01047957060492215}"
frozen_unmatched,200,p0.40_f0.875,0.875,1.0,2,0.4,79.60000000000001,79.745,62,103,15949,1939,2.110769887103698,30,0.7540350508650175,0.015080701017300352,32.62758493320936,16.487751940024346,2.3960443198152706,7.017007688294093,24,"{""0"": 0.016066283246020947, ""1"": 0.007568926061446898, ""2"": 0.02208285250180047, ""3"": 0.017001730400942123, ""4"": 0.009902661032660166, ""5"": 0.017861752860931515}"
frozen_unmatched,200,p0.40_f0.875,0.875,1.0,2,0.4,79.60000000000001,79.745,62,103,15949,1939,2.110769887103698,40,0.713843330326192,0.014276866606523842,13.927136860433453,16.716595818777176,2.3920851583205835,7.496815341363431,24,"{""0"": 0.014557875000444271, ""1"": 0.00791428154730513, ""2"": 0.02288043155773342, ""3"": 0.015899275179628632, ""4"": 0.00932456282890318, ""5"": 0.015084773525128414}"
frozen_unmatched,200,p0.40_f0.875,0.875,1.0,2,0.4,79.60000000000001,79.745,62,103,15949,1939,2.110769887103698,50,0.671074607629832,0.013421492152596642,27.50445490113966,16.453328192904113,2.381080863451785,7.939739453212717,25,"{""0"": 0.013446677081251699, ""1"": 0.007410997723331899, ""2"": 0.01971395901038041, ""3"": 0.016261843822836186, ""4"": 0.009613195558023934, ""5"": 0.01408227971975572}"
frozen_unmatched,200,p0.40_f0.875,0.875,1.0,2,0.4,79.60000000000001,79.745,62,103,15949,1939,2.110769887103698,60,0.6567224507959631,0.013134449015919264,7.304804489849711,16.485104239299076,2.3960158106623424,7.239915852387102,24,"{""0"": 0.01409997731283687, ""1"": 0.00584237882195591, ""2"": 0.0176061207694373, ""3"": 0.01678940052408865, ""4"": 0.008478791818582581, ""5"": 0.015990024848614264}"
frozen_unmatched,200,p0.40_f0.875,0.875,1.0,2,0.4,79.60000000000001,79.745,62,103,15949,1939,2.110769887103698,70,0.6502940411910456,0.013005880823820913,6.845449437285102,16.689368743383366,2.3982485823762296,6.832863577929546,23,"{""0"": 0.014405133407316967, ""1"": 0.0054656602400695265, ""2"": 0.016187674734067757, ""3"": 0.01743776933443202, ""4"": 0.007943480248917164, ""5"": 0.016595566978122055}"
frozen_unmatched,200,p0.40_f0.875,0.875,1.0,2,0.4,79.60000000000001,79.745,62,103,15949,1939,2.110769887103698,80,0.6431641668422038,0.012863283336844078,6.06036459529745,16.748541756866196,2.3903092160752735,6.399958175318951,23,"{""0"": 0.013783567308652133, ""1"": 0.005021396440469965, ""2"": 0.016849086471278394, ""3"": 0.017768114100509665, ""4"": 0.007572756217003103, ""5"": 0.016184779483151217}"
frozen_unmatched,200,p0.40_f0.875,0.875,1.0,2,0.4,79.60000000000001,79.745,62,103,15949,1939,2.110769887103698,90,0.614879058264033,0.012297581165280663,28.363372481355317,16.78607470743629,2.3854001008792047,6.546837975217153,23,"{""0"": 0.015694882398501347, ""1"": 0.004806912762758521, ""2"": 0.01486974264892996, ""3"": 0.01718258972225894, ""4"": 0.007627669331510152, ""5"": 0.013603690127725054}"
frozen_unmatched,200,p0.40_f0.875,0.875,1.0,2,0.4,79.60000000000001,79.745,62,103,15949,1939,2.110769887103698,100,0.6333646000418113,0.012667292000836227,6.872782375635395,16.792433147584685,2.3619097888079645,6.3359059579055605,23,"{""0"": 0.014575361963658556, ""1"": 0.0043140115088428545, ""2"": 0.017514234244198585, ""3"": 0.018130542803084078, ""4"": 0.007587380201992249, ""5"": 0.013882221283241045}"
frozen_unmatched,200,p0.40_f0.875,0.875,1.0,2,0.4,79.60000000000001,79.745,62,103,15949,1939,2.110769887103698,110,0.6006866642377261,0.012013733284754524,20.379897897850114,16.819435136852128,2.3466426581273394,6.389690572955851,23,"{""0"": 0.01568070447634868, ""1"": 0.004171312811021356, ""2"": 0.017067202073742696, ""3"": 0.01576995743385932, ""4"": 0.006846212224540095, ""5"": 0.01254701068901499}"
frozen_unmatched,200,p0.40_f0.875,0.875,1.0,2,0.4,79.60000000000001,79.745,62,103,15949,1939,2.110769887103698,120,0.5943334401737492,0.011886668803474986,16.88438368827097,16.887907348266552,2.3514144681745335,6.271924069424214,23,"{""0"": 0.016448513909667777, ""1"": 0.004220590713118091, ""2"": 0.016508701943853288, ""3"": 0.015428006383286313, ""4"": 0.006982174893132728, ""5"": 0.011732024977791716}"
frozen_unmatched,200,p0.40_f0.875,0.875,1.0,2,0.4,79.60000000000001,79.745,62,103,15949,1939,2.110769887103698,130,0.5836620359057482,0.011673240718114965,8.537499567296233,16.982724789023216,2.3526897095425494,6.236787307760485,22,"{""0"": 0.016816817856665618, ""1"": 0.004424479798813963, ""2"": 0.01595014135652801, ""3"": 0.014310438630102115, ""4"": 0.007359651436225312, ""5"": 0.011177915230354784}"
frozen_unmatched,200,p0.40_f0.875,0.875,1.0,2,0.4,79.60000000000001,79.745,62,103,15949,1939,2.110769887103698,140,0.5559977325464909,0.01111995465092982,9.761979612176868,16.990480010362422,2.349292109365608,6.449644613294869,23,"{""0"": 0.01683053651488146, ""1"": 0.004337360119012844, ""2"": 0.015157756282935211, ""3"": 0.012636990574975537, ""4"": 0.006545048982584098, ""5"": 0.01121203543118977}"
frozen_unmatched,200,p0.40_f0.875,0.875,1.0,2,0.4,79.60000000000001,79.745,62,103,15949,1939,2.110769887103698,150,0.5444058306318906,0.010888116612637815,7.062631828898378,17.04540895156823,2.355519996801656,6.089842024795593,22,"{""0"": 0.01693425157058735, ""1"": 0.004205177270593749, ""2"": 0.015096283362894564, ""3"": 0.012269889836102115, ""4"": 0.00677999843303939, ""5"": 0.010043099202609712}"
frozen_unmatched,200,p0.40_f0.875,0.875,1.0,2,0.4,79.60000000000001,79.745,62,103,15949,1939,2.110769887103698,160,0.5225050011494131,0.010450100022988264,14.347165768541977,17.04097267014847,2.353165091865257,6.172253227084317,22,"{""0"": 0.016597915957797964, ""1"": 0.004172935591445577, ""2"": 0.014212286014100595, ""3"": 0.011428057983906911, ""4"": 0.006251271229638313, ""5"": 0.01003813336104023}"
frozen_unmatched,200,p0.40_f0.875,0.875,1.0,2,0.4,79.60000000000001,79.745,62,103,15949,1939,2.110769887103698,170,0.5146591397195768,0.010293182794391537,7.185593806716098,17.080924577486126,2.3622883751451282,6.221022322314124,22,"{""0"": 0.01623213873450309, ""1"": 0.004210587967436072, ""2"": 0.013914768077743564, ""3"": 0.01179104292799225, ""4"": 0.006315034399317955, ""5"": 0.00929552465935628}"
frozen_unmatched,200,p0.40_f0.875,0.875,1.0,2,0.4,79.60000000000001,79.745,62,103,15949,1939,2.110769887103698,180,0.5172491753450014,0.01034498350690003,15.41600956363204,17.172390434117784,2.3600151422722817,6.173587320536964,22,"{""0"": 0.016625506622814177, ""1"": 0.004532426176125172, ""2"": 0.013004739997758214, ""3"": 0.012109988276551733, ""4"": 0.00624783957307444, ""5"": 0.009549400395076438}"
frozen_unmatched,200,p0.40_f0.875,0.875,1.0,2,0.4,79.60000000000001,79.745,62,103,15949,1939,2.110769887103698,190,0.5007198573575528,0.010014397147151056,8.334803694564696,17.16275181704311,2.3644952695646393,6.06801872189389,21,"{""0"": 0.016459196351712568, ""1"": 0.004796752061118336, ""2"": 0.0119711597234421, ""3"": 0.011602413507924486, ""4"": 0.006464634409247265, ""5"": 0.008792226829461581}"
frozen_unmatched,200,p0.40_f0.875,0.875,1.0,2,0.4,79.60000000000001,79.745,62,103,15949,1939,2.110769887103698,200,0.49987567512129905,0.009997513502425982,13.816035495415036,17.219811539695787,2.3737775928198794,6.127267130040131,22,"{""0"": 0.016381235133175503, ""1"": 0.004662817877961504, ""2"": 0.011888423873348234, ""3"": 0.011644072829739817, ""4"": 0.006563072998679927, ""5"": 0.008845458301650918}"
frozen_unmatched,200,p0.10_f0.500,0.5,1.0,3,0.1,19.900000000000002,20.3,8,30,4060,2075,1.8748600713375827,0,1.0132793167755874,0.020265586335511752,nan,0.0,1.8748600713375827,7.52741890436591,17,"{""0"": 0.0198567771096341, ""1"": 0.020709572446434114, ""2"": 0.01921164777946339, ""3"": 0.021635103503094902, ""4"": 0.019592567997666368, ""5"": 0.02058784917677764}"
frozen_unmatched,200,p0.10_f0.500,0.5,1.0,3,0.1,19.900000000000002,20.3,8,30,4060,2075,1.8748600713375827,10,0.8804743819368597,0.017609487638737195,26.02118309041977,13.641074707661232,2.3106097606321385,1.9269324562876298,9,"{""0"": 0.028039019674376886, ""1"": 0.002814505677514063, ""2"": 0.027175745398901236, ""3"": 0.015691479160524574, ""4"": 0.006055253615004365, ""5"": 0.02588092230610205}"
frozen_unmatched,200,p0.10_f0.500,0.5,1.0,3,0.1,19.900000000000002,20.3,8,30,4060,2075,1.8748600713375827,20,0.8258820415009034,0.016517640830018072,9.616527057888248,16.083462927852068,2.338236660990313,4.972726343572406,17,"{""0"": 0.02247437644672289, ""1"": 0.01334433425191942, ""2"": 0.01945390146794592, ""3"": 0.012047452197989906, ""4"": 0.006824671309917887, ""5"": 0.024961109305612378}"
frozen_unmatched,200,p0.10_f0.500,0.5,1.0,3,0.1,19.900000000000002,20.3,8,30,4060,2075,1.8748600713375827,30,0.9286197232404744,0.01857239446480949,22.019518590066035,16.114854250082203,2.3375805563544185,4.699374221955752,17,"{""0"": 0.03254987150824519, ""1"": 0.01618346232560422, ""2"": 0.01676841040198886, ""3"": 0.01073936030942727, ""4"": 0.003975347863536399, ""5"": 0.03121791438005499}"
frozen_unmatched,200,p0.10_f0.500,0.5,1.0,3,0.1,19.900000000000002,20.3,8,30,4060,2075,1.8748600713375827,40,0.7920694630473052,0.015841389260946106,14.692850616847716,16.2608547167662,2.3646325719007364,6.434633737020608,20,"{""0"": 0.01853129081963415, ""1"": 0.019292320024123753, ""2"": 0.017143840614141627, ""3"": 0.010724688917634726, ""4"": 0.005793103376409591, ""5"": 0.0235630918137328}"
frozen_unmatched,200,p0.10_f0.500,0.5,1.0,3,0.1,19.900000000000002,20.3,8,30,4060,2075,1.8748600713375827,50,0.7423338075899657,0.014846676151799316,5.2668229465834955,16.251896417720783,2.346848479158378,6.400461040164042,20,"{""0"": 0.018404844199501526, ""1"": 0.01611957716292403, ""2"": 0.014152489057862983, ""3"": 0.010545831829710885, ""4"": 0.0049526099667430695, ""5"": 0.024904704694053408}"
frozen_unmatched,200,p0.10_f0.500,0.5,1.0,3,0.1,19.900000000000002,20.3,8,30,4060,2075,1.8748600713375827,60,0.6731916065723524,0.013463832131447051,6.473370192019906,16.384136893489572,2.3316273041270787,5.5362439258984075,18,"{""0"": 0.018631207827839853, ""1"": 0.012896823024144086, ""2"": 0.012099789246926082, ""3"": 0.009536061276561893, ""4"": 0.0038997085384811724, ""5"": 0.023719402874729217}"
frozen_unmatched,200,p0.10_f0.500,0.5,1.0,3,0.1,19.900000000000002,20.3,8,30,4060,2075,1.8748600713375827,70,0.6630551994682625,0.013261103989365253,11.258531622138861,16.399065331240624,2.334024346123391,5.261840058850329,18,"{""0"": 0.01886446435258461, ""1"": 0.012784312512961799, ""2"": 0.011274325883243713, ""3"": 0.01057562273832764, ""4"": 0.0034460459217992914, ""5"": 0.022621852527274465}"
frozen_unmatched,200,p0.10_f0.500,0.5,1.0,3,0.1,19.900000000000002,20.3,8,30,4060,2075,1.8748600713375827,80,0.603090442160276,0.012061808843205521,3.011169770126671,16.432571777088842,2.338112123594713,4.903159517098234,17,"{""0"": 0.014718864997031298, ""1"": 0.010177686974922776, ""2"": 0.011985228909797998, ""3"": 0.01014465565335242, ""4"": 0.0029894619563125306, ""5"": 0.0223549545678161}"
frozen_unmatched,200,p0.10_f0.500,0.5,1.0,3,0.1,19.900000000000002,20.3,8,30,4060,2075,1.8748600713375827,90,0.6413386889132742,0.012826773778265485,2.3887325296027924,16.551931875677738,2.3369237678869914,5.459374952009856,18,"{""0"": 0.014197581726889846, ""1"": 0.013276411984600289, ""2"": 0.011929397839524713, ""3"": 0.00918992721195214, ""4"": 0.0034253170883913977, ""5"": 0.024942006818234514}"
frozen_unmatched,200,p0.10_f0.500,0.5,1.0,3,0.1,19.900000000000002,20.3,8,30,4060,2075,1.8748600713375827,100,0.6162848696675698,0.012325697393351397,10.110534718743148,16.466647843417924,2.333384693659332,5.108378461506229,17,"{""0"": 0.012386415242979404, ""1"": 0.011190816780773567, ""2"": 0.012396758021337512, ""3"": 0.009594937697016007, ""4"": 0.0034862953161843625, ""5"": 0.024898961301817533}"
frozen_unmatched,200,p0.10_f0.500,0.5,1.0,3,0.1,19.900000000000002,20.3,8,30,4060,2075,1.8748600713375827,110,0.6338409693638009,0.012676819387276017,20.519303706187067,16.415953291309837,2.325037019150476,5.023171340454016,17,"{""0"": 0.015544108076439678, ""1"": 0.010593810650521455, ""2"": 0.01235666346891855, ""3"": 0.009593174279259103, ""4"": 0.0034076341507484247, ""5"": 0.02456552569776891}"
frozen_unmatched,200,p0.10_f0.500,0.5,1.0,3,0.1,19.900000000000002,20.3,8,30,4060,2075,1.8748600713375827,120,0.6447711185350918,0.01289542237070184,6.139454387488945,16.49999980953344,2.320600895085304,4.898105823943862,17,"{""0"": 0.017906851581813273, ""1"": 0.011253946048508396, ""2"": 0.01219993028923823, ""3"": 0.009562301740687328, ""4"": 0.003552207441904459, ""5"": 0.022897297122059367}"
frozen_unmatched,200,p0.10_f0.500,0.5,1.0,3,0.1,19.900000000000002,20.3,8,30,4060,2075,1.8748600713375827,130,0.6450087284166952,0.012900174568333906,36.8529212508854,16.480669784767276,2.313865501539092,4.843313099350115,17,"{""0"": 0.01662255811634477, ""1"": 0.011209728163486279, ""2"": 0.012564366605045965, ""3"": 0.010108886666326556, ""4"": 0.0031041714027747135, ""5"": 0.023791336456025144}"
frozen_unmatched,200,p0.10_f0.500,0.5,1.0,3,0.1,19.900000000000002,20.3,8,30,4060,2075,1.8748600713375827,140,0.6351783702021655,0.012703567404043312,9.233731074443734,16.48736879924078,2.3112627921945688,4.656234416996746,17,"{""0"": 0.016543376384511803, ""1"": 0.00970359589375366, ""2"": 0.012535531043144778, ""3"": 0.00951312637673734, ""4"": 0.00299091178576371, ""5"": 0.024934862940348586}"
frozen_unmatched,200,p0.10_f0.500,0.5,1.0,3,0.1,19.900000000000002,20.3,8,30,4060,2075,1.8748600713375827,150,0.6390999227546471,0.012781998455092944,2.444370422809724,16.489579666151336,2.317628617761317,4.918283938177347,17,"{""0"": 0.014470637012827029, ""1"": 0.012205106588834776, ""2"": 0.012941961394134175, ""3"": 0.008893318041808703, ""4"": 0.0030017603268709635, ""5"": 0.025179207366082007}"
frozen_unmatched,200,p0.10_f0.500,0.5,1.0,3,0.1,19.900000000000002,20.3,8,30,4060,2075,1.8748600713375827,160,0.6395878628391405,0.012791757256782811,12.852359987350905,16.4925656379304,2.318706864941058,4.913525572737623,17,"{""0"": 0.014722052348934372, ""1"": 0.01172362929111705, ""2"": 0.013022394709312896, ""3"": 0.009430014328454462, ""4"": 0.0028892723989409194, ""5"": 0.024963180463937185}"
frozen_unmatched,200,p0.10_f0.500,0.5,1.0,3,0.1,19.900000000000002,20.3,8,30,4060,2075,1.8748600713375827,170,0.6357133166726209,0.012714266333452419,8.681037081572427,16.54744168961283,2.317961552763347,5.114928064292215,18,"{""0"": 0.014827694909394992, ""1"": 0.012246474799976691, ""2"": 0.012866720390092155, ""3"": 0.009566497473134823, ""4"": 0.0029195877839802474, ""5"": 0.02385862264413561}"
frozen_unmatched,200,p0.10_f0.500,0.5,1.0,3,0.1,19.900000000000002,20.3,8,30,4060,2075,1.8748600713375827,180,0.621429330077061,0.012428586601541221,7.7691151415398,16.583510229621325,2.324499462160088,4.954606389065255,18,"{""0"": 0.015199801100602515, ""1"": 0.010708698042053388, ""2"": 0.012753815657741644, ""3"": 0.009720269986307468, ""4"": 0.002933149416215767, ""5"": 0.02325578540632654}"
frozen_unmatched,200,p0.10_f0.500,0.5,1.0,3,0.1,19.900000000000002,20.3,8,30,4060,2075,1.8748600713375827,190,0.6188416190496205,0.012376832380992414,10.712384631802388,16.632653101291936,2.3253529204269983,5.010968940869113,17,"{""0"": 0.014767521735193856, ""1"": 0.011020636644850975, ""2"": 0.012762656365640352, ""3"": 0.01015751451368056, ""4"": 0.002860584291482947, ""5"": 0.02269208073510579}"
frozen_unmatched,200,p0.10_f0.500,0.5,1.0,3,0.1,19.900000000000002,20.3,8,30,4060,2075,1.8748600713375827,200,0.6102754072672996,0.012205508145345993,5.107003225964674,16.640834971960885,2.327728247288411,4.479147445431806,17,"{""0"": 0.014767561152677865, ""1"": 0.009479070267368894, ""2"": 0.012779759818463143, ""3"": 0.01084464019513281, ""4"": 0.002737792246053134, ""5"": 0.022624225192380103}"
frozen_unmatched,200,p0.10_f0.750,0.75,1.0,3,0.1,19.900000000000002,20.3,8,30,4060,2075,2.000236813162701,0,1.0252775248456678,0.02050555049691336,nan,0.0,2.000236813162701,7.653917854728551,20,"{""0"": 0.02064030939825872, ""1"": 0.02054683784769669, ""2"": 0.019822478934998812, ""3"": 0.021711408299392446, ""4"": 0.019566381403392796, ""5"": 0.020745887097740688}"
frozen_unmatched,200,p0.10_f0.750,0.75,1.0,3,0.1,19.900000000000002,20.3,8,30,4060,2075,2.000236813162701,10,0.9242217748471977,0.018484435496943955,37.570987926581886,11.706440995996987,2.4546469575940977,2.391859289717912,12,"{""0"": 0.031161596739236675, ""1"": 0.012150830873271892, ""2"": 0.027175917082917472, ""3"": 0.009968488134452065, ""4"": 0.003243190456186562, ""5"": 0.02720658969559908}"
frozen_unmatched,200,p0.10_f0.750,0.75,1.0,3,0.1,19.900000000000002,20.3,8,30,4060,2075,2.000236813162701,20,0.9324651372183403,0.01864930274436681,18.049703262681394,14.529038045830061,2.328409859941187,4.930838839141326,18,"{""0"": 0.011140786704014475, ""1"": 0.027680097264954982, ""2"": 0.01622497998979273, ""3"": 0.016657293776282403, ""4"": 0.012406467206634585, ""5"": 0.02778619152452169}"
frozen_unmatched,200,p0.10_f0.750,0.75,1.0,3,0.1,19.900000000000002,20.3,8,30,4060,2075,2.000236813162701,30,0.9291216285628382,0.018582432571256767,4.633402686056574,14.866128480033343,2.3437895618409397,4.427472857644514,17,"{""0"": 0.015386535315947882, ""1"": 0.0271138665525504, ""2"": 0.019762357404746318, ""3"": 0.011429396799704748, ""4"": 0.01046291872067143, ""5"": 0.02733952063391983}"
frozen_unmatched,200,p0.10_f0.750,0.75,1.0,3,0.1,19.900000000000002,20.3,8,30,4060,2075,2.000236813162701,40,0.7665935096265709,0.015331870192531419,14.764720533824532,15.169585110830687,2.3686840622000735,5.093709655990575,18,"{""0"": 0.014861773328631575, ""1"": 0.013787176506078117, ""2"": 0.015614420678197252, ""3"": 0.011535595104612184, ""4"": 0.011000771396183773, ""5"": 0.025191484141485605}"
frozen_unmatched,200,p0.10_f0.750,0.75,1.0,3,0.1,19.900000000000002,20.3,8,30,4060,2075,2.000236813162701,50,0.82219835847011,0.016443967169402204,6.095027595271102,15.520088825606187,2.369292392304924,5.465003384595641,19,"{""0"": 0.015084729877943428, ""1"": 0.018327078352770525, ""2"": 0.01728599652838363, ""3"": 0.010820801467152589, ""4"": 0.012096739882012946, ""5"": 0.02504845690815009}"
frozen_unmatched,200,p0.10_f0.750,0.75,1.0,3,0.1,19.900000000000002,20.3,8,30,4060,2075,2.000236813162701,60,0.7834863334857082,0.015669726669714164,2.6467659502025853,15.541271984805768,2.3832148992924194,4.865314073772892,18,"{""0"": 0.016618988482327745, ""1"": 0.015527361205618182, ""2"": 0.0147790369715823, ""3"": 0.012354845473031034, ""4"": 0.008648596213096271, ""5"": 0.02608953167262946}"
frozen_unmatched,200,p0.10_f0.750,0.75,1.0,3,0.1,19.900000000000002,20.3,8,30,4060,2075,2.000236813162701,70,0.7425736888018069,0.014851473776036139,10.658765816875816,15.638377491342963,2.3852455650091042,4.85591741074506,18,"{""0"": 0.016120659278628536, ""1"": 0.012937335331378733, ""2"": 0.014731055911643545, ""3"": 0.01020966487674622, ""4"": 0.008297023122802597, ""5"": 0.026813104135017196}"
frozen_unmatched,200,p0.10_f0.750,0.75,1.0,3,0.1,19.900000000000002,20.3,8,30,4060,2075,2.000236813162701,80,0.7345696138311971,0.014691392276623945,10.699362441466215,15.737341626221706,2.389719336988737,4.565964986130391,18,"{""0"": 0.015819461705665096, ""1"": 0.013605345789651868, ""2"": 0.015395405731097248, ""3"": 0.010225059124372684, ""4"": 0.005845172639099304, ""5"": 0.027257908669857462}"
frozen_unmatched,200,p0.10_f0.750,0.75,1.0,3,0.1,19.900000000000002,20.3,8,30,4060,2075,2.000236813162701,90,0.7511036677627331,0.015022073355254665,2.633333382968713,15.802634599175239,2.3787022649213743,4.9801279604916635,19,"{""0"": 0.013111703543464517, ""1"": 0.014229090575242614, ""2"": 0.015495164528014646, ""3"": 0.009339444943474223, ""4"": 0.00924195591396785, ""5"": 0.028715080627364137}"
frozen_unmatched,200,p0.10_f0.750,0.75,1.0,3,0.1,19.900000000000002,20.3,8,30,4060,2075,2.000236813162701,100,0.7279280502404616,0.014558561004809234,43.05895630446184,15.811163138296232,2.3513278880948354,4.912267662219924,18,"{""0"": 0.01528914802367643, ""1"": 0.013742044527466645, ""2"": 0.015491530794924551, ""3"": 0.008437849666742263, ""4"": 0.005878217745944559, ""5"": 0.028512575270100947}"
frozen_unmatched,200,p0.10_f0.750,0.75,1.0,3,0.1,19.900000000000002,20.3,8,30,4060,2075,2.000236813162701,110,0.7221866316374957,0.014443732632749917,17.355029181563097,15.729474009266099,2.344668786108753,4.541851836673819,18,"{""0"": 0.016184266582726915, ""1"": 0.014104253227175342, ""2"": 0.013769413488214316, ""3"": 0.00898017108726493, ""4"": 0.005519655079183764, ""5"": 0.028104636331934236}"
frozen_unmatched,200,p0.10_f0.750,0.75,1.0,3,0.1,19.900000000000002,20.3,8,30,4060,2075,2.000236813162701,120,0.7359529256537519,0.014719058513075041,6.29248068296568,15.731630253934439,2.347858956010765,4.53071099722471,18,"{""0"": 0.015500170625140206, ""1"": 0.013603855156104646, ""2"": 0.016213551604361547, ""3"": 0.008916291494801163, ""4"": 0.006032559823601996, ""5"": 0.028047922374440683}"
frozen_unmatched,200,p0.10_f0.750,0.75,1.0,3,0.1,19.900000000000002,20.3,8,30,4060,2075,2.000236813162701,130,0.7384810985369953,0.014769621970739909,22.22617211358031,15.766444873335654,2.3535278829876978,4.575576901740983,18,"{""0"": 0.017023583599313073, ""1"": 0.011946675606958399, ""2"": 0.01687344433591741, ""3"": 0.008310906478697673, ""4"": 0.006086106440867491, ""5"": 0.028377015362685398}"
frozen_unmatched,200,p0.10_f0.750,0.75,1.0,3,0.1,19.900000000000002,20.3,8,30,4060,2075,2.000236813162701,140,0.715066770687109,0.014301335413742183,15.965905305659188,15.870694924518164,2.3622729973332626,4.409356796408334,18,"{""0"": 0.01706560704470562, ""1"": 0.010291848650074875, ""2"": 0.015968195375064304, ""3"": 0.00812871445960912, ""4"": 0.006592939901311509, ""5"": 0.027760707051687667}"
frozen_unmatched,200,p0.10_f0.750,0.75,1.0,3,0.1,19.900000000000002,20.3,8,30,4060,2075,2.000236813162701,150,0.7019900003489283,0.014039800006978569,3.427360463778815,15.929569363971186,2.3583715303802446,4.6383184652353,18,"{""0"": 0.016965821120566837, ""1"": 0.009889535795652321, ""2"": 0.016678526684508692, ""3"": 0.0075458027228090165, ""4"": 0.005761091241761189, ""5"": 0.027398022476573365}"
frozen_unmatched,200,p0.10_f0.750,0.75,1.0,3,0.1,19.900000000000002,20.3,8,30,4060,2075,2.000236813162701,160,0.6921112365066342,0.013842224730132687,6.553908712503646,15.941893834129333,2.3625012109704335,4.304446687990883,18,"{""0"": 0.017306273781313625, ""1"": 0.00913961374314735, ""2"": 0.01604862379735881, ""3"": 0.007845385852778563, ""4"": 0.00537316394501408, ""5"": 0.027340287261183694}"
frozen_unmatched,200,p0.10_f0.750,0.75,1.0,3,0.1,19.900000000000002,20.3,8,30,4060,2075,2.000236813162701,170,0.6893673996380507,0.013787347992761018,4.555253244804775,16.009294403173644,2.3554667289425217,4.205564820659446,18,"{""0"": 0.01670734872337889, ""1"": 0.01014134203925938, ""2"": 0.01495341544533153, ""3"": 0.008638186022968706, ""4"": 0.005030888367969765, ""5"": 0.02725290735765782}"
frozen_unmatched,200,p0.10_f0.750,0.75,1.0,3,0.1,19.900000000000002,20.3,8,30,4060,2075,2.000236813162701,180,0.6855375116540355,0.013710750233080712,4.7910565264386795,16.049236471280164,2.351964992420249,4.239394434634754,18,"{""0"": 0.01654157198090252, ""1"": 0.010155951506926436, ""2"": 0.014710795746581231, ""3"": 0.008581845178472448, ""4"": 0.005040413320838631, ""5"": 0.027233923664763023}"
frozen_unmatched,200,p0.10_f0.750,0.75,1.0,3,0.1,19.900000000000002,20.3,8,30,4060,2075,2.000236813162701,190,0.6868994129562526,0.013737988259125053,31.35298292630841,15.992052918188488,2.3515964853586295,4.0600807671912165,17,"{""0"": 0.016597097507745205, ""1"": 0.011368393314371946, ""2"": 0.013748199551712196, ""3"": 0.009635057842877548, ""4"": 0.004927324596824362, ""5"": 0.026151856741219042}"
frozen_unmatched,200,p0.10_f0.750,0.75,1.0,3,0.1,19.900000000000002,20.3,8,30,4060,2075,2.000236813162701,200,0.6886464898178835,0.01377292979635767,3.594812478509937,16.04595484721929,2.351522393011479,4.021548569812783,17,"{""0"": 0.017257396212777904, ""1"": 0.011104219954024094, ""2"": 0.01425291117488955, ""3"": 0.009295294753575298, ""4"": 0.004807491719240962, ""5"": 0.025920264963638223}"
frozen_unmatched,200,p0.10_f0.875,0.875,1.0,3,0.1,19.900000000000002,20.3,8,30,4060,2075,2.0783234426581783,0,1.0320063020021424,0.02064012604004285,nan,0.0,2.0783234426581783,8.04514686676663,22,"{""0"": 0.02097514432008049, ""1"": 0.020195981333676404, ""2"": 0.019967096540952207, ""3"": 0.02232787294556876, ""4"": 0.019494994000691872, ""5"": 0.02087966709928735}"
frozen_unmatched,200,p0.10_f0.875,0.875,1.0,3,0.1,19.900000000000002,20.3,8,30,4060,2075,2.0783234426581783,10,0.9765397344620482,0.019530794689240967,43.225227063393554,11.855851233090075,2.5753315952808133,2.36911617800383,12,"{""0"": 0.028218654391919184, ""1"": 0.015756270813390903, ""2"": 0.028654843137622288, ""3"": 0.01596211604264296, ""4"": 0.0037854399768752164, ""5"": 0.024807443772995263}"
frozen_unmatched,200,p0.10_f0.875,0.875,1.0,3,0.1,19.900000000000002,20.3,8,30,4060,2075,2.0783234426581783,20,0.8457687352619756,0.016915374705239513,15.057444462083954,14.252792834653336,2.3829808472777625,5.024563271670737,20,"{""0"": 0.014335898599758631, ""1"": 0.019728957884248378, ""2"": 0.023040053349164362, ""3"": 0.006916728250079411, ""4"": 0.010352794755216872, ""5"": 0.027117815392969445}"
frozen_unmatched,200,p0.10_f0.875,0.875,1.0,3,0.1,19.900000000000002,20.3,8,30,4060,2075,2.0783234426581783,30,0.7349385835446491,0.014698771670892986,4.662280767955522,14.592011791764339,2.4199509745410728,4.672241774461999,19,"{""0"": 0.008595449933973397, ""1"": 0.02099111429053687, ""2"": 0.019444628463407266, ""3"": 0.0067529470657660805, ""4"": 0.009641011563355246, ""5"": 0.022767478708319043}"
frozen_unmatched,200,p0.10_f0.875,0.875,1.0,3,0.1,19.900000000000002,20.3,8,30,4060,2075,2.0783234426581783,40,0.7851672718796654,0.01570334543759331,15.538957641959549,14.865534894205958,2.434058995112015,4.866940695909997,20,"{""0"": 0.009494200493051125, ""1"": 0.023521348205374014, ""2"": 0.020013752356649477, ""3"": 0.007918466143757763, ""4"": 0.008592083866603867, ""5"": 0.024680221560123623}"
frozen_unmatched,200,p0.10_f0.875,0.875,1.0,3,0.1,19.900000000000002,20.3,8,30,4060,2075,2.0783234426581783,50,0.8184198560556876,0.016368397121113754,14.931266208766157,15.295511544733746,2.443164050072204,5.192564231367022,20,"{""0"": 0.010522201666320254, ""1"": 0.023154325674447123, ""2"": 0.021092309774164656, ""3"": 0.007856639554229342, ""4"": 0.008113733585607784, ""5"": 0.027471172471913368}"
frozen_unmatched,200,p0.10_f0.875,0.875,1.0,3,0.1,19.900000000000002,20.3,8,30,4060,2075,2.0783234426581783,60,0.7913796433252618,0.015827592866505237,3.850554753866805,15.282385232454537,2.448686512239108,4.570858252259002,19,"{""0"": 0.01214798216003723, ""1"": 0.0240594149366992, ""2"": 0.019653215884587658, ""3"": 0.008369106994431564, ""4"": 0.005517439042325203, ""5"": 0.02521839818095057}"
frozen_unmatched,200,p0.10_f0.875,0.875,1.0,3,0.1,19.900000000000002,20.3,8,30,4060,2075,2.0783234426581783,70,0.7876369389054567,0.01575273877810914,5.407714042898808,15.339267800461629,2.4281230429814045,4.652214331803801,20,"{""0"": 0.014256340718890429, ""1"": 0.02060725139470774, ""2"": 0.01981092719657035, ""3"": 0.008179788814858776, ""4"": 0.00502735831797788, ""5"": 0.02663476622564965}"
frozen_unmatched,200,p0.10_f0.875,0.875,1.0,3,0.1,19.900000000000002,20.3,8,30,4060,2075,2.0783234426581783,80,0.8087994839938412,0.016175989679876827,5.039077536730602,15.436407901731634,2.4382503308756074,4.6409794473745185,20,"{""0"": 0.016987013881896593, ""1"": 0.018267047868463754, ""2"": 0.02030636423336104, ""3"": 0.00835128959554328, ""4"": 0.004924562172659884, ""5"": 0.028219660327336415}"
frozen_unmatched,200,p0.10_f0.875,0.875,1.0,3,0.1,19.900000000000002,20.3,8,30,4060,2075,2.0783234426581783,90,0.8170904862500898,0.0163418097250018,4.827788619489981,15.54871599193392,2.436634200048179,4.641545260625081,20,"{""0"": 0.016201714335054247, ""1"": 0.019718617513907282, ""2"": 0.021253235025373636, ""3"": 0.00768894836489552, ""4"": 0.004974906580301712, ""5"": 0.0282134365304784}"
frozen_unmatched,200,p0.10_f0.875,0.875,1.0,3,0.1,19.900000000000002,20.3,8,30,4060,2075,2.0783234426581783,100,0.7957734324090479,0.01591546864818096,30.96139217995111,15.656429353939764,2.432348386406518,4.543653698118281,19,"{""0"": 0.01648389951592564, ""1"": 0.018347328410702964, ""2"": 0.020451631130443074, ""3"": 0.007661723345441506, ""4"": 0.004739437269526111, ""5"": 0.027808792217046453}"
frozen_unmatched,200,p0.10_f0.875,0.875,1.0,3,0.1,19.900000000000002,20.3,8,30,4060,2075,2.0783234426581783,110,0.8316077135169815,0.016632154270339632,13.511562146596212,15.68652822045906,2.4326340074434465,4.573151946151292,20,"{""0"": 0.018664501865003374, ""1"": 0.018726399535770395, ""2"": 0.020357447524003106, ""3"": 0.00797646213488965, ""4"": 0.004815503031941412, ""5"": 0.029252611530429844}"
frozen_unmatched,200,p0.10_f0.875,0.875,1.0,3,0.1,19.900000000000002,20.3,8,30,4060,2075,2.0783234426581783,120,0.8331004636003998,0.016662009272007998,5.173383612361852,15.672318640855197,2.4271578148725017,4.604033779831899,20,"{""0"": 0.01786950375263755, ""1"": 0.020114484376766696, ""2"": 0.020118164350586186, ""3"": 0.007990189651617127, ""4"": 0.004768006718348052, ""5"": 0.029111706782092378}"
frozen_unmatched,200,p0.10_f0.875,0.875,1.0,3,0.1,19.900000000000002,20.3,8,30,4060,2075,2.0783234426581783,130,0.7911133072339848,0.015822266144679697,32.91501651133067,15.671681664049101,2.424187550575247,4.349388626601552,19,"{""0"": 0.017405644128408983, ""1"": 0.01791946243058982, ""2"": 0.019536729867145407, ""3"": 0.00804641589753761, ""4"": 0.004381649695370265, ""5"": 0.027643694849026106}"
frozen_unmatched,200,p0.10_f0.875,0.875,1.0,3,0.1,19.900000000000002,20.3,8,30,4060,2075,2.0783234426581783,140,0.7708212555862806,0.015416425111725612,12.923165750498672,15.762797925805662,2.4231786123887904,4.507492323507939,20,"{""0"": 0.01778656575865544, ""1"": 0.016337802825446564, ""2"": 0.02000379750689555, ""3"": 0.008154326581296965, ""4"": 0.004314807199001477, ""5"": 0.02590125079905768}"
frozen_unmatched,200,p0.10_f0.875,0.875,1.0,3,0.1,19.900000000000002,20.3,8,30,4060,2075,2.0783234426581783,150,0.7533309738127251,0.015066619476254504,4.847486451170045,15.738008715517248,2.4208235526130273,4.586259364106011,20,"{""0"": 0.017862900767649837, ""1"": 0.016188519216513684, ""2"": 0.01947431861682526, ""3"": 0.008260406833818115, ""4"": 0.004455287497869679, ""5"": 0.024158283924850456}"
frozen_unmatched,200,p0.10_f0.875,0.875,1.0,3,0.1,19.900000000000002,20.3,8,30,4060,2075,2.0783234426581783,160,0.7479357895003061,0.014958715790006126,7.025380325802989,15.722039820261177,2.427203613544136,4.6343616405503285,20,"{""0"": 0.018082547706727296, ""1"": 0.016928864914312763, ""2"": 0.019427040077118256, ""3"": 0.008405034075815256, ""4"": 0.004404952136458492, ""5"": 0.022503855829604687}"
frozen_unmatched,200,p0.10_f0.875,0.875,1.0,3,0.1,19.900000000000002,20.3,8,30,4060,2075,2.0783234426581783,170,0.7531761259094252,0.015063522518188505,5.2288854854712925,15.806111393895886,2.4409633508177957,4.6515274685876085,20,"{""0"": 0.01952707098518599, ""1"": 0.017272450767673708, ""2"": 0.017845606386364392, ""3"": 0.008594071711361827, ""4"": 0.004522623410162442, ""5"": 0.02261931184838268}"
frozen_unmatched,200,p0.10_f0.875,0.875,1.0,3,0.1,19.900000000000002,20.3,8,30,4060,2075,2.0783234426581783,180,0.7500752804708938,0.015001505609417877,5.017632824904297,15.823822921901748,2.4372441007067915,4.560441272233931,20,"{""0"": 0.018951628394662842, ""1"": 0.017320007272025588, ""2"": 0.017365691923468245, ""3"": 0.008715796434941425, ""4"": 0.004542997342322748, ""5"": 0.023112912289086403}"
frozen_unmatched,200,p0.10_f0.875,0.875,1.0,3,0.1,19.900000000000002,20.3,8,30,4060,2075,2.0783234426581783,190,0.757772010151806,0.015155440203036122,13.698030563564163,15.868851072275255,2.4533314603963996,4.52862790204624,20,"{""0"": 0.01990029175280019, ""1"": 0.018113975781384902, ""2"": 0.01672611476762271, ""3"": 0.00894153137753714, ""4"": 0.004476979394250218, ""5"": 0.02277374814462156}"
frozen_unmatched,200,p0.10_f0.875,0.875,1.0,3,0.1,19.900000000000002,20.3,8,30,4060,2075,2.0783234426581783,200,0.7406936729426967,0.014813873458853937,6.520081280473885,15.852184881109675,2.4532114911489624,4.408558674416107,20,"{""0"": 0.020361126619409177, ""1"": 0.016917827158324326, ""2"": 0.016218430866569076, ""3"": 0.008990998599886616, ""4"": 0.004271961062835971, ""5"": 0.022122896446098463}"
frozen_unmatched,200,p0.20_f0.500,0.5,1.0,3,0.2,39.800000000000004,39.87,24,55,7974,2075,1.949448857932466,0,1.0028484948663987,0.020056969897327977,nan,0.0,1.949448857932466,6.180783822889755,17,"{""0"": 0.018788576388539507, ""1"": 0.020263738338657886, ""2"": 0.019602951447604714, ""3"": 0.01978391925404644, ""4"": 0.02046791761361675, ""5"": 0.021434716341502565}"
frozen_unmatched,200,p0.20_f0.500,0.5,1.0,3,0.2,39.800000000000004,39.87,24,55,7974,2075,1.949448857932466,10,1.0988772102175905,0.02197754420435181,29.554772339951818,12.815563688513901,2.388959459633222,2.2929079252113787,11,"{""0"": 0.019378004710234514, ""1"": 0.0022071387503361877, ""2"": 0.029554388251163265, ""3"": 0.032768532967973225, ""4"": 0.016225137960106717, ""5"": 0.031732062586296975}"
frozen_unmatched,200,p0.20_f0.500,0.5,1.0,3,0.2,39.800000000000004,39.87,24,55,7974,2075,1.949448857932466,20,0.6625333021476919,0.013250666042953841,11.654112068205855,14.065360051872673,2.1632333543863598,2.7821905689512474,13,"{""0"": 0.01817794495946475, ""1"": 0.0031991721586943508, ""2"": 0.01835760111930749, ""3"": 0.010759792830718035, ""4"": 0.0074273537779496485, ""5"": 0.021582131411588774}"
frozen_unmatched,200,p0.20_f0.500,0.5,1.0,3,0.2,39.800000000000004,39.87,24,55,7974,2075,1.949448857932466,30,0.7236329103288927,0.014472658206577855,11.130650022938418,13.902959072069805,2.183990712276008,3.1067982823203404,14,"{""0"": 0.017308273213947623, ""1"": 0.005186066576635969, ""2"": 0.020685691362644223, ""3"": 0.014652219262547127, ""4"": 0.005777101537896475, ""5"": 0.0232265972857957}"
frozen_unmatched,200,p0.20_f0.500,0.5,1.0,3,0.2,39.800000000000004,39.87,24,55,7974,2075,1.949448857932466,40,0.8993882461200401,0.017987764922400805,12.649494256017727,14.739088899434819,2.2151120763019674,4.957496928015198,17,"{""0"": 0.01220903841220884, ""1"": 0.021960789819861132, ""2"": 0.023415514189239255, ""3"": 0.015004579483080533, ""4"": 0.014629475697517328, ""5"": 0.020707191932497742}"
frozen_unmatched,200,p0.20_f0.500,0.5,1.0,3,0.2,39.800000000000004,39.87,24,55,7974,2075,1.949448857932466,50,0.8447874999771195,0.016895749999542395,8.201988277027532,15.314743673509252,2.20975399428714,5.743527720554007,19,"{""0"": 0.010688240341685955, ""1"": 0.02127090948300254, ""2"": 0.021874679317607167, ""3"": 0.011670437716208555, ""4"": 0.018553152523640464, ""5"": 0.017317080615109684}"
frozen_unmatched,200,p0.20_f0.500,0.5,1.0,3,0.2,39.800000000000004,39.87,24,55,7974,2075,1.949448857932466,60,0.7047055131609834,0.01409411026321967,6.756213721248724,15.098395573362117,2.1974429641831543,4.721551474606251,18,"{""0"": 0.016555135194669966, ""1"": 0.012486356008923899, ""2"": 0.015656699356317694, ""3"": 0.010496746009932216, ""4"": 0.013641295257098136, ""5"": 0.015728429752376104}"
frozen_unmatched,200,p0.20_f0.500,0.5,1.0,3,0.2,39.800000000000004,39.87,24,55,7974,2075,1.949448857932466,70,0.6629231570500825,0.013258463141001653,9.08408312274756,14.94832624219353,2.1734653662202397,3.525604973672369,15,"{""0"": 0.01884261800356743, ""1"": 0.006053261614845819, ""2"": 0.016109602576133576, ""3"": 0.010100649550735705, ""4"": 0.01134279623512354, ""5"": 0.01710185086560386}"
frozen_unmatched,200,p0.20_f0.500,0.5,1.0,3,0.2,39.800000000000004,39.87,24,55,7974,2075,1.949448857932466,80,0.6420702411021799,0.0128414048220436,4.2625087794824505,15.006391603893608,2.1658232015119157,3.0543610777109365,14,"{""0"": 0.01884647149471753, ""1"": 0.005092255119357114, ""2"": 0.01690849733033015, ""3"": 0.010388046558374501, ""4"": 0.009851814370174615, ""5"": 0.015961344059307693}"
frozen_unmatched,200,p0.20_f0.500,0.5,1.0,3,0.2,39.800000000000004,39.87,24,55,7974,2075,1.949448857932466,90,0.6909331806411557,0.013818663612823117,20.042908956032118,15.033224594497536,2.156087385689918,3.241085265605595,15,"{""0"": 0.016786622875942635, ""1"": 0.006981472618489704, ""2"": 0.020137797583603862, ""3"": 0.009416198603957135, ""4"": 0.011405648627344524, ""5"": 0.018184241367600846}"
frozen_unmatched,200,p0.20_f0.500,0.5,1.0,3,0.2,39.800000000000004,39.87,24,55,7974,2075,1.949448857932466,100,0.6910795391887983,0.013821590783775966,16.367570160404288,15.095494298518616,2.152832531752205,3.3565587744729153,15,"{""0"": 0.015306230017256662, ""1"": 0.007384221089104144, ""2"": 0.020892537136923756, ""3"": 0.009032856156928292, ""4"": 0.011511022047285355, ""5"": 0.018802678255157586}"
frozen_unmatched,200,p0.20_f0.500,0.5,1.0,3,0.2,39.800000000000004,39.87,24,55,7974,2075,1.949448857932466,110,0.7197442636344497,0.014394885272688996,22.931545667584185,15.097164675068079,2.1522446418494257,3.602967101397746,16,"{""0"": 0.0155916924816611, ""1"": 0.00790746246965809, ""2"": 0.021666720626595064, ""3"": 0.009928418758883856, ""4"": 0.012089320055995315, ""5"": 0.019185697243340544}"
frozen_unmatched,200,p0.20_f0.500,0.5,1.0,3,0.2,39.800000000000004,39.87,24,55,7974,2075,1.949448857932466,120,0.7078281218443256,0.014156562436886514,9.135830368322472,15.250334400577325,2.15000923918768,3.461165569478377,16,"{""0"": 0.014734230619429986, ""1"": 0.007815041773079573, ""2"": 0.02260979423923415, ""3"": 0.008583602938467081, ""4"": 0.010989030148359455, ""5"": 0.020207674902748836}"
frozen_unmatched,200,p0.20_f0.500,0.5,1.0,3,0.2,39.800000000000004,39.87,24,55,7974,2075,1.949448857932466,130,0.6972067144026612,0.013944134288053226,13.794747544293779,15.333059983184729,2.1529279482400736,3.484740761935143,16,"{""0"": 0.015904198485845823, ""1"": 0.007594084324656546, ""2"": 0.021626764155337548, ""3"": 0.009724120253500649, ""4"": 0.00973157846847644, ""5"": 0.019084060040502348}"
frozen_unmatched,200,p0.20_f0.500,0.5,1.0,3,0.2,39.800000000000004,39.87,24,55,7974,2075,1.949448857932466,140,0.6870774577436535,0.013741549154873071,19.460416402488203,15.301541345230104,2.1519219601705597,3.6479048814810926,16,"{""0"": 0.015971625837555577, ""1"": 0.00746301495062171, ""2"": 0.021530544185823796, ""3"": 0.009545239998816906, ""4"": 0.008498799729516138, ""5"": 0.019440070226904308}"
frozen_unmatched,200,p0.20_f0.500,0.5,1.0,3,0.2,39.800000000000004,39.87,24,55,7974,2075,1.949448857932466,150,0.7010406431899169,0.014020812863798339,4.553122254563799,15.319471012465925,2.1578122585075166,3.462993394906647,16,"{""0"": 0.017471307633666295, ""1"": 0.007127331938514471, ""2"": 0.021262278841296715, ""3"": 0.009043637866659493, ""4"": 0.009683129608631519, ""5"": 0.019537191294021556}"
frozen_unmatched,200,p0.20_f0.500,0.5,1.0,3,0.2,39.800000000000004,39.87,24,55,7974,2075,1.949448857932466,160,0.6831884020921847,0.013663768041843695,3.5798350756167627,15.359702704748607,2.1588626465872123,3.419757942723556,16,"{""0"": 0.017660963370564144, ""1"": 0.006267049974362164, ""2"": 0.021477691182179275, ""3"": 0.008592733872223653, ""4"": 0.008952942297914903, ""5"": 0.019031227553818038}"
frozen_unmatched,200,p0.20_f0.500,0.5,1.0,3,0.2,39.800000000000004,39.87,24,55,7974,2075,1.949448857932466,170,0.658388399245762,0.013167767984915242,4.814098719694425,15.418471620907813,2.1506720618327377,3.7186677166456037,16,"{""0"": 0.01643382980600443, ""1"": 0.006561203251863157, ""2"": 0.01983885656297879, ""3"": 0.00820081178386068, ""4"": 0.010307564278598991, ""5"": 0.017664342226185393}"
frozen_unmatched,200,p0.20_f0.500,0.5,1.0,3,0.2,39.800000000000004,39.87,24,55,7974,2075,1.949448857932466,180,0.6616800674367288,0.013233601348734577,10.048800318180083,15.426362742990325,2.147631565687258,3.754679742060713,16,"{""0"": 0.01709230658971055, ""1"": 0.006746587181256758, ""2"": 0.019657884098487642, ""3"": 0.0078036296875740666, ""4"": 0.010483863891115273, ""5"": 0.01761733664426318}"
frozen_unmatched,200,p0.20_f0.500,0.5,1.0,3,0.2,39.800000000000004,39.87,24,55,7974,2075,1.949448857932466,190,0.6691953983324864,0.013383907966649731,16.696938941139685,15.491222587414216,2.14972640990739,3.7932119991676583,16,"{""0"": 0.018132630858952184, ""1"": 0.006347013911494464, ""2"": 0.01901501191350609, ""3"": 0.008290304371181835, ""4"": 0.011384141457212667, ""5"": 0.01713434528755116}"
frozen_unmatched,200,p0.20_f0.500,0.5,1.0,3,0.2,39.800000000000004,39.87,24,55,7974,2075,1.949448857932466,200,0.664388590902227,0.013287771818044542,32.15695136688567,15.513512322553417,2.150305048784148,3.774124608818203,16,"{""0"": 0.018326092765894704, ""1"": 0.006130017026024182, ""2"": 0.019141396063547037, ""3"": 0.008480048436317302, ""4"": 0.010781278896095254, ""5"": 0.016867797720388777}"
frozen_unmatched,200,p0.20_f0.750,0.75,1.0,3,0.2,39.800000000000004,39.87,24,55,7974,2075,2.0763969515452807,0,1.0125967393871658,0.020251934787743318,nan,0.0,2.0763969515452807,6.561931180787806,20,"{""0"": 0.018193300119275203, ""1"": 0.02077577859922928, ""2"": 0.02020676485392215, ""3"": 0.02022202443251314, ""4"": 0.02071142551891534, ""5"": 0.021402315202604764}"
frozen_unmatched,200,p0.20_f0.750,0.75,1.0,3,0.2,39.800000000000004,39.87,24,55,7974,2075,2.0763969515452807,10,0.7670841217266712,0.015341682434533425,24.77659484793396,13.657055163653826,2.4215524892391596,2.6606147351813383,13,"{""0"": 0.009690293507859434, ""1"": 0.0023687914044836257, ""2"": 0.028155158024568843, ""3"": 0.010452889156174382, ""4"": 0.006654013657339798, ""5"": 0.034728948856774446}"
frozen_unmatched,200,p0.20_f0.750,0.75,1.0,3,0.2,39.800000000000004,39.87,24,55,7974,2075,2.0763969515452807,20,0.7526180135719772,0.015052360271439545,4.024498652985652,14.95328174386876,2.407092490540225,3.249761184811964,15,"{""0"": 0.010452800187648733, ""1"": 0.006324118620655926, ""2"": 0.022613731901345996, ""3"": 0.005735986990786646, ""4"": 0.01072168463943125, ""5"": 0.03446583928876872}"
frozen_unmatched,200,p0.20_f0.750,0.75,1.0,3,0.2,39.800000000000004,39.87,24,55,7974,2075,2.0763969515452807,30,0.6845205012859025,0.013690410025718051,5.842594245511081,14.610027378533092,2.3948029984649954,3.333359944525481,15,"{""0"": 0.010226461353757484, ""1"": 0.004855805372610917, ""2"": 0.02459059083293279, ""3"": 0.0061315520312448715, ""4"": 0.0051667383713877, ""5"": 0.031171312192374546}"
frozen_unmatched,200,p0.20_f0.750,0.75,1.0,3,0.2,39.800000000000004,39.87,24,55,7974,2075,2.0763969515452807,40,0.698325745874187,0.013966514917483743,16.76475883977253,15.03589752236535,2.4265065758887165,3.8900474034184507,17,"{""0"": 0.009548609149827154, ""1"": 0.0071231053487561995, ""2"": 0.027662280006070145, ""3"": 0.00496929592606742, ""4"": 0.006972622681446437, ""5"": 0.02752317639273511}"
frozen_unmatched,200,p0.20_f0.750,0.75,1.0,3,0.2,39.800000000000004,39.87,24,55,7974,2075,2.0763969515452807,50,0.7348619674882919,0.01469723934976584,11.80074937600162,15.146897525647505,2.3979498155478547,4.4199172087221115,18,"{""0"": 0.01148111299783215, ""1"": 0.008280861639134933, ""2"": 0.028197152923956657, ""3"": 0.005113940256960758, ""4"": 0.011036488841683241, ""5"": 0.024073879439027293}"
frozen_unmatched,200,p0.20_f0.750,0.75,1.0,3,0.2,39.800000000000004,39.87,24,55,7974,2075,2.0763969515452807,60,0.7138053978488036,0.014276107956976073,1.6186477510494564,15.194594347245397,2.362592867772241,3.930085369220367,17,"{""0"": 0.012780760919619178, ""1"": 0.008272899809815543, ""2"": 0.027890525194272302, ""3"": 0.006048765709909788, ""4"": 0.007243327748044646, ""5"": 0.02342036836019499}"
frozen_unmatched,200,p0.20_f0.750,0.75,1.0,3,0.2,39.800000000000004,39.87,24,55,7974,2075,2.0763969515452807,70,0.6995765657332076,0.013991531314664154,7.035654497494954,15.317914372641324,2.355470888426552,3.7068591803769144,17,"{""0"": 0.012715713829841676, ""1"": 0.0059699061910146786, ""2"": 0.027838916047732754, ""3"": 0.005804088430635057, ""4"": 0.008014116118425677, ""5"": 0.02360644727033507}"
frozen_unmatched,200,p0.20_f0.750,0.75,1.0,3,0.2,39.800000000000004,39.87,24,55,7974,2075,2.0763969515452807,80,0.6858864191651771,0.013717728383303544,3.852727345114577,15.285906192724651,2.3382704252495685,3.5469023818822634,17,"{""0"": 0.010830151495965123, ""1"": 0.006772969661049186, ""2"": 0.02877582601805643, ""3"": 0.006107913818753438, ""4"": 0.006353079447048525, ""5"": 0.02346642985894856}"
frozen_unmatched,200,p0.20_f0.750,0.75,1.0,3,0.2,39.800000000000004,39.87,24,55,7974,2075,2.0763969515452807,90,0.7052357739200285,0.01410471547840057,25.64309191741438,15.35627232057727,2.3605554265936832,3.970003722127842,18,"{""0"": 0.008435172313749129, ""1"": 0.008116819174933818, ""2"": 0.030176785647674332, ""3"": 0.005852251964248184, ""4"": 0.008462661063330403, ""5"": 0.023584602706467568}"
frozen_unmatched,200,p0.20_f0.750,0.75,1.0,3,0.2,39.800000000000004,39.87,24,55,7974,2075,2.0763969515452807,100,0.7102896188942398,0.014205792377884796,12.180140324497271,15.432856155994811,2.3490795811769214,4.016299925742658,18,"{""0"": 0.010798348454713858, ""1"": 0.007822716245846005, ""2"": 0.029146214460571612, ""3"": 0.005601025240733283, ""4"": 0.00862343246474178, ""5"": 0.02324301740070224}"
frozen_unmatched,200,p0.20_f0.750,0.75,1.0,3,0.2,39.800000000000004,39.87,24,55,7974,2075,2.0763969515452807,110,0.7279614009900555,0.01455922801980111,28.36797222276119,15.521486425110034,2.335245733127977,4.530528306521446,20,"{""0"": 0.011526904206589857, ""1"": 0.008006198092886562, ""2"": 0.028720254890627555, ""3"": 0.006405933636677151, ""4"": 0.01105926881416627, ""5"": 0.021636808477859266}"
frozen_unmatched,200,p0.20_f0.750,0.75,1.0,3,0.2,39.800000000000004,39.87,24,55,7974,2075,2.0763969515452807,120,0.7457064431443476,0.014914128862886955,20.42490368957875,15.467494636495791,2.332860933036804,4.762280135796459,20,"{""0"": 0.011810963756817451, ""1"": 0.008615068033736278, ""2"": 0.029602661494714348, ""3"": 0.006266377591333505, ""4"": 0.01187936950625162, ""5"": 0.021310332794468527}"
frozen_unmatched,200,p0.20_f0.750,0.75,1.0,3,0.2,39.800000000000004,39.87,24,55,7974,2075,2.0763969515452807,130,0.7196443720913398,0.014392887441826797,19.945509843119023,15.445381994589415,2.315960656606299,4.2863619244130025,19,"{""0"": 0.012067524288819024, ""1"": 0.007749599505207509, ""2"": 0.029818354147668896, ""3"": 0.005748507205060574, ""4"": 0.009837381703003254, ""5"": 0.02113595780120154}"
frozen_unmatched,200,p0.20_f0.750,0.75,1.0,3,0.2,39.800000000000004,39.87,24,55,7974,2075,2.0763969515452807,140,0.705900848231744,0.014118016964634881,19.191122951129085,15.459511121751147,2.32182272721122,4.113651182107335,19,"{""0"": 0.011893238408343847, ""1"": 0.007135860034798424, ""2"": 0.030171094701912655, ""3"": 0.005948881863238544, ""4"": 0.009033824639125939, ""5"": 0.020525202140389876}"
frozen_unmatched,200,p0.20_f0.750,0.75,1.0,3,0.2,39.800000000000004,39.87,24,55,7974,2075,2.0763969515452807,150,0.706241473233634,0.01412482946467268,3.5292659404647853,15.560522357256007,2.3297558116649024,4.300700709494998,19,"{""0"": 0.011914652632801389, ""1"": 0.007424440965706279, ""2"": 0.030527785906369898, ""3"": 0.005808531824235049, ""4"": 0.00935573785543646, ""5"": 0.019717827603487007}"
frozen_unmatched,200,p0.20_f0.750,0.75,1.0,3,0.2,39.800000000000004,39.87,24,55,7974,2075,2.0763969515452807,160,0.6899542220574185,0.013799084441148371,45.13174966281103,15.489342694252976,2.322630530031206,4.33158127302599,19,"{""0"": 0.01204113268277823, ""1"": 0.006854797791976742, ""2"": 0.030488081158532188, ""3"": 0.006078115505450093, ""4"": 0.008802335064395619, ""5"": 0.018530044443757367}"
frozen_unmatched,200,p0.20_f0.750,0.75,1.0,3,0.2,39.800000000000004,39.87,24,55,7974,2075,2.0763969515452807,170,0.6796134020985133,0.013592268041970267,4.308396356150246,15.587693237454685,2.3213433992339274,4.379263568843728,19,"{""0"": 0.011758702044313965, ""1"": 0.006404797603187992, ""2"": 0.030354379398450197, ""3"": 0.006160987385822159, ""4"": 0.009408159435141096, ""5"": 0.01746658238490619}"
frozen_unmatched,200,p0.20_f0.750,0.75,1.0,3,0.2,39.800000000000004,39.87,24,55,7974,2075,2.0763969515452807,180,0.6916870739379621,0.013833741478759244,9.935698482193573,15.550546722964313,2.314609493095157,4.353317044150861,19,"{""0"": 0.012070863670358426, ""1"": 0.006771731229061481, ""2"": 0.030579850218307558, ""3"": 0.005988334420335256, ""4"": 0.010333466695778377, ""5"": 0.017258202638714363}"
frozen_unmatched,200,p0.20_f0.750,0.75,1.0,3,0.2,39.800000000000004,39.87,24,55,7974,2075,2.0763969515452807,190,0.6897345447870374,0.013794690895740749,16.504094497354487,15.543585152483208,2.3133027800712127,4.5741824669171605,20,"{""0"": 0.0125204936756718, ""1"": 0.0069382016392310255, ""2"": 0.030035523948500127, ""3"": 0.00685537765426521, ""4"": 0.010004835959616381, ""5"": 0.01641371249715997}"
frozen_unmatched,200,p0.20_f0.750,0.75,1.0,3,0.2,39.800000000000004,39.87,24,55,7974,2075,2.0763969515452807,200,0.7102754472333556,0.014205508944667112,36.74226526649291,15.58136451526565,2.3181616526791253,4.509058559914308,19,"{""0"": 0.015082076330172839, ""1"": 0.007658849282227087, ""2"": 0.029969991087703256, ""3"": 0.006859441918434017, ""4"": 0.009345376061679466, ""5"": 0.01631731898778601}"
frozen_unmatched,200,p0.20_f0.875,0.875,1.0,3,0.2,39.800000000000004,39.87,24,55,7974,2075,2.136512962775682,0,1.0161833080684208,0.02032366616136842,nan,0.0,2.136512962775682,6.986560007820157,21,"{""0"": 0.018187778695712708, ""1"": 0.0210316724377087, ""2"": 0.020392906526014245, ""3"": 0.020407558304942442, ""4"": 0.020679866820728716, ""5"": 0.021242214183103708}"
frozen_unmatched,200,p0.20_f0.875,0.875,1.0,3,0.2,39.800000000000004,39.87,24,55,7974,2075,2.136512962775682,10,0.9466788629637755,0.01893357725927551,29.40180209628205,14.701799743486022,2.441118993629277,4.398559186059603,19,"{""0"": 0.008355736451718974, ""1"": 0.022604038933575765, ""2"": 0.024556615396022847, ""3"": 0.011487430631414218, ""4"": 0.011675089901592264, ""5"": 0.034922552241328994}"
frozen_unmatched,200,p0.20_f0.875,0.875,1.0,3,0.2,39.800000000000004,39.87,24,55,7974,2075,2.136512962775682,20,0.8621477246032822,0.017242954492065643,4.151556769998094,15.178082767784545,2.3698327975620823,3.974078120517985,18,"{""0"": 0.014611573821820323, ""1"": 0.019058844915046166, ""2"": 0.01671624563416444, ""3"": 0.011632654382594892, ""4"": 0.013066346256506175, ""5"": 0.028372061942261863}"
frozen_unmatched,200,p0.20_f0.875,0.875,1.0,3,0.2,39.800000000000004,39.87,24,55,7974,2075,2.136512962775682,30,0.8257516193356899,0.0165150323867138,2.4579077720306977,15.072116554077674,2.3509471182751294,4.627038505617751,20,"{""0"": 0.01713108757161243, ""1"": 0.017265113743833896, ""2"": 0.016481049292726695, ""3"": 0.012474823951773328, ""4"": 0.011572102260559252, ""5"": 0.024166017499777197}"
frozen_unmatched,200,p0.20_f0.875,0.875,1.0,3,0.2,39.800000000000004,39.87,24,55,7974,2075,2.136512962775682,40,0.825136977970703,0.01650273955941406,27.13267323233892,15.259789889830326,2.366909106831252,4.370024755334446,20,"{""0"": 0.011274392694951878, ""1"": 0.016492371962218803, ""2"": 0.021516440684954858, ""3"": 0.012477790483058757, ""4"": 0.011824241653207192, ""5"": 0.02543119987809288}"
frozen_unmatched,200,p0.20_f0.875,0.875,1.0,3,0.2,39.800000000000004,39.87,24,55,7974,2075,2.136512962775682,50,0.8075387690755261,0.016150775381510524,18.610674570222823,15.61754519809689,2.3751492756157804,5.32099147935533,21,"{""0"": 0.014016427018358807, ""1"": 0.015496823237728996, ""2"": 0.021740790734764676, ""3"": 0.011896747718640676, ""4"": 0.010997665990180998, ""5"": 0.02275619758938901}"
frozen_unmatched,200,p0.20_f0.875,0.875,1.0,3,0.2,39.800000000000004,39.87,24,55,7974,2075,2.136512962775682,60,0.771167393373828,0.015423347867476562,5.435987455634183,15.570752226791154,2.387764947785234,5.45088814410551,22,"{""0"": 0.01771100350753364, ""1"": 0.013861659458572506, ""2"": 0.018683286074217098, ""3"": 0.012963953647443304, ""4"": 0.008534358587405708, ""5"": 0.020785825929687113}"
frozen_unmatched,200,p0.20_f0.875,0.875,1.0,3,0.2,39.800000000000004,39.87,24,55,7974,2075,2.136512962775682,70,0.7125881433197959,0.01425176286639592,16.69521180071002,15.57551801345874,2.3839556182382142,4.80411368594879,22,"{""0"": 0.020124121884591433, ""1"": 0.011211430113381613, ""2"": 0.019290785703773766, ""3"": 0.010590852120828585, ""4"": 0.00931498652440447, ""5"": 0.014978400851395651}"
frozen_unmatched,200,p0.20_f0.875,0.875,1.0,3,0.2,39.800000000000004,39.87,24,55,7974,2075,2.136512962775682,80,0.698121134625565,0.0139624226925113,8.378705454263251,15.555856776845655,2.3838723935359787,4.902185121343476,22,"{""0"": 0.018138283323120136, ""1"": 0.011096637276858445, ""2"": 0.020621259211516342, ""3"": 0.010386450956424704, ""4"": 0.009227664586004785, ""5"": 0.014304240801143387}"
frozen_unmatched,200,p0.20_f0.875,0.875,1.0,3,0.2,39.800000000000004,39.87,24,55,7974,2075,2.136512962775682,90,0.7532604261685177,0.015065208523370356,12.359665559702657,15.53447290338132,2.385150549414723,5.354167484281127,22,"{""0"": 0.016397140190514414, ""1"": 0.012048123773158092, ""2"": 0.022743604782839863, ""3"": 0.008695960461617108, ""4"": 0.009186080061464506, ""5"": 0.021320341870628166}"
frozen_unmatched,200,p0.20_f0.875,0.875,1.0,3,0.2,39.800000000000004,39.87,24,55,7974,2075,2.136512962775682,100,0.765015273084122,0.015300305461682442,13.79035672094246,15.610519475386297,2.3948599632551892,5.349731185208239,22,"{""0"": 0.016590148610596787, ""1"": 0.01231445268028887, ""2"": 0.023604886923531968, ""3"": 0.008313018173203028, ""4"": 0.009202320429167587, ""5"": 0.021777005953306415}"
frozen_unmatched,200,p0.20_f0.875,0.875,1.0,3,0.2,39.800000000000004,39.87,24,55,7974,2075,2.136512962775682,110,0.772056229617331,0.015441124592346622,29.986728911449074,15.554884691817971,2.3926953642042004,5.669830232700495,22,"{""0"": 0.017252536322705597, ""1"": 0.01218771469839378, ""2"": 0.02280866432068898, ""3"": 0.009431282300088984, ""4"": 0.009875749092415452, ""5"": 0.021090800819786936}"
frozen_unmatched,200,p0.20_f0.875,0.875,1.0,3,0.2,39.800000000000004,39.87,24,55,7974,2075,2.136512962775682,120,0.7631454908372631,0.015262909816745265,49.88611053848026,15.54830436022998,2.400897615741381,5.391382989257812,22,"{""0"": 0.017618996855436143, ""1"": 0.012291490242002436, ""2"": 0.022287553366095225, ""3"": 0.00972169154412384, ""4"": 0.00870129436103896, ""5"": 0.020956432531775003}"
frozen_unmatched,200,p0.20_f0.875,0.875,1.0,3,0.2,39.800000000000004,39.87,24,55,7974,2075,2.136512962775682,130,0.733984666604535,0.014679693332090701,32.23000255143218,15.553744378613834,2.404326494391103,5.166130786673894,22,"{""0"": 0.018122320952389505, ""1"": 0.012661994643168625, ""2"": 0.022363404133875543, ""3"": 0.009209967145486567, ""4"": 0.00763810846171855, ""5"": 0.018082364655905413}"
frozen_unmatched,200,p0.20_f0.875,0.875,1.0,3,0.2,39.800000000000004,39.87,24,55,7974,2075,2.136512962775682,140,0.7335439478232001,0.014670878956464004,20.273315698313603,15.604350524648433,2.40546409470908,5.346217799327283,22,"{""0"": 0.01791165639981625, ""1"": 0.012098754432535858, ""2"": 0.02328540394245907, ""3"": 0.009661019945626848, ""4"": 0.007383072598310765, ""5"": 0.017685366420035244}"
frozen_unmatched,200,p0.20_f0.875,0.875,1.0,3,0.2,39.800000000000004,39.87,24,55,7974,2075,2.136512962775682,150,0.7378461168363109,0.014756922336726219,2.8673371982287743,15.615544549530659,2.406278806491616,5.296908805049583,22,"{""0"": 0.018270194108304202, ""1"": 0.012221741855012425, ""2"": 0.022270737804679763, ""3"": 0.009235803789604142, ""4"": 0.007580075754369434, ""5"": 0.01896298070838734}"
frozen_unmatched,200,p0.20_f0.875,0.875,1.0,3,0.2,39.800000000000004,39.87,24,55,7974,2075,2.136512962775682,160,0.7173616249093753,0.014347232498187507,3.804679210520683,15.689538465220142,2.404218696648822,5.607103451861353,22,"{""0"": 0.018229869628010542, ""1"": 0.011417902395637279, ""2"": 0.022400871784746382, ""3"": 0.009117384817354279, ""4"": 0.00754292907503708, ""5"": 0.01737443728833949}"
frozen_unmatched,200,p0.20_f0.875,0.875,1.0,3,0.2,39.800000000000004,39.87,24,55,7974,2075,2.136512962775682,170,0.7207324189616312,0.014414648379232625,4.754487288077149,15.71566206417603,2.404638208202272,5.762538502115882,22,"{""0"": 0.01974398741175526, ""1"": 0.011390027446108529, ""2"": 0.022010896304203057, ""3"": 0.009283508823160137, ""4"": 0.007767655000865891, ""5"": 0.016291815289302892}"
frozen_unmatched,200,p0.20_f0.875,0.875,1.0,3,0.2,39.800000000000004,39.87,24,55,7974,2075,2.136512962775682,180,0.7241942720374236,0.014483885440748473,22.07934692125149,15.68274329676955,2.4052595151076352,5.7315601173138,22,"{""0"": 0.01965807044788063, ""1"": 0.011501085845747822, ""2"": 0.022372010544375265, ""3"": 0.008971979262731083, ""4"": 0.00785844822794775, ""5"": 0.01654171831580829}"
frozen_unmatched,200,p0.20_f0.875,0.875,1.0,3,0.2,39.800000000000004,39.87,24,55,7974,2075,2.136512962775682,190,0.717281651298965,0.014345633025979302,5.689332461664425,15.694830795182021,2.4038855010622626,5.442968797423845,22,"{""0"": 0.02000462972606886, ""1"": 0.011401596545187274, ""2"": 0.021720164605753923, ""3"": 0.008817261432543504, ""4"": 0.007778722777208802, ""5"": 0.01635142306911344}"
frozen_unmatched,200,p0.20_f0.875,0.875,1.0,3,0.2,39.800000000000004,39.87,24,55,7974,2075,2.136512962775682,200,0.7343101652749721,0.014686203305499444,16.092423104876048,15.729317336738596,2.4073532026524584,5.503190698935615,22,"{""0"": 0.020730997480283793, ""1"": 0.01147711456042009, ""2"": 0.022561457234759774, ""3"": 0.009058928418851402, ""4"": 0.00796149302913689, ""5"": 0.016327229109544712}"
frozen_unmatched,200,p0.40_f0.500,0.5,1.0,3,0.4,79.60000000000001,79.135,60,97,15827,2075,1.9639131790501498,0,1.0325582269361275,0.020651164538722556,nan,0.0,1.9639131790501498,5.869018245466591,18,"{""0"": 0.019816201116946326, ""1"": 0.019083547798347915, ""2"": 0.020951473966848468, ""3"": 0.02122526051789108, ""4"": 0.021823716051735543, ""5"": 0.021006787780565993}"
frozen_unmatched,200,p0.40_f0.500,0.5,1.0,3,0.4,79.60000000000001,79.135,60,97,15827,2075,1.9639131790501498,10,0.934953601308222,0.018699072026164443,13.949279439020778,13.187443124544368,2.234745123068757,2.2235727836401105,10,"{""0"": 0.034456489008764565, ""1"": 0.0033810119541771004, ""2"": 0.025979254221677774, ""3"": 0.007832317926736122, ""4"": 0.009005644247547236, ""5"": 0.03153971479808386}"
frozen_unmatched,200,p0.40_f0.500,0.5,1.0,3,0.4,79.60000000000001,79.135,60,97,15827,2075,1.9639131790501498,20,1.0633375159038456,0.021266750318076916,2.956775214845528,15.37758717566466,2.3203948136001364,4.0405434419851805,15,"{""0"": 0.03833434790486552, ""1"": 0.01930827455550512, ""2"": 0.009666733482888264, ""3"": 0.003026333495724095, ""4"": 0.020884706086064565, ""5"": 0.036380106383413935}"
frozen_unmatched,200,p0.40_f0.500,0.5,1.0,3,0.4,79.60000000000001,79.135,60,97,15827,2075,1.9639131790501498,30,0.8300431642419736,0.016600863284839472,12.201039780212243,15.494818847779698,2.307440863565284,5.18541398376688,18,"{""0"": 0.017140514273386843, ""1"": 0.013653694882716231, ""2"": 0.004652987477543357, ""3"": 0.007529969322634169, ""4"": 0.017963449276695357, ""5"": 0.038664564476060884}"
frozen_unmatched,200,p0.40_f0.500,0.5,1.0,3,0.4,79.60000000000001,79.135,60,97,15827,2075,1.9639131790501498,40,0.7912220477244183,0.01582444095448837,17.514357053637607,15.089648588224495,2.2270931952205086,4.922319868328539,18,"{""0"": 0.01697481482203083, ""1"": 0.014391954106021366, ""2"": 0.01274196695477739, ""3"": 0.009040265834032547, ""4"": 0.012362916684286053, ""5"": 0.029434727325782027}"
frozen_unmatched,200,p0.40_f0.500,0.5,1.0,3,0.4,79.60000000000001,79.135,60,97,15827,2075,1.9639131790501498,50,0.8005479952561718,0.016010959905123436,30.6896344021942,15.4216894022635,2.2473751169988865,5.4458634910888195,19,"{""0"": 0.014966846682242263, ""1"": 0.015552496828059231, ""2"": 0.013599234467379151, ""3"": 0.012877809758265362, ""4"": 0.012867772026838049, ""5"": 0.026201599667956578}"
frozen_unmatched,200,p0.40_f0.500,0.5,1.0,3,0.4,79.60000000000001,79.135,60,97,15827,2075,1.9639131790501498,60,0.7107245466221711,0.014214490932443424,15.147141848856531,15.42630460372393,2.235546437010722,5.644722800422347,19,"{""0"": 0.01598531353504713, ""1"": 0.014312094364913602, ""2"": 0.014120336668075694, ""3"": 0.011926926660963422, ""4"": 0.0068810539160603324, ""5"": 0.022061220449600367}"
frozen_unmatched,200,p0.40_f0.500,0.5,1.0,3,0.4,79.60000000000001,79.135,60,97,15827,2075,1.9639131790501498,70,0.6945196279773805,0.013890392559547611,5.466380747695359,15.475065886768908,2.2429310624241783,4.689752940960401,17,"{""0"": 0.01643920826983235, ""1"": 0.009859192898445359, ""2"": 0.015537024063502606, ""3"": 0.01292534192289051, ""4"": 0.005926614715399651, ""5"": 0.022654973487215197}"
frozen_unmatched,200,p0.40_f0.500,0.5,1.0,3,0.4,79.60000000000001,79.135,60,97,15827,2075,1.9639131790501498,80,0.6534346496809476,0.013068692993618953,6.733645660972995,15.41650297098787,2.251691250276885,5.00754074029281,18,"{""0"": 0.013263794971126897, ""1"": 0.006828195794867318, ""2"": 0.015276309070269811, ""3"": 0.015246627599855872, ""4"": 0.004903590117524866, ""5"": 0.022893640408068953}"
frozen_unmatched,200,p0.40_f0.500,0.5,1.0,3,0.4,79.60000000000001,79.135,60,97,15827,2075,1.9639131790501498,90,0.6467515574229847,0.012935031148459696,7.1077648993941045,15.340028170504924,2.2543466794055003,4.694687102138801,17,"{""0"": 0.013217636226894777, ""1"": 0.006098854023484056, ""2"": 0.017144143456007458, ""3"": 0.012897268615481544, ""4"": 0.004645525060675396, ""5"": 0.023606759508214947}"
frozen_unmatched,200,p0.40_f0.500,0.5,1.0,3,0.4,79.60000000000001,79.135,60,97,15827,2075,1.9639131790501498,100,0.6179184728644933,0.012358369457289868,11.493220596146998,15.25205834236813,2.2497916194791627,4.748229320452615,17,"{""0"": 0.011902734842185441, ""1"": 0.006386327725733219, ""2"": 0.016340068329501283, ""3"": 0.012501180848448163, ""4"": 0.004549466017086818, ""5"": 0.02247043898078428}"
frozen_unmatched,200,p0.40_f0.500,0.5,1.0,3,0.4,79.60000000000001,79.135,60,97,15827,2075,1.9639131790501498,110,0.607758732120692,0.012155174642413842,12.64255221010114,15.270961198342865,2.2484508457354613,4.626550666606323,17,"{""0"": 0.011747558150481405, ""1"": 0.006215327307360072, ""2"": 0.016539778007186486, ""3"": 0.012600824567949523, ""4"": 0.004478559178431529, ""5"": 0.02134900064307404}"
frozen_unmatched,200,p0.40_f0.500,0.5,1.0,3,0.4,79.60000000000001,79.135,60,97,15827,2075,1.9639131790501498,120,0.6091751364616798,0.012183502729233598,16.519439279416094,15.238556114763137,2.2492033603747084,4.560370773869013,17,"{""0"": 0.01090884224978444, ""1"": 0.0060655816215437084, ""2"": 0.016873714157776217, ""3"": 0.01340991376542722, ""4"": 0.004496240001482253, ""5"": 0.02134672457938775}"
frozen_unmatched,200,p0.40_f0.500,0.5,1.0,3,0.4,79.60000000000001,79.135,60,97,15827,2075,1.9639131790501498,130,0.5986088630608957,0.011972177261217914,13.092994433234772,15.310987003464382,2.250664452544826,4.463973935351696,17,"{""0"": 0.010501641729427042, ""1"": 0.005734117691671088, ""2"": 0.01688270703818592, ""3"": 0.01295200286101377, ""4"": 0.004362054162652122, ""5"": 0.021400540084357537}"
frozen_unmatched,200,p0.40_f0.500,0.5,1.0,3,0.4,79.60000000000001,79.135,60,97,15827,2075,1.9639131790501498,140,0.619309012169259,0.012386180243385184,5.502251368094203,15.2769718128144,2.232661360233696,4.6007577879121735,18,"{""0"": 0.011376622345623021, ""1"": 0.005568954217641461, ""2"": 0.016907088419276455, ""3"": 0.015172052688314216, ""4"": 0.0045643364817047295, ""5"": 0.020728027307751216}"
frozen_unmatched,200,p0.40_f0.500,0.5,1.0,3,0.4,79.60000000000001,79.135,60,97,15827,2075,1.9639131790501498,150,0.6193769037716773,0.012387538075433548,4.432394835368199,15.34980801883074,2.230013489944114,4.683456314120622,18,"{""0"": 0.011928966347763156, ""1"": 0.0057010206094644435, ""2"": 0.017205226786354628, ""3"": 0.01422296057949123, ""4"": 0.004760200910271826, ""5"": 0.020506853219256004}"
frozen_unmatched,200,p0.40_f0.500,0.5,1.0,3,0.4,79.60000000000001,79.135,60,97,15827,2075,1.9639131790501498,160,0.604783278873846,0.012095665577476922,38.880125620242936,15.3271848870629,2.229678871800856,4.655995182237746,18,"{""0"": 0.011303512504195697, ""1"": 0.005281432945875469, ""2"": 0.016392154979542058, ""3"": 0.01462449444759334, ""4"": 0.0048739876477350615, ""5"": 0.020098410939919906}"
frozen_unmatched,200,p0.40_f0.500,0.5,1.0,3,0.4,79.60000000000001,79.135,60,97,15827,2075,1.9639131790501498,170,0.6165664526706519,0.01233132905341304,5.780174128709499,15.408794510075623,2.2250864910694714,4.935952445955569,18,"{""0"": 0.0132885373171934, ""1"": 0.005832424658319732, ""2"": 0.015849664805640457, ""3"": 0.01452489925709013, ""4"": 0.004978195455364378, ""5"": 0.019514252826870134}"
frozen_unmatched,200,p0.40_f0.500,0.5,1.0,3,0.4,79.60000000000001,79.135,60,97,15827,2075,1.9639131790501498,180,0.6157916434439388,0.012315832868878777,27.194256688604607,15.37628276895731,2.230149724854386,5.064013079347043,18,"{""0"": 0.013202872716668049, ""1"": 0.00594196153577662, ""2"": 0.016521788669784723, ""3"": 0.01405247508365981, ""4"": 0.004966783411387321, ""5"": 0.019209115795996136}"
frozen_unmatched,200,p0.40_f0.500,0.5,1.0,3,0.4,79.60000000000001,79.135,60,97,15827,2075,1.9639131790501498,190,0.6039601072209558,0.012079202144419118,21.172942361557062,15.389873969220359,2.221263465169416,5.200176592518098,19,"{""0"": 0.012412932664591148, ""1"": 0.006323382270506178, ""2"": 0.016114774148774123, ""3"": 0.013679023670054632, ""4"": 0.005001253335375236, ""5"": 0.018943846777213377}"
frozen_unmatched,200,p0.40_f0.500,0.5,1.0,3,0.4,79.60000000000001,79.135,60,97,15827,2075,1.9639131790501498,200,0.6129440044488744,0.01225888008897749,40.51707194248873,15.35546456351146,2.220345794065727,5.242048236463476,19,"{""0"": 0.012905642057961336, ""1"": 0.0062134313960199, ""2"": 0.01600749170371339, ""3"": 0.0146659315816634, ""4"": 0.004935574898341173, ""5"": 0.018825208896165742}"
frozen_unmatched,200,p0.40_f0.750,0.75,1.0,3,0.4,79.60000000000001,79.135,60,97,15827,2075,2.0956675988157056,0,1.0327020587242695,0.020654041174485393,nan,0.0,2.0956675988157056,6.183645565997839,21,"{""0"": 0.01906926917880538, ""1"": 0.019576150061402866, ""2"": 0.021557385696270102, ""3"": 0.022540750159872485, ""4"": 0.020552248421110447, ""5"": 0.02062844352945109}"
frozen_unmatched,200,p0.40_f0.750,0.75,1.0,3,0.4,79.60000000000001,79.135,60,97,15827,2075,2.0956675988157056,10,1.028248810560024,0.020564976211200483,29.02318543079609,12.877815545657185,2.381634695701161,3.3676207187065286,15,"{""0"": 0.03161564878839402, ""1"": 0.007914253263157985, ""2"": 0.027598544492711645, ""3"": 0.01508953385587088, ""4"": 0.014137274033107211, ""5"": 0.027034602833961176}"
frozen_unmatched,200,p0.40_f0.750,0.75,1.0,3,0.4,79.60000000000001,79.135,60,97,15827,2075,2.0956675988157056,20,1.0663009734810152,0.02132601946962031,4.634609233646623,14.986855279542835,2.4465630735762756,4.507678940501791,19,"{""0"": 0.030579956539960436, ""1"": 0.016347348229365236, ""2"": 0.021951464881968533, ""3"": 0.004927562257384277, ""4"": 0.028417935991564763, ""5"": 0.025731848917478605}"
frozen_unmatched,200,p0.40_f0.750,0.75,1.0,3,0.4,79.60000000000001,79.135,60,97,15827,2075,2.0956675988157056,30,0.7988118288973374,0.01597623657794675,6.753014581890356,15.223382276549293,2.52634610877726,5.675927018520492,21,"{""0"": 0.019367843097226854, ""1"": 0.01040064089701637, ""2"": 0.02023232777825874, ""3"": 0.006615172402598281, ""4"": 0.012561459098494631, ""5"": 0.026679976194085613}"
frozen_unmatched,200,p0.40_f0.750,0.75,1.0,3,0.4,79.60000000000001,79.135,60,97,15827,2075,2.0956675988157056,40,0.8034830508818028,0.016069661017636058,34.36250513780173,14.790505866987983,2.4889308788395534,4.88987111707333,19,"{""0"": 0.00900546681260541, ""1"": 0.01894694333042094, ""2"": 0.02451778229534306, ""3"": 0.005253025354509605, ""4"": 0.012832227633185183, ""5"": 0.025862520679752143}"
frozen_unmatched,200,p0.40_f0.750,0.75,1.0,3,0.4,79.60000000000001,79.135,60,97,15827,2075,2.0956675988157056,50,0.8253329768969379,0.01650665953793876,20.689753880359994,15.165517137814167,2.531024923624938,5.399936722563915,20,"{""0"": 0.010734143129749487, ""1"": 0.016805086401912944, ""2"": 0.02258101440103814, ""3"": 0.00600784190204774, ""4"": 0.014874812330286407, ""5"": 0.028037059062597857}"
frozen_unmatched,200,p0.40_f0.750,0.75,1.0,3,0.4,79.60000000000001,79.135,60,97,15827,2075,2.0956675988157056,60,0.7688073496998427,0.015376146993996856,4.880851361126981,15.386658567217292,2.5565934057823427,5.367593790498576,20,"{""0"": 0.0105045957984509, ""1"": 0.015281547258679456, ""2"": 0.02122064158927004, ""3"": 0.006374567724451101, ""4"": 0.00809310423138598, ""5"": 0.030782425361743658}"
frozen_unmatched,200,p0.40_f0.750,0.75,1.0,3,0.4,79.60000000000001,79.135,60,97,15827,2075,2.0956675988157056,70,0.7901039399339513,0.015802078798679026,10.43372178803449,15.42004399678425,2.5821214038002203,5.76406036078753,21,"{""0"": 0.01571008693587727, ""1"": 0.013614017548814625, ""2"": 0.02056818552568287, ""3"": 0.006088769293725349, ""4"": 0.008044603302891678, ""5"": 0.03078681018508238}"
frozen_unmatched,200,p0.40_f0.750,0.75,1.0,3,0.4,79.60000000000001,79.135,60,97,15827,2075,2.0956675988157056,80,0.7855719677673871,0.015711439355347745,7.596325369037419,15.402903305824452,2.5849928500926986,5.692240491885882,20,"{""0"": 0.016254870155564077, ""1"": 0.011771129386723629, ""2"": 0.020167753303867646, ""3"": 0.00791119893613507, ""4"": 0.00895549264753737, ""5"": 0.029208191702258673}"
frozen_unmatched,200,p0.40_f0.750,0.75,1.0,3,0.4,79.60000000000001,79.135,60,97,15827,2075,2.0956675988157056,90,0.7820457773993371,0.015640915547986745,3.3462999612319475,15.447471839514145,2.602682139724489,5.838751859342532,20,"{""0"": 0.01594033772709514, ""1"": 0.011183961109384154, ""2"": 0.020666783745122725, ""3"": 0.006503937812415497, ""4"": 0.009868983679053336, ""5"": 0.029681489214849595}"
frozen_unmatched,200,p0.40_f0.750,0.75,1.0,3,0.4,79.60000000000001,79.135,60,97,15827,2075,2.0956675988157056,100,0.804872244174807,0.016097444883496143,5.3549096660805064,15.560970107273546,2.6111727538513376,5.948876093076252,21,"{""0"": 0.015537750638811043, ""1"": 0.010459219922171564, ""2"": 0.021038478795061523, ""3"": 0.006900193565167001, ""4"": 0.009780533678566416, ""5"": 0.03286849270119929}"
frozen_unmatched,200,p0.40_f0.750,0.75,1.0,3,0.4,79.60000000000001,79.135,60,97,15827,2075,2.0956675988157056,110,0.8071998235683678,0.01614399647136736,24.656635973693344,15.613277936381786,2.617946078622606,6.087019920002497,21,"{""0"": 0.014058703664473945, ""1"": 0.011316912572563637, ""2"": 0.021062795892315345, ""3"": 0.007671686579356493, ""4"": 0.009043555189235098, ""5"": 0.03371032493025965}"
frozen_unmatched,200,p0.40_f0.750,0.75,1.0,3,0.4,79.60000000000001,79.135,60,97,15827,2075,2.0956675988157056,120,0.7921577666433468,0.015843155332866937,40.040723830801916,15.609124023458428,2.6161483984967955,6.059503816394493,21,"{""0"": 0.012779223646378068, ""1"": 0.01058222859194909, ""2"": 0.02136364692711829, ""3"": 0.008314194996703692, ""4"": 0.008413317230653004, ""5"": 0.033606320604399484}"
frozen_unmatched,200,p0.40_f0.750,0.75,1.0,3,0.4,79.60000000000001,79.135,60,97,15827,2075,2.0956675988157056,130,0.7723606268932954,0.015447212537865912,29.61901857202997,15.690557990941059,2.621312622451927,5.900188452257267,21,"{""0"": 0.013769438283164176, ""1"": 0.010352892712263667, ""2"": 0.02132127808605521, ""3"": 0.0074882497826015745, ""4"": 0.00716117875778671, ""5"": 0.03259023760532413}"
frozen_unmatched,200,p0.40_f0.750,0.75,1.0,3,0.4,79.60000000000001,79.135,60,97,15827,2075,2.0956675988157056,140,0.7898371146301988,0.01579674229260398,5.0474280538538725,15.719509246631521,2.6243687248020424,5.852150337953814,20,"{""0"": 0.01449859161810004, ""1"": 0.010783494906583884, ""2"": 0.021168075789696084, ""3"": 0.007726193889372004, ""4"": 0.009002345757302252, ""5"": 0.031601751794569616}"
frozen_unmatched,200,p0.40_f0.750,0.75,1.0,3,0.4,79.60000000000001,79.135,60,97,15827,2075,2.0956675988157056,150,0.784994556168273,0.01569989112336546,5.077160859384976,15.736015752162931,2.6290050648603174,5.821909120246149,21,"{""0"": 0.014629087193385081, ""1"": 0.01289252502814609, ""2"": 0.02099800514435014, ""3"": 0.007754753838529483, ""4"": 0.006351162886049459, ""5"": 0.03157381264973251}"
frozen_unmatched,200,p0.40_f0.750,0.75,1.0,3,0.4,79.60000000000001,79.135,60,97,15827,2075,2.0956675988157056,160,0.760381212453054,0.015207624249061082,12.670291397384693,15.722824769725996,2.6312421092428653,5.918560712733353,21,"{""0"": 0.013126212415143163, ""1"": 0.012048542574312945, ""2"": 0.02087250047016122, ""3"": 0.007868476955356536, ""4"": 0.006138163310576315, ""5"": 0.03119184976881632}"
frozen_unmatched,200,p0.40_f0.750,0.75,1.0,3,0.4,79.60000000000001,79.135,60,97,15827,2075,2.0956675988157056,170,0.755611277772487,0.015112225555449743,16.41872411162396,15.744507042667712,2.6327486278169068,5.845009990528161,21,"{""0"": 0.013695439059477694, ""1"": 0.011904402488710608, ""2"": 0.020573607524138796, ""3"": 0.007670356397556364, ""4"": 0.0060746995450208525, ""5"": 0.030754848317794153}"
frozen_unmatched,200,p0.40_f0.750,0.75,1.0,3,0.4,79.60000000000001,79.135,60,97,15827,2075,2.0956675988157056,180,0.7429790214455602,0.014859580428911206,26.709338958665658,15.638849148330642,2.6305623083824123,6.204125106541045,21,"{""0"": 0.013673425029880976, ""1"": 0.011862582937380484, ""2"": 0.02060715362775583, ""3"": 0.007456181194621323, ""4"": 0.006513656312802198, ""5"": 0.02904448347102643}"
frozen_unmatched,200,p0.40_f0.750,0.75,1.0,3,0.4,79.60000000000001,79.135,60,97,15827,2075,2.0956675988157056,190,0.7387804439326469,0.014775608878652938,6.015051497009634,15.627163905382902,2.6302841840421816,5.87721322897145,21,"{""0"": 0.012932590307737843, ""1"": 0.012117990126213897, ""2"": 0.021015943484008284, ""3"": 0.007369288698800826, ""4"": 0.006366696616295531, ""5"": 0.02885114403886125}"
frozen_unmatched,200,p0.40_f0.750,0.75,1.0,3,0.4,79.60000000000001,79.135,60,97,15827,2075,2.0956675988157056,200,0.7480756109855348,0.014961512219710697,11.634468565749948,15.621692297649766,2.633564023233231,5.9207596212185205,21,"{""0"": 0.013614818266809098, ""1"": 0.011893769892209385, ""2"": 0.021305911750846125, ""3"": 0.007661704933835528, ""4"": 0.006265613268157733, ""5"": 0.02902725520640632}"
frozen_unmatched,200,p0.40_f0.875,0.875,1.0,3,0.4,79.60000000000001,79.135,60,97,15827,2075,2.1588286043912372,0,1.0231122416890772,0.020462244833781548,nan,0.0,2.1588286043912372,6.3258068949435,22,"{""0"": 0.01851818853366154, ""1"": 0.019337163534409976, ""2"": 0.021338923373048484, ""3"": 0.023085156083761126, ""4"": 0.019958050466699986, ""5"": 0.02053598701110816}"
frozen_unmatched,200,p0.40_f0.875,0.875,1.0,3,0.4,79.60000000000001,79.135,60,97,15827,2075,2.1588286043912372,10,0.9824059154968109,0.019648118309936218,25.36494547446494,13.268829425751747,2.3840403148735527,4.873783570791036,19,"{""0"": 0.030722528828632644, ""1"": 0.009648178446097454, ""2"": 0.03474077062729362, ""3"": 0.015518495857688757, ""4"": 0.007412617290428981, ""5"": 0.019846118809475854}"
frozen_unmatched,200,p0.40_f0.875,0.875,1.0,3,0.4,79.60000000000001,79.135,60,97,15827,2075,2.1588286043912372,20,0.9496351686089818,0.018992703372179637,10.592206199277543,14.756260320079836,2.511018299795602,4.630231467586365,20,"{""0"": 0.03122941096086656, ""1"": 0.008680529763744586, ""2"": 0.029912385013566654, ""3"": 0.008458639281174896, ""4"": 0.011853025638166436, ""5"": 0.02382222957555869}"
frozen_unmatched,200,p0.40_f0.875,0.875,1.0,3,0.4,79.60000000000001,79.135,60,97,15827,2075,2.1588286043912372,30,0.9238310323224309,0.01847662064644862,8.44616882730069,15.0371006763627,2.461208778521141,5.6269983869872835,21,"{""0"": 0.020730314129644357, ""1"": 0.011215263600699445, ""2"": 0.02521115676321386, ""3"": 0.011926931407640767, ""4"": 0.011984644248124038, ""5"": 0.029791413729369255}"
frozen_unmatched,200,p0.40_f0.875,0.875,1.0,3,0.4,79.60000000000001,79.135,60,97,15827,2075,2.1588286043912372,40,0.9103716608447895,0.01820743321689579,26.2794114352023,14.404463118634531,2.4360746743080197,6.30205409200934,22,"{""0"": 0.021995420101677567, ""1"": 0.012084107067934783, ""2"": 0.026943349643164353, ""3"": 0.013785551418370401, ""4"": 0.010163357004686742, ""5"": 0.02427281406554091}"
frozen_unmatched,200,p0.40_f0.875,0.875,1.0,3,0.4,79.60000000000001,79.135,60,97,15827,2075,2.1588286043912372,50,0.9722064482558846,0.019444128965117696,31.545264598062417,14.718446900319611,2.440658175076907,7.099099492475169,23,"{""0"": 0.021638731103024365, ""1"": 0.013330196130764338, ""2"": 0.027249421484174547, ""3"": 0.0193879710521271, ""4"": 0.011191466131149411, ""5"": 0.023866987889466403}"
frozen_unmatched,200,p0.40_f0.875,0.875,1.0,3,0.4,79.60000000000001,79.135,60,97,15827,2075,2.1588286043912372,60,0.8645362560317815,0.017290725120635633,6.626157880482208,14.82407370060982,2.4303070531856794,6.365332505895971,22,"{""0"": 0.018619232648424335, ""1"": 0.009556607008180232, ""2"": 0.028207251517752302, ""3"": 0.016518327484779292, ""4"": 0.007671529146653042, ""5"": 0.023171402918024598}"
frozen_unmatched,200,p0.40_f0.875,0.875,1.0,3,0.4,79.60000000000001,79.135,60,97,15827,2075,2.1588286043912372,70,0.817563178613231,0.016351263572264622,18.05904189319891,14.806350570153942,2.4446829813879245,5.579603023853883,22,"{""0"": 0.01847396643219241, ""1"": 0.008235622872442411, ""2"": 0.02729135946456911, ""3"": 0.01240505327035861, ""4"": 0.006711294050511306, ""5"": 0.02499028534351388}"
frozen_unmatched,200,p0.40_f0.875,0.875,1.0,3,0.4,79.60000000000001,79.135,60,97,15827,2075,2.1588286043912372,80,0.7766989389296322,0.015533978778592646,4.094747981048712,14.778443247949978,2.4427302700876865,5.735860276370872,21,"{""0"": 0.012919237660293525, ""1"": 0.00826467413400316, ""2"": 0.02900950680277034, ""3"": 0.012176271355794192, ""4"": 0.006451806743229904, ""5"": 0.02438237597546476}"
frozen_unmatched,200,p0.40_f0.875,0.875,1.0,3,0.4,79.60000000000001,79.135,60,97,15827,2075,2.1588286043912372,90,0.7668414344061286,0.015336828688122573,7.260704995242808,14.702967662881084,2.434672636846487,5.559432870649041,21,"{""0"": 0.011937573710709715, ""1"": 0.007811064430395984, ""2"": 0.027939850614693472, ""3"": 0.012827886003511405, ""4"": 0.006374953682221629, ""5"": 0.025129643687203256}"
frozen_unmatched,200,p0.40_f0.875,0.875,1.0,3,0.4,79.60000000000001,79.135,60,97,15827,2075,2.1588286043912372,100,0.7563058216847913,0.01512611643369583,19.555050963334622,14.729092998404779,2.435352654399494,5.476944985840774,21,"{""0"": 0.011999503358424285, ""1"": 0.007365936608378096, ""2"": 0.028812576852120176, ""3"": 0.012094890192673093, ""4"": 0.006461461392585038, ""5"": 0.02402233019799429}"
frozen_unmatched,200,p0.40_f0.875,0.875,1.0,3,0.4,79.60000000000001,79.135,60,97,15827,2075,2.1588286043912372,110,0.7870481023625222,0.015740962047250447,34.39795014092618,14.765064031757847,2.4244151466312367,5.820092965675296,22,"{""0"": 0.011671432930645253, ""1"": 0.010003449253804256, ""2"": 0.028413040310376468, ""3"": 0.012860491153399978, ""4"": 0.006601157678412799, ""5"": 0.02489620095686392}"
frozen_unmatched,200,p0.40_f0.875,0.875,1.0,3,0.4,79.60000000000001,79.135,60,97,15827,2075,2.1588286043912372,120,0.7993451859362001,0.015986903718724004,16.971023874651326,14.815639045159946,2.4148078410371747,5.807169853982427,21,"{""0"": 0.00963583343084055, ""1"": 0.012634515243574871, ""2"": 0.028286620265738683, ""3"": 0.013160662296150283, ""4"": 0.006981311958300833, ""5"": 0.0252224791177388}"
frozen_unmatched,200,p0.40_f0.875,0.875,1.0,3,0.4,79.60000000000001,79.135,60,97,15827,2075,2.1588286043912372,130,0.7987786859723349,0.0159755737194467,22.612697365148154,14.900496638539252,2.4184795579371317,5.545434917802779,21,"{""0"": 0.010130316014239344, ""1"": 0.012739649865754288, ""2"": 0.028478735297093737, ""3"": 0.011895511677367934, ""4"": 0.006784996545554198, ""5"": 0.025824232916670693}"
frozen_unmatched,200,p0.40_f0.875,0.875,1.0,3,0.4,79.60000000000001,79.135,60,97,15827,2075,2.1588286043912372,140,0.8177839222711897,0.016355678445423797,5.6809924502709865,14.89716588909893,2.4237767095196987,5.616249593911229,21,"{""0"": 0.01034705645095709, ""1"": 0.013734831890225636, ""2"": 0.028741892125249795, ""3"": 0.012830074566997174, ""4"": 0.006854062323434074, ""5"": 0.025626153315679006}"
frozen_unmatched,200,p0.40_f0.875,0.875,1.0,3,0.4,79.60000000000001,79.135,60,97,15827,2075,2.1588286043912372,150,0.8148128390402625,0.016296256780805252,3.965035250422353,14.969531686770337,2.4207378893349696,5.795982547644359,22,"{""0"": 0.010154760454205733, ""1"": 0.013119691841456121, ""2"": 0.02860539618499126, ""3"": 0.012829362310352482, ""4"": 0.00722889793856874, ""5"": 0.025839431955257185}"
frozen_unmatched,200,p0.40_f0.875,0.875,1.0,3,0.4,79.60000000000001,79.135,60,97,15827,2075,2.1588286043912372,160,0.8039290647496378,0.016078581294992757,41.77933947749271,14.858747550118451,2.4064699149620274,5.8938178806736685,21,"{""0"": 0.008958194462611108, ""1"": 0.013320325250020165, ""2"": 0.027950266824704674, ""3"": 0.013163562988228069, ""4"": 0.007819507848537155, ""5"": 0.025259630395855374}"
frozen_unmatched,200,p0.40_f0.875,0.875,1.0,3,0.4,79.60000000000001,79.135,60,97,15827,2075,2.1588286043912372,170,0.7975980977443627,0.015951961954887257,23.573100114827515,14.85972353604646,2.4124110253482365,6.002473761147072,22,"{""0"": 0.009448562159961352, ""1"": 0.01244196177393941, ""2"": 0.027596097258681486, ""3"": 0.013614760880789615, ""4"": 0.007577483053418295, ""5"": 0.025032906602533385}"
frozen_unmatched,200,p0.40_f0.875,0.875,1.0,3,0.4,79.60000000000001,79.135,60,97,15827,2075,2.1588286043912372,180,0.7959303155645039,0.01591860631129008,37.2286824563107,14.758064766000269,2.423592552822037,6.029004858149741,22,"{""0"": 0.010307329390203237, ""1"": 0.012470742335068773, ""2"": 0.02675059611378971, ""3"": 0.013591002181283179, ""4"": 0.007659488466119314, ""5"": 0.02473247938127626}"
frozen_unmatched,200,p0.40_f0.875,0.875,1.0,3,0.4,79.60000000000001,79.135,60,97,15827,2075,2.1588286043912372,190,0.7915994582993019,0.01583198916598604,28.638137641775216,14.66863484646963,2.4063579662260786,6.144645517824379,22,"{""0"": 0.009985639944855925, ""1"": 0.01258191982687853, ""2"": 0.02696273388640915, ""3"": 0.013728210748193567, ""4"": 0.007842806009303174, ""5"": 0.02389062458027589}"
frozen_unmatched,200,p0.40_f0.875,0.875,1.0,3,0.4,79.60000000000001,79.135,60,97,15827,2075,2.1588286043912372,200,0.7885238233029446,0.015770476466058895,8.270552199939512,14.668444436293575,2.4043467240983083,5.933819035903542,22,"{""0"": 0.010567389331171507, ""1"": 0.012391489423360113, ""2"": 0.02640673254676961, ""3"": 0.01367682817104326, ""4"": 0.0075288798769200084, ""5"": 0.024051539447088856}"
frozen_unmatched,200,p0.10_f0.500,0.5,1.0,4,0.1,19.900000000000002,19.945,10,33,3989,1964,1.8875086986114684,0,1.0621207554919758,0.02124241510983952,nan,0.0,1.8875086986114684,8.872041855825227,19,"{""0"": 0.019478687162587143, ""1"": 0.02389401308461387, ""2"": 0.020873362166772682, ""3"": 0.020758873272961702, ""4"": 0.021067311671534555, ""5"": 0.021382243300567164}"
frozen_unmatched,200,p0.10_f0.500,0.5,1.0,4,0.1,19.900000000000002,19.945,10,33,3989,1964,1.8875086986114684,10,0.942992978350114,0.01885985956700228,13.596035324449256,13.297299075827967,2.0157303911330398,5.755836204874,20,"{""0"": 0.020429063107683068, ""1"": 0.007509822809163161, ""2"": 0.015581842945953989, ""3"": 0.025790155565837643, ""4"": 0.01775641820756879, ""5"": 0.026091854765807054}"
frozen_unmatched,200,p0.10_f0.500,0.5,1.0,4,0.1,19.900000000000002,19.945,10,33,3989,1964,1.8875086986114684,20,0.9544100342036844,0.019088200684073693,13.141227735902412,15.248594138111876,2.169091011866474,6.294199690369796,19,"{""0"": 0.012918285180450448, ""1"": 0.016999808599233703, ""2"": 0.019805580989522415, ""3"": 0.028572194071628726, ""4"": 0.012528036301565845, ""5"": 0.023705298962041002}"
frozen_unmatched,200,p0.10_f0.500,0.5,1.0,4,0.1,19.900000000000002,19.945,10,33,3989,1964,1.8875086986114684,30,0.8406066200784325,0.016812132401568654,22.476161492559037,15.2893526745286,2.1937832686952796,6.399675145070093,20,"{""0"": 0.008655162503674117, ""1"": 0.01152943713228706, ""2"": 0.021453460693379556, ""3"": 0.02821840880775618, ""4"": 0.008274812127678877, ""5"": 0.022741513144636117}"
frozen_unmatched,200,p0.10_f0.500,0.5,1.0,4,0.1,19.900000000000002,19.945,10,33,3989,1964,1.8875086986114684,40,0.8434934552129384,0.01686986910425877,9.66885695029478,15.609629953062974,2.1655490193585005,5.719323271088114,18,"{""0"": 0.006854926976216896, ""1"": 0.0076535662743827185, ""2"": 0.02232874385525757, ""3"": 0.031236574057700216, ""4"": 0.007739994243589147, ""5"": 0.02540540921840607}"
frozen_unmatched,200,p0.10_f0.500,0.5,1.0,4,0.1,19.900000000000002,19.945,10,33,3989,1964,1.8875086986114684,50,0.7020375413913207,0.014040750827826416,28.916908448574283,15.891081976033332,2.205733916488909,6.351906375879699,21,"{""0"": 0.008165137498454052, ""1"": 0.008613327227739016, ""2"": 0.014555741546760306, ""3"": 0.02106514747358598, ""4"": 0.010298296907904736, ""5"": 0.021546854312514414}"
frozen_unmatched,200,p0.10_f0.500,0.5,1.0,4,0.1,19.900000000000002,19.945,10,33,3989,1964,1.8875086986114684,60,0.6433415574029037,0.012866831148058075,29.00366536926505,16.19992253187616,2.2063685738374477,6.1728021556671235,20,"{""0"": 0.008837991991031762, ""1"": 0.007534619943568047, ""2"": 0.014051906487050764, ""3"": 0.01759805544526986, ""4"": 0.00834112188351701, ""5"": 0.02083729113791101}"
frozen_unmatched,200,p0.10_f0.500,0.5,1.0,4,0.1,19.900000000000002,19.945,10,33,3989,1964,1.8875086986114684,70,0.6740293898785704,0.013480587797571409,25.540088416581504,16.330515511508963,2.267752225408713,5.864957224361872,21,"{""0"": 0.008202132069816423, ""1"": 0.01192195546984077, ""2"": 0.015174764431552131, ""3"": 0.012457022263464509, ""4"": 0.011609681160876502, ""5"": 0.02151797138987812}"
frozen_unmatched,200,p0.10_f0.500,0.5,1.0,4,0.1,19.900000000000002,19.945,10,33,3989,1964,1.8875086986114684,80,0.6268047079043458,0.012536094158086918,14.045060939608582,16.347942917738976,2.263363329321933,5.956981432912399,21,"{""0"": 0.008018362505821452, ""1"": 0.009227601929883958, ""2"": 0.01587170597173533, ""3"": 0.013068024292637967, ""4"": 0.010661649142961725, ""5"": 0.01836922110548108}"
frozen_unmatched,200,p0.10_f0.500,0.5,1.0,4,0.1,19.900000000000002,19.945,10,33,3989,1964,1.8875086986114684,90,0.6082643379668146,0.012165286759336293,3.4001516473554956,16.560952369147607,2.2683618764559457,6.208995118568947,21,"{""0"": 0.008476573528900957, ""1"": 0.008291435497735563, ""2"": 0.014418671111105974, ""3"": 0.013508412150703914, ""4"": 0.010004985010367794, ""5"": 0.018291643257203553}"
frozen_unmatched,200,p0.10_f0.500,0.5,1.0,4,0.1,19.900000000000002,19.945,10,33,3989,1964,1.8875086986114684,100,0.5987997779568195,0.011975995559136391,14.509727029716567,16.684853624240322,2.268894172103898,6.2802471000703495,21,"{""0"": 0.008028229926199193, ""1"": 0.00848685766413319, ""2"": 0.013930462647155223, ""3"": 0.014846560510664178, ""4"": 0.008645133158503177, ""5"": 0.017918729448163393}"
frozen_unmatched,200,p0.10_f0.500,0.5,1.0,4,0.1,19.900000000000002,19.945,10,33,3989,1964,1.8875086986114684,110,0.5971419808275736,0.011942839616551473,18.78254255354007,16.79369468973849,2.273627434243071,5.717999314960099,20,"{""0"": 0.007212995259567909, ""1"": 0.00931849274635571, ""2"": 0.013766774697421944, ""3"": 0.015493976004464527, ""4"": 0.007570715218706695, ""5"": 0.018294083772792066}"
frozen_unmatched,200,p0.10_f0.500,0.5,1.0,4,0.1,19.900000000000002,19.945,10,33,3989,1964,1.8875086986114684,120,0.5893012740996859,0.011786025481993721,10.704416067454046,16.935569709317946,2.263234334608195,5.7004752675763415,20,"{""0"": 0.007263414701728944, ""1"": 0.008621314903087887, ""2"": 0.013012311769131816, ""3"": 0.01709349487724058, ""4"": 0.007103965145937685, ""5"": 0.01762165149483542}"
frozen_unmatched,200,p0.10_f0.500,0.5,1.0,4,0.1,19.900000000000002,19.945,10,33,3989,1964,1.8875086986114684,130,0.6006164948128537,0.012012329896257076,5.915267968223695,16.978726202859384,2.266669596640924,5.5582101687416525,20,"{""0"": 0.007165591034613126, ""1"": 0.007668221490199646, ""2"": 0.012736886023187424, ""3"": 0.02043861423448693, ""4"": 0.006568111542887401, ""5"": 0.017496555052167934}"
frozen_unmatched,200,p0.10_f0.500,0.5,1.0,4,0.1,19.900000000000002,19.945,10,33,3989,1964,1.8875086986114684,140,0.5985679777246476,0.011971359554492954,12.381582213027565,17.059850363229184,2.2752009855265793,5.5376425961061315,20,"{""0"": 0.006821169946429145, ""1"": 0.007460096579873758, ""2"": 0.012757017894410454, ""3"": 0.01991024482393692, ""4"": 0.006275109002737993, ""5"": 0.018604519079569448}"
frozen_unmatched,200,p0.10_f0.500,0.5,1.0,4,0.1,19.900000000000002,19.945,10,33,3989,1964,1.8875086986114684,150,0.5966339909960316,0.011932679819920635,7.632319217920358,17.099182886696035,2.2745959130038464,5.3757160312724555,19,"{""0"": 0.006115652439782415, ""1"": 0.007699454823411084, ""2"": 0.013047909141458165, ""3"": 0.019020274638690448, ""4"": 0.005879780811708183, ""5"": 0.01983300706447351}"
frozen_unmatched,200,p0.10_f0.500,0.5,1.0,4,0.1,19.900000000000002,19.945,10,33,3989,1964,1.8875086986114684,160,0.5722988676319981,0.011445977352639964,9.296421348234988,17.20621210886559,2.2849583276501004,5.293885627295231,19,"{""0"": 0.00606813106577532, ""1"": 0.007771582128224671, ""2"": 0.013108304800068082, ""3"": 0.01586362989086903, ""4"": 0.005395155691997397, ""5"": 0.020469060538905282}"
frozen_unmatched,200,p0.10_f0.500,0.5,1.0,4,0.1,19.900000000000002,19.945,10,33,3989,1964,1.8875086986114684,170,0.5963972090789115,0.01192794418157823,30.17598741805702,17.271208918076013,2.3033146542493403,5.488502659237062,20,"{""0"": 0.00617551169090107, ""1"": 0.009064828149869898, ""2"": 0.013484521577469693, ""3"": 0.01764956586296746, ""4"": 0.005285511949757516, ""5"": 0.019907725858503745}"
frozen_unmatched,200,p0.10_f0.500,0.5,1.0,4,0.1,19.900000000000002,19.945,10,33,3989,1964,1.8875086986114684,180,0.6093513658069637,0.012187027316139276,25.44133091945418,17.362762092466177,2.3023489779469375,5.532661554673444,20,"{""0"": 0.006161432883779121, ""1"": 0.010202313910587494, ""2"": 0.013597412710781584, ""3"": 0.018789695185914133, ""4"": 0.0054533454006246524, ""5"": 0.018917963805148666}"
frozen_unmatched,200,p0.10_f0.500,0.5,1.0,4,0.1,19.900000000000002,19.945,10,33,3989,1964,1.8875086986114684,190,0.5848602811481671,0.011697205622963343,5.694746569164987,17.35788586237032,2.294292625985312,5.488611932933344,20,"{""0"": 0.006176825581693917, ""1"": 0.010587524371197712, ""2"": 0.013854401412617349, ""3"": 0.01537676532692991, ""4"": 0.005416778185987006, ""5"": 0.01877093885935417}"
frozen_unmatched,200,p0.10_f0.500,0.5,1.0,4,0.1,19.900000000000002,19.945,10,33,3989,1964,1.8875086986114684,200,0.5772943276013007,0.011545886552026017,46.778187093967944,17.40393646924243,2.2941965576637187,5.482783299891677,20,"{""0"": 0.005760989584757965, ""1"": 0.010774909513618394, ""2"": 0.013813250668222088, ""3"": 0.014538537335626073, ""4"": 0.005568975003806175, ""5"": 0.018818657206125407}"
frozen_unmatched,200,p0.10_f0.750,0.75,1.0,4,0.1,19.900000000000002,19.945,10,33,3989,1964,2.044434165037937,0,1.048529711861661,0.020970594237233225,nan,0.0,2.044434165037937,9.484774535406302,22,"{""0"": 0.01959561807069386, ""1"": 0.0234955724148688, ""2"": 0.020481768508775203, ""3"": 0.020428945199136052, ""4"": 0.02114993739555743, ""5"": 0.020671723834368005}"
frozen_unmatched,200,p0.10_f0.750,0.75,1.0,4,0.1,19.900000000000002,19.945,10,33,3989,1964,2.044434165037937,10,0.9586330120936639,0.019172660241873283,19.02019566261323,14.26188185378394,2.2955640822951167,5.644459853203795,22,"{""0"": 0.020220177175617186, ""1"": 0.009326554994353246, ""2"": 0.019988411867287354, ""3"": 0.019280205535644346, ""4"": 0.014793068052804495, ""5"": 0.03142754382553307}"
frozen_unmatched,200,p0.10_f0.750,0.75,1.0,4,0.1,19.900000000000002,19.945,10,33,3989,1964,2.044434165037937,20,0.9410790820869612,0.018821581641739225,13.53720525388656,14.355911332233642,2.294253741106882,7.955569254989008,23,"{""0"": 0.017373658831618476, ""1"": 0.0108833416045634, ""2"": 0.023617811663832415, ""3"": 0.01704301924116524, ""4"": 0.018834445887112767, ""5"": 0.02517721262214308}"
frozen_unmatched,200,p0.10_f0.750,0.75,1.0,4,0.1,19.900000000000002,19.945,10,33,3989,1964,2.044434165037937,30,0.9707163425207054,0.01941432685041411,7.092694281902505,14.69456498731601,2.260377302362413,7.335853866593243,23,"{""0"": 0.014461631360407855, ""1"": 0.006820440571232794, ""2"": 0.025640459837895, ""3"": 0.021437154852559336, ""4"": 0.021441090163581516, ""5"": 0.026685184316808164}"
frozen_unmatched,200,p0.10_f0.750,0.75,1.0,4,0.1,19.900000000000002,19.945,10,33,3989,1964,2.044434165037937,40,0.8805191179467101,0.017610382358934206,16.687237682715317,14.864029710861644,2.281645509253732,7.318147327887822,23,"{""0"": 0.013982372390235864, ""1"": 0.006179809867521689, ""2"": 0.022612864790627317, ""3"": 0.026662254258978946, ""4"": 0.012873249759145, ""5"": 0.023351743087096418}"
frozen_unmatched,200,p0.10_f0.750,0.75,1.0,4,0.1,19.900000000000002,19.945,10,33,3989,1964,2.044434165037937,50,0.8438890927273871,0.016877781854547743,23.492513732694892,15.02347697578399,2.3055022544230583,8.61943453261142,24,"{""0"": 0.014395429251521064, ""1"": 0.007633914044059794, ""2"": 0.019997031596845634, ""3"": 0.02453422711419796, ""4"": 0.013893236181686142, ""5"": 0.02081285293897586}"
frozen_unmatched,200,p0.10_f0.750,0.75,1.0,4,0.1,19.900000000000002,19.945,10,33,3989,1964,2.044434165037937,60,0.8564084738112895,0.01712816947622579,24.65434831173839,15.371319474562863,2.314597616737168,8.741331113975175,25,"{""0"": 0.013157418253715126, ""1"": 0.007354590434294488, ""2"": 0.020373631477471055, ""3"": 0.025403765657241856, ""4"": 0.016077784510041083, ""5"": 0.020401826524591146}"
frozen_unmatched,200,p0.10_f0.750,0.75,1.0,4,0.1,19.900000000000002,19.945,10,33,3989,1964,2.044434165037937,70,0.8634029060888913,0.017268058121777827,17.766968305109934,15.412329805424806,2.3007890378537237,8.335292332819797,25,"{""0"": 0.01249848432075928, ""1"": 0.010170658241403103, ""2"": 0.021246334235739132, ""3"": 0.0239421790217038, ""4"": 0.011968862845040793, ""5"": 0.02378183006602086}"
frozen_unmatched,200,p0.10_f0.750,0.75,1.0,4,0.1,19.900000000000002,19.945,10,33,3989,1964,2.044434165037937,80,0.8545369696202179,0.01709073939240436,22.65149041120428,15.41618194430929,2.2933615800787366,8.49522702576117,25,"{""0"": 0.013694767004641135, ""1"": 0.010796978951551819, ""2"": 0.01994691157866777, ""3"": 0.022088335325164875, ""4"": 0.012894584114553293, ""5"": 0.02312285937984726}"
frozen_unmatched,200,p0.10_f0.750,0.75,1.0,4,0.1,19.900000000000002,19.945,10,33,3989,1964,2.044434165037937,90,0.8772111493751581,0.017544222987503164,21.013957624021252,15.516554194736296,2.29696011879464,8.639890273394593,25,"{""0"": 0.014889974737358555, ""1"": 0.011134685584865594, ""2"": 0.020065722438614077, ""3"": 0.022020401799336523, ""4"": 0.013628317534049042, ""5"": 0.0235262358307952}"
frozen_unmatched,200,p0.10_f0.750,0.75,1.0,4,0.1,19.900000000000002,19.945,10,33,3989,1964,2.044434165037937,100,0.8725878479169231,0.017451756958338466,35.283026923630224,15.686903370892017,2.2856476763634057,8.606931941940921,25,"{""0"": 0.014205971614074567, ""1"": 0.011511646101102398, ""2"": 0.02045761445160333, ""3"": 0.021938973661660383, ""4"": 0.013499261713892503, ""5"": 0.02309707420769761}"
frozen_unmatched,200,p0.10_f0.750,0.75,1.0,4,0.1,19.900000000000002,19.945,10,33,3989,1964,2.044434165037937,110,0.8524655043595926,0.017049310087191853,23.430565591087234,15.674178640043746,2.2837208262383513,8.783741193887906,25,"{""0"": 0.013441792484805181, ""1"": 0.011600701382433024, ""2"": 0.019847827374029042, ""3"": 0.021304203158376674, ""4"": 0.012625671854673134, ""5"": 0.023475664268834063}"
frozen_unmatched,200,p0.10_f0.750,0.75,1.0,4,0.1,19.900000000000002,19.945,10,33,3989,1964,2.044434165037937,120,0.8606956136904096,0.017213912273808196,12.807431062504177,15.74951932955852,2.296634605062208,9.11259142654883,25,"{""0"": 0.01407660789898609, ""1"": 0.010751353546562186, ""2"": 0.019266054626203826, ""3"": 0.021817648935717842, ""4"": 0.013141499395692507, ""5"": 0.024230309239686703}"
frozen_unmatched,200,p0.10_f0.750,0.75,1.0,4,0.1,19.900000000000002,19.945,10,33,3989,1964,2.044434165037937,130,0.8394223184454047,0.016788446368908097,5.825602467404123,15.759534081613145,2.2933414069028735,9.006020128230011,25,"{""0"": 0.014219043470044528, ""1"": 0.010304369005387833, ""2"": 0.018129864289089775, ""3"": 0.023161618350825235, ""4"": 0.012785102028523098, ""5"": 0.022130681069578103}"
frozen_unmatched,200,p0.10_f0.750,0.75,1.0,4,0.1,19.900000000000002,19.945,10,33,3989,1964,2.044434165037937,140,0.831541556114216,0.016630831122284324,19.355047005394937,15.774721162951476,2.2953732376045077,8.884910831354155,25,"{""0"": 0.014306932824070782, ""1"": 0.010378492766316104, ""2"": 0.01895070100393365, ""3"": 0.02157245035281556, ""4"": 0.012251608559443438, ""5"": 0.022324801227126396}"
frozen_unmatched,200,p0.10_f0.750,0.75,1.0,4,0.1,19.900000000000002,19.945,10,33,3989,1964,2.044434165037937,150,0.8258509320726121,0.016517018641452243,20.111049446253023,15.912634567518426,2.30476696852144,8.374164972164925,24,"{""0"": 0.013298951176085214, ""1"": 0.01003678295654773, ""2"": 0.019752985842674903, ""3"": 0.021293519158750777, ""4"": 0.01167485115409537, ""5"": 0.023045021560559452}"
frozen_unmatched,200,p0.10_f0.750,0.75,1.0,4,0.1,19.900000000000002,19.945,10,33,3989,1964,2.044434165037937,160,0.8086148757545549,0.0161722975150911,18.902446265258085,15.995291068262281,2.3161210708085953,8.247103631721828,24,"{""0"": 0.013398404200366979, ""1"": 0.009753386118525092, ""2"": 0.01948350825090186, ""3"": 0.021432222314493318, ""4"": 0.01098402547869971, ""5"": 0.021982238727559635}"
frozen_unmatched,200,p0.10_f0.750,0.75,1.0,4,0.1,19.900000000000002,19.945,10,33,3989,1964,2.044434165037937,170,0.7925030350583442,0.015850060701166888,28.128224001426894,16.04062405770246,2.316857778991152,8.2596162076193,24,"{""0"": 0.013019820399857112, ""1"": 0.01000251383051689, ""2"": 0.018774593981356325, ""3"": 0.02106750062922544, ""4"": 0.010736891868047643, ""5"": 0.02149904349799791}"
frozen_unmatched,200,p0.10_f0.750,0.75,1.0,4,0.1,19.900000000000002,19.945,10,33,3989,1964,2.044434165037937,180,0.7932699706879741,0.015865399413759484,26.56466011021751,16.124243685900623,2.320485638153414,8.270338881723152,24,"{""0"": 0.012519785961749852, ""1"": 0.010532602060863983, ""2"": 0.018990625237652027, ""3"": 0.020554508719924036, ""4"": 0.011187268156836207, ""5"": 0.021407606345530794}"
frozen_unmatched,200,p0.10_f0.750,0.75,1.0,4,0.1,19.900000000000002,19.945,10,33,3989,1964,2.044434165037937,190,0.7888584084668586,0.015777168169337174,5.164556647475385,16.138390620219194,2.3296017377053264,7.983493233955609,24,"{""0"": 0.012654611282362555, ""1"": 0.01053804924686164, ""2"": 0.019283825248814866, ""3"": 0.01957132697441487, ""4"": 0.01111181932497192, ""5"": 0.021503376938597208}"
frozen_unmatched,200,p0.10_f0.750,0.75,1.0,4,0.1,19.900000000000002,19.945,10,33,3989,1964,2.044434165037937,200,0.7971989167134175,0.01594397833426835,38.555314848289925,16.22379087203409,2.334126430769406,7.861432672811912,23,"{""0"": 0.012849125749734697, ""1"": 0.01087739025079003, ""2"": 0.019863231366838072, ""3"": 0.018828099408266418, ""4"": 0.011308997900879128, ""5"": 0.021937025329101755}"
frozen_unmatched,200,p0.10_f0.875,0.875,1.0,4,0.1,19.900000000000002,19.945,10,33,3989,1964,2.1134760882466326,0,1.0429224274387185,0.02085844854877437,nan,0.0,2.1134760882466326,9.623944157591355,23,"{""0"": 0.01959095626428623, ""1"": 0.023151069050038175, ""2"": 0.020378231149133598, ""3"": 0.020200389280835063, ""4"": 0.021431800930964823, ""5"": 0.020398244617388324}"
frozen_unmatched,200,p0.10_f0.875,0.875,1.0,4,0.1,19.900000000000002,19.945,10,33,3989,1964,2.1134760882466326,10,0.916007054445584,0.01832014108891168,34.41853311893286,14.101377620298072,2.2817184572700273,6.85851562588434,24,"{""0"": 0.025124017106907516, ""1"": 0.01261995204507973, ""2"": 0.02324984764730062, ""3"": 0.024176188224841005, ""4"": 0.007838114951991337, ""5"": 0.016912726557349878}"
frozen_unmatched,200,p0.10_f0.875,0.875,1.0,4,0.1,19.900000000000002,19.945,10,33,3989,1964,2.1134760882466326,20,0.8920385148264481,0.017840770296528967,2.458633162075366,15.42341677981701,2.35779870934678,5.831461123492426,23,"{""0"": 0.023278938362270067, ""1"": 0.010355331867532725, ""2"": 0.02321373230156908, ""3"": 0.023034334622915445, ""4"": 0.010367982249918698, ""5"": 0.01679430237496779}"
frozen_unmatched,200,p0.10_f0.875,0.875,1.0,4,0.1,19.900000000000002,19.945,10,33,3989,1964,2.1134760882466326,30,0.9596156042662606,0.019192312085325215,11.825028932148209,15.577662484750526,2.345478653782877,6.420112931174661,24,"{""0"": 0.02120202788157314, ""1"": 0.009772408326026428, ""2"": 0.024568036707730324, ""3"": 0.02325716340167881, ""4"": 0.012470937601785487, ""5"": 0.023883298593157097}"
frozen_unmatched,200,p0.10_f0.875,0.875,1.0,4,0.1,19.900000000000002,19.945,10,33,3989,1964,2.1134760882466326,40,0.9507598517909308,0.01901519703581862,14.449163673034118,15.928672089033036,2.32379875245598,6.824840552329337,24,"{""0"": 0.019183142944158047, ""1"": 0.009677097091009671, ""2"": 0.022146568096027754, ""3"": 0.027453020664178863, ""4"": 0.013895731408007284, ""5"": 0.0217356220115301}"
frozen_unmatched,200,p0.10_f0.875,0.875,1.0,4,0.1,19.900000000000002,19.945,10,33,3989,1964,2.1134760882466326,50,0.9412721470510549,0.018825442941021103,34.50376574791689,16.137877097535227,2.32550350924829,9.21423104028466,26,"{""0"": 0.01769219736710125, ""1"": 0.011882821265259417, ""2"": 0.017309391492874672, ""3"": 0.027587249819849086, ""4"": 0.01920692185297672, ""5"": 0.01927407584806546}"
frozen_unmatched,200,p0.10_f0.875,0.875,1.0,4,0.1,19.900000000000002,19.945,10,33,3989,1964,2.1134760882466326,60,0.9200450831815359,0.01840090166363072,35.62168511382858,16.309764553297924,2.3115998239713313,9.3289744257047,26,"{""0"": 0.017465948940536775, ""1"": 0.012679436126754259, ""2"": 0.01638407450823485, ""3"": 0.027066417095277608, ""4"": 0.018335305094022807, ""5"": 0.018474228216958027}"
frozen_unmatched,200,p0.10_f0.875,0.875,1.0,4,0.1,19.900000000000002,19.945,10,33,3989,1964,2.1134760882466326,70,0.8514228837653125,0.017028457675306252,24.20628601413496,16.57989789515891,2.319750844496521,9.872670396360864,27,"{""0"": 0.015859766415467658, ""1"": 0.014514796156677159, ""2"": 0.013293235876398616, ""3"": 0.025013469191492232, ""4"": 0.01672331499256962, ""5"": 0.016766163419232233}"
frozen_unmatched,200,p0.10_f0.875,0.875,1.0,4,0.1,19.900000000000002,19.945,10,33,3989,1964,2.1134760882466326,80,0.8360888387546009,0.01672177677509202,10.030609431657066,16.660336562559305,2.3023994173476705,9.809299324645535,26,"{""0"": 0.0155684416600971, ""1"": 0.014324323014110607, ""2"": 0.012060737190845707, ""3"": 0.02443064533542929, ""4"": 0.017255859294407656, ""5"": 0.016690654155661767}"
frozen_unmatched,200,p0.10_f0.875,0.875,1.0,4,0.1,19.900000000000002,19.945,10,33,3989,1964,2.1134760882466326,90,0.7828051869305303,0.015656103738610608,17.048281445283067,16.93242965269196,2.3181018022212503,8.997700195206562,25,"{""0"": 0.015881266042195297, ""1"": 0.012992040828097462, ""2"": 0.009793067903534583, ""3"": 0.024039220533736243, ""4"": 0.016218117888012147, ""5"": 0.015012909236087914}"
frozen_unmatched,200,p0.10_f0.875,0.875,1.0,4,0.1,19.900000000000002,19.945,10,33,3989,1964,2.1134760882466326,100,0.7673190222746651,0.015346380445493303,14.03347652210593,17.052748146097038,2.3236437676754327,8.468305114672564,24,"{""0"": 0.01633152207493899, ""1"": 0.01217317483226956, ""2"": 0.009450880894086171, ""3"": 0.022976101834933885, ""4"": 0.0157176170457682, ""5"": 0.015428985990963007}"
frozen_unmatched,200,p0.10_f0.875,0.875,1.0,4,0.1,19.900000000000002,19.945,10,33,3989,1964,2.1134760882466326,110,0.7537132733998715,0.01507426546799743,11.311407798467705,17.200748608526137,2.3308192378103794,8.582110563157856,24,"{""0"": 0.015673582571749486, ""1"": 0.012583766713731523, ""2"": 0.009034487009806861, ""3"": 0.022656402660887878, ""4"": 0.015847594926311194, ""5"": 0.01464975892549765}"
frozen_unmatched,200,p0.10_f0.875,0.875,1.0,4,0.1,19.900000000000002,19.945,10,33,3989,1964,2.1134760882466326,120,0.7474526850278032,0.014949053700556065,15.722698382560878,17.243531583404536,2.336563023408975,8.468492322516008,24,"{""0"": 0.015774227947289436, ""1"": 0.012243662965112262, ""2"": 0.00894337983178822, ""3"": 0.02233357159012941, ""4"": 0.015723615809986873, ""5"": 0.014675864059030186}"
frozen_unmatched,200,p0.10_f0.875,0.875,1.0,4,0.1,19.900000000000002,19.945,10,33,3989,1964,2.1134760882466326,130,0.7424015312125546,0.014848030624251093,6.431196528011078,17.284033528266807,2.3389743377656145,8.041652199730459,24,"{""0"": 0.01592173794687694, ""1"": 0.011515561585163649, ""2"": 0.00899202190829301, ""3"": 0.02216382383969673, ""4"": 0.014544785103398983, ""5"": 0.015950253362077265}"
frozen_unmatched,200,p0.10_f0.875,0.875,1.0,4,0.1,19.900000000000002,19.945,10,33,3989,1964,2.1134760882466326,140,0.7560065608736265,0.015120131217472531,15.347113316081522,17.410034137438867,2.334107428652556,7.935250044917693,24,"{""0"": 0.015858653438475413, ""1"": 0.011969803967687636, ""2"": 0.009472357529389155, ""3"": 0.0229432808490557, ""4"": 0.014387185662052692, ""5"": 0.016089505858174598}"
frozen_unmatched,200,p0.10_f0.875,0.875,1.0,4,0.1,19.900000000000002,19.945,10,33,3989,1964,2.1134760882466326,150,0.7608359590086718,0.015216719180173439,11.632511994435168,17.52012905896623,2.331808174877813,7.965889951866593,24,"{""0"": 0.01549507783225943, ""1"": 0.012404028116022014, ""2"": 0.01069359218044287, ""3"": 0.022261106126601312, ""4"": 0.014223522572469444, ""5"": 0.01622298825324555}"
frozen_unmatched,200,p0.10_f0.875,0.875,1.0,4,0.1,19.900000000000002,19.945,10,33,3989,1964,2.1134760882466326,160,0.7605317647034936,0.015210635294069874,10.796695557652333,17.57334929589349,2.329179778764736,8.27811339034182,24,"{""0"": 0.014867422441682996, ""1"": 0.012369102795612217, ""2"": 0.011146928274079957, ""3"": 0.02158556516346965, ""4"": 0.013967160645277709, ""5"": 0.017327632444296727}"
frozen_unmatched,200,p0.10_f0.875,0.875,1.0,4,0.1,19.900000000000002,19.945,10,33,3989,1964,2.1134760882466326,170,0.7508054120935335,0.015016108241870671,4.323305248107767,17.638282583092572,2.333778378206052,8.330495105595636,24,"{""0"": 0.014872787246904818, ""1"": 0.012359066519243964, ""2"": 0.010487885769147696, ""3"": 0.021537865597394172, ""4"": 0.013720442715110772, ""5"": 0.017118601603422597}"
frozen_unmatched,200,p0.10_f0.875,0.875,1.0,4,0.1,19.900000000000002,19.945,10,33,3989,1964,2.1134760882466326,180,0.7379751143619505,0.014759502287239011,15.74883547413417,17.69496631674714,2.3334396789257608,8.125429282386337,24,"{""0"": 0.01471089234644642, ""1"": 0.012623470159390665, ""2"": 0.01002433862407364, ""3"": 0.02131306172510591, ""4"": 0.014126066835293915, ""5"": 0.015759184033123527}"
frozen_unmatched,200,p0.10_f0.875,0.875,1.0,4,0.1,19.900000000000002,19.945,10,33,3989,1964,2.1134760882466326,190,0.7408030547424173,0.014816061094848346,19.11186737995084,17.701640234283918,2.3345940513481738,8.28496612278224,24,"{""0"": 0.014122456076295458, ""1"": 0.013666699981666702, ""2"": 0.010095771257081797, ""3"": 0.020864154202048978, ""4"": 0.014205013678978601, ""5"": 0.01594227137301854}"
frozen_unmatched,200,p0.10_f0.875,0.875,1.0,4,0.1,19.900000000000002,19.945,10,33,3989,1964,2.1134760882466326,200,0.7370386367123319,0.01474077273424664,9.106706974358055,17.78401108360735,2.3385269658327017,8.27491267356929,24,"{""0"": 0.013991682026134777, ""1"": 0.013734815151832011, ""2"": 0.00990914988785291, ""3"": 0.020576293772490536, ""4"": 0.014219188776089482, ""5"": 0.016013506791080115}"
frozen_unmatched,200,p0.20_f0.500,0.5,1.0,4,0.2,39.800000000000004,39.95,26,58,7990,1964,1.8468399089119822,0,1.003681537249037,0.020073630744980746,nan,0.0,1.8468399089119822,8.592293616544096,19,"{""0"": 0.019674545910716434, ""1"": 0.02089372200220613, ""2"": 0.02017974341133516, ""3"": 0.019340385845372714, ""4"": 0.01999949334213837, ""5"": 0.020353893958115665}"
frozen_unmatched,200,p0.20_f0.500,0.5,1.0,4,0.2,39.800000000000004,39.95,26,58,7990,1964,1.8468399089119822,10,1.1481889465435313,0.022963778930870628,21.08750601965282,13.726091049460122,2.18421010279722,3.6571190772700737,16,"{""0"": 0.02191808207027022, ""1"": 0.0308180489559503, ""2"": 0.0056570919563182585, ""3"": 0.03384648502418438, ""4"": 0.019637876503853614, ""5"": 0.025905089074647003}"
frozen_unmatched,200,p0.20_f0.500,0.5,1.0,4,0.2,39.800000000000004,39.95,26,58,7990,1964,1.8468399089119822,20,0.7452558970939408,0.014905117941878819,12.319842811622108,14.128891138055096,2.1775188280245654,5.597987067717852,20,"{""0"": 0.025110333921159515, ""1"": 0.007839569727860405, ""2"": 0.01512150969419968, ""3"": 0.02340686351204449, ""4"": 0.012196598375687985, ""5"": 0.005755832420320844}"
frozen_unmatched,200,p0.20_f0.500,0.5,1.0,4,0.2,39.800000000000004,39.95,26,58,7990,1964,1.8468399089119822,30,0.8755504145652786,0.017511008291305575,20.297221010632803,13.873517157488825,2.187656528187296,3.9495028128195577,17,"{""0"": 0.0230249804276881, ""1"": 0.00857303287811261, ""2"": 0.03076839113597188, ""3"": 0.022875611444750598, ""4"": 0.012494652317310896, ""5"": 0.007329381543999355}"
frozen_unmatched,200,p0.20_f0.500,0.5,1.0,4,0.2,39.800000000000004,39.95,26,58,7990,1964,1.8468399089119822,40,0.814058203769624,0.01628116407539248,23.871441750358475,14.237330706995333,2.207443136671702,4.419103294743578,19,"{""0"": 0.018847567655426174, ""1"": 0.008797068376860577, ""2"": 0.02601718614480867, ""3"": 0.025520792889486065, ""4"": 0.009903166965338836, ""5"": 0.00860120242043457}"
frozen_unmatched,200,p0.20_f0.500,0.5,1.0,4,0.2,39.800000000000004,39.95,26,58,7990,1964,1.8468399089119822,50,0.7395959474230824,0.01479191894846165,14.777156137838162,14.43198040307744,2.1863312146199,4.570267056300006,19,"{""0"": 0.019036322468285072, ""1"": 0.008381115235601897, ""2"": 0.023159722499503987, ""3"": 0.023629291555209802, ""4"": 0.008295135511920421, ""5"": 0.006249926420248732}"
frozen_unmatched,200,p0.20_f0.500,0.5,1.0,4,0.2,39.800000000000004,39.95,26,58,7990,1964,1.8468399089119822,60,0.750629636839371,0.015012592736787421,25.74871288147671,14.44960503674022,2.17945075864014,4.612877929984853,19,"{""0"": 0.019091373147048157, ""1"": 0.00798500815602579, ""2"": 0.02270359737321077, ""3"": 0.024522201630406165, ""4"": 0.007778184903516071, ""5"": 0.007995191210517564}"
frozen_unmatched,200,p0.20_f0.500,0.5,1.0,4,0.2,39.800000000000004,39.95,26,58,7990,1964,1.8468399089119822,70,0.7757678996893359,0.01551535799378672,21.305091738769608,14.629177438254278,2.1823342195457465,5.7892054590101845,21,"{""0"": 0.019424836696942515, ""1"": 0.011218948147235432, ""2"": 0.019346964477729538, ""3"": 0.02176844101702948, ""4"": 0.011689117472888418, ""5"": 0.009643840150894933}"
frozen_unmatched,200,p0.20_f0.500,0.5,1.0,4,0.2,39.800000000000004,39.95,26,58,7990,1964,1.8468399089119822,80,0.7713804923427027,0.015427609846854056,0.9234737068091093,14.875100497726697,2.194270833865795,5.723010794263637,21,"{""0"": 0.019371122502770965, ""1"": 0.011621858145830364, ""2"": 0.0184590176004638, ""3"": 0.02158831095456231, ""4"": 0.011972066143669835, ""5"": 0.00955328373382707}"
frozen_unmatched,200,p0.20_f0.500,0.5,1.0,4,0.2,39.800000000000004,39.95,26,58,7990,1964,1.8468399089119822,90,0.7476553262545924,0.01495310652509185,9.561648669271175,14.932654467246754,2.181667518037651,5.427112413181764,21,"{""0"": 0.01985067022400451, ""1"": 0.010405844736603893, ""2"": 0.017552112922110164, ""3"": 0.021014840994762436, ""4"": 0.012247282752186717, ""5"": 0.008647887520883382}"
frozen_unmatched,200,p0.20_f0.500,0.5,1.0,4,0.2,39.800000000000004,39.95,26,58,7990,1964,1.8468399089119822,100,0.7102560879608781,0.014205121759217565,25.831618103753453,15.03127470947364,2.1922683337636744,5.104068654618265,20,"{""0"": 0.016552643884339174, ""1"": 0.01085885205537965, ""2"": 0.016765121501841784, ""3"": 0.02097776645264959, ""4"": 0.011847755635390082, ""5"": 0.008228591025705122}"
frozen_unmatched,200,p0.20_f0.500,0.5,1.0,4,0.2,39.800000000000004,39.95,26,58,7990,1964,1.8468399089119822,110,0.6945216894328777,0.013890433788657557,7.772944645872902,15.22924815575779,2.1962209509290784,5.257259670174274,20,"{""0"": 0.014576341350512789, ""1"": 0.01061526489654448, ""2"": 0.017162857321766496, ""3"": 0.021476102248008173, ""4"": 0.010916720676918965, ""5"": 0.00859531623819444}"
frozen_unmatched,200,p0.20_f0.500,0.5,1.0,4,0.2,39.800000000000004,39.95,26,58,7990,1964,1.8468399089119822,120,0.6943332254342975,0.013886664508685953,13.4807538733215,15.18071980722638,2.1881972582491067,5.17174974396873,20,"{""0"": 0.014783630649248192, ""1"": 0.010143521045608894, ""2"": 0.017291082183349307, ""3"": 0.021745622144226116, ""4"": 0.010370084587391758, ""5"": 0.00898604644229145}"
frozen_unmatched,200,p0.20_f0.500,0.5,1.0,4,0.2,39.800000000000004,39.95,26,58,7990,1964,1.8468399089119822,130,0.6910948852036843,0.013821897704073688,8.817783350678004,15.325668641251829,2.1907234771083344,4.954541210775302,19,"{""0"": 0.014574743695134196, ""1"": 0.01125455492745098, ""2"": 0.018913158520603206, ""3"": 0.0211852748799777, ""4"": 0.008797311542987166, ""5"": 0.00820634265828889}"
frozen_unmatched,200,p0.20_f0.500,0.5,1.0,4,0.2,39.800000000000004,39.95,26,58,7990,1964,1.8468399089119822,140,0.6848847799603178,0.01369769559920636,13.243342569018571,15.402247555712517,2.1919676053964934,5.04390499072097,20,"{""0"": 0.014262636525862904, ""1"": 0.010891910219560848, ""2"": 0.018763057452759073, ""3"": 0.02078314090188546, ""4"": 0.008952872600924509, ""5"": 0.00853255589424536}"
frozen_unmatched,200,p0.20_f0.500,0.5,1.0,4,0.2,39.800000000000004,39.95,26,58,7990,1964,1.8468399089119822,150,0.6719571849925471,0.013439143699850943,30.04627094925261,15.528113815187378,2.1934589943871847,5.05314778332357,20,"{""0"": 0.013539866849894947, ""1"": 0.01129704316887829, ""2"": 0.01962777777493162, ""3"": 0.019898526752419307, ""4"": 0.006952866796050529, ""5"": 0.009318780856930959}"
frozen_unmatched,200,p0.20_f0.500,0.5,1.0,4,0.2,39.800000000000004,39.95,26,58,7990,1964,1.8468399089119822,160,0.6547127121313396,0.013094254242626793,15.00253498258833,15.603319317543733,2.190534556585694,5.004043926859348,19,"{""0"": 0.012848823205520188, ""1"": 0.012289177475247482, ""2"": 0.018550661534919494, ""3"": 0.01916832162063121, ""4"": 0.0063652876087751, ""5"": 0.009343254010667277}"
frozen_unmatched,200,p0.20_f0.500,0.5,1.0,4,0.2,39.800000000000004,39.95,26,58,7990,1964,1.8468399089119822,170,0.6554522628015638,0.013109045256031278,25.239720597561085,15.640657961718809,2.187584065302957,4.89382042972593,19,"{""0"": 0.012681656810493547, ""1"": 0.013677580495566295, ""2"": 0.018640801594508656, ""3"": 0.01863765400617503, ""4"": 0.005867359010959116, ""5"": 0.009149219618485017}"
frozen_unmatched,200,p0.20_f0.500,0.5,1.0,4,0.2,39.800000000000004,39.95,26,58,7990,1964,1.8468399089119822,180,0.6523730776711586,0.013047461553423173,9.593093304361169,15.652612879728219,2.188097635031476,4.943035389431713,19,"{""0"": 0.012152997530033901, ""1"": 0.014074710390094222, ""2"": 0.019019615123896307, ""3"": 0.018124586692007318, ""4"": 0.0060985723864632035, ""5"": 0.008814287198044073}"
frozen_unmatched,200,p0.20_f0.500,0.5,1.0,4,0.2,39.800000000000004,39.95,26,58,7990,1964,1.8468399089119822,190,0.6442675469565562,0.012885350939131126,5.287330943780521,15.73330558510859,2.1910441279104287,4.99626609591241,19,"{""0"": 0.011835659595367386, ""1"": 0.014352202878523101, ""2"": 0.017983532623158875, ""3"": 0.01817948882325681, ""4"": 0.006348257304344117, ""5"": 0.008612964410136457}"
frozen_unmatched,200,p0.20_f0.500,0.5,1.0,4,0.2,39.800000000000004,39.95,26,58,7990,1964,1.8468399089119822,200,0.6379832822035837,0.012759665644071676,13.924517451294072,15.809694592319563,2.1944888577744535,5.0113579645696165,19,"{""0"": 0.0112260246708101, ""1"": 0.014342658005399144, ""2"": 0.017874671117414455, ""3"": 0.017736604760265045, ""4"": 0.006580888154534606, ""5"": 0.008797147156006711}"
frozen_unmatched,200,p0.20_f0.750,0.75,1.0,4,0.2,39.800000000000004,39.95,26,58,7990,1964,2.003175259158307,0,1.0119563154875164,0.020239126309750333,nan,0.0,2.003175259158307,10.172920056651172,23,"{""0"": 0.02048745545090814, ""1"": 0.020017199268557877, ""2"": 0.020285137645590635, ""3"": 0.019833225302248618, ""4"": 0.02091442973427598, ""5"": 0.01989731045692076}"
frozen_unmatched,200,p0.20_f0.750,0.75,1.0,4,0.2,39.800000000000004,39.95,26,58,7990,1964,2.003175259158307,10,1.1247164041699924,0.02249432808339985,39.53097379644815,13.516369341332917,2.3020411598700323,5.087924203460078,22,"{""0"": 0.019572736427292285, ""1"": 0.016824494051793804, ""2"": 0.028056253071850508, ""3"": 0.03892099582597143, ""4"": 0.01589530299622533, ""5"": 0.015696186127265744}"
frozen_unmatched,200,p0.20_f0.750,0.75,1.0,4,0.2,39.800000000000004,39.95,26,58,7990,1964,2.003175259158307,20,0.8525020387387348,0.017050040774774698,18.641294906829142,13.711880686630941,2.2678061887972465,8.555955172319473,25,"{""0"": 0.01486135001179147, ""1"": 0.012314604674288396, ""2"": 0.028838388126736104, ""3"": 0.021941814315002226, ""4"": 0.012782775641681293, ""5"": 0.011561311879148693}"
frozen_unmatched,200,p0.20_f0.750,0.75,1.0,4,0.2,39.800000000000004,39.95,26,58,7990,1964,2.003175259158307,30,0.7495381935480664,0.01499076387096133,6.16555889546492,14.431668237236131,2.2323979125691493,8.441070869928273,25,"{""0"": 0.012160304458219012, ""1"": 0.008400601175518652, ""2"": 0.02890579329235347, ""3"": 0.016511865851736935, ""4"": 0.011249920559567791, ""5"": 0.012716097888372122}"
frozen_unmatched,200,p0.20_f0.750,0.75,1.0,4,0.2,39.800000000000004,39.95,26,58,7990,1964,2.003175259158307,40,0.7860048730509245,0.01572009746101849,22.46609657970664,14.936199466686015,2.2830587867976466,7.011184973207161,24,"{""0"": 0.014095545431275633, ""1"": 0.008261043512332015, ""2"": 0.028859732688217222, ""3"": 0.020474935111025817, ""4"": 0.010105413222710764, ""5"": 0.012523914800549488}"
frozen_unmatched,200,p0.20_f0.750,0.75,1.0,4,0.2,39.800000000000004,39.95,26,58,7990,1964,2.003175259158307,50,0.8216550516071064,0.016433101032142128,10.809765788362197,15.234818062706056,2.3356400564374735,6.897607616959386,24,"{""0"": 0.016427927067270347, ""1"": 0.0096257013177393, ""2"": 0.025805178627715874, ""3"": 0.019465279304060976, ""4"": 0.014843891307073021, ""5"": 0.012430628568993247}"
frozen_unmatched,200,p0.20_f0.750,0.75,1.0,4,0.2,39.800000000000004,39.95,26,58,7990,1964,2.003175259158307,60,0.8472381573595786,0.016944763147191573,27.854643385447254,15.351635693697373,2.335750427575625,7.231904313924248,24,"{""0"": 0.014564459566844379, ""1"": 0.009213786028950916, ""2"": 0.02569558084347854, ""3"": 0.02083395141897403, ""4"": 0.01612776825428893, ""5"": 0.015233032770612656}"
frozen_unmatched,200,p0.20_f0.750,0.75,1.0,4,0.2,39.800000000000004,39.95,26,58,7990,1964,2.003175259158307,70,0.8320974228026263,0.01664194845605253,25.259668416437474,15.222904020815406,2.3249920948031133,8.56798382916634,25,"{""0"": 0.013535125399680109, ""1"": 0.010145115629652122, ""2"": 0.0250712307172244, ""3"": 0.018897172116115392, ""4"": 0.016477876705213067, ""5"": 0.015725170168430083}"
frozen_unmatched,200,p0.20_f0.750,0.75,1.0,4,0.2,39.800000000000004,39.95,26,58,7990,1964,2.003175259158307,80,0.8198468773230153,0.016396937546460308,14.260253621365457,15.343224341098036,2.3602874415288455,7.841258787143661,25,"{""0"": 0.012953056614176062, ""1"": 0.009991694974063305, ""2"": 0.025401453093016058, ""3"": 0.018854721139014916, ""4"": 0.015426631009283742, ""5"": 0.015754068449207775}"
frozen_unmatched,200,p0.20_f0.750,0.75,1.0,4,0.2,39.800000000000004,39.95,26,58,7990,1964,2.003175259158307,90,0.8010430470806885,0.01602086094161377,10.211553898946711,15.534308109299825,2.3884045033342005,7.571025296325408,25,"{""0"": 0.012284581952446517, ""1"": 0.009534804316363114, ""2"": 0.024650114776760018, ""3"": 0.01826636891867821, ""4"": 0.016154002877425123, ""5"": 0.015235292808009634}"
frozen_unmatched,200,p0.20_f0.750,0.75,1.0,4,0.2,39.800000000000004,39.95,26,58,7990,1964,2.003175259158307,100,0.7930053844434379,0.01586010768886876,27.46790057268268,15.603931707863232,2.399226277683169,7.340106838599749,24,"{""0"": 0.012374855249776964, ""1"": 0.009228344137009594, ""2"": 0.024286756023416938, ""3"": 0.01911811742890252, ""4"": 0.015426785885706434, ""5"": 0.014725787408400104}"
frozen_unmatched,200,p0.20_f0.750,0.75,1.0,4,0.2,39.800000000000004,39.95,26,58,7990,1964,2.003175259158307,110,0.7991084420966139,0.015982168841932282,8.986876648483324,15.659591182905256,2.405511918307335,7.055568189097581,24,"{""0"": 0.012735906638321765, ""1"": 0.00948226966598405, ""2"": 0.02380893492249071, ""3"": 0.019384438343504166, ""4"": 0.015402682874627127, ""5"": 0.015078780606665867}"
frozen_unmatched,200,p0.20_f0.750,0.75,1.0,4,0.2,39.800000000000004,39.95,26,58,7990,1964,2.003175259158307,120,0.7845901210819758,0.015691802421639516,31.752257961652287,15.769658440700836,2.404918467267703,7.452726669719643,25,"{""0"": 0.012023252212006424, ""1"": 0.009068783392669921, ""2"": 0.023830038076958486, ""3"": 0.02012913508565783, ""4"": 0.015001351960475886, ""5"": 0.014098253802068547}"
frozen_unmatched,200,p0.20_f0.750,0.75,1.0,4,0.2,39.800000000000004,39.95,26,58,7990,1964,2.003175259158307,130,0.7643656372698527,0.015287312745397056,22.64497376086759,15.86437036317715,2.400989081092672,7.326677503429787,25,"{""0"": 0.011654397969237985, ""1"": 0.008327227618705947, ""2"": 0.024560484411706864, ""3"": 0.0204438360885093, ""4"": 0.013677842213516278, ""5"": 0.013060088170705952}"
frozen_unmatched,200,p0.20_f0.750,0.75,1.0,4,0.2,39.800000000000004,39.95,26,58,7990,1964,2.003175259158307,140,0.7525092081360115,0.015050184162720234,22.632058787649886,15.936396150082581,2.4047577587563036,7.67091989929266,25,"{""0"": 0.010850814803510151, ""1"": 0.008267010958668093, ""2"": 0.023659602317633827, ""3"": 0.020136743236193456, ""4"": 0.015291996922371837, ""5"": 0.012094936737944043}"
frozen_unmatched,200,p0.20_f0.750,0.75,1.0,4,0.2,39.800000000000004,39.95,26,58,7990,1964,2.003175259158307,150,0.7334987826121661,0.014669975652243324,38.51925475330897,15.938829076804788,2.393907781488998,7.697607252620144,25,"{""0"": 0.01003732349768125, ""1"": 0.00777958552500386, ""2"": 0.02365785211258002, ""3"": 0.019561316627173798, ""4"": 0.014322849828741224, ""5"": 0.012660926322279794}"
frozen_unmatched,200,p0.20_f0.750,0.75,1.0,4,0.2,39.800000000000004,39.95,26,58,7990,1964,2.003175259158307,160,0.7229788075256667,0.014459576150513334,12.271355324566164,16.03688250895468,2.399473668100409,7.328916264620211,25,"{""0"": 0.00959601633357624, ""1"": 0.007496459185302231, ""2"": 0.02431844239291519, ""3"": 0.018851259343174324, ""4"": 0.013830144190091476, ""5"": 0.01266513545802055}"
frozen_unmatched,200,p0.20_f0.750,0.75,1.0,4,0.2,39.800000000000004,39.95,26,58,7990,1964,2.003175259158307,170,0.7259624402500872,0.014519248805001744,11.516647831745537,16.12473175124121,2.407197437299391,7.196115736603548,25,"{""0"": 0.009468779127296153, ""1"": 0.008672380711961112, ""2"": 0.024543723808101565, ""3"": 0.018321629362511898, ""4"": 0.01390640411000009, ""5"": 0.012202575710139663}"
frozen_unmatched,200,p0.20_f0.750,0.75,1.0,4,0.2,39.800000000000004,39.95,26,58,7990,1964,2.003175259158307,180,0.7059488246492185,0.014118976492984372,12.978455151725253,16.157394523186802,2.4066534083613806,7.279760532732121,25,"{""0"": 0.009004586375053306, ""1"": 0.009472818954525791, ""2"": 0.024285683150786407, ""3"": 0.0173952867237492, ""4"": 0.013052208287363535, ""5"": 0.011503275466427987}"
frozen_unmatched,200,p0.20_f0.750,0.75,1.0,4,0.2,39.800000000000004,39.95,26,58,7990,1964,2.003175259158307,190,0.7014303709939741,0.014028607419879482,7.941487955675613,16.187499117834882,2.4125231923104606,7.151673237904359,24,"{""0"": 0.008636900916229687, ""1"": 0.009733013564371179, ""2"": 0.02429236552614661, ""3"": 0.017237164109837878, ""4"": 0.01321885124428295, ""5"": 0.011053349158408592}"
frozen_unmatched,200,p0.20_f0.750,0.75,1.0,4,0.2,39.800000000000004,39.95,26,58,7990,1964,2.003175259158307,200,0.6880879206957019,0.01376175841391404,10.08832856784386,16.269592358303083,2.4211942051590754,7.111510479365693,24,"{""0"": 0.008272749204060981, ""1"": 0.009281908725127117, ""2"": 0.02402732894642869, ""3"": 0.016762546733059266, ""4"": 0.012981530764782654, ""5"": 0.011244486110025525}"
frozen_unmatched,200,p0.20_f0.875,0.875,1.0,4,0.2,39.800000000000004,39.95,26,58,7990,1964,2.0770677645792355,0,1.006982519128436,0.020139650382568725,nan,0.0,2.0770677645792355,10.962452027347274,25,"{""0"": 0.02049335674210115, ""1"": 0.01947191376358404, ""2"": 0.020250959640360732, ""3"": 0.019974139422333552, ""4"": 0.020964151739453256, ""5"": 0.019683380987579616}"
frozen_unmatched,200,p0.20_f0.875,0.875,1.0,4,0.2,39.800000000000004,39.95,26,58,7990,1964,2.0770677645792355,10,1.1172625977861093,0.022345251955722185,39.61471523001395,12.888206085430543,2.2373600062481005,9.94585285907528,27,"{""0"": 0.019228531689365908, ""1"": 0.017275810218273013, ""2"": 0.02441996703304853, ""3"": 0.03562609600991008, ""4"": 0.01935618471369426, ""5"": 0.018164922070041323}"
frozen_unmatched,200,p0.20_f0.875,0.875,1.0,4,0.2,39.800000000000004,39.95,26,58,7990,1964,2.0770677645792355,20,0.9575193113493538,0.019150386226987077,13.013896518261763,13.597075237855254,2.3571520701403603,9.957350206303072,27,"{""0"": 0.02858767016535656, ""1"": 0.010933698922468702, ""2"": 0.029120770086109693, ""3"": 0.02186628677416024, ""4"": 0.015102249205569945, ""5"": 0.009291642208257313}"
frozen_unmatched,200,p0.20_f0.875,0.875,1.0,4,0.2,39.800000000000004,39.95,26,58,7990,1964,2.0770677645792355,30,0.9310252927127003,0.018620505854254007,10.221291222386085,13.625791478436902,2.3366757656784465,7.64841135518925,25,"{""0"": 0.024539461639902074, ""1"": 0.010220325153939256, ""2"": 0.03235521931998966, ""3"": 0.02097167549416595, ""4"": 0.014435406745648189, ""5"": 0.009200946771878929}"
frozen_unmatched,200,p0.20_f0.875,0.875,1.0,4,0.2,39.800000000000004,39.95,26,58,7990,1964,2.0770677645792355,40,0.925890847740287,0.01851781695480574,24.668406545386613,13.805808965095052,2.3095457739425025,6.310478666820342,24,"{""0"": 0.0241506439945965, ""1"": 0.007789848560859259, ""2"": 0.030534854418015622, ""3"": 0.022422119074766954, ""4"": 0.014503772146238148, ""5"": 0.01170566353435797}"
frozen_unmatched,200,p0.20_f0.875,0.875,1.0,4,0.2,39.800000000000004,39.95,26,58,7990,1964,2.0770677645792355,50,0.9034971052127957,0.018069942104255915,20.696053342777084,14.086890756702163,2.3424053420383584,5.8653616273646945,24,"{""0"": 0.024709137774694932, ""1"": 0.007401443421550401, ""2"": 0.027942387485740888, ""3"": 0.022156424028662663, ""4"": 0.015197392575273416, ""5"": 0.011012867339613186}"
frozen_unmatched,200,p0.20_f0.875,0.875,1.0,4,0.2,39.800000000000004,39.95,26,58,7990,1964,2.0770677645792355,60,0.8489974896583959,0.01697994979316792,21.63455046531314,14.143061792082724,2.369237700486173,5.84645820519823,24,"{""0"": 0.02056807814570831, ""1"": 0.006757429978650917, ""2"": 0.026582714193441354, ""3"": 0.022675883765006087, ""4"": 0.014464823422905804, ""5"": 0.010830769253295057}"
frozen_unmatched,200,p0.20_f0.875,0.875,1.0,4,0.2,39.800000000000004,39.95,26,58,7990,1964,2.0770677645792355,70,0.8216519679697541,0.016433039359395087,21.379193495374363,14.158249970222865,2.374160070405671,6.571807686352966,25,"{""0"": 0.019392862021433283, ""1"": 0.008189841211784926, ""2"": 0.025765724816920427, ""3"": 0.020098903291973134, ""4"": 0.015178576140835703, ""5"": 0.00997232867342303}"
frozen_unmatched,200,p0.20_f0.875,0.875,1.0,4,0.2,39.800000000000004,39.95,26,58,7990,1964,2.0770677645792355,80,0.8447721001199586,0.016895442002399175,8.303485996806836,14.273686857821339,2.384539043937104,6.204057252625052,24,"{""0"": 0.020288033843494112, ""1"": 0.00924375117307286, ""2"": 0.025317720487156137, ""3"": 0.020698193479785472, ""4"": 0.01581299698869292, ""5"": 0.010011956042193558}"
frozen_unmatched,200,p0.20_f0.875,0.875,1.0,4,0.2,39.800000000000004,39.95,26,58,7990,1964,2.0770677645792355,90,0.8284797738982882,0.016569595477965767,8.593062193082698,14.375842920881006,2.385242740702373,5.7416408309498275,24,"{""0"": 0.020263662358405758, ""1"": 0.008216807328188065, ""2"": 0.025077925610402917, ""3"": 0.020819860625048293, ""4"": 0.01515203352649373, ""5"": 0.009887283419255847}"
frozen_unmatched,200,p0.20_f0.875,0.875,1.0,4,0.2,39.800000000000004,39.95,26,58,7990,1964,2.0770677645792355,100,0.8219548749053401,0.016439097498106806,19.32455350893559,14.414911860674483,2.3750566994765303,5.456566318982081,23,"{""0"": 0.020130793530658244, ""1"": 0.007113785029706353, ""2"": 0.02607142301323062, ""3"": 0.020937025653264343, ""4"": 0.014137363728404444, ""5"": 0.010244194033376825}"
frozen_unmatched,200,p0.20_f0.875,0.875,1.0,4,0.2,39.800000000000004,39.95,26,58,7990,1964,2.0770677645792355,110,0.8061340419343317,0.016122680838686638,6.729626910115302,14.554528011404127,2.378326269696691,5.513762741488073,23,"{""0"": 0.019204228456773963, ""1"": 0.006898855452944723, ""2"": 0.024144484317604874, ""3"": 0.02136167616724608, ""4"": 0.014774609117264748, ""5"": 0.010352231520285428}"
frozen_unmatched,200,p0.20_f0.875,0.875,1.0,4,0.2,39.800000000000004,39.95,26,58,7990,1964,2.0770677645792355,120,0.7987547548704823,0.015975095097409648,21.918147640207795,14.618011280752192,2.3794834721414446,5.554998083572432,23,"{""0"": 0.019334309980081975, ""1"": 0.0065843421118072345, ""2"": 0.024355987355732477, ""3"": 0.02162168241753724, ""4"": 0.013411997505987358, ""5"": 0.0105422512133116}"
frozen_unmatched,200,p0.20_f0.875,0.875,1.0,4,0.2,39.800000000000004,39.95,26,58,7990,1964,2.0770677645792355,130,0.7905993281712695,0.015811986563425393,13.54959621387164,14.636967057790178,2.377404277183038,5.403917325557015,23,"{""0"": 0.019021450450417112, ""1"": 0.005791529401978605, ""2"": 0.024235930503034832, ""3"": 0.02227081331916434, ""4"": 0.012769145146278502, ""5"": 0.010783050559678969}"
frozen_unmatched,200,p0.20_f0.875,0.875,1.0,4,0.2,39.800000000000004,39.95,26,58,7990,1964,2.0770677645792355,140,0.7683205514210163,0.015366411028420329,21.99043944612048,14.699013478885194,2.383483159954317,5.571280290649487,24,"{""0"": 0.018189315586544172, ""1"": 0.005621652622741408, ""2"": 0.023743117790139094, ""3"": 0.021475107151358568, ""4"": 0.01254602289130458, ""5"": 0.010623250128434134}"
frozen_unmatched,200,p0.20_f0.875,0.875,1.0,4,0.2,39.800000000000004,39.95,26,58,7990,1964,2.0770677645792355,150,0.761023044804798,0.015220460896095963,23.49529390089793,14.755652392107216,2.3831707553704575,5.685837723830884,24,"{""0"": 0.017377281763174157, ""1"": 0.005633641564274418, ""2"": 0.023792077584312517, ""3"": 0.021361677476257838, ""4"": 0.012406929802691122, ""5"": 0.010751157185865726}"
frozen_unmatched,200,p0.20_f0.875,0.875,1.0,4,0.2,39.800000000000004,39.95,26,58,7990,1964,2.0770677645792355,160,0.7496457742487804,0.01499291548497561,14.218867745136938,14.753749939571358,2.3806626039981533,5.9902503156268105,24,"{""0"": 0.016704392355438823, ""1"": 0.005911281471670292, ""2"": 0.023563168212820066, ""3"": 0.021276502063816125, ""4"": 0.011787478360544695, ""5"": 0.010714670445563656}"
frozen_unmatched,200,p0.20_f0.875,0.875,1.0,4,0.2,39.800000000000004,39.95,26,58,7990,1964,2.0770677645792355,170,0.7484808080653719,0.01496961616130744,27.353078137355975,14.82100016660962,2.3781021286665416,6.095156502835703,25,"{""0"": 0.01587097663642615, ""1"": 0.007234901338883206, ""2"": 0.023280248312394208, ""3"": 0.020496694651410366, ""4"": 0.012816688178977576, ""5"": 0.010118187849753138}"
frozen_unmatched,200,p0.20_f0.875,0.875,1.0,4,0.2,39.800000000000004,39.95,26,58,7990,1964,2.0770677645792355,180,0.7480775193347426,0.014961550386694855,27.2268184315895,14.881986917456882,2.376599861380922,6.1331667666835985,25,"{""0"": 0.015606885215600053, ""1"": 0.008035210039908019, ""2"": 0.023158235394228767, ""3"": 0.020028167381600515, ""4"": 0.01325432083056095, ""5"": 0.009686483458270837}"
frozen_unmatched,200,p0.20_f0.875,0.875,1.0,4,0.2,39.800000000000004,39.95,26,58,7990,1964,2.0770677645792355,190,0.7377734191720784,0.014755468383441571,5.689006596053571,14.90692973235618,2.3792183002809972,6.130639140540463,24,"{""0"": 0.015510697643943801, ""1"": 0.008009819123669753, ""2"": 0.023015936236847265, ""3"": 0.019310655742092852, ""4"": 0.013178346492795362, ""5"": 0.009507355061300394}"
frozen_unmatched,200,p0.20_f0.875,0.875,1.0,4,0.2,39.800000000000004,39.95,26,58,7990,1964,2.0770677645792355,200,0.739708784411271,0.01479417568822542,13.49193280534164,14.977008536846798,2.382245675011029,6.371901597035551,25,"{""0"": 0.015377622416958853, ""1"": 0.00850336406982757, ""2"": 0.022188270717886694, ""3"": 0.019798846710130047, ""4"": 0.013020166538888956, ""5"": 0.00987678367566041}"
frozen_unmatched,200,p0.40_f0.500,0.5,1.0,4,0.4,79.60000000000001,79.915,61,98,15983,1964,1.8567142629124747,0,1.0271284272139,0.020542568544278002,nan,0.0,1.8567142629124747,8.574500937495133,19,"{""0"": 0.018947377733049456, ""1"": 0.021736085112616894, ""2"": 0.02081912364684996, ""3"": 0.020158485034463897, ""4"": 0.02054474373100084, ""5"": 0.021049596007686952}"
frozen_unmatched,200,p0.40_f0.500,0.5,1.0,4,0.4,79.60000000000001,79.915,61,98,15983,1964,1.8567142629124747,10,1.1448398158139508,0.022896796316279017,14.759151099992573,14.248731770390272,2.2460170426198642,3.9411001305797027,16,"{""0"": 0.02286566620924601, ""1"": 0.03491650859093896, ""2"": 0.019115817085013795, ""3"": 0.019461572761346378, ""4"": 0.029641229276486703, ""5"": 0.011379983974642242}"
frozen_unmatched,200,p0.40_f0.500,0.5,1.0,4,0.4,79.60000000000001,79.915,61,98,15983,1964,1.8567142629124747,20,0.7071317681886603,0.014142635363773208,12.516476018642006,15.562846259817078,2.2430910242151945,4.251577530212726,16,"{""0"": 0.012104244511325324, ""1"": 0.017201334786897764, ""2"": 0.017060790713684718, ""3"": 0.01232682048046915, ""4"": 0.018781638795498663, ""5"": 0.007380982894763631}"
frozen_unmatched,200,p0.40_f0.500,0.5,1.0,4,0.4,79.60000000000001,79.915,61,98,15983,1964,1.8567142629124747,30,0.6896668821273597,0.013793337642547195,2.6912764368810853,15.97423814814019,2.2402453197206698,3.9890263911368353,15,"{""0"": 0.00796937718107123, ""1"": 0.02069521558390897, ""2"": 0.020246572483416426, ""3"": 0.008054973305579274, ""4"": 0.015544182620640187, ""5"": 0.010249704680667097}"
frozen_unmatched,200,p0.40_f0.500,0.5,1.0,4,0.4,79.60000000000001,79.915,61,98,15983,1964,1.8567142629124747,40,0.7352889851842775,0.014705779703685553,19.7321902994879,16.182712998616115,2.2445688814313423,3.9033668200316316,14,"{""0"": 0.007643930843040732, ""1"": 0.02218319049886843, ""2"": 0.022185349777663104, ""3"": 0.00795367010227779, ""4"": 0.01727433166707397, ""5"": 0.010994205333189292}"
frozen_unmatched,200,p0.40_f0.500,0.5,1.0,4,0.4,79.60000000000001,79.915,61,98,15983,1964,1.8567142629124747,50,0.7119280278558554,0.01423856055711711,5.993226443102801,16.643167532741476,2.373744590743267,3.9372137068097803,13,"{""0"": 0.008367651152016275, ""1"": 0.019797628112778597, ""2"": 0.023545865504785157, ""3"": 0.008890222846492345, ""4"": 0.014565603831886778, ""5"": 0.010264391894743518}"
frozen_unmatched,200,p0.40_f0.500,0.5,1.0,4,0.4,79.60000000000001,79.915,61,98,15983,1964,1.8567142629124747,60,0.7355879545022339,0.01471175909004468,11.286746358474213,17.05400988076159,2.2849698497695248,3.871147566939856,13,"{""0"": 0.005882618454871875, ""1"": 0.022969318366596943, ""2"": 0.023781422035725096, ""3"": 0.006797492324748006, ""4"": 0.018435070193319508, ""5"": 0.010404633165006656}"
frozen_unmatched,200,p0.40_f0.500,0.5,1.0,4,0.4,79.60000000000001,79.915,61,98,15983,1964,1.8567142629124747,70,0.7440502192579173,0.014881004385158348,6.060215486362886,17.238299370481382,2.2969699002285027,3.7248297013431952,12,"{""0"": 0.005217120575448595, ""1"": 0.02486563413815081, ""2"": 0.023080790834870104, ""3"": 0.005685787340011383, ""4"": 0.019266436601881334, ""5"": 0.011170256820587853}"
frozen_unmatched,200,p0.40_f0.500,0.5,1.0,4,0.4,79.60000000000001,79.915,61,98,15983,1964,1.8567142629124747,80,0.7199888626762158,0.014399777253524317,2.166213099674423,17.240203581157903,2.2961358040763575,3.7361354124433825,12,"{""0"": 0.005389235297241865, ""1"": 0.023165934611306845, ""2"": 0.0239130312679963, ""3"": 0.006076830048509481, ""4"": 0.017790128769575708, ""5"": 0.010063503526515704}"
frozen_unmatched,200,p0.40_f0.500,0.5,1.0,4,0.4,79.60000000000001,79.915,61,98,15983,1964,1.8567142629124747,90,0.6711042629162701,0.013422085258325403,5.46867262394455,17.28711063672197,2.3648260495649795,3.8023526386142525,13,"{""0"": 0.0053986869043332174, ""1"": 0.02138472905485047, ""2"": 0.022236603026919988, ""3"": 0.006409898974146786, ""4"": 0.016273479852284445, ""5"": 0.008829113737417526}"
frozen_unmatched,200,p0.40_f0.500,0.5,1.0,4,0.4,79.60000000000001,79.915,61,98,15983,1964,1.8567142629124747,100,0.6445131251145891,0.012890262502291784,4.303604401171968,17.510396909474984,2.38365823629001,3.7671357319910523,13,"{""0"": 0.005255493215262653, ""1"": 0.0217966964728649, ""2"": 0.018414202933393665, ""3"": 0.006370535430270994, ""4"": 0.01630765646536103, ""5"": 0.00919699049659746}"
frozen_unmatched,200,p0.40_f0.500,0.5,1.0,4,0.4,79.60000000000001,79.915,61,98,15983,1964,1.8567142629124747,110,0.6560104419763608,0.013120208839527218,6.816490858495202,17.596030733541767,2.3678432228154738,3.766947774979867,13,"{""0"": 0.005063392505247721, ""1"": 0.02272074402293999, ""2"": 0.01879361823116299, ""3"": 0.006223236939051587, ""4"": 0.016643626370942372, ""5"": 0.009276634967818661}"
frozen_unmatched,200,p0.40_f0.500,0.5,1.0,4,0.4,79.60000000000001,79.915,61,98,15983,1964,1.8567142629124747,120,0.651690261654331,0.013033805233086622,7.186970675704969,17.573489486910596,2.3330706058547177,3.810988788914211,13,"{""0"": 0.005282529638208422, ""1"": 0.02300080685787171, ""2"": 0.019225876372638184, ""3"": 0.006422254276933223, ""4"": 0.015505208692624173, ""5"": 0.008766155560244022}"
frozen_unmatched,200,p0.40_f0.500,0.5,1.0,4,0.4,79.60000000000001,79.915,61,98,15983,1964,1.8567142629124747,130,0.6429020266486838,0.012858040532973678,18.799501782978826,17.65611564172338,2.335268163415384,3.8533726816706073,13,"{""0"": 0.005235025488389607, ""1"": 0.022125753124094573, ""2"": 0.019571296726035893, ""3"": 0.00660277008611204, ""4"": 0.015342155958386982, ""5"": 0.00827124181482297}"
frozen_unmatched,200,p0.40_f0.500,0.5,1.0,4,0.4,79.60000000000001,79.915,61,98,15983,1964,1.8567142629124747,140,0.6405483658070839,0.012810967316141678,9.412500154610536,17.72524266297816,2.3227520158645283,3.901041192386266,13,"{""0"": 0.004814799692276052, ""1"": 0.021855845530371898, ""2"": 0.019266759974077202, ""3"": 0.006433916149296712, ""4"": 0.015767360606928685, ""5"": 0.008727121943899525}"
frozen_unmatched,200,p0.40_f0.500,0.5,1.0,4,0.4,79.60000000000001,79.915,61,98,15983,1964,1.8567142629124747,150,0.6433423673485595,0.012866847346971192,3.7887068018967387,17.882524704937953,2.314199437356776,3.8972516961670647,13,"{""0"": 0.004447585627071456, ""1"": 0.022461268005165576, ""2"": 0.018959340657189995, ""3"": 0.006051823656483865, ""4"": 0.016514823760239966, ""5"": 0.008766242375676301}"
frozen_unmatched,200,p0.40_f0.500,0.5,1.0,4,0.4,79.60000000000001,79.915,61,98,15983,1964,1.8567142629124747,160,0.6361604683559102,0.012723209367118205,5.122840875024073,17.95419683192389,2.31499784419462,3.8509791321417715,13,"{""0"": 0.004245869337370466, ""1"": 0.02241600937042066, ""2"": 0.018792431824976676, ""3"": 0.0057924388892249615, ""4"": 0.016927591714137873, ""5"": 0.008164915066578599}"
frozen_unmatched,200,p0.40_f0.500,0.5,1.0,4,0.4,79.60000000000001,79.915,61,98,15983,1964,1.8567142629124747,170,0.6429596892897788,0.012859193785795576,6.889456916127094,18.03013997247689,2.3233931530773,3.817482692482951,13,"{""0"": 0.004320100342479833, ""1"": 0.02319628978422588, ""2"": 0.01863809869806117, ""3"": 0.0057664956295824235, ""4"": 0.017058476603719175, ""5"": 0.008175701656704957}"
frozen_unmatched,200,p0.40_f0.500,0.5,1.0,4,0.4,79.60000000000001,79.915,61,98,15983,1964,1.8567142629124747,180,0.6339032629226686,0.012678065258453376,9.264709221318245,18.04036421818385,2.334193861688093,3.8194683787009445,13,"{""0"": 0.004509496204764428, ""1"": 0.022670249327829153, ""2"": 0.017809405684382777, ""3"": 0.006057707887080575, ""4"": 0.016899586216636897, ""5"": 0.008121946230026439}"
frozen_unmatched,200,p0.40_f0.500,0.5,1.0,4,0.4,79.60000000000001,79.915,61,98,15983,1964,1.8567142629124747,190,0.6367678294902644,0.012735356589805291,7.99919182423459,18.00797090511735,2.3250501818939604,3.832177290593809,13,"{""0"": 0.004184677677336916, ""1"": 0.022987562870494423, ""2"": 0.018062801435264817, ""3"": 0.005783219048135758, ""4"": 0.017253977681737115, ""5"": 0.008139900825862715}"
frozen_unmatched,200,p0.40_f0.500,0.5,1.0,4,0.4,79.60000000000001,79.915,61,98,15983,1964,1.8567142629124747,200,0.6383232325671141,0.012766464651342284,9.77219488100498,18.073106786820027,2.331648261480018,3.800872136755534,13,"{""0"": 0.004083291135408484, ""1"": 0.02342696319040728, ""2"": 0.01767434923703066, ""3"": 0.005631507501853242, ""4"": 0.017782392521879336, ""5"": 0.008000284321474694}"
frozen_unmatched,200,p0.40_f0.750,0.75,1.0,4,0.4,79.60000000000001,79.915,61,98,15983,1964,2.0750538767569404,0,1.0325157790123403,0.020650315580246808,nan,0.0,2.0750538767569404,9.220931205370999,22,"{""0"": 0.019446090762560937, ""1"": 0.021200836991074123, ""2"": 0.021336736768176677, ""3"": 0.020660001263956305, ""4"": 0.02060602498696241, ""5"": 0.020652202708750393}"
frozen_unmatched,200,p0.40_f0.750,0.75,1.0,4,0.4,79.60000000000001,79.915,61,98,15983,1964,2.0750538767569404,10,0.994607361524229,0.01989214723048458,15.034733557926012,14.29866893503447,2.277031150344325,5.215111085514431,21,"{""0"": 0.015910326656279943, ""1"": 0.03087402193965425, ""2"": 0.013275288548323766, ""3"": 0.025470632347774625, ""4"": 0.022276116990743767, ""5"": 0.011546496900131166}"
frozen_unmatched,200,p0.40_f0.750,0.75,1.0,4,0.4,79.60000000000001,79.915,61,98,15983,1964,2.0750538767569404,20,0.840842684805418,0.01681685369610836,8.819762183269145,15.009587023801435,2.319816170469979,4.993348925705266,20,"{""0"": 0.016226176783211636, ""1"": 0.02154679741817019, ""2"": 0.015841525183036567, ""3"": 0.016046463181233414, ""4"": 0.018892334017511055, ""5"": 0.012347825593487313}"
frozen_unmatched,200,p0.40_f0.750,0.75,1.0,4,0.4,79.60000000000001,79.915,61,98,15983,1964,2.0750538767569404,30,0.7142608053110515,0.014285216106221034,3.7481649173605027,14.839930511301201,2.2814346332150133,4.853891598895978,19,"{""0"": 0.007595996453354616, ""1"": 0.018199141803797954, ""2"": 0.0170731371612958, ""3"": 0.015120377664006434, ""4"": 0.01355161671206483, ""5"": 0.014171026842806564}"
frozen_unmatched,200,p0.40_f0.750,0.75,1.0,4,0.4,79.60000000000001,79.915,61,98,15983,1964,2.0750538767569404,40,0.7261266859005023,0.014522533718010048,26.704120315819644,14.800462335211447,2.251567690741823,4.593872786957487,18,"{""0"": 0.008067890087385513, ""1"": 0.019434890783332052, ""2"": 0.018593701432542797, ""3"": 0.016499353520960165, ""4"": 0.011488634074386264, ""5"": 0.013050732409453498}"
frozen_unmatched,200,p0.40_f0.750,0.75,1.0,4,0.4,79.60000000000001,79.915,61,98,15983,1964,2.0750538767569404,50,0.630195755946292,0.012603915118925842,9.805107561519053,15.127452487561916,2.2908136430911616,5.211616042818129,19,"{""0"": 0.006255913224657794, ""1"": 0.01667957121357889, ""2"": 0.015583978639820608, ""3"": 0.014050694194748877, ""4"": 0.012416157045756627, ""5"": 0.010637176394992245}"
frozen_unmatched,200,p0.40_f0.750,0.75,1.0,4,0.4,79.60000000000001,79.915,61,98,15983,1964,2.0750538767569404,60,0.6851914399403147,0.013703828798806297,27.560623908479446,15.473335424382238,2.291801730402251,4.672864464107326,18,"{""0"": 0.005971638417292537, ""1"": 0.018516597796830746, ""2"": 0.02083509779728252, ""3"": 0.011592502891707783, ""4"": 0.013480322731645154, ""5"": 0.01182681315807903}"
frozen_unmatched,200,p0.40_f0.750,0.75,1.0,4,0.4,79.60000000000001,79.915,61,98,15983,1964,2.0750538767569404,70,0.6966171471495279,0.013932342942990561,10.126638684041907,15.78807844718342,2.320411346637727,4.610268374903192,18,"{""0"": 0.005692787190277387, ""1"": 0.020989633640493447, ""2"": 0.019250866166438167, ""3"": 0.00913162112173117, ""4"": 0.015348933065270484, ""5"": 0.013180216473732728}"
frozen_unmatched,200,p0.40_f0.750,0.75,1.0,4,0.4,79.60000000000001,79.915,61,98,15983,1964,2.0750538767569404,80,0.6370175357818921,0.012740350715637845,4.533337167851322,15.946025139298293,2.336643262178038,4.912917359332387,18,"{""0"": 0.005468468500132299, ""1"": 0.017308423889063097, ""2"": 0.019106620454024503, ""3"": 0.009053327820312129, ""4"": 0.01395305779742968, ""5"": 0.011552205832865365}"
frozen_unmatched,200,p0.40_f0.750,0.75,1.0,4,0.4,79.60000000000001,79.915,61,98,15983,1964,2.0750538767569404,90,0.6379495319668321,0.012758990639336644,29.216161091418048,16.040351545143587,2.340128897733982,4.898514669184063,18,"{""0"": 0.005342917459952729, ""1"": 0.01758034315010598, ""2"": 0.01939640815136446, ""3"": 0.009109255778181039, ""4"": 0.013811945129157552, ""5"": 0.011313074167258108}"
frozen_unmatched,200,p0.40_f0.750,0.75,1.0,4,0.4,79.60000000000001,79.915,61,98,15983,1964,2.0750538767569404,100,0.6224318188126371,0.012448636376252743,7.677343516416641,16.293414091071778,2.359820557196422,4.897446144743132,18,"{""0"": 0.0051288067510247125, ""1"": 0.016631424044746792, ""2"": 0.019688199185591726, ""3"": 0.008863083715185967, ""4"": 0.013906174949386793, ""5"": 0.010474129611580474}"
frozen_unmatched,200,p0.40_f0.750,0.75,1.0,4,0.4,79.60000000000001,79.915,61,98,15983,1964,2.0750538767569404,110,0.6141166491920426,0.012282332983840853,18.890981939656957,16.416972776360105,2.394062020006524,4.87889474531082,17,"{""0"": 0.004827185656222311, ""1"": 0.015096524273143183, ""2"": 0.019710992278130637, ""3"": 0.008705910646405666, ""4"": 0.014252477695445003, ""5"": 0.011100907353698323}"
frozen_unmatched,200,p0.40_f0.750,0.75,1.0,4,0.4,79.60000000000001,79.915,61,98,15983,1964,2.0750538767569404,120,0.6230630566842377,0.012461261133684755,6.353624736676755,16.444693447365268,2.3490763481953603,5.108601137137007,18,"{""0"": 0.005231307490552862, ""1"": 0.014245493195281993, ""2"": 0.02020930423863501, ""3"": 0.009041154897738032, ""4"": 0.013386354636711678, ""5"": 0.012653952343188954}"
frozen_unmatched,200,p0.40_f0.750,0.75,1.0,4,0.4,79.60000000000001,79.915,61,98,15983,1964,2.0750538767569404,130,0.6305371088046284,0.01261074217609257,7.748691237038171,16.49660239599142,2.342578731913494,4.955242394826141,18,"{""0"": 0.005100912562819906, ""1"": 0.013871599273319879, ""2"": 0.02130954171408333, ""3"": 0.009038756799861363, ""4"": 0.013118188396042096, ""5"": 0.013225454310428842}"
frozen_unmatched,200,p0.40_f0.750,0.75,1.0,4,0.4,79.60000000000001,79.915,61,98,15983,1964,2.0750538767569404,140,0.6190259493661744,0.012380518987323489,6.69819372068077,16.61446911246608,2.355034568128189,4.928317963851487,17,"{""0"": 0.004866446345603958, ""1"": 0.012929236980287265, ""2"": 0.021259724400625877, ""3"": 0.008770104715016155, ""4"": 0.01312466901079356, ""5"": 0.013332932471614125}"
frozen_unmatched,200,p0.40_f0.750,0.75,1.0,4,0.4,79.60000000000001,79.915,61,98,15983,1964,2.0750538767569404,150,0.6243254336828551,0.012486508673657103,49.122376745073915,16.650116254186646,2.356050936470959,4.980020890022702,18,"{""0"": 0.004797555979246239, ""1"": 0.01326639818531426, ""2"": 0.02171440797450947, ""3"": 0.008873104344879479, ""4"": 0.012961687897123958, ""5"": 0.013305897660869214}"
frozen_unmatched,200,p0.40_f0.750,0.75,1.0,4,0.4,79.60000000000001,79.915,61,98,15983,1964,2.0750538767569404,160,0.6234723267427063,0.012469446534854127,5.973462895283444,16.755490928248886,2.3655528055661525,4.866758578722458,17,"{""0"": 0.004746196209706884, ""1"": 0.013016311069377262, ""2"": 0.022151606765917223, ""3"": 0.008608220620984252, ""4"": 0.012957977540732274, ""5"": 0.013336367002406863}"
frozen_unmatched,200,p0.40_f0.750,0.75,1.0,4,0.4,79.60000000000001,79.915,61,98,15983,1964,2.0750538767569404,170,0.6175182253800661,0.012350364507601323,18.658686650505693,16.828053151439555,2.3863620201714393,4.910420551010109,17,"{""0"": 0.004632777581194324, ""1"": 0.012205457727862698, ""2"": 0.02234851777338401, ""3"": 0.008332155104278646, ""4"": 0.013133360507008664, ""5"": 0.013449918351879597}"
frozen_unmatched,200,p0.40_f0.750,0.75,1.0,4,0.4,79.60000000000001,79.915,61,98,15983,1964,2.0750538767569404,180,0.6005086469072832,0.012010172938145667,7.246266691292481,16.90409091528862,2.401144082511757,4.929784413164806,17,"{""0"": 0.004799570963297223, ""1"": 0.01214189216836419, ""2"": 0.02194800167260422, ""3"": 0.008218766124172095, ""4"": 0.012822062540331155, ""5"": 0.012130744160105114}"
frozen_unmatched,200,p0.40_f0.750,0.75,1.0,4,0.4,79.60000000000001,79.915,61,98,15983,1964,2.0750538767569404,190,0.593581969317555,0.011871639386351102,8.696050786644541,16.925239099057187,2.38128163467373,4.9241584904153335,17,"{""0"": 0.004873893365587965, ""1"": 0.011507367642373936, ""2"": 0.021959925361156117, ""3"": 0.008368122537627556, ""4"": 0.01244837714721694, ""5"": 0.012072150264144089}"
frozen_unmatched,200,p0.40_f0.750,0.75,1.0,4,0.4,79.60000000000001,79.915,61,98,15983,1964,2.0750538767569404,200,0.5911012979597902,0.011822025959195804,11.251577107888435,16.98897806004432,2.3934749153923076,4.883045360801542,17,"{""0"": 0.0045898444930862585, ""1"": 0.01192812436718231, ""2"": 0.02161414819271789, ""3"": 0.008172859427694992, ""4"": 0.01250185151788557, ""5"": 0.012125327756607799}"
frozen_unmatched,200,p0.40_f0.875,0.875,1.0,4,0.4,79.60000000000001,79.915,61,98,15983,1964,2.1595764234297583,0,1.0298315753295857,0.020596631506591714,nan,0.0,2.1595764234297583,9.757235793305334,24,"{""0"": 0.019595312783365314, ""1"": 0.020832664315316305, ""2"": 0.021177458668579806, ""3"": 0.020879126213722687, ""4"": 0.02099443372609914, ""5"": 0.02010079333246704}"
frozen_unmatched,200,p0.40_f0.875,0.875,1.0,4,0.4,79.60000000000001,79.915,61,98,15983,1964,2.1595764234297583,10,0.9660913224582045,0.01932182644916409,24.014853983813776,14.448173432866865,2.34753022937178,5.478474813130467,22,"{""0"": 0.021846710292798714, ""1"": 0.021034128252058665, ""2"": 0.015567665198865719, ""3"": 0.021338804235508775, ""4"": 0.02124776204075392, ""5"": 0.014895888674998775}"
frozen_unmatched,200,p0.40_f0.875,0.875,1.0,4,0.4,79.60000000000001,79.915,61,98,15983,1964,2.1595764234297583,20,0.8007872902850053,0.01601574580570011,9.337994777468946,15.120484650510127,2.3573587459372196,5.599236323382638,23,"{""0"": 0.022437240090517854, ""1"": 0.013113968663047948, ""2"": 0.01591282015329281, ""3"": 0.020881588560235434, ""4"": 0.011271322121333895, ""5"": 0.012477535245772704}"
frozen_unmatched,200,p0.40_f0.875,0.875,1.0,4,0.4,79.60000000000001,79.915,61,98,15983,1964,2.1595764234297583,30,0.6976547778481637,0.013953095556963275,3.7442984963600927,15.208763386564744,2.3477353911969723,5.952271952858953,22,"{""0"": 0.011129831856462272, ""1"": 0.013071975804805302, ""2"": 0.014702759439535421, ""3"": 0.01886037805547, ""4"": 0.0105062690346208, ""5"": 0.01544735915088585}"
frozen_unmatched,200,p0.40_f0.875,0.875,1.0,4,0.4,79.60000000000001,79.915,61,98,15983,1964,2.1595764234297583,40,0.708065159011608,0.014161303180232163,26.836910594123985,15.027666156345939,2.3408086082171295,4.991046415310597,21,"{""0"": 0.013710604579135938, ""1"": 0.010504804420875813, ""2"": 0.017522014875797222, ""3"": 0.0192778759611773, ""4"": 0.009122942830029644, ""5"": 0.014829576414377054}"
frozen_unmatched,200,p0.40_f0.875,0.875,1.0,4,0.4,79.60000000000001,79.915,61,98,15983,1964,2.1595764234297583,50,0.6785010957378177,0.013570021914756357,18.764177934154272,15.08137351113721,2.3680005906234673,5.4567439372186115,20,"{""0"": 0.010806880438904671, ""1"": 0.009815749681619523, ""2"": 0.014806001904238735, ""3"": 0.0212986796714199, ""4"": 0.009892118003747556, ""5"": 0.014800701788607762}"
frozen_unmatched,200,p0.40_f0.875,0.875,1.0,4,0.4,79.60000000000001,79.915,61,98,15983,1964,2.1595764234297583,60,0.6973834783894529,0.01394766956778906,30.439370988329205,15.236718528076912,2.3653159258769514,5.704604241814191,21,"{""0"": 0.008496460709540039, ""1"": 0.013947345704803077, ""2"": 0.01733867627889355, ""3"": 0.019188239455724294, ""4"": 0.010694649349599367, ""5"": 0.014020645908174038}"
frozen_unmatched,200,p0.40_f0.875,0.875,1.0,4,0.4,79.60000000000001,79.915,61,98,15983,1964,2.1595764234297583,70,0.6976688384180557,0.013953376768361114,21.976980213121596,15.544711078427705,2.383690268038539,5.734578081564206,21,"{""0"": 0.006634464221403444, ""1"": 0.018662534307390642, ""2"": 0.017615189381895026, ""3"": 0.0152767694960721, ""4"": 0.011381062177113552, ""5"": 0.014150241026291935}"
frozen_unmatched,200,p0.40_f0.875,0.875,1.0,4,0.4,79.60000000000001,79.915,61,98,15983,1964,2.1595764234297583,80,0.6593401112068993,0.013186802224137987,7.259579417539271,15.530505279325043,2.3739574208416947,5.88253320788118,21,"{""0"": 0.007076212960017821, ""1"": 0.016722938637860525, ""2"": 0.01617387204141147, ""3"": 0.013745889995139354, ""4"": 0.011555040698150736, ""5"": 0.013846859012248016}"
frozen_unmatched,200,p0.40_f0.875,0.875,1.0,4,0.4,79.60000000000001,79.915,61,98,15983,1964,2.1595764234297583,90,0.6401015833362538,0.012802031666725076,12.380073852265632,15.596826709930125,2.389503782505261,5.77577781271123,21,"{""0"": 0.006231211865148807, ""1"": 0.017732144247769404, ""2"": 0.015980754776564056, ""3"": 0.013546270852053732, ""4"": 0.011418713125807129, ""5"": 0.01190309513300733}"
frozen_unmatched,200,p0.40_f0.875,0.875,1.0,4,0.4,79.60000000000001,79.915,61,98,15983,1964,2.1595764234297583,100,0.6442925052918049,0.012885850105836101,18.29394748644653,15.642278448564955,2.3889588050956947,5.578253882828041,20,"{""0"": 0.005506249420499524, ""1"": 0.018534505144870983, ""2"": 0.018671563155509784, ""3"": 0.013131113899567521, ""4"": 0.011484789720200957, ""5"": 0.009986879294367843}"
frozen_unmatched,200,p0.40_f0.875,0.875,1.0,4,0.4,79.60000000000001,79.915,61,98,15983,1964,2.1595764234297583,110,0.6481900717360428,0.012963801434720857,21.75634527745605,15.77414891187513,2.400448735431518,5.621326303749043,21,"{""0"": 0.005153962246965816, ""1"": 0.01811515203037222, ""2"": 0.019339741024447556, ""3"": 0.013592146968642966, ""4"": 0.011477109841006295, ""5"": 0.01010469649689028}"
frozen_unmatched,200,p0.40_f0.875,0.875,1.0,4,0.4,79.60000000000001,79.915,61,98,15983,1964,2.1595764234297583,120,0.6376339648344617,0.012752679296689235,8.78947105616902,15.771691883531686,2.39729035762185,5.513574436457707,21,"{""0"": 0.005412294668663426, ""1"": 0.017782076175192098, ""2"": 0.018804743523455285, ""3"": 0.013018408499900741, ""4"": 0.011123944282042131, ""5"": 0.010374608630881733}"
frozen_unmatched,200,p0.40_f0.875,0.875,1.0,4,0.4,79.60000000000001,79.915,61,98,15983,1964,2.1595764234297583,130,0.633453013914174,0.012669060278283482,6.175023914587907,15.775184988603336,2.3999988082626813,5.569116271480152,21,"{""0"": 0.005970023645691301, ""1"": 0.016047555195052948, ""2"": 0.01967607247060888, ""3"": 0.01315517728884195, ""4"": 0.010839889659011764, ""5"": 0.01032564341049405}"
frozen_unmatched,200,p0.40_f0.875,0.875,1.0,4,0.4,79.60000000000001,79.915,61,98,15983,1964,2.1595764234297583,140,0.6351220190107457,0.012702440380214916,7.033258312091254,15.908119992060225,2.407616496641547,5.412648024272918,20,"{""0"": 0.005527845710231854, ""1"": 0.01617569338144926, ""2"": 0.020867872611547683, ""3"": 0.012480774849119754, ""4"": 0.010895897670935578, ""5"": 0.010266558058005363}"
frozen_unmatched,200,p0.40_f0.875,0.875,1.0,4,0.4,79.60000000000001,79.915,61,98,15983,1964,2.1595764234297583,150,0.6391122665056811,0.012782245330113623,21.845676949551123,15.954820862480616,2.4085046069980507,5.318576803221073,20,"{""0"": 0.005188534896406262, ""1"": 0.016043026342766706, ""2"": 0.02157256790736849, ""3"": 0.011877023677305193, ""4"": 0.010952133755661864, ""5"": 0.011060185401173225}"
frozen_unmatched,200,p0.40_f0.875,0.875,1.0,4,0.4,79.60000000000001,79.915,61,98,15983,1964,2.1595764234297583,160,0.6520632087656387,0.013041264175312777,8.65904590002709,16.057468072050945,2.4091950575391343,5.210685303455353,20,"{""0"": 0.005192609506204977, ""1"": 0.016358511906136835, ""2"": 0.022190343429074406, ""3"": 0.011722880189899292, ""4"": 0.010878656694765057, ""5"": 0.011904583325796091}"
frozen_unmatched,200,p0.40_f0.875,0.875,1.0,4,0.4,79.60000000000001,79.915,61,98,15983,1964,2.1595764234297583,170,0.6465043202928252,0.012930086405856505,25.61309893291854,16.127241000601614,2.4114432454592167,5.459311583788447,21,"{""0"": 0.0051678379415855775, ""1"": 0.016703305651275813, ""2"": 0.022171155722095808, ""3"": 0.011583412242434109, ""4"": 0.010800123326591545, ""5"": 0.011154683551156164}"
frozen_unmatched,200,p0.40_f0.875,0.875,1.0,4,0.4,79.60000000000001,79.915,61,98,15983,1964,2.1595764234297583,180,0.6528068389538509,0.013056136779077021,8.047469471984863,16.16134326569471,2.413814579871534,5.522199267757425,21,"{""0"": 0.005066223380255988, ""1"": 0.017259650395491273, ""2"": 0.022411133590364413, ""3"": 0.011418709658355735, ""4"": 0.010899723827120131, ""5"": 0.011281379822874586}"
frozen_unmatched,200,p0.40_f0.875,0.875,1.0,4,0.4,79.60000000000001,79.915,61,98,15983,1964,2.1595764234297583,190,0.6540373007708464,0.01308074601541693,9.40596153565231,16.244594306336214,2.4192863896787253,5.6390896658350504,21,"{""0"": 0.004890922098793167, ""1"": 0.01829119819626753, ""2"": 0.023575374479395964, ""3"": 0.010515089093583105, ""4"": 0.010823201134745714, ""5"": 0.010388691089716096}"
frozen_unmatched,200,p0.40_f0.875,0.875,1.0,4,0.4,79.60000000000001,79.915,61,98,15983,1964,2.1595764234297583,200,0.6551405980603325,0.013102811961206653,7.065907756675719,16.337225098211917,2.420564151925587,5.665915107937424,21,"{""0"": 0.004746747891270773, ""1"": 0.01839097181504832, ""2"": 0.023659373188488302, ""3"": 0.01031599957448095, ""4"": 0.010784063147750446, ""5"": 0.010719716150201123}"
frozen_unmatched,200,p0.10_f0.500,0.5,1.0,5,0.1,19.900000000000002,20.535,9,35,4107,2114,1.9306075035139985,0,1.0190598013133068,0.02038119602626614,nan,0.0,1.9306075035139985,10.190370596292246,21,"{""0"": 0.018259147843184068, ""1"": 0.022642436282782112, ""2"": 0.019751732643330987, ""3"": 0.020104344508406587, ""4"": 0.020853462744423547, ""5"": 0.020676052135469525}"
frozen_unmatched,200,p0.10_f0.500,0.5,1.0,5,0.1,19.900000000000002,20.535,9,35,4107,2114,1.9306075035139985,10,0.8337945739770891,0.016675891479541783,0.8752270364822854,13.517728020599243,2.328193102060324,3.1455474438784967,15,"{""0"": 0.0009343274056799874, ""1"": 0.02225105068065781, ""2"": 0.023034742976898843, ""3"": 0.01718065984844303, ""4"": 0.020500634173967004, ""5"": 0.01615393379160402}"
frozen_unmatched,200,p0.10_f0.500,0.5,1.0,5,0.1,19.900000000000002,20.535,9,35,4107,2114,1.9306075035139985,20,0.7262576032241379,0.014525152064482759,9.851031464529934,15.001066776360604,2.3386892976774463,3.7352030768227964,16,"{""0"": 0.0027300355196927823, ""1"": 0.02643052706940336, ""2"": 0.014305900274956656, ""3"": 0.018804847623415798, ""4"": 0.014582428076632372, ""5"": 0.010297173822795587}"
frozen_unmatched,200,p0.10_f0.500,0.5,1.0,5,0.1,19.900000000000002,20.535,9,35,4107,2114,1.9306075035139985,30,0.7768031844948574,0.01553606368989715,14.538341484241336,16.03702825534012,2.3769918751188785,4.501425125168756,17,"{""0"": 0.0015759558214400644, ""1"": 0.024955132896404587, ""2"": 0.015270416510676416, ""3"": 0.023159917066852588, ""4"": 0.015726886326798004, ""5"": 0.012528073517211238}"
frozen_unmatched,200,p0.10_f0.500,0.5,1.0,5,0.1,19.900000000000002,20.535,9,35,4107,2114,1.9306075035139985,40,0.762818174268143,0.015256363485362861,4.926425635584096,16.47151327230492,2.3689543257322376,4.512757092640897,17,"{""0"": 0.0021823574526896048, ""1"": 0.017995239425726978, ""2"": 0.014569795735444027, ""3"": 0.02093825049814512, ""4"": 0.020052824082836283, ""5"": 0.015799713717335157}"
frozen_unmatched,200,p0.10_f0.500,0.5,1.0,5,0.1,19.900000000000002,20.535,9,35,4107,2114,1.9306075035139985,50,0.7038044744091156,0.014076089488182314,5.255945272442975,16.73878629786188,2.373153715090328,4.794134248487601,18,"{""0"": 0.00228399891225726, ""1"": 0.018922750713853236, ""2"": 0.011512655034122824, ""3"": 0.018461174176655822, ""4"": 0.01749921686341277, ""5"": 0.015776741228791975}"
frozen_unmatched,200,p0.10_f0.500,0.5,1.0,5,0.1,19.900000000000002,20.535,9,35,4107,2114,1.9306075035139985,60,0.6498388392468615,0.01299677678493723,14.777894747649047,16.850747402940733,2.3669654885826903,4.753650750620625,17,"{""0"": 0.0027657039355634197, ""1"": 0.018692103380872377, ""2"": 0.014219945342267415, ""3"": 0.015362432331701217, ""4"": 0.01570661920988687, ""5"": 0.011233856509332094}"
frozen_unmatched,200,p0.10_f0.500,0.5,1.0,5,0.1,19.900000000000002,20.535,9,35,4107,2114,1.9306075035139985,70,0.6318120023240799,0.012636240046481598,23.18098268712153,16.853736886530733,2.32205472628906,4.927518310444584,18,"{""0"": 0.005109221118144909, ""1"": 0.02099947304754291, ""2"": 0.013035083882324338, ""3"": 0.015355333441785201, ""4"": 0.01169312534894463, ""5"": 0.009625203440147606}"
frozen_unmatched,200,p0.10_f0.500,0.5,1.0,5,0.1,19.900000000000002,20.535,9,35,4107,2114,1.9306075035139985,80,0.5865618114932913,0.011731236229865829,14.22271978275866,16.966245582815567,2.3229045651640847,4.967813064329855,18,"{""0"": 0.006498315851944179, ""1"": 0.020091813614442774, ""2"": 0.010476377927557106, ""3"": 0.014814897140490082, ""4"": 0.009574439586841765, ""5"": 0.00893157325791907}"
frozen_unmatched,200,p0.10_f0.500,0.5,1.0,5,0.1,19.900000000000002,20.535,9,35,4107,2114,1.9306075035139985,90,0.5423525592771121,0.010847051185542245,4.672142539694298,17.106759477064255,2.322721458162867,4.739079506828994,18,"{""0"": 0.005394788954522797, ""1"": 0.01763634251393752, ""2"": 0.010468046694945136, ""3"": 0.013259447640555635, ""4"": 0.011403260284638164, ""5"": 0.0069204210246542166}"
frozen_unmatched,200,p0.10_f0.500,0.5,1.0,5,0.1,19.900000000000002,20.535,9,35,4107,2114,1.9306075035139985,100,0.5374041232582207,0.010748082465164416,6.085369812504289,17.135073472625795,2.3176035602658587,4.448452522404271,17,"{""0"": 0.005056261171487762, ""1"": 0.019022319897411665, ""2"": 0.00996214972699933, ""3"": 0.012611343572549307, ""4"": 0.011460447729142145, ""5"": 0.006375972693396288}"
frozen_unmatched,200,p0.10_f0.500,0.5,1.0,5,0.1,19.900000000000002,20.535,9,35,4107,2114,1.9306075035139985,110,0.5416798941027685,0.010833597882055372,3.7348300105519687,17.215638919020975,2.317608897732836,4.394485894286464,17,"{""0"": 0.004717658925612958, ""1"": 0.019293274200519895, ""2"": 0.009854143274061172, ""3"": 0.013016165762463191, ""4"": 0.011610949017976251, ""5"": 0.006509396111698762}"
frozen_unmatched,200,p0.10_f0.500,0.5,1.0,5,0.1,19.900000000000002,20.535,9,35,4107,2114,1.9306075035139985,120,0.5288485520788495,0.010576971041576991,1.3272083724081514,17.297183461304236,2.3234300450434886,4.410896199351325,17,"{""0"": 0.004292136106835759, ""1"": 0.018509081680921486, ""2"": 0.010437537795196102, ""3"": 0.012205569544633702, ""4"": 0.011421893894554776, ""5"": 0.006595607227320126}"
frozen_unmatched,200,p0.10_f0.500,0.5,1.0,5,0.1,19.900000000000002,20.535,9,35,4107,2114,1.9306075035139985,130,0.5344588343574399,0.0106891766871488,4.879927980652051,17.324895520839377,2.3309136836046127,4.2674148641846,17,"{""0"": 0.0039482781572726415, ""1"": 0.017842078249382415, ""2"": 0.010615269543453544, ""3"": 0.012128724398059254, ""4"": 0.012420572733944691, ""5"": 0.00718013704078026}"
frozen_unmatched,200,p0.10_f0.500,0.5,1.0,5,0.1,19.900000000000002,20.535,9,35,4107,2114,1.9306075035139985,140,0.5247481017752365,0.01049496203550473,9.80491077222006,17.349147678574756,2.3290847445000424,4.424894411955362,17,"{""0"": 0.004321853536292503, ""1"": 0.018146901436670266, ""2"": 0.010368239003408452, ""3"": 0.011803852292262353, ""4"": 0.01104581301941567, ""5"": 0.007283112924979127}"
frozen_unmatched,200,p0.10_f0.500,0.5,1.0,5,0.1,19.900000000000002,20.535,9,35,4107,2114,1.9306075035139985,150,0.5276801714050701,0.010553603428101401,8.898053960921246,17.355982542139294,2.3244044110140862,4.452011199580459,17,"{""0"": 0.004977108831005114, ""1"": 0.01822733386251555, ""2"": 0.010165818441195048, ""3"": 0.011620175165550212, ""4"": 0.011714886010277733, ""5"": 0.006616298258064755}"
frozen_unmatched,200,p0.10_f0.500,0.5,1.0,5,0.1,19.900000000000002,20.535,9,35,4107,2114,1.9306075035139985,160,0.5257875162416927,0.010515750324833855,9.912217020164649,17.27056419438087,2.310690116436241,4.480271403580186,17,"{""0"": 0.0051920376868704885, ""1"": 0.018074884978105756, ""2"": 0.010487550422548989, ""3"": 0.011520344822013879, ""4"": 0.011398977087121068, ""5"": 0.006420706952342946}"
frozen_unmatched,200,p0.10_f0.500,0.5,1.0,5,0.1,19.900000000000002,20.535,9,35,4107,2114,1.9306075035139985,170,0.5042057056688489,0.01008411411337698,7.2671039976054095,17.286385287365036,2.3195501248700485,4.312037840542377,17,"{""0"": 0.004569940315514718, ""1"": 0.016807457040028933, ""2"": 0.010237538644931874, ""3"": 0.010581176171654645, ""4"": 0.011634223246868367, ""5"": 0.006674349261263332}"
frozen_unmatched,200,p0.10_f0.500,0.5,1.0,5,0.1,19.900000000000002,20.535,9,35,4107,2114,1.9306075035139985,180,0.5003713461645214,0.01000742692329043,6.99820654483317,17.35057142712015,2.3160550396273836,4.298667369014374,17,"{""0"": 0.004290493281264704, ""1"": 0.016480061690165557, ""2"": 0.010583041055890243, ""3"": 0.009871531812015163, ""4"": 0.011797539036642175, ""5"": 0.007021894663764737}"
frozen_unmatched,200,p0.10_f0.500,0.5,1.0,5,0.1,19.900000000000002,20.535,9,35,4107,2114,1.9306075035139985,190,0.49866376905214554,0.009973275381042913,3.778583187983324,17.359042617130793,2.3121348840514058,4.091415384507073,16,"{""0"": 0.004452111247695821, ""1"": 0.016639661864727606, ""2"": 0.010772392208122167, ""3"": 0.009371645117538088, ""4"": 0.011800877940869592, ""5"": 0.006802963907304197}"
frozen_unmatched,200,p0.10_f0.500,0.5,1.0,5,0.1,19.900000000000002,20.535,9,35,4107,2114,1.9306075035139985,200,0.48798274566014,0.009759654913202801,4.717083644337432,17.40707166980715,2.310416293831484,4.1091629468184525,16,"{""0"": 0.004372711750531143, ""1"": 0.015676915906782638, ""2"": 0.0107287152277978, ""3"": 0.009239168789896751, ""4"": 0.011861582948951293, ""5"": 0.006678834855257177}"
frozen_unmatched,200,p0.10_f0.750,0.75,1.0,5,0.1,19.900000000000002,20.535,9,35,4107,2114,2.0893607432649413,0,1.0373345643171907,0.020746691286343818,nan,0.0,2.0893607432649413,10.995827715522525,24,"{""0"": 0.01803680079732552, ""1"": 0.02309892536200354, ""2"": 0.02117451477935865, ""3"": 0.019771923392167247, ""4"": 0.021835459474957596, ""5"": 0.020562523912250347}"
frozen_unmatched,200,p0.10_f0.750,0.75,1.0,5,0.1,19.900000000000002,20.535,9,35,4107,2114,2.0893607432649413,10,0.9389914571707714,0.01877982914341543,0.8973883254573164,15.17424700145756,2.5374617813371123,4.184565577459775,18,"{""0"": 0.0016974414044299737, ""1"": 0.031496205934359624, ""2"": 0.011091195153063565, ""3"": 0.027773840463947513, ""4"": 0.014063506866104653, ""5"": 0.026556785038587244}"
frozen_unmatched,200,p0.10_f0.750,0.75,1.0,5,0.1,19.900000000000002,20.535,9,35,4107,2114,2.0893607432649413,20,1.0822716256069438,0.02164543251213888,38.05324085367656,16.74610078469359,2.513369371655849,5.352077089845582,20,"{""0"": 0.0029499411228973357, ""1"": 0.022081112033635174, ""2"": 0.03992567212566756, ""3"": 0.028972979928187544, ""4"": 0.017795469866357688, ""5"": 0.018147419996087964}"
frozen_unmatched,200,p0.10_f0.750,0.75,1.0,5,0.1,19.900000000000002,20.535,9,35,4107,2114,2.0893607432649413,30,0.8881636693346819,0.017763273386693642,23.29673743110988,16.335657364273896,2.453558551343861,5.559568152487774,21,"{""0"": 0.0011771850292428398, ""1"": 0.021087073957100994, ""2"": 0.027875538265490767, ""3"": 0.022686147832224175, ""4"": 0.016433533199352857, ""5"": 0.017320162036750207}"
frozen_unmatched,200,p0.10_f0.750,0.75,1.0,5,0.1,19.900000000000002,20.535,9,35,4107,2114,2.0893607432649413,40,0.8002839146128711,0.016005678292257422,5.9174073862351,16.10656072023622,2.4099322672062256,5.614596124544654,22,"{""0"": 0.0018344323753060796, ""1"": 0.01678220363903631, ""2"": 0.022976293093706617, ""3"": 0.01678310351549756, ""4"": 0.018519979930466987, ""5"": 0.019138057199531006}"
frozen_unmatched,200,p0.10_f0.750,0.75,1.0,5,0.1,19.900000000000002,20.535,9,35,4107,2114,2.0893607432649413,50,0.6989227087796874,0.013978454175593751,18.268138507617213,16.230706398151238,2.4196336717910665,4.972965438418465,20,"{""0"": 0.0014495309597755191, ""1"": 0.017104608613292892, ""2"": 0.01642929150108993, ""3"": 0.013729293393684153, ""4"": 0.015140106556923638, ""5"": 0.020017894028796362}"
frozen_unmatched,200,p0.10_f0.750,0.75,1.0,5,0.1,19.900000000000002,20.535,9,35,4107,2114,2.0893607432649413,60,0.6810875144676917,0.013621750289353834,26.325681721890128,15.945140691222848,2.4154695700832916,5.617881756596653,22,"{""0"": 0.002349254579954488, ""1"": 0.01533685717954381, ""2"": 0.017093516868483004, ""3"": 0.012274514270838732, ""4"": 0.015707679073454134, ""5"": 0.018968679763848847}"
frozen_unmatched,200,p0.10_f0.750,0.75,1.0,5,0.1,19.900000000000002,20.535,9,35,4107,2114,2.0893607432649413,70,0.6391413385438923,0.012782826770877848,7.928417412652186,16.155935722936057,2.418881991918562,5.638353252685786,22,"{""0"": 0.0029922078626377128, ""1"": 0.014087492965453524, ""2"": 0.020756945939269144, ""3"": 0.009762418173757276, ""4"": 0.012434783793927845, ""5"": 0.0166631118902216}"
frozen_unmatched,200,p0.10_f0.750,0.75,1.0,5,0.1,19.900000000000002,20.535,9,35,4107,2114,2.0893607432649413,80,0.7199867761393076,0.014399735522786153,19.840203719948704,16.382165933313576,2.428611869634555,6.121129248521865,22,"{""0"": 0.0033015967641723196, ""1"": 0.015920226325978115, ""2"": 0.025936207369723335, ""3"": 0.0127171001908627, ""4"": 0.011827476529593475, ""5"": 0.01669580595638697}"
frozen_unmatched,200,p0.10_f0.750,0.75,1.0,5,0.1,19.900000000000002,20.535,9,35,4107,2114,2.0893607432649413,90,0.6907156238537269,0.01381431247707454,2.321645577422829,16.594472307310276,2.438127422444858,5.941574387776995,22,"{""0"": 0.0030368144783036724, ""1"": 0.01669827624186399, ""2"": 0.024431568537206884, ""3"": 0.010859474665066256, ""4"": 0.012189875156963789, ""5"": 0.015669865783042653}"
frozen_unmatched,200,p0.10_f0.750,0.75,1.0,5,0.1,19.900000000000002,20.535,9,35,4107,2114,2.0893607432649413,100,0.6884943197183025,0.013769886394366052,9.932666877030982,16.65420685906052,2.4375293981246107,5.939979322048284,22,"{""0"": 0.0031576297932190177, ""1"": 0.017476185996818043, ""2"": 0.024488283562704626, ""3"": 0.010764586938278527, ""4"": 0.012141992975735242, ""5"": 0.01459063909944086}"
frozen_unmatched,200,p0.10_f0.750,0.75,1.0,5,0.1,19.900000000000002,20.535,9,35,4107,2114,2.0893607432649413,110,0.6870871502991851,0.013741743005983704,24.075589437559785,16.655649765437108,2.438528903133017,5.77949015985484,22,"{""0"": 0.0029509886295323853, ""1"": 0.018074905493024672, ""2"": 0.02497348639727658, ""3"": 0.010151367397179947, ""4"": 0.012292275922422479, ""5"": 0.014007434196466167}"
frozen_unmatched,200,p0.10_f0.750,0.75,1.0,5,0.1,19.900000000000002,20.535,9,35,4107,2114,2.0893607432649413,120,0.6448204447546385,0.012896408895092772,1.57944806179765,16.798582447466156,2.443645888823885,5.703188270455985,22,"{""0"": 0.0027563494836570393, ""1"": 0.017076453760459756, ""2"": 0.023106580061249396, ""3"": 0.00975565606806006, ""4"": 0.012001493232611491, ""5"": 0.012681920764518897}"
frozen_unmatched,200,p0.10_f0.750,0.75,1.0,5,0.1,19.900000000000002,20.535,9,35,4107,2114,2.0893607432649413,130,0.6065396470229301,0.012130792940458603,5.192539683259739,16.907709340755183,2.4443744718569524,5.577147356245071,22,"{""0"": 0.002648590000810041, ""1"": 0.015442057547701296, ""2"": 0.021144427795477292, ""3"": 0.009001132954220736, ""4"": 0.012468043558875961, ""5"": 0.012080505785666293}"
frozen_unmatched,200,p0.10_f0.750,0.75,1.0,5,0.1,19.900000000000002,20.535,9,35,4107,2114,2.0893607432649413,140,0.60712976536666,0.0121425953073332,7.213158315389938,16.96993461728712,2.446316754569377,5.635379795190911,22,"{""0"": 0.0029979790719174473, ""1"": 0.015241093935654823, ""2"": 0.021831905601991504, ""3"": 0.009147170073345184, ""4"": 0.011519655513671942, ""5"": 0.012117767647418303}"
frozen_unmatched,200,p0.10_f0.750,0.75,1.0,5,0.1,19.900000000000002,20.535,9,35,4107,2114,2.0893607432649413,150,0.6307249381563391,0.012614498763126784,6.624456770544369,17.011448869706804,2.446246268028372,5.781961465720452,22,"{""0"": 0.003172339671008627, ""1"": 0.016234120292986987, ""2"": 0.02363102009309858, ""3"": 0.009395502171990689, ""4"": 0.011649563037177901, ""5"": 0.011604447312497927}"
frozen_unmatched,200,p0.10_f0.750,0.75,1.0,5,0.1,19.900000000000002,20.535,9,35,4107,2114,2.0893607432649413,160,0.613128179499604,0.012262563589992082,4.657213489584853,17.03627802603666,2.4443328884427116,5.526084276338346,21,"{""0"": 0.0035572945823652675, ""1"": 0.016573112296987512, ""2"": 0.02209599237030293, ""3"": 0.00828425489556995, ""4"": 0.011511325380909149, ""5"": 0.011553402013817663}"
frozen_unmatched,200,p0.10_f0.750,0.75,1.0,5,0.1,19.900000000000002,20.535,9,35,4107,2114,2.0893607432649413,170,0.5884960185384371,0.011769920370768744,4.996523124290887,17.10809637437827,2.4481693998193785,5.554491786486875,21,"{""0"": 0.0034589367121164024, ""1"": 0.016232476121145943, ""2"": 0.019530974751449326, ""3"": 0.00787479508334034, ""4"": 0.011317526076721585, ""5"": 0.012204813479838858}"
frozen_unmatched,200,p0.10_f0.750,0.75,1.0,5,0.1,19.900000000000002,20.535,9,35,4107,2114,2.0893607432649413,180,0.56808644454127,0.011361728890825401,4.3925630764675265,17.11144755041076,2.453573409315063,5.499502579393737,22,"{""0"": 0.0035859843595228945, ""1"": 0.015878298906517662, ""2"": 0.0172954329920234, ""3"": 0.007609562499410696, ""4"": 0.01151484287115109, ""5"": 0.012286251716326668}"
frozen_unmatched,200,p0.10_f0.750,0.75,1.0,5,0.1,19.900000000000002,20.535,9,35,4107,2114,2.0893607432649413,190,0.5605252989436392,0.011210505978872786,3.9495293110070895,17.174731050893865,2.454137712984772,5.582278666769075,22,"{""0"": 0.003810673002960252, ""1"": 0.0146321265076641, ""2"": 0.017066750809908292, ""3"": 0.007576968344983026, ""4"": 0.011569992624908052, ""5"": 0.012606524582812991}"
frozen_unmatched,200,p0.10_f0.750,0.75,1.0,5,0.1,19.900000000000002,20.535,9,35,4107,2114,2.0893607432649413,200,0.5642004037329797,0.011284008074659598,9.915892103675008,17.263261488811636,2.4555433160656657,5.644940751838645,22,"{""0"": 0.003713311638245701, ""1"": 0.014369950000036307, ""2"": 0.017296690749036857, ""3"": 0.007631111423795055, ""4"": 0.011760627446430548, ""5"": 0.01293235719041311}"
frozen_unmatched,200,p0.10_f0.875,0.875,1.0,5,0.1,19.900000000000002,20.535,9,35,4107,2114,2.1694632589856515,0,1.037951405823305,0.020759028116466103,nan,0.0,2.1694632589856515,11.466622958576208,25,"{""0"": 0.018789871318842872, ""1"": 0.022435080564848074, ""2"": 0.02171064232859144, ""3"": 0.01957382514796588, ""4"": 0.02177953587003281, ""5"": 0.02026521346851556}"
frozen_unmatched,200,p0.10_f0.875,0.875,1.0,5,0.1,19.900000000000002,20.535,9,35,4107,2114,2.1694632589856515,10,0.9511671468240985,0.019023342936481974,2.3362067308581995,15.011435677263286,2.406230225681041,5.46372321142357,20,"{""0"": 0.002464789552320417, ""1"": 0.025861064466669765, ""2"": 0.02281695711164384, ""3"": 0.026704960362530415, ""4"": 0.020771956656327445, ""5"": 0.015520329469399963}"
frozen_unmatched,200,p0.10_f0.875,0.875,1.0,5,0.1,19.900000000000002,20.535,9,35,4107,2114,2.1694632589856515,20,0.8400980103059394,0.01680196020611879,8.386966144418057,16.429368180613462,2.4633499282499605,6.106653959155337,22,"{""0"": 0.006818620913660448, ""1"": 0.017293426815794138, ""2"": 0.027176337035343584, ""3"": 0.022665957742983345, ""4"": 0.01768440379858552, ""5"": 0.009173014930345707}"
frozen_unmatched,200,p0.10_f0.875,0.875,1.0,5,0.1,19.900000000000002,20.535,9,35,4107,2114,2.1694632589856515,30,0.7941067541236511,0.015882135082473024,20.099356103372916,16.534255273387576,2.5050559840548066,5.818030545619551,22,"{""0"": 0.006937106865821769, ""1"": 0.016823698233573096, ""2"": 0.02307121562528008, ""3"": 0.02308040864666144, ""4"": 0.01525936371992947, ""5"": 0.010121017403572272}"
frozen_unmatched,200,p0.10_f0.875,0.875,1.0,5,0.1,19.900000000000002,20.535,9,35,4107,2114,2.1694632589856515,40,0.848131227446417,0.016962624548928343,6.271589755928106,16.814008214288044,2.501657612831113,5.994460678118347,22,"{""0"": 0.008246317974006708, ""1"": 0.01585401120217412, ""2"": 0.025657216673665207, ""3"": 0.02026610916839612, ""4"": 0.017198167521265927, ""5"": 0.01455392475406197}"
frozen_unmatched,200,p0.10_f0.875,0.875,1.0,5,0.1,19.900000000000002,20.535,9,35,4107,2114,2.1694632589856515,50,0.8218599054531462,0.016437198109062925,27.762523852367963,16.911064907493444,2.532173361401367,6.315735565116807,23,"{""0"": 0.007587100303745861, ""1"": 0.015904671478138545, ""2"": 0.022498818293302796, ""3"": 0.016255019081638643, ""4"": 0.01645909507442959, ""5"": 0.01991848442312212}"
frozen_unmatched,200,p0.10_f0.875,0.875,1.0,5,0.1,19.900000000000002,20.535,9,35,4107,2114,2.1694632589856515,60,0.770365596012051,0.015407311920241022,21.132537563323183,17.061528351390663,2.515503057849547,6.497174911951223,23,"{""0"": 0.007845070435977698, ""1"": 0.01574768893922856, ""2"": 0.02166017009299207, ""3"": 0.01583154525881502, ""4"": 0.016418643120995023, ""5"": 0.014940753673437761}"
frozen_unmatched,200,p0.10_f0.875,0.875,1.0,5,0.1,19.900000000000002,20.535,9,35,4107,2114,2.1694632589856515,70,0.7606846880517657,0.015213693761035317,14.112182490459087,17.21397827560588,2.5036739071146124,6.3059916321564575,23,"{""0"": 0.009708863788586684, ""1"": 0.016550366664049, ""2"": 0.023403599461841017, ""3"": 0.012922891289825511, ""4"": 0.015085736355754099, ""5"": 0.013610705006155608}"
frozen_unmatched,200,p0.10_f0.875,0.875,1.0,5,0.1,19.900000000000002,20.535,9,35,4107,2114,2.1694632589856515,80,0.7587311132377983,0.015174622264755968,22.678858387846503,17.133435201005753,2.508302842938053,6.354588550806718,23,"{""0"": 0.009131639133441382, ""1"": 0.01643221633764392, ""2"": 0.021946969837971668, ""3"": 0.014564260837889875, ""4"": 0.015050336184443291, ""5"": 0.013922311257145669}"
frozen_unmatched,200,p0.10_f0.875,0.875,1.0,5,0.1,19.900000000000002,20.535,9,35,4107,2114,2.1694632589856515,90,0.7610583675183156,0.015221167350366313,4.502712209651311,17.358907681678858,2.5211639150514626,6.010113806291067,23,"{""0"": 0.008692720165902851, ""1"": 0.016131501515488634, ""2"": 0.023250902092016034, ""3"": 0.012030222307798493, ""4"": 0.015937427885189377, ""5"": 0.015284230135802487}"
frozen_unmatched,200,p0.10_f0.875,0.875,1.0,5,0.1,19.900000000000002,20.535,9,35,4107,2114,2.1694632589856515,100,0.7582708611838922,0.015165417223677846,6.742890521412365,17.43429072997079,2.5265414897992478,5.982521286870446,23,"{""0"": 0.009090058857941334, ""1"": 0.015668854385351726, ""2"": 0.023664445644307846, ""3"": 0.011279519274077048, ""4"": 0.015484645189190571, ""5"": 0.015804979991198544}"
frozen_unmatched,200,p0.10_f0.875,0.875,1.0,5,0.1,19.900000000000002,20.535,9,35,4107,2114,2.1694632589856515,110,0.7498028906069714,0.01499605781213943,4.759339959783707,17.519132119180508,2.5281800084505943,5.896398169153403,22,"{""0"": 0.008287388309302387, ""1"": 0.015128759617497706, ""2"": 0.021992525616086257, ""3"": 0.011432738129306449, ""4"": 0.01588889025024099, ""5"": 0.017246044950402786}"
frozen_unmatched,200,p0.10_f0.875,0.875,1.0,5,0.1,19.900000000000002,20.535,9,35,4107,2114,2.1694632589856515,120,0.7519650797549648,0.015039301595099298,5.82735169959743,17.64170095342623,2.5348250876874454,5.863286988761271,22,"{""0"": 0.007637734004188422, ""1"": 0.014211639536013745, ""2"": 0.022354000866720902, ""3"": 0.011176634226877927, ""4"": 0.01621932635594067, ""5"": 0.01863647458085412}"
frozen_unmatched,200,p0.10_f0.875,0.875,1.0,5,0.1,19.900000000000002,20.535,9,35,4107,2114,2.1694632589856515,130,0.781619871129475,0.0156323974225895,3.4452046362225652,17.711879932797082,2.539675400244596,5.692542353308569,22,"{""0"": 0.007742606385395962, ""1"": 0.014345690454240306, ""2"": 0.022659299473338113, ""3"": 0.010499005586997606, ""4"": 0.017604709429836923, ""5"": 0.020943073205728097}"
frozen_unmatched,200,p0.10_f0.875,0.875,1.0,5,0.1,19.900000000000002,20.535,9,35,4107,2114,2.1694632589856515,140,0.7666304855912086,0.015332609711824175,10.817796997172612,17.69061900819947,2.546842365454344,5.844764718983586,22,"{""0"": 0.007362006572630681, ""1"": 0.014231573004703865, ""2"": 0.023382343287633875, ""3"": 0.010705456266914923, ""4"": 0.01629041467595757, ""5"": 0.02002386446310412}"
frozen_unmatched,200,p0.10_f0.875,0.875,1.0,5,0.1,19.900000000000002,20.535,9,35,4107,2114,2.1694632589856515,150,0.7511429233512834,0.01502285846702567,5.925287939503463,17.65294625782717,2.546916289548413,6.024259475939059,22,"{""0"": 0.007892817957758709, ""1"": 0.014102688315897597, ""2"": 0.02283936405442178, ""3"": 0.01093005071557184, ""4"": 0.01642292896845195, ""5"": 0.017949300790052164}"
frozen_unmatched,200,p0.10_f0.875,0.875,1.0,5,0.1,19.900000000000002,20.535,9,35,4107,2114,2.1694632589856515,160,0.739074534380562,0.014781490687611244,4.508290534237203,17.70399807248577,2.548098542574364,5.976639947989152,21,"{""0"": 0.008468305635004768, ""1"": 0.013976498109616625, ""2"": 0.02278490567647319, ""3"": 0.010451356880372254, ""4"": 0.015856374954164837, ""5"": 0.017151502870035796}"
frozen_unmatched,200,p0.10_f0.875,0.875,1.0,5,0.1,19.900000000000002,20.535,9,35,4107,2114,2.1694632589856515,170,0.7378445216431776,0.014756890432863554,5.749160879871389,17.772220466341757,2.5516817320987126,5.9005807327337445,21,"{""0"": 0.008193400345207037, ""1"": 0.013867369808436239, ""2"": 0.022684544367632724, ""3"": 0.010391568587769738, ""4"": 0.01619633784772421, ""5"": 0.017208121640411366}"
frozen_unmatched,200,p0.10_f0.875,0.875,1.0,5,0.1,19.900000000000002,20.535,9,35,4107,2114,2.1694632589856515,180,0.7181140107082816,0.014362280214165635,6.2555755348842945,17.817561302903872,2.553765752561546,6.016567511746437,22,"{""0"": 0.0076761511520644825, ""1"": 0.013752174980657691, ""2"": 0.02194186701731774, ""3"": 0.010236896381979815, ""4"": 0.015569325572934428, ""5"": 0.016997266180039647}"
frozen_unmatched,200,p0.10_f0.875,0.875,1.0,5,0.1,19.900000000000002,20.535,9,35,4107,2114,2.1694632589856515,190,0.7031283710185657,0.014062567420371316,6.3951325607983085,17.82181486319814,2.5510923194078097,6.065572709653012,22,"{""0"": 0.007794888865127336, ""1"": 0.013747642344006255, ""2"": 0.019914179998291415, ""3"": 0.010432725487757533, ""4"": 0.015271906062119783, ""5"": 0.017214061764925584}"
frozen_unmatched,200,p0.10_f0.875,0.875,1.0,5,0.1,19.900000000000002,20.535,9,35,4107,2114,2.1694632589856515,200,0.699118646623711,0.013982372932474223,15.96989380427351,17.863253515012715,2.553190700179699,6.014203951443857,21,"{""0"": 0.007846578557224069, ""1"": 0.013587264797350557, ""2"": 0.019763362666710728, ""3"": 0.009999058822200466, ""4"": 0.015119907244642664, ""5"": 0.01757806550671686}"
frozen_unmatched,200,p0.20_f0.500,0.5,1.0,5,0.2,39.800000000000004,40.175,26,53,8035,2114,1.985779183425322,0,0.9750491649608818,0.01950098329921764,nan,0.0,1.985779183425322,5.73675729216735,17,"{""0"": 0.018768013444592217, ""1"": 0.020983075297542737, ""2"": 0.016491665469283715, ""3"": 0.02061353098429105, ""4"": 0.01973402449985421, ""5"": 0.020415590099741893}"
frozen_unmatched,200,p0.20_f0.500,0.5,1.0,5,0.2,39.800000000000004,40.175,26,53,8035,2114,1.985779183425322,10,0.9205208727460852,0.018410417454921706,5.862652275275987,14.608778058092403,2.2804507293674017,3.149509405292054,13,"{""0"": 0.0024156478546425056, ""1"": 0.02814227557026646, ""2"": 0.033747836178151934, ""3"": 0.014020341330149516, ""4"": 0.018274836428487408, ""5"": 0.013861567367832405}"
frozen_unmatched,200,p0.20_f0.500,0.5,1.0,5,0.2,39.800000000000004,40.175,26,53,8035,2114,1.985779183425322,20,0.7273441849807356,0.014546883699614715,4.00833269190729,15.82233847913511,2.2872624686791028,3.461845041960359,13,"{""0"": 0.004915952927839361, ""1"": 0.02572819508561241, ""2"": 0.015990786533605226, ""3"": 0.0152225525819081, ""4"": 0.02071356206275543, ""5"": 0.00471025300596776}"
frozen_unmatched,200,p0.20_f0.500,0.5,1.0,5,0.2,39.800000000000004,40.175,26,53,8035,2114,1.985779183425322,30,0.6064169020756677,0.012128338041513356,11.725500919575676,16.309551458335218,2.2653368442613084,4.021085185840155,14,"{""0"": 0.00609646920432574, ""1"": 0.019923073231711545, ""2"": 0.015057873743757413, ""3"": 0.014697305803973363, ""4"": 0.013216867155666712, ""5"": 0.0037784391096453555}"
frozen_unmatched,200,p0.20_f0.500,0.5,1.0,5,0.2,39.800000000000004,40.175,26,53,8035,2114,1.985779183425322,40,0.8066388903271614,0.01613277780654323,4.742039560567841,16.364142520742366,2.291165537164987,3.5744389653018684,14,"{""0"": 0.00962333555589243, ""1"": 0.02529288487687619, ""2"": 0.012085268896929496, ""3"": 0.02245321427348384, ""4"": 0.017962967146382073, ""5"": 0.009378996089695363}"
frozen_unmatched,200,p0.20_f0.500,0.5,1.0,5,0.2,39.800000000000004,40.175,26,53,8035,2114,1.985779183425322,50,0.5890729479283487,0.011781458958566977,4.179899459492102,16.558521780322373,2.278223246899019,3.547911656731726,13,"{""0"": 0.0071016058210376055, ""1"": 0.01883615840352675, ""2"": 0.006623459440486051, ""3"": 0.015157404059882671, ""4"": 0.017011166211806057, ""5"": 0.005958959814662724}"
frozen_unmatched,200,p0.20_f0.500,0.5,1.0,5,0.2,39.800000000000004,40.175,26,53,8035,2114,1.985779183425322,60,0.5213383500707143,0.010426767001414287,5.874144979617488,16.701706554071514,2.2720572802580667,3.714601102959431,14,"{""0"": 0.006095214009171046, ""1"": 0.01613670261457921, ""2"": 0.007355099067284912, ""3"": 0.014870548471185126, ""4"": 0.013393627255499821, ""5"": 0.004709410590765602}"
frozen_unmatched,200,p0.20_f0.500,0.5,1.0,5,0.2,39.800000000000004,40.175,26,53,8035,2114,1.985779183425322,70,0.49686466873355856,0.009937293374671172,5.079736431181712,16.92247968098615,2.278708247624338,3.8038987426283946,13,"{""0"": 0.005816317642006656, ""1"": 0.01721396452865017, ""2"": 0.007574410488610556, ""3"": 0.0133417425350611, ""4"": 0.011321742539626686, ""5"": 0.00435558251407187}"
frozen_unmatched,200,p0.20_f0.500,0.5,1.0,5,0.2,39.800000000000004,40.175,26,53,8035,2114,1.985779183425322,80,0.4583629447933449,0.009167258895866899,29.773216930596266,16.88946000721808,2.282469683427226,3.7017554641345694,13,"{""0"": 0.00542598520483948, ""1"": 0.014554016625653856, ""2"": 0.005753049983203326, ""3"": 0.0134615569666689, ""4"": 0.011267354793428788, ""5"": 0.004541589801407039}"
frozen_unmatched,200,p0.20_f0.500,0.5,1.0,5,0.2,39.800000000000004,40.175,26,53,8035,2114,1.985779183425322,90,0.4700242206669791,0.009400484413339582,15.384175444647939,16.972791255996942,2.2927915588573966,3.731788381577802,13,"{""0"": 0.00474422054684041, ""1"": 0.01558036519963254, ""2"": 0.008190702531698226, ""3"": 0.0124588621960142, ""4"": 0.011293108687742814, ""5"": 0.004135647318109312}"
frozen_unmatched,200,p0.20_f0.500,0.5,1.0,5,0.2,39.800000000000004,40.175,26,53,8035,2114,1.985779183425322,100,0.43810227521736994,0.0087620455043474,1.3118011197386954,17.047119985547223,2.2961817341957893,3.763027243182044,13,"{""0"": 0.0044678970008476026, ""1"": 0.015107956893422151, ""2"": 0.007487520572149314, ""3"": 0.011439471163537374, ""4"": 0.01003075879567856, ""5"": 0.004038668600449401}"
frozen_unmatched,200,p0.20_f0.500,0.5,1.0,5,0.2,39.800000000000004,40.175,26,53,8035,2114,1.985779183425322,110,0.43608899504667215,0.008721779900933445,7.604628483453587,17.174594185221583,2.2988757671435645,3.8165515968013204,14,"{""0"": 0.004151589459278652, ""1"": 0.01557019961271774, ""2"": 0.00810095296413588, ""3"": 0.01071910063908003, ""4"": 0.009668974747617059, ""5"": 0.004119861982771302}"
frozen_unmatched,200,p0.20_f0.500,0.5,1.0,5,0.2,39.800000000000004,40.175,26,53,8035,2114,1.985779183425322,120,0.42475030493575633,0.008495006098715127,3.736210365735496,17.214496260616013,2.302829757458739,3.9475733880526716,14,"{""0"": 0.0038715255213331128, ""1"": 0.013750690268271295, ""2"": 0.009192659500703802, ""3"": 0.010538575002316437, ""4"": 0.00918062042083771, ""5"": 0.004435965878828405}"
frozen_unmatched,200,p0.20_f0.500,0.5,1.0,5,0.2,39.800000000000004,40.175,26,53,8035,2114,1.985779183425322,130,0.39741419104929715,0.007948283820985945,4.607413320511971,17.266401377569295,2.3026663893357098,3.852373136960541,13,"{""0"": 0.0038421422810464303, ""1"": 0.012876175150643304, ""2"": 0.008366261507499367, ""3"": 0.009302618847650499, ""4"": 0.008734014711513114, ""5"": 0.004568490427562952}"
frozen_unmatched,200,p0.20_f0.500,0.5,1.0,5,0.2,39.800000000000004,40.175,26,53,8035,2114,1.985779183425322,140,0.4136328110956225,0.008272656221912452,22.09124206063033,17.225618336602263,2.2910957631944466,3.8453353162107637,14,"{""0"": 0.003916517532348959, ""1"": 0.014116406153312605, ""2"": 0.008504003523767031, ""3"": 0.009028356064340378, ""4"": 0.009236990688598849, ""5"": 0.004833663369106888}"
frozen_unmatched,200,p0.20_f0.500,0.5,1.0,5,0.2,39.800000000000004,40.175,26,53,8035,2114,1.985779183425322,150,0.415098328058229,0.008301966561164581,10.25947177031643,17.22869459308007,2.2893681520927207,3.8517805802198617,14,"{""0"": 0.004438126066827431, ""1"": 0.013930790636268082, ""2"": 0.0085775935234251, ""3"": 0.008612436907874759, ""4"": 0.009391983196755976, ""5"": 0.004860869035836131}"
frozen_unmatched,200,p0.20_f0.500,0.5,1.0,5,0.2,39.800000000000004,40.175,26,53,8035,2114,1.985779183425322,160,0.4055844283713284,0.00811168856742657,3.0201386430661548,17.216335950561334,2.280307925431863,3.8096096643434953,13,"{""0"": 0.004183578526019846, ""1"": 0.013945347995756002, ""2"": 0.008045141236779742, ""3"": 0.008307107882150909, ""4"": 0.00896820155415428, ""5"": 0.005220754209698637}"
frozen_unmatched,200,p0.20_f0.500,0.5,1.0,5,0.2,39.800000000000004,40.175,26,53,8035,2114,1.985779183425322,170,0.42084982423315964,0.008416996484663194,5.634265355727395,17.236629522393514,2.282833380291821,3.952247411957193,13,"{""0"": 0.004307516946103668, ""1"": 0.012974427128894545, ""2"": 0.011076641082072281, ""3"": 0.008646729473225909, ""4"": 0.008558252067961495, ""5"": 0.004938412209721272}"
frozen_unmatched,200,p0.20_f0.500,0.5,1.0,5,0.2,39.800000000000004,40.175,26,53,8035,2114,1.985779183425322,180,0.41389663351248934,0.008277932670249788,6.386631116544695,17.291866746798483,2.2861792432867056,3.9269045427876925,13,"{""0"": 0.004260099722740945, ""1"": 0.012698669905224367, ""2"": 0.01080651984377603, ""3"": 0.008523065871575971, ""4"": 0.008514488206995699, ""5"": 0.004864752471185721}"
frozen_unmatched,200,p0.20_f0.500,0.5,1.0,5,0.2,39.800000000000004,40.175,26,53,8035,2114,1.985779183425322,190,0.40950800868897913,0.008190160173779585,5.635893787700526,17.331143246409297,2.284235964594123,3.892815880496888,13,"{""0"": 0.004530542640273764, ""1"": 0.01250205218189061, ""2"": 0.010374974934064215, ""3"": 0.008545017425462712, ""4"": 0.008325646884097048, ""5"": 0.004862726976889153}"
frozen_unmatched,200,p0.20_f0.500,0.5,1.0,5,0.2,39.800000000000004,40.175,26,53,8035,2114,1.985779183425322,200,0.38646483740540727,0.007729296748108147,2.5810308697340987,17.34298867486457,2.283568201670498,3.8447809933269435,13,"{""0"": 0.005011293917937229, ""1"": 0.012341426417079925, ""2"": 0.007192330460921876, ""3"": 0.009037584056200539, ""4"": 0.008047904768697801, ""5"": 0.004745240867811513}"
frozen_unmatched,200,p0.20_f0.750,0.75,1.0,5,0.2,39.800000000000004,40.175,26,53,8035,2114,2.1787841561693484,0,0.999185611447323,0.019983712228946463,nan,0.0,2.1787841561693484,5.5070660827476585,19,"{""0"": 0.019207796601855585, ""1"": 0.021734231048154664, ""2"": 0.016977380599847592, ""3"": 0.020157090949656193, ""4"": 0.02144623009098638, ""5"": 0.020379544083178373}"
frozen_unmatched,200,p0.20_f0.750,0.75,1.0,5,0.2,39.800000000000004,40.175,26,53,8035,2114,2.1787841561693484,10,0.8390110285725044,0.01678022057145009,7.228958436374765,14.680703913722562,2.7189371974968943,4.529864454293374,17,"{""0"": 0.0056545917484501175, ""1"": 0.029119828740544407, ""2"": 0.028966068883613354, ""3"": 0.012012770115171835, ""4"": 0.015102403235918448, ""5"": 0.009825660705002372}"
frozen_unmatched,200,p0.20_f0.750,0.75,1.0,5,0.2,39.800000000000004,40.175,26,53,8035,2114,2.1787841561693484,20,0.6731152504991049,0.013462305009982101,3.1531602645958525,15.677308283244544,2.741255671386833,3.9619787121471943,16,"{""0"": 0.00859614874174925, ""1"": 0.022646592868637922, ""2"": 0.011257913018287923, ""3"": 0.018986791034064004, ""4"": 0.013860637462926085, ""5"": 0.005425746934227415}"
frozen_unmatched,200,p0.20_f0.750,0.75,1.0,5,0.2,39.800000000000004,40.175,26,53,8035,2114,2.1787841561693484,30,0.6091011007852966,0.012182022015705932,9.175130506474833,16.001479699997,2.6625535902404893,4.385664588484167,17,"{""0"": 0.007777242939190442, ""1"": 0.018689586289881356, ""2"": 0.011348663954738837, ""3"": 0.015046010775634767, ""4"": 0.01366352917636465, ""5"": 0.006567098958425556}"
frozen_unmatched,200,p0.20_f0.750,0.75,1.0,5,0.2,39.800000000000004,40.175,26,53,8035,2114,2.1787841561693484,40,0.6286260287796243,0.012572520575592487,19.81448588575038,15.96197849591064,2.581960930865405,4.402401504257052,17,"{""0"": 0.005282800874123843, ""1"": 0.020615115455475154, ""2"": 0.01194438837555366, ""3"": 0.013493907521970192, ""4"": 0.015594384472160364, ""5"": 0.008504526754271708}"
frozen_unmatched,200,p0.20_f0.750,0.75,1.0,5,0.2,39.800000000000004,40.175,26,53,8035,2114,2.1787841561693484,50,0.6530408906100362,0.013060817812200727,10.940168330724148,16.216487698294596,2.610998010851771,4.216005214612964,16,"{""0"": 0.0058880344839806155, ""1"": 0.023418062984186895, ""2"": 0.011384195986469772, ""3"": 0.013439216203491144, ""4"": 0.015396036560180206, ""5"": 0.008839360654895734}"
frozen_unmatched,200,p0.20_f0.750,0.75,1.0,5,0.2,39.800000000000004,40.175,26,53,8035,2114,2.1787841561693484,60,0.6315863731403991,0.012631727462807983,16.924605768476564,16.450741427807678,2.613748006006636,4.535114518912855,17,"{""0"": 0.0054633743597063845, ""1"": 0.0243937397359264, ""2"": 0.012355607729074005, ""3"": 0.013604831744713369, ""4"": 0.012092359595158452, ""5"": 0.007880451612269298}"
frozen_unmatched,200,p0.20_f0.750,0.75,1.0,5,0.2,39.800000000000004,40.175,26,53,8035,2114,2.1787841561693484,70,0.6330168985126517,0.012660337970253037,18.16746062878068,16.6159865597804,2.616577518035785,4.840524127424946,18,"{""0"": 0.005851069962836038, ""1"": 0.024094781922186274, ""2"": 0.011796359329388259, ""3"": 0.014001789217275056, ""4"": 0.012689687611471243, ""5"": 0.007528339778361362}"
frozen_unmatched,200,p0.20_f0.750,0.75,1.0,5,0.2,39.800000000000004,40.175,26,53,8035,2114,2.1787841561693484,80,0.596265624621493,0.011925312492429861,5.615687442229259,16.70913604542568,2.5998209323264883,4.743325017071718,17,"{""0"": 0.006684499593623087, ""1"": 0.01991659018784316, ""2"": 0.011829577602013175, ""3"": 0.014379388094540271, ""4"": 0.0120773574697552, ""5"": 0.006664462006804284}"
frozen_unmatched,200,p0.20_f0.750,0.75,1.0,5,0.2,39.800000000000004,40.175,26,53,8035,2114,2.1787841561693484,90,0.5974298883383387,0.011948597766766775,23.143815656336994,16.864357708925592,2.6137246875681113,4.70421895219139,17,"{""0"": 0.005507104133720371, ""1"": 0.021760027750218035, ""2"": 0.010837937734228347, ""3"": 0.01431775652452319, ""4"": 0.012956615700326034, ""5"": 0.00631214475758467}"
frozen_unmatched,200,p0.20_f0.750,0.75,1.0,5,0.2,39.800000000000004,40.175,26,53,8035,2114,2.1787841561693484,100,0.5735738704304528,0.011471477408609059,3.474926426918026,16.981510583531534,2.626017907710532,4.6066129899131605,17,"{""0"": 0.005816436623516727, ""1"": 0.020258925995390007, ""2"": 0.009976899469640085, ""3"": 0.014201573792421129, ""4"": 0.012834813486646588, ""5"": 0.005740215084039828}"
frozen_unmatched,200,p0.20_f0.750,0.75,1.0,5,0.2,39.800000000000004,40.175,26,53,8035,2114,2.1787841561693484,110,0.5730535388108774,0.011461070776217549,31.191230665436,17.066159100358497,2.6260310771954845,4.61633857089232,18,"{""0"": 0.0061803288805283504, ""1"": 0.019693590062053058, ""2"": 0.009526817138615766, ""3"": 0.014255206591599867, ""4"": 0.013599360849128172, ""5"": 0.005511121135380083}"
frozen_unmatched,200,p0.20_f0.750,0.75,1.0,5,0.2,39.800000000000004,40.175,26,53,8035,2114,2.1787841561693484,120,0.5974503786381135,0.011949007572762271,3.6998686903309275,17.102449951001212,2.6248055553376926,4.795260504772233,18,"{""0"": 0.006887840843530571, ""1"": 0.021201408708631145, ""2"": 0.009342497459470765, ""3"": 0.014399888137763075, ""4"": 0.01383991346208947, ""5"": 0.006022496825088611}"
frozen_unmatched,200,p0.20_f0.750,0.75,1.0,5,0.2,39.800000000000004,40.175,26,53,8035,2114,2.1787841561693484,130,0.6345998939271438,0.012691997878542877,7.09949488104718,17.10974299441746,2.6125392465153943,4.700518126748163,17,"{""0"": 0.00787913702323277, ""1"": 0.024087954001647975, ""2"": 0.010211027454937486, ""3"": 0.013934894742012066, ""4"": 0.013699344705537405, ""5"": 0.006339629343889566}"
frozen_unmatched,200,p0.20_f0.750,0.75,1.0,5,0.2,39.800000000000004,40.175,26,53,8035,2114,2.1787841561693484,140,0.6307334770123678,0.012614669540247357,3.587547211928984,17.15481607899991,2.614798642932539,4.705144402803545,17,"{""0"": 0.007505717441612237, ""1"": 0.02173781639571213, ""2"": 0.010278186882247731, ""3"": 0.014131523326111183, ""4"": 0.016028663095319008, ""5"": 0.006006110100481865}"
frozen_unmatched,200,p0.20_f0.750,0.75,1.0,5,0.2,39.800000000000004,40.175,26,53,8035,2114,2.1787841561693484,150,0.6161578377564556,0.012323156755129114,5.242141307606692,17.195639030997857,2.6286222428090498,4.80177479023135,18,"{""0"": 0.007571270476271379, ""1"": 0.021813000691186236, ""2"": 0.010473191861152236, ""3"": 0.014262922613246378, ""4"": 0.014176610231255295, ""5"": 0.005641944657663152}"
frozen_unmatched,200,p0.20_f0.750,0.75,1.0,5,0.2,39.800000000000004,40.175,26,53,8035,2114,2.1787841561693484,160,0.6326349663800466,0.012652699327600932,3.4033647263647295,17.15588462528254,2.6205935093805506,4.747439722477749,18,"{""0"": 0.007953828312941133, ""1"": 0.02357600773056479, ""2"": 0.010575728928376627, ""3"": 0.013525859085964672, ""4"": 0.014347433353291722, ""5"": 0.005937338554466652}"
frozen_unmatched,200,p0.20_f0.750,0.75,1.0,5,0.2,39.800000000000004,40.175,26,53,8035,2114,2.1787841561693484,170,0.6500415777209598,0.013000831554419197,5.70278638319077,17.17963350132259,2.621409993693509,4.572653551214262,17,"{""0"": 0.008120350688866573, ""1"": 0.02374322256229482, ""2"": 0.010405120397114808, ""3"": 0.013525760188647012, ""4"": 0.016332092220390886, ""5"": 0.005878443269201075}"
frozen_unmatched,200,p0.20_f0.750,0.75,1.0,5,0.2,39.800000000000004,40.175,26,53,8035,2114,2.1787841561693484,180,0.6453468006342158,0.012906936012684316,2.9095608686130974,17.252068423566673,2.6293364761841347,4.490609180396223,16,"{""0"": 0.008032578179398583, ""1"": 0.023581707456793957, ""2"": 0.010431073576696145, ""3"": 0.012889016519003699, ""4"": 0.01647459293174989, ""5"": 0.00603264741246363}"
frozen_unmatched,200,p0.20_f0.750,0.75,1.0,5,0.2,39.800000000000004,40.175,26,53,8035,2114,2.1787841561693484,190,0.6485305564911465,0.012970611129822932,7.425747098923028,17.322790101540775,2.6388199125284615,4.4565439914599745,16,"{""0"": 0.008111100947436835, ""1"": 0.0239951041290577, ""2"": 0.010552614657423045, ""3"": 0.012651634264931677, ""4"": 0.016544185492070602, ""5"": 0.005969027288017728}"
frozen_unmatched,200,p0.20_f0.750,0.75,1.0,5,0.2,39.800000000000004,40.175,26,53,8035,2114,2.1787841561693484,200,0.6373592509406193,0.012747185018812389,4.256161337154623,17.33559708758044,2.644331812635231,4.565520651882061,16,"{""0"": 0.00809842719365068, ""1"": 0.022741164871479265, ""2"": 0.010365745118252721, ""3"": 0.012395211684954329, ""4"": 0.01666113217948726, ""5"": 0.00622142906505007}"
frozen_unmatched,200,p0.20_f0.875,0.875,1.0,5,0.2,39.800000000000004,40.175,26,53,8035,2114,2.2596538662326484,0,1.0105627793144452,0.020211255586288904,nan,0.0,2.2596538662326484,5.7408819492605225,20,"{""0"": 0.019405960737932645, ""1"": 0.022525619501104446, ""2"": 0.01700435664464812, ""3"": 0.020216913709085658, ""4"": 0.02146666010261849, ""5"": 0.02064802282234405}"
frozen_unmatched,200,p0.20_f0.875,0.875,1.0,5,0.2,39.800000000000004,40.175,26,53,8035,2114,2.2596538662326484,10,0.9314952581992338,0.01862990516398468,4.380640645627776,15.04413938713803,2.8983236305976714,4.893515803253178,19,"{""0"": 0.005004434911513684, ""1"": 0.024538193979780267, ""2"": 0.01946123361575904, ""3"": 0.014586117183191333, ""4"": 0.017755968168887807, ""5"": 0.03043348312477595}"
frozen_unmatched,200,p0.20_f0.875,0.875,1.0,5,0.2,39.800000000000004,40.175,26,53,8035,2114,2.2596538662326484,20,0.6772187838698723,0.013544375677397448,10.896276330259424,15.774912974127378,2.8216518516918168,5.035157112830376,19,"{""0"": 0.004642937807640354, ""1"": 0.021778231682446435, ""2"": 0.019823089338673532, ""3"": 0.015132294232431242, ""4"": 0.010227402261608412, ""5"": 0.00966229874158471}"
frozen_unmatched,200,p0.20_f0.875,0.875,1.0,5,0.2,39.800000000000004,40.175,26,53,8035,2114,2.2596538662326484,30,0.6201294766665446,0.012402589533330894,19.24720437802815,15.866220483038457,2.688023956944363,5.704611047904533,20,"{""0"": 0.005402838583928553, ""1"": 0.02063221080699689, ""2"": 0.011328895904651174, ""3"": 0.01288009175586416, ""4"": 0.010372000480152284, ""5"": 0.013799499668392296}"
frozen_unmatched,200,p0.20_f0.875,0.875,1.0,5,0.2,39.800000000000004,40.175,26,53,8035,2114,2.2596538662326484,40,0.6578853376021561,0.013157706752043124,18.1577043327739,15.717781743834466,2.510510318387343,5.673704146822582,20,"{""0"": 0.006358813740839563, ""1"": 0.017369704800384838, ""2"": 0.012337038886526056, ""3"": 0.01317313373364235, ""4"": 0.014929335393772919, ""5"": 0.01477821395709302}"
frozen_unmatched,200,p0.20_f0.875,0.875,1.0,5,0.2,39.800000000000004,40.175,26,53,8035,2114,2.2596538662326484,50,0.612336502499356,0.012246730049987123,14.217459718242496,15.949676408972335,2.5524187049601648,5.5511099836148805,20,"{""0"": 0.0057112575888488325, ""1"": 0.016528863954985307, ""2"": 0.012250524154537201, ""3"": 0.013539775390277509, ""4"": 0.01344996527503261, ""5"": 0.01199999393624128}"
frozen_unmatched,200,p0.20_f0.875,0.875,1.0,5,0.2,39.800000000000004,40.175,26,53,8035,2114,2.2596538662326484,60,0.5908107958378647,0.011816215916757297,27.7923141198397,16.061290541809104,2.5611361803472334,5.823102675580362,21,"{""0"": 0.006275042935905621, ""1"": 0.016045656347195493, ""2"": 0.012337915687145047, ""3"": 0.012654754941498033, ""4"": 0.012363464789283535, ""5"": 0.011220460799516049}"
frozen_unmatched,200,p0.20_f0.875,0.875,1.0,5,0.2,39.800000000000004,40.175,26,53,8035,2114,2.2596538662326484,70,0.5742669038556857,0.011485338077113716,9.283685149255875,16.17922468067964,2.49900736069925,5.799632948917059,21,"{""0"": 0.006149025166932238, ""1"": 0.017568546250238945, ""2"": 0.011969965965554113, ""3"": 0.009928059498757464, ""4"": 0.012496921508441632, ""5"": 0.010799510072757904}"
frozen_unmatched,200,p0.20_f0.875,0.875,1.0,5,0.2,39.800000000000004,40.175,26,53,8035,2114,2.2596538662326484,80,0.5774296261265873,0.011548592522531749,19.69021652822194,16.158702266636805,2.482345162894773,5.896732556802643,21,"{""0"": 0.006284244956282092, ""1"": 0.01681376961369883, ""2"": 0.012067369678250225, ""3"": 0.011229070979677859, ""4"": 0.012561466014311035, ""5"": 0.01033563389297045}"
frozen_unmatched,200,p0.20_f0.875,0.875,1.0,5,0.2,39.800000000000004,40.175,26,53,8035,2114,2.2596538662326484,90,0.5765899333889677,0.011531798667779355,16.35409732791027,16.31999316379109,2.3839730034225,5.86523042458448,21,"{""0"": 0.004811072151914489, ""1"": 0.01734054506356766, ""2"": 0.012264856455762007, ""3"": 0.01004134234350416, ""4"": 0.014209820954629141, ""5"": 0.010523155037298672}"
frozen_unmatched,200,p0.20_f0.875,0.875,1.0,5,0.2,39.800000000000004,40.175,26,53,8035,2114,2.2596538662326484,100,0.5682308605754244,0.01136461721150849,7.942502300436342,16.442037048947636,2.4581307246232975,5.776843457354004,21,"{""0"": 0.004533531973752556, ""1"": 0.018202191227742213, ""2"": 0.012464730556028494, ""3"": 0.009105640705721622, ""4"": 0.0138534643887437, ""5"": 0.010028144417062356}"
frozen_unmatched,200,p0.20_f0.875,0.875,1.0,5,0.2,39.800000000000004,40.175,26,53,8035,2114,2.2596538662326484,110,0.5518616839900192,0.011037233679800385,30.340498645667875,16.483091190628116,2.484649821603106,5.713687207848532,20,"{""0"": 0.00521326085062406, ""1"": 0.016924837092349175, ""2"": 0.01216160363079818, ""3"": 0.009680544656849996, ""4"": 0.01207339711245994, ""5"": 0.010169758735720957}"
frozen_unmatched,200,p0.20_f0.875,0.875,1.0,5,0.2,39.800000000000004,40.175,26,53,8035,2114,2.2596538662326484,120,0.564076076833878,0.011281521536677561,2.9953004774258045,16.52961683489564,2.449801028403229,5.723274461827239,21,"{""0"": 0.00564916390739915, ""1"": 0.016759540477633485, ""2"": 0.011660776076129628, ""3"": 0.009839292197754305, ""4"": 0.0131567022386419, ""5"": 0.01062365432250689}"
frozen_unmatched,200,p0.20_f0.875,0.875,1.0,5,0.2,39.800000000000004,40.175,26,53,8035,2114,2.2596538662326484,130,0.5517674550199013,0.011035349100398027,10.682103421213235,16.59774368734793,2.4842690734657777,5.551565507290295,20,"{""0"": 0.004202258407283888, ""1"": 0.017895195174901953, ""2"": 0.012306116222185306, ""3"": 0.008910629522193205, ""4"": 0.01460037951518657, ""5"": 0.008297515760637234}"
frozen_unmatched,200,p0.20_f0.875,0.875,1.0,5,0.2,39.800000000000004,40.175,26,53,8035,2114,2.2596538662326484,140,0.5388816535545956,0.010777633071091914,6.264503256763151,16.65774183257149,2.466638558952088,5.473612822205649,20,"{""0"": 0.00427426458633203, ""1"": 0.01772319502332522, ""2"": 0.012300418123365364, ""3"": 0.00876238864227304, ""4"": 0.013942642281567622, ""5"": 0.007662889769688194}"
frozen_unmatched,200,p0.20_f0.875,0.875,1.0,5,0.2,39.800000000000004,40.175,26,53,8035,2114,2.2596538662326484,150,0.5332630911267067,0.010665261822534135,5.493710720316164,16.62209285436464,2.5129077125088903,5.3626379357602945,20,"{""0"": 0.004237239691483517, ""1"": 0.017193173394014626, ""2"": 0.012102253250065444, ""3"": 0.008712262895635106, ""4"": 0.014669722283000225, ""5"": 0.007076919421005898}"
frozen_unmatched,200,p0.20_f0.875,0.875,1.0,5,0.2,39.800000000000004,40.175,26,53,8035,2114,2.2596538662326484,160,0.5313189593254585,0.010626379186509171,18.248312908603385,16.59005404643097,2.496546395096446,5.378221014899929,20,"{""0"": 0.004740547120383165, ""1"": 0.017458204488210203, ""2"": 0.012415172944173436, ""3"": 0.007483352359740204, ""4"": 0.01482189132617014, ""5"": 0.0068391068803778775}"
frozen_unmatched,200,p0.20_f0.875,0.875,1.0,5,0.2,39.800000000000004,40.175,26,53,8035,2114,2.2596538662326484,170,0.5200910219370863,0.010401820438741728,5.086672310923903,16.638006357648145,2.495489242187671,5.338677849691949,20,"{""0"": 0.005214477867830755, ""1"": 0.01634811374467537, ""2"": 0.012083523317286262, ""3"": 0.008057999655976455, ""4"": 0.013995657440373366, ""5"": 0.006711150606308151}"
frozen_unmatched,200,p0.20_f0.875,0.875,1.0,5,0.2,39.800000000000004,40.175,26,53,8035,2114,2.2596538662326484,180,0.5262543974867016,0.010525087949734033,5.019091903338003,16.709719542035984,2.497415556019593,5.242127736294069,20,"{""0"": 0.005103385749496437, ""1"": 0.01603549746049194, ""2"": 0.012111225334289797, ""3"": 0.00801732429856957, ""4"": 0.015290823100642031, ""5"": 0.006592271754914425}"
frozen_unmatched,200,p0.20_f0.875,0.875,1.0,5,0.2,39.800000000000004,40.175,26,53,8035,2114,2.2596538662326484,190,0.5298163490567896,0.010596326981135796,6.5779719670911385,16.755041415162314,2.533803994714763,5.183564927770089,20,"{""0"": 0.005037067699505197, ""1"": 0.01630531576146283, ""2"": 0.012044577578150296, ""3"": 0.007975044832725533, ""4"": 0.015643438861373992, ""5"": 0.006572517153596925}"
frozen_unmatched,200,p0.20_f0.875,0.875,1.0,5,0.2,39.800000000000004,40.175,26,53,8035,2114,2.2596538662326484,200,0.5253129232750798,0.010506258465501598,5.645431821167295,16.81041873928797,2.5406944407787155,5.265271577190938,20,"{""0"": 0.004993845969156212, ""1"": 0.01637019273368694, ""2"": 0.012060900615106195, ""3"": 0.00820389598469588, ""4"": 0.014925069076044756, ""5"": 0.006483646414319611}"
frozen_unmatched,200,p0.40_f0.500,0.5,1.0,5,0.4,79.60000000000001,79.915,63,96,15983,2114,1.991463813685745,0,1.0243440992072472,0.020486881984144948,nan,0.0,1.991463813685745,7.558236800630626,20,"{""0"": 0.019155908956111377, ""1"": 0.022380690870158853, ""2"": 0.020927028570514466, ""3"": 0.02035233288867604, ""4"": 0.02066393050454294, ""5"": 0.019441400114866017}"
frozen_unmatched,200,p0.40_f0.500,0.5,1.0,5,0.4,79.60000000000001,79.915,63,96,15983,2114,1.991463813685745,10,0.8640604226976784,0.01728120845395357,1.559650733024354,13.968192347230353,2.467449054574547,4.8149902448244095,17,"{""0"": 0.00434449213823806, ""1"": 0.03466464294403722, ""2"": 0.009528621129095952, ""3"": 0.02627166425524523, ""4"": 0.01487519112239781, ""5"": 0.014002639134707149}"
frozen_unmatched,200,p0.40_f0.500,0.5,1.0,5,0.4,79.60000000000001,79.915,63,96,15983,2114,1.991463813685745,20,0.8163206791092738,0.016326413582185475,3.1768883292122982,15.70122321433345,2.588829929223204,3.967590865753115,15,"{""0"": 0.005925837171946091, ""1"": 0.029865633156907982, ""2"": 0.007745268799882106, ""3"": 0.026326339232527418, ""4"": 0.021092967447073167, ""5"": 0.007002435684776084}"
frozen_unmatched,200,p0.40_f0.500,0.5,1.0,5,0.4,79.60000000000001,79.915,63,96,15983,2114,1.991463813685745,30,0.8140766265731398,0.0162815325314628,17.274106834887963,15.831301585623633,2.514000225463667,4.0347294035341,16,"{""0"": 0.015115980500691777, ""1"": 0.027303077525970165, ""2"": 0.007532551248421691, ""3"": 0.026259484965522262, ""4"": 0.015306388501364015, ""5"": 0.006171712446806871}"
frozen_unmatched,200,p0.40_f0.500,0.5,1.0,5,0.4,79.60000000000001,79.915,63,96,15983,2114,1.991463813685745,40,0.8360169317941343,0.016720338635882688,20.070684224150767,16.154120350404398,2.5178987571582576,4.202084563437756,17,"{""0"": 0.014295409723637232, ""1"": 0.024850562108434844, ""2"": 0.007130911762325509, ""3"": 0.02985639045581252, ""4"": 0.017601585742228504, ""5"": 0.006587172022857521}"
frozen_unmatched,200,p0.40_f0.500,0.5,1.0,5,0.4,79.60000000000001,79.915,63,96,15983,2114,1.991463813685745,50,0.8529808290862887,0.017059616581725775,15.903290204034459,16.268920081750693,2.5001218195886854,4.375306806561369,17,"{""0"": 0.017102416915998283, ""1"": 0.024709393388486347, ""2"": 0.007186740629654055, ""3"": 0.030969183538763424, ""4"": 0.016638351222757013, ""5"": 0.005751613794695543}"
frozen_unmatched,200,p0.40_f0.500,0.5,1.0,5,0.4,79.60000000000001,79.915,63,96,15983,2114,1.991463813685745,60,0.8080158936207894,0.01616031787241579,15.405864638295448,16.529296216235004,2.51924202003166,4.534957221558875,18,"{""0"": 0.01661510473056072, ""1"": 0.022723713211037964, ""2"": 0.008031766628531525, ""3"": 0.03060909873226313, ""4"": 0.013866402229577395, ""5"": 0.005115821702524014}"
frozen_unmatched,200,p0.40_f0.500,0.5,1.0,5,0.4,79.60000000000001,79.915,63,96,15983,2114,1.991463813685745,70,0.797759455271284,0.01595518910542568,6.788037563301818,16.821553174214028,2.520930832383484,4.573624984494382,18,"{""0"": 0.01650000269662779, ""1"": 0.021482865054993028, ""2"": 0.008586944347836861, ""3"": 0.031836628670850596, ""4"": 0.013014598590156815, ""5"": 0.004310095272089006}"
frozen_unmatched,200,p0.40_f0.500,0.5,1.0,5,0.4,79.60000000000001,79.915,63,96,15983,2114,1.991463813685745,80,0.7641503480952788,0.015283006961905578,26.337109526354833,16.800821778936193,2.500338237678111,4.47674581007483,18,"{""0"": 0.014317009200164954, ""1"": 0.020275738676188797, ""2"": 0.008209986307230419, ""3"": 0.031048904101738505, ""4"": 0.014071760956593862, ""5"": 0.0037746425295169194}"
frozen_unmatched,200,p0.40_f0.500,0.5,1.0,5,0.4,79.60000000000001,79.915,63,96,15983,2114,1.991463813685745,90,0.7257009535181564,0.014514019070363132,19.59176788507071,16.59948796606709,2.45322550187647,4.023833542974629,17,"{""0"": 0.015514398956802001, ""1"": 0.018669788470051202, ""2"": 0.007742651647572663, ""3"": 0.027086611700696584, ""4"": 0.01465002912889608, ""5"": 0.0034206345181602496}"
frozen_unmatched,200,p0.40_f0.500,0.5,1.0,5,0.4,79.60000000000001,79.915,63,96,15983,2114,1.991463813685745,100,0.6741488438699214,0.013482976877398429,2.070973517668611,16.417267749592007,2.423765186066434,3.9993690183487276,17,"{""0"": 0.016592847190854097, ""1"": 0.017625206078194018, ""2"": 0.0065165715321400895, ""3"": 0.025714737001170766, ""4"": 0.011183466169869061, ""5"": 0.00326503329216254}"
frozen_unmatched,200,p0.40_f0.500,0.5,1.0,5,0.4,79.60000000000001,79.915,63,96,15983,2114,1.991463813685745,110,0.6634492329063879,0.01326898465812776,15.854387681024793,16.420889166429212,2.4172356216142927,4.1036372453745305,18,"{""0"": 0.017530435633459757, ""1"": 0.017164392330751597, ""2"": 0.005834250675344281, ""3"": 0.02399567886795249, ""4"": 0.0117798928110113, ""5"": 0.003309257630247136}"
frozen_unmatched,200,p0.40_f0.500,0.5,1.0,5,0.4,79.60000000000001,79.915,63,96,15983,2114,1.991463813685745,120,0.6398755442533239,0.01279751088506648,21.230957768538975,16.43633233223119,2.42473764668928,4.085347461654929,17,"{""0"": 0.015759169299845284, ""1"": 0.016813522136635024, ""2"": 0.006871667723016154, ""3"": 0.022632270916970686, ""4"": 0.01118154976107424, ""5"": 0.0035268854728574945}"
frozen_unmatched,200,p0.40_f0.500,0.5,1.0,5,0.4,79.60000000000001,79.915,63,96,15983,2114,1.991463813685745,130,0.6090521834482476,0.012181043668964954,36.29259907253437,16.37070554910197,2.4259118513417155,3.998709616560275,17,"{""0"": 0.014573793147686406, ""1"": 0.01591140806596312, ""2"": 0.006987972609801265, ""3"": 0.021876691607729187, ""4"": 0.009917674545685679, ""5"": 0.003818722036924059}"
frozen_unmatched,200,p0.40_f0.500,0.5,1.0,5,0.4,79.60000000000001,79.915,63,96,15983,2114,1.991463813685745,140,0.6113673031543909,0.01222734606308782,4.120711181517047,16.435506631615187,2.4234007180441934,4.0600188986008705,17,"{""0"": 0.013834728578619305, ""1"": 0.014800599465255915, ""2"": 0.0075945518140913635, ""3"": 0.023314909357863445, ""4"": 0.009257966037315723, ""5"": 0.004561321125381165}"
frozen_unmatched,200,p0.40_f0.500,0.5,1.0,5,0.4,79.60000000000001,79.915,63,96,15983,2114,1.991463813685745,150,0.5899284949174131,0.011798569898348262,3.0335477440149976,16.442079522643514,2.42155134063358,4.059002911232275,17,"{""0"": 0.013278790845540775, ""1"": 0.014727271209768463, ""2"": 0.006171263113646732, ""3"": 0.02271458661307907, ""4"": 0.00987822290449143, ""5"": 0.004021284703563102}"
frozen_unmatched,200,p0.40_f0.500,0.5,1.0,5,0.4,79.60000000000001,79.915,63,96,15983,2114,1.991463813685745,160,0.5962303116453906,0.011924606232907814,8.566978740922925,16.487280594218838,2.419260021902813,4.123726663093317,17,"{""0"": 0.013271734216258754, ""1"": 0.014672341258422306, ""2"": 0.0065509250503019935, ""3"": 0.022639185996623575, ""4"": 0.010029218707026577, ""5"": 0.0043842321688136844}"
frozen_unmatched,200,p0.40_f0.500,0.5,1.0,5,0.4,79.60000000000001,79.915,63,96,15983,2114,1.991463813685745,170,0.5937005413790504,0.011874010827581008,1.94454156048201,16.55545420296234,2.4223260574381795,4.131772798316011,17,"{""0"": 0.01352277916490196, ""1"": 0.014620982692629885, ""2"": 0.006866463279378269, ""3"": 0.022007454460282353, ""4"": 0.009942561882866362, ""5"": 0.004283823485427216}"
frozen_unmatched,200,p0.40_f0.500,0.5,1.0,5,0.4,79.60000000000001,79.915,63,96,15983,2114,1.991463813685745,180,0.5923770558615212,0.011847541117230425,7.796449341764648,16.59343419119786,2.4123434156121104,4.224332824291694,17,"{""0"": 0.012741553258066978, ""1"": 0.01464614867279557, ""2"": 0.007459168147062036, ""3"": 0.02147404242480195, ""4"": 0.00968634687105885, ""5"": 0.0050779873295971655}"
frozen_unmatched,200,p0.40_f0.500,0.5,1.0,5,0.4,79.60000000000001,79.915,63,96,15983,2114,1.991463813685745,190,0.5964186522379068,0.011928373044758137,10.396186841115014,16.575304536462067,2.411701679825494,4.230489592619451,17,"{""0"": 0.013033248000237922, ""1"": 0.014407867434131189, ""2"": 0.0070947333006285, ""3"": 0.021274311182572017, ""4"": 0.010083392602029815, ""5"": 0.00567668574894937}"
frozen_unmatched,200,p0.40_f0.500,0.5,1.0,5,0.4,79.60000000000001,79.915,63,96,15983,2114,1.991463813685745,200,0.5913887455945486,0.011827774911890973,16.21040249449923,16.625674187419797,2.4181215813661967,4.257907538117891,17,"{""0"": 0.013411189137965273, ""1"": 0.014525762109735421, ""2"": 0.007398417598793265, ""3"": 0.02031930787637367, ""4"": 0.009867705164980057, ""5"": 0.005444267583498144}"
frozen_unmatched,200,p0.40_f0.750,0.75,1.0,5,0.4,79.60000000000001,79.915,63,96,15983,2114,2.149793693651154,0,1.0313173843459387,0.020626347686918775,nan,0.0,2.149793693651154,8.40056507016968,23,"{""0"": 0.01972442903700756, ""1"": 0.022309361574248007, ""2"": 0.020195936059420626, ""3"": 0.020079338685564184, ""4"": 0.021878146118211532, ""5"": 0.01957087464706076}"
frozen_unmatched,200,p0.40_f0.750,0.75,1.0,5,0.4,79.60000000000001,79.915,63,96,15983,2114,2.149793693651154,10,0.8985912145809917,0.017971824291619833,11.269988969635486,15.495155520487204,2.464879775283888,4.828450894847324,18,"{""0"": 0.008194577256869805, ""1"": 0.03197557381616373, ""2"": 0.01221052158889126, ""3"": 0.023831040833677868, ""4"": 0.016235373212064204, ""5"": 0.015383859042052136}"
frozen_unmatched,200,p0.40_f0.750,0.75,1.0,5,0.4,79.60000000000001,79.915,63,96,15983,2114,2.149793693651154,20,0.8677184686358556,0.017354369372717112,5.5130494642021635,16.424198929986098,2.5135792281124063,4.931963232012781,18,"{""0"": 0.011927926863434303, ""1"": 0.023470399057924574, ""2"": 0.015810397876675993, ""3"": 0.02093309237978573, ""4"": 0.024946738697052405, ""5"": 0.007037661361429669}"
frozen_unmatched,200,p0.40_f0.750,0.75,1.0,5,0.4,79.60000000000001,79.915,63,96,15983,2114,2.149793693651154,30,0.8686088639967878,0.01737217727993576,17.986052971687837,16.5916746801915,2.4114929110039234,5.236333938515132,19,"{""0"": 0.012655011024033231, ""1"": 0.024460788696922916, ""2"": 0.013696769884387108, ""3"": 0.02128463008663588, ""4"": 0.021877508029055533, ""5"": 0.010258355958579884}"
frozen_unmatched,200,p0.40_f0.750,0.75,1.0,5,0.4,79.60000000000001,79.915,63,96,15983,2114,2.149793693651154,40,0.7894395744600501,0.015788791489201003,9.240154528645313,16.498865514420704,2.4335644191577104,5.147685997901185,19,"{""0"": 0.013685086201061306, ""1"": 0.02193977397474213, ""2"": 0.007936455321486544, ""3"": 0.019645175805046884, ""4"": 0.023493984485027604, ""5"": 0.008032273147841548}"
frozen_unmatched,200,p0.40_f0.750,0.75,1.0,5,0.4,79.60000000000001,79.915,63,96,15983,2114,2.149793693651154,50,0.7737988225587358,0.015475976451174718,18.69100040150874,16.525410201071637,2.4177386399118177,5.15938419158287,20,"{""0"": 0.013957355870812019, ""1"": 0.021217977157715156, ""2"": 0.00839104468562472, ""3"": 0.02066422846261804, ""4"": 0.02183977070290968, ""5"": 0.006785481827368681}"
frozen_unmatched,200,p0.40_f0.750,0.75,1.0,5,0.4,79.60000000000001,79.915,63,96,15983,2114,2.149793693651154,60,0.7683775199077801,0.015367550398155606,16.62420141988667,16.443283422413554,2.3816568478280637,5.0996836131091765,20,"{""0"": 0.0166747380482714, ""1"": 0.019860220157091806, ""2"": 0.007230703062554421, ""3"": 0.02064736870789071, ""4"": 0.020999277626009706, ""5"": 0.006792994787115592}"
frozen_unmatched,200,p0.40_f0.750,0.75,1.0,5,0.4,79.60000000000001,79.915,63,96,15983,2114,2.149793693651154,70,0.7501950059254935,0.015003900118509871,10.591182493518655,16.534146063517298,2.4417632571949492,5.269606092145093,21,"{""0"": 0.016672278670315857, ""1"": 0.01869667524702418, ""2"": 0.008471445322453277, ""3"": 0.02188373741328222, ""4"": 0.018553402987791148, ""5"": 0.005745861070192548}"
frozen_unmatched,200,p0.40_f0.750,0.75,1.0,5,0.4,79.60000000000001,79.915,63,96,15983,2114,2.149793693651154,80,0.7443795037903694,0.01488759007580739,13.524581470173297,16.544853755448866,2.453705608915246,5.226635579461535,21,"{""0"": 0.015384002583330355, ""1"": 0.019935828636066324, ""2"": 0.008146355830471932, ""3"": 0.020797833558630494, ""4"": 0.018016021276494865, ""5"": 0.007045498569850359}"
frozen_unmatched,200,p0.40_f0.750,0.75,1.0,5,0.4,79.60000000000001,79.915,63,96,15983,2114,2.149793693651154,90,0.7511700152353211,0.015023400304706424,11.936981345234944,16.550174002068186,2.449763096104903,5.221586877585012,21,"{""0"": 0.014579558498391338, ""1"": 0.021831352385337906, ""2"": 0.008395569293693266, ""3"": 0.0209930573609845, ""4"": 0.017345520608628272, ""5"": 0.006995343681203267}"
frozen_unmatched,200,p0.40_f0.750,0.75,1.0,5,0.4,79.60000000000001,79.915,63,96,15983,2114,2.149793693651154,100,0.7451120028214682,0.014902240056429365,2.2883564849334372,16.61226335901529,2.4638196576499,5.094888343533798,22,"{""0"": 0.01518713638800405, ""1"": 0.022047647405884673, ""2"": 0.007632397675905749, ""3"": 0.021410315338204616, ""4"": 0.016733810791259348, ""5"": 0.006402132739317762}"
frozen_unmatched,200,p0.40_f0.750,0.75,1.0,5,0.4,79.60000000000001,79.915,63,96,15983,2114,2.149793693651154,110,0.7318382014510391,0.014636764029020784,19.36436507130801,16.688224776599007,2.463944650365456,4.970635770976783,21,"{""0"": 0.015248072378430882, ""1"": 0.020999552569996395, ""2"": 0.0076970996288440565, ""3"": 0.021186772317408953, ""4"": 0.016500954007440533, ""5"": 0.00618813327200389}"
frozen_unmatched,200,p0.40_f0.750,0.75,1.0,5,0.4,79.60000000000001,79.915,63,96,15983,2114,2.149793693651154,120,0.7349894375111661,0.014699788750223325,11.382852560297628,16.707895673032255,2.463043458262251,4.9412767062361995,21,"{""0"": 0.01563272083411715, ""1"": 0.02015225158303451, ""2"": 0.007988536419034529, ""3"": 0.021162045976302175, ""4"": 0.01670407952463742, ""5"": 0.0065590981642141555}"
frozen_unmatched,200,p0.40_f0.750,0.75,1.0,5,0.4,79.60000000000001,79.915,63,96,15983,2114,2.149793693651154,130,0.7558871867046096,0.015117743734092194,35.965751009650454,16.728537902705302,2.4584043147858794,5.1254982009419034,21,"{""0"": 0.015937328617583745, ""1"": 0.020847103460763333, ""2"": 0.008296003659802036, ""3"": 0.021276595904858444, ""4"": 0.017065837899664406, ""5"": 0.007283592861881208}"
frozen_unmatched,200,p0.40_f0.750,0.75,1.0,5,0.4,79.60000000000001,79.915,63,96,15983,2114,2.149793693651154,140,0.7523796122296551,0.015047592244593105,5.516994016574642,16.836331331761706,2.470104147661403,5.279042414936635,22,"{""0"": 0.016500711717784798, ""1"": 0.021065731160944054, ""2"": 0.00821076612758433, ""3"": 0.021390738785308682, ""4"": 0.015975225185690566, ""5"": 0.00714238049024619}"
frozen_unmatched,200,p0.40_f0.750,0.75,1.0,5,0.4,79.60000000000001,79.915,63,96,15983,2114,2.149793693651154,150,0.7349921339434478,0.014699842678868957,4.540613742110856,16.87560059655726,2.470960079639533,5.291950218388347,22,"{""0"": 0.016055264782131946, ""1"": 0.019844258696457343, ""2"": 0.008248962644991411, ""3"": 0.021355910850512173, ""4"": 0.015632252708540385, ""5"": 0.0070624063905804875}"
frozen_unmatched,200,p0.40_f0.750,0.75,1.0,5,0.4,79.60000000000001,79.915,63,96,15983,2114,2.149793693651154,160,0.7177886763107357,0.014355773526214716,6.3337926728482286,16.833216450933087,2.470648875816811,5.233562274893944,22,"{""0"": 0.01572170564970796, ""1"": 0.01917966324803024, ""2"": 0.007705166606015915, ""3"": 0.021114878195093188, ""4"": 0.01580420310978549, ""5"": 0.00660902434865551}"
frozen_unmatched,200,p0.40_f0.750,0.75,1.0,5,0.4,79.60000000000001,79.915,63,96,15983,2114,2.149793693651154,170,0.7161913569890452,0.014323827139780908,10.550034712227076,16.837184590036365,2.4633207060158995,5.293460386030596,22,"{""0"": 0.015077807981876157, ""1"": 0.019127658078177262, ""2"": 0.009453559707325417, ""3"": 0.02078877618880503, ""4"": 0.015119305500864022, ""5"": 0.00637585538163757}"
frozen_unmatched,200,p0.40_f0.750,0.75,1.0,5,0.4,79.60000000000001,79.915,63,96,15983,2114,2.149793693651154,180,0.7260898140674681,0.014521796281349364,8.26097600297921,16.835732835841263,2.4538765644765537,5.254839570301159,22,"{""0"": 0.014297927777782974, ""1"": 0.020478389512117664, ""2"": 0.011399996706269542, ""3"": 0.019830753602887836, ""4"": 0.014887282513381641, ""5"": 0.00623642757565653}"
frozen_unmatched,200,p0.40_f0.750,0.75,1.0,5,0.4,79.60000000000001,79.915,63,96,15983,2114,2.149793693651154,190,0.7072170464235681,0.014144340928471364,12.493515295786622,16.85946817997749,2.4546105509218346,5.237170144368203,22,"{""0"": 0.01380811023431299, ""1"": 0.020902462798185147, ""2"": 0.009643226494230342, ""3"": 0.01941898925027194, ""4"": 0.014810595361430933, ""5"": 0.006282661432396834}"
frozen_unmatched,200,p0.40_f0.750,0.75,1.0,5,0.4,79.60000000000001,79.915,63,96,15983,2114,2.149793693651154,200,0.6742901972023437,0.013485803944046876,10.783203795291291,16.933503025550568,2.461319244440096,5.021715409393113,22,"{""0"": 0.013402647990134086, ""1"": 0.020442025345858345, ""2"": 0.006855916894219986, ""3"": 0.01940650798769846, ""4"": 0.014745610306690447, ""5"": 0.006062115139679938}"
frozen_unmatched,200,p0.40_f0.875,0.875,1.0,5,0.4,79.60000000000001,79.915,63,96,15983,2114,2.2230031585814416,0,1.0360639240793954,0.02072127848158791,nan,0.0,2.2230031585814416,8.94658920548292,24,"{""0"": 0.02010125731093932, ""1"": 0.022687989288650602, ""2"": 0.01998957734859007, ""3"": 0.020113057316465087, ""4"": 0.022126354798536616, ""5"": 0.019309434826345777}"
frozen_unmatched,200,p0.40_f0.875,0.875,1.0,5,0.4,79.60000000000001,79.915,63,96,15983,2114,2.2230031585814416,10,0.8716775419344096,0.017433550838688194,8.639726008199688,14.346691918879706,2.404872800547883,3.663793834977218,18,"{""0"": 0.012133969071001187, ""1"": 0.026764617190497646, ""2"": 0.00956475519494262, ""3"": 0.01851956434354769, ""4"": 0.026531908911237845, ""5"": 0.011086490320902182}"
frozen_unmatched,200,p0.40_f0.875,0.875,1.0,5,0.4,79.60000000000001,79.915,63,96,15983,2114,2.2230031585814416,20,1.0635734086313353,0.021271468172626706,11.197810425626841,16.1146912435175,2.490552440978594,5.331161417882878,21,"{""0"": 0.016109895099588146, ""1"": 0.026382920810559186, ""2"": 0.02060375776539356, ""3"": 0.025484142129699693, ""4"": 0.02777583039348446, ""5"": 0.01127226283703521}"
frozen_unmatched,200,p0.40_f0.875,0.875,1.0,5,0.4,79.60000000000001,79.915,63,96,15983,2114,2.2230031585814416,30,1.0370389207543562,0.02074077841508713,23.39213490230016,16.383531442930195,2.5325349037797475,5.617642033699538,21,"{""0"": 0.014997306159667512, ""1"": 0.022800577308425822, ""2"": 0.027144637854261126, ""3"": 0.019795980123476883, ""4"": 0.0277469975690668, ""5"": 0.011959171475624645}"
frozen_unmatched,200,p0.40_f0.875,0.875,1.0,5,0.4,79.60000000000001,79.915,63,96,15983,2114,2.2230031585814416,40,0.979571786150987,0.019591435723019742,51.38505925237685,15.933940017184053,2.4324965812408434,6.526121135374318,22,"{""0"": 0.013633188373246985, ""1"": 0.021000878395588035, ""2"": 0.024423134335242937, ""3"": 0.019861249283883574, ""4"": 0.026942648900476356, ""5"": 0.011687515049680556}"
frozen_unmatched,200,p0.40_f0.875,0.875,1.0,5,0.4,79.60000000000001,79.915,63,96,15983,2114,2.2230031585814416,50,0.8588771620689717,0.017177543241379434,23.2255002135648,15.735432379460292,2.4196820051663055,5.607428939394842,22,"{""0"": 0.01337996155931589, ""1"": 0.02177243632481316, ""2"": 0.016748826683558843, ""3"": 0.018697820460902504, ""4"": 0.024485846163909634, ""5"": 0.007980368255776582}"
frozen_unmatched,200,p0.40_f0.875,0.875,1.0,5,0.4,79.60000000000001,79.915,63,96,15983,2114,2.2230031585814416,60,0.8007332326486122,0.016014664652972247,20.099726540065046,15.809021615962806,2.367605117140817,5.356513958504551,22,"{""0"": 0.014254632043884996, ""1"": 0.02042063176745936, ""2"": 0.014891759633227563, ""3"": 0.01654185596295468, ""4"": 0.021077470208171818, ""5"": 0.008901638302135053}"
frozen_unmatched,200,p0.40_f0.875,0.875,1.0,5,0.4,79.60000000000001,79.915,63,96,15983,2114,2.2230031585814416,70,0.75982597229501,0.015196519445900203,10.554575077586216,15.851591934541174,2.3759415564045074,5.997462781491995,22,"{""0"": 0.013945467203717981, ""1"": 0.017925792493721227, ""2"": 0.015066512966816695, ""3"": 0.01706021406655836, ""4"": 0.018678566031106663, ""5"": 0.00850256391348029}"
frozen_unmatched,200,p0.40_f0.875,0.875,1.0,5,0.4,79.60000000000001,79.915,63,96,15983,2114,2.2230031585814416,80,0.7646252098824768,0.01529250419764954,11.405746395581641,15.85685058907392,2.3725564772882124,5.877076634029524,22,"{""0"": 0.014424456936266561, ""1"": 0.018864395693887724, ""2"": 0.013689832524093924, ""3"": 0.017074089724917085, ""4"": 0.017744309655123726, ""5"": 0.009957940651608224}"
frozen_unmatched,200,p0.40_f0.875,0.875,1.0,5,0.4,79.60000000000001,79.915,63,96,15983,2114,2.2230031585814416,90,0.7414488383941403,0.014828976767882808,15.34836220934821,15.839200419902554,2.361338787099215,6.205118521057715,22,"{""0"": 0.014072537486862347, ""1"": 0.017248119965325128, ""2"": 0.014556324697132911, ""3"": 0.01691699705701027, ""4"": 0.018064278246090568, ""5"": 0.008115603154875622}"
frozen_unmatched,200,p0.40_f0.875,0.875,1.0,5,0.4,79.60000000000001,79.915,63,96,15983,2114,2.2230031585814416,100,0.7551725745003157,0.015103451490006315,5.819610403007182,15.949913282386541,2.360914336913383,6.009087718088418,23,"{""0"": 0.014909536094724899, ""1"": 0.017298988199288066, ""2"": 0.015264048808976671, ""3"": 0.01733548956904111, ""4"": 0.01747858572265042, ""5"": 0.008334060545356722}"
frozen_unmatched,200,p0.40_f0.875,0.875,1.0,5,0.4,79.60000000000001,79.915,63,96,15983,2114,2.2230031585814416,110,0.7389248021843386,0.014778496043686775,17.49916918311875,16.016807650410858,2.3598431373517816,5.961638992708009,23,"{""0"": 0.015430430659473063, ""1"": 0.01770646551942375, ""2"": 0.014061976250725822, ""3"": 0.017333943272245807, ""4"": 0.017142060229290514, ""5"": 0.006996100330961708}"
frozen_unmatched,200,p0.40_f0.875,0.875,1.0,5,0.4,79.60000000000001,79.915,63,96,15983,2114,2.2230031585814416,120,0.7440199846658009,0.01488039969331602,12.277199332692737,16.114354659981263,2.358829470903933,6.1812974874794975,23,"{""0"": 0.01490956987960167, ""1"": 0.017655820346488764, ""2"": 0.014917994509327204, ""3"": 0.016986344635411942, ""4"": 0.017687870841193127, ""5"": 0.007124797947873411}"
frozen_unmatched,200,p0.40_f0.875,0.875,1.0,5,0.4,79.60000000000001,79.915,63,96,15983,2114,2.2230031585814416,130,0.7326407378190427,0.014652814756380856,31.699584513363583,16.1296599996239,2.359526925648621,6.395688344842811,24,"{""0"": 0.014851640805128607, ""1"": 0.01662612206376771, ""2"": 0.014919817923044202, ""3"": 0.016912110339721457, ""4"": 0.01750206785374678, ""5"": 0.00710512955287637}"
frozen_unmatched,200,p0.40_f0.875,0.875,1.0,5,0.4,79.60000000000001,79.915,63,96,15983,2114,2.2230031585814416,140,0.7341431804973635,0.01468286360994727,3.761560279848827,16.131048089629694,2.365416287856387,6.339524476402045,23,"{""0"": 0.014895541286105169, ""1"": 0.01598063918329349, ""2"": 0.01584866148289656, ""3"": 0.017280853326390233, ""4"": 0.016262955452234967, ""5"": 0.007828530928763207}"
frozen_unmatched,200,p0.40_f0.875,0.875,1.0,5,0.4,79.60000000000001,79.915,63,96,15983,2114,2.2230031585814416,150,0.7085957882522609,0.014171915765045218,7.9450484667134305,16.214461468355754,2.3728871241524883,6.605218580147317,24,"{""0"": 0.014933650744933396, ""1"": 0.015482182722429011, ""2"": 0.014994197940444601, ""3"": 0.01680753410933476, ""4"": 0.015036169802999133, ""5"": 0.0077777592701304245}"
frozen_unmatched,200,p0.40_f0.875,0.875,1.0,5,0.4,79.60000000000001,79.915,63,96,15983,2114,2.2230031585814416,160,0.6975474242164764,0.01395094848432953,11.473260357101053,16.243344550516202,2.3804171650218935,6.666617298290324,24,"{""0"": 0.014969397184726885, ""1"": 0.015412625493124152, ""2"": 0.013870440913087359, ""3"": 0.01664535335076231, ""4"": 0.014857889247075007, ""5"": 0.00794998471720147}"
frozen_unmatched,200,p0.40_f0.875,0.875,1.0,5,0.4,79.60000000000001,79.915,63,96,15983,2114,2.2230031585814416,170,0.6893996787385303,0.013787993574770606,8.424582606347691,16.223778432924856,2.385648236099239,6.5406526021785245,24,"{""0"": 0.015637290705856823, ""1"": 0.015582252761848625, ""2"": 0.011997429057450321, ""3"": 0.017233416103499426, ""4"": 0.014486240097503243, ""5"": 0.007791332722465201}"
frozen_unmatched,200,p0.40_f0.875,0.875,1.0,5,0.4,79.60000000000001,79.915,63,96,15983,2114,2.2230031585814416,180,0.6815745267247181,0.013631490534494365,5.870371414669643,16.236865640221186,2.3865859328880146,6.634252000569776,24,"{""0"": 0.015389562097648973, ""1"": 0.015215903128556066, ""2"": 0.012077303727238682, ""3"": 0.01748833633984642, ""4"": 0.01328805250296996, ""5"": 0.00832978541070607}"
frozen_unmatched,200,p0.40_f0.875,0.875,1.0,5,0.4,79.60000000000001,79.915,63,96,15983,2114,2.2230031585814416,190,0.6767662905195827,0.013535325810391657,9.68140860410704,16.282694092872582,2.391409098714116,6.580758827359687,24,"{""0"": 0.01472752049096312, ""1"": 0.015171879451319254, ""2"": 0.011966965315819745, ""3"": 0.017649047932654385, ""4"": 0.013511802932798975, ""5"": 0.008184738738794457}"
frozen_unmatched,200,p0.40_f0.875,0.875,1.0,5,0.4,79.60000000000001,79.915,63,96,15983,2114,2.2230031585814416,200,0.6717134162974365,0.013434268325948732,11.969369056722103,16.3753856192512,2.398579387493249,6.767028908809628,24,"{""0"": 0.014955571468186268, ""1"": 0.014791339415726903, ""2"": 0.011790781415975593, ""3"": 0.017484542282820915, ""4"": 0.01347790187720832, ""5"": 0.008105473495774389}"
frozen_unmatched,200,p0.10_f0.500,0.5,1.0,6,0.1,19.900000000000002,19.865,11,31,3973,1929,1.806880454243438,0,1.0295594790942568,0.020591189581885137,nan,0.0,1.806880454243438,9.000983388776264,17,"{""0"": 0.022022733060733747, ""1"": 0.018338773815569594, ""2"": 0.019757622273112795, ""3"": 0.01990415176382033, ""4"": 0.02300985854185206, ""5"": 0.02051399803622231}"
frozen_unmatched,200,p0.10_f0.500,0.5,1.0,6,0.1,19.900000000000002,19.865,11,31,3973,1929,1.806880454243438,10,1.024766609453317,0.02049533218906634,15.432652337293275,14.24164846623085,2.1374312134907982,6.512277899694119,20,"{""0"": 0.013034736545308423, ""1"": 0.02360262557650747, ""2"": 0.017702338301620508, ""3"": 0.02202435019898339, ""4"": 0.01710080559845323, ""5"": 0.02950713691352504}"
frozen_unmatched,200,p0.10_f0.500,0.5,1.0,6,0.1,19.900000000000002,19.865,11,31,3973,1929,1.806880454243438,20,0.8451495296158005,0.016902990592316012,15.708971081366942,15.656759638507568,2.1951432600027405,6.170293323834845,20,"{""0"": 0.01678896484498832, ""1"": 0.02620868480487796, ""2"": 0.014833085414520896, ""3"": 0.014864328520902772, ""4"": 0.01826974032506464, ""5"": 0.010453139643541502}"
frozen_unmatched,200,p0.10_f0.500,0.5,1.0,6,0.1,19.900000000000002,19.865,11,31,3973,1929,1.806880454243438,30,0.7867637752432961,0.015735275504865923,5.1645066953304575,16.00625181817514,2.153420862282993,5.042554883102932,18,"{""0"": 0.016725146986171148, ""1"": 0.0235550807510016, ""2"": 0.013145101080655692, ""3"": 0.013733250799901005, ""4"": 0.01891969784010878, ""5"": 0.008333375571357321}"
frozen_unmatched,200,p0.10_f0.500,0.5,1.0,6,0.1,19.900000000000002,19.865,11,31,3973,1929,1.806880454243438,40,0.6995337022397383,0.013990674044794768,12.963755580679733,16.0771401894452,2.20497269679889,5.434139318751199,19,"{""0"": 0.011852217093275906, ""1"": 0.02344509676705405, ""2"": 0.009330815312979985, ""3"": 0.010781579131873291, ""4"": 0.018408941390365745, ""5"": 0.010125394573219626}"
frozen_unmatched,200,p0.10_f0.500,0.5,1.0,6,0.1,19.900000000000002,19.865,11,31,3973,1929,1.806880454243438,50,0.6547466371574651,0.013094932743149304,11.12983085451712,16.144892713442935,2.1861240832416935,5.3159369517556,18,"{""0"": 0.010794067708375965, ""1"": 0.021921002605869593, ""2"": 0.0069538287086098214, ""3"": 0.010848691210060478, ""4"": 0.017088498974351305, ""5"": 0.010963507251628663}"
frozen_unmatched,200,p0.10_f0.500,0.5,1.0,6,0.1,19.900000000000002,19.865,11,31,3973,1929,1.806880454243438,60,0.65433619593324,0.013086723918664802,5.385706572868248,16.260537746362807,2.188651499776097,5.335220109091292,18,"{""0"": 0.010115841159000735, ""1"": 0.02307785171117097, ""2"": 0.0077149611140285065, ""3"": 0.01016861901757247, ""4"": 0.016994219940289244, ""5"": 0.01044885056992689}"
frozen_unmatched,200,p0.10_f0.500,0.5,1.0,6,0.1,19.900000000000002,19.865,11,31,3973,1929,1.806880454243438,70,0.6311360320312798,0.012622720640625596,6.776883105877772,16.33140191948062,2.1945585467448128,4.408509154172048,17,"{""0"": 0.01093616709064203, ""1"": 0.02342531613696861, ""2"": 0.006572272724112561, ""3"": 0.010580803634357473, ""4"": 0.016994226893322396, ""5"": 0.007227537364350509}"
frozen_unmatched,200,p0.10_f0.500,0.5,1.0,6,0.1,19.900000000000002,19.865,11,31,3973,1929,1.806880454243438,80,0.6156526796743085,0.01231305359348617,14.551539291615626,16.419533462844104,2.2221542639565923,4.750945428816841,18,"{""0"": 0.010305792430750185, ""1"": 0.023187647259196007, ""2"": 0.006887854461265301, ""3"": 0.009395313172125158, ""4"": 0.015823485051111513, ""5"": 0.008278229186468868}"
frozen_unmatched,200,p0.10_f0.500,0.5,1.0,6,0.1,19.900000000000002,19.865,11,31,3973,1929,1.806880454243438,90,0.5974696624283563,0.011949393248567128,8.137329128523275,16.42460643499656,2.2318971198888917,4.5001262907081605,17,"{""0"": 0.008872891301915656, ""1"": 0.024166967935372076, ""2"": 0.007215938050559251, ""3"": 0.008088309726111267, ""4"": 0.016112388358407972, ""5"": 0.007239864119036538}"
frozen_unmatched,200,p0.10_f0.500,0.5,1.0,6,0.1,19.900000000000002,19.865,11,31,3973,1929,1.806880454243438,100,0.5619983255351072,0.011239966510702144,13.724380711690085,16.540664963267293,2.2503727012355386,4.456964156394353,17,"{""0"": 0.009983621019167263, ""1"": 0.021713760903865065, ""2"": 0.006973786151865237, ""3"": 0.007884115892654813, ""4"": 0.014593920870794516, ""5"": 0.0062905942258659866}"
frozen_unmatched,200,p0.10_f0.500,0.5,1.0,6,0.1,19.900000000000002,19.865,11,31,3973,1929,1.806880454243438,110,0.5510953008407209,0.01102190601681442,8.444639467222094,16.624579662488745,2.2451424666195976,4.469022539525409,17,"{""0"": 0.009431377110508326, ""1"": 0.021815228024019757, ""2"": 0.006696023149105709, ""3"": 0.007576856102043832, ""4"": 0.014379604280813326, ""5"": 0.006232347434395567}"
frozen_unmatched,200,p0.10_f0.500,0.5,1.0,6,0.1,19.900000000000002,19.865,11,31,3973,1929,1.806880454243438,120,0.5495867062274594,0.01099173412454919,3.3236124737450536,16.656433075767332,2.23320265738473,4.373029666045498,17,"{""0"": 0.00967024330389504, ""1"": 0.02102622577239428, ""2"": 0.006455616656706268, ""3"": 0.008112754901626839, ""4"": 0.014798730631471446, ""5"": 0.005886833481201272}"
frozen_unmatched,200,p0.10_f0.500,0.5,1.0,6,0.1,19.900000000000002,19.865,11,31,3973,1929,1.806880454243438,130,0.5425682647075131,0.010851365294150263,13.373862136116148,16.71200452252597,2.2373330917692975,4.385511991933447,17,"{""0"": 0.009858394815049458, ""1"": 0.021706083425772873, ""2"": 0.006478697012997308, ""3"": 0.007702196514708291, ""4"": 0.013502661531483726, ""5"": 0.005860158464889921}"
frozen_unmatched,200,p0.10_f0.500,0.5,1.0,6,0.1,19.900000000000002,19.865,11,31,3973,1929,1.806880454243438,140,0.4977923977077738,0.009955847954155477,19.743932442727363,16.818290524793646,2.239342624671675,4.503847210684832,18,"{""0"": 0.007471629051763118, ""1"": 0.02055218309330487, ""2"": 0.006825642999665272, ""3"": 0.006956035941973455, ""4"": 0.011550275936052573, ""5"": 0.006379320702173584}"
frozen_unmatched,200,p0.10_f0.500,0.5,1.0,6,0.1,19.900000000000002,19.865,11,31,3973,1929,1.806880454243438,150,0.4869665402565527,0.009739330805131056,34.942074469924584,16.898348501516388,2.239413708052475,4.477021518447138,17,"{""0"": 0.006630887807371015, ""1"": 0.020436369034883262, ""2"": 0.007110415161213623, ""3"": 0.006710223827886943, ""4"": 0.01129697277319198, ""5"": 0.006251116226239514}"
frozen_unmatched,200,p0.10_f0.500,0.5,1.0,6,0.1,19.900000000000002,19.865,11,31,3973,1929,1.806880454243438,160,0.48645345032140985,0.009729069006428198,4.629768361986272,16.98208270449633,2.236918022779102,4.53974239452052,17,"{""0"": 0.0068816349850784496, ""1"": 0.018764612565209067, ""2"": 0.00710700836566118, ""3"": 0.006426873317900647, ""4"": 0.012294635816653705, ""5"": 0.006899648988066149}"
frozen_unmatched,200,p0.10_f0.500,0.5,1.0,6,0.1,19.900000000000002,19.865,11,31,3973,1929,1.806880454243438,170,0.4809771489722774,0.009619542979445549,26.532208519873247,16.909526074402745,2.2324227173449653,4.468776253147548,17,"{""0"": 0.006641798865452851, ""1"": 0.01979782247130141, ""2"": 0.007128983844341257, ""3"": 0.005883571121720219, ""4"": 0.011273750805869887, ""5"": 0.006991330767987666}"
frozen_unmatched,200,p0.10_f0.500,0.5,1.0,6,0.1,19.900000000000002,19.865,11,31,3973,1929,1.806880454243438,180,0.4847489686790448,0.009694979373580897,9.677141563256566,16.895859137310403,2.226564759013246,4.346604428534895,17,"{""0"": 0.006358127117427091, ""1"": 0.019520278822510128, ""2"": 0.007080931376041816, ""3"": 0.005874570431921644, ""4"": 0.012521014713836565, ""5"": 0.00681495377974814}"
frozen_unmatched,200,p0.10_f0.500,0.5,1.0,6,0.1,19.900000000000002,19.865,11,31,3973,1929,1.806880454243438,190,0.4772406611084824,0.009544813222169648,2.313908881442122,16.9041946348693,2.2277584049496233,4.331170268919091,17,"{""0"": 0.005691945560034892, ""1"": 0.01909997250587858, ""2"": 0.007465919236019051, ""3"": 0.005449842195079125, ""4"": 0.012246958639325175, ""5"": 0.0073142411966810785}"
frozen_unmatched,200,p0.10_f0.500,0.5,1.0,6,0.1,19.900000000000002,19.865,11,31,3973,1929,1.806880454243438,200,0.4786493386730851,0.009572986773461705,5.807858087047926,16.96300580220118,2.1979509813599867,4.419470327232685,17,"{""0"": 0.006254371425447783, ""1"": 0.019029318498706493, ""2"": 0.007059935190347583, ""3"": 0.005593960285780537, ""4"": 0.011844958822909372, ""5"": 0.007655376417578452}"
frozen_unmatched,200,p0.10_f0.750,0.75,1.0,6,0.1,19.900000000000002,19.865,11,31,3973,1929,1.9861741993318476,0,1.0343508178183938,0.02068701635636788,nan,0.0,1.9861741993318476,8.18402906172381,19,"{""0"": 0.02338420830783277, ""1"": 0.01765404909423805, ""2"": 0.019089727554561453, ""3"": 0.019630553178618414, ""4"": 0.023207905143094315, ""5"": 0.021155654859862268}"
frozen_unmatched,200,p0.10_f0.750,0.75,1.0,6,0.1,19.900000000000002,19.865,11,31,3973,1929,1.9861741993318476,10,0.8795380586655299,0.017590761173310602,11.932561629855332,14.166388159682846,2.2787028910320566,5.630774043598571,19,"{""0"": 0.01987060937172381, ""1"": 0.014431700199133349, ""2"": 0.011044642177499375, ""3"": 0.011072599897630559, ""4"": 0.028536362897692513, ""5"": 0.020588652496184016}"
frozen_unmatched,200,p0.10_f0.750,0.75,1.0,6,0.1,19.900000000000002,19.865,11,31,3973,1929,1.9861741993318476,20,0.886881185786372,0.017737623715727444,28.746686140611278,14.79230632153146,2.3136340231075723,4.559214828977827,19,"{""0"": 0.024911272045969702, ""1"": 0.017425052263910806, ""2"": 0.0065329807867158625, ""3"": 0.015329806213927941, ""4"": 0.02891106440360399, ""5"": 0.013315566580236332}"
frozen_unmatched,200,p0.10_f0.750,0.75,1.0,6,0.1,19.900000000000002,19.865,11,31,3973,1929,1.9861741993318476,30,0.9543432784699566,0.019086865569399133,18.94778783633432,15.265801833653581,2.318377093910857,3.7592991678924084,18,"{""0"": 0.02381570744411477, ""1"": 0.021817945897590556, ""2"": 0.01227240888189914, ""3"": 0.017423717613551812, ""4"": 0.029210257504322334, ""5"": 0.00998115607491618}"
frozen_unmatched,200,p0.10_f0.750,0.75,1.0,6,0.1,19.900000000000002,19.865,11,31,3973,1929,1.9861741993318476,40,0.9311281417248695,0.018622562834497394,12.115890278587122,15.382348319150255,2.361985609119846,4.123676377618143,18,"{""0"": 0.025893143207691215, ""1"": 0.01642137718641995, ""2"": 0.011683024478418697, ""3"": 0.017104118702154412, ""4"": 0.029892456427758934, ""5"": 0.010741257004541127}"
frozen_unmatched,200,p0.10_f0.750,0.75,1.0,6,0.1,19.900000000000002,19.865,11,31,3973,1929,1.9861741993318476,50,0.8621962790765071,0.017243925581530144,5.548478073546131,15.683104054505227,2.3248108174382955,4.396280956424145,19,"{""0"": 0.026788589207604862, ""1"": 0.018969494788465345, ""2"": 0.00647150806038925, ""3"": 0.015038717679420888, ""4"": 0.025940724443161506, ""5"": 0.01025451931013902}"
frozen_unmatched,200,p0.10_f0.750,0.75,1.0,6,0.1,19.900000000000002,19.865,11,31,3973,1929,1.9861741993318476,60,0.9432373506947277,0.018864747013894557,35.21460615993032,15.571292084148038,2.2346902006758715,4.526790410028295,19,"{""0"": 0.023016837039861994, ""1"": 0.021475163672321572, ""2"": 0.014512992720925141, ""3"": 0.017147133049032627, ""4"": 0.027488537387891886, ""5"": 0.009547818213334103}"
frozen_unmatched,200,p0.10_f0.750,0.75,1.0,6,0.1,19.900000000000002,19.865,11,31,3973,1929,1.9861741993318476,70,0.8819325537112368,0.01763865107422474,3.6731509388762773,15.775252788668713,2.221940589628711,4.491564512986406,19,"{""0"": 0.02274117035765845, ""1"": 0.02220407126292577, ""2"": 0.0157932284126918, ""3"": 0.010235645861151287, ""4"": 0.026422765801678284, ""5"": 0.008435024749242835}"
frozen_unmatched,200,p0.10_f0.750,0.75,1.0,6,0.1,19.900000000000002,19.865,11,31,3973,1929,1.9861741993318476,80,0.8608490328367435,0.01721698065673487,8.453158808612361,15.837321958859313,2.252433067045267,4.746365679069523,19,"{""0"": 0.02220461828212712, ""1"": 0.02051882353471054, ""2"": 0.016006627610666603, ""3"": 0.01010674269760397, ""4"": 0.025565817958983272, ""5"": 0.008899253856317726}"
frozen_unmatched,200,p0.10_f0.750,0.75,1.0,6,0.1,19.900000000000002,19.865,11,31,3973,1929,1.9861741993318476,90,0.8715291307273445,0.017430582614546893,4.506917674261035,15.966211264523757,2.253788626463938,4.786505079394815,20,"{""0"": 0.022058341114180015, ""1"": 0.022304299194975428, ""2"": 0.01703677117534419, ""3"": 0.00934032102393714, ""4"": 0.024858846711105213, ""5"": 0.00898491646773936}"
frozen_unmatched,200,p0.10_f0.750,0.75,1.0,6,0.1,19.900000000000002,19.865,11,31,3973,1929,1.9861741993318476,100,0.8601269392735824,0.017202538785471653,4.657070061387473,16.032827157079847,2.2596668468963914,5.445631139073337,21,"{""0"": 0.019095267454459323, ""1"": 0.023844367415699348, ""2"": 0.01782669813592914, ""3"": 0.011393958230633251, ""4"": 0.021548033468608712, ""5"": 0.009506908007500125}"
frozen_unmatched,200,p0.10_f0.750,0.75,1.0,6,0.1,19.900000000000002,19.865,11,31,3973,1929,1.9861741993318476,110,0.8227596564446039,0.01645519312889208,9.184781549593033,16.11194251291794,2.2654650177712927,5.412717649389066,21,"{""0"": 0.014156174405909605, ""1"": 0.02404464954345756, ""2"": 0.017513622172825715, ""3"": 0.01141142633177417, ""4"": 0.02258553419977727, ""5"": 0.00901975211960818}"
frozen_unmatched,200,p0.10_f0.750,0.75,1.0,6,0.1,19.900000000000002,19.865,11,31,3973,1929,1.9861741993318476,120,0.7991763179207532,0.015983526358415066,3.1117126051936546,16.151117302398614,2.2711555931513177,5.354745274519798,20,"{""0"": 0.012182157247941814, ""1"": 0.023350832230181733, ""2"": 0.017551602055853918, ""3"": 0.010585876109883405, ""4"": 0.023201020732539834, ""5"": 0.009029669774089689}"
frozen_unmatched,200,p0.10_f0.750,0.75,1.0,6,0.1,19.900000000000002,19.865,11,31,3973,1929,1.9861741993318476,130,0.7739490599179434,0.01547898119835887,5.586822251510083,16.217857976698713,2.2809050157142314,5.03695437252899,20,"{""0"": 0.011372855248733214, ""1"": 0.023630660578333712, ""2"": 0.017973004441349284, ""3"": 0.00860509864878739, ""4"": 0.022093022743614556, ""5"": 0.00919924552933506}"
frozen_unmatched,200,p0.10_f0.750,0.75,1.0,6,0.1,19.900000000000002,19.865,11,31,3973,1929,1.9861741993318476,140,0.7751242862009053,0.015502485724018107,15.85680918329644,16.26667896951016,2.2771479475531247,5.4483464279993115,20,"{""0"": 0.011291429926213974, ""1"": 0.02427118891431055, ""2"": 0.018773864861648098, ""3"": 0.007505840613705764, ""4"": 0.019964880545895715, ""5"": 0.011207709482334563}"
frozen_unmatched,200,p0.10_f0.750,0.75,1.0,6,0.1,19.900000000000002,19.865,11,31,3973,1929,1.9861741993318476,150,0.766337178176709,0.015326743563534183,19.437332441237153,16.27570420806786,2.2756962015693576,5.28002301502004,20,"{""0"": 0.01104368820819705, ""1"": 0.02353190549449176, ""2"": 0.018707197364492677, ""3"": 0.007260043299314886, ""4"": 0.020524982187054026, ""5"": 0.01089264482765471}"
frozen_unmatched,200,p0.10_f0.750,0.75,1.0,6,0.1,19.900000000000002,19.865,11,31,3973,1929,1.9861741993318476,160,0.755818825232061,0.015116376504641222,18.04693296288874,16.306465994357353,2.2895167218865087,5.233178196653672,20,"{""0"": 0.0113722319409687, ""1"": 0.021848112623271722, ""2"": 0.01819595033971389, ""3"": 0.007792959629960718, ""4"": 0.021323948141392005, ""5"": 0.010165056352540298}"
frozen_unmatched,200,p0.10_f0.750,0.75,1.0,6,0.1,19.900000000000002,19.865,11,31,3973,1929,1.9861741993318476,170,0.7564787423332876,0.015129574846665753,9.713939045229631,16.33723083457251,2.289629942300457,5.1503631954783655,20,"{""0"": 0.01147826033480059, ""1"": 0.02240701722780424, ""2"": 0.018360219024079746, ""3"": 0.0076725095497409464, ""4"": 0.021404242107028786, ""5"": 0.009455200836540216}"
frozen_unmatched,200,p0.10_f0.750,0.75,1.0,6,0.1,19.900000000000002,19.865,11,31,3973,1929,1.9861741993318476,180,0.7571688470752267,0.015143376941504536,15.5966901767295,16.389341257955074,2.2960631131887306,5.217555817420229,20,"{""0"": 0.010636994009978546, ""1"": 0.02353742243572701, ""2"": 0.0182126952159308, ""3"": 0.007528336643402864, ""4"": 0.02141524700162941, ""5"": 0.009529566342358565}"
frozen_unmatched,200,p0.10_f0.750,0.75,1.0,6,0.1,19.900000000000002,19.865,11,31,3973,1929,1.9861741993318476,190,0.7447260838034637,0.014894521676069278,46.88234259355235,16.400986936096956,2.300855911052433,5.166962490144787,20,"{""0"": 0.011135749139327819, ""1"": 0.021126214640778015, ""2"": 0.01811435387110279, ""3"": 0.00764367897371396, ""4"": 0.022102993328703927, ""5"": 0.009244140102789159}"
frozen_unmatched,200,p0.10_f0.750,0.75,1.0,6,0.1,19.900000000000002,19.865,11,31,3973,1929,1.9861741993318476,200,0.7560741318436875,0.015121482636873754,3.637090816147973,16.445792300968314,2.2998255838313737,5.241919654139636,20,"{""0"": 0.012220191679968673, ""1"": 0.020954402031888822, ""2"": 0.0181851909419243, ""3"": 0.007842049911262482, ""4"": 0.022374179791460388, ""5"": 0.009152881464737864}"
frozen_unmatched,200,p0.10_f0.875,0.875,1.0,6,0.1,19.900000000000002,19.865,11,31,3973,1929,2.072980984626242,0,1.0285083968145132,0.020570167936290264,nan,0.0,2.072980984626242,8.035746700557281,20,"{""0"": 0.0237321421075663, ""1"": 0.017235326394452917, ""2"": 0.01906726812063026, ""3"": 0.019630176287021413, ""4"": 0.02250052133556037, ""5"": 0.02125557337251033}"
frozen_unmatched,200,p0.10_f0.875,0.875,1.0,6,0.1,19.900000000000002,19.865,11,31,3973,1929,2.072980984626242,10,0.8903097097936437,0.017806194195872874,13.956246570192356,14.368511983594347,2.3505708558945932,6.546648049558673,22,"{""0"": 0.021088177717029997, ""1"": 0.01448562283439582, ""2"": 0.01504825670045177, ""3"": 0.01314159894685496, ""4"": 0.026609503093108017, ""5"": 0.016464005883396686}"
frozen_unmatched,200,p0.10_f0.875,0.875,1.0,6,0.1,19.900000000000002,19.865,11,31,3973,1929,2.072980984626242,20,0.8499144664845821,0.016998289329691645,6.494628265422844,15.076783621239224,2.3549129001385807,7.222471766971938,23,"{""0"": 0.015270305205225033, ""1"": 0.01898363597513018, ""2"": 0.017202615553788103, ""3"": 0.009693186884785498, ""4"": 0.023518366893418803, ""5"": 0.017321625465802255}"
frozen_unmatched,200,p0.10_f0.875,0.875,1.0,6,0.1,19.900000000000002,19.865,11,31,3973,1929,2.072980984626242,30,0.8964238558396196,0.017928477116792393,10.430944257041492,15.459645969833476,2.346172908786081,6.838095775588111,23,"{""0"": 0.017345884872593753, ""1"": 0.02113976080310444, ""2"": 0.01879506245188584, ""3"": 0.014587263457875985, ""4"": 0.022917519417282855, ""5"": 0.012785371698011494}"
frozen_unmatched,200,p0.10_f0.875,0.875,1.0,6,0.1,19.900000000000002,19.865,11,31,3973,1929,2.072980984626242,40,0.9107436240827348,0.0182148724816547,7.107716327625658,15.48316114006261,2.434991413288155,6.609577011119551,23,"{""0"": 0.016081970471349256, ""1"": 0.021176685572901338, ""2"": 0.019616995306770833, ""3"": 0.015298955388396058, ""4"": 0.02476616996318993, ""5"": 0.012348458187320773}"
frozen_unmatched,200,p0.10_f0.875,0.875,1.0,6,0.1,19.900000000000002,19.865,11,31,3973,1929,2.072980984626242,50,0.8954994747348075,0.017909989494696153,12.953653062450313,15.643597219294046,2.4272529341043976,6.277006426766272,23,"{""0"": 0.014968457868575341, ""1"": 0.020390337895221173, ""2"": 0.018568127886105006, ""3"": 0.015694848798754876, ""4"": 0.02670223765020795, ""5"": 0.011135926869312574}"
frozen_unmatched,200,p0.10_f0.875,0.875,1.0,6,0.1,19.900000000000002,19.865,11,31,3973,1929,2.072980984626242,60,0.8529067647804363,0.017058135295608727,8.919946731524181,15.620445666880554,2.330130715104337,6.117191103554683,22,"{""0"": 0.015135669575007508, ""1"": 0.02057268751873073, ""2"": 0.01918547498625555, ""3"": 0.01461666951982592, ""4"": 0.02309220981978523, ""5"": 0.009746100354047438}"
frozen_unmatched,200,p0.10_f0.875,0.875,1.0,6,0.1,19.900000000000002,19.865,11,31,3973,1929,2.072980984626242,70,0.8015623258518941,0.016031246517037884,7.83271984981938,15.566686544284424,2.36479297101154,6.003222665574087,21,"{""0"": 0.01614342913836966, ""1"": 0.020850362276061685, ""2"": 0.017437071639628477, ""3"": 0.00991662153668595, ""4"": 0.023277073155531892, ""5"": 0.008562921355949661}"
frozen_unmatched,200,p0.10_f0.875,0.875,1.0,6,0.1,19.900000000000002,19.865,11,31,3973,1929,2.072980984626242,80,0.7677177971393517,0.015354355942787036,10.361838666466243,15.693614770981265,2.403217921234134,6.253124479016675,22,"{""0"": 0.014260145759534326, ""1"": 0.021575459864436625, ""2"": 0.01741858057266915, ""3"": 0.008773032105966944, ""4"": 0.020658959257327712, ""5"": 0.009439958096787443}"
frozen_unmatched,200,p0.10_f0.875,0.875,1.0,6,0.1,19.900000000000002,19.865,11,31,3973,1929,2.072980984626242,90,0.7670607475979244,0.01534121495195849,35.60277632069661,15.618662947194741,2.3962273733471084,6.236460403376464,22,"{""0"": 0.01289215079404515, ""1"": 0.0233450142115977, ""2"": 0.017046375212066225, ""3"": 0.007921210198097522, ""4"": 0.02056687513882978, ""5"": 0.01027566415711456}"
frozen_unmatched,200,p0.10_f0.875,0.875,1.0,6,0.1,19.900000000000002,19.865,11,31,3973,1929,2.072980984626242,100,0.7575625776708473,0.015151251553416947,9.740147518738196,15.64823466536357,2.403061086101045,6.279539331026249,22,"{""0"": 0.012374920022434946, ""1"": 0.022965475362329686, ""2"": 0.01739682977588695, ""3"": 0.007848844531059895, ""4"": 0.019758090576091587, ""5"": 0.01056334905269861}"
frozen_unmatched,200,p0.10_f0.875,0.875,1.0,6,0.1,19.900000000000002,19.865,11,31,3973,1929,2.072980984626242,110,0.7572181276584221,0.015144362553168443,5.860367848959172,15.724250515676989,2.4287883223737943,6.019442993594963,22,"{""0"": 0.01213084231017881, ""1"": 0.023150692581512915, ""2"": 0.0177797078483254, ""3"": 0.007838472639007332, ""4"": 0.02001382403758937, ""5"": 0.009952635902396829}"
frozen_unmatched,200,p0.10_f0.875,0.875,1.0,6,0.1,19.900000000000002,19.865,11,31,3973,1929,2.072980984626242,120,0.7413309513266132,0.014826619026532265,6.715886367487376,15.7140569178516,2.41729016277689,5.95019452558925,22,"{""0"": 0.012388076045339673, ""1"": 0.022485243060600513, ""2"": 0.016662729530470793, ""3"": 0.008203618458090083, ""4"": 0.019344662385582113, ""5"": 0.009875384679110427}"
frozen_unmatched,200,p0.10_f0.875,0.875,1.0,6,0.1,19.900000000000002,19.865,11,31,3973,1929,2.072980984626242,130,0.727576663220364,0.014551533264407281,8.22943851620106,15.75501986299279,2.423878618300826,6.289038740053929,22,"{""0"": 0.011328379870113436, ""1"": 0.02311328677932411, ""2"": 0.016081051092791974, ""3"": 0.007963879522962137, ""4"": 0.018341808813272985, ""5"": 0.010480793507979055}"
frozen_unmatched,200,p0.10_f0.875,0.875,1.0,6,0.1,19.900000000000002,19.865,11,31,3973,1929,2.072980984626242,140,0.7104563698249463,0.014209127396498928,18.18180441461105,15.841555517322305,2.4447055031237497,6.150135814774635,22,"{""0"": 0.010382148893996215, ""1"": 0.023559149794377947, ""2"": 0.015797197445604632, ""3"": 0.007512632192579222, ""4"": 0.017067934209091584, ""5"": 0.010935701843343974}"
frozen_unmatched,200,p0.10_f0.875,0.875,1.0,6,0.1,19.900000000000002,19.865,11,31,3973,1929,2.072980984626242,150,0.7064144324723339,0.01412828864944668,30.402992413501984,15.850245149927554,2.4465220521389885,6.312395182189465,22,"{""0"": 0.010224472713193893, ""1"": 0.023962160306809872, ""2"": 0.015781236592695754, ""3"": 0.006918962492624123, ""4"": 0.016416031544928277, ""5"": 0.011466868246428156}"
frozen_unmatched,200,p0.10_f0.875,0.875,1.0,6,0.1,19.900000000000002,19.865,11,31,3973,1929,2.072980984626242,160,0.6834337664417985,0.013668675328835972,13.386601440037516,15.921126540819825,2.438905997087131,6.361972160140649,22,"{""0"": 0.010328070784091512, ""1"": 0.023291001119402948, ""2"": 0.01429797731170633, ""3"": 0.006636695357112902, ""4"": 0.015627210588737707, ""5"": 0.011831096811964432}"
frozen_unmatched,200,p0.10_f0.875,0.875,1.0,6,0.1,19.900000000000002,19.865,11,31,3973,1929,2.072980984626242,170,0.6835566930010747,0.013671133860021495,19.07753119874555,15.931509110833966,2.4488208296620235,6.427009941500427,22,"{""0"": 0.009844698981361208, ""1"": 0.023854287668811276, ""2"": 0.01458787138154283, ""3"": 0.005939341120929457, ""4"": 0.01598831955250025, ""5"": 0.011812284454983954}"
frozen_unmatched,200,p0.10_f0.875,0.875,1.0,6,0.1,19.900000000000002,19.865,11,31,3973,1929,2.072980984626242,180,0.6908364445938512,0.013816728891877024,12.872307138852676,15.934923495226137,2.444670592700047,6.576751190531749,22,"{""0"": 0.009569869725745339, ""1"": 0.024553820527842322, ""2"": 0.013768908565199165, ""3"": 0.005483629315294761, ""4"": 0.017835024340705274, ""5"": 0.011689120876475275}"
frozen_unmatched,200,p0.10_f0.875,0.875,1.0,6,0.1,19.900000000000002,19.865,11,31,3973,1929,2.072980984626242,190,0.6982546652431209,0.01396509330486242,13.323633285808796,15.975155379015812,2.4478767644422845,6.160290575686768,22,"{""0"": 0.009988969404637758, ""1"": 0.02407759890759233, ""2"": 0.014404950597756611, ""3"": 0.0050543242286847714, ""4"": 0.018962769334692885, ""5"": 0.011301947355810148}"
frozen_unmatched,200,p0.10_f0.875,0.875,1.0,6,0.1,19.900000000000002,19.865,11,31,3973,1929,2.072980984626242,200,0.7016885271174479,0.01403377054234896,8.230253092676874,16.01319478372344,2.447404806436653,6.041785137419061,22,"{""0"": 0.010520261617720243, ""1"": 0.023185238687701094, ""2"": 0.014777319094292831, ""3"": 0.005111792344909553, ""4"": 0.019465408298517128, ""5"": 0.011142603210952905}"
frozen_unmatched,200,p0.20_f0.500,0.5,1.0,6,0.2,39.800000000000004,40.06,25,60,8012,1929,1.9402361361702551,0,1.045603528984448,0.020912070579688965,nan,0.0,1.9402361361702551,5.189251587087589,16,"{""0"": 0.021837607013334502, ""1"": 0.02054525089480489, ""2"": 0.019935296125077932, ""3"": 0.019347928750665676, ""4"": 0.021258151053694035, ""5"": 0.022548189640556753}"
frozen_unmatched,200,p0.20_f0.500,0.5,1.0,6,0.2,39.800000000000004,40.06,25,60,8012,1929,1.9402361361702551,10,0.9152581600999481,0.018305163201998965,7.6135721769607665,12.514525151913837,2.224300356309354,2.872056788381428,12,"{""0"": 0.004890534500791295, ""1"": 0.02042669063297975, ""2"": 0.017983211957274044, ""3"": 0.006798348524650906, ""4"": 0.028731618567642336, ""5"": 0.031000575028655452}"
frozen_unmatched,200,p0.20_f0.500,0.5,1.0,6,0.2,39.800000000000004,40.06,25,60,8012,1929,1.9402361361702551,20,0.7135774406628562,0.014271548813257127,7.772685628929488,14.240266205364897,2.324550146242826,4.228629089790215,15,"{""0"": 0.004668143171696831, ""1"": 0.00717544860026873, ""2"": 0.02346390262811298, ""3"": 0.0073771153347239994, ""4"": 0.020842704315243897, ""5"": 0.02210197882949632}"
frozen_unmatched,200,p0.20_f0.500,0.5,1.0,6,0.2,39.800000000000004,40.06,25,60,8012,1929,1.9402361361702551,30,0.7446270204112916,0.014892540408225833,16.7672320886218,14.603041953311203,2.2017794516785605,5.221977758707823,17,"{""0"": 0.005193518084871914, ""1"": 0.010958084449086974, ""2"": 0.022233475268168858, ""3"": 0.007982402890719737, ""4"": 0.026875127416295958, ""5"": 0.016112634340211568}"
frozen_unmatched,200,p0.20_f0.500,0.5,1.0,6,0.2,39.800000000000004,40.06,25,60,8012,1929,1.9402361361702551,40,0.7178265181725635,0.014356530363451272,3.956534013769058,15.078501777873612,2.249968530903221,5.382619885998884,17,"{""0"": 0.005784403304576265, ""1"": 0.007155972021338872, ""2"": 0.022189506173789487, ""3"": 0.009290073685782451, ""4"": 0.0255640030650414, ""5"": 0.016155223930179156}"
frozen_unmatched,200,p0.20_f0.500,0.5,1.0,6,0.2,39.800000000000004,40.06,25,60,8012,1929,1.9402361361702551,50,0.7084885165539189,0.01416977033107838,6.52362806880449,15.237386605878578,2.267107906598263,5.326765751804802,16,"{""0"": 0.004990192094553944, ""1"": 0.008204880674112758, ""2"": 0.022526399509997835, ""3"": 0.008535714969431387, ""4"": 0.024245129922825313, ""5"": 0.016516304815549044}"
frozen_unmatched,200,p0.20_f0.500,0.5,1.0,6,0.2,39.800000000000004,40.06,25,60,8012,1929,1.9402361361702551,60,0.610447130864851,0.012208942617297023,5.971521248542067,15.424150201287569,2.282047769625914,5.105366293505877,16,"{""0"": 0.006093386353302206, ""1"": 0.005998815428289772, ""2"": 0.02127532168363564, ""3"": 0.009093922212178532, ""4"": 0.01959868551734608, ""5"": 0.011193524509029893}"
frozen_unmatched,200,p0.20_f0.500,0.5,1.0,6,0.2,39.800000000000004,40.06,25,60,8012,1929,1.9402361361702551,70,0.5702887905393194,0.011405775810786388,4.641831515609758,15.739192275234481,2.3007015324206477,5.040999262604336,16,"{""0"": 0.004816478204077036, ""1"": 0.005857578826053505, ""2"": 0.019607985584610764, ""3"": 0.008733618268210713, ""4"": 0.01882836946412875, ""5"": 0.010590624517637565}"
frozen_unmatched,200,p0.20_f0.500,0.5,1.0,6,0.2,39.800000000000004,40.06,25,60,8012,1929,1.9402361361702551,80,0.5345634182106829,0.010691268364213658,5.109664137783994,15.787558024929508,2.3010361934531347,4.487332494142434,16,"{""0"": 0.0040620784224757725, ""1"": 0.0050715793499063345, ""2"": 0.021890358107629238, ""3"": 0.008326872318942042, ""4"": 0.01465367142327611, ""5"": 0.010143050563052444}"
frozen_unmatched,200,p0.20_f0.500,0.5,1.0,6,0.2,39.800000000000004,40.06,25,60,8012,1929,1.9402361361702551,90,0.5324910769095914,0.01064982153819183,18.520311451774795,15.868506649106385,2.3117284928196664,4.427041936037107,15,"{""0"": 0.003937218605020545, ""1"": 0.005976552089674162, ""2"": 0.02238634066193817, ""3"": 0.007573048726309433, ""4"": 0.013726174498997481, ""5"": 0.010299594647211191}"
frozen_unmatched,200,p0.20_f0.500,0.5,1.0,6,0.2,39.800000000000004,40.06,25,60,8012,1929,1.9402361361702551,100,0.5778648964734296,0.011557297929468593,14.67293546557089,15.912535761547067,2.3020627236625106,4.152238555336963,15,"{""0"": 0.005956259144678601, ""1"": 0.005070404555527877, ""2"": 0.023824644715798992, ""3"": 0.008642276619395022, ""4"": 0.014652109517177995, ""5"": 0.011198093024233071}"
frozen_unmatched,200,p0.20_f0.500,0.5,1.0,6,0.2,39.800000000000004,40.06,25,60,8012,1929,1.9402361361702551,110,0.5717550301190626,0.011435100602381253,5.6788497379211735,15.976555052688743,2.3103298295957897,4.1539484146859555,15,"{""0"": 0.005210629096472958, ""1"": 0.005236304411082919, ""2"": 0.023639050082560516, ""3"": 0.007541585923406674, ""4"": 0.015674818303175478, ""5"": 0.011308215797588974}"
frozen_unmatched,200,p0.20_f0.500,0.5,1.0,6,0.2,39.800000000000004,40.06,25,60,8012,1929,1.9402361361702551,120,0.5669323265594212,0.011338646531188426,8.059335217245463,16.063079354551785,2.342697753208719,4.360963763466241,16,"{""0"": 0.0055120751047994295, ""1"": 0.0052137396522063655, ""2"": 0.024024677218308164, ""3"": 0.007901515419040234, ""4"": 0.014167475179764504, ""5"": 0.011212396613011853}"
frozen_unmatched,200,p0.20_f0.500,0.5,1.0,6,0.2,39.800000000000004,40.06,25,60,8012,1929,1.9402361361702551,130,0.585265014980758,0.011705300299615163,3.1688739251736906,16.160767712905496,2.374958731407341,4.233953030668529,15,"{""0"": 0.0056120172330772836, ""1"": 0.005119452754697861, ""2"": 0.02513445783993527, ""3"": 0.008128843630096767, ""4"": 0.015555679769554432, ""5"": 0.01068135057032937}"
frozen_unmatched,200,p0.20_f0.500,0.5,1.0,6,0.2,39.800000000000004,40.06,25,60,8012,1929,1.9402361361702551,140,0.5926898216909174,0.011853796433818349,38.51646106004322,16.153917584919352,2.3606094395165047,4.092572859995569,15,"{""0"": 0.005526935363931072, ""1"": 0.004889767810307735, ""2"": 0.02743496318133557, ""3"": 0.007298290974262196, ""4"": 0.0147467571695308, ""5"": 0.011226064103542724}"
frozen_unmatched,200,p0.20_f0.500,0.5,1.0,6,0.2,39.800000000000004,40.06,25,60,8012,1929,1.9402361361702551,150,0.5912339564185783,0.011824679128371568,53.58802266479966,16.22470254289784,2.3405027747039178,4.238674230371883,15,"{""0"": 0.00571445403228805, ""1"": 0.004664843266615741, ""2"": 0.027648800440202476, ""3"": 0.007641314410709192, ""4"": 0.014530307061005363, ""5"": 0.01074835555940859}"
frozen_unmatched,200,p0.20_f0.500,0.5,1.0,6,0.2,39.800000000000004,40.06,25,60,8012,1929,1.9402361361702551,160,0.5579877743091722,0.011159755486183445,5.480758617071782,16.250815891579638,2.3422350895299293,4.317576522147701,15,"{""0"": 0.005728113016247997, ""1"": 0.004296001511227002, ""2"": 0.027890904072722277, ""3"": 0.007787814011964644, ""4"": 0.01043009129136005, ""5"": 0.010825609013578697}"
frozen_unmatched,200,p0.20_f0.500,0.5,1.0,6,0.2,39.800000000000004,40.06,25,60,8012,1929,1.9402361361702551,170,0.527695410577173,0.01055390821154346,4.754690621051489,16.279380398590387,2.349683969910488,4.2981683902481755,15,"{""0"": 0.004978373157076083, ""1"": 0.004657895062735904, ""2"": 0.025984895220941683, ""3"": 0.007054354426121913, ""4"": 0.010018389743337906, ""5"": 0.010629541659047278}"
frozen_unmatched,200,p0.20_f0.500,0.5,1.0,6,0.2,39.800000000000004,40.06,25,60,8012,1929,1.9402361361702551,180,0.523951319807948,0.010479026396158959,12.953093913702155,16.320646685780925,2.349553690047421,4.462096694556949,15,"{""0"": 0.004854005910178499, ""1"": 0.004985800187131196, ""2"": 0.025972584380182562, ""3"": 0.0071706639583015985, ""4"": 0.009841065245726675, ""5"": 0.010050038695433219}"
frozen_unmatched,200,p0.20_f0.500,0.5,1.0,6,0.2,39.800000000000004,40.06,25,60,8012,1929,1.9402361361702551,190,0.5099533444258335,0.010199066888516671,3.009846377722549,16.388168552257266,2.3542369011510047,4.3976928029524505,15,"{""0"": 0.0037039327721110947, ""1"": 0.004984539341159396, ""2"": 0.025708715661898734, ""3"": 0.0068876411751953625, ""4"": 0.009500503903931753, ""5"": 0.010409068476803677}"
frozen_unmatched,200,p0.20_f0.500,0.5,1.0,6,0.2,39.800000000000004,40.06,25,60,8012,1929,1.9402361361702551,200,0.5212393824509961,0.010424787649019922,41.938823278363984,16.439208580971293,2.354780354206424,4.448818595988186,15,"{""0"": 0.00375748521072624, ""1"": 0.004566959920634895, ""2"": 0.027632106185392368, ""3"": 0.007511429807449574, ""4"": 0.008970265719393977, ""5"": 0.010110479050522484}"
frozen_unmatched,200,p0.20_f0.750,0.75,1.0,6,0.2,39.800000000000004,40.06,25,60,8012,1929,2.118771706471483,0,1.0414169877598491,0.020828339755196983,nan,0.0,2.118771706471483,6.243104480423646,19,"{""0"": 0.0224482454670532, ""1"": 0.020488467869344162, ""2"": 0.019292635079771244, ""3"": 0.018983285141072677, ""4"": 0.021369508130238628, ""5"": 0.022387896843701995}"
frozen_unmatched,200,p0.20_f0.750,0.75,1.0,6,0.2,39.800000000000004,40.06,25,60,8012,1929,2.118771706471483,10,0.9205109280739239,0.01841021856147848,7.6027562269597615,12.39541034976148,2.5357429266619524,2.7031134996253137,13,"{""0"": 0.006721787330772615, ""1"": 0.017048695524059958, ""2"": 0.024800760700132273, ""3"": 0.012519284475867101, ""4"": 0.018098843240421457, ""5"": 0.03127194009761747}"
frozen_unmatched,200,p0.20_f0.750,0.75,1.0,6,0.2,39.800000000000004,40.06,25,60,8012,1929,2.118771706471483,20,0.9200267456899813,0.01840053491379963,6.241131873593844,12.823452615653656,2.4716678009233823,2.767330643396459,13,"{""0"": 0.006692953772593902, ""1"": 0.013080295027926186, ""2"": 0.02619229916428125, ""3"": 0.010103057403420546, ""4"": 0.02471819713133947, ""5"": 0.02961640698323643}"
frozen_unmatched,200,p0.20_f0.750,0.75,1.0,6,0.2,39.800000000000004,40.06,25,60,8012,1929,2.118771706471483,30,0.841731353320127,0.01683462706640254,21.275850107740705,13.238629359555722,2.414168915430313,3.662028599527092,16,"{""0"": 0.006613080968150467, ""1"": 0.011954453170144567, ""2"": 0.022195474815325154, ""3"": 0.009847690710578198, ""4"": 0.025738894362162736, ""5"": 0.024658168372054135}"
frozen_unmatched,200,p0.20_f0.750,0.75,1.0,6,0.2,39.800000000000004,40.06,25,60,8012,1929,2.118771706471483,40,0.8288085967358939,0.01657617193471788,6.222125606164905,13.879034130977729,2.3009431168095684,4.113091726915447,17,"{""0"": 0.00671404318896163, ""1"": 0.014315470904711063, ""2"": 0.01842817023842324, ""3"": 0.008331876480933174, ""4"": 0.029548052467367768, ""5"": 0.022119418327910416}"
frozen_unmatched,200,p0.20_f0.750,0.75,1.0,6,0.2,39.800000000000004,40.06,25,60,8012,1929,2.118771706471483,50,0.7710488222816947,0.015420976445633896,20.63272607259726,14.205979863989958,2.3465556586685996,4.411917665210054,18,"{""0"": 0.006075708603971939, ""1"": 0.012215977615218915, ""2"": 0.019536635326538078, ""3"": 0.01034593723732164, ""4"": 0.025852907968049572, ""5"": 0.01849869192270323}"
frozen_unmatched,200,p0.20_f0.750,0.75,1.0,6,0.2,39.800000000000004,40.06,25,60,8012,1929,2.118771706471483,60,0.6996402365734952,0.013992804731469907,6.317402119675974,14.185301453591391,2.347366577480109,3.7823559585793465,17,"{""0"": 0.005374772955830191, ""1"": 0.011385334122007752, ""2"": 0.020290672874128418, ""3"": 0.009680881038546942, ""4"": 0.019061623823683864, ""5"": 0.018163543574622278}"
frozen_unmatched,200,p0.20_f0.750,0.75,1.0,6,0.2,39.800000000000004,40.06,25,60,8012,1929,2.118771706471483,70,0.6670379153575016,0.013340758307150032,21.142787006358542,14.413944354048423,2.3456933779621854,3.8673151691512757,17,"{""0"": 0.005333163568158239, ""1"": 0.011570835034788576, ""2"": 0.02151361115706187, ""3"": 0.009825654858730801, ""4"": 0.01633454827773075, ""5"": 0.015466736946429967}"
frozen_unmatched,200,p0.20_f0.750,0.75,1.0,6,0.2,39.800000000000004,40.06,25,60,8012,1929,2.118771706471483,80,0.6574112035258037,0.013148224070516076,6.901637701023819,14.467078171980795,2.3386217369383924,3.771410940841195,17,"{""0"": 0.0055559827590032935, ""1"": 0.011122791242636921, ""2"": 0.022224796692085897, ""3"": 0.009842410602878755, ""4"": 0.013652217459293034, ""5"": 0.01649114566719855}"
frozen_unmatched,200,p0.20_f0.750,0.75,1.0,6,0.2,39.800000000000004,40.06,25,60,8012,1929,2.118771706471483,90,0.6432637897004145,0.012865275794008292,25.22261034907344,14.60923263173264,2.3565120397621855,3.9569889842766957,17,"{""0"": 0.005356401673190445, ""1"": 0.011202795258024829, ""2"": 0.021720816616792805, ""3"": 0.009169048059231924, ""4"": 0.013398797028204148, ""5"": 0.01634379612860561}"
frozen_unmatched,200,p0.20_f0.750,0.75,1.0,6,0.2,39.800000000000004,40.06,25,60,8012,1929,2.118771706471483,100,0.6392427927949398,0.012784855855898797,10.749656554735058,14.727159005712181,2.3667404208068095,3.8245946022867856,17,"{""0"": 0.005265397067591495, ""1"": 0.011157019218312723, ""2"": 0.02250984380666284, ""3"": 0.008803967931114032, ""4"": 0.013233514134832808, ""5"": 0.015739392976878895}"
frozen_unmatched,200,p0.20_f0.750,0.75,1.0,6,0.2,39.800000000000004,40.06,25,60,8012,1929,2.118771706471483,110,0.6271491375401536,0.012542982750803072,9.355649449032663,14.902378654418715,2.377371682486141,3.954368931778909,17,"{""0"": 0.005080831518074031, ""1"": 0.010878714098796465, ""2"": 0.022125477844047038, ""3"": 0.009179077790807089, ""4"": 0.013369015793949435, ""5"": 0.014624779459144383}"
frozen_unmatched,200,p0.20_f0.750,0.75,1.0,6,0.2,39.800000000000004,40.06,25,60,8012,1929,2.118771706471483,120,0.6022083970203268,0.012044167940406539,14.061318599254271,14.978370449457199,2.382647243588356,4.186262481317462,17,"{""0"": 0.005188309442056726, ""1"": 0.010444203957189866, ""2"": 0.02226627890854952, ""3"": 0.009233819906270958, ""4"": 0.013327875725671883, ""5"": 0.011804519702700269}"
frozen_unmatched,200,p0.20_f0.750,0.75,1.0,6,0.2,39.800000000000004,40.06,25,60,8012,1929,2.118771706471483,130,0.6058717105313377,0.012117434210626757,5.562241430337464,15.048920422625397,2.384606649807989,4.122223649844416,17,"{""0"": 0.005183288945822284, ""1"": 0.011015162379370095, ""2"": 0.023230199964138356, ""3"": 0.00888518532284858, ""4"": 0.012375845681055205, ""5"": 0.012014922970526013}"
frozen_unmatched,200,p0.20_f0.750,0.75,1.0,6,0.2,39.800000000000004,40.06,25,60,8012,1929,2.118771706471483,140,0.6087636612385809,0.01217527322477162,11.751773259124098,15.112780817124012,2.386308398776123,4.042081754388147,17,"{""0"": 0.005032700826262929, ""1"": 0.010950862534147685, ""2"": 0.02379656404858181, ""3"": 0.00874651892209832, ""4"": 0.012345714011835351, ""5"": 0.012179279005703628}"
frozen_unmatched,200,p0.20_f0.750,0.75,1.0,6,0.2,39.800000000000004,40.06,25,60,8012,1929,2.118771706471483,150,0.6160106635748007,0.012320213271496017,16.569223641551183,15.239251813342166,2.391031887749791,4.0109364891375225,17,"{""0"": 0.005046432249595458, ""1"": 0.010841472744872415, ""2"": 0.024334792473880727, ""3"": 0.009685456545403313, ""4"": 0.012075005163205272, ""5"": 0.011938120452018915}"
frozen_unmatched,200,p0.20_f0.750,0.75,1.0,6,0.2,39.800000000000004,40.06,25,60,8012,1929,2.118771706471483,160,0.616658530726118,0.012333170614522363,5.811308603472171,15.321476566824114,2.4124175849399627,4.096953506339638,17,"{""0"": 0.005145565732642393, ""1"": 0.010415422386013711, ""2"": 0.024930135166661725, ""3"": 0.010520063664571911, ""4"": 0.011912431117747138, ""5"": 0.011075405619497297}"
frozen_unmatched,200,p0.20_f0.750,0.75,1.0,6,0.2,39.800000000000004,40.06,25,60,8012,1929,2.118771706471483,170,0.6121346521865993,0.01224269304373199,5.163362370692814,15.367877245735874,2.396672315574685,4.0515938409747445,17,"{""0"": 0.004831576531055269, ""1"": 0.010623185845966419, ""2"": 0.024910028080688207, ""3"": 0.01037880862032344, ""4"": 0.011483074099603016, ""5"": 0.011229485084755578}"
frozen_unmatched,200,p0.20_f0.750,0.75,1.0,6,0.2,39.800000000000004,40.06,25,60,8012,1929,2.118771706471483,180,0.5920422468056926,0.011840844936113855,12.837369169469588,15.437404008297662,2.402960909408097,4.221025238094728,17,"{""0"": 0.005008488456899848, ""1"": 0.01062105303949141, ""2"": 0.024834600030671783, ""3"": 0.010740774307167302, ""4"": 0.008860248866418246, ""5"": 0.010979904916034539}"
frozen_unmatched,200,p0.20_f0.750,0.75,1.0,6,0.2,39.800000000000004,40.06,25,60,8012,1929,2.118771706471483,190,0.6118150194182679,0.01223630038836536,8.096360527007457,15.480808255875306,2.4135192005003914,4.079246701603847,17,"{""0"": 0.004827478307510313, ""1"": 0.010506817680563881, ""2"": 0.025213296641217426, ""3"": 0.01058197186995481, ""4"": 0.011174555539694039, ""5"": 0.011113682291251679}"
frozen_unmatched,200,p0.20_f0.750,0.75,1.0,6,0.2,39.800000000000004,40.06,25,60,8012,1929,2.118771706471483,200,0.6107279924379255,0.012214559848758513,47.38901432179986,15.517007942184561,2.4210946725851286,4.183583234406731,17,"{""0"": 0.004838698236475686, ""1"": 0.010283911018640865, ""2"": 0.02502410314486824, ""3"": 0.01108261237161148, ""4"": 0.011200079375073077, ""5"": 0.010857954945881732}"
frozen_unmatched,200,p0.20_f0.875,0.875,1.0,6,0.2,39.800000000000004,40.06,25,60,8012,1929,2.1921023906906085,0,1.0399227459104163,0.020798454918208326,nan,0.0,2.1921023906906085,7.073606171607146,21,"{""0"": 0.022527403583842802, ""1"": 0.020371178455300693, ""2"": 0.020163891177517997, ""3"": 0.018724505386167007, ""4"": 0.02136400351103162, ""5"": 0.021639747395389854}"
frozen_unmatched,200,p0.20_f0.875,0.875,1.0,6,0.2,39.800000000000004,40.06,25,60,8012,1929,2.1921023906906085,10,0.8583349499761639,0.01716669899952328,16.182297228982367,13.390238675233535,2.564776123847173,2.9774198245930887,15,"{""0"": 0.011556543986287051, ""1"": 0.010656903343429173, ""2"": 0.024409959728486634, ""3"": 0.008730617338513599, ""4"": 0.02129631473298005, ""5"": 0.02634985486744318}"
frozen_unmatched,200,p0.20_f0.875,0.875,1.0,6,0.2,39.800000000000004,40.06,25,60,8012,1929,2.1921023906906085,20,0.9547928266251445,0.019095856532502894,8.961188605175083,13.926153853115686,2.442902189160141,4.377643739468595,19,"{""0"": 0.023877998319526895, ""1"": 0.020090162697990153, ""2"": 0.02636974703299731, ""3"": 0.008904150400204116, ""4"": 0.012514222187076502, ""5"": 0.022818858557222394}"
frozen_unmatched,200,p0.20_f0.875,0.875,1.0,6,0.2,39.800000000000004,40.06,25,60,8012,1929,2.1921023906906085,30,0.8805996244728964,0.01761199248945793,24.418663627153446,14.055765202300266,2.4125381784477176,5.144317080757509,20,"{""0"": 0.016200844051979114, ""1"": 0.018000003737765745, ""2"": 0.02560530004299718, ""3"": 0.009927049181097655, ""4"": 0.01629096553227704, ""5"": 0.01964779239063085}"
frozen_unmatched,200,p0.20_f0.875,0.875,1.0,6,0.2,39.800000000000004,40.06,25,60,8012,1929,2.1921023906906085,40,0.7898872027277019,0.015797744054554037,39.25732776590885,13.843587414797668,2.332333332184339,4.664201683676881,20,"{""0"": 0.016346277171485027, ""1"": 0.017580756373295307, ""2"": 0.016922341953637492, ""3"": 0.010335491267424007, ""4"": 0.012349795306294258, ""5"": 0.021251802255188128}"
frozen_unmatched,200,p0.20_f0.875,0.875,1.0,6,0.2,39.800000000000004,40.06,25,60,8012,1929,2.1921023906906085,50,0.7784210579477698,0.015568421158955398,9.604201435771012,14.122093550481994,2.3763958110373378,4.9297258267413975,19,"{""0"": 0.015462572215871426, ""1"": 0.01693469619420689, ""2"": 0.01976210019080215, ""3"": 0.01116873739278625, ""4"": 0.011525134041805812, ""5"": 0.018557286918259863}"
frozen_unmatched,200,p0.20_f0.875,0.875,1.0,6,0.2,39.800000000000004,40.06,25,60,8012,1929,2.1921023906906085,60,0.8348881859633712,0.016697763719267428,7.8830832426170865,14.264882496271055,2.3825280618405196,4.492031421515094,19,"{""0"": 0.018467625781868283, ""1"": 0.016654945649635634, ""2"": 0.02196700453386205, ""3"": 0.012332109027335067, ""4"": 0.010906519051073116, ""5"": 0.019858378271830412}"
frozen_unmatched,200,p0.20_f0.875,0.875,1.0,6,0.2,39.800000000000004,40.06,25,60,8012,1929,2.1921023906906085,70,0.7934315838461549,0.0158686316769231,18.195441569508997,14.268143264016512,2.4006871415532998,4.511594255232397,19,"{""0"": 0.014393383788918223, ""1"": 0.017393906715320793, ""2"": 0.021546315066702945, ""3"": 0.011383576930892175, ""4"": 0.010842593625968632, ""5"": 0.019652013933735828}"
frozen_unmatched,200,p0.20_f0.875,0.875,1.0,6,0.2,39.800000000000004,40.06,25,60,8012,1929,2.1921023906906085,80,0.7672193406748004,0.015344386813496008,22.344939855307462,14.32145877346278,2.4307941191657534,4.180251707321788,18,"{""0"": 0.012842669798811402, ""1"": 0.016196128706673665, ""2"": 0.02272906573675686, ""3"": 0.010864287993193597, ""4"": 0.009845848554918473, ""5"": 0.01958832009062204}"
frozen_unmatched,200,p0.20_f0.875,0.875,1.0,6,0.2,39.800000000000004,40.06,25,60,8012,1929,2.1921023906906085,90,0.7045092381043566,0.014090184762087135,28.93755155225328,14.383009786800827,2.377398454512892,4.698287177389555,19,"{""0"": 0.011589449251013798, ""1"": 0.015776606319743626, ""2"": 0.022406462973528433, ""3"": 0.008879786099376234, ""4"": 0.009741782220885283, ""5"": 0.016147021707975433}"
frozen_unmatched,200,p0.20_f0.875,0.875,1.0,6,0.2,39.800000000000004,40.06,25,60,8012,1929,2.1921023906906085,100,0.6925921568651879,0.013851843137303761,10.28756455275786,14.574006632530924,2.442182846124678,4.785459092133226,19,"{""0"": 0.010129499265227696, ""1"": 0.015530617292687999, ""2"": 0.023786644171173023, ""3"": 0.008048893164309099, ""4"": 0.009480089765615572, ""5"": 0.016135315164809177}"
frozen_unmatched,200,p0.20_f0.875,0.875,1.0,6,0.2,39.800000000000004,40.06,25,60,8012,1929,2.1921023906906085,110,0.6924200834285524,0.013848401668571049,21.616554801636287,14.66346337940065,2.3800671928646424,4.955768869942896,20,"{""0"": 0.011141452322593923, ""1"": 0.014954371507698804, ""2"": 0.02376127003885505, ""3"": 0.009080265219896685, ""4"": 0.009180809798715741, ""5"": 0.014972241123666097}"
frozen_unmatched,200,p0.20_f0.875,0.875,1.0,6,0.2,39.800000000000004,40.06,25,60,8012,1929,2.1921023906906085,120,0.663984771734644,0.013279695434692882,17.32061055229713,14.770904530825975,2.449191084366203,5.1738229706283665,20,"{""0"": 0.010347861985822989, ""1"": 0.012948044930991647, ""2"": 0.024204461697622116, ""3"": 0.007897498344206519, ""4"": 0.009433384776291322, ""5"": 0.014846920873222692}"
frozen_unmatched,200,p0.20_f0.875,0.875,1.0,6,0.2,39.800000000000004,40.06,25,60,8012,1929,2.1921023906906085,130,0.6571591291252246,0.013143182582504494,5.013935049844137,14.79507026371184,2.45277012285955,4.9689204499613995,20,"{""0"": 0.010306447789383008, ""1"": 0.01243222358846224, ""2"": 0.024136426753231414, ""3"": 0.007339929865349289, ""4"": 0.009729039637781345, ""5"": 0.014915027860819663}"
frozen_unmatched,200,p0.20_f0.875,0.875,1.0,6,0.2,39.800000000000004,40.06,25,60,8012,1929,2.1921023906906085,140,0.6504280206613919,0.013008560413227841,22.88322994254862,14.810178747126033,2.4506563266460177,4.802651831976281,20,"{""0"": 0.009849577749432879, ""1"": 0.012721937521603718, ""2"": 0.023912039945890074, ""3"": 0.006910403654521102, ""4"": 0.009394828779382134, ""5"": 0.015262574828537151}"
frozen_unmatched,200,p0.20_f0.875,0.875,1.0,6,0.2,39.800000000000004,40.06,25,60,8012,1929,2.1921023906906085,150,0.6274545858628497,0.012549091717256997,14.389687173484575,14.944561262661145,2.4730364341514384,4.796716049394817,19,"{""0"": 0.009045270689728558, ""1"": 0.011221126550752462, ""2"": 0.023829837834352642, ""3"": 0.006763422336771352, ""4"": 0.009360128978578967, ""5"": 0.015074763913358002}"
frozen_unmatched,200,p0.20_f0.875,0.875,1.0,6,0.2,39.800000000000004,40.06,25,60,8012,1929,2.1921023906906085,160,0.617561570670603,0.012351231413412062,11.057412270584127,15.044232912513543,2.5122453131513436,4.868265441389547,19,"{""0"": 0.008522778488369371, ""1"": 0.010690788711203426, ""2"": 0.024362745684726052, ""3"": 0.006549524012682728, ""4"": 0.009131619354487646, ""5"": 0.014849932229003165}"
frozen_unmatched,200,p0.20_f0.875,0.875,1.0,6,0.2,39.800000000000004,40.06,25,60,8012,1929,2.1921023906906085,170,0.6279745472958403,0.01255949094591681,15.123879895088603,15.151221036524598,2.4893652960815924,4.784730679911811,20,"{""0"": 0.008110242741604828, ""1"": 0.010918158443085241, ""2"": 0.025085235024386903, ""3"": 0.006385458520371953, ""4"": 0.009252297821657731, ""5"": 0.015605553124394206}"
frozen_unmatched,200,p0.20_f0.875,0.875,1.0,6,0.2,39.800000000000004,40.06,25,60,8012,1929,2.1921023906906085,180,0.6349231516216373,0.012698463032432746,19.094027572420487,15.23397457792773,2.48868266548568,4.961183278896739,20,"{""0"": 0.00912089962929563, ""1"": 0.010736759004296182, ""2"": 0.025164774030035038, ""3"": 0.006702629111923672, ""4"": 0.009273885549289356, ""5"": 0.015191830869756598}"
frozen_unmatched,200,p0.20_f0.875,0.875,1.0,6,0.2,39.800000000000004,40.06,25,60,8012,1929,2.1921023906906085,190,0.631769352121586,0.012635387042431721,8.13236917773587,15.308184874395074,2.4819880863537307,4.893993860438364,20,"{""0"": 0.009311393541520538, ""1"": 0.010589997512019198, ""2"": 0.02489637968310615, ""3"": 0.006437949034485311, ""4"": 0.009152005149551322, ""5"": 0.015424597333907806}"
frozen_unmatched,200,p0.20_f0.875,0.875,1.0,6,0.2,39.800000000000004,40.06,25,60,8012,1929,2.1921023906906085,200,0.6202096186886514,0.012404192373773031,31.36118472214854,15.33718439386649,2.499170200226414,5.028091164377833,20,"{""0"": 0.008585065731550089, ""1"": 0.009869373726087028, ""2"": 0.024636430323056464, ""3"": 0.006910557473583023, ""4"": 0.009148668403565109, ""5"": 0.015275058584796483}"
frozen_unmatched,200,p0.40_f0.500,0.5,1.0,6,0.4,79.60000000000001,80.155,59,98,16031,1929,1.9460829504374253,0,1.040169365213294,0.02080338730426588,nan,0.0,1.9460829504374253,4.7086978471882315,16,"{""0"": 0.021024542319270263, ""1"": 0.021067885947925497, ""2"": 0.022035341643211477, ""3"": 0.017824120542188755, ""4"": 0.021504795245325423, ""5"": 0.02136363812767387}"
frozen_unmatched,200,p0.40_f0.500,0.5,1.0,6,0.4,79.60000000000001,80.155,59,98,16031,1929,1.9460829504374253,10,0.8528283556820828,0.017056567113641657,6.2100849908222235,13.125400830150284,2.426339843593526,2.972966969068124,13,"{""0"": 0.014255762775699172, ""1"": 0.006952383436648486, ""2"": 0.019179747323299533, ""3"": 0.014589145169731527, ""4"": 0.024705793866540503, ""5"": 0.022656570109930725}"
frozen_unmatched,200,p0.40_f0.500,0.5,1.0,6,0.4,79.60000000000001,80.155,59,98,16031,1929,1.9460829504374253,20,0.918498598572433,0.018369971971448663,18.267254452290967,14.432371420327673,2.3853938157493584,3.472605966693103,13,"{""0"": 0.016920077680460992, ""1"": 0.015417096316145781, ""2"": 0.020611369713727755, ""3"": 0.013299154680327089, ""4"": 0.011824576534865457, ""5"": 0.032147556903164884}"
frozen_unmatched,200,p0.40_f0.500,0.5,1.0,6,0.4,79.60000000000001,80.155,59,98,16031,1929,1.9460829504374253,30,0.7149477212057004,0.014298954424114009,4.757555967911713,14.89531199033085,2.3841223163411716,4.519848580132052,15,"{""0"": 0.012551200982608462, ""1"": 0.009984294272736576, ""2"": 0.014270181202100957, ""3"": 0.0077102803401591325, ""4"": 0.02184206011771377, ""5"": 0.019435709629365156}"
frozen_unmatched,200,p0.40_f0.500,0.5,1.0,6,0.4,79.60000000000001,80.155,59,98,16031,1929,1.9460829504374253,40,0.6306769243448108,0.012613538486896218,4.8998552311406405,14.80176635858393,2.282973894659003,5.078143419315256,16,"{""0"": 0.009450417611687686, ""1"": 0.011226584656180729, ""2"": 0.009686770459754638, ""3"": 0.007343284677190164, ""4"": 0.02321170614336355, ""5"": 0.014762467373200552}"
frozen_unmatched,200,p0.40_f0.500,0.5,1.0,6,0.4,79.60000000000001,80.155,59,98,16031,1929,1.9460829504374253,50,0.6800045158677148,0.013600090317354298,4.333713866663865,15.153917684578065,2.2946796546753845,5.074119134904779,16,"{""0"": 0.012852121074342152, ""1"": 0.012327151324746549, ""2"": 0.010922305664059105, ""3"": 0.006939311046337146, ""4"": 0.023194980972751345, ""5"": 0.015364671821889489}"
frozen_unmatched,200,p0.40_f0.500,0.5,1.0,6,0.4,79.60000000000001,80.155,59,98,16031,1929,1.9460829504374253,60,0.6565073651281663,0.013130147302563329,15.169786866129538,15.201505369859394,2.290887787256737,5.384221015036492,17,"{""0"": 0.012928184030466482, ""1"": 0.011846168703815576, ""2"": 0.010476717269924416, ""3"": 0.006812670868648858, ""4"": 0.021645430483907983, ""5"": 0.015071712458616654}"
frozen_unmatched,200,p0.40_f0.500,0.5,1.0,6,0.4,79.60000000000001,80.155,59,98,16031,1929,1.9460829504374253,70,0.6492773352874717,0.012985546705749435,22.127050975626066,15.357886927462816,2.2681028042332265,5.885400646835666,18,"{""0"": 0.010797927662676624, ""1"": 0.012995466261144357, ""2"": 0.011648973422307373, ""3"": 0.009111987053035626, ""4"": 0.019282050949869397, ""5"": 0.014076874885463234}"
frozen_unmatched,200,p0.40_f0.500,0.5,1.0,6,0.4,79.60000000000001,80.155,59,98,16031,1929,1.9460829504374253,80,0.6481846903275814,0.01296369380655163,6.729067358057742,15.356812967385673,2.281771169408277,5.411100882670623,17,"{""0"": 0.0077575792879440875, ""1"": 0.013612503167965247, ""2"": 0.012878640427039015, ""3"": 0.008569304862365554, ""4"": 0.01866316178134888, ""5"": 0.016300973312647016}"
frozen_unmatched,200,p0.40_f0.500,0.5,1.0,6,0.4,79.60000000000001,80.155,59,98,16031,1929,1.9460829504374253,90,0.6229836333284747,0.012459672666569496,5.843810744265342,15.427256588722559,2.292815226136978,5.140362691446182,17,"{""0"": 0.006581406163395705, ""1"": 0.015560802084144742, ""2"": 0.01254529106175888, ""3"": 0.008995673284368223, ""4"": 0.016227717650921847, ""5"": 0.014847145754827571}"
frozen_unmatched,200,p0.40_f0.500,0.5,1.0,6,0.4,79.60000000000001,80.155,59,98,16031,1929,1.9460829504374253,100,0.5984981930155341,0.011969963860310684,6.019824493133299,15.319229635308135,2.308637473698728,4.698017141362123,17,"{""0"": 0.00499263667686939, ""1"": 0.014749276880658677, ""2"": 0.013996682852502645, ""3"": 0.008042376772848806, ""4"": 0.015624502542504309, ""5"": 0.014414307436480261}"
frozen_unmatched,200,p0.40_f0.500,0.5,1.0,6,0.4,79.60000000000001,80.155,59,98,16031,1929,1.9460829504374253,110,0.5986689835693657,0.011973379671387315,10.06835790835497,15.403305802664907,2.3150000949947467,4.395332810904863,16,"{""0"": 0.004818657375539744, ""1"": 0.015676503283167754, ""2"": 0.012378182099055873, ""3"": 0.008272793885473615, ""4"": 0.016772040368087698, ""5"": 0.013922101016999219}"
frozen_unmatched,200,p0.40_f0.500,0.5,1.0,6,0.4,79.60000000000001,80.155,59,98,16031,1929,1.9460829504374253,120,0.5880847580893364,0.011761695161786729,4.7838923733427405,15.47232956004875,2.313324189777268,4.446422160042838,16,"{""0"": 0.005272411798155544, ""1"": 0.015472171454341216, ""2"": 0.012035424727287967, ""3"": 0.008408000701636113, ""4"": 0.016638162222845542, ""5"": 0.012744000066453995}"
frozen_unmatched,200,p0.40_f0.500,0.5,1.0,6,0.4,79.60000000000001,80.155,59,98,16031,1929,1.9460829504374253,130,0.5720655488357359,0.01144131097671472,19.163649923276708,15.332768185944591,2.2916928255832634,4.641472133874977,16,"{""0"": 0.005159865570382715, ""1"": 0.013915765211199398, ""2"": 0.011889394589930023, ""3"": 0.007922290007599678, ""4"": 0.015681359477072464, ""5"": 0.014079191004104038}"
frozen_unmatched,200,p0.40_f0.500,0.5,1.0,6,0.4,79.60000000000001,80.155,59,98,16031,1929,1.9460829504374253,140,0.5804942961407615,0.011609885922815233,4.205098250905015,15.313826307067261,2.2885037273743607,4.619431225806687,16,"{""0"": 0.004814539985765749, ""1"": 0.014392290164904922, ""2"": 0.01233350969197361, ""3"": 0.007515110379890666, ""4"": 0.015441723398773265, ""5"": 0.015162141915583183}"
frozen_unmatched,200,p0.40_f0.500,0.5,1.0,6,0.4,79.60000000000001,80.155,59,98,16031,1929,1.9460829504374253,150,0.5657337204744911,0.011314674409489824,9.07705715946056,15.22532235764044,2.281060049688771,4.5917597500406995,16,"{""0"": 0.004805226295151219, ""1"": 0.01424909230012541, ""2"": 0.012106898858848842, ""3"": 0.005995116011197427, ""4"": 0.016059199085049165, ""5"": 0.014672513906566872}"
frozen_unmatched,200,p0.40_f0.500,0.5,1.0,6,0.4,79.60000000000001,80.155,59,98,16031,1929,1.9460829504374253,160,0.5605550966020317,0.011211101932040637,7.118971582803347,15.2521206044412,2.2810498993060193,4.767778159422823,16,"{""0"": 0.005229023606905586, ""1"": 0.01306164400357992, ""2"": 0.012369064605891511, ""3"": 0.00644558407534537, ""4"": 0.015171244134735423, ""5"": 0.014990051165786004}"
frozen_unmatched,200,p0.40_f0.500,0.5,1.0,6,0.4,79.60000000000001,80.155,59,98,16031,1929,1.9460829504374253,170,0.5466465867257368,0.010932931734514739,6.586447463812021,15.290949702513666,2.2831695105979444,4.898666082373799,17,"{""0"": 0.005639036340997415, ""1"": 0.011109449665767778, ""2"": 0.012445347951525925, ""3"": 0.006107525509235457, ""4"": 0.01507792361226509, ""5"": 0.01521830732729677}"
frozen_unmatched,200,p0.40_f0.500,0.5,1.0,6,0.4,79.60000000000001,80.155,59,98,16031,1929,1.9460829504374253,180,0.539866139571606,0.010797322791432123,15.367038538392588,15.30327084788404,2.281621986500587,4.761209131024611,16,"{""0"": 0.005071899527405993, ""1"": 0.01261765496974769, ""2"": 0.011895293890649994, ""3"": 0.005422918116668861, ""4"": 0.01507716808728898, ""5"": 0.014699002156831209}"
frozen_unmatched,200,p0.40_f0.500,0.5,1.0,6,0.4,79.60000000000001,80.155,59,98,16031,1929,1.9460829504374253,190,0.5467258476405099,0.0109345169528102,3.9222128256811684,15.330452486959562,2.282651282971483,4.652455098282777,16,"{""0"": 0.004948844175192836, ""1"": 0.014267156393182195, ""2"": 0.011823749358457772, ""3"": 0.005123737967761535, ""4"": 0.01523331049336088, ""5"": 0.014210303328905985}"
frozen_unmatched,200,p0.40_f0.500,0.5,1.0,6,0.4,79.60000000000001,80.155,59,98,16031,1929,1.9460829504374253,200,0.5454963499235945,0.010909926998471892,16.12175331727109,15.40842638348035,2.2860172218227333,4.672257662803438,16,"{""0"": 0.005067145846239453, ""1"": 0.014383444505922558, ""2"": 0.011558489235366749, ""3"": 0.005001449925093151, ""4"": 0.015705566345377106, ""5"": 0.013743466132832338}"
frozen_unmatched,200,p0.40_f0.750,0.75,1.0,6,0.4,79.60000000000001,80.155,59,98,16031,1929,2.084230315110214,0,1.026435432349787,0.02052870864699574,nan,0.0,2.084230315110214,5.263922801151906,18,"{""0"": 0.019564835595762532, ""1"": 0.020949123191238605, ""2"": 0.021486170090351687, ""3"": 0.017973124166692712, ""4"": 0.021619805507508826, ""5"": 0.02157919333042007}"
frozen_unmatched,200,p0.40_f0.750,0.75,1.0,6,0.4,79.60000000000001,80.155,59,98,16031,1929,2.084230315110214,10,0.7410698164457866,0.014821396328915734,8.10090708863256,14.035878088245518,2.5790846870355986,4.281984086643605,15,"{""0"": 0.013423034624145912, ""1"": 0.010602985031002838, ""2"": 0.014186438654802846, ""3"": 0.006692607594282711, ""4"": 0.025092197243170477, ""5"": 0.018931114826089595}"
frozen_unmatched,200,p0.40_f0.750,0.75,1.0,6,0.4,79.60000000000001,80.155,59,98,16031,1929,2.084230315110214,20,0.6351838411384007,0.012703676822768016,24.42792913953874,14.475135139295855,2.4127065787865987,4.626442654559307,17,"{""0"": 0.00546833448400849, ""1"": 0.009780573296941722, ""2"": 0.013341935709971702, ""3"": 0.007460843320485485, ""4"": 0.02218443408587596, ""5"": 0.017985940039324723}"
frozen_unmatched,200,p0.40_f0.750,0.75,1.0,6,0.4,79.60000000000001,80.155,59,98,16031,1929,2.084230315110214,30,0.6165961956034595,0.012331923912069189,7.311119278155609,14.688278435704202,2.4100925196256155,4.8438169022112785,17,"{""0"": 0.007086151946683434, ""1"": 0.008086712956011271, ""2"": 0.012443167187255187, ""3"": 0.008412910807225771, ""4"": 0.02464060143555975, ""5"": 0.013321999139679736}"
frozen_unmatched,200,p0.40_f0.750,0.75,1.0,6,0.4,79.60000000000001,80.155,59,98,16031,1929,2.084230315110214,40,0.5476407867605441,0.010952815735210883,3.767909890035511,14.917638901458723,2.4202671149952772,4.641739650611961,17,"{""0"": 0.00643126456495689, ""1"": 0.009763218841742841, ""2"": 0.011597868504088078, ""3"": 0.005368969427682299, ""4"": 0.02070387409287288, ""5"": 0.011851698979922309}"
frozen_unmatched,200,p0.40_f0.750,0.75,1.0,6,0.4,79.60000000000001,80.155,59,98,16031,1929,2.084230315110214,50,0.5322829648863201,0.010645659297726403,18.600627001099706,15.062444164061741,2.413722833488462,4.640448297201798,17,"{""0"": 0.0056863177127243385, ""1"": 0.008770554599820946, ""2"": 0.0106394855724038, ""3"": 0.0055592647455043834, ""4"": 0.02063924167181641, ""5"": 0.012579091484088537}"
frozen_unmatched,200,p0.40_f0.750,0.75,1.0,6,0.4,79.60000000000001,80.155,59,98,16031,1929,2.084230315110214,60,0.5402618007807604,0.010805236015615208,10.681783799844071,15.078842962996427,2.471711825534568,4.409404469034221,16,"{""0"": 0.005632074782623451, ""1"": 0.0069234698184143404, ""2"": 0.012690631744406194, ""3"": 0.005145600456261372, ""4"": 0.022365494038448223, ""5"": 0.01207414525353767}"
frozen_unmatched,200,p0.40_f0.750,0.75,1.0,6,0.4,79.60000000000001,80.155,59,98,16031,1929,2.084230315110214,70,0.5112944832425308,0.010225889664850616,50.31674118218175,14.965049835013607,2.422318955652344,4.561290750500906,17,"{""0"": 0.004748478899936659, ""1"": 0.008164644369322276, ""2"": 0.01239908303690219, ""3"": 0.005329661831904624, ""4"": 0.019144969421248152, ""5"": 0.0115685004297898}"
frozen_unmatched,200,p0.40_f0.750,0.75,1.0,6,0.4,79.60000000000001,80.155,59,98,16031,1929,2.084230315110214,80,0.5396450329494256,0.010792900658988512,4.584520514227774,15.102111979556362,2.455851755809586,4.371700988227108,16,"{""0"": 0.004651279496738143, ""1"": 0.006821213115316337, ""2"": 0.013589390099962202, ""3"": 0.005102894784856785, ""4"": 0.022749781721010637, ""5"": 0.011842844736046975}"
frozen_unmatched,200,p0.40_f0.750,0.75,1.0,6,0.4,79.60000000000001,80.155,59,98,16031,1929,2.084230315110214,90,0.539279540921677,0.01078559081843354,31.088986188432408,15.168811008927268,2.4694340352429562,4.349780245716708,16,"{""0"": 0.004758780662774873, ""1"": 0.006926507917186564, ""2"": 0.013015049698894488, ""3"": 0.004792752959074754, ""4"": 0.022735236188286927, ""5"": 0.012485217484383651}"
frozen_unmatched,200,p0.40_f0.750,0.75,1.0,6,0.4,79.60000000000001,80.155,59,98,16031,1929,2.084230315110214,100,0.5315898953052339,0.010631797906104681,10.85973471150925,15.190640160244,2.490299668010275,4.304336609797643,16,"{""0"": 0.004519169696530159, ""1"": 0.0067367434206071965, ""2"": 0.013243569809343655, ""3"": 0.004847506192885592, ""4"": 0.02121103187501032, ""5"": 0.013232766442251168}"
frozen_unmatched,200,p0.40_f0.750,0.75,1.0,6,0.4,79.60000000000001,80.155,59,98,16031,1929,2.084230315110214,110,0.5233554678184846,0.010467109356369693,12.778404429864986,15.3640678829173,2.4857335752308503,4.2993003370561285,16,"{""0"": 0.004415336398922672, ""1"": 0.006813771750893992, ""2"": 0.012878331497350423, ""3"": 0.004337036543663139, ""4"": 0.02162510043896679, ""5"": 0.012733079508421152}"
frozen_unmatched,200,p0.40_f0.750,0.75,1.0,6,0.4,79.60000000000001,80.155,59,98,16031,1929,2.084230315110214,120,0.533285324072334,0.010665706481446682,12.467029724688443,15.38211467380908,2.4815911564700466,4.232204443800924,16,"{""0"": 0.004770664964120613, ""1"": 0.00664298806273603, ""2"": 0.012898372139557482, ""3"": 0.004097580874004233, ""4"": 0.022682613190244873, ""5"": 0.012902019658016853}"
frozen_unmatched,200,p0.40_f0.750,0.75,1.0,6,0.4,79.60000000000001,80.155,59,98,16031,1929,2.084230315110214,130,0.529658034480381,0.010593160689607622,14.421414367016135,15.412497703089779,2.4892714113479295,4.1496838473982995,16,"{""0"": 0.004816254072585468, ""1"": 0.006444643205851375, ""2"": 0.013210446646686528, ""3"": 0.003791931710759792, ""4"": 0.02205683783406511, ""5"": 0.01323885066769746}"
frozen_unmatched,200,p0.40_f0.750,0.75,1.0,6,0.4,79.60000000000001,80.155,59,98,16031,1929,2.084230315110214,140,0.5367288632832765,0.010734577265665532,6.05763280451918,15.505882227524252,2.4984243461956486,4.008955243546694,15,"{""0"": 0.004874126409268108, ""1"": 0.005453954958312007, ""2"": 0.013824364693191524, ""3"": 0.0038222780422033963, ""4"": 0.022240549173055325, ""5"": 0.01419219031796284}"
frozen_unmatched,200,p0.40_f0.750,0.75,1.0,6,0.4,79.60000000000001,80.155,59,98,16031,1929,2.084230315110214,150,0.5382074628709849,0.010764149257419699,27.434350732315092,15.54130437253215,2.4830343358440117,4.069322371077645,15,"{""0"": 0.005004832988040653, ""1"": 0.00517089032470117, ""2"": 0.013975341055295989, ""3"": 0.00395266919152516, ""4"": 0.021847652780077432, ""5"": 0.014633509204877788}"
frozen_unmatched,200,p0.40_f0.750,0.75,1.0,6,0.4,79.60000000000001,80.155,59,98,16031,1929,2.084230315110214,160,0.5485412852036301,0.010970825704072604,5.798366940317032,15.489494145070456,2.4825415143229352,4.044750201588787,15,"{""0"": 0.005283445486781625, ""1"": 0.004991579791499655, ""2"": 0.014561664399516182, ""3"": 0.0041467329923492585, ""4"": 0.02165465551871575, ""5"": 0.015186876035573152}"
frozen_unmatched,200,p0.40_f0.750,0.75,1.0,6,0.4,79.60000000000001,80.155,59,98,16031,1929,2.084230315110214,170,0.5383959648875805,0.01076791929775161,2.7468681400801156,15.507059584635636,2.486130903523007,4.038424281355823,15,"{""0"": 0.005186906164519733, ""1"": 0.0052172498350302274, ""2"": 0.014546544613247656, ""3"": 0.004040909774679252, ""4"": 0.020735004850495713, ""5"": 0.01488090054853708}"
frozen_unmatched,200,p0.40_f0.750,0.75,1.0,6,0.4,79.60000000000001,80.155,59,98,16031,1929,2.084230315110214,180,0.5231420270162526,0.010462840540325051,15.32829726625766,15.57586986040167,2.4872304944252264,4.12534876096202,16,"{""0"": 0.005151965332979371, ""1"": 0.005566948607373267, ""2"": 0.013813293292562884, ""3"": 0.003833269000191159, ""4"": 0.020036480657043006, ""5"": 0.014375086351800622}"
frozen_unmatched,200,p0.40_f0.750,0.75,1.0,6,0.4,79.60000000000001,80.155,59,98,16031,1929,2.084230315110214,190,0.5252863607992035,0.010505727215984072,3.6201096037164553,15.607120222593126,2.4909924065229054,4.06835880809199,15,"{""0"": 0.005013586580134078, ""1"": 0.005349091040675902, ""2"": 0.014381706581320625, ""3"": 0.003731297077027325, ""4"": 0.020376910722552658, ""5"": 0.014181771294193846}"
frozen_unmatched,200,p0.40_f0.750,0.75,1.0,6,0.4,79.60000000000001,80.155,59,98,16031,1929,2.084230315110214,200,0.5161989609857138,0.010323979219714277,18.629625865204083,15.604900416945519,2.4929318731833336,4.127313672921734,15,"{""0"": 0.005053101879294802, ""1"": 0.005469204705678526, ""2"": 0.013801324793727004, ""3"": 0.003815268327738584, ""4"": 0.02066947286880741, ""5"": 0.013135502743039337}"
frozen_unmatched,200,p0.40_f0.875,0.875,1.0,6,0.4,79.60000000000001,80.155,59,98,16031,1929,2.137870779043711,0,1.0205381448017445,0.020410762896034895,nan,0.0,2.137870779043711,5.72705045157298,20,"{""0"": 0.019484015519999048, ""1"": 0.020932676102177434, ""2"": 0.02069100626793314, ""3"": 0.01820006783020455, ""4"": 0.021523420277551168, ""5"": 0.021633391378344035}"
frozen_unmatched,200,p0.40_f0.875,0.875,1.0,6,0.4,79.60000000000001,80.155,59,98,16031,1929,2.137870779043711,10,0.9548442893434682,0.019096885786869366,6.640771141823432,12.895799204996777,2.7074936901135156,3.5623858444662027,15,"{""0"": 0.014009128042384408, ""1"": 0.012180647265531402, ""2"": 0.022716854279625342, ""3"": 0.012132490358676072, ""4"": 0.035886677781785795, ""5"": 0.017655516993213178}"
frozen_unmatched,200,p0.40_f0.875,0.875,1.0,6,0.4,79.60000000000001,80.155,59,98,16031,1929,2.137870779043711,20,0.788654677474425,0.015773093549488502,18.93564552201502,14.915481170121245,2.666410976783899,4.485192056378914,16,"{""0"": 0.014455678707258243, ""1"": 0.006079435070174078, ""2"": 0.02299118983214484, ""3"": 0.010523680933311389, ""4"": 0.024690202193370234, ""5"": 0.015898374560672206}"
frozen_unmatched,200,p0.40_f0.875,0.875,1.0,6,0.4,79.60000000000001,80.155,59,98,16031,1929,2.137870779043711,30,0.7792643044849311,0.015585286089698624,13.39224604180554,15.26337834914874,2.662717593184116,4.258637762597806,16,"{""0"": 0.011251848184753803, ""1"": 0.007779846294335831, ""2"": 0.02264519873248965, ""3"": 0.011556128379059647, ""4"": 0.027938953272058732, ""5"": 0.012339741675494084}"
frozen_unmatched,200,p0.40_f0.875,0.875,1.0,6,0.4,79.60000000000001,80.155,59,98,16031,1929,2.137870779043711,40,0.748005050229062,0.014960101004581243,4.8548050824772595,15.619990795604512,2.632013109104496,4.415579839418913,17,"{""0"": 0.012699038658829482, ""1"": 0.007140311190732729, ""2"": 0.019848672654475902, ""3"": 0.012372961140968242, ""4"": 0.02407444901383172, ""5"": 0.013625173368649374}"
frozen_unmatched,200,p0.40_f0.875,0.875,1.0,6,0.4,79.60000000000001,80.155,59,98,16031,1929,2.137870779043711,50,0.7436650377472069,0.014873300754944141,5.100252161333689,15.70183697448568,2.6532472053103984,4.280558732036049,17,"{""0"": 0.013008694566553253, ""1"": 0.006831219727109969, ""2"": 0.017336189499681708, ""3"": 0.012331100830062208, ""4"": 0.02500329785089564, ""5"": 0.014729302055362057}"
frozen_unmatched,200,p0.40_f0.875,0.875,1.0,6,0.4,79.60000000000001,80.155,59,98,16031,1929,2.137870779043711,60,0.7479674919358094,0.014959349838716189,17.93276521411459,15.800103031186808,2.654774938727745,4.114472227337915,16,"{""0"": 0.01478579042517369, ""1"": 0.0068950646496059005, ""2"": 0.01713869176191265, ""3"": 0.012433392366801781, ""4"": 0.024029538005833538, ""5"": 0.014473621822969563}"
frozen_unmatched,200,p0.40_f0.875,0.875,1.0,6,0.4,79.60000000000001,80.155,59,98,16031,1929,2.137870779043711,70,0.7164620391667326,0.014329240783334654,7.950428304854841,16.011802215675996,2.6293884866125574,4.193647255643623,15,"{""0"": 0.012209905403766017, ""1"": 0.007616095268523795, ""2"": 0.016398952140518546, ""3"": 0.010762255745780592, ""4"": 0.024667191873857745, ""5"": 0.014321044267561223}"
frozen_unmatched,200,p0.40_f0.875,0.875,1.0,6,0.4,79.60000000000001,80.155,59,98,16031,1929,2.137870779043711,80,0.7322206258878514,0.01464441251775703,5.021343967229653,16.079960882035355,2.634588741841638,4.279423247978521,16,"{""0"": 0.011679423760229343, ""1"": 0.007008311276783507, ""2"": 0.01710905175752702, ""3"": 0.010701205184504351, ""4"": 0.02627685175653795, ""5"": 0.015091631370960017}"
frozen_unmatched,200,p0.40_f0.875,0.875,1.0,6,0.4,79.60000000000001,80.155,59,98,16031,1929,2.137870779043711,90,0.6832766790638328,0.013665533581276658,20.539821595895756,16.122136294417345,2.6359054098416173,4.376239192418006,16,"{""0"": 0.010031196460852506, ""1"": 0.007964863461284439, ""2"": 0.01668952381137672, ""3"": 0.009676331646317845, ""4"": 0.02384292300166445, ""5"": 0.013788363106163989}"
frozen_unmatched,200,p0.40_f0.875,0.875,1.0,6,0.4,79.60000000000001,80.155,59,98,16031,1929,2.137870779043711,100,0.6930790704249489,0.01386158140849898,7.92983482763224,16.17531509562378,2.6396026292470056,4.34181934255869,16,"{""0"": 0.00963977775729678, ""1"": 0.008125586631993954, ""2"": 0.01714858372822576, ""3"": 0.00854221112167879, ""4"": 0.025489935438101192, ""5"": 0.014223393773697418}"
frozen_unmatched,200,p0.40_f0.875,0.875,1.0,6,0.4,79.60000000000001,80.155,59,98,16031,1929,2.137870779043711,110,0.7004897533569671,0.014009795067139343,5.839208528694789,16.13239254795253,2.6300740671029836,4.420785429159091,16,"{""0"": 0.009591032358093365, ""1"": 0.00773956684645814, ""2"": 0.016773416188505072, ""3"": 0.008617529543760978, ""4"": 0.02663243810593278, ""5"": 0.014704787360085705}"
frozen_unmatched,200,p0.40_f0.875,0.875,1.0,6,0.4,79.60000000000001,80.155,59,98,16031,1929,2.137870779043711,120,0.6956666644483589,0.01391333328896718,25.893957424531838,16.044072730101846,2.6314155136565835,4.503120209841973,16,"{""0"": 0.00886674593601923, ""1"": 0.007386160329674631, ""2"": 0.016942285669840858, ""3"": 0.009131270408913653, ""4"": 0.02657487924821105, ""5"": 0.01457865814114366}"
frozen_unmatched,200,p0.40_f0.875,0.875,1.0,6,0.4,79.60000000000001,80.155,59,98,16031,1929,2.137870779043711,130,0.7023454519073379,0.014046909038146758,8.50795297491927,15.919061855035494,2.6365616599751585,4.484509384124451,16,"{""0"": 0.009517485088956938, ""1"": 0.007531408310018121, ""2"": 0.016981452186396382, ""3"": 0.008957705572823523, ""4"": 0.02649492994537404, ""5"": 0.014798473125311531}"
frozen_unmatched,200,p0.40_f0.875,0.875,1.0,6,0.4,79.60000000000001,80.155,59,98,16031,1929,2.137870779043711,140,0.7001295714714619,0.01400259142942924,22.54495159015852,15.979040246618737,2.6365620637006155,4.484611213578272,16,"{""0"": 0.008694896338659292, ""1"": 0.007565591063463359, ""2"": 0.017237889992836694, ""3"": 0.008064456700915029, ""4"": 0.026706423919908136, ""5"": 0.015746290560792926}"
frozen_unmatched,200,p0.40_f0.875,0.875,1.0,6,0.4,79.60000000000001,80.155,59,98,16031,1929,2.137870779043711,150,0.7072295661556797,0.014144591323113595,24.79591029111863,15.942299890511983,2.6342648786845926,4.520527524671526,17,"{""0"": 0.008032558402888091, ""1"": 0.007459131987121603, ""2"": 0.01734080511604495, ""3"": 0.008241431680402532, ""4"": 0.02614326610021738, ""5"": 0.017650354652007018}"
frozen_unmatched,200,p0.40_f0.875,0.875,1.0,6,0.4,79.60000000000001,80.155,59,98,16031,1929,2.137870779043711,160,0.7116245735969332,0.014232491471938665,4.37072422542605,15.93633436084501,2.627555161870116,4.50432820739966,16,"{""0"": 0.008123281571805249, ""1"": 0.007309802368770648, ""2"": 0.01753507479175097, ""3"": 0.008625689950804132, ""4"": 0.026221247913662715, ""5"": 0.01757985223483828}"
frozen_unmatched,200,p0.40_f0.875,0.875,1.0,6,0.4,79.60000000000001,80.155,59,98,16031,1929,2.137870779043711,170,0.6984568373707907,0.013969136747415815,3.988860154466114,16.014954039717384,2.6225991754691864,4.54365377040732,17,"{""0"": 0.007835477115912334, ""1"": 0.0074169342529695455, ""2"": 0.0176018977692234, ""3"": 0.008641927533808574, ""4"": 0.025860777464032404, ""5"": 0.016457806348548643}"
frozen_unmatched,200,p0.40_f0.875,0.875,1.0,6,0.4,79.60000000000001,80.155,59,98,16031,1929,2.137870779043711,180,0.679927778450183,0.013598555569003662,11.319323997805304,15.993890509389074,2.615292856376133,4.6982293544784435,17,"{""0"": 0.007692167079708318, ""1"": 0.00771334135283807, ""2"": 0.017187005936477054, ""3"": 0.00793760294700583, ""4"": 0.024911227623824448, ""5"": 0.01614998847416825}"
frozen_unmatched,200,p0.40_f0.875,0.875,1.0,6,0.4,79.60000000000001,80.155,59,98,16031,1929,2.137870779043711,190,0.6855744741822181,0.013711489483644363,4.455950423202409,16.04900867956146,2.6017953956874087,4.785045772273739,17,"{""0"": 0.008721185720173906, ""1"": 0.007805810574639316, ""2"": 0.01716992753103171, ""3"": 0.007783599733128805, ""4"": 0.025414109599166495, ""5"": 0.015374303743725948}"
frozen_unmatched,200,p0.40_f0.875,0.875,1.0,6,0.4,79.60000000000001,80.155,59,98,16031,1929,2.137870779043711,200,0.671092074485131,0.01342184148970262,4.264607792918448,16.042177552255648,2.6064768700681604,4.827055442478631,17,"{""0"": 0.008483695967092416, ""1"": 0.0075663270659978785, ""2"": 0.017257876400121556, ""3"": 0.007643414290531137, ""4"": 0.02503321489553496, ""5"": 0.014546520318937776}"
frozen_unmatched,200,p0.10_f0.500,0.5,1.0,7,0.1,19.900000000000002,19.62,8,30,3924,1962,1.8849355616798873,0,1.0412710995063093,0.020825421990126186,nan,0.0,1.8849355616798873,7.485476904594899,18,"{""0"": 0.020499737241290002, ""1"": 0.02199140967759921, ""2"": 0.020785498753028667, ""3"": 0.02070045187858397, ""4"": 0.02040038306655943, ""5"": 0.020575051323695838}"
frozen_unmatched,200,p0.10_f0.500,0.5,1.0,7,0.1,19.900000000000002,19.62,8,30,3924,1962,1.8849355616798873,10,1.2474591103464614,0.02494918220692923,5.69633098105627,14.122429352257058,2.198527216338043,3.844730421228379,15,"{""0"": 0.05493153169158558, ""1"": 0.025505640179761275, ""2"": 0.006741426207682, ""3"": 0.029341532683064574, ""4"": 0.021480923073651004, ""5"": 0.011694039405830966}"
frozen_unmatched,200,p0.10_f0.500,0.5,1.0,7,0.1,19.900000000000002,19.62,8,30,3924,1962,1.8849355616798873,20,0.9772730203375263,0.01954546040675053,6.4618608802082385,15.21661549045669,2.1621658120267906,5.350824340110439,18,"{""0"": 0.027376087589838588, ""1"": 0.018196853364765925, ""2"": 0.004577534615006724, ""3"": 0.03197256315750054, ""4"": 0.017169965162974272, ""5"": 0.017979758550417117}"
frozen_unmatched,200,p0.10_f0.500,0.5,1.0,7,0.1,19.900000000000002,19.62,8,30,3924,1962,1.8849355616798873,30,0.793763776366714,0.01587527552733428,3.3440860238381265,15.969395020623113,2.1633889414025083,3.862009019330543,16,"{""0"": 0.018290545975837937, ""1"": 0.006722626668980142, ""2"": 0.007238881101342872, ""3"": 0.03279074656293338, ""4"": 0.015005345560600802, ""5"": 0.015203507294310558}"
frozen_unmatched,200,p0.10_f0.500,0.5,1.0,7,0.1,19.900000000000002,19.62,8,30,3924,1962,1.8849355616798873,40,0.7849421874958534,0.01569884374991707,13.958847990438036,16.025226517398636,2.204152660717615,4.114198770620168,16,"{""0"": 0.014383997471528201, ""1"": 0.0050216627257690955, ""2"": 0.01260275024541416, ""3"": 0.03331270834140666, ""4"": 0.011544939129646783, ""5"": 0.01732700458573751}"
frozen_unmatched,200,p0.10_f0.500,0.5,1.0,7,0.1,19.900000000000002,19.62,8,30,3924,1962,1.8849355616798873,50,0.7893143907239989,0.01578628781447998,7.591550942864636,16.173599995582865,2.238447294932464,4.305592741206439,16,"{""0"": 0.010080208645445288, ""1"": 0.005300613467919034, ""2"": 0.011791784262487035, ""3"": 0.033673587465556064, ""4"": 0.014634452267807652, ""5"": 0.019237080777664818}"
frozen_unmatched,200,p0.10_f0.500,0.5,1.0,7,0.1,19.900000000000002,19.62,8,30,3924,1962,1.8849355616798873,60,0.7039656699759117,0.014079313399518236,9.714787848847743,16.372099079769978,2.2325627713417613,4.215558214543452,16,"{""0"": 0.008275173847296266, ""1"": 0.004675724558280912, ""2"": 0.011547886012636236, ""3"": 0.03517895180946161, ""4"": 0.011073759377877, ""5"": 0.013724384791557404}"
frozen_unmatched,200,p0.10_f0.500,0.5,1.0,7,0.1,19.900000000000002,19.62,8,30,3924,1962,1.8849355616798873,70,0.6861763483223662,0.013723526966447326,18.81970055250947,16.648145767195654,2.2312517368219527,4.057579077269936,16,"{""0"": 0.008489151616090115, ""1"": 0.004063216332164321, ""2"": 0.011237223182476361, ""3"": 0.033767684784314515, ""4"": 0.011236413201689605, ""5"": 0.013547472681949026}"
frozen_unmatched,200,p0.10_f0.500,0.5,1.0,7,0.1,19.900000000000002,19.62,8,30,3924,1962,1.8849355616798873,80,0.6196414828358542,0.012392829656717086,21.808472282312923,16.713536229853116,2.2467977692071965,4.251111575458883,16,"{""0"": 0.008250778352040761, ""1"": 0.004728318689365426, ""2"": 0.00954066265666759, ""3"": 0.029834919758912015, ""4"": 0.011286111958736616, ""5"": 0.01071618652458011}"
frozen_unmatched,200,p0.10_f0.500,0.5,1.0,7,0.1,19.900000000000002,19.62,8,30,3924,1962,1.8849355616798873,90,0.6242900000845776,0.012485800001691553,5.896706636707793,16.8134182207579,2.259993172774467,4.290826068979234,16,"{""0"": 0.00816264871758549, ""1"": 0.00485179440073352, ""2"": 0.009000816925491598, ""3"": 0.02944376290512769, ""4"": 0.013429139734124037, ""5"": 0.010026637327086986}"
frozen_unmatched,200,p0.10_f0.500,0.5,1.0,7,0.1,19.900000000000002,19.62,8,30,3924,1962,1.8849355616798873,100,0.6158863485522976,0.012317726971045955,5.767675034603215,16.93594985646678,2.269071364028165,4.17411017162542,15,"{""0"": 0.008784783575569268, ""1"": 0.004682749467538279, ""2"": 0.008279130498539216, ""3"": 0.029454340560196073, ""4"": 0.01274578630694738, ""5"": 0.00995957141748551}"
frozen_unmatched,200,p0.10_f0.500,0.5,1.0,7,0.1,19.900000000000002,19.62,8,30,3924,1962,1.8849355616798873,110,0.5603975542295266,0.011207951084590535,2.378701449589093,16.996131714027356,2.2532449658397415,3.830894723262924,15,"{""0"": 0.008539720142655994, ""1"": 0.004554632247931706, ""2"": 0.008241268618649586, ""3"": 0.026539703186741054, ""4"": 0.009688509688980117, ""5"": 0.009683872622584766}"
frozen_unmatched,200,p0.10_f0.500,0.5,1.0,7,0.1,19.900000000000002,19.62,8,30,3924,1962,1.8849355616798873,120,0.5292108147320924,0.01058421629464185,3.9249496490447493,17.07887794643247,2.226414184474298,3.4832450178275187,14,"{""0"": 0.008631856075789373, ""1"": 0.0043132496949045765, ""2"": 0.0073279910370973814, ""3"": 0.026271501537808488, ""4"": 0.008821370318989713, ""5"": 0.008139329103261567}"
frozen_unmatched,200,p0.10_f0.500,0.5,1.0,7,0.1,19.900000000000002,19.62,8,30,3924,1962,1.8849355616798873,130,0.5297376229260996,0.010594752458521994,11.852684387774067,17.178879888478754,2.243419107654331,3.3479371566096168,14,"{""0"": 0.008849025328635773, ""1"": 0.004269496005369883, ""2"": 0.008397706956910526, ""3"": 0.026018815997277057, ""4"": 0.00767026943730405, ""5"": 0.008363201025634677}"
frozen_unmatched,200,p0.10_f0.500,0.5,1.0,7,0.1,19.900000000000002,19.62,8,30,3924,1962,1.8849355616798873,140,0.5120126382982533,0.010240252765965067,8.76398404849728,17.309137027773655,2.2545450508679217,3.4445511685197743,13,"{""0"": 0.008328110904011008, ""1"": 0.004452639920637939, ""2"": 0.0068968947483331825, ""3"": 0.026254549682325767, ""4"": 0.007457817410544211, ""5"": 0.00805150392993829}"
frozen_unmatched,200,p0.10_f0.500,0.5,1.0,7,0.1,19.900000000000002,19.62,8,30,3924,1962,1.8849355616798873,150,0.49494079858355194,0.00989881597167104,7.500041808019482,17.42787767111278,2.264113143300076,3.449711043497864,13,"{""0"": 0.007301076463060727, ""1"": 0.004544490268402138, ""2"": 0.006293807558504739, ""3"": 0.02633647219253645, ""4"": 0.007007132994562956, ""5"": 0.007909916352959222}"
frozen_unmatched,200,p0.10_f0.500,0.5,1.0,7,0.1,19.900000000000002,19.62,8,30,3924,1962,1.8849355616798873,160,0.4970387684024747,0.009940775368049494,15.118283094887364,17.53252328616857,2.281337422517807,3.6567418501282294,14,"{""0"": 0.005840345623202265, ""1"": 0.004713565162576812, ""2"": 0.006270560127350666, ""3"": 0.027056514635781875, ""4"": 0.008372366446163536, ""5"": 0.007391300213221809}"
frozen_unmatched,200,p0.10_f0.500,0.5,1.0,7,0.1,19.900000000000002,19.62,8,30,3924,1962,1.8849355616798873,170,0.4837034206473844,0.00967406841294769,5.6012647252393455,17.569137928310674,2.2612310341570008,3.543916876225675,13,"{""0"": 0.006196106780309117, ""1"": 0.004576476511652525, ""2"": 0.005966766638002262, ""3"": 0.026418096557666915, ""4"": 0.0075043410533940395, ""5"": 0.007382622936661287}"
frozen_unmatched,200,p0.10_f0.500,0.5,1.0,7,0.1,19.900000000000002,19.62,8,30,3924,1962,1.8849355616798873,180,0.4568495176173112,0.009136990352346224,3.120949378041049,17.61795194459998,2.2557354077314393,3.2853799438983,13,"{""0"": 0.006045753283215517, ""1"": 0.004297139998589474, ""2"": 0.005874333754070309, ""3"": 0.02696620008865233, ""4"": 0.005363256913908881, ""5"": 0.006275258075640842}"
frozen_unmatched,200,p0.10_f0.500,0.5,1.0,7,0.1,19.900000000000002,19.62,8,30,3924,1962,1.8849355616798873,190,0.4643560710573588,0.009287121421147179,7.207341414103161,17.60786268379628,2.2733693028101065,3.302613562621851,13,"{""0"": 0.006154795105915439, ""1"": 0.004248829346467861, ""2"": 0.0063935980261831836, ""3"": 0.02627829930562025, ""4"": 0.005527119506346941, ""5"": 0.00712008723634939}"
frozen_unmatched,200,p0.10_f0.500,0.5,1.0,7,0.1,19.900000000000002,19.62,8,30,3924,1962,1.8849355616798873,200,0.46557747673386424,0.009311549534677286,9.048472157135087,17.64453928531746,2.292979091439118,3.429246907319757,13,"{""0"": 0.005584016854042786, ""1"": 0.004358631734806157, ""2"": 0.006594492124681825, ""3"": 0.025868931297800345, ""4"": 0.005590210540774872, ""5"": 0.007873014655957739}"
frozen_unmatched,200,p0.10_f0.750,0.75,1.0,7,0.1,19.900000000000002,19.62,8,30,3924,1962,2.079172039351179,0,1.048956471699524,0.020979129433990485,nan,0.0,2.079172039351179,9.32203674144138,22,"{""0"": 0.01983821586279879, ""1"": 0.022144370220191882, ""2"": 0.02036780355733578, ""3"": 0.021386625368207804, ""4"": 0.02128775287073391, ""5"": 0.020850008724674733}"
frozen_unmatched,200,p0.10_f0.750,0.75,1.0,7,0.1,19.900000000000002,19.62,8,30,3924,1962,2.079172039351179,10,1.276263376071167,0.025525267521423343,19.2402936872689,13.536769708674264,2.3152549134913634,4.993210340083868,19,"{""0"": 0.028336837232487207, ""1"": 0.02754931505862888, ""2"": 0.024941199127249382, ""3"": 0.023238111132388814, ""4"": 0.030069256929080357, ""5"": 0.01901688564870541}"
frozen_unmatched,200,p0.10_f0.750,0.75,1.0,7,0.1,19.900000000000002,19.62,8,30,3924,1962,2.079172039351179,20,1.041928470015784,0.020838569400315685,28.144198684752787,13.89632646988453,2.2956363886216957,6.904298646489702,22,"{""0"": 0.019080913284054705, ""1"": 0.025494428882519682, ""2"": 0.013550984341125288, ""3"": 0.031123370943375955, ""4"": 0.020254301043618674, ""5"": 0.015527417907199808}"
frozen_unmatched,200,p0.10_f0.750,0.75,1.0,7,0.1,19.900000000000002,19.62,8,30,3924,1962,2.079172039351179,30,0.90478652381022,0.018095730476204403,5.852426257855092,14.43716827108973,2.28970603540151,5.78393693238822,20,"{""0"": 0.015478337199616752, ""1"": 0.018111073730164108, ""2"": 0.01067504499519187, ""3"": 0.03288064136401431, ""4"": 0.016633734344363292, ""5"": 0.014795551223876097}"
frozen_unmatched,200,p0.10_f0.750,0.75,1.0,7,0.1,19.900000000000002,19.62,8,30,3924,1962,2.079172039351179,40,0.9505225735609362,0.019010451471218725,22.995517179958036,14.624610553530584,2.3113683561820673,6.565278059079387,22,"{""0"": 0.014433417282178718, ""1"": 0.015909352467742534, ""2"": 0.017740802388113642, ""3"": 0.030380622164002124, ""4"": 0.01569085566575385, ""5"": 0.01990765885952148}"
frozen_unmatched,200,p0.10_f0.750,0.75,1.0,7,0.1,19.900000000000002,19.62,8,30,3924,1962,2.079172039351179,50,0.9416846853910766,0.018833693707821533,13.524122299996872,14.973657242401167,2.3301837093982223,6.291160798730146,22,"{""0"": 0.013850265331930133, ""1"": 0.015456724406278053, ""2"": 0.018249602694100774, ""3"": 0.030866503065240726, ""4"": 0.015783857269031386, ""5"": 0.018795209480348154}"
frozen_unmatched,200,p0.10_f0.750,0.75,1.0,7,0.1,19.900000000000002,19.62,8,30,3924,1962,2.079172039351179,60,0.9400992398552787,0.018801984797105577,8.56624897109071,15.405398361028855,2.32655685273787,7.471192542074831,23,"{""0"": 0.015781396505519775, ""1"": 0.013499764460553865, ""2"": 0.016335428371306734, ""3"": 0.03139395602648719, ""4"": 0.016116761579583572, ""5"": 0.01968460183918231}"
frozen_unmatched,200,p0.10_f0.750,0.75,1.0,7,0.1,19.900000000000002,19.62,8,30,3924,1962,2.079172039351179,70,0.92044990590055,0.018408998118011003,10.540102331524324,15.475568102570461,2.2995856174442117,7.947253073947273,24,"{""0"": 0.020260761840397944, ""1"": 0.012665618826959093, ""2"": 0.013012218498761028, ""3"": 0.031058453991220352, ""4"": 0.015520700481980485, ""5"": 0.017936235068747114}"
frozen_unmatched,200,p0.10_f0.750,0.75,1.0,7,0.1,19.900000000000002,19.62,8,30,3924,1962,2.079172039351179,80,0.8846520502470238,0.017693041004940475,15.059349299081425,15.561827185204356,2.3131724175232193,8.141575850407433,24,"{""0"": 0.02013411251681647, ""1"": 0.01265952747392648, ""2"": 0.012035442208094937, ""3"": 0.03035411330604253, ""4"": 0.014274147428152495, ""5"": 0.016700903096609956}"
frozen_unmatched,200,p0.10_f0.750,0.75,1.0,7,0.1,19.900000000000002,19.62,8,30,3924,1962,2.079172039351179,90,0.8325366902196415,0.016650733804392834,17.837517693962962,15.618891014082612,2.3191384482264494,7.634879991738959,24,"{""0"": 0.02005066907690317, ""1"": 0.011210589958037856, ""2"": 0.01140788892847977, ""3"": 0.029170462637844063, ""4"": 0.013338763690151134, ""5"": 0.014726028534940996}"
frozen_unmatched,200,p0.10_f0.750,0.75,1.0,7,0.1,19.900000000000002,19.62,8,30,3924,1962,2.079172039351179,100,0.8456086850167089,0.016912173700334182,9.435279234328815,15.662027415555578,2.317342506940729,8.252995365960551,24,"{""0"": 0.019709447631994687, ""1"": 0.010987033600040871, ""2"": 0.012796504725615072, ""3"": 0.029987657122727173, ""4"": 0.013351318790664951, ""5"": 0.014641080330962324}"
frozen_unmatched,200,p0.10_f0.750,0.75,1.0,7,0.1,19.900000000000002,19.62,8,30,3924,1962,2.079172039351179,110,0.8322468029512767,0.016644936059025537,6.01727733909325,15.712248205934698,2.298489997131222,8.093125107846237,24,"{""0"": 0.019016256652004775, ""1"": 0.010643577878427095, ""2"": 0.012566907290099016, ""3"": 0.029883227200033464, ""4"": 0.014145631364212732, ""5"": 0.013614015969376125}"
frozen_unmatched,200,p0.10_f0.750,0.75,1.0,7,0.1,19.900000000000002,19.62,8,30,3924,1962,2.079172039351179,120,0.8596345315266044,0.017192690630532092,12.646959178274425,15.828385457887435,2.30126578237782,7.52313508234732,24,"{""0"": 0.02033710215944425, ""1"": 0.009933671676446359, ""2"": 0.011694002817593297, ""3"": 0.03048094829556784, ""4"": 0.014785963044795899, ""5"": 0.015924455789344916}"
frozen_unmatched,200,p0.10_f0.750,0.75,1.0,7,0.1,19.900000000000002,19.62,8,30,3924,1962,2.079172039351179,130,0.8302903122861706,0.016605806245723415,9.04638756959409,15.862252431840547,2.3159523367410597,7.396819157856616,23,"{""0"": 0.019887579658159217, ""1"": 0.009758856322772212, ""2"": 0.011479758709693007, ""3"": 0.029733307832374038, ""4"": 0.01320880595158547, ""5"": 0.015566528999756529}"
frozen_unmatched,200,p0.10_f0.750,0.75,1.0,7,0.1,19.900000000000002,19.62,8,30,3924,1962,2.079172039351179,140,0.83499319640972,0.016699863928194402,7.67485477777854,15.985062571110056,2.317107738873416,7.3953180874812015,24,"{""0"": 0.02061058054906691, ""1"": 0.009821331701889398, ""2"": 0.011146260357227971, ""3"": 0.029469163355329776, ""4"": 0.014101678615806312, ""5"": 0.015050168989846038}"
frozen_unmatched,200,p0.10_f0.750,0.75,1.0,7,0.1,19.900000000000002,19.62,8,30,3924,1962,2.079172039351179,150,0.8294667281172708,0.01658933456234542,19.89211314842176,16.102364673227573,2.3245318087023428,7.3424737897641785,24,"{""0"": 0.021346458130618234, ""1"": 0.009786628791940834, ""2"": 0.011730929406657622, ""3"": 0.029418117438333353, ""4"": 0.012827817310670234, ""5"": 0.01442605629585222}"
frozen_unmatched,200,p0.10_f0.750,0.75,1.0,7,0.1,19.900000000000002,19.62,8,30,3924,1962,2.079172039351179,160,0.8331239451651326,0.016662478903302653,21.84230281953083,16.136620467838256,2.3232071885961525,7.247259614463332,23,"{""0"": 0.020516696827489196, ""1"": 0.009933976928772622, ""2"": 0.011453970564214488, ""3"": 0.029825319743755473, ""4"": 0.014051608988681819, ""5"": 0.014193300366902297}"
frozen_unmatched,200,p0.10_f0.750,0.75,1.0,7,0.1,19.900000000000002,19.62,8,30,3924,1962,2.079172039351179,170,0.8371032929856775,0.016742065859713554,5.751590850524502,16.13990626679723,2.320796262689099,7.427129832767783,24,"{""0"": 0.020439240244627864, ""1"": 0.009952975771457713, ""2"": 0.011937885439005393, ""3"": 0.030133213357465292, ""4"": 0.013923869662066688, ""5"": 0.014065210683658375}"
frozen_unmatched,200,p0.10_f0.750,0.75,1.0,7,0.1,19.900000000000002,19.62,8,30,3924,1962,2.079172039351179,180,0.8174901982897596,0.016349803965795193,9.829756780216998,16.20099146458965,2.323396059334928,7.286579032773715,23,"{""0"": 0.01987060917801614, ""1"": 0.009455645728162394, ""2"": 0.011662505781486612, ""3"": 0.030721765051376894, ""4"": 0.01175048537564508, ""5"": 0.014637812680084045}"
frozen_unmatched,200,p0.10_f0.750,0.75,1.0,7,0.1,19.900000000000002,19.62,8,30,3924,1962,2.079172039351179,190,0.814378406239548,0.01628756812479096,33.06280382213789,16.305935221726685,2.3274618024923743,7.226995430765819,23,"{""0"": 0.020124072619665954, ""1"": 0.009193156296177582, ""2"": 0.012002356161765291, ""3"": 0.030454954463230398, ""4"": 0.011588774072462105, ""5"": 0.014362095135444442}"
frozen_unmatched,200,p0.10_f0.750,0.75,1.0,7,0.1,19.900000000000002,19.62,8,30,3924,1962,2.079172039351179,200,0.8051347485396733,0.016102694970793467,13.512873964305575,16.348247625696793,2.3259076508556777,7.338863279062844,23,"{""0"": 0.019386688371827915, ""1"": 0.00926508803778227, ""2"": 0.011676072728900222, ""3"": 0.03028165980938747, ""4"": 0.011397902528966466, ""5"": 0.01460875834789645}"
frozen_unmatched,200,p0.10_f0.875,0.875,1.0,7,0.1,19.900000000000002,19.62,8,30,3924,1962,2.1599385653534577,0,1.043200792395047,0.020864015847900944,nan,0.0,2.1599385653534577,9.476573260748577,22,"{""0"": 0.019161461853312498, ""1"": 0.022191373326335674, ""2"": 0.0205052327281184, ""3"": 0.021537529544253704, ""4"": 0.02109178989701494, ""5"": 0.02069670773837044}"
frozen_unmatched,200,p0.10_f0.875,0.875,1.0,7,0.1,19.900000000000002,19.62,8,30,3924,1962,2.1599385653534577,10,1.2634053964046064,0.02526810792809213,5.982915610569972,13.764120131900494,2.455318781155494,5.775892356140404,20,"{""0"": 0.026180899126004055, ""1"": 0.028346633681254247, ""2"": 0.023270865498543007, ""3"": 0.02804313351548241, ""4"": 0.028406151572001492, ""5"": 0.01736096417526755}"
frozen_unmatched,200,p0.10_f0.875,0.875,1.0,7,0.1,19.900000000000002,19.62,8,30,3924,1962,2.1599385653534577,20,1.0799606539795623,0.02159921307959125,32.77841391471954,14.300461039466565,2.4116735453552436,7.187849666071224,22,"{""0"": 0.021589674937504494, ""1"": 0.02210588253771655, ""2"": 0.011299643841855103, ""3"": 0.036489032345785474, ""4"": 0.018997613400117682, ""5"": 0.01911343141456819}"
frozen_unmatched,200,p0.10_f0.875,0.875,1.0,7,0.1,19.900000000000002,19.62,8,30,3924,1962,2.1599385653534577,30,1.0061254416814007,0.020122508833628018,16.050066092870836,14.945725512866305,2.4131169594701527,6.51032385334526,21,"{""0"": 0.022761572521769958, ""1"": 0.017376949967820805, ""2"": 0.008368333089038546, ""3"": 0.038230316208124206, ""4"": 0.019175217916701712, ""5"": 0.014822663298312897}"
frozen_unmatched,200,p0.10_f0.875,0.875,1.0,7,0.1,19.900000000000002,19.62,8,30,3924,1962,2.1599385653534577,40,0.8722747070153659,0.01744549414030732,5.446021871907205,14.861836003610337,2.3552699979196317,6.435950827699189,21,"{""0"": 0.016387152525286382, ""1"": 0.01200781736255611, ""2"": 0.010831729015201047, ""3"": 0.03741446914765839, ""4"": 0.012541900207973147, ""5"": 0.01548989658316884}"
frozen_unmatched,200,p0.10_f0.875,0.875,1.0,7,0.1,19.900000000000002,19.62,8,30,3924,1962,2.1599385653534577,50,0.8653282549319505,0.017306565098639013,5.257603512217664,15.224757849655282,2.3732448111039512,6.536734343456841,21,"{""0"": 0.014614073765129123, ""1"": 0.009719582440522664, ""2"": 0.01186507300979053, ""3"": 0.03780855941730856, ""4"": 0.01380806207599633, ""5"": 0.016024039883086854}"
frozen_unmatched,200,p0.10_f0.875,0.875,1.0,7,0.1,19.900000000000002,19.62,8,30,3924,1962,2.1599385653534577,60,0.8516394385740355,0.017032788771480713,27.724866791227374,15.54703603252423,2.3303359890373048,6.686226481643264,22,"{""0"": 0.01651901505689156, ""1"": 0.00950501896129643, ""2"": 0.010040571232868403, ""3"": 0.03485460696213138, ""4"": 0.01710531697553925, ""5"": 0.014172203440157249}"
frozen_unmatched,200,p0.10_f0.875,0.875,1.0,7,0.1,19.900000000000002,19.62,8,30,3924,1962,2.1599385653534577,70,0.8078985636111486,0.016157971272222973,11.381331685101799,15.591140306415017,2.319242667868134,7.297361997303642,23,"{""0"": 0.016931645552329417, ""1"": 0.009113824533039768, ""2"": 0.009337529440145226, ""3"": 0.03338660726090189, ""4"": 0.01457859341666307, ""5"": 0.013599627430258474}"
frozen_unmatched,200,p0.10_f0.875,0.875,1.0,7,0.1,19.900000000000002,19.62,8,30,3924,1962,2.1599385653534577,80,0.8329615508403454,0.01665923101680691,16.16208526551741,15.668568918753989,2.356034830995741,6.867072314110625,22,"{""0"": 0.01725182627978835, ""1"": 0.012543178914013598, ""2"": 0.00940623718415579, ""3"": 0.03425436614985992, ""4"": 0.012775365750592757, ""5"": 0.013724411822431051}"
frozen_unmatched,200,p0.10_f0.875,0.875,1.0,7,0.1,19.900000000000002,19.62,8,30,3924,1962,2.1599385653534577,90,0.8366016241751567,0.016732032483503138,4.073273460115247,15.661433554759752,2.331503985745951,6.717940371063413,22,"{""0"": 0.01820777054285492, ""1"": 0.014387823313275035, ""2"": 0.009287886826916735, ""3"": 0.03235670187098793, ""4"": 0.012775825896832826, ""5"": 0.013376186450151392}"
frozen_unmatched,200,p0.10_f0.875,0.875,1.0,7,0.1,19.900000000000002,19.62,8,30,3924,1962,2.1599385653534577,100,0.8205742213814372,0.016411484427628745,10.107042161177619,15.739602968458964,2.3279497211084434,6.535228797113524,22,"{""0"": 0.018662810708817274, ""1"": 0.01522414035966565, ""2"": 0.008535699506254126, ""3"": 0.030721148262065616, ""4"": 0.01225077344185309, ""5"": 0.013074334287116709}"
frozen_unmatched,200,p0.10_f0.875,0.875,1.0,7,0.1,19.900000000000002,19.62,8,30,3924,1962,2.1599385653534577,110,0.7977429683241848,0.015954859366483696,8.146380661096934,15.664034407993354,2.318606842538943,6.373148257818656,22,"{""0"": 0.018385530308719738, ""1"": 0.014118935881847339, ""2"": 0.009294247223374632, ""3"": 0.029585756034422827, ""4"": 0.01075677928807725, ""5"": 0.013587907462460396}"
frozen_unmatched,200,p0.10_f0.875,0.875,1.0,7,0.1,19.900000000000002,19.62,8,30,3924,1962,2.1599385653534577,120,0.7972462096618551,0.015944924193237106,5.839889101035266,15.78135987363989,2.328215373293635,5.9607537236727275,22,"{""0"": 0.018561426615828748, ""1"": 0.012679043970036502, ""2"": 0.008702190851536583, ""3"": 0.030974521412523475, ""4"": 0.010912367530349134, ""5"": 0.013839994779148193}"
frozen_unmatched,200,p0.10_f0.875,0.875,1.0,7,0.1,19.900000000000002,19.62,8,30,3924,1962,2.1599385653534577,130,0.784941293994064,0.015698825879881282,3.979493210926626,15.691920474502012,2.320916073810921,5.912660334542156,22,"{""0"": 0.01800764899963326, ""1"": 0.012371884628102955, ""2"": 0.009516654754412731, ""3"": 0.030215454142987135, ""4"": 0.010521978389882091, ""5"": 0.0135593343642695}"
frozen_unmatched,200,p0.10_f0.875,0.875,1.0,7,0.1,19.900000000000002,19.62,8,30,3924,1962,2.1599385653534577,140,0.7677240108662474,0.015354480217324952,6.79892603385611,15.830754612650118,2.332913069070143,5.498499725592689,21,"{""0"": 0.018216158515418173, ""1"": 0.011788429830532469, ""2"": 0.00918442405791627, ""3"": 0.028807096299544827, ""4"": 0.010458151279789833, ""5"": 0.013672621320748124}"
frozen_unmatched,200,p0.10_f0.875,0.875,1.0,7,0.1,19.900000000000002,19.62,8,30,3924,1962,2.1599385653534577,150,0.7670553540960877,0.015341107081921755,14.723046776345944,15.8146977539856,2.330991492766536,5.780111007151016,22,"{""0"": 0.01695180100651611, ""1"": 0.01256344407968497, ""2"": 0.008936081475781541, ""3"": 0.030307482826288368, ""4"": 0.009634365289144558, ""5"": 0.013653467814114981}"
frozen_unmatched,200,p0.10_f0.875,0.875,1.0,7,0.1,19.900000000000002,19.62,8,30,3924,1962,2.1599385653534577,160,0.7646834428464993,0.015293668856929989,16.350358857931813,15.793517698218617,2.3292329462289434,6.033497346563936,22,"{""0"": 0.01514032231667597, ""1"": 0.012544543373007732, ""2"": 0.008520675222844401, ""3"": 0.030804369572371704, ""4"": 0.010985147713167956, ""5"": 0.01376695494351216}"
frozen_unmatched,200,p0.10_f0.875,0.875,1.0,7,0.1,19.900000000000002,19.62,8,30,3924,1962,2.1599385653534577,170,0.7562219521579262,0.015124439043158525,11.195877294513386,15.864633116424388,2.332225763731685,6.165848226485158,22,"{""0"": 0.01514277242652336, ""1"": 0.012492607918601203, ""2"": 0.00799224621487157, ""3"": 0.029455982826641313, ""4"": 0.011961203351551585, ""5"": 0.01370182152076212}"
frozen_unmatched,200,p0.10_f0.875,0.875,1.0,7,0.1,19.900000000000002,19.62,8,30,3924,1962,2.1599385653534577,180,0.7375984799183564,0.01475196959836713,6.706774879253265,15.95191343115667,2.3332845949957486,6.106251367855916,22,"{""0"": 0.014342787089572723, ""1"": 0.012159095238909835, ""2"": 0.008122923236539317, ""3"": 0.029799086766996635, ""4"": 0.010348812031604851, ""5"": 0.013739113226579438}"
frozen_unmatched,200,p0.10_f0.875,0.875,1.0,7,0.1,19.900000000000002,19.62,8,30,3924,1962,2.1599385653534577,190,0.7402884386398167,0.014805768772796336,24.63895756629609,15.981276531272629,2.3293885194687975,6.078740805942766,22,"{""0"": 0.014223074431142702, ""1"": 0.01210477965771586, ""2"": 0.008235552829818065, ""3"": 0.03051520428117514, ""4"": 0.009949850670387056, ""5"": 0.0138061507665392}"
frozen_unmatched,200,p0.10_f0.875,0.875,1.0,7,0.1,19.900000000000002,19.62,8,30,3924,1962,2.1599385653534577,200,0.7184313614018898,0.014368627228037799,41.338250039715454,15.991716315706173,2.326732563258111,6.305977905944548,22,"{""0"": 0.013794579394240263, ""1"": 0.010730353508033396, ""2"": 0.007373597217546432, ""3"": 0.029913533027199585, ""4"": 0.01037728359580488, ""5"": 0.014022416625402235}"
frozen_unmatched,200,p0.20_f0.500,0.5,1.0,7,0.2,39.800000000000004,39.33,23,55,7866,1962,1.8722025352375058,0,0.9999865106084755,0.019999730212169515,nan,0.0,1.8722025352375058,7.336414054797465,17,"{""0"": 0.01939566669905446, ""1"": 0.016707168563780135, ""2"": 0.02361544616109116, ""3"": 0.019548405593255935, ""4"": 0.01787543258105592, ""5"": 0.022856261674779478}"
frozen_unmatched,200,p0.20_f0.500,0.5,1.0,7,0.2,39.800000000000004,39.33,23,55,7866,1962,1.8722025352375058,10,1.0138479626816583,0.02027695925363317,17.2944375743735,14.339231571945364,2.307927198723346,6.890409193040617,20,"{""0"": 0.03108496609923167, ""1"": 0.03442433650573586, ""2"": 0.012123889666969237, ""3"": 0.01961919293648992, ""4"": 0.01133526405571626, ""5"": 0.01307410625765607}"
frozen_unmatched,200,p0.20_f0.500,0.5,1.0,7,0.2,39.800000000000004,39.33,23,55,7866,1962,1.8722025352375058,20,0.8907051407999993,0.017814102815999988,47.27604489101921,15.292203059006132,2.187232140555232,7.282969443715033,22,"{""0"": 0.014803920456406525, ""1"": 0.03136812766571569, ""2"": 0.019649665563859248, ""3"": 0.014411230489992034, ""4"": 0.01221811528273815, ""5"": 0.014433557437288285}"
frozen_unmatched,200,p0.20_f0.500,0.5,1.0,7,0.2,39.800000000000004,39.33,23,55,7866,1962,1.8722025352375058,30,0.8200149411861601,0.016400298823723205,5.8020275721658034,15.387859448167115,2.126697297900919,5.718113331501805,19,"{""0"": 0.013924375825944491, ""1"": 0.017445760943437427, ""2"": 0.019835035664126345, ""3"": 0.01731038098860169, ""4"": 0.01635638597829648, ""5"": 0.013529853541932799}"
frozen_unmatched,200,p0.20_f0.500,0.5,1.0,7,0.2,39.800000000000004,39.33,23,55,7866,1962,1.8722025352375058,40,0.7565023776688603,0.015130047553377208,10.4367957572576,15.674119419398712,2.126860619360136,6.136525639997273,20,"{""0"": 0.012744751330438031, ""1"": 0.016185679018904504, ""2"": 0.013906096830206365, ""3"": 0.012818136208775616, ""4"": 0.0122324044971427, ""5"": 0.022893217434796043}"
frozen_unmatched,200,p0.20_f0.500,0.5,1.0,7,0.2,39.800000000000004,39.33,23,55,7866,1962,1.8722025352375058,50,0.8044602412368427,0.016089204824736855,13.078206911561397,16.05065357537521,2.1609450413811766,6.126709275039512,20,"{""0"": 0.013112241031028976, ""1"": 0.015434633677237047, ""2"": 0.016219845080698996, ""3"": 0.016762952729743413, ""4"": 0.01329457949313136, ""5"": 0.02171097693658135}"
frozen_unmatched,200,p0.20_f0.500,0.5,1.0,7,0.2,39.800000000000004,39.33,23,55,7866,1962,1.8722025352375058,60,0.7648048845052806,0.015296097690105615,23.99013509571712,15.726981264983609,2.125514013118467,6.549919810872461,21,"{""0"": 0.009767590319682311, ""1"": 0.016942626048942092, ""2"": 0.01570469364512925, ""3"": 0.017697724221443077, ""4"": 0.010874157785094131, ""5"": 0.020789794120342847}"
frozen_unmatched,200,p0.20_f0.500,0.5,1.0,7,0.2,39.800000000000004,39.33,23,55,7866,1962,1.8722025352375058,70,0.7589830015736915,0.015179660031473832,11.849437767142097,15.901608280189889,2.150918619141464,6.335805687102024,20,"{""0"": 0.009522692210957579, ""1"": 0.01674837350013992, ""2"": 0.015318306240077791, ""3"": 0.01651493345510699, ""4"": 0.010558400724251174, ""5"": 0.022415254058309533}"
frozen_unmatched,200,p0.20_f0.500,0.5,1.0,7,0.2,39.800000000000004,39.33,23,55,7866,1962,1.8722025352375058,80,0.7350200539748147,0.014700401079496297,25.1154919588678,15.90836233911841,2.1336326635847995,6.816190977640986,20,"{""0"": 0.008603916700585803, ""1"": 0.01751940900538758, ""2"": 0.015050644692625754, ""3"": 0.012807415703942535, ""4"": 0.010265482113696153, ""5"": 0.02395553826073995}"
frozen_unmatched,200,p0.20_f0.500,0.5,1.0,7,0.2,39.800000000000004,39.33,23,55,7866,1962,1.8722025352375058,90,0.758196068550093,0.015163921371001863,38.81815263310935,15.926168851744425,2.1240868998390012,6.249462687635973,20,"{""0"": 0.009829363832215998, ""1"": 0.019332751925854798, ""2"": 0.017106268661173367, ""3"": 0.014899140806675606, ""4"": 0.00930903523373818, ""5"": 0.020506967766353225}"
frozen_unmatched,200,p0.20_f0.500,0.5,1.0,7,0.2,39.800000000000004,39.33,23,55,7866,1962,1.8722025352375058,100,0.7303416818020103,0.014606833636040208,29.328789463367016,16.019322013781636,2.1301726981865534,6.201727374582538,20,"{""0"": 0.009694659904786056, ""1"": 0.016117491373998538, ""2"": 0.016183628715259517, ""3"": 0.015252848609998504, ""4"": 0.010870235676884943, ""5"": 0.01952213753531368}"
frozen_unmatched,200,p0.20_f0.500,0.5,1.0,7,0.2,39.800000000000004,39.33,23,55,7866,1962,1.8722025352375058,110,0.7242355691778811,0.014484711383557624,16.026222218139978,16.034308045626382,2.122503193689951,5.029047576799525,19,"{""0"": 0.008770247097731176, ""1"": 0.013025300939303463, ""2"": 0.01754610313343355, ""3"": 0.016325759232265084, ""4"": 0.011678928402261434, ""5"": 0.01956192949635105}"
frozen_unmatched,200,p0.20_f0.500,0.5,1.0,7,0.2,39.800000000000004,39.33,23,55,7866,1962,1.8722025352375058,120,0.7177781712832831,0.014355563425665666,6.358708267249394,16.057172883993623,2.1402410186073624,4.919805383932391,19,"{""0"": 0.008861639383414012, ""1"": 0.011388168614991983, ""2"": 0.01685629605669945, ""3"": 0.016317740774055397, ""4"": 0.01183986419002411, ""5"": 0.02086967153480904}"
frozen_unmatched,200,p0.20_f0.500,0.5,1.0,7,0.2,39.800000000000004,39.33,23,55,7866,1962,1.8722025352375058,130,0.7286588294223924,0.01457317658844785,37.09911975343962,16.136851110162176,2.139458546482879,5.044868302693942,19,"{""0"": 0.009649211538835098, ""1"": 0.012387132305382426, ""2"": 0.016867520337158916, ""3"": 0.016525647458872313, ""4"": 0.011693940282402391, ""5"": 0.020315607608035958}"
frozen_unmatched,200,p0.20_f0.500,0.5,1.0,7,0.2,39.800000000000004,39.33,23,55,7866,1962,1.8722025352375058,140,0.7091471299348142,0.014182942598696286,10.308068866679093,16.122061262381784,2.138755516594276,5.242527414492301,19,"{""0"": 0.00918825955806259, ""1"": 0.012048923050080781, ""2"": 0.015050845711352484, ""3"": 0.015923850191410974, ""4"": 0.011661889429114834, ""5"": 0.02122388765215605}"
frozen_unmatched,200,p0.20_f0.500,0.5,1.0,7,0.2,39.800000000000004,39.33,23,55,7866,1962,1.8722025352375058,150,0.7034904282480724,0.01406980856496145,6.960912230335947,16.2503413341913,2.1573834445953146,5.397065087980796,19,"{""0"": 0.00784792675860719, ""1"": 0.012783707047964481, ""2"": 0.013288244409539494, ""3"": 0.016467388190257073, ""4"": 0.011847072890057403, ""5"": 0.022184512093343052}"
frozen_unmatched,200,p0.20_f0.500,0.5,1.0,7,0.2,39.800000000000004,39.33,23,55,7866,1962,1.8722025352375058,160,0.694042999126643,0.013880859982532861,17.4390822099523,16.353504324925282,2.167081959409083,5.624362110942012,19,"{""0"": 0.007540602280021113, ""1"": 0.013051145058865014, ""2"": 0.012502838805699263, ""3"": 0.01584038353896692, ""4"": 0.011925569737674212, ""5"": 0.02242462047397065}"
frozen_unmatched,200,p0.20_f0.500,0.5,1.0,7,0.2,39.800000000000004,39.33,23,55,7866,1962,1.8722025352375058,170,0.6929008487127296,0.013858016974254594,11.44909609681825,16.372294393344674,2.172971174835399,5.540263503655747,19,"{""0"": 0.008565841213623684, ""1"": 0.012369798407006027, ""2"": 0.012358273367854023, ""3"": 0.015921360553516565, ""4"": 0.01199417839236525, ""5"": 0.02193864991116201}"
frozen_unmatched,200,p0.20_f0.500,0.5,1.0,7,0.2,39.800000000000004,39.33,23,55,7866,1962,1.8722025352375058,180,0.6921325034809324,0.013842650069618647,5.6109209638772874,16.444924453207776,2.1694061669177858,5.327086565135405,19,"{""0"": 0.00872038896747022, ""1"": 0.011323247216945581, ""2"": 0.013234981410977235, ""3"": 0.015643153643043594, ""4"": 0.011503781785350024, ""5"": 0.022630347393925235}"
frozen_unmatched,200,p0.20_f0.500,0.5,1.0,7,0.2,39.800000000000004,39.33,23,55,7866,1962,1.8722025352375058,190,0.6926810463171421,0.013853620926342845,12.392358528658603,16.539587453687055,2.17222466744496,5.438621876138741,19,"{""0"": 0.008859736004593414, ""1"": 0.011967020190504133, ""2"": 0.01308873234179542, ""3"": 0.01521058634693637, ""4"": 0.011330565769042143, ""5"": 0.022665084905185588}"
frozen_unmatched,200,p0.20_f0.500,0.5,1.0,7,0.2,39.800000000000004,39.33,23,55,7866,1962,1.8722025352375058,200,0.6938610728977999,0.013877221457956,27.489846277501226,16.636866096802244,2.1726148447119162,5.477324546081874,19,"{""0"": 0.008281976950614148, ""1"": 0.013334067410928716, ""2"": 0.013272951707589301, ""3"": 0.014970353581954495, ""4"": 0.01121192049666649, ""5"": 0.022192058599982863}"
frozen_unmatched,200,p0.20_f0.750,0.75,1.0,7,0.2,39.800000000000004,39.33,23,55,7866,1962,2.0177521272086096,0,0.9686930660941908,0.019373861321883817,nan,0.0,2.0177521272086096,8.65037868698375,21,"{""0"": 0.018989605305342726, ""1"": 0.016059690369230707, ""2"": 0.023218449249491617, ""3"": 0.02024706531455881, ""4"": 0.01757575346511832, ""5"": 0.02015260422756074}"
frozen_unmatched,200,p0.20_f0.750,0.75,1.0,7,0.2,39.800000000000004,39.33,23,55,7866,1962,2.0177521272086096,10,1.0854369638070434,0.021708739276140872,8.008576877805313,14.439130840659924,2.213810864153607,8.482521136131695,23,"{""0"": 0.033903040899866135, ""1"": 0.024649249787054902, ""2"": 0.01781646217934211, ""3"": 0.012273411112111873, ""4"": 0.02130293740045859, ""5"": 0.020307334278011614}"
frozen_unmatched,200,p0.20_f0.750,0.75,1.0,7,0.2,39.800000000000004,39.33,23,55,7866,1962,2.0177521272086096,20,0.979503847629251,0.019590076952585023,27.251750306365008,14.20912488243957,2.27471876984166,10.841723717664026,25,"{""0"": 0.02368646539182635, ""1"": 0.01883731199781385, ""2"": 0.013581473455060361, ""3"": 0.019334916624253705, ""4"": 0.02019350540465848, ""5"": 0.02190678884189739}"
frozen_unmatched,200,p0.20_f0.750,0.75,1.0,7,0.2,39.800000000000004,39.33,23,55,7866,1962,2.0177521272086096,30,0.9203256721557251,0.018406513443114506,10.049569479061237,14.449807195530196,2.2864882249928495,7.299058262709122,23,"{""0"": 0.02020692117451327, ""1"": 0.014016294165409731, ""2"": 0.021709155276649923, ""3"": 0.01867504446687791, ""4"": 0.01301061477063945, ""5"": 0.02282105080459674}"
frozen_unmatched,200,p0.20_f0.750,0.75,1.0,7,0.2,39.800000000000004,39.33,23,55,7866,1962,2.0177521272086096,40,0.7998152758789426,0.015996305517578854,7.658018980353403,14.802811609982122,2.2541201064741743,5.777360946310784,21,"{""0"": 0.016393481994464693, ""1"": 0.013329897017746095, ""2"": 0.020965960737795337, ""3"": 0.017498128017663213, ""4"": 0.008899749195633902, ""5"": 0.018890616142169865}"
frozen_unmatched,200,p0.20_f0.750,0.75,1.0,7,0.2,39.800000000000004,39.33,23,55,7866,1962,2.0177521272086096,50,0.7808373898663838,0.01561674779732768,16.064660305430085,14.95513855181836,2.224946987564844,6.056453934554704,21,"{""0"": 0.015562532128546299, ""1"": 0.01366021835101347, ""2"": 0.021346598971000486, ""3"": 0.014225871464433378, ""4"": 0.008532289848159314, ""5"": 0.02037297602081313}"
frozen_unmatched,200,p0.20_f0.750,0.75,1.0,7,0.2,39.800000000000004,39.33,23,55,7866,1962,2.0177521272086096,60,0.7653907705950215,0.015307815411900431,14.70489537936565,14.883061973489568,2.2472611172636374,6.605340559773572,22,"{""0"": 0.01440346198403342, ""1"": 0.013989348742806721, ""2"": 0.018466987000113705, ""3"": 0.014825723007218652, ""4"": 0.009612182273433946, ""5"": 0.020549189463796136}"
frozen_unmatched,200,p0.20_f0.750,0.75,1.0,7,0.2,39.800000000000004,39.33,23,55,7866,1962,2.0177521272086096,70,0.7537620235407736,0.015075240470815474,7.9602781881386475,15.047333011996782,2.254826107177537,6.231452708371206,22,"{""0"": 0.013797157339957983, ""1"": 0.013472244860863462, ""2"": 0.017420815895603015, ""3"": 0.014318161199160708, ""4"": 0.008863916304102853, ""5"": 0.02257914722520483}"
frozen_unmatched,200,p0.20_f0.750,0.75,1.0,7,0.2,39.800000000000004,39.33,23,55,7866,1962,2.0177521272086096,80,0.7717400031278934,0.015434800062557869,31.79334187037349,15.13857997112025,2.2569159174802587,6.253250376889276,21,"{""0"": 0.012572133404198518, ""1"": 0.013797888576567375, ""2"": 0.019741858993592144, ""3"": 0.013725404691842507, ""4"": 0.008276353961438372, ""5"": 0.02449516074770831}"
frozen_unmatched,200,p0.20_f0.750,0.75,1.0,7,0.2,39.800000000000004,39.33,23,55,7866,1962,2.0177521272086096,90,0.735111181813494,0.014702223636269883,17.81592209209314,15.318798923974732,2.257323469108505,6.282312275538432,21,"{""0"": 0.011743352118242307, ""1"": 0.012977667480787566, ""2"": 0.019325087682141473, ""3"": 0.0146773662090701, ""4"": 0.007527274805135599, ""5"": 0.02196259352224225}"
frozen_unmatched,200,p0.20_f0.750,0.75,1.0,7,0.2,39.800000000000004,39.33,23,55,7866,1962,2.0177521272086096,100,0.7447005877038142,0.014894011754076286,31.96783637361711,15.4307260947228,2.2682673634717787,6.47416423780796,21,"{""0"": 0.012345680154936249, ""1"": 0.012472799873727623, ""2"": 0.02119675114433505, ""3"": 0.014284233653797301, ""4"": 0.00782021355707837, ""5"": 0.021244392140583133}"
frozen_unmatched,200,p0.20_f0.750,0.75,1.0,7,0.2,39.800000000000004,39.33,23,55,7866,1962,2.0177521272086096,110,0.7152010698882606,0.014304021397765215,13.886566455349726,15.51957962735342,2.2699921455317864,6.118345354955352,21,"{""0"": 0.011315826064263694, ""1"": 0.011991333103684068, ""2"": 0.019225429934183406, ""3"": 0.014607390601804457, ""4"": 0.007074281399174064, ""5"": 0.021609867283481594}"
frozen_unmatched,200,p0.20_f0.750,0.75,1.0,7,0.2,39.800000000000004,39.33,23,55,7866,1962,2.0177521272086096,120,0.7094911196438954,0.01418982239287791,4.869710788498742,15.572478779169197,2.271390686955588,6.195738576074109,21,"{""0"": 0.011574712270297608, ""1"": 0.012175011099070529, ""2"": 0.01903872643086152, ""3"": 0.013885229280978056, ""4"": 0.0071298432919244936, ""5"": 0.021335411984135254}"
frozen_unmatched,200,p0.20_f0.750,0.75,1.0,7,0.2,39.800000000000004,39.33,23,55,7866,1962,2.0177521272086096,130,0.7260445947440829,0.014520891894881661,40.16019657739223,15.554754573195833,2.2629734260993657,6.452029184284517,21,"{""0"": 0.011590142397417907, ""1"": 0.012803432063865926, ""2"": 0.0206399500787113, ""3"": 0.013728175962025973, ""4"": 0.007159769975485303, ""5"": 0.021203880891783548}"
frozen_unmatched,200,p0.20_f0.750,0.75,1.0,7,0.2,39.800000000000004,39.33,23,55,7866,1962,2.0177521272086096,140,0.6990651459987812,0.013981302919975626,18.75800798490155,15.580701589710971,2.2610895966051157,6.288385528008456,21,"{""0"": 0.011655487878676919, ""1"": 0.01260319799610612, ""2"": 0.018173607884900456, ""3"": 0.013700615663068117, ""4"": 0.0070158112927759825, ""5"": 0.02073909680432618}"
frozen_unmatched,200,p0.20_f0.750,0.75,1.0,7,0.2,39.800000000000004,39.33,23,55,7866,1962,2.0177521272086096,150,0.7163784288976991,0.014327568577953984,5.159508388887322,15.693908556571676,2.266885543102928,5.977597459973293,21,"{""0"": 0.011892507301157004, ""1"": 0.012382720538626161, ""2"": 0.01825780388006097, ""3"": 0.015721801111621397, ""4"": 0.006874618181489611, ""5"": 0.020835960454768765}"
frozen_unmatched,200,p0.20_f0.750,0.75,1.0,7,0.2,39.800000000000004,39.33,23,55,7866,1962,2.0177521272086096,160,0.6872846658039546,0.013745693316079095,11.292517975749007,15.754853325302742,2.2716772281591187,6.322205042160124,21,"{""0"": 0.010340058877850843, ""1"": 0.012353934708028542, ""2"": 0.01774617860821428, ""3"": 0.014103221138082725, ""4"": 0.007334271386370776, ""5"": 0.020596495177927398}"
frozen_unmatched,200,p0.20_f0.750,0.75,1.0,7,0.2,39.800000000000004,39.33,23,55,7866,1962,2.0177521272086096,170,0.7084769885005084,0.01416953977001017,34.676146993738264,15.787219094107167,2.2694151679225754,6.223690918535765,21,"{""0"": 0.009523238271569692, ""1"": 0.012274747432436181, ""2"": 0.020960241004488532, ""3"": 0.014444576454082276, ""4"": 0.0075232107877127915, ""5"": 0.020291224669771547}"
frozen_unmatched,200,p0.20_f0.750,0.75,1.0,7,0.2,39.800000000000004,39.33,23,55,7866,1962,2.0177521272086096,180,0.7048836160742605,0.014097672321485212,4.53012863465724,15.903038877613717,2.2791896304508144,6.069282944778068,21,"{""0"": 0.009268769955027215, ""1"": 0.011985199966370878, ""2"": 0.021273423095853967, ""3"": 0.014305121114758896, ""4"": 0.007317007879006845, ""5"": 0.020436511917893474}"
frozen_unmatched,200,p0.20_f0.750,0.75,1.0,7,0.2,39.800000000000004,39.33,23,55,7866,1962,2.0177521272086096,190,0.7153622611310765,0.014307245222621532,8.703289927546953,15.902726833655763,2.2723337050034416,5.960675422372366,21,"{""0"": 0.01069053623545064, ""1"": 0.012119612121474077, ""2"": 0.021678344014599227, ""3"": 0.014006683845306206, ""4"": 0.007294021657110858, ""5"": 0.02005427346178818}"
frozen_unmatched,200,p0.20_f0.750,0.75,1.0,7,0.2,39.800000000000004,39.33,23,55,7866,1962,2.0177521272086096,200,0.7149480747010023,0.014298961494020048,14.684036787512895,15.934000790173409,2.270065477206508,6.029134844420459,21,"{""0"": 0.009589272208960326, ""1"": 0.012078476653346996, ""2"": 0.02279664414531547, ""3"": 0.013760363025800457, ""4"": 0.007491075954778591, ""5"": 0.02007793697591845}"
frozen_unmatched,200,p0.20_f0.875,0.875,1.0,7,0.2,39.800000000000004,39.33,23,55,7866,1962,2.1133450585306197,0,0.9750170831606513,0.01950034166321303,nan,0.0,2.1133450585306197,9.044222944017552,22,"{""0"": 0.018551574960931495, ""1"": 0.016034025390492094, ""2"": 0.022619441540972316, ""3"": 0.021444294645057888, ""4"": 0.018143577397571393, ""5"": 0.020209136044252993}"
frozen_unmatched,200,p0.20_f0.875,0.875,1.0,7,0.2,39.800000000000004,39.33,23,55,7866,1962,2.1133450585306197,10,0.8780098864569235,0.01756019772913847,17.051409354440402,13.873402550992958,2.318768474005757,9.27898408148464,24,"{""0"": 0.017133896050530784, ""1"": 0.022980639130695864, ""2"": 0.02071639603649021, ""3"": 0.012072769909992936, ""4"": 0.01169879629662362, ""5"": 0.02075868895049742}"
frozen_unmatched,200,p0.20_f0.875,0.875,1.0,7,0.2,39.800000000000004,39.33,23,55,7866,1962,2.1133450585306197,20,0.8804283524277977,0.017608567048555956,29.972989081856873,13.889657198491811,2.230249749698106,10.08613353664822,25,"{""0"": 0.014610529196777125, ""1"": 0.02454059594680753, ""2"": 0.01621506109429915, ""3"": 0.018920915359280067, ""4"": 0.01388626897932203, ""5"": 0.01747803171484983}"
frozen_unmatched,200,p0.20_f0.875,0.875,1.0,7,0.2,39.800000000000004,39.33,23,55,7866,1962,2.1133450585306197,30,0.8607786181865579,0.01721557236373116,8.544975423584052,14.345552190986522,2.2809534716200908,10.226712124529747,26,"{""0"": 0.016567542114175528, ""1"": 0.02386290212941391, ""2"": 0.017260196374291246, ""3"": 0.01838769049022246, ""4"": 0.010573158710067332, ""5"": 0.016641944364216472}"
frozen_unmatched,200,p0.20_f0.875,0.875,1.0,7,0.2,39.800000000000004,39.33,23,55,7866,1962,2.1133450585306197,40,0.8882515973946326,0.017765031947892654,11.197770744063517,14.887005811923572,2.3116187692751633,8.796052598553048,25,"{""0"": 0.016723569105802742, ""1"": 0.02497331630149098, ""2"": 0.017947800563744804, ""3"": 0.02022161572038549, ""4"": 0.009125511725471495, ""5"": 0.01759837827046042}"
frozen_unmatched,200,p0.20_f0.875,0.875,1.0,7,0.2,39.800000000000004,39.33,23,55,7866,1962,2.1133450585306197,50,0.8938789221801675,0.017877578443603354,13.315971397728179,15.00119042746123,2.3148117014222755,9.914434613746732,26,"{""0"": 0.01879943525291522, ""1"": 0.022304383474024345, ""2"": 0.01767188214571274, ""3"": 0.017945317623052383, ""4"": 0.011474203828613413, ""5"": 0.01907024833730201}"
frozen_unmatched,200,p0.20_f0.875,0.875,1.0,7,0.2,39.800000000000004,39.33,23,55,7866,1962,2.1133450585306197,60,0.8788485578707057,0.017576971157414117,14.506575452527839,14.873024477058998,2.2980193164529825,10.374041113414098,26,"{""0"": 0.01630319442662937, ""1"": 0.021133558577856378, ""2"": 0.01788964881456067, ""3"": 0.020491551218803344, ""4"": 0.011582782429967126, ""5"": 0.01806109147666779}"
frozen_unmatched,200,p0.20_f0.875,0.875,1.0,7,0.2,39.800000000000004,39.33,23,55,7866,1962,2.1133450585306197,70,0.8525369623465726,0.017050739246931453,17.45529765930025,14.771096588344546,2.2908595413433916,11.04889467961643,26,"{""0"": 0.015606045564456194, ""1"": 0.020254966011499637, ""2"": 0.017599768215280295, ""3"": 0.017735194566308447, ""4"": 0.012724541176723402, ""5"": 0.018383919947320738}"
frozen_unmatched,200,p0.20_f0.875,0.875,1.0,7,0.2,39.800000000000004,39.33,23,55,7866,1962,2.1133450585306197,80,0.8453545914502008,0.016907091829004017,37.50362347099432,14.807480110207738,2.286121392701094,10.808014945141029,27,"{""0"": 0.01507913144230992, ""1"": 0.02066751134147659, ""2"": 0.01761362344194515, ""3"": 0.016451739573574476, ""4"": 0.012975018689488674, ""5"": 0.0186555264852293}"
frozen_unmatched,200,p0.20_f0.875,0.875,1.0,7,0.2,39.800000000000004,39.33,23,55,7866,1962,2.1133450585306197,90,0.8374231163448698,0.016748462326897397,23.111993545450787,14.798323761607156,2.2733810094300164,11.052781291760471,26,"{""0"": 0.015192562963635544, ""1"": 0.020453311434375954, ""2"": 0.01679205802984076, ""3"": 0.017051001335943294, ""4"": 0.013456880892454249, ""5"": 0.01754495930513459}"
frozen_unmatched,200,p0.20_f0.875,0.875,1.0,7,0.2,39.800000000000004,39.33,23,55,7866,1962,2.1133450585306197,100,0.8678362982919849,0.0173567259658397,19.019025758284386,14.803639787061641,2.2751399818162668,10.668164446389955,26,"{""0"": 0.01687226141729914, ""1"": 0.020617797370636383, ""2"": 0.017749495285491263, ""3"": 0.016842754589144245, ""4"": 0.014430998797958774, ""5"": 0.017627048334508406}"
frozen_unmatched,200,p0.20_f0.875,0.875,1.0,7,0.2,39.800000000000004,39.33,23,55,7866,1962,2.1133450585306197,110,0.886223341615103,0.017724466832302062,28.410525209338108,14.883542355459216,2.264482030504441,10.371102985688657,26,"{""0"": 0.01676385455955103, ""1"": 0.020371081071347975, ""2"": 0.018902539884134085, ""3"": 0.016563081511173246, ""4"": 0.016376716099406517, ""5"": 0.017369527868199543}"
frozen_unmatched,200,p0.20_f0.875,0.875,1.0,7,0.2,39.800000000000004,39.33,23,55,7866,1962,2.1133450585306197,120,0.8768414592658152,0.017536829185316308,19.722944374997933,14.855875864454179,2.2673538574250713,10.410743969934536,26,"{""0"": 0.014863364682723068, ""1"": 0.021116762843372643, ""2"": 0.018530884163058713, ""3"": 0.016565359522298925, ""4"": 0.01609492268939285, ""5"": 0.01804968121105164}"
frozen_unmatched,200,p0.20_f0.875,0.875,1.0,7,0.2,39.800000000000004,39.33,23,55,7866,1962,2.1133450585306197,130,0.8801381776787552,0.017602763553575106,28.22327946164446,14.82988622036527,2.2676418976723984,10.70355434963473,26,"{""0"": 0.015011875070294273, ""1"": 0.020694211254071414, ""2"": 0.018600552003188445, ""3"": 0.016619810298221103, ""4"": 0.016705916855325874, ""5"": 0.01798421584034953}"
frozen_unmatched,200,p0.20_f0.875,0.875,1.0,7,0.2,39.800000000000004,39.33,23,55,7866,1962,2.1133450585306197,140,0.8726601791131351,0.017453203582262704,13.802466760718898,14.820045558748454,2.2694908745052604,10.4322061393187,26,"{""0"": 0.015104887407021036, ""1"": 0.01938463735488668, ""2"": 0.018734861826958316, ""3"": 0.01626347144542233, ""4"": 0.017119617862148166, ""5"": 0.018111745597139704}"
frozen_unmatched,200,p0.20_f0.875,0.875,1.0,7,0.2,39.800000000000004,39.33,23,55,7866,1962,2.1133450585306197,150,0.8719880383346065,0.017439760766692132,32.634433414960895,14.849925756097889,2.2731424577488757,10.508499324407754,26,"{""0"": 0.014100652592053394, ""1"": 0.01989449245637127, ""2"": 0.01868401704740962, ""3"": 0.01699622810646925, ""4"": 0.016733708776359078, ""5"": 0.01822946562149018}"
frozen_unmatched,200,p0.20_f0.875,0.875,1.0,7,0.2,39.800000000000004,39.33,23,55,7866,1962,2.1133450585306197,160,0.8580850287153927,0.017161700574307857,20.817101920041054,14.817289052671995,2.26566065624289,10.637124106295293,26,"{""0"": 0.012904404188173341, ""1"": 0.019642397095619026, ""2"": 0.01886546240319546, ""3"": 0.01661733206522791, ""4"": 0.017081181855261512, ""5"": 0.017859425838369882}"
frozen_unmatched,200,p0.20_f0.875,0.875,1.0,7,0.2,39.800000000000004,39.33,23,55,7866,1962,2.1133450585306197,170,0.8543424422249933,0.017086848844499868,35.13149730539096,14.779445929825531,2.2657452442966197,10.657227563407814,26,"{""0"": 0.01273171219092586, ""1"": 0.019603966083919077, ""2"": 0.019128901744202526, ""3"": 0.01611388761683464, ""4"": 0.017474379261580745, ""5"": 0.017468246169536374}"
frozen_unmatched,200,p0.20_f0.875,0.875,1.0,7,0.2,39.800000000000004,39.33,23,55,7866,1962,2.1133450585306197,180,0.8506795239499508,0.01701359047899902,8.225302932190203,14.868418676481168,2.261904622093412,10.450807713792894,26,"{""0"": 0.01236090990228264, ""1"": 0.01887438809488575, ""2"": 0.01907404057003184, ""3"": 0.017014163114828958, ""4"": 0.01716810905441094, ""5"": 0.01758993213755397}"
frozen_unmatched,200,p0.20_f0.875,0.875,1.0,7,0.2,39.800000000000004,39.33,23,55,7866,1962,2.1133450585306197,190,0.8474109327412832,0.016948218654825667,27.96328499914345,14.903769022054927,2.2601708624126395,10.24080899339257,26,"{""0"": 0.012431221642367022, ""1"": 0.018781640103849605, ""2"": 0.018967410735394246, ""3"": 0.015796921685472642, ""4"": 0.01758601112968828, ""5"": 0.0181261066321822}"
frozen_unmatched,200,p0.20_f0.875,0.875,1.0,7,0.2,39.800000000000004,39.33,23,55,7866,1962,2.1133450585306197,200,0.8472027039258314,0.01694405407851663,10.276592856391085,14.938706817641904,2.2668217092294234,9.937197848304011,26,"{""0"": 0.011820343260910209, ""1"": 0.018914266030001715, ""2"": 0.01939799001844398, ""3"": 0.015505487739513144, ""4"": 0.017927843396157894, ""5"": 0.018098394026072846}"
frozen_unmatched,200,p0.40_f0.500,0.5,1.0,7,0.4,79.60000000000001,79.595,58,97,15919,1962,1.8905562091646808,0,1.0028598991929087,0.020057197983858178,nan,0.0,1.8905562091646808,6.671437650493116,17,"{""0"": 0.018904803931402082, ""1"": 0.0206678035690897, ""2"": 0.020269976763153716, ""3"": 0.01958560719073967, ""4"": 0.019401584830200946, ""5"": 0.02151341161856294}"
frozen_unmatched,200,p0.40_f0.500,0.5,1.0,7,0.4,79.60000000000001,79.595,58,97,15919,1962,1.8905562091646808,10,1.0219259858187677,0.020438519716375357,10.839229758279231,14.496756619148684,2.404362518769675,3.8148357986249226,16,"{""0"": 0.0320722801074834, ""1"": 0.03120823965424537, ""2"": 0.0074416296382703515, ""3"": 0.020297840054179332, ""4"": 0.020436938051295452, ""5"": 0.01117419079277825}"
frozen_unmatched,200,p0.40_f0.500,0.5,1.0,7,0.4,79.60000000000001,79.595,58,97,15919,1962,1.8905562091646808,20,0.8983959756127163,0.017967919512254328,8.01195346900467,14.790308076948754,2.279540323157186,5.223184735527169,19,"{""0"": 0.023964012230166983, ""1"": 0.03327048973345472, ""2"": 0.00821251122487548, ""3"": 0.01911509502371088, ""4"": 0.01388410781094523, ""5"": 0.009361301050372698}"
frozen_unmatched,200,p0.40_f0.500,0.5,1.0,7,0.4,79.60000000000001,79.595,58,97,15919,1962,1.8905562091646808,30,0.8428257608330844,0.016856515216661688,16.676159152599332,14.856941580840322,2.274298372053462,4.8120852963746525,18,"{""0"": 0.01991660591705679, ""1"": 0.025919608978685692, ""2"": 0.011012601200224941, ""3"": 0.023684062757621343, ""4"": 0.011575291175166803, ""5"": 0.009030921271214565}"
frozen_unmatched,200,p0.40_f0.500,0.5,1.0,7,0.4,79.60000000000001,79.595,58,97,15919,1962,1.8905562091646808,40,0.7946701510383091,0.015893403020766184,9.5983037207424,14.733654515470818,2.2628550407768775,4.604570211633545,18,"{""0"": 0.01806575940076507, ""1"": 0.024465839724685082, ""2"": 0.011805360923324001, ""3"": 0.02178424512077166, ""4"": 0.010779869265690014, ""5"": 0.008459343689361255}"
frozen_unmatched,200,p0.40_f0.500,0.5,1.0,7,0.4,79.60000000000001,79.595,58,97,15919,1962,1.8905562091646808,50,0.749576026614742,0.014991520532294841,10.425565490167557,14.928388208876054,2.239335369689826,4.443671145033404,17,"{""0"": 0.01690266686229482, ""1"": 0.02343534945997885, ""2"": 0.0077626414759871505, ""3"": 0.021593964223600205, ""4"": 0.012421289952158842, ""5"": 0.007833211219749186}"
frozen_unmatched,200,p0.40_f0.500,0.5,1.0,7,0.4,79.60000000000001,79.595,58,97,15919,1962,1.8905562091646808,60,0.7674827506656191,0.015349655013312384,3.744554001987712,15.046824915978066,2.2263810140013076,4.218187511691691,17,"{""0"": 0.016537276729020268, ""1"": 0.020982810542976616, ""2"": 0.010958249285612922, ""3"": 0.02309855599178537, ""4"": 0.012591805894031397, ""5"": 0.007929231636447737}"
frozen_unmatched,200,p0.40_f0.500,0.5,1.0,7,0.4,79.60000000000001,79.595,58,97,15919,1962,1.8905562091646808,70,0.7690148843636313,0.015380297687272627,33.291253791401004,15.098878073706086,2.1752815289707037,4.634233799466997,17,"{""0"": 0.01569107353809925, ""1"": 0.020121330456385072, ""2"": 0.009102329653470232, ""3"": 0.021116696884298975, ""4"": 0.017917507524073305, ""5"": 0.00833284806730894}"
frozen_unmatched,200,p0.40_f0.500,0.5,1.0,7,0.4,79.60000000000001,79.595,58,97,15919,1962,1.8905562091646808,80,0.7474031244317104,0.014948062488634211,27.41801179138856,15.09534167995267,2.124461319071985,4.6348064061963505,17,"{""0"": 0.015099654373497497, ""1"": 0.0202636001519721, ""2"": 0.00764471061683081, ""3"": 0.02208630717583105, ""4"": 0.017529102210683316, ""5"": 0.007065000402990476}"
frozen_unmatched,200,p0.40_f0.500,0.5,1.0,7,0.4,79.60000000000001,79.595,58,97,15919,1962,1.8905562091646808,90,0.7529567809172155,0.015059135618344313,22.100905482547347,15.230257295798438,2.1793846133750545,4.589576974241357,17,"{""0"": 0.015828940091734228, ""1"": 0.02009131257236078, ""2"": 0.007343518350969256, ""3"": 0.022735472702719674, ""4"": 0.01736058736526607, ""5"": 0.006994982627015861}"
frozen_unmatched,200,p0.40_f0.500,0.5,1.0,7,0.4,79.60000000000001,79.595,58,97,15919,1962,1.8905562091646808,100,0.7465942356142911,0.014931884712285824,4.150400649733816,15.208231926285308,2.1472840582012114,4.514400774006424,17,"{""0"": 0.016044854957130837, ""1"": 0.019487913889854235, ""2"": 0.0068345666869419775, ""3"": 0.02208551990666028, ""4"": 0.01835615655666293, ""5"": 0.006782296276464675}"
frozen_unmatched,200,p0.40_f0.500,0.5,1.0,7,0.4,79.60000000000001,79.595,58,97,15919,1962,1.8905562091646808,110,0.7474847480522433,0.014949694961044868,20.926184182830372,15.229201100988856,2.141259320041496,4.709170812500809,18,"{""0"": 0.016794012973913006, ""1"": 0.01877611622537579, ""2"": 0.006375297272097326, ""3"": 0.02311929098336408, ""4"": 0.017420634341190847, ""5"": 0.0072128179703281475}"
frozen_unmatched,200,p0.40_f0.500,0.5,1.0,7,0.4,79.60000000000001,79.595,58,97,15919,1962,1.8905562091646808,120,0.7414728516682292,0.014829457033364584,9.539195419585472,15.28642504691603,2.1413412953361584,4.5630862391977995,17,"{""0"": 0.016146502843206, ""1"": 0.018560209131075533, ""2"": 0.006241509025866618, ""3"": 0.02291434130026867, ""4"": 0.01821651593769854, ""5"": 0.006897663962072158}"
frozen_unmatched,200,p0.40_f0.500,0.5,1.0,7,0.4,79.60000000000001,79.595,58,97,15919,1962,1.8905562091646808,130,0.7421109109136299,0.014842218218272599,4.2861854507018275,15.372147704621197,2.1268231716364343,4.317405006555774,17,"{""0"": 0.01626877817091275, ""1"": 0.018623321690137147, ""2"": 0.006399880494212714, ""3"": 0.02276317185249504, ""4"": 0.01846745084782062, ""5"": 0.006530706254057323}"
frozen_unmatched,200,p0.40_f0.500,0.5,1.0,7,0.4,79.60000000000001,79.595,58,97,15919,1962,1.8905562091646808,140,0.7395222172200119,0.014790444344400239,3.636718568609594,15.509730446690373,2.1306246669638442,4.1752073514684795,17,"{""0"": 0.01629926756694284, ""1"": 0.01781757490010758, ""2"": 0.006097807804915253, ""3"": 0.023098071054998136, ""4"": 0.019134078114053564, ""5"": 0.0062958666253840724}"
frozen_unmatched,200,p0.40_f0.500,0.5,1.0,7,0.4,79.60000000000001,79.595,58,97,15919,1962,1.8905562091646808,150,0.7444171941557268,0.014888343883114538,15.734450224074802,15.513084098813431,2.125613151055596,4.017727258861827,17,"{""0"": 0.01602729645859514, ""1"": 0.01763166648390721, ""2"": 0.00550153342587543, ""3"": 0.024814017856391358, ""4"": 0.01906745949257259, ""5"": 0.0062880895813455006}"
frozen_unmatched,200,p0.40_f0.500,0.5,1.0,7,0.4,79.60000000000001,79.595,58,97,15919,1962,1.8905562091646808,160,0.7357419607032146,0.014714839214064294,6.102108890232147,15.500050292683145,2.1112094153336307,4.050196177959667,17,"{""0"": 0.015507897022055512, ""1"": 0.017712691077589767, ""2"": 0.00492772099111463, ""3"": 0.024220810750671125, ""4"": 0.019588706158448904, ""5"": 0.006331209284505824}"
frozen_unmatched,200,p0.40_f0.500,0.5,1.0,7,0.4,79.60000000000001,79.595,58,97,15919,1962,1.8905562091646808,170,0.7090388633748692,0.014180777267497386,18.69023094125646,15.525375025609865,2.113473299478414,3.874498097682225,16,"{""0"": 0.01586292722677503, ""1"": 0.016414295231770966, ""2"": 0.004887822383697102, ""3"": 0.02310838793838124, ""4"": 0.019194667967090566, ""5"": 0.0056165628572694025}"
frozen_unmatched,200,p0.40_f0.500,0.5,1.0,7,0.4,79.60000000000001,79.595,58,97,15919,1962,1.8905562091646808,180,0.6925003407146187,0.013850006814292376,13.314367880283836,15.591990639107024,2.1134252325029195,3.994936012961857,17,"{""0"": 0.016204668633149948, ""1"": 0.01362613199968232, ""2"": 0.005503780992559571, ""3"": 0.023476125896523523, ""4"": 0.018467981725868252, ""5"": 0.00582135163797064}"
frozen_unmatched,200,p0.40_f0.500,0.5,1.0,7,0.4,79.60000000000001,79.595,58,97,15919,1962,1.8905562091646808,190,0.6915369119135837,0.013830738238271675,11.021913651598501,15.558213140389391,2.104968059137653,3.9491695028145264,17,"{""0"": 0.016245677257800205, ""1"": 0.01341036077912105, ""2"": 0.005712049543993155, ""3"": 0.023303382578934998, ""4"": 0.01868202748707412, ""5"": 0.005630931782706531}"
frozen_unmatched,200,p0.40_f0.500,0.5,1.0,7,0.4,79.60000000000001,79.595,58,97,15919,1962,1.8905562091646808,200,0.7016488521633472,0.014032977043266944,31.13189847163968,15.596035371746286,2.1037464595322444,3.9957077266426766,17,"{""0"": 0.015847069913523696, ""1"": 0.01396988820347938, ""2"": 0.0053415304753614955, ""3"": 0.023607707918999306, ""4"": 0.019739404730894423, ""5"": 0.005692261017343364}"
frozen_unmatched,200,p0.40_f0.750,0.75,1.0,7,0.4,79.60000000000001,79.595,58,97,15919,1962,2.074602824631101,0,1.0120460628724095,0.020240921257448193,nan,0.0,2.074602824631101,7.43714133402948,20,"{""0"": 0.019648670242029476, ""1"": 0.02028111401875582, ""2"": 0.020123304946314455, ""3"": 0.019581963222249046, ""4"": 0.01979135734004029, ""5"": 0.022019117775300072}"
frozen_unmatched,200,p0.40_f0.750,0.75,1.0,7,0.4,79.60000000000001,79.595,58,97,15919,1962,2.074602824631101,10,1.1098599746784066,0.022197199493568135,5.2547080231851275,15.092690224849548,2.455959614212744,5.310043794900446,19,"{""0"": 0.03837268623589528, ""1"": 0.033513421576120285, ""2"": 0.006806351218590483, ""3"": 0.019151306378304565, ""4"": 0.02519839581252123, ""5"": 0.010141035739976963}"
frozen_unmatched,200,p0.40_f0.750,0.75,1.0,7,0.4,79.60000000000001,79.595,58,97,15919,1962,2.074602824631101,20,0.952718517917219,0.01905437035834438,34.43326853435403,14.939759926011742,2.3391564954781443,6.392443747239812,21,"{""0"": 0.011163199435198364, ""1"": 0.03183851165142066, ""2"": 0.012121263031700125, ""3"": 0.020963629980292497, ""4"": 0.01720178004409864, ""5"": 0.021037838007355997}"
frozen_unmatched,200,p0.40_f0.750,0.75,1.0,7,0.4,79.60000000000001,79.595,58,97,15919,1962,2.074602824631101,30,0.8356877160500944,0.016713754321001893,23.67422759286174,15.164126340142765,2.283740526222947,6.974203756013251,22,"{""0"": 0.012228382799439691, ""1"": 0.024399813359019983, ""2"": 0.01367683749875768, ""3"": 0.018892864623030654, ""4"": 0.01478590808948511, ""5"": 0.016298719556278225}"
frozen_unmatched,200,p0.40_f0.750,0.75,1.0,7,0.4,79.60000000000001,79.595,58,97,15919,1962,2.074602824631101,40,0.8185113124784079,0.01637022624956816,13.576975899941953,15.119393757106426,2.3836204340381126,6.2701376555705135,21,"{""0"": 0.015553068627102701, ""1"": 0.024870330907346305, ""2"": 0.013176522780540883, ""3"": 0.02073336690610189, ""4"": 0.00970006992642249, ""5"": 0.014187998349894686}"
frozen_unmatched,200,p0.40_f0.750,0.75,1.0,7,0.4,79.60000000000001,79.595,58,97,15919,1962,2.074602824631101,50,0.8457822412200449,0.0169156448244009,8.675480956034951,15.37536203289931,2.3909998592593342,6.681961169287779,21,"{""0"": 0.015600721968622217, ""1"": 0.024651988104778026, ""2"": 0.017563850883255412, ""3"": 0.021220282797282396, ""4"": 0.010178480287866368, ""5"": 0.012278544904600987}"
frozen_unmatched,200,p0.40_f0.750,0.75,1.0,7,0.4,79.60000000000001,79.595,58,97,15919,1962,2.074602824631101,60,0.8481776061479243,0.016963552122958487,4.81049665060484,15.563351428542878,2.4069427081215937,6.50922981872757,21,"{""0"": 0.01589779585108039, ""1"": 0.024388901288165222, ""2"": 0.01750845596610632, ""3"": 0.02348141420843867, ""4"": 0.009779346343004886, ""5"": 0.010725399080955446}"
frozen_unmatched,200,p0.40_f0.750,0.75,1.0,7,0.4,79.60000000000001,79.595,58,97,15919,1962,2.074602824631101,70,0.835464884292024,0.016709297685840483,32.105477667936626,15.561796359733332,2.3834984440763214,6.772182511654427,22,"{""0"": 0.01644543251307886, ""1"": 0.021791292163778613, ""2"": 0.017296649763264383, ""3"": 0.02213458907417699, ""4"": 0.011421073401036434, ""5"": 0.011166749199707608}"
frozen_unmatched,200,p0.40_f0.750,0.75,1.0,7,0.4,79.60000000000001,79.595,58,97,15919,1962,2.074602824631101,80,0.8361096951549553,0.016722193903099106,39.051651400040704,15.555047619876731,2.367807414667811,7.103056901857565,22,"{""0"": 0.016286689421774657, ""1"": 0.02103722664074621, ""2"": 0.016889185539284226, ""3"": 0.024883022907819907, ""4"": 0.011932865204676237, ""5"": 0.009304173704293392}"
frozen_unmatched,200,p0.40_f0.750,0.75,1.0,7,0.4,79.60000000000001,79.595,58,97,15919,1962,2.074602824631101,90,0.8159846598148165,0.016319693196296333,6.763401185665353,15.780872040104306,2.4003585862670103,6.837428224420653,21,"{""0"": 0.01830478353364843, ""1"": 0.019902142816499234, ""2"": 0.017391367520650937, ""3"": 0.02368593587508449, ""4"": 0.011182996307317066, ""5"": 0.007450933124577832}"
frozen_unmatched,200,p0.40_f0.750,0.75,1.0,7,0.4,79.60000000000001,79.595,58,97,15919,1962,2.074602824631101,100,0.8008464421310157,0.016016928842620317,5.501241360509009,15.915874147476089,2.4182571624095215,6.26757006958694,21,"{""0"": 0.018542788162040393, ""1"": 0.018715523614722337, ""2"": 0.017566397784373064, ""3"": 0.02383129707881798, ""4"": 0.01082121697329599, ""5"": 0.006624349442472142}"
frozen_unmatched,200,p0.40_f0.750,0.75,1.0,7,0.4,79.60000000000001,79.595,58,97,15919,1962,2.074602824631101,110,0.7806618118075306,0.015613236236150614,13.7931339035324,15.94017788452856,2.4270215874928027,6.204583735550805,21,"{""0"": 0.019263821924518712, ""1"": 0.017628388601654554, ""2"": 0.01711315154214891, ""3"": 0.022660310633063854, ""4"": 0.010669283970033767, ""5"": 0.006344460745483874}"
frozen_unmatched,200,p0.40_f0.750,0.75,1.0,7,0.4,79.60000000000001,79.595,58,97,15919,1962,2.074602824631101,120,0.7961482834121786,0.015922965668243572,11.378789946113393,16.01349691859314,2.4363459221933694,6.08519618417244,21,"{""0"": 0.019163116943581755, ""1"": 0.017729702154653543, ""2"": 0.01708993617743562, ""3"": 0.02462591332958473, ""4"": 0.010677200537588302, ""5"": 0.006251924866617504}"
frozen_unmatched,200,p0.40_f0.750,0.75,1.0,7,0.4,79.60000000000001,79.595,58,97,15919,1962,2.074602824631101,130,0.7875889158164436,0.015751778316328874,7.622532575160943,16.00872507040113,2.429428703060468,5.993275376666962,21,"{""0"": 0.01847466471595441, ""1"": 0.018206806246312553, ""2"": 0.01670872660078956, ""3"": 0.024581043627419866, ""4"": 0.010417205969800935, ""5"": 0.006122222737695938}"
frozen_unmatched,200,p0.40_f0.750,0.75,1.0,7,0.4,79.60000000000001,79.595,58,97,15919,1962,2.074602824631101,140,0.7926410358511117,0.015852820717022233,7.0595138122115255,16.02143748991473,2.4256709812707395,5.714562588055685,20,"{""0"": 0.01968548743923492, ""1"": 0.0180237766795431, ""2"": 0.01641762207109402, ""3"": 0.024693116864236586, ""4"": 0.010500850733244887, ""5"": 0.00579607051477989}"
frozen_unmatched,200,p0.40_f0.750,0.75,1.0,7,0.4,79.60000000000001,79.595,58,97,15919,1962,2.074602824631101,150,0.7795604889865528,0.01559120977973106,25.807883210125205,16.055077398306896,2.4327762892261076,5.806301271172055,21,"{""0"": 0.018550859278731326, ""1"": 0.018098280559951642, ""2"": 0.01654215512989769, ""3"": 0.02466814273097089, ""4"": 0.009986737564275395, ""5"": 0.005701083414559407}"
frozen_unmatched,200,p0.40_f0.750,0.75,1.0,7,0.4,79.60000000000001,79.595,58,97,15919,1962,2.074602824631101,160,0.768897948175895,0.015377958963517901,9.265400892087419,16.03458868419155,2.413954810517329,6.124415443287569,21,"{""0"": 0.017452419766527772, ""1"": 0.01793068555911022, ""2"": 0.01608793192288686, ""3"": 0.02428311331621721, ""4"": 0.010853872911935408, ""5"": 0.0056597303044299396}"
frozen_unmatched,200,p0.40_f0.750,0.75,1.0,7,0.4,79.60000000000001,79.595,58,97,15919,1962,2.074602824631101,170,0.7530463761220708,0.015060927522441418,10.050145832642814,16.050894827942976,2.415747639322008,5.994743472564226,21,"{""0"": 0.01804829365000537, ""1"": 0.017633000589837678, ""2"": 0.01610115234200489, ""3"": 0.02253584026461532, ""4"": 0.010759223811176385, ""5"": 0.00528805447700887}"
frozen_unmatched,200,p0.40_f0.750,0.75,1.0,7,0.4,79.60000000000001,79.595,58,97,15919,1962,2.074602824631101,180,0.7616252644447834,0.015232505288895672,9.771770698787792,16.113636710846524,2.4131754247808157,5.982899827236255,21,"{""0"": 0.018327856944835637, ""1"": 0.01765823542598536, ""2"": 0.016845246958261367, ""3"": 0.022738771655542844, ""4"": 0.010449574602420035, ""5"": 0.0053753461463287855}"
frozen_unmatched,200,p0.40_f0.750,0.75,1.0,7,0.4,79.60000000000001,79.595,58,97,15919,1962,2.074602824631101,190,0.7536994338300964,0.01507398867660193,23.454615216458684,16.14176605371706,2.4133430649310856,5.896294612562224,21,"{""0"": 0.01899559877695545, ""1"": 0.0173885560939007, ""2"": 0.016751914158316342, ""3"": 0.021279923649634117, ""4"": 0.010718419232102061, ""5"": 0.005309520148702918}"
frozen_unmatched,200,p0.40_f0.750,0.75,1.0,7,0.4,79.60000000000001,79.595,58,97,15919,1962,2.074602824631101,200,0.7634332189706328,0.015268664379412659,16.68783616867264,16.10326212423588,2.3940646761094673,6.0798386371122355,21,"{""0"": 0.018214764442102897, ""1"": 0.018401595030619052, ""2"": 0.016718218440012055, ""3"": 0.021504974316964586, ""4"": 0.01138295581450007, ""5"": 0.005389478232277268}"
frozen_unmatched,200,p0.40_f0.875,0.875,1.0,7,0.4,79.60000000000001,79.595,58,97,15919,1962,2.1574971383325687,0,1.0081925543310686,0.020163851086621377,nan,0.0,2.1574971383325687,7.919618453733967,21,"{""0"": 0.020015250612058503, ""1"": 0.02009310139575207, ""2"": 0.019860769340811497, ""3"": 0.019692156913261965, ""4"": 0.019935711323008764, ""5"": 0.021386116934835456}"
frozen_unmatched,200,p0.40_f0.875,0.875,1.0,7,0.4,79.60000000000001,79.595,58,97,15919,1962,2.1574971383325687,10,1.1063885644594673,0.02212777128918935,5.697704218032745,15.559418056060528,2.637461661291444,4.589432844123032,18,"{""0"": 0.040320555134654316, ""1"": 0.034732000160291945, ""2"": 0.01258706358378436, ""3"": 0.01354314786501665, ""4"": 0.022096458637495837, ""5"": 0.009487402353892999}"
frozen_unmatched,200,p0.40_f0.875,0.875,1.0,7,0.4,79.60000000000001,79.595,58,97,15919,1962,2.1574971383325687,20,1.1091912868688887,0.022183825737377778,32.29452358122561,15.328296050853412,2.4378269749806742,7.262363118542286,24,"{""0"": 0.019222760144490838, ""1"": 0.032214832971753246, ""2"": 0.01798165619325342, ""3"": 0.028667530706912813, ""4"": 0.01851772317419233, ""5"": 0.01649845123366403}"
frozen_unmatched,200,p0.40_f0.875,0.875,1.0,7,0.4,79.60000000000001,79.595,58,97,15919,1962,2.1574971383325687,30,0.9201262469433316,0.018402524938866634,16.850880341170214,15.390149549593222,2.5162386889745623,7.231144980664082,23,"{""0"": 0.021734205175391624, ""1"": 0.023309661289962043, ""2"": 0.020032728647149924, ""3"": 0.021797469798833232, ""4"": 0.014979756378546033, ""5"": 0.008561328343316943}"
frozen_unmatched,200,p0.40_f0.875,0.875,1.0,7,0.4,79.60000000000001,79.595,58,97,15919,1962,2.1574971383325687,40,0.8842493905925549,0.0176849878118511,11.771204825375573,15.561552674887903,2.5612323933445293,7.147894253504564,23,"{""0"": 0.021451913286209733, ""1"": 0.02227626401267916, ""2"": 0.018922822089049624, ""3"": 0.022304373997873495, ""4"": 0.012863832085906652, ""5"": 0.008290721399387937}"
frozen_unmatched,200,p0.40_f0.875,0.875,1.0,7,0.4,79.60000000000001,79.595,58,97,15919,1962,2.1574971383325687,50,0.8782643390681831,0.017565286781363664,13.975845230465453,15.694160842922576,2.537599225269113,6.523095708108696,22,"{""0"": 0.020273788220604667, ""1"": 0.022427736281885664, ""2"": 0.01990299905336892, ""3"": 0.019164142429237283, ""4"": 0.014443734919997847, ""5"": 0.009179319783087605}"
frozen_unmatched,200,p0.40_f0.875,0.875,1.0,7,0.4,79.60000000000001,79.595,58,97,15919,1962,2.1574971383325687,60,0.8883211555796016,0.017766423111592034,7.955747824626391,15.828108033832935,2.5568898540474625,6.457881832776799,22,"{""0"": 0.01999652484475849, ""1"": 0.020125891512044712, ""2"": 0.021809871574292483, ""3"": 0.022388441009210173, ""4"": 0.013551975162588914, ""5"": 0.008725834566657433}"
frozen_unmatched,200,p0.40_f0.875,0.875,1.0,7,0.4,79.60000000000001,79.595,58,97,15919,1962,2.1574971383325687,70,0.8875987557678667,0.017751975115357338,27.77763075935401,15.824383378449273,2.555358662028492,6.539513115946717,22,"{""0"": 0.019442200179606278, ""1"": 0.018362956661573344, ""2"": 0.022579251438657046, ""3"": 0.021895660925861645, ""4"": 0.013989867776476145, ""5"": 0.010241913709969575}"
frozen_unmatched,200,p0.40_f0.875,0.875,1.0,7,0.4,79.60000000000001,79.595,58,97,15919,1962,2.1574971383325687,80,0.8878944771448859,0.017757889542897722,24.408996706251997,15.78199752304776,2.5611779629753215,6.917690276499856,23,"{""0"": 0.018991463123346007, ""1"": 0.018925548423716104, ""2"": 0.022017778321746718, ""3"": 0.021081807647868208, ""4"": 0.013816915133815643, ""5"": 0.011713824606893639}"
frozen_unmatched,200,p0.40_f0.875,0.875,1.0,7,0.4,79.60000000000001,79.595,58,97,15919,1962,2.1574971383325687,90,0.8651281035886921,0.017302562071773844,10.556910900554314,15.775181996150216,2.579048637946326,6.825530840645514,23,"{""0"": 0.01905481239041604, ""1"": 0.018080771881991763, ""2"": 0.021905799917157968, ""3"": 0.021254334956603997, ""4"": 0.012625320332877532, ""5"": 0.010894332951595767}"
frozen_unmatched,200,p0.40_f0.875,0.875,1.0,7,0.4,79.60000000000001,79.595,58,97,15919,1962,2.1574971383325687,100,0.8573008327180367,0.017146016654360736,9.041695335840036,15.732974713333407,2.557457324523946,6.970161676580823,23,"{""0"": 0.018737475490448262, ""1"": 0.01796539018758021, ""2"": 0.021557312421028162, ""3"": 0.021222585272294266, ""4"": 0.012402200862138864, ""5"": 0.010991135692674672}"
frozen_unmatched,200,p0.40_f0.875,0.875,1.0,7,0.4,79.60000000000001,79.595,58,97,15919,1962,2.1574971383325687,110,0.8486461515157377,0.016972923030314755,32.16076904062591,15.81717854363673,2.566333286139112,6.966307829966095,23,"{""0"": 0.018717788065430903, ""1"": 0.016327054588660295, ""2"": 0.021394001290135318, ""3"": 0.021588675559428658, ""4"": 0.012177532598662956, ""5"": 0.011632486079570412}"
frozen_unmatched,200,p0.40_f0.875,0.875,1.0,7,0.4,79.60000000000001,79.595,58,97,15919,1962,2.1574971383325687,120,0.8558480983398751,0.017116961966797503,19.91733458152052,15.833222379707887,2.5734181664434574,7.083153342563971,23,"{""0"": 0.01857441028449076, ""1"": 0.016377707254851073, ""2"": 0.021224311479263142, ""3"": 0.022081634548443817, ""4"": 0.012393397086721273, ""5"": 0.012050311147014953}"
frozen_unmatched,200,p0.40_f0.875,0.875,1.0,7,0.4,79.60000000000001,79.595,58,97,15919,1962,2.1574971383325687,130,0.8647171059313551,0.017294342118627105,8.852360242358277,15.93501087443094,2.580474742810466,6.831309884190855,23,"{""0"": 0.019062248947621475, ""1"": 0.017024153097800976, ""2"": 0.021716405973557777, ""3"": 0.022102663653656686, ""4"": 0.012229076665023363, ""5"": 0.011631504374102356}"
frozen_unmatched,200,p0.40_f0.875,0.875,1.0,7,0.4,79.60000000000001,79.595,58,97,15919,1962,2.1574971383325687,140,0.8651021604755674,0.01730204320951135,17.39266000396159,15.903796778211957,2.5799116966754645,6.834536663072302,23,"{""0"": 0.018866132276668786, ""1"": 0.01688877801959555, ""2"": 0.022104041142930055, ""3"": 0.021978236166031142, ""4"": 0.012271382260385294, ""5"": 0.011703689391457273}"
frozen_unmatched,200,p0.40_f0.875,0.875,1.0,7,0.4,79.60000000000001,79.595,58,97,15919,1962,2.1574971383325687,150,0.8755565889536371,0.017511131779072743,25.30096590563218,15.961060622155465,2.588923020832398,6.477363047767281,22,"{""0"": 0.019277099472421306, ""1"": 0.01624767992751621, ""2"": 0.022362810299020687, ""3"": 0.023213973104520898, ""4"": 0.011690151161153678, ""5"": 0.01227507670980368}"
frozen_unmatched,200,p0.40_f0.875,0.875,1.0,7,0.4,79.60000000000001,79.595,58,97,15919,1962,2.1574971383325687,160,0.8596272941889053,0.017192545883778106,22.218610736579436,15.966334984120099,2.577857348522455,6.693980321768846,23,"{""0"": 0.01880964422476365, ""1"": 0.016850135080987573, ""2"": 0.021839700397393424, ""3"": 0.022583494962372008, ""4"": 0.0121232588495182, ""5"": 0.010949041787633795}"
frozen_unmatched,200,p0.40_f0.875,0.875,1.0,7,0.4,79.60000000000001,79.595,58,97,15919,1962,2.1574971383325687,170,0.862123478508647,0.017242469570172943,39.81210692240192,15.997513453459941,2.577759497669871,6.68982113362697,23,"{""0"": 0.018875706706777757, ""1"": 0.017121871146459272, ""2"": 0.021823700018459163, ""3"": 0.022344911787372752, ""4"": 0.012076076027058104, ""5"": 0.011212551734910597}"
frozen_unmatched,200,p0.40_f0.875,0.875,1.0,7,0.4,79.60000000000001,79.595,58,97,15919,1962,2.1574971383325687,180,0.8588957682703622,0.017177915365407245,6.176165806838625,16.056951457064862,2.579953065771324,6.707889615707189,23,"{""0"": 0.01887104885203555, ""1"": 0.016723550273789738, ""2"": 0.021803285723520336, ""3"": 0.022065425398148215, ""4"": 0.011851995808550082, ""5"": 0.011752186136399542}"
frozen_unmatched,200,p0.40_f0.875,0.875,1.0,7,0.4,79.60000000000001,79.595,58,97,15919,1962,2.1574971383325687,190,0.8391382484249345,0.01678276496849869,12.630988293777728,16.094253855930372,2.5817409745320337,6.760585487284597,23,"{""0"": 0.018873037279583466, ""1"": 0.016274846889386487, ""2"": 0.021229860055882812, ""3"": 0.021641392490605725, ""4"": 0.01184688998957716, ""5"": 0.010830563105956485}"
frozen_unmatched,200,p0.40_f0.875,0.875,1.0,7,0.4,79.60000000000001,79.595,58,97,15919,1962,2.1574971383325687,200,0.8293986130094891,0.016587972260189786,25.661282027688365,16.082682200308252,2.5695820095588777,6.797345810263955,23,"{""0"": 0.018190433966279833, ""1"": 0.016730147705268913, ""2"": 0.02077651640547811, ""3"": 0.021609870403033367, ""4"": 0.012120932640861762, ""5"": 0.01009993244021673}"
