arm,n_units,condition,frozen_fraction,gain_scale,seed,p_value,expected_in_degree,realized_degree_mean,realized_degree_min,realized_degree_max,synapse_count,plastic_weight_count,initial_spectral_radius,checkpoint_trial,heldout_nmse,heldout_raw_mse,online_feedback_loss,weight_change_fro,spectral_radius,d_pr,d90,per_target_mse_json
control_random,200,p0.05,nan,1.0,0,0.05,9.950000000000001,9.87,3,19,1974,1974,1.495341793531799,0,1.0081604579000314,0.02016320915800063,nan,0.0,1.495341793531799,4.161438724175539,12,"{""0"": 0.01939779880024295, ""1"": 0.022245084165017248, ""2"": 0.020246737073061342, ""3"": 0.01993216135145297, ""4"": 0.02001185359295906, ""5"": 0.019145619965270207}"
control_random,200,p0.05,nan,1.0,0,0.05,9.950000000000001,9.87,3,19,1974,1974,1.495341793531799,10,1.180356017374984,0.023607120347499684,11.050069910499218,13.928758970629447,2.247259938965362,3.7739602090698936,10,"{""0"": 0.022807611081391517, ""1"": 0.03459377392142185, ""2"": 0.03581020738473513, ""3"": 0.03195730401199266, ""4"": 0.010063220585534747, ""5"": 0.0064106050999222074}"
control_random,200,p0.05,nan,1.0,0,0.05,9.950000000000001,9.87,3,19,1974,1974,1.495341793531799,20,0.7560539281628684,0.015121078563257371,3.9234081543252186,14.903176318564695,2.1722464939139723,4.003472172317492,11,"{""0"": 0.02164851254959317, ""1"": 0.01768900714823226, ""2"": 0.020784255477740453, ""3"": 0.017898745674068423, ""4"": 0.004231604352582267, ""5"": 0.00847434617732765}"
control_random,200,p0.05,nan,1.0,0,0.05,9.950000000000001,9.87,3,19,1974,1974,1.495341793531799,30,0.7198663458109611,0.014397326916219224,9.862731631085717,15.274979955253864,2.1494713686036224,4.0352733122376065,11,"{""0"": 0.01883714174025015, ""1"": 0.02356591251108635, ""2"": 0.012630733253720276, ""3"": 0.020076013109942906, ""4"": 0.004798039086692492, ""5"": 0.00647612179562318}"
control_random,200,p0.05,nan,1.0,0,0.05,9.950000000000001,9.87,3,19,1974,1974,1.495341793531799,40,0.6759291213575508,0.013518582427151019,38.67002717546034,15.765316798103003,2.114906158042944,4.2418061619255845,12,"{""0"": 0.02299107296170357, ""1"": 0.015385108802018007, ""2"": 0.020926078997237047, ""3"": 0.012985022633830293, ""4"": 0.005302592588993947, ""5"": 0.0035216185791232396}"
control_random,200,p0.05,nan,1.0,0,0.05,9.950000000000001,9.87,3,19,1974,1974,1.495341793531799,50,0.6421715357415051,0.012843430714830104,6.066526118680222,16.19394470078475,2.1880798265092176,4.2573384615231795,12,"{""0"": 0.022523658040518254, ""1"": 0.013367237128687637, ""2"": 0.023432740561388214, ""3"": 0.008797825831880084, ""4"": 0.005269980613094265, ""5"": 0.0036691421134121814}"
control_random,200,p0.05,nan,1.0,0,0.05,9.950000000000001,9.87,3,19,1974,1974,1.495341793531799,60,0.5189435324746011,0.010378870649492025,3.5663066437374247,16.62670539762944,2.1862046721254034,4.3676444877400575,12,"{""0"": 0.018463337581738, ""1"": 0.012851931588760671, ""2"": 0.013502806118506128, ""3"": 0.008061088917446628, ""4"": 0.003963165357203943, ""5"": 0.005430894333296775}"
control_random,200,p0.05,nan,1.0,0,0.05,9.950000000000001,9.87,3,19,1974,1974,1.495341793531799,70,0.5288086209630474,0.010576172419260949,16.62456330251238,16.8433627207541,2.166190933818961,4.532070756767844,12,"{""0"": 0.01643374907695908, ""1"": 0.012970498321481014, ""2"": 0.01688777537281847, ""3"": 0.007906967387752071, ""4"": 0.004390862244467025, ""5"": 0.004867182112088019}"
control_random,200,p0.05,nan,1.0,0,0.05,9.950000000000001,9.87,3,19,1974,1974,1.495341793531799,80,0.4826566039288082,0.009653132078576166,4.171401761527156,17.003261538485127,2.135871813065067,4.465138350593812,12,"{""0"": 0.018836272932439446, ""1"": 0.011962846434965108, ""2"": 0.011305100244331607, ""3"": 0.00792759578183842, ""4"": 0.003766391898834042, ""5"": 0.004120585179048378}"
control_random,200,p0.05,nan,1.0,0,0.05,9.950000000000001,9.87,3,19,1974,1974,1.495341793531799,90,0.48770041674293824,0.009754008334858765,1.9458025197721773,17.161747884875314,2.1407722133961737,4.382526668591099,12,"{""0"": 0.0192920470868645, ""1"": 0.012924203174733192, ""2"": 0.01095633449845563, ""3"": 0.008025372249060737, ""4"": 0.003085135748870264, ""5"": 0.004240957251168271}"
control_random,200,p0.05,nan,1.0,0,0.05,9.950000000000001,9.87,3,19,1974,1974,1.495341793531799,100,0.5176352333740952,0.010352704667481906,22.773438924968797,17.304091996581416,2.1426841741966336,4.270572472744021,12,"{""0"": 0.018215118342179475, ""1"": 0.013322154378978579, ""2"": 0.01598827926958655, ""3"": 0.006988754106152306, ""4"": 0.0032086008535522916, ""5"": 0.004393321054442232}"
control_random,200,p0.05,nan,1.0,0,0.05,9.950000000000001,9.87,3,19,1974,1974,1.495341793531799,110,0.466370883871679,0.009327417677433582,3.4832691443487787,17.35850843247145,2.1386659250437408,4.193045771239537,12,"{""0"": 0.017118874536701533, ""1"": 0.012324734735820192, ""2"": 0.012669640535904211, ""3"": 0.006734453241784445, ""4"": 0.002846812441394712, ""5"": 0.004269990572996396}"
control_random,200,p0.05,nan,1.0,0,0.05,9.950000000000001,9.87,3,19,1974,1974,1.495341793531799,120,0.4478773032126825,0.008957546064253651,3.216733348190722,17.34860475804547,2.1519474625687542,4.062848843654238,12,"{""0"": 0.016003311253643494, ""1"": 0.01145381562894963, ""2"": 0.01276988717109496, ""3"": 0.006261507061110494, ""4"": 0.0027845019669914756, ""5"": 0.004472253303731856}"
control_random,200,p0.05,nan,1.0,0,0.05,9.950000000000001,9.87,3,19,1974,1974,1.495341793531799,130,0.45078547141096986,0.0090157094282194,2.4749281488910477,17.46907601313288,2.160285838768348,3.992947237963068,12,"{""0"": 0.016106602663607677, ""1"": 0.0119597762118966, ""2"": 0.01308120234488661, ""3"": 0.00584391632320713, ""4"": 0.0026937716570850415, ""5"": 0.00440898736863334}"
control_random,200,p0.05,nan,1.0,0,0.05,9.950000000000001,9.87,3,19,1974,1974,1.495341793531799,140,0.46297844151866013,0.009259568830373203,1.6117824974970694,17.599135696957187,2.1648372029650926,4.0575366555605745,12,"{""0"": 0.017283229596967535, ""1"": 0.013210523249966136, ""2"": 0.01274272534782489, ""3"": 0.0055953471332226305, ""4"": 0.002690146732614861, ""5"": 0.004035440921643178}"
control_random,200,p0.05,nan,1.0,0,0.05,9.950000000000001,9.87,3,19,1974,1974,1.495341793531799,150,0.43630555950129707,0.008726111190025943,3.735535510121231,17.615317744816853,2.1629979061144535,4.132027098032647,12,"{""0"": 0.01748783861504725, ""1"": 0.01101512685469877, ""2"": 0.011968556877746405, ""3"": 0.005627159939332259, ""4"": 0.0023596983077875024, ""5"": 0.0038982865455434628}"
control_random,200,p0.05,nan,1.0,0,0.05,9.950000000000001,9.87,3,19,1974,1974,1.495341793531799,160,0.4553014962413228,0.009106029924826457,7.057958744546184,17.730447258582885,2.1539494251397016,4.3527244489728885,13,"{""0"": 0.019684749847384227, ""1"": 0.012171555088378761, ""2"": 0.011202839693421892, ""3"": 0.005615412395554341, ""4"": 0.0024417557363304995, ""5"": 0.0035198667878890214}"
control_random,200,p0.05,nan,1.0,0,0.05,9.950000000000001,9.87,3,19,1974,1974,1.495341793531799,170,0.4601382325857817,0.009202764651715635,4.0918469806800495,17.79250530009773,2.1492128795453063,4.306955475620485,13,"{""0"": 0.0204427805139612, ""1"": 0.011747689665281424, ""2"": 0.011465952143378325, ""3"": 0.005669694129770781, ""4"": 0.0024235555360616634, ""5"": 0.0034669159218404175}"
control_random,200,p0.05,nan,1.0,0,0.05,9.950000000000001,9.87,3,19,1974,1974,1.495341793531799,180,0.43367718136732203,0.008673543627346443,6.461981472895557,17.84273085216599,2.1503141759633966,4.320503076619579,13,"{""0"": 0.01859969059246245, ""1"": 0.011179448120665283, ""2"": 0.010917352850608384, ""3"": 0.005705541824006578, ""4"": 0.0023379059171299435, ""5"": 0.003301322459206009}"
control_random,200,p0.05,nan,1.0,0,0.05,9.950000000000001,9.87,3,19,1974,1974,1.495341793531799,190,0.4412486505609646,0.008824973011219293,15.098140296237828,17.92675788192049,2.1420560037671947,4.299533424248731,13,"{""0"": 0.018584223319594376, ""1"": 0.011669149274008379, ""2"": 0.011425506611185805, ""3"": 0.0056425164272360774, ""4"": 0.0023421856703280106, ""5"": 0.0032862567649631176}"
control_random,200,p0.05,nan,1.0,0,0.05,9.950000000000001,9.87,3,19,1974,1974,1.495341793531799,200,0.45477199643865907,0.009095439928773182,29.574200435065478,17.994926303220137,2.1315800189093834,4.2744331839764325,13,"{""0"": 0.01759116100499616, ""1"": 0.013950065592264495, ""2"": 0.011450854751421147, ""3"": 0.005890888131592531, ""4"": 0.0024148348550898074, ""5"": 0.0032748352372749547}"
control_random,200,p0.10,nan,1.0,0,0.1,19.900000000000002,20.28,10,31,4056,1974,1.5261308668644236,0,1.0523654394979627,0.02104730878995926,nan,0.0,1.5261308668644236,5.037788459565855,14,"{""0"": 0.02007256460092364, ""1"": 0.022345534935921542, ""2"": 0.02208188591723994, ""3"": 0.02120786429648141, ""4"": 0.021529426763822964, ""5"": 0.019046576225366048}"
control_random,200,p0.10,nan,1.0,0,0.1,19.900000000000002,20.28,10,31,4056,1974,1.5261308668644236,10,1.2451930226552286,0.024903860453104575,29.892127986528916,14.159644228038886,1.9946052125423548,4.888610768694297,15,"{""0"": 0.02226391347838371, ""1"": 0.04278955781848238, ""2"": 0.035787203585535735, ""3"": 0.01970844950862278, ""4"": 0.022983062223394083, ""5"": 0.005890976104208745}"
control_random,200,p0.10,nan,1.0,0,0.1,19.900000000000002,20.28,10,31,4056,1974,1.5261308668644236,20,1.0134249025384756,0.020268498050769513,11.393680826687246,16.065634912252346,2.183770948116644,3.710559570190254,13,"{""0"": 0.022640178280065416, ""1"": 0.031570159891953616, ""2"": 0.02387149164312547, ""3"": 0.011493598230581964, ""4"": 0.016180787882177968, ""5"": 0.015854772376712643}"
control_random,200,p0.10,nan,1.0,0,0.1,19.900000000000002,20.28,10,31,4056,1974,1.5261308668644236,30,0.9480672539796035,0.018961345079592073,32.73137579882811,16.844986054451454,2.1455933012084545,5.165977803840109,17,"{""0"": 0.02532951137672279, ""1"": 0.031011533711274596, ""2"": 0.010530443279120826, ""3"": 0.0118125334725866, ""4"": 0.016079210492510293, ""5"": 0.019004838145337332}"
control_random,200,p0.10,nan,1.0,0,0.1,19.900000000000002,20.28,10,31,4056,1974,1.5261308668644236,40,0.9320972864619378,0.01864194572923876,10.975831896086373,16.585783588247903,2.155459815916862,4.8425780976669905,15,"{""0"": 0.018319858122457212, ""1"": 0.02723814708053656, ""2"": 0.01710910566654052, ""3"": 0.010651995037904977, ""4"": 0.018401814998438553, ""5"": 0.020130753469554723}"
control_random,200,p0.10,nan,1.0,0,0.1,19.900000000000002,20.28,10,31,4056,1974,1.5261308668644236,50,0.7928565502055577,0.015857131004111156,11.958545422492616,16.735612081179628,2.1297534974750385,5.560695695714107,16,"{""0"": 0.015106356234133981, ""1"": 0.020236038642267206, ""2"": 0.015524709400271394, ""3"": 0.007473702232838032, ""4"": 0.018083823939084896, ""5"": 0.018718155576071416}"
control_random,200,p0.10,nan,1.0,0,0.1,19.900000000000002,20.28,10,31,4056,1974,1.5261308668644236,60,0.8004499552656589,0.01600899910531318,25.68662612552732,16.945417438498964,2.135769108915615,5.630924291044403,16,"{""0"": 0.020972269798732845, ""1"": 0.022468729185483052, ""2"": 0.01270304549487653, ""3"": 0.008306471263200298, ""4"": 0.01637327769282742, ""5"": 0.01523020119675893}"
control_random,200,p0.10,nan,1.0,0,0.1,19.900000000000002,20.28,10,31,4056,1974,1.5261308668644236,70,0.7447449582986604,0.014894899165973209,45.15057664459601,17.112982732579987,2.1350128231211336,5.945186403486097,17,"{""0"": 0.02053047858136601, ""1"": 0.019663583049082174, ""2"": 0.011993209067477025, ""3"": 0.00612428171984261, ""4"": 0.014281995443235804, ""5"": 0.016775847134835646}"
control_random,200,p0.10,nan,1.0,0,0.1,19.900000000000002,20.28,10,31,4056,1974,1.5261308668644236,80,0.7480476336342157,0.014960952672684316,23.672543528232556,17.11371468669659,2.1203956030260356,6.406374875924856,17,"{""0"": 0.02088953423399484, ""1"": 0.019217731788620778, ""2"": 0.011887545705661206, ""3"": 0.0053199223281969734, ""4"": 0.014672693539623461, ""5"": 0.017778288440008626}"
control_random,200,p0.10,nan,1.0,0,0.1,19.900000000000002,20.28,10,31,4056,1974,1.5261308668644236,90,0.6490664428195866,0.012981328856391732,6.995482661424697,17.12969976511538,2.115492522325994,6.264601144647779,17,"{""0"": 0.01588963123516645, ""1"": 0.018939816875025828, ""2"": 0.009314826848261163, ""3"": 0.0053545752841426255, ""4"": 0.013044642463560963, ""5"": 0.015344480432193369}"
control_random,200,p0.10,nan,1.0,0,0.1,19.900000000000002,20.28,10,31,4056,1974,1.5261308668644236,100,0.6803125176111557,0.013606250352223117,12.159291840870518,17.35644568719362,2.140139034440742,6.239284408326948,17,"{""0"": 0.023853111344354187, ""1"": 0.0173699670373619, ""2"": 0.010274181173588906, ""3"": 0.004538550291932476, ""4"": 0.010283365481113306, ""5"": 0.015318326784987924}"
control_random,200,p0.10,nan,1.0,0,0.1,19.900000000000002,20.28,10,31,4056,1974,1.5261308668644236,110,0.7150154337392096,0.014300308674784195,4.476694374679304,17.46454239142938,2.146314789532282,6.039167969776479,17,"{""0"": 0.02663580218850358, ""1"": 0.01932867562129244, ""2"": 0.010993777545014993, ""3"": 0.004262494659620434, ""4"": 0.009806670290562428, ""5"": 0.0147744317437113}"
control_random,200,p0.10,nan,1.0,0,0.1,19.900000000000002,20.28,10,31,4056,1974,1.5261308668644236,120,0.6853190015457817,0.013706380030915637,3.556091495446024,17.60235415970442,2.154218529823266,5.775660033695494,16,"{""0"": 0.02539408355603335, ""1"": 0.01847722680891431, ""2"": 0.011041098844165383, ""3"": 0.004301307336348986, ""4"": 0.008927499490563299, ""5"": 0.014097064149468503}"
control_random,200,p0.10,nan,1.0,0,0.1,19.900000000000002,20.28,10,31,4056,1974,1.5261308668644236,130,0.6872373204270692,0.013744746408541385,2.738934040675266,17.73521673330538,2.1685923541368513,5.686573184353938,16,"{""0"": 0.026615831908520377, ""1"": 0.01857062400202219, ""2"": 0.010900235335098181, ""3"": 0.004168907079877833, ""4"": 0.008165758747417377, ""5"": 0.014047121378312367}"
control_random,200,p0.10,nan,1.0,0,0.1,19.900000000000002,20.28,10,31,4056,1974,1.5261308668644236,140,0.6662811964902161,0.013325623929804326,21.37373362167197,17.859046532939367,2.1769005033745246,5.666395639474578,16,"{""0"": 0.028160447400390393, ""1"": 0.015152716277000457, ""2"": 0.010937749191844459, ""3"": 0.004006668389781973, ""4"": 0.007931870486632566, ""5"": 0.013764291833176096}"
control_random,200,p0.10,nan,1.0,0,0.1,19.900000000000002,20.28,10,31,4056,1974,1.5261308668644236,150,0.664809997163952,0.01329619994327904,2.1416277491870654,17.954681394984465,2.19567722874831,5.516640444004501,16,"{""0"": 0.028035618249408988, ""1"": 0.014478041473772019, ""2"": 0.01129848767565026, ""3"": 0.0043384032939315625, ""4"": 0.007558700641515867, ""5"": 0.01406794832539554}"
control_random,200,p0.10,nan,1.0,0,0.1,19.900000000000002,20.28,10,31,4056,1974,1.5261308668644236,160,0.6470914864339932,0.012941829728679867,12.379581826467865,17.998406943104023,2.174796179258951,5.393805998123953,16,"{""0"": 0.027970005492211864, ""1"": 0.013909960760254633, ""2"": 0.011047202932590473, ""3"": 0.004183944463942588, ""4"": 0.007289453347600122, ""5"": 0.013250411375479521}"
control_random,200,p0.10,nan,1.0,0,0.1,19.900000000000002,20.28,10,31,4056,1974,1.5261308668644236,170,0.6261499449456888,0.012522998898913775,7.505948169375736,17.99901164249245,2.1624231418563067,5.426562788025673,16,"{""0"": 0.027068990099082674, ""1"": 0.013522248550443938, ""2"": 0.009896916472542127, ""3"": 0.004345121011615143, ""4"": 0.007318357051552943, ""5"": 0.012986360208245822}"
control_random,200,p0.10,nan,1.0,0,0.1,19.900000000000002,20.28,10,31,4056,1974,1.5261308668644236,180,0.6117533754505259,0.01223506750901052,9.57986172360818,18.071511159748155,2.1701002203447675,5.546041343604402,16,"{""0"": 0.026111830311753716, ""1"": 0.013701086183135735, ""2"": 0.00956844048620957, ""3"": 0.00456662486191488, ""4"": 0.007156671943353654, ""5"": 0.012305751267695576}"
control_random,200,p0.10,nan,1.0,0,0.1,19.900000000000002,20.28,10,31,4056,1974,1.5261308668644236,190,0.5949071340162218,0.011898142680324436,8.352937777512107,18.131536254669896,2.1737151901185596,5.644654960816289,16,"{""0"": 0.024583950439921502, ""1"": 0.013691013093390858, ""2"": 0.009176658707238066, ""3"": 0.0048211452892647595, ""4"": 0.007182308587383475, ""5"": 0.011933779964747964}"
control_random,200,p0.10,nan,1.0,0,0.1,19.900000000000002,20.28,10,31,4056,1974,1.5261308668644236,200,0.6011584182559822,0.012023168365119645,6.073015199614043,18.180849645064608,2.1781167577319653,5.692370150625107,16,"{""0"": 0.025718532764004116, ""1"": 0.013771456179504121, ""2"": 0.009116452235902968, ""3"": 0.00476477426494662, ""4"": 0.006753857529753225, ""5"": 0.012013937216606829}"
control_random,200,p0.20,nan,1.0,0,0.2,39.800000000000004,39.795,28,55,7959,1974,1.5902336701522826,0,1.0176576351735855,0.02035315270347171,nan,0.0,1.5902336701522826,8.048727102259546,14,"{""0"": 0.01969692597644666, ""1"": 0.021540779339664, ""2"": 0.02186483368514875, ""3"": 0.01872077793697389, ""4"": 0.021926254624579405, ""5"": 0.01836934465801757}"
control_random,200,p0.20,nan,1.0,0,0.2,39.800000000000004,39.795,28,55,7959,1974,1.5902336701522826,10,0.9417800496614525,0.018835600993229052,11.658828287874995,13.3776353802915,1.772797733527298,3.822045792613242,12,"{""0"": 0.012046749501464286, ""1"": 0.02467532132699569, ""2"": 0.028608582507019753, ""3"": 0.019345233412056195, ""4"": 0.018329861432449815, ""5"": 0.010007857779388573}"
control_random,200,p0.20,nan,1.0,0,0.2,39.800000000000004,39.795,28,55,7959,1974,1.5902336701522826,20,0.7565090216690334,0.01513018043338067,1.8333115735951564,13.915283054817207,1.8070096920051022,3.7633372144020547,12,"{""0"": 0.004995038063855996, ""1"": 0.0187986756198255, ""2"": 0.024339210813810807, ""3"": 0.006167266283279243, ""4"": 0.018894939676619225, ""5"": 0.017585952142893258}"
control_random,200,p0.20,nan,1.0,0,0.2,39.800000000000004,39.795,28,55,7959,1974,1.5902336701522826,30,0.5640311462310753,0.011280622924621508,5.89136310956477,14.936239298651117,1.8016029015198378,4.324904155442695,13,"{""0"": 0.00799131103414472, ""1"": 0.016791589725661932, ""2"": 0.017137724164450162, ""3"": 0.005645451799193674, ""4"": 0.010409841545568786, ""5"": 0.009707819278709775}"
control_random,200,p0.20,nan,1.0,0,0.2,39.800000000000004,39.795,28,55,7959,1974,1.5902336701522826,40,0.5592082653994104,0.011184165307988209,16.07098755569023,15.398744168972348,1.8135917645232706,4.496061893277098,13,"{""0"": 0.005284267637728924, ""1"": 0.014616081232167986, ""2"": 0.017104643700747012, ""3"": 0.004554096727511453, ""4"": 0.014024216982551685, ""5"": 0.011521685567222193}"
control_random,200,p0.20,nan,1.0,0,0.2,39.800000000000004,39.795,28,55,7959,1974,1.5902336701522826,50,0.5446871603982626,0.010893743207965254,3.5838057736573377,15.374338519040665,1.82073354627252,4.232829529286557,12,"{""0"": 0.005704004942862897, ""1"": 0.017091220752407467, ""2"": 0.017072554161804584, ""3"": 0.004034998969509894, ""4"": 0.012859595140736646, ""5"": 0.008600085280470043}"
control_random,200,p0.20,nan,1.0,0,0.2,39.800000000000004,39.795,28,55,7959,1974,1.5902336701522826,60,0.5142923751046657,0.010285847502093316,24.251713395516518,15.569881510868415,1.821592394259349,4.542440183240553,13,"{""0"": 0.007360229883146656, ""1"": 0.01719712315903028, ""2"": 0.014132279663762187, ""3"": 0.003906321956937356, ""4"": 0.009885538107593336, ""5"": 0.009233592242090078}"
control_random,200,p0.20,nan,1.0,0,0.2,39.800000000000004,39.795,28,55,7959,1974,1.5902336701522826,70,0.5503576564638893,0.011007153129277789,10.148960942056958,15.785011608745892,1.8346181318238524,4.527280288665258,13,"{""0"": 0.007261950376299732, ""1"": 0.017620431827186953, ""2"": 0.013305011814284349, ""3"": 0.005624843621617577, ""4"": 0.011675232029268904, ""5"": 0.010555449107009214}"
control_random,200,p0.20,nan,1.0,0,0.2,39.800000000000004,39.795,28,55,7959,1974,1.5902336701522826,80,0.5392978987253538,0.010785957974507078,10.449728054031329,15.866999587517133,1.860041655541681,4.455748106061586,13,"{""0"": 0.008941217671942201, ""1"": 0.018835913713863277, ""2"": 0.011367108527413254, ""3"": 0.006019070680770044, ""4"": 0.009431926572585243, ""5"": 0.010120510680468446}"
control_random,200,p0.20,nan,1.0,0,0.2,39.800000000000004,39.795,28,55,7959,1974,1.5902336701522826,90,0.5526159217201958,0.011052318434403918,15.790559122262335,15.976073176406716,1.8889842248415365,4.510899928484503,13,"{""0"": 0.0077504786391746835, ""1"": 0.018674353664831136, ""2"": 0.012530796103353647, ""3"": 0.006216000665267872, ""4"": 0.009379318940120012, ""5"": 0.011762962593676152}"
control_random,200,p0.20,nan,1.0,0,0.2,39.800000000000004,39.795,28,55,7959,1974,1.5902336701522826,100,0.5456060646766072,0.010912121293532145,2.5804015774918607,16.166537316360373,1.90398087484096,4.5070313907901305,13,"{""0"": 0.006683538598088198, ""1"": 0.018412378510655768, ""2"": 0.012497592090226339, ""3"": 0.005790204954653698, ""4"": 0.009012115091773286, ""5"": 0.013076898515795585}"
control_random,200,p0.20,nan,1.0,0,0.2,39.800000000000004,39.795,28,55,7959,1974,1.5902336701522826,110,0.5416484226893642,0.010832968453787286,2.3360269624984435,16.332233548012915,1.8690198942049976,4.405354857567182,13,"{""0"": 0.0063990521988351754, ""1"": 0.018500737365571656, ""2"": 0.009897933150408987, ""3"": 0.006097396290618665, ""4"": 0.009101130234664124, ""5"": 0.01500156148262512}"
control_random,200,p0.20,nan,1.0,0,0.2,39.800000000000004,39.795,28,55,7959,1974,1.5902336701522826,120,0.5336292829909911,0.010672585659819824,7.599164588161105,16.44173718834364,1.908709317270716,4.417041249078492,13,"{""0"": 0.0060818317168594704, ""1"": 0.01762202799030192, ""2"": 0.009553690934529815, ""3"": 0.005977161107709223, ""4"": 0.00915186688259521, ""5"": 0.01564893532692331}"
control_random,200,p0.20,nan,1.0,0,0.2,39.800000000000004,39.795,28,55,7959,1974,1.5902336701522826,130,0.5257160695310031,0.010514321390620064,2.616047174615684,16.529012207907126,1.9219800160482827,4.312520616443776,13,"{""0"": 0.0054035580096491054, ""1"": 0.01807636439857178, ""2"": 0.008801916464458586, ""3"": 0.005786973315024992, ""4"": 0.008940868935190957, ""5"": 0.016076247220824964}"
control_random,200,p0.20,nan,1.0,0,0.2,39.800000000000004,39.795,28,55,7959,1974,1.5902336701522826,140,0.4908639845405797,0.009817279690811595,3.090463399555208,16.48837728132326,1.8700774767595998,4.27509873317683,13,"{""0"": 0.005789335691306799, ""1"": 0.015326896725429176, ""2"": 0.008772077508417292, ""3"": 0.00539157074718048, ""4"": 0.008958489960980403, ""5"": 0.014665307511555422}"
control_random,200,p0.20,nan,1.0,0,0.2,39.800000000000004,39.795,28,55,7959,1974,1.5902336701522826,150,0.4869172017666998,0.009738344035333997,1.7348245911702291,16.61467251830913,1.873656223664218,4.246544215292574,13,"{""0"": 0.005696938526456832, ""1"": 0.014927731215368289, ""2"": 0.0086874028278425, ""3"": 0.0052594966635660665, ""4"": 0.008060745148553965, ""5"": 0.01579774983021632}"
control_random,200,p0.20,nan,1.0,0,0.2,39.800000000000004,39.795,28,55,7959,1974,1.5902336701522826,160,0.4801031465387703,0.009602062930775408,2.671580968816707,16.68812890865272,1.8787518048339027,4.21080784141515,13,"{""0"": 0.0062462394083310415, ""1"": 0.015645247145756932, ""2"": 0.008677271443352372, ""3"": 0.00515043144094341, ""4"": 0.0072185839760639135, ""5"": 0.014674604170204766}"
control_random,200,p0.20,nan,1.0,0,0.2,39.800000000000004,39.795,28,55,7959,1974,1.5902336701522826,170,0.46257722741561197,0.009251544548312242,5.727488157087602,16.73854367967813,1.906338175927162,4.153902421679875,13,"{""0"": 0.006449579902826625, ""1"": 0.016823733083065694, ""2"": 0.008378841085352983, ""3"": 0.005176593175006819, ""4"": 0.0072169390598691265, ""5"": 0.011463580983752194}"
control_random,200,p0.20,nan,1.0,0,0.2,39.800000000000004,39.795,28,55,7959,1974,1.5902336701522826,180,0.4533745921792107,0.009067491843584215,6.591284924322955,16.84604205525638,1.922210442508971,4.116134215399243,12,"{""0"": 0.006120098606668388, ""1"": 0.016873928649638516, ""2"": 0.00827925728784619, ""3"": 0.005094287937533203, ""4"": 0.0064135173290028324, ""5"": 0.011623861250816167}"
control_random,200,p0.20,nan,1.0,0,0.2,39.800000000000004,39.795,28,55,7959,1974,1.5902336701522826,190,0.4505514909333188,0.009011029818666376,14.431392527535326,16.893020446258323,1.8866603982265275,4.123562700544678,12,"{""0"": 0.005792318191443468, ""1"": 0.01583488074479788, ""2"": 0.008186662874110472, ""3"": 0.00512562540837858, ""4"": 0.00638227441729855, ""5"": 0.01274441727596931}"
control_random,200,p0.20,nan,1.0,0,0.2,39.800000000000004,39.795,28,55,7959,1974,1.5902336701522826,200,0.44054504162888586,0.008810900832577719,2.2300921165668255,16.93921224743971,1.8887095712212423,4.090408723786172,12,"{""0"": 0.006138377910157058, ""1"": 0.01598843992344486, ""2"": 0.008538204929643464, ""3"": 0.004927604758642295, ""4"": 0.00546775701183493, ""5"": 0.01180502046174371}"
control_random,200,p0.40,nan,1.0,0,0.4,79.60000000000001,78.5,62,99,15700,1974,1.5151767461185657,0,1.0450936388463186,0.020901872776926376,nan,0.0,1.5151767461185657,6.912337638893103,14,"{""0"": 0.021179222478623434, ""1"": 0.02360072100230136, ""2"": 0.02207776956274894, ""3"": 0.01921949830960586, ""4"": 0.021678779972830475, ""5"": 0.017655245335448173}"
control_random,200,p0.40,nan,1.0,0,0.4,79.60000000000001,78.5,62,99,15700,1974,1.5151767461185657,10,1.098010299792735,0.0219602059958547,7.794150527674541,15.073037282358172,2.0488688499579886,4.811702044732289,16,"{""0"": 0.014586523244450113, ""1"": 0.02234936647475318, ""2"": 0.02719822237543581, ""3"": 0.03207866980177666, ""4"": 0.020312884322536553, ""5"": 0.015235569756175887}"
control_random,200,p0.40,nan,1.0,0,0.4,79.60000000000001,78.5,62,99,15700,1974,1.5151767461185657,20,0.9528726428114699,0.0190574528562294,7.230098803324574,16.669367427607455,2.149636087742612,3.4855572644144557,14,"{""0"": 0.03619183474546373, ""1"": 0.007723667465837453, ""2"": 0.027756567048208745, ""3"": 0.013796613996348938, ""4"": 0.00745444456929448, ""5"": 0.021421589312223037}"
control_random,200,p0.40,nan,1.0,0,0.4,79.60000000000001,78.5,62,99,15700,1974,1.5151767461185657,30,1.0177363515434101,0.020354727030868203,17.167068018936355,16.81071948543971,2.0911583929497146,5.372476306083375,16,"{""0"": 0.027236539522704585, ""1"": 0.010692275043279211, ""2"": 0.026446685909791608, ""3"": 0.02043319094121237, ""4"": 0.015643506625901457, ""5"": 0.021676164142319994}"
control_random,200,p0.40,nan,1.0,0,0.4,79.60000000000001,78.5,62,99,15700,1974,1.5151767461185657,40,0.8841839973610505,0.01768367994722101,18.074880433495597,17.12908866886756,2.0654201619906556,5.490622782987657,16,"{""0"": 0.023759041277709482, ""1"": 0.01691163016889055, ""2"": 0.022460755617458642, ""3"": 0.016161722084543438, ""4"": 0.011644341607922784, ""5"": 0.015164588926801162}"
control_random,200,p0.40,nan,1.0,0,0.4,79.60000000000001,78.5,62,99,15700,1974,1.5151767461185657,50,0.9552587063078211,0.01910517412615642,29.296056562240874,16.7414492378171,2.0174341969195777,5.751673582512251,15,"{""0"": 0.0260025224425947, ""1"": 0.019154059225085927, ""2"": 0.022270025112540403, ""3"": 0.0190372460657496, ""4"": 0.009760970264021018, ""5"": 0.018406221646946875}"
control_random,200,p0.40,nan,1.0,0,0.4,79.60000000000001,78.5,62,99,15700,1974,1.5151767461185657,60,0.9051778196140029,0.018103556392280062,27.740751928993078,16.753319833548765,1.9758569355697662,5.461993252534779,15,"{""0"": 0.02735117204758437, ""1"": 0.013865765513948618, ""2"": 0.02074243311500624, ""3"": 0.018636743885227534, ""4"": 0.007863595498702792, ""5"": 0.02016162829321081}"
control_random,200,p0.40,nan,1.0,0,0.4,79.60000000000001,78.5,62,99,15700,1974,1.5151767461185657,70,0.7611135354275425,0.015222270708550851,23.79945206035593,16.766825070538324,1.9747287718388171,5.929585543087677,16,"{""0"": 0.01909015188872705, ""1"": 0.011674367936900127, ""2"": 0.016634086070158947, ""3"": 0.016617068715339727, ""4"": 0.008036428584319417, ""5"": 0.019281521055859827}"
control_random,200,p0.40,nan,1.0,0,0.4,79.60000000000001,78.5,62,99,15700,1974,1.5151767461185657,80,0.7283932464457851,0.014567864928915703,8.970651467424906,16.794528472087478,1.98125998087771,5.912552238279865,16,"{""0"": 0.02049146296670413, ""1"": 0.011732462865725301, ""2"": 0.014727331800818453, ""3"": 0.016052688443720868, ""4"": 0.006967532300414836, ""5"": 0.01743571119611063}"
control_random,200,p0.40,nan,1.0,0,0.4,79.60000000000001,78.5,62,99,15700,1974,1.5151767461185657,90,0.6953137708943934,0.01390627541788787,14.462545217219201,16.902535151399995,1.9766580357039256,6.373681003157755,17,"{""0"": 0.018757288055513598, ""1"": 0.012100700957972995, ""2"": 0.013217268646889224, ""3"": 0.015162216145247792, ""4"": 0.006192840308618011, ""5"": 0.01800733839308561}"
control_random,200,p0.40,nan,1.0,0,0.4,79.60000000000001,78.5,62,99,15700,1974,1.5151767461185657,100,0.626106029552704,0.01252212059105408,4.921953214992582,16.99611374720408,1.9693496112319004,6.367961795125324,17,"{""0"": 0.013788572501173938, ""1"": 0.011523074400605925, ""2"": 0.013043519714454227, ""3"": 0.014109829556759556, ""4"": 0.006502121591902087, ""5"": 0.016165605781428748}"
control_random,200,p0.40,nan,1.0,0,0.4,79.60000000000001,78.5,62,99,15700,1974,1.5151767461185657,110,0.6269021444650652,0.012538042889301305,10.24711688039496,17.045844377869653,1.979202294089691,6.413959996654285,17,"{""0"": 0.015289974131714772, ""1"": 0.012021056787252089, ""2"": 0.01329870497469921, ""3"": 0.014027748651983432, ""4"": 0.0054520490890702464, ""5"": 0.015138723701088087}"
control_random,200,p0.40,nan,1.0,0,0.4,79.60000000000001,78.5,62,99,15700,1974,1.5151767461185657,120,0.6199127155475499,0.012398254310951,23.693366003777147,17.04969609043976,1.9773298970123747,6.318037618625528,17,"{""0"": 0.013254467584718488, ""1"": 0.012832935134935048, ""2"": 0.014696271485793385, ""3"": 0.014085348360861538, ""4"": 0.005391852478764112, ""5"": 0.014128650820633443}"
control_random,200,p0.40,nan,1.0,0,0.4,79.60000000000001,78.5,62,99,15700,1974,1.5151767461185657,130,0.5720399768807716,0.011440799537615435,4.679162195261047,17.13220682318798,1.9811135839091303,5.987155361976738,16,"{""0"": 0.011605458155000357, ""1"": 0.012515380933089935, ""2"": 0.013322298003482908, ""3"": 0.010408483340788179, ""4"": 0.005585217070594349, ""5"": 0.015207959722736869}"
control_random,200,p0.40,nan,1.0,0,0.4,79.60000000000001,78.5,62,99,15700,1974,1.5151767461185657,140,0.5610970339556298,0.0112219406791126,10.110103625633602,17.149309132723214,1.985147441163583,5.800277287208946,16,"{""0"": 0.01125890699804286, ""1"": 0.014624372216997939, ""2"": 0.015094038408122862, ""3"": 0.008931068420466003, ""4"": 0.005979472642427839, ""5"": 0.011443785388618097}"
control_random,200,p0.40,nan,1.0,0,0.4,79.60000000000001,78.5,62,99,15700,1974,1.5151767461185657,150,0.5768492548240117,0.011536985096480237,7.666540575970006,17.271779348297464,1.9900067608326062,5.687330111983784,16,"{""0"": 0.01157782202184385, ""1"": 0.0152060516462609, ""2"": 0.01593148523450429, ""3"": 0.008573226890452878, ""4"": 0.005433601560373682, ""5"": 0.012499723225445814}"
control_random,200,p0.40,nan,1.0,0,0.4,79.60000000000001,78.5,62,99,15700,1974,1.5151767461185657,160,0.5761771398470082,0.011523542796940166,15.724769668992904,17.284868463363754,1.9920342042809014,5.628252467610274,16,"{""0"": 0.011343541529418591, ""1"": 0.015119696676979594, ""2"": 0.017004643879311443, ""3"": 0.008707201604319518, ""4"": 0.005608254244779569, ""5"": 0.01135791884683229}"
control_random,200,p0.40,nan,1.0,0,0.4,79.60000000000001,78.5,62,99,15700,1974,1.5151767461185657,170,0.5895942658898163,0.01179188531779633,24.938257862332087,17.331168350941645,1.9881917103000606,5.571833079491536,16,"{""0"": 0.011188305908430118, ""1"": 0.01607461066014164, ""2"": 0.017695001408686198, ""3"": 0.008749932596238037, ""4"": 0.006055700978721591, ""5"": 0.010987760354560389}"
control_random,200,p0.40,nan,1.0,0,0.4,79.60000000000001,78.5,62,99,15700,1974,1.5151767461185657,180,0.6277872452507687,0.012555744905015376,8.59746074325043,17.36981220147908,1.9900792921709638,5.571439450165873,16,"{""0"": 0.01117297064976073, ""1"": 0.016131813806070667, ""2"": 0.020809350701115666, ""3"": 0.011569327018505512, ""4"": 0.00519411557514754, ""5"": 0.010456891679492136}"
control_random,200,p0.40,nan,1.0,0,0.4,79.60000000000001,78.5,62,99,15700,1974,1.5151767461185657,190,0.6063972892243745,0.012127945784487492,25.243234599282093,17.412695209309646,1.9868181420029998,5.389602443988006,16,"{""0"": 0.010660662966902528, ""1"": 0.01609235091803756, ""2"": 0.020041916643349922, ""3"": 0.009392629667184422, ""4"": 0.005827200207716947, ""5"": 0.01075291430373358}"
control_random,200,p0.40,nan,1.0,0,0.4,79.60000000000001,78.5,62,99,15700,1974,1.5151767461185657,200,0.6086484709315485,0.012172969418630972,5.910659502660031,17.45423180770729,1.9832015786337363,5.247718943219876,16,"{""0"": 0.010745755163770507, ""1"": 0.016260397229770716, ""2"": 0.020838963572143453, ""3"": 0.008634340748869955, ""4"": 0.005679559154853222, ""5"": 0.010878800642377989}"
control_random,200,p0.05,nan,1.0,1,0.05,9.950000000000001,10.085,3,18,2017,2017,1.5728289312089911,0,1.0056922488731515,0.020113844977463033,nan,0.0,1.5728289312089911,9.017494177381023,15,"{""0"": 0.019589279637901674, ""1"": 0.021530409628966792, ""2"": 0.02097978551770173, ""3"": 0.02057059765250226, ""4"": 0.018966450511192598, ""5"": 0.019046546916513137}"
control_random,200,p0.05,nan,1.0,1,0.05,9.950000000000001,10.085,3,18,2017,2017,1.5728289312089911,10,1.2173863369083187,0.024347726738166375,4.413293058939342,15.029192974912647,1.960534939760324,2.2603616937568396,10,"{""0"": 0.025444449860591644, ""1"": 0.0541453574082853, ""2"": 0.029171199653009572, ""3"": 0.024606222297550807, ""4"": 0.0032247174467637425, ""5"": 0.009494413762797183}"
control_random,200,p0.05,nan,1.0,1,0.05,9.950000000000001,10.085,3,18,2017,2017,1.5728289312089911,20,0.7764697291270589,0.015529394582541179,23.841541225727266,15.260510335135539,1.91085701066471,2.3011423412289798,11,"{""0"": 0.02046670791467692, ""1"": 0.0041789115096565, ""2"": 0.03735614266275635, ""3"": 0.01764116335238093, ""4"": 0.002211103604039214, ""5"": 0.011322338451737158}"
control_random,200,p0.05,nan,1.0,1,0.05,9.950000000000001,10.085,3,18,2017,2017,1.5728289312089911,30,0.6215222456655091,0.012430444913310183,13.746651657611224,15.630319038869063,1.9302833623537112,2.6075265536957435,11,"{""0"": 0.01270755124560034, ""1"": 0.004189596087831269, ""2"": 0.029540088693413874, ""3"": 0.011364571311723557, ""4"": 0.002424470091320247, ""5"": 0.014356392049971814}"
control_random,200,p0.05,nan,1.0,1,0.05,9.950000000000001,10.085,3,18,2017,2017,1.5728289312089911,40,0.406972983638724,0.00813945967277448,4.470525113086777,16.171516571301705,2.0065619873464193,3.381473340232181,11,"{""0"": 0.002533875404433097, ""1"": 0.005317653742284135, ""2"": 0.012903568727698395, ""3"": 0.0038234853541252037, ""4"": 0.006430686373048285, ""5"": 0.01782748843505777}"
control_random,200,p0.05,nan,1.0,1,0.05,9.950000000000001,10.085,3,18,2017,2017,1.5728289312089911,50,0.36453359204497365,0.007290671840899474,7.365432248663214,16.38290942970029,1.988243871997927,3.6263770432498945,11,"{""0"": 0.002696499441918887, ""1"": 0.005517851150699934, ""2"": 0.010513608332775063, ""3"": 0.004161281057616177, ""4"": 0.00515696843367063, ""5"": 0.015697822628716145}"
control_random,200,p0.05,nan,1.0,1,0.05,9.950000000000001,10.085,3,18,2017,2017,1.5728289312089911,60,0.3536939466990168,0.007073878933980337,2.821444893009256,16.62455287654254,2.015153848954239,3.5187330636871383,10,"{""0"": 0.002510719946110754, ""1"": 0.005365796696154253, ""2"": 0.014631431583631633, ""3"": 0.004891636808097579, ""4"": 0.0033536333632621872, ""5"": 0.011690055206625617}"
control_random,200,p0.05,nan,1.0,1,0.05,9.950000000000001,10.085,3,18,2017,2017,1.5728289312089911,70,0.36329432743445156,0.007265886548689033,15.953502516933055,16.817997280264958,2.041721358478937,3.4605884548613033,10,"{""0"": 0.0027654976578772106, ""1"": 0.004935884037848071, ""2"": 0.01617986084562736, ""3"": 0.006158529342521793, ""4"": 0.0030419211574909933, ""5"": 0.010513626250768762}"
control_random,200,p0.05,nan,1.0,1,0.05,9.950000000000001,10.085,3,18,2017,2017,1.5728289312089911,80,0.36494376844754683,0.007298875368950938,22.860271877213407,17.1999652783011,2.014356373785967,3.50156798258716,10,"{""0"": 0.003266377230250752, ""1"": 0.004348218913466127, ""2"": 0.01475553026934021, ""3"": 0.007097378530045793, ""4"": 0.0031111046855286503, ""5"": 0.011214642585074102}"
control_random,200,p0.05,nan,1.0,1,0.05,9.950000000000001,10.085,3,18,2017,2017,1.5728289312089911,90,0.3317869454058829,0.006635738908117659,2.4166973520554573,17.32674176170839,2.0112553493877927,3.544298109315508,10,"{""0"": 0.0032431267186629766, ""1"": 0.005029486226631251, ""2"": 0.0105927636614058, ""3"": 0.0069082110547705935, ""4"": 0.0032071919784891524, ""5"": 0.010833653808746187}"
control_random,200,p0.05,nan,1.0,1,0.05,9.950000000000001,10.085,3,18,2017,2017,1.5728289312089911,100,0.34485419029672776,0.006897083805934556,12.358041023464056,17.444154807678338,2.0457139736990055,3.4993029195047263,10,"{""0"": 0.002877822012650087, ""1"": 0.004699600201851744, ""2"": 0.012162043397883834, ""3"": 0.007969450559549989, ""4"": 0.002748818077341936, ""5"": 0.010924768586329745}"
control_random,200,p0.05,nan,1.0,1,0.05,9.950000000000001,10.085,3,18,2017,2017,1.5728289312089911,110,0.33798919684945533,0.006759783936989107,3.5481932743959352,17.55988448214949,2.05266818255995,3.46112231700423,10,"{""0"": 0.0029467494087953125, ""1"": 0.0042596824956441974, ""2"": 0.011871833489995449, ""3"": 0.0076956914188957394, ""4"": 0.0026897470903528933, ""5"": 0.01109499971825105}"
control_random,200,p0.05,nan,1.0,1,0.05,9.950000000000001,10.085,3,18,2017,2017,1.5728289312089911,120,0.3312728639276372,0.0066254572785527455,9.514505827653553,17.605967824223928,2.062932176823836,3.4915138371105097,10,"{""0"": 0.003010701997099455, ""1"": 0.004467401518714846, ""2"": 0.011062377617167638, ""3"": 0.006921983730083377, ""4"": 0.0030470285076928333, ""5"": 0.011243250300558321}"
control_random,200,p0.05,nan,1.0,1,0.05,9.950000000000001,10.085,3,18,2017,2017,1.5728289312089911,130,0.32064329758893045,0.006412865951778609,5.1948685406594945,17.766869937718745,2.0643471674392693,3.415342156086928,10,"{""0"": 0.0029734166642798043, ""1"": 0.004273788622954844, ""2"": 0.009558053339732486, ""3"": 0.006884865714345862, ""4"": 0.003263810588801478, ""5"": 0.011523260780557178}"
control_random,200,p0.05,nan,1.0,1,0.05,9.950000000000001,10.085,3,18,2017,2017,1.5728289312089911,140,0.3198243265282542,0.006396486530565086,1.6031534784049,17.854629602239783,2.068732812260011,3.43796601237222,10,"{""0"": 0.002887176080600581, ""1"": 0.004598169033665403, ""2"": 0.009016786414190747, ""3"": 0.007512809342151344, ""4"": 0.003338871296840423, ""5"": 0.011025107015942014}"
control_random,200,p0.05,nan,1.0,1,0.05,9.950000000000001,10.085,3,18,2017,2017,1.5728289312089911,150,0.31417565634902184,0.006283513126980438,2.1496494659463234,17.894979310523336,2.06775230432119,3.44839264990888,10,"{""0"": 0.003059434902868121, ""1"": 0.004671562473438101, ""2"": 0.0085995139497245, ""3"": 0.007230841659781826, ""4"": 0.003249635757718758, ""5"": 0.010890090018351317}"
control_random,200,p0.05,nan,1.0,1,0.05,9.950000000000001,10.085,3,18,2017,2017,1.5728289312089911,160,0.30267963016089616,0.0060535926032179235,1.8088487981965335,17.982291162086764,2.069704912108143,3.4383365908480625,9,"{""0"": 0.003135023204134104, ""1"": 0.004498820865205563, ""2"": 0.007883529984590295, ""3"": 0.007008679138810614, ""4"": 0.0029046518450848886, ""5"": 0.010890850581482073}"
control_random,200,p0.05,nan,1.0,1,0.05,9.950000000000001,10.085,3,18,2017,2017,1.5728289312089911,170,0.29756914747681273,0.005951382949536255,29.95935567406368,18.035811321999024,2.071954239991742,3.428228552416221,9,"{""0"": 0.003154684833650353, ""1"": 0.004192410584274761, ""2"": 0.007612049495100579, ""3"": 0.006716419250850925, ""4"": 0.002684447044841145, ""5"": 0.011348286488499764}"
control_random,200,p0.05,nan,1.0,1,0.05,9.950000000000001,10.085,3,18,2017,2017,1.5728289312089911,180,0.2934482677199638,0.005868965354399277,5.579374722990844,18.119125289968547,2.0714986012391443,3.4229886944976182,9,"{""0"": 0.003128386840834938, ""1"": 0.004279443819247107, ""2"": 0.007259852005727828, ""3"": 0.006643855424922698, ""4"": 0.0027095572557407108, ""5"": 0.011192696779922379}"
control_random,200,p0.05,nan,1.0,1,0.05,9.950000000000001,10.085,3,18,2017,2017,1.5728289312089911,190,0.29051504008320395,0.00581030080166408,1.3515863184519925,18.20759315544565,2.077678219116149,3.4148362357995623,9,"{""0"": 0.003165814686914862, ""1"": 0.004590188085626242, ""2"": 0.0067635941171353565, ""3"": 0.007292419979843269, ""4"": 0.002566912522347622, ""5"": 0.01048287541811713}"
control_random,200,p0.05,nan,1.0,1,0.05,9.950000000000001,10.085,3,18,2017,2017,1.5728289312089911,200,0.2922935401598116,0.005845870803196234,2.7775769693728587,18.25330973623692,2.087053036611324,3.4031941154277714,9,"{""0"": 0.0032547927408555, ""1"": 0.004693017239124575, ""2"": 0.006821464004744209, ""3"": 0.0074239169975086035, ""4"": 0.002451239481712717, ""5"": 0.010430794355231796}"
control_random,200,p0.10,nan,1.0,1,0.1,19.900000000000002,19.93,9,32,3986,2017,1.603557616202743,0,1.0524690486935206,0.021049380973870414,nan,0.0,1.603557616202743,7.291282270547948,13,"{""0"": 0.024188435967635796, ""1"": 0.023118991178607537, ""2"": 0.01917383689437413, ""3"": 0.02004825302635919, ""4"": 0.016982797970570084, ""5"": 0.022783970805675773}"
control_random,200,p0.10,nan,1.0,1,0.1,19.900000000000002,19.93,9,32,3986,2017,1.603557616202743,10,1.2815697829400732,0.02563139565880147,2.839743266667785,14.305067028323204,1.984109092026023,2.998950171461834,11,"{""0"": 0.03706447131491893, ""1"": 0.053910427135898886, ""2"": 0.004523414851350785, ""3"": 0.035004605025427196, ""4"": 0.003047519235048822, ""5"": 0.020237936390164184}"
control_random,200,p0.10,nan,1.0,1,0.1,19.900000000000002,19.93,9,32,3986,2017,1.603557616202743,20,0.9064388412558358,0.01812877682511672,45.56365217214482,15.80393381258396,1.9643285222660136,3.8506319175973096,13,"{""0"": 0.037962600910696906, ""1"": 0.009307707383599128, ""2"": 0.01724330300453899, ""3"": 0.033977694957633794, ""4"": 0.0028641212259516878, ""5"": 0.007417233468279809}"
control_random,200,p0.10,nan,1.0,1,0.1,19.900000000000002,19.93,9,32,3986,2017,1.603557616202743,30,0.7053366553979074,0.01410673310795815,14.671419355866426,16.562768210087288,2.083235878428503,4.125603962402706,15,"{""0"": 0.025073783918719665, ""1"": 0.003581762233583463, ""2"": 0.014447840088655451, ""3"": 0.027906459459393174, ""4"": 0.0029965881026505926, ""5"": 0.010633964844746541}"
control_random,200,p0.10,nan,1.0,1,0.1,19.900000000000002,19.93,9,32,3986,2017,1.603557616202743,40,0.5556288414797415,0.011112576829594831,4.185893443625563,16.674941051736653,2.048904661889909,5.320688070437065,16,"{""0"": 0.012421517407835888, ""1"": 0.007523389080057787, ""2"": 0.010551347442965462, ""3"": 0.024235703384519944, ""4"": 0.004214967622960477, ""5"": 0.007728536039229424}"
control_random,200,p0.10,nan,1.0,1,0.1,19.900000000000002,19.93,9,32,3986,2017,1.603557616202743,50,0.45000988556888066,0.009000197711377615,10.137261359737634,16.88046993807852,2.078998933631822,5.212848920529637,16,"{""0"": 0.010889165299215109, ""1"": 0.012103321115463094, ""2"": 0.008548291525777919, ""3"": 0.011160548345728386, ""4"": 0.0049930243946123545, ""5"": 0.006306835587468818}"
control_random,200,p0.10,nan,1.0,1,0.1,19.900000000000002,19.93,9,32,3986,2017,1.603557616202743,60,0.4071266543554926,0.008142533087109853,34.272633252539585,17.029476153510544,2.1175667765387707,5.36397450283419,16,"{""0"": 0.009489944199241582, ""1"": 0.008195781330702865, ""2"": 0.008266739093098985, ""3"": 0.009106626116431347, ""4"": 0.005604006024392514, ""5"": 0.008192101758791832}"
control_random,200,p0.10,nan,1.0,1,0.1,19.900000000000002,19.93,9,32,3986,2017,1.603557616202743,70,0.37484049617880866,0.007496809923576175,3.9883483653567313,17.172721446441358,2.1048669790099934,4.910149052957111,15,"{""0"": 0.007949829640266732, ""1"": 0.007169860029448869, ""2"": 0.007908666485813209, ""3"": 0.007700461496689839, ""4"": 0.005646736768063515, ""5"": 0.008605305121174881}"
control_random,200,p0.10,nan,1.0,1,0.1,19.900000000000002,19.93,9,32,3986,2017,1.603557616202743,80,0.370270510111345,0.0074054102022269004,7.565698734463693,17.27185344163593,2.1016527556683733,4.815441253544891,15,"{""0"": 0.007927835425550575, ""1"": 0.006680861298488991, ""2"": 0.0077974387344878935, ""3"": 0.007239232578243793, ""4"": 0.005285143463048791, ""5"": 0.009501949713541364}"
control_random,200,p0.10,nan,1.0,1,0.1,19.900000000000002,19.93,9,32,3986,2017,1.603557616202743,90,0.3660177652650944,0.007320355305301889,3.0894886972140885,17.3295551812778,2.0832774318174296,4.6584003964677745,14,"{""0"": 0.0086306513418558, ""1"": 0.009106669485858736, ""2"": 0.007318427877091886, ""3"": 0.006063767457266624, ""4"": 0.005168593685965933, ""5"": 0.007634021983772349}"
control_random,200,p0.10,nan,1.0,1,0.1,19.900000000000002,19.93,9,32,3986,2017,1.603557616202743,100,0.3591292464997671,0.0071825849299953426,4.778548470292516,17.488067283148183,2.084280342517631,4.585806687525646,14,"{""0"": 0.0076096464334835245, ""1"": 0.009303779839465155, ""2"": 0.008469736024510083, ""3"": 0.005918496519279416, ""4"": 0.003944665808309894, ""5"": 0.007849184954923986}"
control_random,200,p0.10,nan,1.0,1,0.1,19.900000000000002,19.93,9,32,3986,2017,1.603557616202743,110,0.3528365554005531,0.007056731108011063,4.289085199031586,17.630884543286186,2.094645889277888,4.488353246447649,14,"{""0"": 0.008162520100022903, ""1"": 0.007728799611466043, ""2"": 0.007374525360829697, ""3"": 0.0053046871811105595, ""4"": 0.004485577773329912, ""5"": 0.009284276621307255}"
control_random,200,p0.10,nan,1.0,1,0.1,19.900000000000002,19.93,9,32,3986,2017,1.603557616202743,120,0.33001885202555653,0.006600377040511131,11.865303547927283,17.64849005918662,2.1016083587682335,4.4978385469600015,14,"{""0"": 0.007565708608385112, ""1"": 0.006768942207867998, ""2"": 0.007157747376831976, ""3"": 0.005226091199418196, ""4"": 0.004202132360174243, ""5"": 0.008681640490389261}"
control_random,200,p0.10,nan,1.0,1,0.1,19.900000000000002,19.93,9,32,3986,2017,1.603557616202743,130,0.3279589372376848,0.006559178744753697,6.834157728002364,17.75068368575297,2.1060907655125285,4.527031615246091,14,"{""0"": 0.00660277160805906, ""1"": 0.005454679412637037, ""2"": 0.007388877485029385, ""3"": 0.005365239398986272, ""4"": 0.004665341531758265, ""5"": 0.009878163032052162}"
control_random,200,p0.10,nan,1.0,1,0.1,19.900000000000002,19.93,9,32,3986,2017,1.603557616202743,140,0.32178367512106776,0.006435673502421356,2.843789752463991,17.87702715238906,2.1140614940290674,4.414696134474467,13,"{""0"": 0.006563896462334779, ""1"": 0.005694566649798629, ""2"": 0.006866511552596308, ""3"": 0.005049512688528918, ""4"": 0.004829747285712486, ""5"": 0.009609806375557015}"
control_random,200,p0.10,nan,1.0,1,0.1,19.900000000000002,19.93,9,32,3986,2017,1.603557616202743,150,0.3183143308936563,0.0063662866178731264,4.020684393603697,17.9917485917402,2.1110172321196536,4.333081841998316,13,"{""0"": 0.006934604312497534, ""1"": 0.005967662927585436, ""2"": 0.0066147839222120645, ""3"": 0.004903342044781128, ""4"": 0.00438459219136131, ""5"": 0.00939273430880129}"
control_random,200,p0.10,nan,1.0,1,0.1,19.900000000000002,19.93,9,32,3986,2017,1.603557616202743,160,0.316258256522336,0.006325165130446722,2.664737506787853,18.078630870908107,2.1160004176871503,4.263668023931728,13,"{""0"": 0.007152390474150281, ""1"": 0.00600980069500824, ""2"": 0.006503309577863747, ""3"": 0.004566904566314426, ""4"": 0.004301667090728543, ""5"": 0.009416918378615096}"
control_random,200,p0.10,nan,1.0,1,0.1,19.900000000000002,19.93,9,32,3986,2017,1.603557616202743,170,0.3122178290223412,0.006244356580446825,4.889992752892914,18.144253371629922,2.1027952023361873,4.171597294405521,13,"{""0"": 0.007369939792257678, ""1"": 0.005866622800115044, ""2"": 0.005981694979301556, ""3"": 0.004283185177781194, ""4"": 0.004195649968238218, ""5"": 0.009769046764987256}"
control_random,200,p0.10,nan,1.0,1,0.1,19.900000000000002,19.93,9,32,3986,2017,1.603557616202743,180,0.3111891256574917,0.006223782513149835,7.475750077688753,18.234957966743426,2.1132109820963523,4.136685034401308,13,"{""0"": 0.007029021341389873, ""1"": 0.005654371416015167, ""2"": 0.005801557557928847, ""3"": 0.004120263513823407, ""4"": 0.004405551134620345, ""5"": 0.010331930115121369}"
control_random,200,p0.10,nan,1.0,1,0.1,19.900000000000002,19.93,9,32,3986,2017,1.603557616202743,190,0.3107112547608865,0.006214225095217731,2.15053641197886,18.294468118571476,2.1096587224822163,4.0974898394491435,12,"{""0"": 0.007526665778999267, ""1"": 0.005687912329041015, ""2"": 0.005387583933238271, ""3"": 0.0037712629737561877, ""4"": 0.0047101695679349406, ""5"": 0.010201755988336706}"
control_random,200,p0.10,nan,1.0,1,0.1,19.900000000000002,19.93,9,32,3986,2017,1.603557616202743,200,0.3050071480816477,0.006100142961632955,10.725025871118065,18.376616032712924,2.1178144543540136,4.091277019062785,12,"{""0"": 0.007091742622997515, ""1"": 0.0054108319223753, ""2"": 0.005466818485449007, ""3"": 0.0036087543541346648, ""4"": 0.004576724265391088, ""5"": 0.010445986119450152}"
control_random,200,p0.20,nan,1.0,1,0.2,39.800000000000004,39.615,25,56,7923,2017,1.5317698468983543,0,0.9831727627453121,0.019663455254906245,nan,0.0,1.5317698468983543,4.863353534487965,13,"{""0"": 0.02258790882530328, ""1"": 0.020672563193969425, ""2"": 0.017728101923834606, ""3"": 0.020015908262824917, ""4"": 0.01852352644258307, ""5"": 0.018452722880922184}"
control_random,200,p0.20,nan,1.0,1,0.2,39.800000000000004,39.615,25,56,7923,2017,1.5317698468983543,10,0.7373421275044364,0.014746842550088731,2.823281691709757,14.91363227012062,2.187026250016487,3.8661273943125716,11,"{""0"": 0.019671509183878527, ""1"": 0.026660356905860393, ""2"": 0.013930338544588593, ""3"": 0.0174025563513145, ""4"": 0.006596175799218548, ""5"": 0.004220118515671825}"
control_random,200,p0.20,nan,1.0,1,0.2,39.800000000000004,39.615,25,56,7923,2017,1.5317698468983543,20,0.5352518900363215,0.010705037800726432,8.239584465174731,15.949777785374204,2.1139865193823653,2.543489824994002,8,"{""0"": 0.008837775657319557, ""1"": 0.014060951218702081, ""2"": 0.012930670050231463, ""3"": 0.017066774184971868, ""4"": 0.0027831428530044598, ""5"": 0.008550912840129163}"
control_random,200,p0.20,nan,1.0,1,0.2,39.800000000000004,39.615,25,56,7923,2017,1.5317698468983543,30,0.4536730758521158,0.009073461517042317,38.82050436475541,16.106595894560808,2.0640080128783755,2.5450955424024673,8,"{""0"": 0.012147731922071595, ""1"": 0.006974510854785837, ""2"": 0.011384241004521952, ""3"": 0.013443571590886116, ""4"": 0.0030101950255118633, ""5"": 0.007480518704476531}"
control_random,200,p0.20,nan,1.0,1,0.2,39.800000000000004,39.615,25,56,7923,2017,1.5317698468983543,40,0.4140672196496281,0.008281344392992563,13.383327543127194,16.304952213593374,2.0866629240465935,2.790586751610354,9,"{""0"": 0.008983285653904325, ""1"": 0.007881738360098546, ""2"": 0.010389661174110663, ""3"": 0.011442563036882852, ""4"": 0.0035176620915412645, ""5"": 0.007473156041417728}"
control_random,200,p0.20,nan,1.0,1,0.2,39.800000000000004,39.615,25,56,7923,2017,1.5317698468983543,50,0.37261889953490573,0.007452377990698115,4.238441833928344,16.59078929095864,2.1183330410865917,2.956691693102436,9,"{""0"": 0.007517504999741855, ""1"": 0.006802164199562149, ""2"": 0.008950062436214002, ""3"": 0.011051394512794663, ""4"": 0.0029358887854476308, ""5"": 0.007457253010428389}"
control_random,200,p0.20,nan,1.0,1,0.2,39.800000000000004,39.615,25,56,7923,2017,1.5317698468983543,60,0.33595030875471776,0.006719006175094356,9.133457969149859,16.718438774920095,2.1114456975561735,3.001949105981274,9,"{""0"": 0.007626409034137073, ""1"": 0.006529135227862091, ""2"": 0.007966117069481351, ""3"": 0.008294788672025145, ""4"": 0.0028111404821840034, ""5"": 0.0070864465648764734}"
control_random,200,p0.20,nan,1.0,1,0.2,39.800000000000004,39.615,25,56,7923,2017,1.5317698468983543,70,0.31242068195763467,0.006248413639152695,11.561234331015182,16.88638888243599,2.131572330863398,3.27115409341615,10,"{""0"": 0.006775400014981968, ""1"": 0.006433715028546986, ""2"": 0.007865272447969678, ""3"": 0.008038417283683374, ""4"": 0.00270493897688801, ""5"": 0.00567273808284615}"
control_random,200,p0.20,nan,1.0,1,0.2,39.800000000000004,39.615,25,56,7923,2017,1.5317698468983543,80,0.2956690667686795,0.0059133813353735905,6.9630693993885995,17.062452240617986,2.1318541469404924,3.271484918428646,10,"{""0"": 0.006336241175755418, ""1"": 0.006699811528602069, ""2"": 0.007430923691876569, ""3"": 0.006540580194331974, ""4"": 0.0026532454263835936, ""5"": 0.005819485995291923}"
control_random,200,p0.20,nan,1.0,1,0.2,39.800000000000004,39.615,25,56,7923,2017,1.5317698468983543,90,0.31978217240442014,0.0063956434480884035,36.28110890955789,17.16763682989964,2.1463819585813106,3.36562495506199,11,"{""0"": 0.00625644181901616, ""1"": 0.009370453854600367, ""2"": 0.007070559927752825, ""3"": 0.0076081052331876025, ""4"": 0.002674445321390486, ""5"": 0.005393854532582976}"
control_random,200,p0.20,nan,1.0,1,0.2,39.800000000000004,39.615,25,56,7923,2017,1.5317698468983543,100,0.3317284193679826,0.006634568387359652,6.4204852711524785,17.22202402268406,2.162776904651108,3.3300274866888167,10,"{""0"": 0.006675256126885918, ""1"": 0.01170590227375642, ""2"": 0.006985467481644153, ""3"": 0.006475789386447735, ""4"": 0.0027381915299053198, ""5"": 0.005226803525518369}"
control_random,200,p0.20,nan,1.0,1,0.2,39.800000000000004,39.615,25,56,7923,2017,1.5317698468983543,110,0.32871755886118015,0.006574351177223604,6.363155674632157,17.30763173021684,2.1659333741863356,3.443618101353315,11,"{""0"": 0.006348623543979433, ""1"": 0.00870369009704804, ""2"": 0.006634610670629678, ""3"": 0.007729158626131619, ""4"": 0.004375909491352066, ""5"": 0.005654114634200793}"
control_random,200,p0.20,nan,1.0,1,0.2,39.800000000000004,39.615,25,56,7923,2017,1.5317698468983543,120,0.2894017198909251,0.005788034397818503,3.535934802729179,17.406967189518213,2.1700807843491803,3.42012150072326,11,"{""0"": 0.006308326169707387, ""1"": 0.008003120851159982, ""2"": 0.006539158151270571, ""3"": 0.006035284183897842, ""4"": 0.0026438554115409355, ""5"": 0.005198461619334303}"
control_random,200,p0.20,nan,1.0,1,0.2,39.800000000000004,39.615,25,56,7923,2017,1.5317698468983543,130,0.26639762482570306,0.005327952496514063,1.0864015401528784,17.490834592312297,2.1670245756491555,3.4413847117861165,11,"{""0"": 0.005741672359646501, ""1"": 0.006193542114045653, ""2"": 0.00631497398154212, ""3"": 0.005776421726371686, ""4"": 0.0026410018192286533, ""5"": 0.005300102978249767}"
control_random,200,p0.20,nan,1.0,1,0.2,39.800000000000004,39.615,25,56,7923,2017,1.5317698468983543,140,0.2747387296576207,0.005494774593152414,6.602961781682555,17.546034427241477,2.159447411247825,3.343993062952965,11,"{""0"": 0.005791452879981543, ""1"": 0.006161478834282372, ""2"": 0.006620962856199564, ""3"": 0.006521982433740255, ""4"": 0.0027230702010993747, ""5"": 0.005149700353611382}"
control_random,200,p0.20,nan,1.0,1,0.2,39.800000000000004,39.615,25,56,7923,2017,1.5317698468983543,150,0.29679890381717966,0.005935978076343594,3.3867577472793995,17.614871570272946,2.1625010646975005,3.489290843818608,11,"{""0"": 0.006253285784700897, ""1"": 0.00633265511412638, ""2"": 0.00605712581933479, ""3"": 0.006778983337853791, ""4"": 0.005129594028946141, ""5"": 0.0050642243730995695}"
control_random,200,p0.20,nan,1.0,1,0.2,39.800000000000004,39.615,25,56,7923,2017,1.5317698468983543,160,0.29890549106248654,0.005978109821249732,6.25739071609341,17.65019490511451,2.161943465988997,3.462642376520286,11,"{""0"": 0.005321135544111488, ""1"": 0.006156612017118935, ""2"": 0.00592946891754032, ""3"": 0.007339899239091151, ""4"": 0.0059926869490758514, ""5"": 0.005128856260560644}"
control_random,200,p0.20,nan,1.0,1,0.2,39.800000000000004,39.615,25,56,7923,2017,1.5317698468983543,170,0.2942264733763364,0.005884529467526729,18.346557082853256,17.735666295904295,2.1657017139375623,3.512906407176685,11,"{""0"": 0.005203361083097102, ""1"": 0.0063679226926241575, ""2"": 0.006015478938839346, ""3"": 0.006789822343422999, ""4"": 0.00588807318058672, ""5"": 0.005042518566590047}"
control_random,200,p0.20,nan,1.0,1,0.2,39.800000000000004,39.615,25,56,7923,2017,1.5317698468983543,180,0.2921064945120656,0.005842129890241313,14.967321990102192,17.79149598963656,2.172060761010706,3.4491116582660837,11,"{""0"": 0.005078840501190106, ""1"": 0.00600022199088217, ""2"": 0.006130644733001905, ""3"": 0.007038951637619794, ""4"": 0.005951410018853275, ""5"": 0.004852710459900626}"
control_random,200,p0.20,nan,1.0,1,0.2,39.800000000000004,39.615,25,56,7923,2017,1.5317698468983543,190,0.283716951631514,0.00567433903263028,2.9639894142470307,17.861176080112067,2.1819686273157477,3.49554250538739,11,"{""0"": 0.005055637347526784, ""1"": 0.006558083953809983, ""2"": 0.005767360301484937, ""3"": 0.006520939537483681, ""4"": 0.005841946699484096, ""5"": 0.004302066355992202}"
control_random,200,p0.20,nan,1.0,1,0.2,39.800000000000004,39.615,25,56,7923,2017,1.5317698468983543,200,0.2765568971410007,0.005531137942820014,3.491020859002106,17.89639725689195,2.178863445238439,3.6087400087573145,11,"{""0"": 0.00539241673451263, ""1"": 0.0070174866249808985, ""2"": 0.005977937198065364, ""3"": 0.005438763987089532, ""4"": 0.004918445128563994, ""5"": 0.00444177798370767}"
control_random,200,p0.40,nan,1.0,1,0.4,79.60000000000001,79.945,59,97,15989,2017,1.6359988786176312,0,1.0142706913107706,0.020285413826215414,nan,0.0,1.6359988786176312,4.9136798548249,12,"{""0"": 0.02063481392131883, ""1"": 0.021314897917630797, ""2"": 0.020156575925944678, ""3"": 0.020092854068084913, ""4"": 0.02012214322624366, ""5"": 0.019391197898069607}"
control_random,200,p0.40,nan,1.0,1,0.4,79.60000000000001,79.945,59,97,15989,2017,1.6359988786176312,10,0.8996421602981803,0.01799284320596361,11.720545946747325,13.66717810117838,2.092369458297061,2.59087654145847,9,"{""0"": 0.025483179873755896, ""1"": 0.03597431394504128, ""2"": 0.004147428682096845, ""3"": 0.02015486084638245, ""4"": 0.005867734367958957, ""5"": 0.016329541520546217}"
control_random,200,p0.40,nan,1.0,1,0.4,79.60000000000001,79.945,59,97,15989,2017,1.6359988786176312,20,0.76407483249626,0.0152814966499252,35.05321082015241,15.297170804049875,2.235100386430754,2.1349444593299,8,"{""0"": 0.027702305878794947, ""1"": 0.016601725675866836, ""2"": 0.005570463975970833, ""3"": 0.025635632088013928, ""4"": 0.0042215952968392275, ""5"": 0.01195725698406545}"
control_random,200,p0.40,nan,1.0,1,0.4,79.60000000000001,79.945,59,97,15989,2017,1.6359988786176312,30,0.6531918819926434,0.01306383763985287,22.746935877412263,16.020589232066786,2.1268001228055895,2.8856792326674503,11,"{""0"": 0.020821864312051026, ""1"": 0.014879890387342897, ""2"": 0.0023625212526541444, ""3"": 0.020290953934894697, ""4"": 0.012257613250051213, ""5"": 0.007770182702123244}"
control_random,200,p0.40,nan,1.0,1,0.4,79.60000000000001,79.945,59,97,15989,2017,1.6359988786176312,40,0.6147577722219791,0.012295155444439584,12.959753072366563,16.2771152900247,2.1613645696705532,3.3194428140689314,13,"{""0"": 0.013413543846218174, ""1"": 0.01829355437645535, ""2"": 0.002637435477065746, ""3"": 0.017224041790106566, ""4"": 0.016135819155516023, ""5"": 0.006066538021275654}"
control_random,200,p0.40,nan,1.0,1,0.4,79.60000000000001,79.945,59,97,15989,2017,1.6359988786176312,50,0.6233188180508472,0.012466376361016945,26.876873911806747,16.431830295782426,2.1826349339574174,2.9958026072541193,12,"{""0"": 0.011451438338933265, ""1"": 0.020630503345306868, ""2"": 0.0023866964012082825, ""3"": 0.015185426721586945, ""4"": 0.019392276174117207, ""5"": 0.0057519171849491025}"
control_random,200,p0.40,nan,1.0,1,0.4,79.60000000000001,79.945,59,97,15989,2017,1.6359988786176312,60,0.6072872837409803,0.012145745674819608,14.538678393562064,16.621041430241977,2.1526489982395645,2.820261167480934,12,"{""0"": 0.009825067544694865, ""1"": 0.019925839197459, ""2"": 0.002151190417813589, ""3"": 0.014453468367621564, ""4"": 0.021621876050784465, ""5"": 0.004897032470544155}"
control_random,200,p0.40,nan,1.0,1,0.4,79.60000000000001,79.945,59,97,15989,2017,1.6359988786176312,70,0.5767385277936514,0.01153477055587303,3.3383503930829233,16.8264001949171,2.1569371605516663,2.9541352330137833,13,"{""0"": 0.009666447631897609, ""1"": 0.017269281861841332, ""2"": 0.0021664153804094887, ""3"": 0.0149585588364883, ""4"": 0.020311728722267525, ""5"": 0.004836190902333928}"
control_random,200,p0.40,nan,1.0,1,0.4,79.60000000000001,79.945,59,97,15989,2017,1.6359988786176312,80,0.5623485817192355,0.011246971634384711,10.38664902594388,17.16875806219196,2.063263783250807,3.2190042947855284,13,"{""0"": 0.009737280735697242, ""1"": 0.015073803455080517, ""2"": 0.0033921073626864634, ""3"": 0.015370251686660513, ""4"": 0.019574474569921306, ""5"": 0.004333911996262224}"
control_random,200,p0.40,nan,1.0,1,0.4,79.60000000000001,79.945,59,97,15989,2017,1.6359988786176312,90,0.5783746297837662,0.011567492595675325,22.46366390674109,17.153098259052634,2.0493193710841244,2.9552206206835834,13,"{""0"": 0.010239916934020555, ""1"": 0.018110087085282466, ""2"": 0.002663019611908452, ""3"": 0.016061460431715652, ""4"": 0.018844629438812068, ""5"": 0.003485842072312767}"
control_random,200,p0.40,nan,1.0,1,0.4,79.60000000000001,79.945,59,97,15989,2017,1.6359988786176312,100,0.5837508821514912,0.011675017643029825,1.7157113072427885,17.26208775215035,2.0418027777512298,2.968290849341818,13,"{""0"": 0.010623677827845466, ""1"": 0.01884626113687941, ""2"": 0.0027119279960411066, ""3"": 0.0170004361153369, ""4"": 0.01723560505700514, ""5"": 0.0036321977250709236}"
control_random,200,p0.40,nan,1.0,1,0.4,79.60000000000001,79.945,59,97,15989,2017,1.6359988786176312,110,0.5708311917455815,0.01141662383491163,6.09502405060193,17.391095732002658,2.060768991395945,3.0738712149447345,13,"{""0"": 0.009559365812106445, ""1"": 0.017828698350455294, ""2"": 0.0029774750910775893, ""3"": 0.016853206848782987, ""4"": 0.017453149852660298, ""5"": 0.0038278470543871776}"
control_random,200,p0.40,nan,1.0,1,0.4,79.60000000000001,79.945,59,97,15989,2017,1.6359988786176312,120,0.5800132861140248,0.011600265722280498,4.618200283445887,17.466496716694905,2.078609505788118,3.105175240195967,13,"{""0"": 0.009279223930129574, ""1"": 0.018193728072759197, ""2"": 0.0027988828845837335, ""3"": 0.01642218533125104, ""4"": 0.019214391118328938, ""5"": 0.003693182996630515}"
control_random,200,p0.40,nan,1.0,1,0.4,79.60000000000001,79.945,59,97,15989,2017,1.6359988786176312,130,0.5653303936466343,0.011306607872932686,9.791733529947718,17.645729643746197,2.0758339854830727,3.3274958336094347,13,"{""0"": 0.009031426825779076, ""1"": 0.015877454164846812, ""2"": 0.0031227153371530337, ""3"": 0.01564349479224834, ""4"": 0.01984601468004577, ""5"": 0.004318541437523085}"
control_random,200,p0.40,nan,1.0,1,0.4,79.60000000000001,79.945,59,97,15989,2017,1.6359988786176312,140,0.5440706017456467,0.010881412034912935,26.793056514894207,17.782237172220892,2.0690268054957937,3.431803817334764,14,"{""0"": 0.008088809111643513, ""1"": 0.014376439231997268, ""2"": 0.003247126599263579, ""3"": 0.01517702780132155, ""4"": 0.020533053169577348, ""5"": 0.0038660162956743543}"
control_random,200,p0.40,nan,1.0,1,0.4,79.60000000000001,79.945,59,97,15989,2017,1.6359988786176312,150,0.5521583146083701,0.011043166292167401,18.33475336311369,17.847356660316407,2.0722061773393228,3.4637094996181874,14,"{""0"": 0.007966355950041597, ""1"": 0.015022004970011844, ""2"": 0.0032011010971420965, ""3"": 0.015308135491495522, ""4"": 0.02088631283763962, ""5"": 0.0038750874066737265}"
control_random,200,p0.40,nan,1.0,1,0.4,79.60000000000001,79.945,59,97,15989,2017,1.6359988786176312,160,0.5540350829521191,0.011080701659042383,2.275211575061044,17.93180359122361,2.080835063066818,3.398269813599763,13,"{""0"": 0.007969760246389151, ""1"": 0.016128081553586467, ""2"": 0.003367416425115029, ""3"": 0.015920358869161017, ""4"": 0.019062926490164216, ""5"": 0.004035666369838418}"
control_random,200,p0.40,nan,1.0,1,0.4,79.60000000000001,79.945,59,97,15989,2017,1.6359988786176312,170,0.5510393637873605,0.011020787275747212,4.2973004730382085,18.061060218618135,2.1041344000593756,3.5411623610317178,14,"{""0"": 0.007231380691735481, ""1"": 0.015622020802459812, ""2"": 0.0035094311688304352, ""3"": 0.01581220620788123, ""4"": 0.019783898290269143, ""5"": 0.00416578649330716}"
control_random,200,p0.40,nan,1.0,1,0.4,79.60000000000001,79.945,59,97,15989,2017,1.6359988786176312,180,0.5480089210183052,0.010960178420366107,42.19915977772348,18.13347789451307,2.088029204760074,3.585016234508684,14,"{""0"": 0.006974952060293076, ""1"": 0.01573363876754464, ""2"": 0.0032891613848624337, ""3"": 0.015419863583080572, ""4"": 0.02014339358978367, ""5"": 0.004200061136632247}"
control_random,200,p0.40,nan,1.0,1,0.4,79.60000000000001,79.945,59,97,15989,2017,1.6359988786176312,190,0.5295364463639067,0.010590728927278137,10.475681473716685,18.205453396298175,2.1037152619249992,3.6556932994497626,14,"{""0"": 0.00636695830939908, ""1"": 0.013670695283703276, ""2"": 0.003127666329116159, ""3"": 0.014537826237515577, ""4"": 0.021665918967310443, ""5"": 0.004175308436624287}"
control_random,200,p0.40,nan,1.0,1,0.4,79.60000000000001,79.945,59,97,15989,2017,1.6359988786176312,200,0.5162908255299086,0.010325816510598173,4.238430024832744,18.336069868785106,2.1101996474664633,3.757291286704199,14,"{""0"": 0.005990673214211653, ""1"": 0.010921829853437065, ""2"": 0.003247886978719073, ""3"": 0.014486744633507964, ""4"": 0.022919143063564934, ""5"": 0.004388621320148349}"
control_random,200,p0.05,nan,1.0,2,0.05,9.950000000000001,9.695,2,19,1939,1939,1.5529577225853046,0,1.033719400438695,0.0206743880087739,nan,0.0,1.5529577225853046,4.164212407727731,11,"{""0"": 0.01899551693111618, ""1"": 0.02051666120646168, ""2"": 0.02159289160117658, ""3"": 0.02097402951756729, ""4"": 0.021960888921615768, ""5"": 0.020006339874705924}"
control_random,200,p0.05,nan,1.0,2,0.05,9.950000000000001,9.695,2,19,1939,1939,1.5529577225853046,10,0.6207302656243879,0.01241460531248776,5.31542141251756,12.839212245412286,1.8813840892060776,2.3070099812502276,5,"{""0"": 0.03337213081334995, ""1"": 0.015306514484656595, ""2"": 0.004765532872669771, ""3"": 0.006075071869807979, ""4"": 0.011372440691442559, ""5"": 0.003595941142999716}"
control_random,200,p0.05,nan,1.0,2,0.05,9.950000000000001,9.695,2,19,1939,1939,1.5529577225853046,20,0.3976208971074361,0.007952417942148723,16.6786536835965,13.935542611958867,1.9635028405211221,2.203232010836792,5,"{""0"": 0.0186897636967475, ""1"": 0.004297232686052777, ""2"": 0.004833076198602068, ""3"": 0.0052318055843818476, ""4"": 0.010797913725421396, ""5"": 0.0038647157616867474}"
control_random,200,p0.05,nan,1.0,2,0.05,9.950000000000001,9.695,2,19,1939,1939,1.5529577225853046,30,0.38132338945771715,0.007626467789154344,9.286304848381588,14.509954631723748,1.939873071687816,2.4048801813691902,5,"{""0"": 0.0172650596587347, ""1"": 0.006807280065289028, ""2"": 0.0028286915808603064, ""3"": 0.0017760197760072795, ""4"": 0.014262222693855613, ""5"": 0.002819532960179128}"
control_random,200,p0.05,nan,1.0,2,0.05,9.950000000000001,9.695,2,19,1939,1939,1.5529577225853046,40,0.3776558997174156,0.007553117994348313,4.515036904627027,15.40165798380614,1.8853709545470314,2.6109453723423894,5,"{""0"": 0.011341540920824823, ""1"": 0.011928300984758534, ""2"": 0.004236995750784698, ""3"": 0.0013376705779543992, ""4"": 0.012716211820551576, ""5"": 0.0037579879112158445}"
control_random,200,p0.05,nan,1.0,2,0.05,9.950000000000001,9.695,2,19,1939,1939,1.5529577225853046,50,0.4039502925096924,0.008079005850193848,9.166705894531765,15.732106571469373,1.9385225107506274,2.461528828727706,5,"{""0"": 0.011322857470409231, ""1"": 0.014517289132488209, ""2"": 0.004073506926032038, ""3"": 0.002804072469159498, ""4"": 0.011867480753216234, ""5"": 0.0038888283498578783}"
control_random,200,p0.05,nan,1.0,2,0.05,9.950000000000001,9.695,2,19,1939,1939,1.5529577225853046,60,0.3954463497635375,0.00790892699527075,3.114252977302641,15.8442073751031,1.9492135636609862,2.400009369663687,5,"{""0"": 0.011716331228524826, ""1"": 0.014433090489585257, ""2"": 0.003758856197643801, ""3"": 0.0035796432290063135, ""4"": 0.010481356056409834, ""5"": 0.0034842847704544726}"
control_random,200,p0.05,nan,1.0,2,0.05,9.950000000000001,9.695,2,19,1939,1939,1.5529577225853046,70,0.3810495362420279,0.007620990724840559,4.491473028261315,15.995206978339446,1.9850637385363497,2.3629120735610987,5,"{""0"": 0.013914807454041372, ""1"": 0.011050742232350884, ""2"": 0.0032260132088638574, ""3"": 0.002826290814992736, ""4"": 0.012128753343958522, ""5"": 0.0025793372948359813}"
control_random,200,p0.05,nan,1.0,2,0.05,9.950000000000001,9.695,2,19,1939,1939,1.5529577225853046,80,0.3469976503055035,0.00693995300611007,3.092543978733848,16.130297211363512,1.9631660818523557,2.297469216085076,5,"{""0"": 0.014001555871415338, ""1"": 0.010667374095151956, ""2"": 0.0044151422304099545, ""3"": 0.002337809027530666, ""4"": 0.006703129554254712, ""5"": 0.003514707257897799}"
control_random,200,p0.05,nan,1.0,2,0.05,9.950000000000001,9.695,2,19,1939,1939,1.5529577225853046,90,0.3129120292327206,0.0062582405846544125,4.040025017754908,16.33188746878009,1.956140727274471,2.396423583790478,5,"{""0"": 0.012295381563634187, ""1"": 0.009890709811621207, ""2"": 0.005286509054688607, ""3"": 0.001179489343983339, ""4"": 0.0051718220907918735, ""5"": 0.00372553164320726}"
control_random,200,p0.05,nan,1.0,2,0.05,9.950000000000001,9.695,2,19,1939,1939,1.5529577225853046,100,0.3050629252836586,0.006101258505673173,2.255610785521827,16.581834928672674,1.9529597612126217,2.501604403858491,5,"{""0"": 0.009174912800097898, ""1"": 0.01155013348994664, ""2"": 0.006069939613846389, ""3"": 0.0011882705907435532, ""4"": 0.00457974636397069, ""5"": 0.004044548175433865}"
control_random,200,p0.05,nan,1.0,2,0.05,9.950000000000001,9.695,2,19,1939,1939,1.5529577225853046,110,0.30305352757254006,0.006061070551450802,1.8199218014854979,16.604338152081244,1.954894830608478,2.4671929924591045,5,"{""0"": 0.009344072027260905, ""1"": 0.011176811199208145, ""2"": 0.0058468802644720775, ""3"": 0.0011159679760376138, ""4"": 0.004922666905190639, ""5"": 0.003960024936535431}"
control_random,200,p0.05,nan,1.0,2,0.05,9.950000000000001,9.695,2,19,1939,1939,1.5529577225853046,120,0.29432568423306216,0.005886513684661244,4.293915985078472,16.65942639946818,1.9491307025475173,2.4509196881949484,5,"{""0"": 0.010385709106421571, ""1"": 0.009334905018881814, ""2"": 0.005018170240316594, ""3"": 0.000965094185571665, ""4"": 0.006153869877069741, ""5"": 0.0034613336797060775}"
control_random,200,p0.05,nan,1.0,2,0.05,9.950000000000001,9.695,2,19,1939,1939,1.5529577225853046,130,0.2891074882628737,0.005782149765257474,4.436411699981332,16.797579646567744,1.9594519623548416,2.4422531488248214,5,"{""0"": 0.010255265506237014, ""1"": 0.008913683893759029, ""2"": 0.004981932393006582, ""3"": 0.0009644060592787806, ""4"": 0.006204078572216011, ""5"": 0.003373532167047429}"
control_random,200,p0.05,nan,1.0,2,0.05,9.950000000000001,9.695,2,19,1939,1939,1.5529577225853046,140,0.2884293922975622,0.005768587845951245,3.1990626896564582,16.922095821230773,1.9648448372946792,2.4745300617922883,5,"{""0"": 0.00988053877768871, ""1"": 0.009624756793923276, ""2"": 0.004548364594787111, ""3"": 0.0008503755632037564, ""4"": 0.006718926570605554, ""5"": 0.0029885647754990625}"
control_random,200,p0.05,nan,1.0,2,0.05,9.950000000000001,9.695,2,19,1939,1939,1.5529577225853046,150,0.2935647548345967,0.005871295096691935,3.7092223440777414,17.067337566545756,1.9733975320114716,2.4749627766037934,5,"{""0"": 0.010595348522241884, ""1"": 0.009618343561183566, ""2"": 0.004162383289333651, ""3"": 0.0008835088567860132, ""4"": 0.007527138696875787, ""5"": 0.002441047653730711}"
control_random,200,p0.05,nan,1.0,2,0.05,9.950000000000001,9.695,2,19,1939,1939,1.5529577225853046,160,0.2931959189071602,0.005863918378143204,10.11884440292998,17.100947008025884,1.9773503967479769,2.4449281719268385,5,"{""0"": 0.01094364623510539, ""1"": 0.009704761837957765, ""2"": 0.004001300754216585, ""3"": 0.0010095828024282553, ""4"": 0.007115273286174192, ""5"": 0.0024089453529770413}"
control_random,200,p0.05,nan,1.0,2,0.05,9.950000000000001,9.695,2,19,1939,1939,1.5529577225853046,170,0.29981087959278696,0.0059962175918557405,3.0224647037736214,17.170598819123928,1.9766018925397504,2.4252607709451635,5,"{""0"": 0.010620088309711447, ""1"": 0.010193300976553358, ""2"": 0.004028607627883798, ""3"": 0.0017416862096316294, ""4"": 0.007033690121799964, ""5"": 0.002359932305554249}"
control_random,200,p0.05,nan,1.0,2,0.05,9.950000000000001,9.695,2,19,1939,1939,1.5529577225853046,180,0.29200887089186983,0.005840177417837398,23.00085242701699,17.21330017395162,1.9753332978105484,2.441138816306928,5,"{""0"": 0.009445170238519564, ""1"": 0.01060573214259251, ""2"": 0.00428860818113125, ""3"": 0.0019041108157787732, ""4"": 0.006200117919640506, ""5"": 0.002597325209361784}"
control_random,200,p0.05,nan,1.0,2,0.05,9.950000000000001,9.695,2,19,1939,1939,1.5529577225853046,190,0.2778630140111118,0.0055572602802222365,3.116846357338633,17.35338762705369,1.982682492148765,2.513793094640556,5,"{""0"": 0.008904190401264367, ""1"": 0.010738154265268383, ""2"": 0.003937014041787928, ""3"": 0.0009345917828036922, ""4"": 0.006599080376132356, ""5"": 0.0022305308140766985}"
control_random,200,p0.05,nan,1.0,2,0.05,9.950000000000001,9.695,2,19,1939,1939,1.5529577225853046,200,0.27209168258567673,0.005441833651713535,0.674424048511072,17.444408229601557,1.9768892011330301,2.5101786788595284,5,"{""0"": 0.008778304610367304, ""1"": 0.010122935398955688, ""2"": 0.003966177806706402, ""3"": 0.0008738401392043273, ""4"": 0.006719170055265664, ""5"": 0.002190573899781823}"
control_random,200,p0.10,nan,1.0,2,0.1,19.900000000000002,20.31,8,36,4062,1939,1.6491755211305246,0,0.994095095126016,0.019881901902520323,nan,0.0,1.6491755211305246,4.467702222753579,12,"{""0"": 0.018921664004925006, ""1"": 0.022974574248080033, ""2"": 0.021882511795236363, ""3"": 0.020634378431852653, ""4"": 0.017115382616010227, ""5"": 0.017762900319017654}"
control_random,200,p0.10,nan,1.0,2,0.1,19.900000000000002,20.31,8,36,4062,1939,1.6491755211305246,10,0.8501486551797129,0.017002973103594263,11.807104122342333,14.007560655456821,2.1103691347528306,2.9296981400554074,10,"{""0"": 0.035193587623481716, ""1"": 0.00993516572409601, ""2"": 0.025189881377502454, ""3"": 0.0018531166189727165, ""4"": 0.018371262278075624, ""5"": 0.011474824999437045}"
control_random,200,p0.10,nan,1.0,2,0.1,19.900000000000002,20.31,8,36,4062,1939,1.6491755211305246,20,0.7563962053940809,0.01512792410788162,25.935352499835762,14.634840462376792,2.1331313131181364,2.6666933533523083,10,"{""0"": 0.022603544115510528, ""1"": 0.004443680981502539, ""2"": 0.027016041873381413, ""3"": 0.008784671824778729, ""4"": 0.014046646787777641, ""5"": 0.013872959064338868}"
control_random,200,p0.10,nan,1.0,2,0.1,19.900000000000002,20.31,8,36,4062,1939,1.6491755211305246,30,0.6414680563421218,0.012829361126842437,5.353458884121537,15.411320931866012,2.107561570402889,3.420660666476006,12,"{""0"": 0.028664533565992006, ""1"": 0.005080725890299092, ""2"": 0.018666579826309586, ""3"": 0.0030566582643900193, ""4"": 0.010565513764113191, ""5"": 0.010942155449950738}"
control_random,200,p0.10,nan,1.0,2,0.1,19.900000000000002,20.31,8,36,4062,1939,1.6491755211305246,40,0.4053162165986301,0.008106324331972604,17.144222818480124,15.794849943966328,2.055072006878186,4.346791661966065,12,"{""0"": 0.00759713391118101, ""1"": 0.007498595332348276, ""2"": 0.013877374136310799, ""3"": 0.004206821397151608, ""4"": 0.009798607645305582, ""5"": 0.005659413569538351}"
control_random,200,p0.10,nan,1.0,2,0.1,19.900000000000002,20.31,8,36,4062,1939,1.6491755211305246,50,0.4910389949705915,0.009820779899411831,15.804369932690035,15.956050621645774,2.1314141535515194,4.01762793732358,12,"{""0"": 0.01573262232960432, ""1"": 0.007000287051821713, ""2"": 0.008912067524892504, ""3"": 0.013028597770475239, ""4"": 0.007591293905792823, ""5"": 0.00665981081388438}"
control_random,200,p0.10,nan,1.0,2,0.1,19.900000000000002,20.31,8,36,4062,1939,1.6491755211305246,60,0.507620959656713,0.01015241919313426,6.2000236320852204,16.157447114496367,2.1556427202150257,3.6024401024264683,12,"{""0"": 0.0199523108507386, ""1"": 0.006695615149530853, ""2"": 0.007362591132639459, ""3"": 0.014671012939776629, ""4"": 0.005918651654923732, ""5"": 0.006314333431196287}"
control_random,200,p0.10,nan,1.0,2,0.1,19.900000000000002,20.31,8,36,4062,1939,1.6491755211305246,70,0.5043749736120654,0.01008749947224131,4.685806084354906,16.13611943454644,2.138561885984619,3.3612416365255444,11,"{""0"": 0.021348318602970533, ""1"": 0.006791260462514296, ""2"": 0.00609117089934363, ""3"": 0.014380223628371191, ""4"": 0.00600475668226141, ""5"": 0.005909266557986803}"
control_random,200,p0.10,nan,1.0,2,0.1,19.900000000000002,20.31,8,36,4062,1939,1.6491755211305246,80,0.47505543736035594,0.00950110874720712,3.8656436560224416,16.272091588646305,2.169606286141056,3.3396815236043405,11,"{""0"": 0.019035868542321317, ""1"": 0.0058143211076362635, ""2"": 0.006751894723476022, ""3"": 0.01449048954464358, ""4"": 0.005027586327164507, ""5"": 0.005886492238001031}"
control_random,200,p0.10,nan,1.0,2,0.1,19.900000000000002,20.31,8,36,4062,1939,1.6491755211305246,90,0.459941953256832,0.009198839065136641,5.505034819613112,16.322325709268934,2.160203308351158,3.3463763706506677,11,"{""0"": 0.017452345274548725, ""1"": 0.006093559918356737, ""2"": 0.006473860453808029, ""3"": 0.014583897847115553, ""4"": 0.004355411575819828, ""5"": 0.006233959321170985}"
control_random,200,p0.10,nan,1.0,2,0.1,19.900000000000002,20.31,8,36,4062,1939,1.6491755211305246,100,0.4126072922364343,0.008252145844728687,3.3660240913790003,16.387896519448116,2.1588762159685184,3.5487616435345037,11,"{""0"": 0.013424472792815237, ""1"": 0.0059127756402308175, ""2"": 0.008109272220285731, ""3"": 0.01141428071603632, ""4"": 0.004646718101583485, ""5"": 0.006005355597420531}"
control_random,200,p0.10,nan,1.0,2,0.1,19.900000000000002,20.31,8,36,4062,1939,1.6491755211305246,110,0.39784275035447103,0.007956855007089422,27.91811286560628,16.440083024313285,2.150415210844848,3.510567473800481,11,"{""0"": 0.013628384312190994, ""1"": 0.005633370581084691, ""2"": 0.006651317928327445, ""3"": 0.011454897155443932, ""4"": 0.0039912650938301476, ""5"": 0.006381894971659315}"
control_random,200,p0.10,nan,1.0,2,0.1,19.900000000000002,20.31,8,36,4062,1939,1.6491755211305246,120,0.39897280845441085,0.007979456169088218,2.4776729449775363,16.50917986568902,2.16040950982522,3.3796658959995405,11,"{""0"": 0.014116848033711027, ""1"": 0.005940979491725227, ""2"": 0.006202199751187197, ""3"": 0.011286095531591753, ""4"": 0.004154219819694473, ""5"": 0.006176394386619626}"
control_random,200,p0.10,nan,1.0,2,0.1,19.900000000000002,20.31,8,36,4062,1939,1.6491755211305246,130,0.39226957140481356,0.007845391428096272,7.665040451852749,16.57088838570013,2.168123218117068,3.362238212027398,11,"{""0"": 0.014049491831224925, ""1"": 0.005213142092665243, ""2"": 0.006153512343611817, ""3"": 0.01167554198552303, ""4"": 0.0038768579873628083, ""5"": 0.00610380232818981}"
control_random,200,p0.10,nan,1.0,2,0.1,19.900000000000002,20.31,8,36,4062,1939,1.6491755211305246,140,0.4003419751774413,0.008006839503548828,4.102321268179509,16.648115802219067,2.174798800372027,3.271975225231725,11,"{""0"": 0.015257913034659499, ""1"": 0.00539297441784414, ""2"": 0.0056950334863724965, ""3"": 0.012053989309987297, ""4"": 0.00398820832790183, ""5"": 0.005652918444527703}"
control_random,200,p0.10,nan,1.0,2,0.1,19.900000000000002,20.31,8,36,4062,1939,1.6491755211305246,150,0.4126589040536757,0.008253178081073516,3.1410631606920054,16.695881210479197,2.1758879296321516,3.1637449451243342,10,"{""0"": 0.01578188299503841, ""1"": 0.005348995029682981, ""2"": 0.005811743021332626, ""3"": 0.01383388317101529, ""4"": 0.003795969251541394, ""5"": 0.004946595017830393}"
control_random,200,p0.10,nan,1.0,2,0.1,19.900000000000002,20.31,8,36,4062,1939,1.6491755211305246,160,0.4120658303156015,0.00824131660631203,5.4060296625410755,16.76651452645294,2.181940418792761,3.0740309904851006,10,"{""0"": 0.016152580355595653, ""1"": 0.005629548838314233, ""2"": 0.005385709403476018, ""3"": 0.013594138776327752, ""4"": 0.0037646247830479063, ""5"": 0.00492129748111062}"
control_random,200,p0.10,nan,1.0,2,0.1,19.900000000000002,20.31,8,36,4062,1939,1.6491755211305246,170,0.38657285938415226,0.007731457187683046,3.650524105488979,16.789296010900916,2.172452589401331,3.269204021127725,10,"{""0"": 0.014713269878372121, ""1"": 0.00572913640945206, ""2"": 0.00563504177753182, ""3"": 0.011644114189236021, ""4"": 0.0038536706269215967, ""5"": 0.0048135102445846555}"
control_random,200,p0.10,nan,1.0,2,0.1,19.900000000000002,20.31,8,36,4062,1939,1.6491755211305246,180,0.39369836932456903,0.007873967386491381,26.193017282453667,16.82217576440382,2.1771153961602465,3.3331116562099408,11,"{""0"": 0.016061521642743486, ""1"": 0.005152833927214561, ""2"": 0.005949050089931616, ""3"": 0.011931412209203403, ""4"": 0.003303801559751524, ""5"": 0.004845184890103706}"
control_random,200,p0.10,nan,1.0,2,0.1,19.900000000000002,20.31,8,36,4062,1939,1.6491755211305246,190,0.3742464736321792,0.007484929472643585,2.4844653123054554,16.890719926282078,2.1706081657136957,3.316197235340587,10,"{""0"": 0.014240005591944748, ""1"": 0.005252716984151081, ""2"": 0.005188961068701076, ""3"": 0.012297709190691185, ""4"": 0.0032032385929206806, ""5"": 0.0047269454074527345}"
control_random,200,p0.10,nan,1.0,2,0.1,19.900000000000002,20.31,8,36,4062,1939,1.6491755211305246,200,0.36396563214664346,0.00727931264293287,16.63024180502033,16.898542228976698,2.172473805784912,3.3790838292800545,10,"{""0"": 0.014618825818120934, ""1"": 0.005150882943432385, ""2"": 0.005567397916643727, ""3"": 0.010574413283863392, ""4"": 0.002938787502498685, ""5"": 0.004825568393038096}"
control_random,200,p0.20,nan,1.0,2,0.2,39.800000000000004,39.93,26,57,7986,1939,1.5977169053837534,0,1.0092899650524063,0.020185799301048128,nan,0.0,1.5977169053837534,3.4671706501423096,12,"{""0"": 0.01997945585700836, ""1"": 0.02047887130660556, ""2"": 0.020322748298307564, ""3"": 0.022339788068431975, ""4"": 0.020040678687925924, ""5"": 0.017953253588009383}"
control_random,200,p0.20,nan,1.0,2,0.2,39.800000000000004,39.93,26,57,7986,1939,1.5977169053837534,10,0.8638270932746462,0.017276541865492927,17.954992667040262,12.997113183486706,1.9760374232860898,4.216659030186547,12,"{""0"": 0.012678609446084838, ""1"": 0.016582131879718683, ""2"": 0.02200435766724577, ""3"": 0.007302013512020596, ""4"": 0.023220654941855767, ""5"": 0.021871483746031907}"
control_random,200,p0.20,nan,1.0,2,0.2,39.800000000000004,39.93,26,57,7986,1939,1.5977169053837534,20,0.6192169949176952,0.012384339898353905,17.212981630155458,14.794427813342205,2.111429143871979,2.83393250774523,9,"{""0"": 0.010763733863279288, ""1"": 0.0029322000714479884, ""2"": 0.01989699990597934, ""3"": 0.009293949965177685, ""4"": 0.010247371076602906, ""5"": 0.02117178450763623}"
control_random,200,p0.20,nan,1.0,2,0.2,39.800000000000004,39.93,26,57,7986,1939,1.5977169053837534,30,0.5883118581471309,0.01176623716294262,4.127633945497105,15.40994567548524,2.086076071182981,3.5998083732654242,10,"{""0"": 0.010209896385008969, ""1"": 0.006233282137038767, ""2"": 0.011322457449515776, ""3"": 0.005521114835522592, ""4"": 0.02069100266524445, ""5"": 0.016619669505325178}"
control_random,200,p0.20,nan,1.0,2,0.2,39.800000000000004,39.93,26,57,7986,1939,1.5977169053837534,40,0.5302416603955986,0.010604833207911973,7.309167874644443,15.865269554259365,2.1292606165732377,3.7619395925750796,9,"{""0"": 0.0064588779286328625, ""1"": 0.006766068023911648, ""2"": 0.014550749936288947, ""3"": 0.005152591637298673, ""4"": 0.01820747387927067, ""5"": 0.012493237842069044}"
control_random,200,p0.20,nan,1.0,2,0.2,39.800000000000004,39.93,26,57,7986,1939,1.5977169053837534,50,0.49948838135935986,0.009989767627187198,3.380048062630671,15.759884206556281,2.088078431040993,3.0184186271870916,9,"{""0"": 0.007573103940800546, ""1"": 0.003964577896490785, ""2"": 0.01086026249160592, ""3"": 0.010860274572789253, ""4"": 0.013599764607306492, ""5"": 0.013080622254130208}"
control_random,200,p0.20,nan,1.0,2,0.2,39.800000000000004,39.93,26,57,7986,1939,1.5977169053837534,60,0.5283621163143186,0.010567242326286372,14.847956334503836,15.909644383357048,2.0918164998645095,2.792788162135329,9,"{""0"": 0.008245781003980455, ""1"": 0.003362209452164442, ""2"": 0.011642958912708449, ""3"": 0.014562314681439948, ""4"": 0.011246710416794859, ""5"": 0.01434347949063009}"
control_random,200,p0.20,nan,1.0,2,0.2,39.800000000000004,39.93,26,57,7986,1939,1.5977169053837534,70,0.5207177513301078,0.010414355026602158,1.8915679168487631,16.20936280479743,2.0899142919285896,2.7411938599406005,9,"{""0"": 0.008315525574999802, ""1"": 0.003807349075354561, ""2"": 0.010334547052501733, ""3"": 0.013893290448207338, ""4"": 0.011708434607486988, ""5"": 0.01442698340106252}"
control_random,200,p0.20,nan,1.0,2,0.2,39.800000000000004,39.93,26,57,7986,1939,1.5977169053837534,80,0.532987496432455,0.010659749928649102,4.3014100989942134,16.485607140839683,2.105831520667317,2.8430455199149423,9,"{""0"": 0.008001621251553048, ""1"": 0.0063846351439926, ""2"": 0.012056033782757157, ""3"": 0.01331185980385472, ""4"": 0.01019739783032888, ""5"": 0.014006951759408217}"
control_random,200,p0.20,nan,1.0,2,0.2,39.800000000000004,39.93,26,57,7986,1939,1.5977169053837534,90,0.473557840764697,0.009471156815293941,4.828235275445143,16.637478875238262,2.115755523060648,2.7527132155640217,8,"{""0"": 0.006891021903396455, ""1"": 0.007957464126338264, ""2"": 0.012610548645531728, ""3"": 0.012150705682327345, ""4"": 0.0036672231913996516, ""5"": 0.013549977342770202}"
control_random,200,p0.20,nan,1.0,2,0.2,39.800000000000004,39.93,26,57,7986,1939,1.5977169053837534,100,0.460614966931785,0.009212299338635701,4.5958580754008365,16.780917979924652,2.128715407428182,2.852283091615051,8,"{""0"": 0.006754043066609221, ""1"": 0.008561489203512167, ""2"": 0.01270877416517523, ""3"": 0.010214335947933398, ""4"": 0.003779698195727813, ""5"": 0.01325545545285638}"
control_random,200,p0.20,nan,1.0,2,0.2,39.800000000000004,39.93,26,57,7986,1939,1.5977169053837534,110,0.4534422325084836,0.009068844650169673,19.872870561089837,16.885179724898652,2.134749280182994,2.888443945526891,8,"{""0"": 0.006771190315201019, ""1"": 0.008255352682145034, ""2"": 0.013190661744268823, ""3"": 0.010089803726226728, ""4"": 0.0034694918793024324, ""5"": 0.012636567553873998}"
control_random,200,p0.20,nan,1.0,2,0.2,39.800000000000004,39.93,26,57,7986,1939,1.5977169053837534,120,0.42588448253815026,0.008517689650763006,3.329767743983796,16.902156767583612,2.1376325296763614,2.9290775642088525,8,"{""0"": 0.005916618382025666, ""1"": 0.008838971385591183, ""2"": 0.011749413870127864, ""3"": 0.009081447143405055, ""4"": 0.0034211316627748302, ""5"": 0.012098555460653445}"
control_random,200,p0.20,nan,1.0,2,0.2,39.800000000000004,39.93,26,57,7986,1939,1.5977169053837534,130,0.4207383609805411,0.008414767219610824,4.820271170205576,17.024488883400547,2.1403662501910885,2.922796161979424,8,"{""0"": 0.005903355647934814, ""1"": 0.008885063584321175, ""2"": 0.01138196179576017, ""3"": 0.00885987211876543, ""4"": 0.0033694400053486395, ""5"": 0.012088910165534709}"
control_random,200,p0.20,nan,1.0,2,0.2,39.800000000000004,39.93,26,57,7986,1939,1.5977169053837534,140,0.41244763165703535,0.008248952633140707,9.310517172364202,17.002903782244395,2.146096392570259,2.969136266959126,8,"{""0"": 0.005864813465721312, ""1"": 0.00856090441180243, ""2"": 0.011026050201413857, ""3"": 0.00844920031391714, ""4"": 0.0030342235762531164, ""5"": 0.012558523829736398}"
control_random,200,p0.20,nan,1.0,2,0.2,39.800000000000004,39.93,26,57,7986,1939,1.5977169053837534,150,0.40997318665564764,0.008199463733112953,2.3653727913038587,17.033330498592903,2.135949555204892,3.0292705373302082,8,"{""0"": 0.006278693207367148, ""1"": 0.009135875315014886, ""2"": 0.010312196271852453, ""3"": 0.0079841572480049, ""4"": 0.0031082256357825625, ""5"": 0.01237763472065577}"
control_random,200,p0.20,nan,1.0,2,0.2,39.800000000000004,39.93,26,57,7986,1939,1.5977169053837534,160,0.42341741290124535,0.008468348258024908,28.482844169921616,16.995665424479196,2.1265162686724555,2.8825087730574923,8,"{""0"": 0.0068152196880734775, ""1"": 0.00886876403660215, ""2"": 0.009759483107020739, ""3"": 0.010012395581117259, ""4"": 0.002934570345586217, ""5"": 0.012419656789749595}"
control_random,200,p0.20,nan,1.0,2,0.2,39.800000000000004,39.93,26,57,7986,1939,1.5977169053837534,170,0.3673856267552747,0.007347712535105496,1.727946708980548,17.03044422244004,2.129066735050773,3.1532099483250593,9,"{""0"": 0.006536364213549276, ""1"": 0.009134455115301355, ""2"": 0.008515808354925297, ""3"": 0.00737652620984178, ""4"": 0.003163689480837277, ""5"": 0.009359431836177982}"
control_random,200,p0.20,nan,1.0,2,0.2,39.800000000000004,39.93,26,57,7986,1939,1.5977169053837534,180,0.39610988116130136,0.007922197623226029,6.412229367962645,17.036692963814097,2.127998387142191,3.046137168344413,8,"{""0"": 0.007135535818639113, ""1"": 0.009216615758037327, ""2"": 0.007846593368868584, ""3"": 0.008656750231546422, ""4"": 0.0033482853317778607, ""5"": 0.011329405230486858}"
control_random,200,p0.20,nan,1.0,2,0.2,39.800000000000004,39.93,26,57,7986,1939,1.5977169053837534,190,0.369654325812092,0.007393086516241841,2.3159464725241934,17.086800322965416,2.12901123362363,3.1679828242454335,8,"{""0"": 0.007319711658248936, ""1"": 0.009613445280526274, ""2"": 0.007450971732726472, ""3"": 0.006811105952446129, ""4"": 0.0033479217050834307, ""5"": 0.009815362768419806}"
control_random,200,p0.20,nan,1.0,2,0.2,39.800000000000004,39.93,26,57,7986,1939,1.5977169053837534,200,0.3597771240572604,0.00719554248114521,11.593234862807979,17.15190246420608,2.130011856982726,3.240975177841849,8,"{""0"": 0.007185462857915196, ""1"": 0.009782573465771846, ""2"": 0.007559354106298164, ""3"": 0.006114960022833025, ""4"": 0.003566725969359973, ""5"": 0.008964178464693046}"
control_random,200,p0.40,nan,1.0,2,0.4,79.60000000000001,79.745,62,103,15949,1939,1.5818073183062278,0,1.0318583539091764,0.020637167078183527,nan,0.0,1.5818073183062278,6.582827422889766,13,"{""0"": 0.01995403800037384, ""1"": 0.020814599282594447, ""2"": 0.01995931435371224, ""3"": 0.021462767443114955, ""4"": 0.020267077411114658, ""5"": 0.02136520597819104}"
control_random,200,p0.40,nan,1.0,2,0.4,79.60000000000001,79.745,62,103,15949,1939,1.5818073183062278,10,0.5958260956986765,0.011916521913973532,4.137621328196465,12.653183899727,1.883883793755413,4.179824255916707,12,"{""0"": 0.009313143625804545, ""1"": 0.008666554000940171, ""2"": 0.02844128258588763, ""3"": 0.002060657127952803, ""4"": 0.017814643071872385, ""5"": 0.005202851071383657}"
control_random,200,p0.40,nan,1.0,2,0.4,79.60000000000001,79.745,62,103,15949,1939,1.5818073183062278,20,0.5728634175161265,0.011457268350322531,13.826565753597908,14.124764718772825,1.989205938780646,3.3556882961117935,9,"{""0"": 0.013543709587068214, ""1"": 0.0015182524192024534, ""2"": 0.028147700288630794, ""3"": 0.009736090450227103, ""4"": 0.006894190336324872, ""5"": 0.008903667020481737}"
control_random,200,p0.40,nan,1.0,2,0.4,79.60000000000001,79.745,62,103,15949,1939,1.5818073183062278,30,0.320668968766197,0.006413379375323941,8.939323485505279,14.718868372563112,1.9944195079552907,3.583517524877727,9,"{""0"": 0.007768009636924677, ""1"": 0.0014467847499268875, ""2"": 0.01813627394393357, ""3"": 0.002726485416711034, ""4"": 0.0050304440414724386, ""5"": 0.0033722784629750284}"
control_random,200,p0.40,nan,1.0,2,0.4,79.60000000000001,79.745,62,103,15949,1939,1.5818073183062278,40,0.2895603201172601,0.0057912064023452016,8.04651630770919,15.135242355138253,2.0267746903116146,3.444096400817882,9,"{""0"": 0.007856136675408985, ""1"": 0.0014216073744895599, ""2"": 0.015582177135827335, ""3"": 0.0034799956372781786, ""4"": 0.002857039714152795, ""5"": 0.003550281876914358}"
control_random,200,p0.40,nan,1.0,2,0.4,79.60000000000001,79.745,62,103,15949,1939,1.5818073183062278,50,0.25075597749280787,0.005015119549856157,5.267877605489028,15.497872115144444,2.0796956911990003,3.354066026065621,9,"{""0"": 0.010274773806969052, ""1"": 0.0016305854718153712, ""2"": 0.007375832004079351, ""3"": 0.004718243603738547, ""4"": 0.0027432228049504128, ""5"": 0.0033480596075842113}"
control_random,200,p0.40,nan,1.0,2,0.4,79.60000000000001,79.745,62,103,15949,1939,1.5818073183062278,60,0.258780786251715,0.0051756157250343006,7.009210152326923,15.792815795995992,2.1134332473050534,3.069611898443854,9,"{""0"": 0.012172981583761108, ""1"": 0.0016727517879852397, ""2"": 0.00595940617015681, ""3"": 0.006480928385280471, ""4"": 0.002324875561645708, ""5"": 0.00244275086137647}"
control_random,200,p0.40,nan,1.0,2,0.4,79.60000000000001,79.745,62,103,15949,1939,1.5818073183062278,70,0.2773448343692025,0.005546896687384051,1.0401428342865884,15.944744350670812,2.100617579539591,2.95657017241548,9,"{""0"": 0.012736709167698992, ""1"": 0.0013464617873137155, ""2"": 0.007083576717661383, ""3"": 0.007588434305515891, ""4"": 0.001774007935245595, ""5"": 0.0027521902108687242}"
control_random,200,p0.40,nan,1.0,2,0.4,79.60000000000001,79.745,62,103,15949,1939,1.5818073183062278,80,0.28554559337175894,0.005710911867435179,5.572430819059515,16.086352751216022,2.114215746413896,2.8248041786579976,9,"{""0"": 0.012049471957681013, ""1"": 0.0010237785042617523, ""2"": 0.009360154856357956, ""3"": 0.008088299242498508, ""4"": 0.0014727665255841898, ""5"": 0.0022710001182276573}"
control_random,200,p0.40,nan,1.0,2,0.4,79.60000000000001,79.745,62,103,15949,1939,1.5818073183062278,90,0.26805299792413223,0.005361059958482646,1.174183855386119,16.177059131158796,2.108122739090257,2.818340760534125,9,"{""0"": 0.011196155443467143, ""1"": 0.0009970477644792918, ""2"": 0.00861869466947893, ""3"": 0.007561797487257825, ""4"": 0.0013983766833876603, ""5"": 0.0023942877028250284}"
control_random,200,p0.40,nan,1.0,2,0.4,79.60000000000001,79.745,62,103,15949,1939,1.5818073183062278,100,0.2838350530331511,0.0056767010606630225,9.56448203367204,16.32276476341482,2.1030657790060796,2.7358722937227515,8,"{""0"": 0.010924219141221481, ""1"": 0.0009311399584171215, ""2"": 0.010860810751878102, ""3"": 0.007628354066411267, ""4"": 0.0013827592175088136, ""5"": 0.002332923228541351}"
control_random,200,p0.40,nan,1.0,2,0.4,79.60000000000001,79.745,62,103,15949,1939,1.5818073183062278,110,0.2584436803417885,0.00516887360683577,5.793122796069881,16.362111187750966,2.1040436599159884,2.817955182782804,8,"{""0"": 0.010249476298163059, ""1"": 0.0009137745750211205, ""2"": 0.009575159530254127, ""3"": 0.006632432199777652, ""4"": 0.0013369549472109035, ""5"": 0.0023054440905877606}"
control_random,200,p0.40,nan,1.0,2,0.4,79.60000000000001,79.745,62,103,15949,1939,1.5818073183062278,120,0.2492168921183044,0.0049843378423660885,6.708507182350916,16.473704312402347,2.1041960150064156,2.93480724425017,9,"{""0"": 0.009884901955964403, ""1"": 0.0010273445289908148, ""2"": 0.009501581083717518, ""3"": 0.006212092719150746, ""4"": 0.0013678503238549289, ""5"": 0.0019122564425181176}"
control_random,200,p0.40,nan,1.0,2,0.4,79.60000000000001,79.745,62,103,15949,1939,1.5818073183062278,130,0.24132013091372048,0.0048264026182744104,6.166726893560946,16.605778930709867,2.112370494952803,2.855793971610997,8,"{""0"": 0.01034104043477938, ""1"": 0.0009543087768983693, ""2"": 0.00796425716166933, ""3"": 0.006852595681839714, ""4"": 0.0012964982507877325, ""5"": 0.0015497154036719337}"
control_random,200,p0.40,nan,1.0,2,0.4,79.60000000000001,79.745,62,103,15949,1939,1.5818073183062278,140,0.23419503206721956,0.004683900641344392,8.529250873839658,16.704872336121568,2.1246087498921415,2.926302204094028,8,"{""0"": 0.011003710897764755, ""1"": 0.0010309063036104055, ""2"": 0.007038099037381852, ""3"": 0.006397524385155904, ""4"": 0.0012552238093775773, ""5"": 0.0013779394147758622}"
control_random,200,p0.40,nan,1.0,2,0.4,79.60000000000001,79.745,62,103,15949,1939,1.5818073183062278,150,0.24072990375294268,0.004814598075058854,1.0825839819689465,16.789140850960212,2.1370719280919155,2.988020191928782,9,"{""0"": 0.011610327460594653, ""1"": 0.0012201760854265032, ""2"": 0.007349354469031183, ""3"": 0.005985944069254331, ""4"": 0.001326289799993851, ""5"": 0.0013954965660526028}"
control_random,200,p0.40,nan,1.0,2,0.4,79.60000000000001,79.745,62,103,15949,1939,1.5818073183062278,160,0.2628026045385339,0.005256052090770678,17.59122700151466,16.897807895605567,2.148560353830032,2.9175267876075535,8,"{""0"": 0.012141189907250183, ""1"": 0.0012473011042400462, ""2"": 0.009455294267718132, ""3"": 0.006216351193897665, ""4"": 0.0012889058645812787, ""5"": 0.001187270206936766}"
control_random,200,p0.40,nan,1.0,2,0.4,79.60000000000001,79.745,62,103,15949,1939,1.5818073183062278,170,0.2386787576672154,0.004773575153344309,0.7961206137282829,16.956571933231714,2.1373599483722807,2.95308865421331,8,"{""0"": 0.010521139391205182, ""1"": 0.0011675209686823587, ""2"": 0.008654147695909317, ""3"": 0.005859813022641312, ""4"": 0.001271415455517147, ""5"": 0.001167414386110541}"
control_random,200,p0.40,nan,1.0,2,0.4,79.60000000000001,79.745,62,103,15949,1939,1.5818073183062278,180,0.24586931823582542,0.004917386364716509,1.8336212723686036,17.018478907145493,2.1554930840943607,2.932733027139793,8,"{""0"": 0.01129438849683637, ""1"": 0.0012655716805150094, ""2"": 0.008690427139392406, ""3"": 0.005877718460634463, ""4"": 0.0012683432576782428, ""5"": 0.0011078691532425662}"
control_random,200,p0.40,nan,1.0,2,0.4,79.60000000000001,79.745,62,103,15949,1939,1.5818073183062278,190,0.22182650693610614,0.004436530138722123,1.3722749906720968,17.063294565490732,2.157808869110648,3.026678798260107,8,"{""0"": 0.01080116083887, ""1"": 0.0014324509966490548, ""2"": 0.006727397769662237, ""3"": 0.005245701928802661, ""4"": 0.0013041642489291124, ""5"": 0.0011083050494196784}"
control_random,200,p0.40,nan,1.0,2,0.4,79.60000000000001,79.745,62,103,15949,1939,1.5818073183062278,200,0.20416112357507238,0.004083222471501448,0.5178718645444348,17.12376616370891,2.1562192778914793,3.0650995722322087,8,"{""0"": 0.009627660668548801, ""1"": 0.0014586660973527222, ""2"": 0.006687507128606671, ""3"": 0.004259795833471004, ""4"": 0.0013364436620309883, ""5"": 0.0011292614389985017}"
control_random,200,p0.05,nan,1.0,3,0.05,9.950000000000001,10.375,3,17,2075,2075,1.6051902349827163,0,1.0278892165911495,0.020557784331822995,nan,0.0,1.6051902349827163,6.407318990656405,13,"{""0"": 0.015740632891306422, ""1"": 0.019036509573845888, ""2"": 0.022194516514126482, ""3"": 0.016653663394312828, ""4"": 0.02181204578539834, ""5"": 0.02790933783194801}"
control_random,200,p0.05,nan,1.0,3,0.05,9.950000000000001,10.375,3,17,2075,2075,1.6051902349827163,10,0.9029225197952425,0.01805845039590485,17.011691946076578,11.322948797783669,2.1237810756289877,2.0446381865246743,9,"{""0"": 0.0120723693972757, ""1"": 0.0034974535634950633, ""2"": 0.02235125142133727, ""3"": 0.017720711589306416, ""4"": 0.016073382174373523, ""5"": 0.03663553422964115}"
control_random,200,p0.05,nan,1.0,3,0.05,9.950000000000001,10.375,3,17,2075,2075,1.6051902349827163,20,0.7318070538114714,0.014636141076229429,4.511611770226654,14.295476752974919,2.2074529197388775,4.371664661969085,12,"{""0"": 0.015575494987750255, ""1"": 0.012277027279332591, ""2"": 0.0069045172543086035, ""3"": 0.0073477965726582665, ""4"": 0.018961544796713508, ""5"": 0.026750465566613358}"
control_random,200,p0.05,nan,1.0,3,0.05,9.950000000000001,10.375,3,17,2075,2075,1.6051902349827163,30,0.6699844584160443,0.013399689168320886,12.729243827499703,14.873764877597319,2.2172126499636944,3.7125170269894996,12,"{""0"": 0.010518623211529661, ""1"": 0.009031667461532394, ""2"": 0.008622467443317083, ""3"": 0.01302548879763834, ""4"": 0.013845762314253765, ""5"": 0.02535412578165409}"
control_random,200,p0.05,nan,1.0,3,0.05,9.950000000000001,10.375,3,17,2075,2075,1.6051902349827163,40,0.557768896122616,0.011155377922452322,42.426370371578535,15.021280231038457,2.081717235677699,3.3149953016262947,12,"{""0"": 0.00633533641642, ""1"": 0.011304337750509303, ""2"": 0.015401260753715462, ""3"": 0.007384555779189554, ""4"": 0.007226049888502386, ""5"": 0.01928072694637722}"
control_random,200,p0.05,nan,1.0,3,0.05,9.950000000000001,10.375,3,17,2075,2075,1.6051902349827163,50,0.5833381753934744,0.011666763507869491,14.897573538199552,15.627567248572436,2.0929920092262693,4.001201770261664,12,"{""0"": 0.008006010734331201, ""1"": 0.015721320731848697, ""2"": 0.018104882771143267, ""3"": 0.004709303925171909, ""4"": 0.009839461326211251, ""5"": 0.013619601558510632}"
control_random,200,p0.05,nan,1.0,3,0.05,9.950000000000001,10.375,3,17,2075,2075,1.6051902349827163,60,0.45981217842515487,0.009196243568503099,3.398532666973736,15.88099980605494,2.1299972350453684,3.7465277063564133,13,"{""0"": 0.009623437835402492, ""1"": 0.00400459478532564, ""2"": 0.014708926791454125, ""3"": 0.0043451977261182, ""4"": 0.007514410895248647, ""5"": 0.014980893377469487}"
control_random,200,p0.05,nan,1.0,3,0.05,9.950000000000001,10.375,3,17,2075,2075,1.6051902349827163,70,0.4912614787378266,0.009825229574756534,6.969967573025135,15.970820764179821,2.1292482363217498,3.5204479131904827,13,"{""0"": 0.012042874232315268, ""1"": 0.00399111566027881, ""2"": 0.014669599771440667, ""3"": 0.003895191115735193, ""4"": 0.005956363656354928, ""5"": 0.018396233012414328}"
control_random,200,p0.05,nan,1.0,3,0.05,9.950000000000001,10.375,3,17,2075,2075,1.6051902349827163,80,0.48466645233844585,0.009693329046768919,8.431545638083856,16.1653833672275,2.1189731915879593,3.1618207782772787,12,"{""0"": 0.009736378180587231, ""1"": 0.003964995844420456, ""2"": 0.01689388555444183, ""3"": 0.004097184260212179, ""4"": 0.005166853640444479, ""5"": 0.01830067680050733}"
control_random,200,p0.05,nan,1.0,3,0.05,9.950000000000001,10.375,3,17,2075,2075,1.6051902349827163,90,0.4680527385322567,0.009361054770645135,4.774045375240193,16.336501704656968,2.1092756166667335,3.233212697973765,12,"{""0"": 0.006606843074989271, ""1"": 0.00464348923490112, ""2"": 0.015960533335678366, ""3"": 0.003878070772903803, ""4"": 0.005831182243015349, ""5"": 0.01924620996238291}"
control_random,200,p0.05,nan,1.0,3,0.05,9.950000000000001,10.375,3,17,2075,2075,1.6051902349827163,100,0.47471943597854677,0.009494388719570937,14.11552881133521,16.345028469572373,2.11675255930131,3.2789835544179122,12,"{""0"": 0.006620304562916771, ""1"": 0.004576363551455917, ""2"": 0.01400094855398903, ""3"": 0.0037238130597954666, ""4"": 0.005864522638707704, ""5"": 0.022180379950560734}"
control_random,200,p0.05,nan,1.0,3,0.05,9.950000000000001,10.375,3,17,2075,2075,1.6051902349827163,110,0.4459462635015975,0.008918925270031951,17.10026014565279,16.53563123180171,2.1408697014419724,3.3447918011137077,12,"{""0"": 0.006900197363413384, ""1"": 0.0043690849790209586, ""2"": 0.013473993601641495, ""3"": 0.003767602227189258, ""4"": 0.005663289454877464, ""5"": 0.019339383994049143}"
control_random,200,p0.05,nan,1.0,3,0.05,9.950000000000001,10.375,3,17,2075,2075,1.6051902349827163,120,0.4587350461500676,0.009174700923001353,7.25773472058405,16.62923967116573,2.1429904192540596,3.2962149627560797,12,"{""0"": 0.007438475326337986, ""1"": 0.003983511890682906, ""2"": 0.011987179765426657, ""3"": 0.0037871756836722627, ""4"": 0.005482643786355533, ""5"": 0.022369219085532775}"
control_random,200,p0.05,nan,1.0,3,0.05,9.950000000000001,10.375,3,17,2075,2075,1.6051902349827163,130,0.47150424421317344,0.00943008488426347,7.0628807574384105,16.72985066086715,2.1441625616357256,3.1400427367137422,12,"{""0"": 0.007567241259724048, ""1"": 0.004141935024021438, ""2"": 0.013996280783225712, ""3"": 0.003685542722438358, ""4"": 0.005265772032927493, ""5"": 0.02192373748324377}"
control_random,200,p0.05,nan,1.0,3,0.05,9.950000000000001,10.375,3,17,2075,2075,1.6051902349827163,140,0.46426710465157134,0.009285342093031428,23.068599730282642,16.846592411424847,2.1539728631417363,3.3147433657264456,12,"{""0"": 0.00819418100930674, ""1"": 0.003981147412945095, ""2"": 0.011825330084805066, ""3"": 0.0037592019188789176, ""4"": 0.005102770217515451, ""5"": 0.0228494219147373}"
control_random,200,p0.05,nan,1.0,3,0.05,9.950000000000001,10.375,3,17,2075,2075,1.6051902349827163,150,0.4653156502563686,0.009306313005127374,5.2054891954442954,16.887779468127814,2.147149152911496,3.4152256730502777,12,"{""0"": 0.008728505847742363, ""1"": 0.004064547205126433, ""2"": 0.01094207986452629, ""3"": 0.0035608774738750786, ""4"": 0.005236598872348902, ""5"": 0.023305268767145174}"
control_random,200,p0.05,nan,1.0,3,0.05,9.950000000000001,10.375,3,17,2075,2075,1.6051902349827163,160,0.4567193399122729,0.00913438679824546,13.669507080431165,16.919831828545185,2.146671143062628,3.374583439518413,12,"{""0"": 0.007734947640623031, ""1"": 0.004001832459474877, ""2"": 0.010534057431052273, ""3"": 0.0035976683577923587, ""4"": 0.005319527061636261, ""5"": 0.023618287838893963}"
control_random,200,p0.05,nan,1.0,3,0.05,9.950000000000001,10.375,3,17,2075,2075,1.6051902349827163,170,0.41778867094704286,0.008355773418940858,5.945550663099619,17.0075192854731,2.1567462466248473,3.5153121319966414,12,"{""0"": 0.008147836309209632, ""1"": 0.003430578658454405, ""2"": 0.008188662257973574, ""3"": 0.0037197799986600152, ""4"": 0.004662599174333612, ""5"": 0.021985184115013906}"
control_random,200,p0.05,nan,1.0,3,0.05,9.950000000000001,10.375,3,17,2075,2075,1.6051902349827163,180,0.42006700147512777,0.008401340029502557,15.810095543130135,17.02670948919682,2.1457047659244535,3.532055915413836,12,"{""0"": 0.008447158085794168, ""1"": 0.0036057641555304306, ""2"": 0.008323751162404417, ""3"": 0.0038433473315390627, ""4"": 0.004632557869159427, ""5"": 0.021555461572587826}"
control_random,200,p0.05,nan,1.0,3,0.05,9.950000000000001,10.375,3,17,2075,2075,1.6051902349827163,190,0.40618134360337643,0.00812362687206753,3.0380067446135555,17.02326974624948,2.1513631383796525,3.4830260982547214,12,"{""0"": 0.007774209845065565, ""1"": 0.0034829502066709658, ""2"": 0.00803282254895394, ""3"": 0.004169466252852761, ""4"": 0.0041455521658377344, ""5"": 0.02113676021302421}"
control_random,200,p0.05,nan,1.0,3,0.05,9.950000000000001,10.375,3,17,2075,2075,1.6051902349827163,200,0.40759939537683804,0.008151987907536762,12.13841605477608,17.08397004638528,2.160080537048904,3.5347620564322138,12,"{""0"": 0.008422994500287193, ""1"": 0.003393213226498236, ""2"": 0.008067004019427408, ""3"": 0.004064014811013278, ""4"": 0.004164999873539283, ""5"": 0.020799701014455167}"
control_random,200,p0.10,nan,1.0,3,0.1,19.900000000000002,20.3,8,30,4060,2075,1.5210844010366658,0,1.0107069702675244,0.020214139405350492,nan,0.0,1.5210844010366658,5.71642180945894,13,"{""0"": 0.021096903805746647, ""1"": 0.019903112850135123, ""2"": 0.018335758746592615, ""3"": 0.022048621421798056, ""4"": 0.01911112547450603, ""5"": 0.0207893141333245}"
control_random,200,p0.10,nan,1.0,3,0.1,19.900000000000002,20.3,8,30,4060,2075,1.5210844010366658,10,1.040816508602163,0.020816330172043266,37.7289768646805,12.445098780505747,1.9723124194922415,2.0625619527389896,8,"{""0"": 0.0042900908007581905, ""1"": 0.01509313462970344, ""2"": 0.0275731136507256, ""3"": 0.04256481949781934, ""4"": 0.007260610335278946, ""5"": 0.028116212117974087}"
control_random,200,p0.10,nan,1.0,3,0.1,19.900000000000002,20.3,8,30,4060,2075,1.5210844010366658,20,0.8166549318719277,0.016333098637438558,4.8764256548192195,16.61220912494476,2.1384951079071857,3.633702458025704,10,"{""0"": 0.015089504482340263, ""1"": 0.01258386010743322, ""2"": 0.011500540497934064, ""3"": 0.0014610923229798043, ""4"": 0.007370822344872741, ""5"": 0.04999277206907127}"
control_random,200,p0.10,nan,1.0,3,0.1,19.900000000000002,20.3,8,30,4060,2075,1.5210844010366658,30,0.62336398535704,0.0124672797071408,1.259158080860224,17.036176551018404,2.0377883765718825,2.186505288580532,7,"{""0"": 0.008672056186380925, ""1"": 0.0036113693249011473, ""2"": 0.017969642844952734, ""3"": 0.0023639806317887957, ""4"": 0.0028650612564916807, ""5"": 0.03932156799832954}"
control_random,200,p0.10,nan,1.0,3,0.1,19.900000000000002,20.3,8,30,4060,2075,1.5210844010366658,40,0.6530036732195006,0.013060073464390014,36.891657892229496,17.51677244738547,2.0622930487178346,2.918121550596501,10,"{""0"": 0.007800667670269238, ""1"": 0.013802473752788525, ""2"": 0.016915549967443752, ""3"": 0.005015769188272916, ""4"": 0.008007991440436507, ""5"": 0.026817988767129135}"
control_random,200,p0.10,nan,1.0,3,0.1,19.900000000000002,20.3,8,30,4060,2075,1.5210844010366658,50,0.565599209894262,0.011311984197885244,12.588008092554192,17.937199777700254,2.068391361776087,2.6990067276469616,11,"{""0"": 0.011036873345761403, ""1"": 0.0057071132726011515, ""2"": 0.011933223952001146, ""3"": 0.00831941991372856, ""4"": 0.00328001484565082, ""5"": 0.02759525985756837}"
control_random,200,p0.10,nan,1.0,3,0.1,19.900000000000002,20.3,8,30,4060,2075,1.5210844010366658,60,0.5454518497900348,0.0109090369958007,3.133795638314279,18.110918547311933,2.0715837933466346,2.15544499744236,9,"{""0"": 0.01107795850264219, ""1"": 0.002863479117294412, ""2"": 0.012143813594863462, ""3"": 0.009307987702684782, ""4"": 0.0017861136684940802, ""5"": 0.028274869388825268}"
control_random,200,p0.10,nan,1.0,3,0.1,19.900000000000002,20.3,8,30,4060,2075,1.5210844010366658,70,0.5444994202786531,0.010889988405573063,2.567927353261063,18.317689207040267,2.0810557010265462,2.1647547809513332,9,"{""0"": 0.00988791643398782, ""1"": 0.002672139998480117, ""2"": 0.012688518328685228, ""3"": 0.007463059695332891, ""4"": 0.0016465521255534972, ""5"": 0.03098174385139883}"
control_random,200,p0.10,nan,1.0,3,0.1,19.900000000000002,20.3,8,30,4060,2075,1.5210844010366658,80,0.5471225486736243,0.010942450973472488,2.0327505303688267,18.305387108701087,2.0773036859504614,2.19388164850843,9,"{""0"": 0.00838477203421475, ""1"": 0.0029882757575850722, ""2"": 0.013001626855609493, ""3"": 0.006144155242392442, ""4"": 0.0017755028778154414, ""5"": 0.033360373073217736}"
control_random,200,p0.10,nan,1.0,3,0.1,19.900000000000002,20.3,8,30,4060,2075,1.5210844010366658,90,0.5553264908781953,0.011106529817563908,1.8355906649182625,18.510741838302216,2.087291283076216,2.388392117521623,9,"{""0"": 0.006150970545709046, ""1"": 0.004503689297364248, ""2"": 0.013269320138661653, ""3"": 0.0033950993426199714, ""4"": 0.002872275127643325, ""5"": 0.03644782445338521}"
control_random,200,p0.10,nan,1.0,3,0.1,19.900000000000002,20.3,8,30,4060,2075,1.5210844010366658,100,0.5228491075189955,0.010456982150379912,12.827250629807928,18.703188041910007,2.0906896874555914,2.395290731135774,9,"{""0"": 0.006068451632346006, ""1"": 0.0035640982588656307, ""2"": 0.01434380396725482, ""3"": 0.002817060310410377, ""4"": 0.002416722785276092, ""5"": 0.033531755948126546}"
control_random,200,p0.10,nan,1.0,3,0.1,19.900000000000002,20.3,8,30,4060,2075,1.5210844010366658,110,0.5267709036441571,0.010535418072883145,37.52488105088642,18.84631497214717,2.0899532374749685,2.3156846835409,9,"{""0"": 0.0063698837294321, ""1"": 0.002984042903753517, ""2"": 0.016347938595098154, ""3"": 0.0030699916406330516, ""4"": 0.002304357917216273, ""5"": 0.03213629365116578}"
control_random,200,p0.10,nan,1.0,3,0.1,19.900000000000002,20.3,8,30,4060,2075,1.5210844010366658,120,0.5015037162328233,0.010030074324656467,1.5130711395621503,18.98197870004679,2.091761269071117,2.5960789709214036,10,"{""0"": 0.006297003185421651, ""1"": 0.0036476740578872116, ""2"": 0.018027565531050237, ""3"": 0.002106061071294573, ""4"": 0.0028879737476614122, ""5"": 0.027214168354623713}"
control_random,200,p0.10,nan,1.0,3,0.1,19.900000000000002,20.3,8,30,4060,2075,1.5210844010366658,130,0.5238268636776859,0.01047653727355372,31.497587417645025,19.100709628656926,2.0862216488417396,2.419033224627023,9,"{""0"": 0.006326813957431369, ""1"": 0.0034019740109036403, ""2"": 0.018872497331664666, ""3"": 0.0024342853520751507, ""4"": 0.003477144917057559, ""5"": 0.02834650807218994}"
control_random,200,p0.10,nan,1.0,3,0.1,19.900000000000002,20.3,8,30,4060,2075,1.5210844010366658,140,0.5127572073363565,0.010255144146727133,12.836295473948661,19.20977044408562,2.067103017530812,2.3396558379890737,9,"{""0"": 0.007194972814425336, ""1"": 0.003191622563600039, ""2"": 0.019640904427503835, ""3"": 0.002613576702899957, ""4"": 0.003470201608135534, ""5"": 0.02541958676379811}"
control_random,200,p0.10,nan,1.0,3,0.1,19.900000000000002,20.3,8,30,4060,2075,1.5210844010366658,150,0.5053375469758087,0.010106750939516176,1.2055700842669757,19.28898342742512,2.066133095339274,2.4383617808255944,10,"{""0"": 0.006886896858840165, ""1"": 0.0031529885709369815, ""2"": 0.02065264252634123, ""3"": 0.0022128279618583934, ""4"": 0.00332444574964497, ""5"": 0.02441070396947532}"
control_random,200,p0.10,nan,1.0,3,0.1,19.900000000000002,20.3,8,30,4060,2075,1.5210844010366658,160,0.49214994811871554,0.009842998962374313,1.5323800288488512,19.37223593876587,2.07052673730657,2.4707055007612695,10,"{""0"": 0.006688070655207962, ""1"": 0.0032331108040342866, ""2"": 0.020058758661176734, ""3"": 0.0020583759970382474, ""4"": 0.003169294379493448, ""5"": 0.023850383277295197}"
control_random,200,p0.10,nan,1.0,3,0.1,19.900000000000002,20.3,8,30,4060,2075,1.5210844010366658,170,0.480486097015297,0.00960972194030594,0.7579861010652429,19.469098631197063,2.080420339568234,2.5890623458946282,10,"{""0"": 0.006530541766691394, ""1"": 0.0035534923982467547, ""2"": 0.019944243635651244, ""3"": 0.0018168525816614177, ""4"": 0.002842134996426773, ""5"": 0.022971066263158053}"
control_random,200,p0.10,nan,1.0,3,0.1,19.900000000000002,20.3,8,30,4060,2075,1.5210844010366658,180,0.4651690461057494,0.009303380922114989,1.1583642373430292,19.528522048930654,2.084716063772194,2.649058073750158,10,"{""0"": 0.0064385363785671775, ""1"": 0.0031711424444525087, ""2"": 0.0195691750254194, ""3"": 0.0016359259254018744, ""4"": 0.0024784511384680764, ""5"": 0.022527054620380897}"
control_random,200,p0.10,nan,1.0,3,0.1,19.900000000000002,20.3,8,30,4060,2075,1.5210844010366658,190,0.4495747674310696,0.008991495348621394,23.093919848968007,19.5771900456514,2.0861448960609827,2.617339229375283,10,"{""0"": 0.007141422582771309, ""1"": 0.003052613939519941, ""2"": 0.018410058474383456, ""3"": 0.001842342727763403, ""4"": 0.00222161680112714, ""5"": 0.02128091756616312}"
control_random,200,p0.10,nan,1.0,3,0.1,19.900000000000002,20.3,8,30,4060,2075,1.5210844010366658,200,0.4567430571036549,0.0091348611420731,2.2173699144986023,19.67712048999202,2.0845583989833663,2.573616704455256,10,"{""0"": 0.007237624572449188, ""1"": 0.0028651100358030534, ""2"": 0.01968427614350352, ""3"": 0.001802874801253164, ""4"": 0.002113372788396563, ""5"": 0.021105908511033108}"
control_random,200,p0.20,nan,1.0,3,0.2,39.800000000000004,39.87,24,55,7974,2075,1.5386710773925683,0,1.0066999229471827,0.020133998458943658,nan,0.0,1.5386710773925683,4.917804883290379,12,"{""0"": 0.02059791465420443, ""1"": 0.021629025662257155, ""2"": 0.018163129245565533, ""3"": 0.01819889971166405, ""4"": 0.022586830807414925, ""5"": 0.01962819067255584}"
control_random,200,p0.20,nan,1.0,3,0.2,39.800000000000004,39.87,24,55,7974,2075,1.5386710773925683,10,0.6617742160731759,0.013235484321463521,19.276761565288872,13.732094765641081,1.9088683207902268,3.289425625378632,10,"{""0"": 0.009027666436568263, ""1"": 0.01280531491634034, ""2"": 0.015550383922466776, ""3"": 0.020059449444994677, ""4"": 0.008983042586699162, ""5"": 0.012987048621711897}"
control_random,200,p0.20,nan,1.0,3,0.2,39.800000000000004,39.87,24,55,7974,2075,1.5386710773925683,20,0.44031738318243674,0.008806347663648736,12.878293680344886,14.389388413841091,2.0641806526734676,3.402960331373815,9,"{""0"": 0.008380415164733814, ""1"": 0.008803927781849075, ""2"": 0.010530202257210599, ""3"": 0.0031658608996457615, ""4"": 0.009485735459708124, ""5"": 0.012471944418745037}"
control_random,200,p0.20,nan,1.0,3,0.2,39.800000000000004,39.87,24,55,7974,2075,1.5386710773925683,30,0.4110793395928207,0.008221586791856415,9.989079534743267,14.684798262101133,2.0423635351250495,3.2747169795256608,9,"{""0"": 0.004395384786330995, ""1"": 0.006636076634965782, ""2"": 0.01897142487645468, ""3"": 0.00240152060266021, ""4"": 0.00564049894517991, ""5"": 0.011284614905546908}"
control_random,200,p0.20,nan,1.0,3,0.2,39.800000000000004,39.87,24,55,7974,2075,1.5386710773925683,40,0.36659563815285057,0.007331912763057013,38.407969055710794,14.542596741324104,1.9627493611500204,3.2310999368279627,9,"{""0"": 0.006789923422473686, ""1"": 0.006140825509114682, ""2"": 0.01916891077671664, ""3"": 0.0042653680314370165, ""4"": 0.003380937153056435, ""5"": 0.00424551168554361}"
control_random,200,p0.20,nan,1.0,3,0.2,39.800000000000004,39.87,24,55,7974,2075,1.5386710773925683,50,0.4351664796497015,0.008703329592994032,5.771870806494482,14.93039460506205,1.98469879607543,3.3704544787010864,9,"{""0"": 0.012171016325395629, ""1"": 0.011301432935213929, ""2"": 0.016778263598127514, ""3"": 0.0044646648848673896, ""4"": 0.003989954301607699, ""5"": 0.0035146455127520295}"
control_random,200,p0.20,nan,1.0,3,0.2,39.800000000000004,39.87,24,55,7974,2075,1.5386710773925683,60,0.4427768010870104,0.00885553602174021,1.9064556112043545,15.047078519824948,1.9884814772470112,2.820602566293293,9,"{""0"": 0.013028280580029378, ""1"": 0.005846983523601597, ""2"": 0.020724932838703837, ""3"": 0.006252154882818046, ""4"": 0.0021244350342196844, ""5"": 0.0051564292710687175}"
control_random,200,p0.20,nan,1.0,3,0.2,39.800000000000004,39.87,24,55,7974,2075,1.5386710773925683,70,0.42290682731238544,0.00845813654624771,6.642414318482014,15.288081477100588,1.955501229523901,2.7765891545931503,9,"{""0"": 0.012291883771329499, ""1"": 0.005399980453674469, ""2"": 0.020073649022450103, ""3"": 0.005719683747276571, ""4"": 0.002038900017676458, ""5"": 0.005224722265079157}"
control_random,200,p0.20,nan,1.0,3,0.2,39.800000000000004,39.87,24,55,7974,2075,1.5386710773925683,80,0.38497278015077663,0.007699455603015533,2.3820792870401224,15.343701188024417,1.9655742969775096,2.724823292952104,9,"{""0"": 0.007127917328766288, ""1"": 0.004101920414162104, ""2"": 0.02161374912849153, ""3"": 0.0042771137559429444, ""4"": 0.002342664533666896, ""5"": 0.006733368457063439}"
control_random,200,p0.20,nan,1.0,3,0.2,39.800000000000004,39.87,24,55,7974,2075,1.5386710773925683,90,0.38815682491539605,0.007763136498307922,10.747204532321422,15.39235183907834,1.9757465685722886,2.7130867314938643,8,"{""0"": 0.005966390291052505, ""1"": 0.0042417790153270315, ""2"": 0.02131049227490548, ""3"": 0.0038654122228146985, ""4"": 0.002934666708376397, ""5"": 0.008260078477371412}"
control_random,200,p0.20,nan,1.0,3,0.2,39.800000000000004,39.87,24,55,7974,2075,1.5386710773925683,100,0.4030513493444943,0.008061026986889888,46.12668036060585,15.456141283515812,1.9592395188136218,2.5913948286387734,8,"{""0"": 0.006311870714843992, ""1"": 0.00384581520120761, ""2"": 0.021674693611449396, ""3"": 0.004052945341614099, ""4"": 0.0030848368174568657, ""5"": 0.009396000234767363}"
control_random,200,p0.20,nan,1.0,3,0.2,39.800000000000004,39.87,24,55,7974,2075,1.5386710773925683,110,0.3895755521492417,0.007791511042984835,3.5183687463552342,15.563577394736358,1.9759692056720897,2.686317275689155,8,"{""0"": 0.006945138690494722, ""1"": 0.004119882955006278, ""2"": 0.020364362682560214, ""3"": 0.003980232179338007, ""4"": 0.0029081506104019334, ""5"": 0.008431299140107859}"
control_random,200,p0.20,nan,1.0,3,0.2,39.800000000000004,39.87,24,55,7974,2075,1.5386710773925683,120,0.4059785724307519,0.00811957144861504,5.741504411763624,15.666683400110642,1.9706492558134996,2.6780623185191774,8,"{""0"": 0.005827437144087434, ""1"": 0.004867176393062153, ""2"": 0.022262402476852433, ""3"": 0.003151948096048467, ""4"": 0.003027184442803248, ""5"": 0.009581280138836499}"
control_random,200,p0.20,nan,1.0,3,0.2,39.800000000000004,39.87,24,55,7974,2075,1.5386710773925683,130,0.4044227700302802,0.008088455400605606,16.936308939003883,15.734800115723951,1.9801799321653253,2.650796295107505,8,"{""0"": 0.0057453285802609244, ""1"": 0.005167321610580616, ""2"": 0.02216931071903749, ""3"": 0.003216759537530737, ""4"": 0.0028034240078104802, ""5"": 0.009428587948413383}"
control_random,200,p0.20,nan,1.0,3,0.2,39.800000000000004,39.87,24,55,7974,2075,1.5386710773925683,140,0.40874110165398386,0.008174822033079678,0.9184827298764333,15.822646506366743,1.9820120164918902,2.682376511189655,9,"{""0"": 0.0051275353681098906, ""1"": 0.005398484351032425, ""2"": 0.022673213441948267, ""3"": 0.0028209320543644977, ""4"": 0.0031364626493209555, ""5"": 0.009892304333702034}"
control_random,200,p0.20,nan,1.0,3,0.2,39.800000000000004,39.87,24,55,7974,2075,1.5386710773925683,150,0.39372920939306544,0.00787458418786131,3.265430691055422,15.820700504184343,1.9832972437984575,2.6397607680387734,8,"{""0"": 0.005087313107526245, ""1"": 0.005139626060007491, ""2"": 0.02181861109006577, ""3"": 0.0030098837340016725, ""4"": 0.0029656440600300065, ""5"": 0.009226427075536687}"
control_random,200,p0.20,nan,1.0,3,0.2,39.800000000000004,39.87,24,55,7974,2075,1.5386710773925683,160,0.378365463644879,0.007567309272897581,20.948635001701433,15.962942775589571,1.9686094897917497,2.6200079371005116,8,"{""0"": 0.0055246935160009735, ""1"": 0.005072083243366958, ""2"": 0.02079126925425497, ""3"": 0.0033599588792776122, ""4"": 0.0028016511366162128, ""5"": 0.00785419960786876}"
control_random,200,p0.20,nan,1.0,3,0.2,39.800000000000004,39.87,24,55,7974,2075,1.5386710773925683,170,0.3604148328225851,0.007208296656451703,20.36030625082613,15.976086278738364,1.958201357559099,2.7082483688523196,9,"{""0"": 0.006160553071165173, ""1"": 0.004762515125428346, ""2"": 0.019437648131498998, ""3"": 0.004070077053072651, ""4"": 0.0029217889790616822, ""5"": 0.005897197578483367}"
control_random,200,p0.20,nan,1.0,3,0.2,39.800000000000004,39.87,24,55,7974,2075,1.5386710773925683,180,0.3557131956693906,0.0071142639133878124,42.713521727829686,15.960036039725306,1.962558598343337,2.8247328120727286,9,"{""0"": 0.007251728634811263, ""1"": 0.0052712126482286825, ""2"": 0.017773334621438253, ""3"": 0.004658467852663718, ""4"": 0.003020501881447555, ""5"": 0.004710337841737407}"
control_random,200,p0.20,nan,1.0,3,0.2,39.800000000000004,39.87,24,55,7974,2075,1.5386710773925683,190,0.36166427778911986,0.007233285555782397,3.0942834062869453,16.009115530772657,1.9639382671798105,2.8413129430456676,9,"{""0"": 0.007541640993731729, ""1"": 0.005250072053556191, ""2"": 0.017362805990753256, ""3"": 0.005158743649128829, ""4"": 0.0033773150045174087, ""5"": 0.004709135643006972}"
control_random,200,p0.20,nan,1.0,3,0.2,39.800000000000004,39.87,24,55,7974,2075,1.5386710773925683,200,0.36885802899544656,0.007377160579908932,5.414247979067999,16.05244046363034,1.9610095929414564,2.8611195639416107,9,"{""0"": 0.00904157600024168, ""1"": 0.004838566795270042, ""2"": 0.016882183653836855, ""3"": 0.005352490194294372, ""4"": 0.0036376556841320956, ""5"": 0.004510491151678552}"
control_random,200,p0.40,nan,1.0,3,0.4,79.60000000000001,79.135,60,97,15827,2075,1.6201387639837361,0,0.9818430657069699,0.0196368613141394,nan,0.0,1.6201387639837361,7.709489428035659,14,"{""0"": 0.016513334541243138, ""1"": 0.021396501662154205, ""2"": 0.01991888544752144, ""3"": 0.020485591946657618, ""4"": 0.019168914877194253, ""5"": 0.02033793941006575}"
control_random,200,p0.40,nan,1.0,3,0.4,79.60000000000001,79.135,60,97,15827,2075,1.6201387639837361,10,0.6705304913552088,0.013410609827104177,35.83947476399543,11.274408634741672,2.078241369273322,2.7436586948469857,8,"{""0"": 0.015327300225022628, ""1"": 0.0020046083830406658, ""2"": 0.037823926643390154, ""3"": 0.010797274845039326, ""4"": 0.0025290727110794235, ""5"": 0.011981476155052878}"
control_random,200,p0.40,nan,1.0,3,0.4,79.60000000000001,79.135,60,97,15827,2075,1.6201387639837361,20,0.40219513023308123,0.008043902604661627,6.838501781569322,13.061226221689623,1.9900808321661476,3.0925370865264643,9,"{""0"": 0.004405546571820778, ""1"": 0.013422584509501276, ""2"": 0.015096325084388476, ""3"": 0.0031475724745406, ""4"": 0.006249323200755492, ""5"": 0.005942063786963128}"
control_random,200,p0.40,nan,1.0,3,0.4,79.60000000000001,79.135,60,97,15827,2075,1.6201387639837361,30,0.37015365137387596,0.007403073027477521,2.3582739426916914,13.163729991692279,1.9509938819839134,3.1310792312056583,8,"{""0"": 0.005810360539270606, ""1"": 0.016287938858949396, ""2"": 0.011669006572339422, ""3"": 0.002381891915456995, ""4"": 0.002375834326722397, ""5"": 0.0058934059521263075}"
control_random,200,p0.40,nan,1.0,3,0.4,79.60000000000001,79.135,60,97,15827,2075,1.6201387639837361,40,0.38417052278989045,0.00768341045579781,10.22338794478964,13.521799669470433,2.0555066614241335,3.1107332328565254,8,"{""0"": 0.005229028946301383, ""1"": 0.015605143351594696, ""2"": 0.014501766768053339, ""3"": 0.003254987808415452, ""4"": 0.004496016601064643, ""5"": 0.003013519259357343}"
control_random,200,p0.40,nan,1.0,3,0.4,79.60000000000001,79.135,60,97,15827,2075,1.6201387639837361,50,0.3912291624187729,0.007824583248375459,25.08211228181444,13.864600342534485,2.0725500268979875,3.1778674101422744,8,"{""0"": 0.004374869265443819, ""1"": 0.020355084490943587, ""2"": 0.012939986247409005, ""3"": 0.0024385399213064755, ""4"": 0.0044043864809991794, ""5"": 0.002434633084150695}"
control_random,200,p0.40,nan,1.0,3,0.4,79.60000000000001,79.135,60,97,15827,2075,1.6201387639837361,60,0.3634066073222608,0.007268132146445217,13.087725781823496,14.056449610841568,2.053058875761976,3.227725523544879,8,"{""0"": 0.005965288326628656, ""1"": 0.016515563148851487, ""2"": 0.013741307758834897, ""3"": 0.003052787813989403, ""4"": 0.0015647116379956198, ""5"": 0.002769134192371249}"
control_random,200,p0.40,nan,1.0,3,0.4,79.60000000000001,79.135,60,97,15827,2075,1.6201387639837361,70,0.35461221436635776,0.007092244287327156,8.38615264686743,14.099585237678967,2.099641443212609,3.211831852374119,8,"{""0"": 0.0060345560403782805, ""1"": 0.011536510619879098, ""2"": 0.015937781290833147, ""3"": 0.0037282359568747694, ""4"": 0.001857761852576479, ""5"": 0.003458619963421169}"
control_random,200,p0.40,nan,1.0,3,0.4,79.60000000000001,79.135,60,97,15827,2075,1.6201387639837361,80,0.31787696765080103,0.0063575393530160215,5.083286367845997,14.227607494677754,2.1086602934753818,2.9769872174582264,8,"{""0"": 0.003814640449075315, ""1"": 0.009661800092450105, ""2"": 0.016952328263566872, ""3"": 0.0024340922001620793, ""4"": 0.0013248984146429685, ""5"": 0.003957476698198794}"
control_random,200,p0.40,nan,1.0,3,0.4,79.60000000000001,79.135,60,97,15827,2075,1.6201387639837361,90,0.32968041317759744,0.00659360826355195,1.1827010721733644,14.295149593833406,2.1105365671306133,3.034630255371309,8,"{""0"": 0.002889056985391746, ""1"": 0.010070855157148798, ""2"": 0.017299762929195706, ""3"": 0.00179705995357489, ""4"": 0.002404256238902365, ""5"": 0.005100658317098195}"
control_random,200,p0.40,nan,1.0,3,0.4,79.60000000000001,79.135,60,97,15827,2075,1.6201387639837361,100,0.35001002103547746,0.0070002004207095495,28.78484117885163,14.415710709862449,2.1076695297205594,2.992556692293171,7,"{""0"": 0.0028739653821696224, ""1"": 0.0107840206215831, ""2"": 0.016352277962885645, ""3"": 0.0016040825799028512, ""4"": 0.002051622880176343, ""5"": 0.008335233097539734}"
control_random,200,p0.40,nan,1.0,3,0.4,79.60000000000001,79.135,60,97,15827,2075,1.6201387639837361,110,0.34347408764643494,0.0068694817529287005,22.287339843590576,14.497616756948762,2.0982890110844767,3.191668258980899,8,"{""0"": 0.005172849180047188, ""1"": 0.01082791561648814, ""2"": 0.016224209768339864, ""3"": 0.0016950497533653908, ""4"": 0.0019726215354865517, ""5"": 0.005324244663845061}"
control_random,200,p0.40,nan,1.0,3,0.4,79.60000000000001,79.135,60,97,15827,2075,1.6201387639837361,120,0.37944774882347065,0.007588954976469413,1.7444908332410685,14.639377030824177,2.0927776552422257,3.095397613380695,8,"{""0"": 0.006576106107342357, ""1"": 0.00827953034315938, ""2"": 0.01743148598968392, ""3"": 0.0016408468739023854, ""4"": 0.0024208398698081224, ""5"": 0.009184920674920322}"
control_random,200,p0.40,nan,1.0,3,0.4,79.60000000000001,79.135,60,97,15827,2075,1.6201387639837361,130,0.37501320482441464,0.0075002640964882935,2.1175144129530383,14.673874948617767,2.0991982145802743,3.0352859938405845,8,"{""0"": 0.007218610991197775, ""1"": 0.006967268870435364, ""2"": 0.01790917921789073, ""3"": 0.0016992619193185031, ""4"": 0.0024660395526631485, ""5"": 0.008741224027424239}"
control_random,200,p0.40,nan,1.0,3,0.4,79.60000000000001,79.135,60,97,15827,2075,1.6201387639837361,140,0.3867327758068557,0.007734655516137116,5.218246905076258,14.741924779849636,2.112730465045174,3.0929956395194176,8,"{""0"": 0.00808525233948404, ""1"": 0.007368947409270946, ""2"": 0.0191773586221567, ""3"": 0.0016711742043538157, ""4"": 0.0032743430509835593, ""5"": 0.0068308574705736366}"
control_random,200,p0.40,nan,1.0,3,0.4,79.60000000000001,79.135,60,97,15827,2075,1.6201387639837361,150,0.37313212499426013,0.007462642499885203,8.660242544627412,14.782795770076298,2.1107833433274683,3.082307760247429,8,"{""0"": 0.007853548842963928, ""1"": 0.006805344815136398, ""2"": 0.017970466718727995, ""3"": 0.0017778341132750435, ""4"": 0.0034067325224284655, ""5"": 0.006961927986779391}"
control_random,200,p0.40,nan,1.0,3,0.4,79.60000000000001,79.135,60,97,15827,2075,1.6201387639837361,160,0.3663455898175699,0.007326911796351399,1.5431225881859885,14.857410593461157,2.123300708393944,3.044113781882399,8,"{""0"": 0.00795984835612846, ""1"": 0.006648289121551837, ""2"": 0.017838581123027417, ""3"": 0.0018253179510809112, ""4"": 0.0027875133007242937, ""5"": 0.006901920925595479}"
control_random,200,p0.40,nan,1.0,3,0.4,79.60000000000001,79.135,60,97,15827,2075,1.6201387639837361,170,0.35583146599910304,0.007116629319982062,1.9886418426466173,14.889924774542198,2.114421552642261,3.1610347181355,8,"{""0"": 0.008049541963387691, ""1"": 0.007254920129728689, ""2"": 0.017080901710237933, ""3"": 0.0017922065518906284, ""4"": 0.003027791882451231, ""5"": 0.005494413682196196}"
control_random,200,p0.40,nan,1.0,3,0.4,79.60000000000001,79.135,60,97,15827,2075,1.6201387639837361,180,0.35209484219406195,0.00704189684388124,61.88753003139133,14.952842904628564,2.088067293655319,3.2502900419241665,8,"{""0"": 0.00761626547764062, ""1"": 0.007869641775361728, ""2"": 0.016010168003835396, ""3"": 0.0017968435227713939, ""4"": 0.0030846954595559993, ""5"": 0.005873766824122307}"
control_random,200,p0.40,nan,1.0,3,0.4,79.60000000000001,79.135,60,97,15827,2075,1.6201387639837361,190,0.3357303063033548,0.006714606126067097,1.358499019416642,15.004756089057405,2.0864952536749426,3.306129364167019,9,"{""0"": 0.006813694003565645, ""1"": 0.008253067969228733, ""2"": 0.01587368193979522, ""3"": 0.001811236827246591, ""4"": 0.002777098110902157, ""5"": 0.004758857905664238}"
control_random,200,p0.40,nan,1.0,3,0.4,79.60000000000001,79.135,60,97,15827,2075,1.6201387639837361,200,0.34281712191648855,0.006856342438329771,17.448531899050494,15.038890771576293,2.0825986849660554,3.2389912027938794,8,"{""0"": 0.007906154409088501, ""1"": 0.007449897223417159, ""2"": 0.016782732097731227, ""3"": 0.0019017861939442133, ""4"": 0.0025840073428909927, ""5"": 0.004513477362906535}"
control_random,200,p0.05,nan,1.0,4,0.05,9.950000000000001,9.82,4,19,1964,1964,1.5874030774091823,0,1.0199343729069896,0.020398687458139792,nan,0.0,1.5874030774091823,5.437183027688483,13,"{""0"": 0.01978109192305775, ""1"": 0.019917645612646938, ""2"": 0.020663709362560186, ""3"": 0.020111114563705165, ""4"": 0.020346339013061616, ""5"": 0.02157222427380711}"
control_random,200,p0.05,nan,1.0,4,0.05,9.950000000000001,9.82,4,19,1964,1964,1.5874030774091823,10,0.6265445955163633,0.012530891910327269,17.93385511695875,13.128869821216801,1.8485438345778584,2.311245439773274,6,"{""0"": 0.008933769131511879, ""1"": 0.01875916020226561, ""2"": 0.005527566080878092, ""3"": 0.01688014217210484, ""4"": 0.02017109542056804, ""5"": 0.004913618454635137}"
control_random,200,p0.05,nan,1.0,4,0.05,9.950000000000001,9.82,4,19,1964,1964,1.5874030774091823,20,0.45504963883728267,0.009100992776745654,19.144019168533784,14.330500535079018,1.8345748929571541,2.4815428656922927,8,"{""0"": 0.007475807119215848, ""1"": 0.013974542416616793, ""2"": 0.006079958108264677, ""3"": 0.010128275141196932, ""4"": 0.01454336359072087, ""5"": 0.0024040102844588057}"
control_random,200,p0.05,nan,1.0,4,0.05,9.950000000000001,9.82,4,19,1964,1964,1.5874030774091823,30,0.36279759316131505,0.007255951863226302,3.0011117300473864,14.807482232726562,1.8743667336917973,2.923706305948734,7,"{""0"": 0.00525253182826365, ""1"": 0.005595741033821911, ""2"": 0.010513980797934159, ""3"": 0.010600616129040948, ""4"": 0.009575363068882535, ""5"": 0.001997478321414615}"
control_random,200,p0.05,nan,1.0,4,0.05,9.950000000000001,9.82,4,19,1964,1964,1.5874030774091823,40,0.3060444113879535,0.006120888227759071,2.972798004392198,15.391819803147115,1.9275224765428405,2.9693419681788096,7,"{""0"": 0.004448799766468893, ""1"": 0.0026522105787162333, ""2"": 0.008678764927957968, ""3"": 0.013553876104935586, ""4"": 0.005343221782371462, ""5"": 0.002048456206104279}"
control_random,200,p0.05,nan,1.0,4,0.05,9.950000000000001,9.82,4,19,1964,1964,1.5874030774091823,50,0.3188420581938061,0.006376841163876124,1.4055366629598027,15.814623924964708,1.9268096626693927,2.967189170025811,7,"{""0"": 0.0050133461576165154, ""1"": 0.002846917319859026, ""2"": 0.010968194502614256, ""3"": 0.011598009086388633, ""4"": 0.006361319079665565, ""5"": 0.001473260837112749}"
control_random,200,p0.05,nan,1.0,4,0.05,9.950000000000001,9.82,4,19,1964,1964,1.5874030774091823,60,0.32003463287629025,0.006400692657525806,43.64517902770189,16.41707007093477,1.9843991775691747,3.0664736686364966,8,"{""0"": 0.004335195859108659, ""1"": 0.005501116355203109, ""2"": 0.012186285970173651, ""3"": 0.0078123161157073445, ""4"": 0.006634503207149828, ""5"": 0.001934738437812248}"
control_random,200,p0.05,nan,1.0,4,0.05,9.950000000000001,9.82,4,19,1964,1964,1.5874030774091823,70,0.3068006119304266,0.006136012238608533,1.3894171137750493,16.57394984044669,1.9312996976726349,3.314181791658207,8,"{""0"": 0.002334684302868918, ""1"": 0.005101840624100454, ""2"": 0.01443949132385861, ""3"": 0.005956798083566863, ""4"": 0.006897243871209885, ""5"": 0.0020860152260464672}"
control_random,200,p0.05,nan,1.0,4,0.05,9.950000000000001,9.82,4,19,1964,1964,1.5874030774091823,80,0.3006898456747651,0.006013796913495302,4.0706778534540495,16.79637368187931,1.9598515147794218,3.327837452366908,8,"{""0"": 0.0020603207823379926, ""1"": 0.003975118756779004, ""2"": 0.015143648796801685, ""3"": 0.0066653904209300775, ""4"": 0.005962858708013507, ""5"": 0.002275444016109545}"
control_random,200,p0.05,nan,1.0,4,0.05,9.950000000000001,9.82,4,19,1964,1964,1.5874030774091823,90,0.31007578239067146,0.00620151564781343,1.1833908946616214,16.996629312175834,2.0207187325712597,3.3110029272656663,8,"{""0"": 0.003495044854493084, ""1"": 0.003815389399333321, ""2"": 0.015453616642850384, ""3"": 0.006611764749161121, ""4"": 0.005477281240632273, ""5"": 0.002355997000410402}"
control_random,200,p0.05,nan,1.0,4,0.05,9.950000000000001,9.82,4,19,1964,1964,1.5874030774091823,100,0.308931084034015,0.006178621680680301,1.2574785740720469,17.06660222804825,2.054778847744662,3.293016953215663,8,"{""0"": 0.003944341821226434, ""1"": 0.0024444460269813745, ""2"": 0.015484197835783347, ""3"": 0.007688442028252393, ""4"": 0.00550388403333852, ""5"": 0.0020064183384997337}"
control_random,200,p0.05,nan,1.0,4,0.05,9.950000000000001,9.82,4,19,1964,1964,1.5874030774091823,110,0.29269259865547215,0.005853851973109444,2.5572317609909607,17.181304097104604,1.9964085012917536,3.234052781511585,7,"{""0"": 0.0032081785907945733, ""1"": 0.001969504256269441, ""2"": 0.01473441723764122, ""3"": 0.007998296033915582, ""4"": 0.004993807834364937, ""5"": 0.002218907885670907}"
control_random,200,p0.05,nan,1.0,4,0.05,9.950000000000001,9.82,4,19,1964,1964,1.5874030774091823,120,0.2774300039785006,0.005548600079570013,1.593354256102693,17.165569119034398,2.002659402689024,3.1285007182263995,7,"{""0"": 0.003429197853115357, ""1"": 0.0013815388875661107, ""2"": 0.011500795125270264, ""3"": 0.010355295210338629, ""4"": 0.003944656599091259, ""5"": 0.0026801168020384536}"
control_random,200,p0.05,nan,1.0,4,0.05,9.950000000000001,9.82,4,19,1964,1964,1.5874030774091823,130,0.27927698743693535,0.005585539748738708,5.608200736962329,17.18316445291624,2.009602149091325,3.073624267613097,7,"{""0"": 0.0033769704472148415, ""1"": 0.00108020854295102, ""2"": 0.011353234973483993, ""3"": 0.011498343240111342, ""4"": 0.003407142892163398, ""5"": 0.0027973383965076547}"
control_random,200,p0.05,nan,1.0,4,0.05,9.950000000000001,9.82,4,19,1964,1964,1.5874030774091823,140,0.27603324636947923,0.005520664927389585,9.645908086243587,17.293361515920697,2.0090756742706284,3.0803484706819626,7,"{""0"": 0.0030753502391142745, ""1"": 0.0008882241468671108, ""2"": 0.011518480757827146, ""3"": 0.011265127492774144, ""4"": 0.003184724729811357, ""5"": 0.00319208219794348}"
control_random,200,p0.05,nan,1.0,4,0.05,9.950000000000001,9.82,4,19,1964,1964,1.5874030774091823,150,0.29175756946261827,0.005835151389252366,1.0858558024763574,17.42990053840986,2.011408863730376,3.12192844906725,7,"{""0"": 0.002404221520820462, ""1"": 0.000881116661347938, ""2"": 0.01366003596015034, ""3"": 0.011127823151681173, ""4"": 0.003431547113102591, ""5"": 0.0035061639284116896}"
control_random,200,p0.05,nan,1.0,4,0.05,9.950000000000001,9.82,4,19,1964,1964,1.5874030774091823,160,0.2766498645821634,0.005532997291643269,0.7214715817892257,17.391351646885408,2.0026464617260364,3.103733958530022,7,"{""0"": 0.002547773655854327, ""1"": 0.0009537354466794655, ""2"": 0.011977436262668685, ""3"": 0.011583226559236917, ""4"": 0.003099001535332959, ""5"": 0.0030368102900872602}"
control_random,200,p0.05,nan,1.0,4,0.05,9.950000000000001,9.82,4,19,1964,1964,1.5874030774091823,170,0.28651876823103134,0.005730375364620627,3.968883570704022,17.455821041546663,2.0106828972961073,3.1359043228278956,7,"{""0"": 0.0024718230578793907, ""1"": 0.0009761223322462369, ""2"": 0.013727422793051105, ""3"": 0.010858608099742371, ""4"": 0.003344122108500008, ""5"": 0.0030041537963046505}"
control_random,200,p0.05,nan,1.0,4,0.05,9.950000000000001,9.82,4,19,1964,1964,1.5874030774091823,180,0.2760932755792796,0.005521865511585592,7.923253189580457,17.509534898449584,2.0129995005070853,3.12749280183835,7,"{""0"": 0.002484207651850083, ""1"": 0.0010643838847133303, ""2"": 0.011259925990434511, ""3"": 0.011247082138085635, ""4"": 0.0037949278817830173, ""5"": 0.0032806655226469785}"
control_random,200,p0.05,nan,1.0,4,0.05,9.950000000000001,9.82,4,19,1964,1964,1.5874030774091823,190,0.26953647470893843,0.0053907294941787694,3.9969633288302746,17.622772683447057,2.0187577349968056,3.1176562082537957,7,"{""0"": 0.002425690736014232, ""1"": 0.0010514161859859778, ""2"": 0.011016839047463495, ""3"": 0.01060700693535617, ""4"": 0.003931320013819782, ""5"": 0.0033121040464329636}"
control_random,200,p0.05,nan,1.0,4,0.05,9.950000000000001,9.82,4,19,1964,1964,1.5874030774091823,200,0.2706458599473256,0.005412917198946513,6.599851001937111,17.69887607675572,2.0237514453746392,3.1291551703383584,7,"{""0"": 0.002502084565195731, ""1"": 0.0010877069587643502, ""2"": 0.011676733465214622, ""3"": 0.010078826315094196, ""4"": 0.003897020863798191, ""5"": 0.003235131025611986}"
control_random,200,p0.10,nan,1.0,4,0.1,19.900000000000002,19.945,10,33,3989,1964,1.5407984626142104,0,1.0334750290352899,0.020669500580705803,nan,0.0,1.5407984626142104,7.063485995364253,13,"{""0"": 0.01961395606904374, ""1"": 0.022328662277193892, ""2"": 0.020573006660262617, ""3"": 0.019524534021371994, ""4"": 0.022013533453406144, ""5"": 0.01996331100295643}"
control_random,200,p0.10,nan,1.0,4,0.1,19.900000000000002,19.945,10,33,3989,1964,1.5407984626142104,10,0.8408657796179381,0.016817315592358762,23.596023547556808,14.258063135512543,1.826979716244045,3.335800780975193,11,"{""0"": 0.02781393416038209, ""1"": 0.022233667300719996, ""2"": 0.003138827629786368, ""3"": 0.011529698016311258, ""4"": 0.01549799542489968, ""5"": 0.020689771022053178}"
control_random,200,p0.10,nan,1.0,4,0.1,19.900000000000002,19.945,10,33,3989,1964,1.5407984626142104,20,0.6139938864321668,0.012279877728643336,11.224605238731625,14.636216288370246,1.832151726240416,3.1843472237236012,13,"{""0"": 0.023232429897109518, ""1"": 0.0036675105988162073, ""2"": 0.006786998492955011, ""3"": 0.021526410241478753, ""4"": 0.005260756878222605, ""5"": 0.013205160263277931}"
control_random,200,p0.10,nan,1.0,4,0.1,19.900000000000002,19.945,10,33,3989,1964,1.5407984626142104,30,0.49607000531056555,0.009921400106211313,6.96511965551606,15.226478675919138,1.846062349016815,3.18073392893716,11,"{""0"": 0.01279227143038931, ""1"": 0.004495951193743947, ""2"": 0.015153767373738813, ""3"": 0.012146978214149468, ""4"": 0.001953930509884699, ""5"": 0.01298550191536164}"
control_random,200,p0.10,nan,1.0,4,0.1,19.900000000000002,19.945,10,33,3989,1964,1.5407984626142104,40,0.4687444926682562,0.009374889853365124,15.545985326618009,15.526164489441522,1.8643460050708158,3.4118869072184865,11,"{""0"": 0.011114698090311806, ""1"": 0.0014975570916501487, ""2"": 0.016774469585249654, ""3"": 0.010907725773778082, ""4"": 0.0025775412419025553, ""5"": 0.013377347337298498}"
control_random,200,p0.10,nan,1.0,4,0.1,19.900000000000002,19.945,10,33,3989,1964,1.5407984626142104,50,0.4338350132477921,0.008676700264955844,53.056454096231256,15.86487912349885,1.8508791845365695,3.766706487193695,11,"{""0"": 0.010186808828298265, ""1"": 0.002064821660004181, ""2"": 0.010764362356891297, ""3"": 0.010913361454799705, ""4"": 0.006019083740115459, ""5"": 0.012111763549626156}"
control_random,200,p0.10,nan,1.0,4,0.1,19.900000000000002,19.945,10,33,3989,1964,1.5407984626142104,60,0.3682015988774827,0.007364031977549655,13.582084217870886,16.19618646397521,1.8913469074024187,3.75461034574294,11,"{""0"": 0.007753314387184187, ""1"": 0.0019280519271469762, ""2"": 0.012511874114664742, ""3"": 0.006651158220355176, ""4"": 0.004091454368596202, ""5"": 0.011248338847350646}"
control_random,200,p0.10,nan,1.0,4,0.1,19.900000000000002,19.945,10,33,3989,1964,1.5407984626142104,70,0.327037280667941,0.006540745613358821,13.503751631903997,16.469150534974617,1.9369145544803443,3.760683214064609,11,"{""0"": 0.006505193702905876, ""1"": 0.0017737641471034181, ""2"": 0.010752532763935166, ""3"": 0.00508839366756013, ""4"": 0.004501980734869862, ""5"": 0.010622608663778477}"
control_random,200,p0.10,nan,1.0,4,0.1,19.900000000000002,19.945,10,33,3989,1964,1.5407984626142104,80,0.33351906883839,0.006670381376767801,4.161836789911343,16.53552052029495,1.96541933115393,3.755862007441328,11,"{""0"": 0.007427519199559027, ""1"": 0.0013553984616838852, ""2"": 0.010271298332736174, ""3"": 0.005144757934730218, ""4"": 0.004016902408748841, ""5"": 0.011806411923148661}"
control_random,200,p0.10,nan,1.0,4,0.1,19.900000000000002,19.945,10,33,3989,1964,1.5407984626142104,90,0.3384522403513446,0.0067690448070268925,4.73840993896919,16.63584753435944,1.9663604968820854,3.7943551352587717,12,"{""0"": 0.009404722145386932, ""1"": 0.0010291168218644982, ""2"": 0.010159646460880311, ""3"": 0.005138227456054314, ""4"": 0.0029751963002229696, ""5"": 0.011907359657752335}"
control_random,200,p0.10,nan,1.0,4,0.1,19.900000000000002,19.945,10,33,3989,1964,1.5407984626142104,100,0.330702731670416,0.00661405463340832,7.041677906822185,16.7731271274694,1.9878662729925909,3.705234975645231,12,"{""0"": 0.0091154495097791, ""1"": 0.000888353118175721, ""2"": 0.01117227716257629, ""3"": 0.004332865826808882, ""4"": 0.0024733418613216433, ""5"": 0.011702040321788284}"
control_random,200,p0.10,nan,1.0,4,0.1,19.900000000000002,19.945,10,33,3989,1964,1.5407984626142104,110,0.34007967957256363,0.006801593591451274,17.50145582672561,16.88930402517876,1.9890809911673308,3.554220732434827,11,"{""0"": 0.009376615393703356, ""1"": 0.0007730259193322853, ""2"": 0.012288805828748545, ""3"": 0.0037802798381189016, ""4"": 0.002799564956627591, ""5"": 0.011791269612176962}"
control_random,200,p0.10,nan,1.0,4,0.1,19.900000000000002,19.945,10,33,3989,1964,1.5407984626142104,120,0.33924311494330917,0.0067848622988661835,2.8811483649169496,17.01406959700011,1.9991687345819922,3.4938829268059335,11,"{""0"": 0.009663243809247397, ""1"": 0.0006261477103456614, ""2"": 0.012951800859800142, ""3"": 0.003960128269304443, ""4"": 0.0018571265708542412, ""5"": 0.01165072657364522}"
control_random,200,p0.10,nan,1.0,4,0.1,19.900000000000002,19.945,10,33,3989,1964,1.5407984626142104,130,0.34522240950963434,0.006904448190192688,3.6591243270994664,17.116164488383088,2.001101731799605,3.385774501838412,11,"{""0"": 0.009684429618217917, ""1"": 0.0004909426863161883, ""2"": 0.013784694235359945, ""3"": 0.00425396129116515, ""4"": 0.0014562211738344945, ""5"": 0.011756440136262435}"
control_random,200,p0.10,nan,1.0,4,0.1,19.900000000000002,19.945,10,33,3989,1964,1.5407984626142104,140,0.3513280713799039,0.007026561427598078,9.489172897718134,17.23760563225485,2.0126695670092967,3.375209165294864,11,"{""0"": 0.009766106942886897, ""1"": 0.0004630626748991888, ""2"": 0.014665061445275466, ""3"": 0.004341261811348006, ""4"": 0.001253306398184445, ""5"": 0.011670569292994464}"
control_random,200,p0.10,nan,1.0,4,0.1,19.900000000000002,19.945,10,33,3989,1964,1.5407984626142104,150,0.3322480916525903,0.006644961833051806,12.288228158304355,17.29905355738281,2.019690362834793,3.3485731369163236,10,"{""0"": 0.008320058065701354, ""1"": 0.0005482691389218199, ""2"": 0.014071323334995015, ""3"": 0.0038156552760169097, ""4"": 0.001609214350061294, ""5"": 0.011505250832614446}"
control_random,200,p0.10,nan,1.0,4,0.1,19.900000000000002,19.945,10,33,3989,1964,1.5407984626142104,160,0.3382011898754988,0.0067640237975099765,2.5840934733907077,17.37282927980613,2.013750073903876,3.2773940049157244,10,"{""0"": 0.008255787277776852, ""1"": 0.000517899911867404, ""2"": 0.0151579198770603, ""3"": 0.0038491986380124717, ""4"": 0.0013413863914055481, ""5"": 0.01146195068893728}"
control_random,200,p0.10,nan,1.0,4,0.1,19.900000000000002,19.945,10,33,3989,1964,1.5407984626142104,170,0.32976479083169596,0.00659529581663392,1.972475247182838,17.458321012916272,2.0276251148875124,3.2909584279842763,10,"{""0"": 0.007985948394421669, ""1"": 0.0005294148976497726, ""2"": 0.014864313364686518, ""3"": 0.003601313221330265, ""4"": 0.0014120132016607698, ""5"": 0.011178771820054523}"
control_random,200,p0.10,nan,1.0,4,0.1,19.900000000000002,19.945,10,33,3989,1964,1.5407984626142104,180,0.3263236205599352,0.0065264724111987055,8.176675600997626,17.553781122420585,2.0285237344999163,3.3028019660130203,10,"{""0"": 0.008268224495312435, ""1"": 0.0005464985669174322, ""2"": 0.014598321530519431, ""3"": 0.0034821959973624973, ""4"": 0.0014741875749998275, ""5"": 0.010789406302080608}"
control_random,200,p0.10,nan,1.0,4,0.1,19.900000000000002,19.945,10,33,3989,1964,1.5407984626142104,190,0.3218046236841625,0.0064360924736832515,6.018904689587964,17.634819165343856,2.0428944017042663,3.3297288941207603,10,"{""0"": 0.008368069023657082, ""1"": 0.0005601542646479781, ""2"": 0.014159180101580324, ""3"": 0.0034166399057063168, ""4"": 0.001604600623470342, ""5"": 0.010507910923037465}"
control_random,200,p0.10,nan,1.0,4,0.1,19.900000000000002,19.945,10,33,3989,1964,1.5407984626142104,200,0.3099505975050561,0.006199011950101123,5.416663088772082,17.695812390294773,2.0434738061784734,3.3259224064808106,10,"{""0"": 0.007584408394771336, ""1"": 0.0005867871518065151, ""2"": 0.013522998659895114, ""3"": 0.0032685261564186314, ""4"": 0.0019613843916546766, ""5"": 0.010269966946060465}"
control_random,200,p0.20,nan,1.0,4,0.2,39.800000000000004,39.95,26,58,7990,1964,1.5413045604875235,0,1.0012088844196154,0.020024177688392313,nan,0.0,1.5413045604875235,6.154317292034307,14,"{""0"": 0.021185906433211978, ""1"": 0.018437708730557962, ""2"": 0.020627070742194248, ""3"": 0.01916629024201969, ""4"": 0.02186230435688079, ""5"": 0.018865785625489215}"
control_random,200,p0.20,nan,1.0,4,0.2,39.800000000000004,39.95,26,58,7990,1964,1.5413045604875235,10,0.5938760438420859,0.01187752087684172,13.31609741015769,14.75441864575368,1.8534509341095398,3.3167232107708133,12,"{""0"": 0.003918753428958286, ""1"": 0.015213725398100633, ""2"": 0.008794599319914751, ""3"": 0.010796697679477663, ""4"": 0.014749984072192125, ""5"": 0.017791365362406854}"
control_random,200,p0.20,nan,1.0,4,0.2,39.800000000000004,39.95,26,58,7990,1964,1.5413045604875235,20,0.4110339076308917,0.008220678152617835,5.915040326345756,14.963349802392141,1.8466240967821599,3.957804272054351,12,"{""0"": 0.00423916220919449, ""1"": 0.008538532482855424, ""2"": 0.018313645383170152, ""3"": 0.006619121845397859, ""4"": 0.0022368647392343867, ""5"": 0.009376742255854695}"
control_random,200,p0.20,nan,1.0,4,0.2,39.800000000000004,39.95,26,58,7990,1964,1.5413045604875235,30,0.41414267191281523,0.008282853438256306,2.0627050018117163,15.41861584536406,1.8627597886830405,3.971514924475451,12,"{""0"": 0.004069006703927792, ""1"": 0.006501662255150605, ""2"": 0.019573965419497692, ""3"": 0.00559982874506121, ""4"": 0.004410578555442827, ""5"": 0.009542078950457712}"
control_random,200,p0.20,nan,1.0,4,0.2,39.800000000000004,39.95,26,58,7990,1964,1.5413045604875235,40,0.36311594530531743,0.00726231890610635,3.110395857788399,15.86193299683098,1.9116333531002607,3.650545778963882,11,"{""0"": 0.0032459902135702767, ""1"": 0.006295195409604932, ""2"": 0.01709286878222887, ""3"": 0.006151469745101565, ""4"": 0.0032156399943291856, ""5"": 0.0075727492918032675}"
control_random,200,p0.20,nan,1.0,4,0.2,39.800000000000004,39.95,26,58,7990,1964,1.5413045604875235,50,0.3397020307321351,0.006794040614642703,2.6056342643694506,16.157084948880524,1.939652251897626,3.2977974192038197,10,"{""0"": 0.002205054385629869, ""1"": 0.008506301133269679, ""2"": 0.015711796048619595, ""3"": 0.005775658148086587, ""4"": 0.005306283586434011, ""5"": 0.003259150385816488}"
control_random,200,p0.20,nan,1.0,4,0.2,39.800000000000004,39.95,26,58,7990,1964,1.5413045604875235,60,0.3510968204891895,0.007021936409783791,6.4702345188995345,16.38179818737544,1.9500337346500474,3.207155002794858,10,"{""0"": 0.002190186789016873, ""1"": 0.009336414216503582, ""2"": 0.015744024313203337, ""3"": 0.003698518573189937, ""4"": 0.007047315309167112, ""5"": 0.004115159257621905}"
control_random,200,p0.20,nan,1.0,4,0.2,39.800000000000004,39.95,26,58,7990,1964,1.5413045604875235,70,0.3706902592652952,0.007413805185305905,2.3931138111506756,16.512719290703018,1.9870586261987628,3.0636771299875174,9,"{""0"": 0.002224296004880228, ""1"": 0.009837734664841205, ""2"": 0.014749557479215409, ""3"": 0.0030517037668320256, ""4"": 0.008274962837670716, ""5"": 0.0063445763583958505}"
control_random,200,p0.20,nan,1.0,4,0.2,39.800000000000004,39.95,26,58,7990,1964,1.5413045604875235,80,0.3747997316257436,0.0074959946325148736,12.099261172643919,16.651204357868153,1.9636773059209707,3.232671385765392,9,"{""0"": 0.0024790254611166402, ""1"": 0.008453255986794339, ""2"": 0.01722176409799573, ""3"": 0.0032758587525710085, ""4"": 0.006685155311097831, ""5"": 0.006860908185513692}"
control_random,200,p0.20,nan,1.0,4,0.2,39.800000000000004,39.95,26,58,7990,1964,1.5413045604875235,90,0.3195635757399031,0.006391271514798064,10.562277070018002,16.736572257776306,1.967498952121622,3.072146229878149,9,"{""0"": 0.00338547590053618, ""1"": 0.008795247232358357, ""2"": 0.013099049828107284, ""3"": 0.0031977460877425463, ""4"": 0.006848692639387194, ""5"": 0.003021417400656824}"
control_random,200,p0.20,nan,1.0,4,0.2,39.800000000000004,39.95,26,58,7990,1964,1.5413045604875235,100,0.33544940752115104,0.006708988150423021,17.413898822607717,16.886803500621433,1.981621128535622,3.1042280261223483,9,"{""0"": 0.002895179804417202, ""1"": 0.008996842535479827, ""2"": 0.015584104255746032, ""3"": 0.003172705858485623, ""4"": 0.006883804129068393, ""5"": 0.0027212923193410494}"
control_random,200,p0.20,nan,1.0,4,0.2,39.800000000000004,39.95,26,58,7990,1964,1.5413045604875235,110,0.32363857029343773,0.006472771405868756,1.008252745612031,17.034464321420028,1.989708951903585,3.1093525404628655,9,"{""0"": 0.002347412922363447, ""1"": 0.009040255818764147, ""2"": 0.01471205115540232, ""3"": 0.003146181222106978, ""4"": 0.006854692170498847, ""5"": 0.0027360351460767917}"
control_random,200,p0.20,nan,1.0,4,0.2,39.800000000000004,39.95,26,58,7990,1964,1.5413045604875235,120,0.3172419258468016,0.006344838516936032,15.51719272641882,17.113773005712613,1.9934318346293318,3.155882554261447,9,"{""0"": 0.0022054510946470777, ""1"": 0.008419720015997443, ""2"": 0.01504850980632431, ""3"": 0.003429397105721934, ""4"": 0.005956454004116563, ""5"": 0.0030094990748088684}"
control_random,200,p0.20,nan,1.0,4,0.2,39.800000000000004,39.95,26,58,7990,1964,1.5413045604875235,130,0.3007154822856326,0.006014309645712652,20.175350396291186,17.14623658233309,1.9962334084735724,3.1670803699862264,9,"{""0"": 0.0021648900090224217, ""1"": 0.0076056044265784386, ""2"": 0.014324538470915036, ""3"": 0.0036614445433977502, ""4"": 0.005231303122784494, ""5"": 0.0030980773015777787}"
control_random,200,p0.20,nan,1.0,4,0.2,39.800000000000004,39.95,26,58,7990,1964,1.5413045604875235,140,0.2924123815850713,0.005848247631701427,3.360870175130726,17.207913530854423,2.002998416087093,3.154001362654348,9,"{""0"": 0.0021229448438968524, ""1"": 0.007858741907247283, ""2"": 0.013001098316536158, ""3"": 0.0032982135821337613, ""4"": 0.005591191256703282, ""5"": 0.003217295883691222}"
control_random,200,p0.20,nan,1.0,4,0.2,39.800000000000004,39.95,26,58,7990,1964,1.5413045604875235,150,0.2810269434114612,0.005620538868229225,3.919182927184603,17.324267747311755,2.006844074006582,3.2269994980037193,9,"{""0"": 0.001323349432724342, ""1"": 0.006374240655465697, ""2"": 0.013564466295938455, ""3"": 0.003468980177553896, ""4"": 0.005529655546764988, ""5"": 0.0034625411009279725}"
control_random,200,p0.20,nan,1.0,4,0.2,39.800000000000004,39.95,26,58,7990,1964,1.5413045604875235,160,0.27494517554082937,0.005498903510816587,0.7473285475900793,17.409771383253542,2.0081514712675586,3.226840138319101,9,"{""0"": 0.001256280920845836, ""1"": 0.006238114777547822, ""2"": 0.012911688420811075, ""3"": 0.003406945927580978, ""4"": 0.005454991718410867, ""5"": 0.0037253992997029516}"
control_random,200,p0.20,nan,1.0,4,0.2,39.800000000000004,39.95,26,58,7990,1964,1.5413045604875235,170,0.2781469505959309,0.005562939011918619,2.1104257852774007,17.480689783852497,2.0099778937890846,3.1931478484295495,9,"{""0"": 0.001342393140013331, ""1"": 0.006510116780694612, ""2"": 0.013128953168662647, ""3"": 0.0031210148402710967, ""4"": 0.005916410462056959, ""5"": 0.0033587456798130676}"
control_random,200,p0.20,nan,1.0,4,0.2,39.800000000000004,39.95,26,58,7990,1964,1.5413045604875235,180,0.2940680033773854,0.005881360067547709,2.1382445898689846,17.524887773922863,2.0220019823518087,3.165953323331282,9,"{""0"": 0.001399112848662456, ""1"": 0.006723865501535131, ""2"": 0.014940604981637615, ""3"": 0.002697239356153074, ""4"": 0.0065964077894585475, ""5"": 0.002930929927839437}"
control_random,200,p0.20,nan,1.0,4,0.2,39.800000000000004,39.95,26,58,7990,1964,1.5413045604875235,190,0.3004667684150449,0.006009335368300898,10.98307736975749,17.599503855230562,2.0117592792304895,3.1978498115383687,9,"{""0"": 0.0012860385128482064, ""1"": 0.006783371612337483, ""2"": 0.015913675333753718, ""3"": 0.0026872717291913538, ""4"": 0.006338831823931151, ""5"": 0.0030468231977434724}"
control_random,200,p0.20,nan,1.0,4,0.2,39.800000000000004,39.95,26,58,7990,1964,1.5413045604875235,200,0.30438735909954645,0.006087747181990929,2.1663370027728326,17.665716959717038,2.0188939648653026,3.1849176446196754,9,"{""0"": 0.0012275088754478774, ""1"": 0.007003042412531778, ""2"": 0.016256925031452946, ""3"": 0.0024722232336966826, ""4"": 0.006514135143092121, ""5"": 0.0030526483957241646}"
control_random,200,p0.40,nan,1.0,4,0.4,79.60000000000001,79.915,61,98,15983,1964,1.5732795108330466,0,1.0517112580884054,0.02103422516176811,nan,0.0,1.5732795108330466,6.881399716232632,14,"{""0"": 0.02177431419621115, ""1"": 0.018129461717344277, ""2"": 0.02247837361190693, ""3"": 0.020198393374471657, ""4"": 0.022506768769662667, ""5"": 0.021118039301011977}"
control_random,200,p0.40,nan,1.0,4,0.4,79.60000000000001,79.915,61,98,15983,1964,1.5732795108330466,10,0.8290685370861159,0.01658137074172232,23.97160220705408,13.344167506088976,1.9097678707161125,5.006272896430599,15,"{""0"": 0.010164907598010873, ""1"": 0.02091739353406606, ""2"": 0.01937203833570355, ""3"": 0.01464930905219943, ""4"": 0.02181357732748388, ""5"": 0.012570998602870118}"
control_random,200,p0.40,nan,1.0,4,0.4,79.60000000000001,79.915,61,98,15983,1964,1.5732795108330466,20,0.7284322973990952,0.014568645947981906,2.6322819021217008,15.039182208759597,2.0907933338951366,2.8147394106332992,10,"{""0"": 0.006115192001993239, ""1"": 0.03248439080372946, ""2"": 0.02187686460131656, ""3"": 0.0035511800637875344, ""4"": 0.015250868826610975, ""5"": 0.008133379390453678}"
control_random,200,p0.40,nan,1.0,4,0.4,79.60000000000001,79.915,61,98,15983,1964,1.5732795108330466,30,0.835533995461071,0.016710679909221423,3.211817951897488,15.925614376497187,2.198998168176451,2.6293934465526183,9,"{""0"": 0.005570715430841143, ""1"": 0.044375285977641274, ""2"": 0.02398246163877549, ""3"": 0.0023130087046450416, ""4"": 0.016425186816739733, ""5"": 0.007597420886685848}"
control_random,200,p0.40,nan,1.0,4,0.4,79.60000000000001,79.915,61,98,15983,1964,1.5732795108330466,40,0.7756423381182885,0.015512846762365773,2.149782908076769,16.29747398239365,2.227046272216577,2.390551276153119,8,"{""0"": 0.004852182987786641, ""1"": 0.0393879081876323, ""2"": 0.02322414233203251, ""3"": 0.0024635044169533543, ""4"": 0.018105812625332236, ""5"": 0.005043530024457607}"
control_random,200,p0.40,nan,1.0,4,0.4,79.60000000000001,79.915,61,98,15983,1964,1.5732795108330466,50,0.6349263071206078,0.012698526142412158,1.893117484070849,16.668133343683785,2.24194030617266,2.3448892635946907,8,"{""0"": 0.005762427015554865, ""1"": 0.03008849680971314, ""2"": 0.020156217735223008, ""3"": 0.004309999029185107, ""4"": 0.01390911709959686, ""5"": 0.0019648991651999683}"
control_random,200,p0.40,nan,1.0,4,0.4,79.60000000000001,79.915,61,98,15983,1964,1.5732795108330466,60,0.5271345426221151,0.010542690852442305,8.230056764438897,16.726711486001633,2.2310941148848715,2.5004626702785053,8,"{""0"": 0.003819002627529203, ""1"": 0.02644176276852677, ""2"": 0.01999021327607697, ""3"": 0.004485057833280965, ""4"": 0.006686198554063832, ""5"": 0.001833910055176078}"
control_random,200,p0.40,nan,1.0,4,0.4,79.60000000000001,79.915,61,98,15983,1964,1.5732795108330466,70,0.5845652601654752,0.011691305203309504,4.6810789876902446,16.922335534633508,2.214584187291415,2.3230378680292247,8,"{""0"": 0.0028112814517764774, ""1"": 0.03057878536564911, ""2"": 0.019190639589080953, ""3"": 0.0029206775971328857, ""4"": 0.012349557044094295, ""5"": 0.0022968901721232946}"
control_random,200,p0.40,nan,1.0,4,0.4,79.60000000000001,79.915,61,98,15983,1964,1.5732795108330466,80,0.5404716187294502,0.010809432374589005,0.8373710981838755,17.024319199761475,2.1873091893104855,2.3967898699719385,8,"{""0"": 0.003906446556441171, ""1"": 0.0256758444988394, ""2"": 0.01953847119077627, ""3"": 0.003412389364535281, ""4"": 0.010426357654796914, ""5"": 0.0018970849821449913}"
control_random,200,p0.40,nan,1.0,4,0.4,79.60000000000001,79.915,61,98,15983,1964,1.5732795108330466,90,0.538976059526919,0.01077952119053838,32.37935602813663,17.11727350689768,2.199176090484578,2.4107378913341337,8,"{""0"": 0.00502998072775584, ""1"": 0.02412246753592389, ""2"": 0.019348549323700708, ""3"": 0.0033640980001551713, ""4"": 0.010502101407934, ""5"": 0.002309930147760663}"
control_random,200,p0.40,nan,1.0,4,0.4,79.60000000000001,79.915,61,98,15983,1964,1.5732795108330466,100,0.502028431449013,0.010040568628980262,4.355754700394826,17.250502220808933,2.1937881391253296,2.5426494625989053,8,"{""0"": 0.0043547506587954905, ""1"": 0.021997140518252807, ""2"": 0.019539321847564062, ""3"": 0.0032518996868641315, ""4"": 0.008973257838514083, ""5"": 0.0021270412238909926}"
control_random,200,p0.40,nan,1.0,4,0.4,79.60000000000001,79.915,61,98,15983,1964,1.5732795108330466,110,0.48236224084260937,0.00964724481685219,1.181945748210348,17.37701170800451,2.201070580095749,2.711009435198662,8,"{""0"": 0.003566945180624116, ""1"": 0.022093041880923203, ""2"": 0.019528715364721654, ""3"": 0.0033590057047701675, ""4"": 0.007126574883692105, ""5"": 0.0022091858863818744}"
control_random,200,p0.40,nan,1.0,4,0.4,79.60000000000001,79.915,61,98,15983,1964,1.5732795108330466,120,0.45388097683899603,0.009077619536779921,0.9343609913673934,17.470141090749024,2.1496632963976268,2.7098496746214575,8,"{""0"": 0.004551704201017655, ""1"": 0.01850814717238804, ""2"": 0.019414224925610773, ""3"": 0.004184295407890509, ""4"": 0.0055180340995245394, ""5"": 0.002289311414248017}"
control_random,200,p0.40,nan,1.0,4,0.4,79.60000000000001,79.915,61,98,15983,1964,1.5732795108330466,130,0.4318913308038411,0.008637826616076824,2.1578887135701614,17.54725474260705,2.1427131267333612,2.7904743414785274,8,"{""0"": 0.004524117780389225, ""1"": 0.016365902391262777, ""2"": 0.01936990493663788, ""3"": 0.004328492817746098, ""4"": 0.0048847314804139905, ""5"": 0.0023538102900109723}"
control_random,200,p0.40,nan,1.0,4,0.4,79.60000000000001,79.915,61,98,15983,1964,1.5732795108330466,140,0.3956481272491941,0.007912962544983883,14.594592982036213,17.649344812594663,2.1299413495311676,2.8726588555349517,8,"{""0"": 0.0034058975015668702, ""1"": 0.013630577790931403, ""2"": 0.01909774896505019, ""3"": 0.004063787842814102, ""4"": 0.004471779089808626, ""5"": 0.002807984079732112}"
control_random,200,p0.40,nan,1.0,4,0.4,79.60000000000001,79.915,61,98,15983,1964,1.5732795108330466,150,0.3839714788472177,0.007679429576944355,3.2313061982404148,17.712056495386307,2.138916529465407,2.9412371921433365,8,"{""0"": 0.0027380946605657713, ""1"": 0.01349620237866812, ""2"": 0.018915747946311717, ""3"": 0.003577085095061515, ""4"": 0.004382618897409908, ""5"": 0.0029668284836490933}"
control_random,200,p0.40,nan,1.0,4,0.4,79.60000000000001,79.915,61,98,15983,1964,1.5732795108330466,160,0.3840392461120568,0.007680784922241137,1.9002485570382457,17.797766704659825,2.151286760487098,2.9649374600606917,8,"{""0"": 0.002708171628426734, ""1"": 0.013530906230409038, ""2"": 0.018781343630763135, ""3"": 0.0036070643468803913, ""4"": 0.004385483916489047, ""5"": 0.0030717397804784783}"
control_random,200,p0.40,nan,1.0,4,0.4,79.60000000000001,79.915,61,98,15983,1964,1.5732795108330466,170,0.3833558252800636,0.007667116505601274,1.502662766202567,17.85400961177878,2.1678260367592963,2.977740493490891,8,"{""0"": 0.002658305299893818, ""1"": 0.013382612712094438, ""2"": 0.018707598346681738, ""3"": 0.0035001596889070534, ""4"": 0.0047075603582948655, ""5"": 0.0030464626277357373}"
control_random,200,p0.40,nan,1.0,4,0.4,79.60000000000001,79.915,61,98,15983,1964,1.5732795108330466,180,0.38341595673184636,0.007668319134636928,3.1329787292075304,17.918934749948555,2.182335291130081,2.9236836690596566,8,"{""0"": 0.0025897065460126372, ""1"": 0.013705216780270335, ""2"": 0.018824417534797917, ""3"": 0.00351404257415008, ""4"": 0.0048460107952448, ""5"": 0.0025305205773457897}"
control_random,200,p0.40,nan,1.0,4,0.4,79.60000000000001,79.915,61,98,15983,1964,1.5732795108330466,190,0.3912701455141122,0.007825402910282246,0.1461698337244402,17.979926996259877,2.1910524144406347,2.9303460337485983,8,"{""0"": 0.002775767435327135, ""1"": 0.014148477432927261, ""2"": 0.018569793638309923, ""3"": 0.003661604437025622, ""4"": 0.0051095628227463665, ""5"": 0.0026872116953571617}"
control_random,200,p0.40,nan,1.0,4,0.4,79.60000000000001,79.915,61,98,15983,1964,1.5732795108330466,200,0.38299981269915184,0.007659996253983038,37.02870775232329,17.991072629711937,2.187482635503272,2.958233906945515,8,"{""0"": 0.002621358864841306, ""1"": 0.013887778719367421, ""2"": 0.01818946202009151, ""3"": 0.003422057643111734, ""4"": 0.00504302160849038, ""5"": 0.0027962986679958873}"
control_random,200,p0.05,nan,1.0,5,0.05,9.950000000000001,10.57,4,19,2114,2114,1.6184323054031027,0,0.9914212077969902,0.019828424155939807,nan,0.0,1.6184323054031027,7.328597600559711,14,"{""0"": 0.018875214787918305, ""1"": 0.02041795363000278, ""2"": 0.01958417690431877, ""3"": 0.019560928704669737, ""4"": 0.021122179967733065, ""5"": 0.01941009094099618}"
control_random,200,p0.05,nan,1.0,5,0.05,9.950000000000001,10.57,4,19,2114,2114,1.6184323054031027,10,1.2872751947339638,0.02574550389467928,0.3026898166883767,14.1397394101474,2.3024771904806736,3.1253426174851113,8,"{""0"": 0.0030127495402385534, ""1"": 0.05872327947875953, ""2"": 0.02737145610674354, ""3"": 0.014875854388029297, ""4"": 0.021339323000065122, ""5"": 0.02915036085423966}"
control_random,200,p0.05,nan,1.0,5,0.05,9.950000000000001,10.57,4,19,2114,2114,1.6184323054031027,20,0.5596226275455295,0.01119245255091059,3.1474524667617354,15.919957341726942,2.2824875318190134,3.5059871175976567,12,"{""0"": 0.005226679277644021, ""1"": 0.01929285543076395, ""2"": 0.008079276364346822, ""3"": 0.009763616204836513, ""4"": 0.017516139838736622, ""5"": 0.007276148189135617}"
control_random,200,p0.05,nan,1.0,5,0.05,9.950000000000001,10.57,4,19,2114,2114,1.6184323054031027,30,0.4785595869736088,0.009571191739472178,13.74389921863523,15.848023047635243,2.2068112110212015,3.7791039879204673,12,"{""0"": 0.002999735305706505, ""1"": 0.011846821902613044, ""2"": 0.009709818078439476, ""3"": 0.009184592751434992, ""4"": 0.017113531702890376, ""5"": 0.006572650695748676}"
control_random,200,p0.05,nan,1.0,5,0.05,9.950000000000001,10.57,4,19,2114,2114,1.6184323054031027,40,0.5041493578282084,0.01008298715656417,32.03726598945351,16.51558721367211,2.111857403624808,3.537026304447611,12,"{""0"": 0.0027196484795507284, ""1"": 0.01112862852770085, ""2"": 0.011652186976358937, ""3"": 0.010311774494835274, ""4"": 0.019135981825778567, ""5"": 0.0055497026351606586}"
control_random,200,p0.05,nan,1.0,5,0.05,9.950000000000001,10.57,4,19,2114,2114,1.6184323054031027,50,0.4237866336642127,0.008475732673284254,12.481394739649282,16.731734044729812,2.073864947333173,3.868556653125728,12,"{""0"": 0.0025982259908358986, ""1"": 0.008903628896576813, ""2"": 0.008362299364659955, ""3"": 0.010406587922581288, ""4"": 0.01655921467043476, ""5"": 0.004024439194616815}"
control_random,200,p0.05,nan,1.0,5,0.05,9.950000000000001,10.57,4,19,2114,2114,1.6184323054031027,60,0.45678320493264024,0.009135664098652806,13.309863176648363,16.737678072876726,2.0516377375578925,3.979046163869927,13,"{""0"": 0.00636157238143093, ""1"": 0.009138753063813674, ""2"": 0.00942940237244264, ""3"": 0.012280818888242642, ""4"": 0.014146239948582051, ""5"": 0.003457197937404905}"
control_random,200,p0.05,nan,1.0,5,0.05,9.950000000000001,10.57,4,19,2114,2114,1.6184323054031027,70,0.44764244017910615,0.008952848803582124,3.4536402930990477,16.803054711851544,2.0154322652865577,3.8815478257120413,12,"{""0"": 0.00689971935370053, ""1"": 0.007622980880008808, ""2"": 0.009089396099514369, ""3"": 0.014879057863876676, ""4"": 0.01150291022705034, ""5"": 0.003723028397342018}"
control_random,200,p0.05,nan,1.0,5,0.05,9.950000000000001,10.57,4,19,2114,2114,1.6184323054031027,80,0.43487694595649695,0.00869753891912994,3.5291069481508353,16.987929394555792,2.070775841371023,3.6267862870789327,11,"{""0"": 0.00746686593663787, ""1"": 0.006526535736188638, ""2"": 0.00853345598047191, ""3"": 0.014185563050172078, ""4"": 0.011820790738229617, ""5"": 0.0036520220730795277}"
control_random,200,p0.05,nan,1.0,5,0.05,9.950000000000001,10.57,4,19,2114,2114,1.6184323054031027,90,0.43184335831132936,0.00863686716622659,24.441954226934943,16.93831234930334,2.1019427160114272,3.636464603905267,12,"{""0"": 0.0067824823103994816, ""1"": 0.007579635994108427, ""2"": 0.008418472846566192, ""3"": 0.013265380310644465, ""4"": 0.013252805346071794, ""5"": 0.0025224261895691754}"
control_random,200,p0.05,nan,1.0,5,0.05,9.950000000000001,10.57,4,19,2114,2114,1.6184323054031027,100,0.421040752639154,0.008420815052783082,5.5686557972328625,16.93343868988364,2.1259763594432077,3.630303261846457,12,"{""0"": 0.0068762492766861905, ""1"": 0.007365127340831465, ""2"": 0.007856325158336359, ""3"": 0.013354073561813878, ""4"": 0.012629459788079186, ""5"": 0.002443655190951406}"
control_random,200,p0.05,nan,1.0,5,0.05,9.950000000000001,10.57,4,19,2114,2114,1.6184323054031027,110,0.37023851256718293,0.007404770251343659,5.421190343285858,16.977237021978134,2.1321061022174694,3.8167633348297834,12,"{""0"": 0.0023640452090401423, ""1"": 0.006755990086692422, ""2"": 0.007436930393054475, ""3"": 0.012746588802249052, ""4"": 0.012261417529341812, ""5"": 0.00286364948768405}"
control_random,200,p0.05,nan,1.0,5,0.05,9.950000000000001,10.57,4,19,2114,2114,1.6184323054031027,120,0.3708784322770373,0.007417568645540748,1.2213401907781423,17.043035023621062,2.13093898468676,3.8898284209347476,12,"{""0"": 0.0019066797297698894, ""1"": 0.006195570852601069, ""2"": 0.008183607491536661, ""3"": 0.012621923687454666, ""4"": 0.012691562364825357, ""5"": 0.0029060677470568496}"
control_random,200,p0.05,nan,1.0,5,0.05,9.950000000000001,10.57,4,19,2114,2114,1.6184323054031027,130,0.3639361387012611,0.007278722774025223,0.9776813237370016,17.13906470863967,2.142709656363063,3.821425029481867,11,"{""0"": 0.0018415963120647634, ""1"": 0.005666117224980054, ""2"": 0.008186983946565071, ""3"": 0.012524472016689192, ""4"": 0.012238781103889476, ""5"": 0.003214386039962786}"
control_random,200,p0.05,nan,1.0,5,0.05,9.950000000000001,10.57,4,19,2114,2114,1.6184323054031027,140,0.3646912811047811,0.007293825622095623,3.1137786553704485,17.266526810204347,2.1278275643372395,3.77575070716164,11,"{""0"": 0.0019667768448787632, ""1"": 0.004985423923869152, ""2"": 0.008970566862020388, ""3"": 0.013266268999674197, ""4"": 0.010953030405822036, ""5"": 0.003620886696309203}"
control_random,200,p0.05,nan,1.0,5,0.05,9.950000000000001,10.57,4,19,2114,2114,1.6184323054031027,150,0.3434237262739486,0.006868474525478974,3.8742170247482037,17.27911756701177,2.151029231549649,3.7902838692211382,11,"{""0"": 0.0018447173994932966, ""1"": 0.004964421378783035, ""2"": 0.008729256657507335, ""3"": 0.011680371296318371, ""4"": 0.01028677114841735, ""5"": 0.0037053092723544553}"
control_random,200,p0.05,nan,1.0,5,0.05,9.950000000000001,10.57,4,19,2114,2114,1.6184323054031027,160,0.31226214404805847,0.00624524288096117,0.9814341095337865,17.307865037573336,2.1578417395593297,3.8214161985679165,11,"{""0"": 0.001914601344274325, ""1"": 0.004847004517267611, ""2"": 0.008622571476901549, ""3"": 0.01063801158037998, ""4"": 0.007740332291635672, ""5"": 0.0037089360753078857}"
control_random,200,p0.05,nan,1.0,5,0.05,9.950000000000001,10.57,4,19,2114,2114,1.6184323054031027,170,0.3117343712382378,0.006234687424764756,4.269832638732089,17.385542991156843,2.166367105633528,3.751358558597856,11,"{""0"": 0.001941530065128698, ""1"": 0.0046167709454841095, ""2"": 0.008335177901918699, ""3"": 0.010830890421325725, ""4"": 0.008239449060779424, ""5"": 0.003444306153951881}"
control_random,200,p0.05,nan,1.0,5,0.05,9.950000000000001,10.57,4,19,2114,2114,1.6184323054031027,180,0.32282108148391586,0.0064564216296783185,0.6730608906197917,17.47465160604023,2.1677672944927355,3.7227777921143015,11,"{""0"": 0.0019127985582467351, ""1"": 0.004400034569411366, ""2"": 0.008503017361216829, ""3"": 0.011248618432928978, ""4"": 0.009259650391140446, ""5"": 0.0034144104651255497}"
control_random,200,p0.05,nan,1.0,5,0.05,9.950000000000001,10.57,4,19,2114,2114,1.6184323054031027,190,0.3250131442947268,0.006500262885894537,1.9664705841515575,17.493627119753732,2.1753863848469743,3.67446305481177,11,"{""0"": 0.0019128928198584832, ""1"": 0.0048175598687117595, ""2"": 0.00803793740347641, ""3"": 0.01137425593769929, ""4"": 0.009854249787639857, ""5"": 0.00300468149798142}"
control_random,200,p0.05,nan,1.0,5,0.05,9.950000000000001,10.57,4,19,2114,2114,1.6184323054031027,200,0.3080093485332542,0.0061601869706650846,8.646378725504388,17.54303988655585,2.179078047240924,3.6402374797602053,11,"{""0"": 0.0019138868979626904, ""1"": 0.005606242470867889, ""2"": 0.007723540922924913, ""3"": 0.0110625444156059, ""4"": 0.00767506279028517, ""5"": 0.0029798443263439455}"
control_random,200,p0.10,nan,1.0,5,0.1,19.900000000000002,20.535,9,35,4107,2114,1.5928714941208355,0,1.0508063284550297,0.0210161265691006,nan,0.0,1.5928714941208355,7.045092612081992,15,"{""0"": 0.018055137416823165, ""1"": 0.023315946761390295, ""2"": 0.022838015473579127, ""3"": 0.018860622241604025, ""4"": 0.02214086938239155, ""5"": 0.02088616813881543}"
control_random,200,p0.10,nan,1.0,5,0.1,19.900000000000002,20.535,9,35,4107,2114,1.5928714941208355,10,0.9906441763446134,0.019812883526892273,0.8559391261215994,13.69751341262824,1.895721318334679,3.7293116039460372,12,"{""0"": 0.000690759846360593, ""1"": 0.024031908277735853, ""2"": 0.03048124421910915, ""3"": 0.025516560315545722, ""4"": 0.022453051273407614, ""5"": 0.015703777229194686}"
control_random,200,p0.10,nan,1.0,5,0.1,19.900000000000002,20.535,9,35,4107,2114,1.5928714941208355,20,0.8031460284027444,0.01606292056805489,4.908933958266673,14.277232357468048,1.9165710685588384,3.7259382593291868,12,"{""0"": 0.005246755607565818, ""1"": 0.01921639568251443, ""2"": 0.0163924474701016, ""3"": 0.030117457283713935, ""4"": 0.01809517064004674, ""5"": 0.007309296724386821}"
control_random,200,p0.10,nan,1.0,5,0.1,19.900000000000002,20.535,9,35,4107,2114,1.5928714941208355,30,0.6776583651829556,0.013553167303659113,15.717142862360797,15.062699358744467,1.9846897475435306,3.651013492101317,11,"{""0"": 0.001198710667480263, ""1"": 0.018768767998366194, ""2"": 0.024358996592480437, ""3"": 0.009751342907699669, ""4"": 0.010067546681263268, ""5"": 0.017173638974664854}"
control_random,200,p0.10,nan,1.0,5,0.1,19.900000000000002,20.535,9,35,4107,2114,1.5928714941208355,40,0.4647572952384277,0.009295145904768555,12.74584605295335,15.399321221421568,1.9923710456845831,3.8081872101870524,11,"{""0"": 0.0030351138627764673, ""1"": 0.008511360055264663, ""2"": 0.016426877609129316, ""3"": 0.00724432899118603, ""4"": 0.0067399807773539325, ""5"": 0.013813214132900922}"
control_random,200,p0.10,nan,1.0,5,0.1,19.900000000000002,20.535,9,35,4107,2114,1.5928714941208355,50,0.44546830850711405,0.008909366170142282,2.6699775078594117,15.51515140212039,1.9857116354308564,3.8835635122296845,11,"{""0"": 0.004376086776919329, ""1"": 0.009458592897640528, ""2"": 0.0116382283458804, ""3"": 0.007415618466937224, ""4"": 0.006320024016586249, ""5"": 0.01424764651688996}"
control_random,200,p0.10,nan,1.0,5,0.1,19.900000000000002,20.535,9,35,4107,2114,1.5928714941208355,60,0.3692306528562357,0.007384613057124715,52.60147404509742,15.506374024454585,1.9911189710332369,3.793919907496478,11,"{""0"": 0.0077040814135105025, ""1"": 0.008107741109075079, ""2"": 0.005461642774977018, ""3"": 0.004693961332828507, ""4"": 0.008333906672955268, ""5"": 0.010006345039401919}"
control_random,200,p0.10,nan,1.0,5,0.1,19.900000000000002,20.535,9,35,4107,2114,1.5928714941208355,70,0.36497327188202416,0.007299465437640484,9.094432886607814,15.436992116126689,1.9927622932721916,3.932741858290593,11,"{""0"": 0.0051558527880091656, ""1"": 0.007827016882849147, ""2"": 0.010578480771542402, ""3"": 0.005536217091387688, ""4"": 0.005881743406639045, ""5"": 0.008817481685415454}"
control_random,200,p0.10,nan,1.0,5,0.1,19.900000000000002,20.535,9,35,4107,2114,1.5928714941208355,80,0.3371243427620221,0.0067424868552404425,2.3906573371224873,15.5341711665537,1.9839138456274774,3.9651170299606093,11,"{""0"": 0.005867137327672314, ""1"": 0.007495777801442528, ""2"": 0.008365487335865718, ""3"": 0.005481911235688482, ""4"": 0.0057276633382472965, ""5"": 0.007516944092526312}"
control_random,200,p0.10,nan,1.0,5,0.1,19.900000000000002,20.535,9,35,4107,2114,1.5928714941208355,90,0.33677095593316503,0.006735419118663302,6.7519885720815065,15.622123720925545,1.9810379386514594,3.94574942470735,11,"{""0"": 0.007314014109794753, ""1"": 0.007168151663693017, ""2"": 0.0074627689045198165, ""3"": 0.005177577996310733, ""4"": 0.005990666895037121, ""5"": 0.007299335142624366}"
control_random,200,p0.10,nan,1.0,5,0.1,19.900000000000002,20.535,9,35,4107,2114,1.5928714941208355,100,0.3334359682258765,0.006668719364517531,4.670092986789158,15.712132925109515,1.9910905463648048,3.854087335971814,11,"{""0"": 0.0077667207932652525, ""1"": 0.00930318841776847, ""2"": 0.005767034792787023, ""3"": 0.004809239808919005, ""4"": 0.005950095529076159, ""5"": 0.00641603684528928}"
control_random,200,p0.10,nan,1.0,5,0.1,19.900000000000002,20.535,9,35,4107,2114,1.5928714941208355,110,0.31894843527624517,0.006378968705524905,27.304416103424803,15.746709689005579,1.9954637060834912,3.798434032034351,11,"{""0"": 0.006488966282801606, ""1"": 0.008399734760992457, ""2"": 0.004303497279755638, ""3"": 0.00569315741231863, ""4"": 0.006068486409033737, ""5"": 0.007319970088247361}"
control_random,200,p0.10,nan,1.0,5,0.1,19.900000000000002,20.535,9,35,4107,2114,1.5928714941208355,120,0.314461624997537,0.006289232499950741,3.463580059073575,15.852854900716178,1.999036526988328,3.754267973112277,11,"{""0"": 0.006191475106506003, ""1"": 0.008180665826919141, ""2"": 0.004085443072129571, ""3"": 0.005492701889052215, ""4"": 0.006208844637313399, ""5"": 0.0075762644677841145}"
control_random,200,p0.10,nan,1.0,5,0.1,19.900000000000002,20.535,9,35,4107,2114,1.5928714941208355,130,0.2908403037162522,0.005816806074325044,2.047447803102123,15.951194848366253,2.0076600155058926,3.6724420136692784,11,"{""0"": 0.005464039382059573, ""1"": 0.008342885289623556, ""2"": 0.0036310886683507543, ""3"": 0.004732742605424158, ""4"": 0.006193800260628312, ""5"": 0.006536280239863916}"
control_random,200,p0.10,nan,1.0,5,0.1,19.900000000000002,20.535,9,35,4107,2114,1.5928714941208355,140,0.2996828577970752,0.005993657155941505,2.79661301357473,15.949854281286793,2.0070514766881464,3.792196514296379,11,"{""0"": 0.005725914193263314, ""1"": 0.008327486696732157, ""2"": 0.00370372801735661, ""3"": 0.005383658908429207, ""4"": 0.005755975177626627, ""5"": 0.007065179942241114}"
control_random,200,p0.10,nan,1.0,5,0.1,19.900000000000002,20.535,9,35,4107,2114,1.5928714941208355,150,0.3143400234595527,0.0062868004691910544,3.277045819674092,16.093420917888402,2.0078424385203637,3.8515855057309922,11,"{""0"": 0.006487676459061285, ""1"": 0.009262149040303695, ""2"": 0.003382486138175235, ""3"": 0.005560975304946939, ""4"": 0.005772709163011164, ""5"": 0.0072548067096480096}"
control_random,200,p0.10,nan,1.0,5,0.1,19.900000000000002,20.535,9,35,4107,2114,1.5928714941208355,160,0.3111828424879894,0.006223656849759789,1.4480461373217255,16.186900241718163,2.007502840069348,3.876306655991093,11,"{""0"": 0.007323621217421668, ""1"": 0.008050946230527127, ""2"": 0.0037180663933802935, ""3"": 0.005144015903997277, ""4"": 0.005521545967658267, ""5"": 0.007583745385574099}"
control_random,200,p0.10,nan,1.0,5,0.1,19.900000000000002,20.535,9,35,4107,2114,1.5928714941208355,170,0.3175995448373818,0.006351990896747637,2.8380402932768534,16.25485441024779,2.015506343722792,3.854460484166591,11,"{""0"": 0.007743101829471574, ""1"": 0.008706077517083344, ""2"": 0.0033695531096602596, ""3"": 0.005254371123235042, ""4"": 0.005561620892000763, ""5"": 0.007477220909034843}"
control_random,200,p0.10,nan,1.0,5,0.1,19.900000000000002,20.535,9,35,4107,2114,1.5928714941208355,180,0.3038663864671388,0.006077327729342778,15.954287569584018,16.30256816317415,2.0068464060384867,3.8012110654613047,11,"{""0"": 0.006727483399641451, ""1"": 0.008945105488298868, ""2"": 0.0036244243321104396, ""3"": 0.0049022805474328605, ""4"": 0.00543687732013874, ""5"": 0.006827795288434306}"
control_random,200,p0.10,nan,1.0,5,0.1,19.900000000000002,20.535,9,35,4107,2114,1.5928714941208355,190,0.31739682157746446,0.0063479364315492896,15.727958971010278,16.339538299514512,2.0132383629166366,3.8066732652901014,11,"{""0"": 0.007733477421465763, ""1"": 0.01032196510525189, ""2"": 0.0034073851498142953, ""3"": 0.004426783567797539, ""4"": 0.005575246742812766, ""5"": 0.006622760602153483}"
control_random,200,p0.10,nan,1.0,5,0.1,19.900000000000002,20.535,9,35,4107,2114,1.5928714941208355,200,0.3148512539497591,0.006297025078995183,9.522526737747501,16.409542298041377,2.019334213926769,3.7477943105000104,11,"{""0"": 0.008240197547992057, ""1"": 0.010038286075903307, ""2"": 0.0031963139330522675, ""3"": 0.0044155274861182705, ""4"": 0.00552365097455045, ""5"": 0.006368174456354747}"
control_random,200,p0.20,nan,1.0,5,0.2,39.800000000000004,40.175,26,53,8035,2114,1.6067348797276146,0,1.0436561656226313,0.020873123312452627,nan,0.0,1.6067348797276146,4.4114083335921475,12,"{""0"": 0.022832243849462513, ""1"": 0.021323613016223965, ""2"": 0.02017119125226745, ""3"": 0.020751051055237245, ""4"": 0.020189230721011114, ""5"": 0.019971409980513482}"
control_random,200,p0.20,nan,1.0,5,0.2,39.800000000000004,40.175,26,53,8035,2114,1.6067348797276146,10,0.5268940050705648,0.010537880101411297,2.002774569451624,13.121067615275246,1.911634142333717,2.0316172600953295,8,"{""0"": 0.0011721580922387225, ""1"": 0.024348968014512157, ""2"": 0.007879131460798388, ""3"": 0.004307068199684667, ""4"": 0.014998837199808995, ""5"": 0.010521117641424858}"
control_random,200,p0.20,nan,1.0,5,0.2,39.800000000000004,40.175,26,53,8035,2114,1.6067348797276146,20,0.6140456661679241,0.012280913323358483,5.5002174043427425,14.051156286499353,2.095616738550886,2.279896388976531,8,"{""0"": 0.0059513328585907525, ""1"": 0.019837711077417698, ""2"": 0.0018384365915979392, ""3"": 0.016031701929874388, ""4"": 0.02355208843051925, ""5"": 0.006474209052150874}"
control_random,200,p0.20,nan,1.0,5,0.2,39.800000000000004,40.175,26,53,8035,2114,1.6067348797276146,30,0.4419486696242421,0.008838973392484843,51.955183683321884,14.42370084588727,2.067421288089898,2.5765245547318774,9,"{""0"": 0.0019103152131098775, ""1"": 0.01637158871188681, ""2"": 0.003249775821837191, ""3"": 0.003839238281093502, ""4"": 0.02005249256435363, ""5"": 0.007610429762628051}"
control_random,200,p0.20,nan,1.0,5,0.2,39.800000000000004,40.175,26,53,8035,2114,1.6067348797276146,40,0.39985523221414665,0.007997104644282934,5.070878562490599,14.832325592080108,2.072911908908434,2.8671452450600476,9,"{""0"": 0.0030020932291947708, ""1"": 0.014250330003097838, ""2"": 0.0025540565569701504, ""3"": 0.003929023684103966, ""4"": 0.012921508710824703, ""5"": 0.011325615681506172}"
control_random,200,p0.20,nan,1.0,5,0.2,39.800000000000004,40.175,26,53,8035,2114,1.6067348797276146,50,0.3403039429627165,0.00680607885925433,11.65029734188662,15.131402030393165,2.062345767345315,2.9774270668374383,9,"{""0"": 0.0020020466360242553, ""1"": 0.010564030272232423, ""2"": 0.002862445142030383, ""3"": 0.003912653167537535, ""4"": 0.010071155408797433, ""5"": 0.011424142528903952}"
control_random,200,p0.20,nan,1.0,5,0.2,39.800000000000004,40.175,26,53,8035,2114,1.6067348797276146,60,0.27813642861859544,0.00556272857237191,2.328043543614011,15.421741069451866,2.040647649738218,3.105502523836691,9,"{""0"": 0.0019606871585963843, ""1"": 0.008309320929404024, ""2"": 0.0028530125545423958, ""3"": 0.004083094359738744, ""4"": 0.00717351067362913, ""5"": 0.00899674575832078}"
control_random,200,p0.20,nan,1.0,5,0.2,39.800000000000004,40.175,26,53,8035,2114,1.6067348797276146,70,0.27386874000925615,0.005477374800185124,3.004134278331964,15.512781582874396,2.010360898722921,3.220524542939031,10,"{""0"": 0.0025240829088592166, ""1"": 0.00812342129319092, ""2"": 0.002386301377708287, ""3"": 0.004749596062906842, ""4"": 0.005818355537019676, ""5"": 0.009262491621425803}"
control_random,200,p0.20,nan,1.0,5,0.2,39.800000000000004,40.175,26,53,8035,2114,1.6067348797276146,80,0.26003901821254966,0.005200780364250993,3.4699691728598623,15.665966745622404,2.018439883390615,3.1293745068385714,10,"{""0"": 0.0027031468959343346, ""1"": 0.008184479543418445, ""2"": 0.0016273536620831064, ""3"": 0.005017313226079736, ""4"": 0.006203433068203447, ""5"": 0.007468955789786886}"
control_random,200,p0.20,nan,1.0,5,0.2,39.800000000000004,40.175,26,53,8035,2114,1.6067348797276146,90,0.25838809290895237,0.0051677618581790485,5.158456460369691,15.809682581205823,2.0163463361981115,3.107881071163474,10,"{""0"": 0.002437558397071635, ""1"": 0.008446874428257674, ""2"": 0.002079924740304064, ""3"": 0.0040718095211349946, ""4"": 0.007146279820881519, ""5"": 0.006824124241424405}"
control_random,200,p0.20,nan,1.0,5,0.2,39.800000000000004,40.175,26,53,8035,2114,1.6067348797276146,100,0.26273874600649333,0.005254774920129867,5.059328361411623,15.854202210104113,2.0173162533990427,3.08654360120054,10,"{""0"": 0.0026126423553685324, ""1"": 0.008661949847438472, ""2"": 0.0018936982874778227, ""3"": 0.004338619036781631, ""4"": 0.007008628423944891, ""5"": 0.007013111569767852}"
control_random,200,p0.20,nan,1.0,5,0.2,39.800000000000004,40.175,26,53,8035,2114,1.6067348797276146,110,0.25901055189390465,0.0051802110378780936,26.142676903548683,15.953482932050807,2.0229290562267344,3.155552650671427,10,"{""0"": 0.0021517092333971635, ""1"": 0.008625387418769503, ""2"": 0.0017057157078947225, ""3"": 0.004645113513714409, ""4"": 0.007194455392258556, ""5"": 0.006758884961234207}"
control_random,200,p0.20,nan,1.0,5,0.2,39.800000000000004,40.175,26,53,8035,2114,1.6067348797276146,120,0.25871089373087747,0.0051742178746175494,2.3726551440252885,15.972285839171734,2.0150315775496925,3.169882699267842,10,"{""0"": 0.001710159301827334, ""1"": 0.008526157413001098, ""2"": 0.0019177723657416907, ""3"": 0.005306467872947909, ""4"": 0.0069483431190283124, ""5"": 0.006636407175158954}"
control_random,200,p0.20,nan,1.0,5,0.2,39.800000000000004,40.175,26,53,8035,2114,1.6067348797276146,130,0.263973550352991,0.0052794710070598215,10.711062141615724,16.053512149312343,2.0137068091118695,3.1839853473077873,10,"{""0"": 0.0018102999241175518, ""1"": 0.008288054993693235, ""2"": 0.0021695340809607887, ""3"": 0.005586637846444581, ""4"": 0.00676085458286452, ""5"": 0.007061444614278253}"
control_random,200,p0.20,nan,1.0,5,0.2,39.800000000000004,40.175,26,53,8035,2114,1.6067348797276146,140,0.26130517513191553,0.0052261035026383105,2.4198739672999734,16.099436826123615,2.024724686917591,3.266161029286359,10,"{""0"": 0.0018890089989201577, ""1"": 0.00783336406554369, ""2"": 0.0023995767460723598, ""3"": 0.006232401713573017, ""4"": 0.005773454230482836, ""5"": 0.007228815261237809}"
control_random,200,p0.20,nan,1.0,5,0.2,39.800000000000004,40.175,26,53,8035,2114,1.6067348797276146,150,0.2501436355094439,0.005002872710188878,14.876283447767301,16.159865462032087,2.034449332104957,3.2337053384937335,10,"{""0"": 0.001877459926793294, ""1"": 0.007847753027736258, ""2"": 0.0022246256581666514, ""3"": 0.005597370820239244, ""4"": 0.005752910505958662, ""5"": 0.00671711632223917}"
control_random,200,p0.20,nan,1.0,5,0.2,39.800000000000004,40.175,26,53,8035,2114,1.6067348797276146,160,0.2398027484375903,0.004796054968751806,1.1490231031096045,16.220270240285025,2.0374755131103233,3.2107425806532004,10,"{""0"": 0.0018139668993091564, ""1"": 0.007753921537573009, ""2"": 0.002134458992351728, ""3"": 0.004937405864144213, ""4"": 0.005740905082304246, ""5"": 0.00639567143682849}"
control_random,200,p0.20,nan,1.0,5,0.2,39.800000000000004,40.175,26,53,8035,2114,1.6067348797276146,170,0.23972841727137928,0.004794568345427587,2.065040955363482,16.27961371277902,2.0410373709501757,3.242879121594238,10,"{""0"": 0.0020051784087494365, ""1"": 0.007222464282325118, ""2"": 0.0022928210304862962, ""3"": 0.005130051057432116, ""4"": 0.00546987664528602, ""5"": 0.006647018648286535}"
control_random,200,p0.20,nan,1.0,5,0.2,39.800000000000004,40.175,26,53,8035,2114,1.6067348797276146,180,0.23682194996729108,0.004736438999345822,3.1305912583393654,16.31000905234794,2.045458894587262,3.2477950628456878,10,"{""0"": 0.001962281637821069, ""1"": 0.0070835713467452596, ""2"": 0.0022563696726195263, ""3"": 0.00505028494077484, ""4"": 0.005272383833212003, ""5"": 0.006793742564902232}"
control_random,200,p0.20,nan,1.0,5,0.2,39.800000000000004,40.175,26,53,8035,2114,1.6067348797276146,190,0.23438691880320053,0.004687738376064011,14.18931356416855,16.37031568251895,2.044666930682497,3.197716985737795,9,"{""0"": 0.00209417393465208, ""1"": 0.007190052612628966, ""2"": 0.002197999449144357, ""3"": 0.0051200437786784545, ""4"": 0.005248202669620625, ""5"": 0.006275957811659583}"
control_random,200,p0.20,nan,1.0,5,0.2,39.800000000000004,40.175,26,53,8035,2114,1.6067348797276146,200,0.23850157628043955,0.004770031525608792,6.094035972638568,16.443168823756793,2.048852331553592,3.2238986122793767,9,"{""0"": 0.002215469334338401, ""1"": 0.006976499745172815, ""2"": 0.0021856022255735763, ""3"": 0.005359662480984177, ""4"": 0.0049730415676354145, ""5"": 0.006909913799948364}"
control_random,200,p0.40,nan,1.0,5,0.4,79.60000000000001,79.915,63,96,15983,2114,1.5125041571737956,0,1.0011255252856457,0.020022510505712916,nan,0.0,1.5125041571737956,4.688383002255485,13,"{""0"": 0.02025909830270551, ""1"": 0.019554337266063163, ""2"": 0.02273436253248364, ""3"": 0.01785465861417663, ""4"": 0.0212512677604658, ""5"": 0.01848133855838275}"
control_random,200,p0.40,nan,1.0,5,0.4,79.60000000000001,79.915,63,96,15983,2114,1.5125041571737956,10,0.987106634233492,0.01974213268466984,8.12146071290609,15.392570994771805,1.9886160273938338,2.586611578286617,11,"{""0"": 0.01024616826186971, ""1"": 0.03706929254928601, ""2"": 0.018544256787434495, ""3"": 0.0030685356936321225, ""4"": 0.023457658122324827, ""5"": 0.026066884693471893}"
control_random,200,p0.40,nan,1.0,5,0.4,79.60000000000001,79.915,63,96,15983,2114,1.5125041571737956,20,0.6564605408296934,0.013129210816593871,6.008317007826593,16.568628155839733,2.0393904366656423,4.328697666923643,15,"{""0"": 0.018467502860920082, ""1"": 0.014378751932524594, ""2"": 0.005085074089218903, ""3"": 0.021753569788357564, ""4"": 0.016243190476326268, ""5"": 0.0028471757522158143}"
control_random,200,p0.40,nan,1.0,5,0.4,79.60000000000001,79.915,63,96,15983,2114,1.5125041571737956,30,0.7650600725364796,0.015301201450729593,9.954700966429602,17.080265409353302,2.074910637467436,4.449891065949137,15,"{""0"": 0.020754235127574995, ""1"": 0.021890209126956734, ""2"": 0.007974437719658126, ""3"": 0.024351766181775224, ""4"": 0.013014795711396193, ""5"": 0.003821764837016289}"
control_random,200,p0.40,nan,1.0,5,0.4,79.60000000000001,79.915,63,96,15983,2114,1.5125041571737956,40,0.7104359865629142,0.014208719731258286,9.0123957128914,17.303204584490917,2.070384959697127,4.208527010375995,15,"{""0"": 0.018485594326320427, ""1"": 0.01993455304037607, ""2"": 0.008457289945619978, ""3"": 0.02134479979216689, ""4"": 0.013193420747894712, ""5"": 0.003836660535171648}"
control_random,200,p0.40,nan,1.0,5,0.4,79.60000000000001,79.915,63,96,15983,2114,1.5125041571737956,50,0.5731779124665116,0.011463558249330234,12.972745491669626,17.35135306112552,2.087005623538708,3.7005205250045656,14,"{""0"": 0.01518862322615536, ""1"": 0.018247938693656495, ""2"": 0.0049480033509719185, ""3"": 0.016601313040977554, ""4"": 0.009799006127815577, ""5"": 0.003996465056404502}"
control_random,200,p0.40,nan,1.0,5,0.4,79.60000000000001,79.915,63,96,15983,2114,1.5125041571737956,60,0.5567930532069097,0.011135861064138195,21.451528810469334,17.594662238782327,2.1072201229937346,3.810399109764227,14,"{""0"": 0.016258275932941945, ""1"": 0.01733159963850174, ""2"": 0.00525622511764195, ""3"": 0.015419591993733916, ""4"": 0.007336883362568482, ""5"": 0.00521259033944114}"
control_random,200,p0.40,nan,1.0,5,0.4,79.60000000000001,79.915,63,96,15983,2114,1.5125041571737956,70,0.541166481067773,0.01082332962135546,12.636194353032176,17.815265505691023,2.1239477246134775,3.6863419811128826,14,"{""0"": 0.017480867238302476, ""1"": 0.017342638937968172, ""2"": 0.005112673771699808, ""3"": 0.01443058831246089, ""4"": 0.0055848620465710815, ""5"": 0.004988347421130339}"
control_random,200,p0.40,nan,1.0,5,0.4,79.60000000000001,79.915,63,96,15983,2114,1.5125041571737956,80,0.5302923858269589,0.01060584771653918,25.19517307957673,17.94489451031676,2.1507840861457606,3.3450197577359244,13,"{""0"": 0.01426190418242291, ""1"": 0.016256340632172444, ""2"": 0.004351022859292517, ""3"": 0.017505541358957093, ""4"": 0.007034960268340287, ""5"": 0.004225316998049842}"
control_random,200,p0.40,nan,1.0,5,0.4,79.60000000000001,79.915,63,96,15983,2114,1.5125041571737956,90,0.488090952003108,0.009761819040062162,8.30059333157254,17.994456190513844,2.1654063280036038,3.7844132004108655,13,"{""0"": 0.013643925006376062, ""1"": 0.017228740148004046, ""2"": 0.004805112758292383, ""3"": 0.012221558258663572, ""4"": 0.006204268722298744, ""5"": 0.00446730934673817}"
control_random,200,p0.40,nan,1.0,5,0.4,79.60000000000001,79.915,63,96,15983,2114,1.5125041571737956,100,0.4882750853054765,0.00976550170610953,2.95700709009125,18.087737762959158,2.1744885821092312,3.8703589185835203,14,"{""0"": 0.013790856545437668, ""1"": 0.01754454798706226, ""2"": 0.0051000091311788455, ""3"": 0.011541637810338155, ""4"": 0.0055210257255214005, ""5"": 0.00509493303711885}"
control_random,200,p0.40,nan,1.0,5,0.4,79.60000000000001,79.915,63,96,15983,2114,1.5125041571737956,110,0.4551007234538908,0.009102014469077817,11.354456727893897,18.17579314259108,2.1826544545742372,4.071706051886383,14,"{""0"": 0.011175281743901025, ""1"": 0.016131614965062036, ""2"": 0.0055526128976299246, ""3"": 0.010553747733685708, ""4"": 0.0053567204219547755, ""5"": 0.005842109052233424}"
control_random,200,p0.40,nan,1.0,5,0.4,79.60000000000001,79.915,63,96,15983,2114,1.5125041571737956,120,0.4400014425853072,0.008800028851706146,3.4604393435733916,18.247619447565484,2.1815618231290923,4.112906659626288,13,"{""0"": 0.010847597238954221, ""1"": 0.014856373995383431, ""2"": 0.006237455820690125, ""3"": 0.009536009026849389, ""4"": 0.005849918519922325, ""5"": 0.005472818508437386}"
control_random,200,p0.40,nan,1.0,5,0.4,79.60000000000001,79.915,63,96,15983,2114,1.5125041571737956,130,0.4220005785755572,0.008440011571511145,1.9469733812060128,18.329082189223424,2.181058257617347,4.169890938757633,13,"{""0"": 0.010465970677834982, ""1"": 0.012951662625400553, ""2"": 0.006669130134159736, ""3"": 0.008478306574509455, ""4"": 0.005714282444215233, ""5"": 0.0063607169729469155}"
control_random,200,p0.40,nan,1.0,5,0.4,79.60000000000001,79.915,63,96,15983,2114,1.5125041571737956,140,0.4086182827691679,0.00817236565538336,3.741877959708124,18.30230570218076,2.1800911015901447,4.115121540919288,13,"{""0"": 0.010178058323471002, ""1"": 0.012106717603484505, ""2"": 0.006210403344013387, ""3"": 0.009067692356440418, ""4"": 0.0058607138740975956, ""5"": 0.005610608430793248}"
control_random,200,p0.40,nan,1.0,5,0.4,79.60000000000001,79.915,63,96,15983,2114,1.5125041571737956,150,0.40222403164073867,0.008044480632814774,9.293425691297104,18.38506262279174,2.184780511507736,4.083839540991612,13,"{""0"": 0.010170112868896429, ""1"": 0.012423904530153667, ""2"": 0.006149036432789889, ""3"": 0.008579711281069914, ""4"": 0.005799880482274147, ""5"": 0.005144238201704603}"
control_random,200,p0.40,nan,1.0,5,0.4,79.60000000000001,79.915,63,96,15983,2114,1.5125041571737956,160,0.39591323616042456,0.007918264723208493,2.9017859549374725,18.457159575863432,2.1849855271176035,4.031831085635408,13,"{""0"": 0.010127866780212021, ""1"": 0.012327336551456472, ""2"": 0.0062068965883590645, ""3"": 0.00802170222259154, ""4"": 0.005776739192797248, ""5"": 0.005049047003834604}"
control_random,200,p0.40,nan,1.0,5,0.4,79.60000000000001,79.915,63,96,15983,2114,1.5125041571737956,170,0.36886638937548333,0.007377327787509667,15.120794038281474,18.444918711999303,2.1826006580395627,4.062691809914079,13,"{""0"": 0.008691312856029433, ""1"": 0.010589813611979942, ""2"": 0.006128394997108331, ""3"": 0.008035475893231215, ""4"": 0.0055962984443431295, ""5"": 0.005222670922365953}"
control_random,200,p0.40,nan,1.0,5,0.4,79.60000000000001,79.915,63,96,15983,2114,1.5125041571737956,180,0.36440776653879436,0.007288155330775889,1.1368620197751191,18.5038256816591,2.1859096785728824,4.055073369079443,13,"{""0"": 0.008009353279963117, ""1"": 0.00966008508913639, ""2"": 0.006238380721417151, ""3"": 0.008734477111778157, ""4"": 0.005569464301266162, ""5"": 0.005517171481094358}"
control_random,200,p0.40,nan,1.0,5,0.4,79.60000000000001,79.915,63,96,15983,2114,1.5125041571737956,190,0.3550256039074614,0.007100512078149229,7.263511599051744,18.575250388447248,2.1865779605919955,3.9714747378319886,13,"{""0"": 0.007767002703450621, ""1"": 0.009660817495191279, ""2"": 0.00599346534690341, ""3"": 0.008186435418355422, ""4"": 0.005754362050009182, ""5"": 0.005240989454985457}"
control_random,200,p0.40,nan,1.0,5,0.4,79.60000000000001,79.915,63,96,15983,2114,1.5125041571737956,200,0.35792217148131494,0.007158443429626299,5.19671259309589,18.59590879485127,2.1853817171976386,3.96772866198181,13,"{""0"": 0.008041401541358047, ""1"": 0.00903749855077519, ""2"": 0.006093998199760619, ""3"": 0.008818401773704316, ""4"": 0.0057970879513960655, ""5"": 0.005162272560763555}"
control_random,200,p0.05,nan,1.0,6,0.05,9.950000000000001,9.645,3,19,1929,1929,1.6288936480071088,0,1.0180392025818665,0.020360784051637333,nan,0.0,1.6288936480071088,4.221653609262846,10,"{""0"": 0.021042746703955405, ""1"": 0.022083740105811888, ""2"": 0.020055885576885424, ""3"": 0.020150901470946468, ""4"": 0.020274926695060497, ""5"": 0.01855650375716432}"
control_random,200,p0.05,nan,1.0,6,0.05,9.950000000000001,9.645,3,19,1929,1929,1.6288936480071088,10,1.4054463390024359,0.02810892678004872,9.220843425173054,13.59904702882172,1.840669496274149,2.921441005795863,9,"{""0"": 0.012839905191444512, ""1"": 0.03281430037983325, ""2"": 0.022403324634370815, ""3"": 0.04110900680783673, ""4"": 0.02726320371763429, ""5"": 0.03222381994917271}"
control_random,200,p0.05,nan,1.0,6,0.05,9.950000000000001,9.645,3,19,1929,1929,1.6288936480071088,20,0.7215874633992839,0.014431749267985681,13.633290599461702,14.862868052997523,1.9419128802802825,3.397287022364031,9,"{""0"": 0.009040571491745766, ""1"": 0.010976986122614727, ""2"": 0.009923764005216112, ""3"": 0.010550293856383341, ""4"": 0.02363119627946093, ""5"": 0.022467683852493196}"
control_random,200,p0.05,nan,1.0,6,0.05,9.950000000000001,9.645,3,19,1929,1929,1.6288936480071088,30,0.5634364616481892,0.011268729232963785,14.425674790136819,15.274198502097361,1.959447722241978,3.7670570400385723,10,"{""0"": 0.008039340552202436, ""1"": 0.015476850465125794, ""2"": 0.006009719859056857, ""3"": 0.010993384715847685, ""4"": 0.01271772918617406, ""5"": 0.014375350619375879}"
control_random,200,p0.05,nan,1.0,6,0.05,9.950000000000001,9.645,3,19,1929,1929,1.6288936480071088,40,0.45393493978453925,0.009078698795690787,9.036792469829438,15.621960934412838,1.9560299922481015,3.6311850487181254,9,"{""0"": 0.007231547508591511, ""1"": 0.012553441823051566, ""2"": 0.007972703828415598, ""3"": 0.005638363368262134, ""4"": 0.00742944400620772, ""5"": 0.013646692239616186}"
control_random,200,p0.05,nan,1.0,6,0.05,9.950000000000001,9.645,3,19,1929,1929,1.6288936480071088,50,0.3990344651188302,0.007980689302376606,1.1362638127710458,15.97246797206418,1.965925402212779,3.46438104511989,8,"{""0"": 0.007194780878076269, ""1"": 0.009822638764529643, ""2"": 0.007175815177758863, ""3"": 0.005775634426062016, ""4"": 0.004260567998717605, ""5"": 0.013654698569115237}"
control_random,200,p0.05,nan,1.0,6,0.05,9.950000000000001,9.645,3,19,1929,1929,1.6288936480071088,60,0.36851292069301556,0.007370258413860312,3.836484399526804,16.07816042215657,1.9305560560309083,3.436597619253085,9,"{""0"": 0.0061045265343227535, ""1"": 0.008048423368574018, ""2"": 0.006710143802800457, ""3"": 0.003477415001543832, ""4"": 0.005859156053941481, ""5"": 0.014021885721979332}"
control_random,200,p0.05,nan,1.0,6,0.05,9.950000000000001,9.645,3,19,1929,1929,1.6288936480071088,70,0.3324321310794469,0.006648642621588939,7.066933857839227,16.249820146559806,1.9330114446316782,3.5261950776030435,9,"{""0"": 0.0055276103804407836, ""1"": 0.00884772592213313, ""2"": 0.004270696859171038, ""3"": 0.003998042771602483, ""4"": 0.004079626425022391, ""5"": 0.01316815337116381}"
control_random,200,p0.05,nan,1.0,6,0.05,9.950000000000001,9.645,3,19,1929,1929,1.6288936480071088,80,0.3171200906800116,0.006342401813600233,6.235559769421766,16.488202895233115,1.9231352432878486,3.460748260321317,9,"{""0"": 0.004682664863080178, ""1"": 0.008266753767593444, ""2"": 0.003922664184018011, ""3"": 0.0034394398908216576, ""4"": 0.004830995343805799, ""5"": 0.012911892832282312}"
control_random,200,p0.05,nan,1.0,6,0.05,9.950000000000001,9.645,3,19,1929,1929,1.6288936480071088,90,0.29426643974188477,0.005885328794837696,8.534321485180163,16.601117517021855,1.9390024578585858,3.528894359534934,9,"{""0"": 0.005319423104335223, ""1"": 0.008396282081960825, ""2"": 0.004309355862448334, ""3"": 0.0026083328134303787, ""4"": 0.006532661109013319, ""5"": 0.0081459177978381}"
control_random,200,p0.05,nan,1.0,6,0.05,9.950000000000001,9.645,3,19,1929,1929,1.6288936480071088,100,0.27886019294619363,0.005577203858923874,6.159105898485169,16.721600490469058,1.9558916073486288,3.4900323933979402,9,"{""0"": 0.005417121301827355, ""1"": 0.0075349884257614064, ""2"": 0.004681773878447559, ""3"": 0.0025883483718662755, ""4"": 0.005355743068352343, ""5"": 0.007885248107288306}"
control_random,200,p0.05,nan,1.0,6,0.05,9.950000000000001,9.645,3,19,1929,1929,1.6288936480071088,110,0.2778497697256868,0.005556995394513737,2.7174547361289765,16.86570863025261,1.966645475017859,3.4414148123485315,9,"{""0"": 0.004813435484030463, ""1"": 0.007972048083002291, ""2"": 0.004103952461239252, ""3"": 0.0025660431857651837, ""4"": 0.005677145959218854, ""5"": 0.008209347193826388}"
control_random,200,p0.05,nan,1.0,6,0.05,9.950000000000001,9.645,3,19,1929,1929,1.6288936480071088,120,0.26559564601474395,0.0053119129202948805,20.18824306407046,16.979946903190154,1.9766104788972092,3.4206313482715056,9,"{""0"": 0.005020014480559385, ""1"": 0.007853542680654576, ""2"": 0.003733594945157919, ""3"": 0.0026263509250131463, ""4"": 0.005080462366149914, ""5"": 0.007557512124234343}"
control_random,200,p0.05,nan,1.0,6,0.05,9.950000000000001,9.645,3,19,1929,1929,1.6288936480071088,130,0.26576600323985716,0.0053153200647971435,1.4163061794615928,17.08180310626848,1.970008349164715,3.3865668081413114,8,"{""0"": 0.0049612654501042346, ""1"": 0.007547996586686055, ""2"": 0.004041936855339842, ""3"": 0.002331808065437313, ""4"": 0.004739173455773396, ""5"": 0.008269739975442026}"
control_random,200,p0.05,nan,1.0,6,0.05,9.950000000000001,9.645,3,19,1929,1929,1.6288936480071088,140,0.26328065179697324,0.0052656130359394655,2.5444827718418486,17.137107748583592,1.9708000645126031,3.338179190712915,8,"{""0"": 0.005032499845246974, ""1"": 0.007501255082436184, ""2"": 0.004397389760251997, ""3"": 0.002346934893774449, ""4"": 0.004013978636459906, ""5"": 0.008301619997467282}"
control_random,200,p0.05,nan,1.0,6,0.05,9.950000000000001,9.645,3,19,1929,1929,1.6288936480071088,150,0.2497480418650999,0.004994960837301999,2.926656359108135,17.22350630543624,1.9948675936408802,3.4209755062555423,8,"{""0"": 0.005608008832096887, ""1"": 0.006757548375962766, ""2"": 0.003953233174443396, ""3"": 0.00257035030870367, ""4"": 0.0037820548371871607, ""5"": 0.00729856949541811}"
control_random,200,p0.05,nan,1.0,6,0.05,9.950000000000001,9.645,3,19,1929,1929,1.6288936480071088,160,0.23530305247996672,0.004706061049599335,9.506459599666396,17.288300258208267,2.0003475941151145,3.3758846979132975,8,"{""0"": 0.006142022013909142, ""1"": 0.005348179697272422, ""2"": 0.004081369048056327, ""3"": 0.0027474106405238285, ""4"": 0.0033440744367591764, ""5"": 0.006573310461075116}"
control_random,200,p0.05,nan,1.0,6,0.05,9.950000000000001,9.645,3,19,1929,1929,1.6288936480071088,170,0.23006302202435963,0.004601260440487194,4.007679198810917,17.3802836525112,2.005126202438898,3.3400391919214933,8,"{""0"": 0.006142604355711371, ""1"": 0.00530652698355196, ""2"": 0.00419746225269669, ""3"": 0.0025896245597151523, ""4"": 0.0031599863968434423, ""5"": 0.006211358094404546}"
control_random,200,p0.05,nan,1.0,6,0.05,9.950000000000001,9.645,3,19,1929,1929,1.6288936480071088,180,0.2131253851903149,0.004262507703806298,3.9262075299175176,17.493632454485752,2.001583335777555,3.3143561940531217,8,"{""0"": 0.00512280625805799, ""1"": 0.005690279862056675, ""2"": 0.0033392353998772683, ""3"": 0.0025843065372639037, ""4"": 0.0025954128714072025, ""5"": 0.006243005294174753}"
control_random,200,p0.05,nan,1.0,6,0.05,9.950000000000001,9.645,3,19,1929,1929,1.6288936480071088,190,0.21446970783954558,0.004289394156790912,5.032052625681235,17.562808917445885,1.997491288761719,3.2971082300284,8,"{""0"": 0.0046971155795482175, ""1"": 0.005740964263760198, ""2"": 0.003409839901205962, ""3"": 0.0024252929092438355, ""4"": 0.0026098608667954036, ""5"": 0.006853291420191854}"
control_random,200,p0.05,nan,1.0,6,0.05,9.950000000000001,9.645,3,19,1929,1929,1.6288936480071088,200,0.2145095407279849,0.0042901908145596985,4.546223730858179,17.610068300446233,1.9954964944886318,3.2798983142474856,8,"{""0"": 0.004573966161137318, ""1"": 0.0058193654414636165, ""2"": 0.0034242868432753587, ""3"": 0.002412419615162847, ""4"": 0.0023619004579634333, ""5"": 0.00714920636835562}"
control_random,200,p0.10,nan,1.0,6,0.1,19.900000000000002,19.865,11,31,3973,1929,1.5259065146384367,0,1.00905197754349,0.020181039550869806,nan,0.0,1.5259065146384367,6.447727661462857,12,"{""0"": 0.02292527654338982, ""1"": 0.018162952713886366, ""2"": 0.01837866857730142, ""3"": 0.01885300614450581, ""4"": 0.022633509592074424, ""5"": 0.02013282373406099}"
control_random,200,p0.10,nan,1.0,6,0.1,19.900000000000002,19.865,11,31,3973,1929,1.5259065146384367,10,0.9191641160005706,0.018383282320011414,11.11060438494327,13.196498986190925,2.036261368478236,3.5076712468543145,9,"{""0"": 0.03242068146662883, ""1"": 0.006777619868393668, ""2"": 0.007930563362869365, ""3"": 0.01238311004771703, ""4"": 0.027902810671557764, ""5"": 0.02288490850290182}"
control_random,200,p0.10,nan,1.0,6,0.1,19.900000000000002,19.865,11,31,3973,1929,1.5259065146384367,20,0.9088460860208931,0.018176921720417863,22.245922775304127,13.68691412273126,2.123285860045804,3.5443036124698644,9,"{""0"": 0.0379144984481532, ""1"": 0.01029908556520143, ""2"": 0.010046725584893598, ""3"": 0.0067137318764994725, ""4"": 0.01650622224389298, ""5"": 0.027581266603866488}"
control_random,200,p0.10,nan,1.0,6,0.1,19.900000000000002,19.865,11,31,3973,1929,1.5259065146384367,30,0.8131106728921953,0.016262213457843906,11.98202121767647,14.344068139964914,1.868702991223237,3.0966938388304484,9,"{""0"": 0.0323131414689176, ""1"": 0.011087280909096544, ""2"": 0.008318415939805719, ""3"": 0.00490992623866057, ""4"": 0.02352088246949014, ""5"": 0.017423633721092874}"
control_random,200,p0.10,nan,1.0,6,0.1,19.900000000000002,19.865,11,31,3973,1929,1.5259065146384367,40,0.6789364949628443,0.013578729899256887,1.9001674003300695,15.016386062593782,1.8933987564271382,2.9622225312198616,9,"{""0"": 0.01637398039104631, ""1"": 0.011091696297615214, ""2"": 0.009689173688263115, ""3"": 0.005414858053936582, ""4"": 0.021992290770973793, ""5"": 0.0169103801937063}"
control_random,200,p0.10,nan,1.0,6,0.1,19.900000000000002,19.865,11,31,3973,1929,1.5259065146384367,50,0.5403414443255131,0.010806828886510262,16.464315369551855,15.32794839493457,1.943591229749696,2.7270989835634993,10,"{""0"": 0.01031879194717568, ""1"": 0.01486685653465356, ""2"": 0.010119882429645, ""3"": 0.0035482985516161426, ""4"": 0.01243220806036034, ""5"": 0.01355493579561085}"
control_random,200,p0.10,nan,1.0,6,0.1,19.900000000000002,19.865,11,31,3973,1929,1.5259065146384367,60,0.573299897225101,0.011465997944502022,1.6630747575970843,15.6722838440448,1.9329241693457087,2.64698421234085,9,"{""0"": 0.01034743955304205, ""1"": 0.012438505626458136, ""2"": 0.012272738451870085, ""3"": 0.004601796067502002, ""4"": 0.015478282374801016, ""5"": 0.013657225593338849}"
control_random,200,p0.10,nan,1.0,6,0.1,19.900000000000002,19.865,11,31,3973,1929,1.5259065146384367,70,0.5590871727768429,0.011181743455536861,10.364285549709393,15.912012969658688,1.9269987134124733,2.6926936755481288,9,"{""0"": 0.010752376168147846, ""1"": 0.01117231521038442, ""2"": 0.01390706770079681, ""3"": 0.004616204054435675, ""4"": 0.014976400453507377, ""5"": 0.011666097145949047}"
control_random,200,p0.10,nan,1.0,6,0.1,19.900000000000002,19.865,11,31,3973,1929,1.5259065146384367,80,0.5280194393077384,0.01056038878615477,1.909108810329237,16.053634160857605,1.945237361802177,2.697564597873909,9,"{""0"": 0.009885723116960584, ""1"": 0.010715128379209059, ""2"": 0.015195263792617559, ""3"": 0.004309698652933302, ""4"": 0.0108672654705918, ""5"": 0.012389253304616325}"
control_random,200,p0.10,nan,1.0,6,0.1,19.900000000000002,19.865,11,31,3973,1929,1.5259065146384367,90,0.5191786751260787,0.010383573502521575,6.080030826488282,16.306001806163522,1.956802231046845,2.75755943694317,9,"{""0"": 0.009889425375756383, ""1"": 0.01274612072394112, ""2"": 0.014430705975405283, ""3"": 0.0038003851733376124, ""4"": 0.01022900389432205, ""5"": 0.011205799872366995}"
control_random,200,p0.10,nan,1.0,6,0.1,19.900000000000002,19.865,11,31,3973,1929,1.5259065146384367,100,0.5303348121829687,0.010606696243659376,5.02486199941167,16.52180717113709,1.9996838251870896,2.687065711726817,9,"{""0"": 0.009957483797288651, ""1"": 0.012344379628299342, ""2"": 0.01689520782108044, ""3"": 0.0031727127922953624, ""4"": 0.010008145478906822, ""5"": 0.011262247944085637}"
control_random,200,p0.10,nan,1.0,6,0.1,19.900000000000002,19.865,11,31,3973,1929,1.5259065146384367,110,0.5273250145561632,0.010546500291123265,18.705727015471936,16.714749844084366,2.0060750652693162,2.7095236070178905,9,"{""0"": 0.008947915731764164, ""1"": 0.013885822384348, ""2"": 0.015392606600936604, ""3"": 0.0029718925891925366, ""4"": 0.011288463491725959, ""5"": 0.010792300948772338}"
control_random,200,p0.10,nan,1.0,6,0.1,19.900000000000002,19.865,11,31,3973,1929,1.5259065146384367,120,0.5092177427407808,0.010184354854815617,5.628433091450698,16.877522589297065,2.0061296256833887,2.701610619772402,9,"{""0"": 0.009136491944658254, ""1"": 0.013166777896864507, ""2"": 0.014681591646430075, ""3"": 0.0027393759712688406, ""4"": 0.010558990500166485, ""5"": 0.010822901169505534}"
control_random,200,p0.10,nan,1.0,6,0.1,19.900000000000002,19.865,11,31,3973,1929,1.5259065146384367,130,0.49743106295473766,0.009948621259094756,3.722212903772212,16.87837527766415,2.003182652564706,2.7077835470008114,9,"{""0"": 0.00879926960722564, ""1"": 0.013179674413364553, ""2"": 0.014329040743141546, ""3"": 0.002435520445354053, ""4"": 0.009944404760407356, ""5"": 0.011003817585075385}"
control_random,200,p0.10,nan,1.0,6,0.1,19.900000000000002,19.865,11,31,3973,1929,1.5259065146384367,140,0.4904832640191248,0.009809665280382497,4.620489606320251,17.07447047619214,2.0238643866566814,2.7377534306697164,9,"{""0"": 0.009073522979016469, ""1"": 0.013316266775713325, ""2"": 0.014878579325104554, ""3"": 0.0020441011843127786, ""4"": 0.008200465753587082, ""5"": 0.01134505566456077}"
control_random,200,p0.10,nan,1.0,6,0.1,19.900000000000002,19.865,11,31,3973,1929,1.5259065146384367,150,0.4922602947481202,0.009845205894962406,11.430224235598397,17.211239010539487,2.0394318496414123,2.814834354387618,9,"{""0"": 0.009311955523401161, ""1"": 0.013430473659564457, ""2"": 0.014833911303735754, ""3"": 0.0021557072910511287, ""4"": 0.007325959348776378, ""5"": 0.012013228243245558}"
control_random,200,p0.10,nan,1.0,6,0.1,19.900000000000002,19.865,11,31,3973,1929,1.5259065146384367,160,0.48726708954216263,0.009745341790843253,4.055702405112072,17.38302213851017,2.0717679520825776,2.8972148855886646,9,"{""0"": 0.009587641720806298, ""1"": 0.012347911304025542, ""2"": 0.014414719648873189, ""3"": 0.002347929727029066, ""4"": 0.0072990297910840995, ""5"": 0.012474818553241328}"
control_random,200,p0.10,nan,1.0,6,0.1,19.900000000000002,19.865,11,31,3973,1929,1.5259065146384367,170,0.4718939722435681,0.009437879444871363,20.02862924316749,17.518705084987715,2.080653949117012,2.9574380417603483,10,"{""0"": 0.0077366306966819825, ""1"": 0.012311351596795531, ""2"": 0.013887445617218771, ""3"": 0.0023799433084065106, ""4"": 0.00800435447897073, ""5"": 0.012307550971154654}"
control_random,200,p0.10,nan,1.0,6,0.1,19.900000000000002,19.865,11,31,3973,1929,1.5259065146384367,180,0.4291493473359138,0.008582986946718277,2.2105923722529934,17.57836072605685,2.066768013669999,2.955739958797377,10,"{""0"": 0.00438720454421595, ""1"": 0.012355600568987457, ""2"": 0.013301240821625945, ""3"": 0.0021684379213501538, ""4"": 0.007215731280375998, ""5"": 0.012069706543754156}"
control_random,200,p0.10,nan,1.0,6,0.1,19.900000000000002,19.865,11,31,3973,1929,1.5259065146384367,190,0.4173517809344439,0.00834703561868888,3.733253333365232,17.705565081772313,2.0784431229130567,2.919615886015519,10,"{""0"": 0.0033115695790042372, ""1"": 0.011913136967948152, ""2"": 0.013540815023398467, ""3"": 0.002205175473736766, ""4"": 0.0071975745149201655, ""5"": 0.01191394215312549}"
control_random,200,p0.10,nan,1.0,6,0.1,19.900000000000002,19.865,11,31,3973,1929,1.5259065146384367,200,0.3908505289809421,0.007817010579618842,5.97787289476506,17.745637593177687,2.0923065628243087,3.0454883718631356,10,"{""0"": 0.003290891823722961, ""1"": 0.011117134640804702, ""2"": 0.012120290423645137, ""3"": 0.002353722012192482, ""4"": 0.006836831649337837, ""5"": 0.011183192928009941}"
control_random,200,p0.20,nan,1.0,6,0.2,39.800000000000004,40.06,25,60,8012,1929,1.5080959098367905,0,0.9888105015782805,0.019776210031565614,nan,0.0,1.5080959098367905,6.344756265732125,14,"{""0"": 0.020100211658130147, ""1"": 0.02099418546796098, ""2"": 0.019900212135677456, ""3"": 0.019139849899501953, ""4"": 0.020108045167283393, ""5"": 0.018414755860839748}"
control_random,200,p0.20,nan,1.0,6,0.2,39.800000000000004,40.06,25,60,8012,1929,1.5080959098367905,10,0.5736653237705597,0.011473306475411196,11.467486253068081,13.124216711128083,2.166737980059037,2.9281230179000235,8,"{""0"": 0.010510590692606132, ""1"": 0.005959473531690731, ""2"": 0.010282570988538187, ""3"": 0.0043015038000782865, ""4"": 0.019377378755603226, ""5"": 0.018408321083950605}"
control_random,200,p0.20,nan,1.0,6,0.2,39.800000000000004,40.06,25,60,8012,1929,1.5080959098367905,20,0.6658345937219372,0.013316691874438746,25.594303265349915,14.621215552909874,2.1189379380842723,3.4399884699382404,10,"{""0"": 0.018205105196903736, ""1"": 0.007870883197781078, ""2"": 0.010675051652519457, ""3"": 0.015060007460306385, ""4"": 0.006809330704318398, ""5"": 0.021279773034803422}"
control_random,200,p0.20,nan,1.0,6,0.2,39.800000000000004,40.06,25,60,8012,1929,1.5080959098367905,30,0.5800576841050569,0.011601153682101139,31.601179599006322,15.488511970391631,2.0953199617928786,3.600355199629169,10,"{""0"": 0.010224680125223673, ""1"": 0.011245031108713457, ""2"": 0.007572075350378388, ""3"": 0.018498652060606684, ""4"": 0.009072564773046523, ""5"": 0.012993918674638111}"
control_random,200,p0.20,nan,1.0,6,0.2,39.800000000000004,40.06,25,60,8012,1929,1.5080959098367905,40,0.4844743272792953,0.009689486545585907,36.76880531875541,15.820633762865851,1.9743686825811704,3.4747769339785117,10,"{""0"": 0.004522555601576451, ""1"": 0.010151043374084524, ""2"": 0.005948507530029748, ""3"": 0.010679244072720969, ""4"": 0.01259360980184677, ""5"": 0.014241958893256978}"
control_random,200,p0.20,nan,1.0,6,0.2,39.800000000000004,40.06,25,60,8012,1929,1.5080959098367905,50,0.5205906431502403,0.010411812863004808,3.818239715893724,16.0723032582973,1.9924217113125882,3.6211456511703672,11,"{""0"": 0.006544669673727707, ""1"": 0.00987283378941152, ""2"": 0.006456336556848605, ""3"": 0.012836511928786407, ""4"": 0.011197108511595413, ""5"": 0.015563416717659189}"
control_random,200,p0.20,nan,1.0,6,0.2,39.800000000000004,40.06,25,60,8012,1929,1.5080959098367905,60,0.5223942723476211,0.010447885446952423,2.2000329041443765,16.313300517635756,1.9944674622958705,3.7372059154984583,11,"{""0"": 0.007660809131959707, ""1"": 0.00999003785585594, ""2"": 0.008779084864026948, ""3"": 0.013769849654766029, ""4"": 0.009311623629957447, ""5"": 0.013175907545148472}"
control_random,200,p0.20,nan,1.0,6,0.2,39.800000000000004,40.06,25,60,8012,1929,1.5080959098367905,70,0.446638247263906,0.00893276494527812,6.889544504256182,16.392640845330096,1.995786118914687,3.971518516227913,11,"{""0"": 0.004225150793464212, ""1"": 0.010552809525501316, ""2"": 0.0077471199914445135, ""3"": 0.012962203241368125, ""4"": 0.008804161447062251, ""5"": 0.009305144672828303}"
control_random,200,p0.20,nan,1.0,6,0.2,39.800000000000004,40.06,25,60,8012,1929,1.5080959098367905,80,0.4724945313370447,0.009449890626740896,3.215216117019007,16.437894827070313,1.9998403955346906,3.7561342632973487,11,"{""0"": 0.0042249860097136535, ""1"": 0.008979832698197642, ""2"": 0.010836565086855548, ""3"": 0.014027283554936477, ""4"": 0.008120425299126164, ""5"": 0.010510251111615885}"
control_random,200,p0.20,nan,1.0,6,0.2,39.800000000000004,40.06,25,60,8012,1929,1.5080959098367905,90,0.39419825255453733,0.007883965051090748,5.999949425923655,16.459394747345662,1.994569969018885,3.485666459666444,11,"{""0"": 0.0034696441220500446, ""1"": 0.009390019776174622, ""2"": 0.0097752527790604, ""3"": 0.00965491255129, ""4"": 0.008000490454815466, ""5"": 0.007013470623153951}"
control_random,200,p0.20,nan,1.0,6,0.2,39.800000000000004,40.06,25,60,8012,1929,1.5080959098367905,100,0.3532401260584329,0.00706480252116866,9.684571855008071,16.463123637587035,1.9890830638783912,3.368024986919384,10,"{""0"": 0.003469850109649648, ""1"": 0.008363680531312171, ""2"": 0.009807748360058119, ""3"": 0.006847076492397401, ""4"": 0.007702529575447199, ""5"": 0.006197930058147415}"
control_random,200,p0.20,nan,1.0,6,0.2,39.800000000000004,40.06,25,60,8012,1929,1.5080959098367905,110,0.37360215025751375,0.007472043005150276,7.041247693025071,16.624255577694687,2.005479842699947,3.344694191991462,10,"{""0"": 0.0033671831218302613, ""1"": 0.009010772371332161, ""2"": 0.009820996706513282, ""3"": 0.008021874011831373, ""4"": 0.008140116753258923, ""5"": 0.006471315066135653}"
control_random,200,p0.20,nan,1.0,6,0.2,39.800000000000004,40.06,25,60,8012,1929,1.5080959098367905,120,0.3817269744740889,0.007634539489481778,5.118062157449146,16.742127607303402,2.003795148430651,3.3313225665805937,10,"{""0"": 0.003306452156012059, ""1"": 0.008190583559101326, ""2"": 0.010349438008727277, ""3"": 0.009347331127875856, ""4"": 0.0076927644489877085, ""5"": 0.00692066763618644}"
control_random,200,p0.20,nan,1.0,6,0.2,39.800000000000004,40.06,25,60,8012,1929,1.5080959098367905,130,0.36981125643843243,0.0073962251287686505,10.991320571791354,16.809048194016547,2.0049066589006665,3.295412846781952,10,"{""0"": 0.0033417519400589187, ""1"": 0.0076564335260968005, ""2"": 0.010394797656184096, ""3"": 0.008655350418441728, ""4"": 0.007074418763904, ""5"": 0.0072545984679263514}"
control_random,200,p0.20,nan,1.0,6,0.2,39.800000000000004,40.06,25,60,8012,1929,1.5080959098367905,140,0.36168193495512974,0.007233638699102595,8.782974161837734,16.924016503430263,2.0070479516760775,3.3087261715335634,10,"{""0"": 0.0035077886997814224, ""1"": 0.006791233053804464, ""2"": 0.010307189936104551, ""3"": 0.00936556482577599, ""4"": 0.006315163020886241, ""5"": 0.007114892658262896}"
control_random,200,p0.20,nan,1.0,6,0.2,39.800000000000004,40.06,25,60,8012,1929,1.5080959098367905,150,0.3522582720582509,0.007045165441165019,10.406298705166993,17.038837367946343,2.011631074123223,3.4050240706060637,10,"{""0"": 0.00374605954326363, ""1"": 0.0063509735406180375, ""2"": 0.009608676234313695, ""3"": 0.011046906467646712, ""4"": 0.005887348779918663, ""5"": 0.00563102808122937}"
control_random,200,p0.20,nan,1.0,6,0.2,39.800000000000004,40.06,25,60,8012,1929,1.5080959098367905,160,0.35651164470653846,0.0071302328941307705,7.667339449867727,17.198932418313888,2.011996265445404,3.423845950205176,10,"{""0"": 0.005096774912536154, ""1"": 0.005564817131415588, ""2"": 0.009433584972612962, ""3"": 0.012600411880534465, ""4"": 0.005345170022132684, ""5"": 0.004740638445552766}"
control_random,200,p0.20,nan,1.0,6,0.2,39.800000000000004,40.06,25,60,8012,1929,1.5080959098367905,170,0.34681112099112377,0.006936222419822476,22.568777118493962,17.293124638791564,2.0139824076822754,3.417358412220849,10,"{""0"": 0.0046743055783515335, ""1"": 0.005563001904140022, ""2"": 0.008884101598960064, ""3"": 0.011941022478307462, ""4"": 0.0056656557450405175, ""5"": 0.004889247214135259}"
control_random,200,p0.20,nan,1.0,6,0.2,39.800000000000004,40.06,25,60,8012,1929,1.5080959098367905,180,0.33870485804726375,0.006774097160945276,12.356492779228963,17.423015358487262,2.0141764432155536,3.469637383532372,10,"{""0"": 0.004904607682862968, ""1"": 0.005644247342058737, ""2"": 0.007896399505703334, ""3"": 0.012445554684366611, ""4"": 0.005544541864723909, ""5"": 0.004209231885956097}"
control_random,200,p0.20,nan,1.0,6,0.2,39.800000000000004,40.06,25,60,8012,1929,1.5080959098367905,190,0.3284690539838305,0.006569381079676611,8.580187847918264,17.49273416748236,2.017613560020711,3.422258267792331,9,"{""0"": 0.004491139281723366, ""1"": 0.005425191902843432, ""2"": 0.007848604170564608, ""3"": 0.011752633298578128, ""4"": 0.005775928019732053, ""5"": 0.004122789804618077}"
control_random,200,p0.20,nan,1.0,6,0.2,39.800000000000004,40.06,25,60,8012,1929,1.5080959098367905,200,0.32938454191177036,0.0065876908382354075,2.5695513977111895,17.559350684113223,2.019917848754205,3.4280154518591424,9,"{""0"": 0.005207631156749339, ""1"": 0.005375301624322512, ""2"": 0.00774879859403956, ""3"": 0.01195883328072008, ""4"": 0.005490002857773633, ""5"": 0.003745577515807324}"
control_random,200,p0.40,nan,1.0,6,0.4,79.60000000000001,80.155,59,98,16031,1929,1.578782309788662,0,0.9671687957772023,0.01934337591554405,nan,0.0,1.578782309788662,5.896486072001465,13,"{""0"": 0.01928380622971087, ""1"": 0.02053989424258399, ""2"": 0.018875809051220837, ""3"": 0.01966896259210747, ""4"": 0.019192372425670196, ""5"": 0.018499410951970937}"
control_random,200,p0.40,nan,1.0,6,0.4,79.60000000000001,80.155,59,98,16031,1929,1.578782309788662,10,0.6933300038735655,0.01386660007747131,17.881137543571242,12.92158583768041,2.1123763178444057,2.473084116255472,7,"{""0"": 0.002217550002320894, ""1"": 0.017806027493076845, ""2"": 0.021183354448514803, ""3"": 0.00551466446041146, ""4"": 0.016297024090396524, ""5"": 0.020180979970107336}"
control_random,200,p0.40,nan,1.0,6,0.4,79.60000000000001,80.155,59,98,16031,1929,1.578782309788662,20,0.4181542505399739,0.008363085010799479,20.44499891395697,14.306777359981014,2.0224723154435598,3.7211818543185538,9,"{""0"": 0.0046796044648638605, ""1"": 0.008987456430568233, ""2"": 0.004460863019633913, ""3"": 0.009649308811047846, ""4"": 0.015005975049988959, ""5"": 0.007395302288694059}"
control_random,200,p0.40,nan,1.0,6,0.4,79.60000000000001,80.155,59,98,16031,1929,1.578782309788662,30,0.4054959504720646,0.008109919009441293,51.0373497278146,14.516772888455716,2.056830187906702,3.299486900218227,9,"{""0"": 0.004284044006182412, ""1"": 0.010855342074236229, ""2"": 0.004651897017571797, ""3"": 0.009119043319918854, ""4"": 0.015338600761273965, ""5"": 0.004410586877464505}"
control_random,200,p0.40,nan,1.0,6,0.4,79.60000000000001,80.155,59,98,16031,1929,1.578782309788662,40,0.36624975695761014,0.007324995139152204,7.309552091087194,14.633990743370195,2.0095760611237545,3.3104239670566815,9,"{""0"": 0.002890120458887313, ""1"": 0.006815610142688261, ""2"": 0.0062097433848447015, ""3"": 0.008199699653985456, ""4"": 0.013822733383438762, ""5"": 0.006012063811068726}"
control_random,200,p0.40,nan,1.0,6,0.4,79.60000000000001,80.155,59,98,16031,1929,1.578782309788662,50,0.3624392080278983,0.007248784160557967,13.842980685959247,14.909062999817127,2.02311973442217,3.0914554173803235,9,"{""0"": 0.0021541103661491226, ""1"": 0.009719554706482333, ""2"": 0.005602397139470466, ""3"": 0.008801503388763876, ""4"": 0.01140096339170052, ""5"": 0.0058141759707814895}"
control_random,200,p0.40,nan,1.0,6,0.4,79.60000000000001,80.155,59,98,16031,1929,1.578782309788662,60,0.35982559566477335,0.007196511913295468,4.4075086346258265,15.049050293697027,2.0374274332265028,2.947276190209598,8,"{""0"": 0.0019797671646795342, ""1"": 0.008473785210659331, ""2"": 0.007266933000813586, ""3"": 0.009218772927554698, ""4"": 0.011318765407734624, ""5"": 0.004921047768331036}"
control_random,200,p0.40,nan,1.0,6,0.4,79.60000000000001,80.155,59,98,16031,1929,1.578782309788662,70,0.3638124631134564,0.0072762492622691285,20.911830250029777,15.101644401504366,2.030637281541403,2.9831220051114054,8,"{""0"": 0.00199693567977571, ""1"": 0.009361220667052885, ""2"": 0.006979214674165121, ""3"": 0.00958799780169042, ""4"": 0.012019856844954024, ""5"": 0.003712269905976607}"
control_random,200,p0.40,nan,1.0,6,0.4,79.60000000000001,80.155,59,98,16031,1929,1.578782309788662,80,0.360118350757811,0.007202367015156221,9.299479762379793,15.147043921083617,2.0407566160920347,3.0062029118760036,8,"{""0"": 0.0019979128439217447, ""1"": 0.007693312227340814, ""2"": 0.007500281161189037, ""3"": 0.008781229515069197, ""4"": 0.013361467580075101, ""5"": 0.003879998763341439}"
control_random,200,p0.40,nan,1.0,6,0.4,79.60000000000001,80.155,59,98,16031,1929,1.578782309788662,90,0.351155150679069,0.00702310301358138,2.9595903371223584,15.135875881761992,2.063097398065538,2.999808887030794,8,"{""0"": 0.002028156526877681, ""1"": 0.007293843040400515, ""2"": 0.008232464304002231, ""3"": 0.008176238137349464, ""4"": 0.012744111563626606, ""5"": 0.003663804509231779}"
control_random,200,p0.40,nan,1.0,6,0.4,79.60000000000001,80.155,59,98,16031,1929,1.578782309788662,100,0.35248111156416706,0.007049622231283342,0.8250505901643428,15.189216265856425,2.0649550336690043,2.9747794436363737,8,"{""0"": 0.001925942620108826, ""1"": 0.006700883899232246, ""2"": 0.009912094116400505, ""3"": 0.009128028410363333, ""4"": 0.010636666996102688, ""5"": 0.003994117345492451}"
control_random,200,p0.40,nan,1.0,6,0.4,79.60000000000001,80.155,59,98,16031,1929,1.578782309788662,110,0.3487623191067992,0.006975246382135985,1.798002286665462,15.224178773706726,2.0686054681854555,2.9887409100823095,8,"{""0"": 0.0018729211309024996, ""1"": 0.007092875670538833, ""2"": 0.00900347081151328, ""3"": 0.009395141962770848, ""4"": 0.010950018142508278, ""5"": 0.0035370505745821734}"
control_random,200,p0.40,nan,1.0,6,0.4,79.60000000000001,80.155,59,98,16031,1929,1.578782309788662,120,0.3411550622338028,0.006823101244676057,5.172741666630206,15.291687947228755,2.081645099009639,3.0838949058966345,8,"{""0"": 0.002139627447279492, ""1"": 0.00620236010075355, ""2"": 0.008920198531355974, ""3"": 0.009493290168108987, ""4"": 0.01072163393522973, ""5"": 0.0034614972853286067}"
control_random,200,p0.40,nan,1.0,6,0.4,79.60000000000001,80.155,59,98,16031,1929,1.578782309788662,130,0.3565578572929421,0.007131157145858843,5.79308038824392,15.296577808847738,2.0844970775268554,3.022478279341846,8,"{""0"": 0.002168220125021634, ""1"": 0.005924181400961075, ""2"": 0.010620682083101888, ""3"": 0.01015773136323433, ""4"": 0.010054055161614858, ""5"": 0.0038620727412192737}"
control_random,200,p0.40,nan,1.0,6,0.4,79.60000000000001,80.155,59,98,16031,1929,1.578782309788662,140,0.3525417275950684,0.00705083455190137,5.122860209600681,15.383041214721716,2.0887562141055245,3.061463502837287,8,"{""0"": 0.002453709559381969, ""1"": 0.004773671844860312, ""2"": 0.01114013421774818, ""3"": 0.01025773925889582, ""4"": 0.009370556068269257, ""5"": 0.0043091963622526805}"
control_random,200,p0.40,nan,1.0,6,0.4,79.60000000000001,80.155,59,98,16031,1929,1.578782309788662,150,0.33857652101470764,0.006771530420294154,1.012284957773827,15.490129633039793,2.0946057149075337,3.136705800054796,8,"{""0"": 0.0024642859017285613, ""1"": 0.00489172282533336, ""2"": 0.009598549746777579, ""3"": 0.010210203382682177, ""4"": 0.009876748619593149, ""5"": 0.0035876720456500997}"
control_random,200,p0.40,nan,1.0,6,0.4,79.60000000000001,80.155,59,98,16031,1929,1.578782309788662,160,0.32699003005662064,0.006539800601132414,2.27861046620171,15.534343675645939,2.0880808372632584,3.2497185327166824,9,"{""0"": 0.0025416930865851646, ""1"": 0.004836088265856424, ""2"": 0.008534734465172056, ""3"": 0.009903297042654441, ""4"": 0.01067981299126378, ""5"": 0.002743177755262615}"
control_random,200,p0.40,nan,1.0,6,0.4,79.60000000000001,80.155,59,98,16031,1929,1.578782309788662,170,0.3281078009058005,0.006562156018116011,2.2593677197571633,15.588079884972519,2.092896204578971,3.203680398094625,8,"{""0"": 0.0025339911327455786, ""1"": 0.0044212907647454445, ""2"": 0.009174247864099592, ""3"": 0.009761703736992356, ""4"": 0.010526862581778988, ""5"": 0.0029548400283341087}"
control_random,200,p0.40,nan,1.0,6,0.4,79.60000000000001,80.155,59,98,16031,1929,1.578782309788662,180,0.3223427766483211,0.006446855532966423,12.407827338143724,15.647531412440976,2.087817474231811,3.2024307502130682,8,"{""0"": 0.0024730772477685307, ""1"": 0.004928491791825029, ""2"": 0.00810188112612098, ""3"": 0.009140632085986006, ""4"": 0.011314071704654883, ""5"": 0.002722979241443115}"
control_random,200,p0.40,nan,1.0,6,0.4,79.60000000000001,80.155,59,98,16031,1929,1.578782309788662,190,0.3221342477041189,0.006442684954082379,6.254001799525314,15.663309111812671,2.0872722674569584,3.195350781589454,8,"{""0"": 0.002549805653237921, ""1"": 0.004184362747519697, ""2"": 0.009068813487803511, ""3"": 0.00923381111721024, ""4"": 0.01073818121698691, ""5"": 0.002881135501735995}"
control_random,200,p0.40,nan,1.0,6,0.4,79.60000000000001,80.155,59,98,16031,1929,1.578782309788662,200,0.31875410762097856,0.006375082152419572,8.520673179173144,15.705247542320139,2.0850776273634097,3.2056839541413535,8,"{""0"": 0.002543853681273732, ""1"": 0.0042485296669118435, ""2"": 0.008789099725785359, ""3"": 0.009082877461127972, ""4"": 0.01093228783961838, ""5"": 0.0026538445398001454}"
control_random,200,p0.05,nan,1.0,7,0.05,9.950000000000001,9.81,0,19,1962,1962,1.4770066984621855,0,1.0244906414802457,0.020489812829604916,nan,0.0,1.4770066984621855,5.963283485494877,12,"{""0"": 0.02060026471051805, ""1"": 0.018985712838809753, ""2"": 0.024199824857126438, ""3"": 0.019410386408741452, ""4"": 0.018164459294674373, ""5"": 0.02157822886775943}"
control_random,200,p0.05,nan,1.0,7,0.05,9.950000000000001,9.81,0,19,1962,1962,1.4770066984621855,10,1.1635658336593089,0.023271316673186184,2.9998860120677073,14.831671286661692,1.9322375337697766,3.4394930684173715,10,"{""0"": 0.0253640226109891, ""1"": 0.03725248287309679, ""2"": 0.005144950580200045, ""3"": 0.023398438222856647, ""4"": 0.04259242326427189, ""5"": 0.005875582487702623}"
control_random,200,p0.05,nan,1.0,7,0.05,9.950000000000001,9.81,0,19,1962,1962,1.4770066984621855,20,0.8964281422662541,0.017928562845325083,16.3420618385905,15.49833697375386,1.9355920918316398,4.255666152390314,12,"{""0"": 0.007837859057235221, ""1"": 0.047857894302454476, ""2"": 0.007548392162778092, ""3"": 0.018538373762675548, ""4"": 0.010643271768729548, ""5"": 0.015145586018077611}"
control_random,200,p0.05,nan,1.0,7,0.05,9.950000000000001,9.81,0,19,1962,1962,1.4770066984621855,30,0.6178904912919762,0.012357809825839526,13.349157894330691,15.888565343083231,2.0171029617483516,4.494934372167213,12,"{""0"": 0.007926146807991287, ""1"": 0.01934934588702446, ""2"": 0.006117719972872415, ""3"": 0.02114238800470424, ""4"": 0.011537854607844324, ""5"": 0.008073403674600431}"
control_random,200,p0.05,nan,1.0,7,0.05,9.950000000000001,9.81,0,19,1962,1962,1.4770066984621855,40,0.5692505364727778,0.011385010729455558,10.224677756686173,16.44201092875639,2.020534661839375,3.9775051148646647,12,"{""0"": 0.005881356452127058, ""1"": 0.01763125436547569, ""2"": 0.007110349083531762, ""3"": 0.02254675971775854, ""4"": 0.009097359704034944, ""5"": 0.006042985053805366}"
control_random,200,p0.05,nan,1.0,7,0.05,9.950000000000001,9.81,0,19,1962,1962,1.4770066984621855,50,0.5271733305920235,0.010543466611840472,4.38452088298868,16.722114494302293,2.043377072908678,4.268933378947745,12,"{""0"": 0.004039699742234214, ""1"": 0.010153919090613292, ""2"": 0.010378980928515342, ""3"": 0.01901800808111999, ""4"": 0.015243755383080421, ""5"": 0.0044264364454795774}"
control_random,200,p0.05,nan,1.0,7,0.05,9.950000000000001,9.81,0,19,1962,1962,1.4770066984621855,60,0.5193994394945145,0.010387988789890291,5.788854642887107,16.904549754300977,2.056927248250895,3.7074896693291293,11,"{""0"": 0.0031439669229879307, ""1"": 0.01511180052018003, ""2"": 0.004094652612335901, ""3"": 0.021291177171340374, ""4"": 0.01467930153550367, ""5"": 0.004007033976993845}"
control_random,200,p0.05,nan,1.0,7,0.05,9.950000000000001,9.81,0,19,1962,1962,1.4770066984621855,70,0.43506832672976187,0.008701366534595238,38.97679437731813,17.120297413694257,2.063718126856845,3.9158452985670125,12,"{""0"": 0.0026307591513371853, ""1"": 0.008759842971793759, ""2"": 0.0035548341506541634, ""3"": 0.016626586747549025, ""4"": 0.01658461900109032, ""5"": 0.004051557185146976}"
control_random,200,p0.05,nan,1.0,7,0.05,9.950000000000001,9.81,0,19,1962,1962,1.4770066984621855,80,0.4360748084077454,0.008721496168154909,2.073914826356786,17.349333283362554,2.06620375514868,3.7041096428302547,11,"{""0"": 0.002304261206317775, ""1"": 0.009506650598442617, ""2"": 0.0030798008652469454, ""3"": 0.01695963109669578, ""4"": 0.016524533521596274, ""5"": 0.003954099720630059}"
control_random,200,p0.05,nan,1.0,7,0.05,9.950000000000001,9.81,0,19,1962,1962,1.4770066984621855,90,0.43803641378200486,0.008760728275640098,5.346195449454073,17.414286974782993,2.069331274063451,3.7428504241079934,11,"{""0"": 0.0029724640645760565, ""1"": 0.008124215822406813, ""2"": 0.0048164578400591625, ""3"": 0.01647000041717945, ""4"": 0.016220892560570802, ""5"": 0.0039603389490483025}"
control_random,200,p0.05,nan,1.0,7,0.05,9.950000000000001,9.81,0,19,1962,1962,1.4770066984621855,100,0.44629669026521623,0.008925933805304325,3.4543235687564757,17.597769894808664,2.077168305597775,3.7121336902626663,12,"{""0"": 0.0032946836002509194, ""1"": 0.00683450963034925, ""2"": 0.005858070423498162, ""3"": 0.01723274821122958, ""4"": 0.01639545415193682, ""5"": 0.003940136814561226}"
control_random,200,p0.05,nan,1.0,7,0.05,9.950000000000001,9.81,0,19,1962,1962,1.4770066984621855,110,0.4427409679912533,0.008854819359825067,11.46026347106456,17.85729618554206,2.085236704269207,3.657811213878723,12,"{""0"": 0.004258485739016709, ""1"": 0.005771993720094034, ""2"": 0.005383657060205252, ""3"": 0.01782332872826257, ""4"": 0.015526274618991993, ""5"": 0.004365176292379847}"
control_random,200,p0.05,nan,1.0,7,0.05,9.950000000000001,9.81,0,19,1962,1962,1.4770066984621855,120,0.4494247784783314,0.008988495569566629,5.898499778167621,17.970305932560937,2.093942949205773,3.456648469312471,11,"{""0"": 0.005813318766291308, ""1"": 0.005659415637403593, ""2"": 0.0037570097963586027, ""3"": 0.019398322880522414, ""4"": 0.014995272486566003, ""5"": 0.0043076338502578485}"
control_random,200,p0.05,nan,1.0,7,0.05,9.950000000000001,9.81,0,19,1962,1962,1.4770066984621855,130,0.4180590500481663,0.008361181000963327,4.213286791574666,18.12770885642841,2.093334556574575,3.642076304195222,12,"{""0"": 0.004700076954822168, ""1"": 0.005598599830506453, ""2"": 0.004131454927469995, ""3"": 0.021105749876031938, ""4"": 0.0104085204411678, ""5"": 0.004222683975781617}"
control_random,200,p0.05,nan,1.0,7,0.05,9.950000000000001,9.81,0,19,1962,1962,1.4770066984621855,140,0.4195992406892677,0.008391984813785355,3.414300640293071,18.281349150355645,2.097254732048092,3.6733784394818483,12,"{""0"": 0.005154850966921759, ""1"": 0.005388522318470875, ""2"": 0.0034174699904378366, ""3"": 0.02165906829541959, ""4"": 0.01067016556947038, ""5"": 0.004061831741991687}"
control_random,200,p0.05,nan,1.0,7,0.05,9.950000000000001,9.81,0,19,1962,1962,1.4770066984621855,150,0.4174880284846963,0.008349760569693927,3.98556742828124,18.476233864316686,2.1076358751938264,3.645012286984183,12,"{""0"": 0.004493737612664436, ""1"": 0.005261143761245576, ""2"": 0.0033108113285722483, ""3"": 0.022489874739138965, ""4"": 0.01050580657332048, ""5"": 0.004037189403221864}"
control_random,200,p0.05,nan,1.0,7,0.05,9.950000000000001,9.81,0,19,1962,1962,1.4770066984621855,160,0.4208171946997645,0.00841634389399529,4.048942012334534,18.513416836537225,2.1158057359037157,3.8628460998874568,12,"{""0"": 0.003531167512819158, ""1"": 0.005816117244994834, ""2"": 0.0035442921063591456, ""3"": 0.022631606809396205, ""4"": 0.010882259235079142, ""5"": 0.0040926204553232625}"
control_random,200,p0.05,nan,1.0,7,0.05,9.950000000000001,9.81,0,19,1962,1962,1.4770066984621855,170,0.4239171366324576,0.008478342732649153,2.814734627918353,18.64427547570508,2.124537948142124,3.8540254037402915,12,"{""0"": 0.003598732622827952, ""1"": 0.0058397874068583005, ""2"": 0.0032632200749317572, ""3"": 0.02315155030789337, ""4"": 0.011086294451653041, ""5"": 0.003930471531730498}"
control_random,200,p0.05,nan,1.0,7,0.05,9.950000000000001,9.81,0,19,1962,1962,1.4770066984621855,180,0.42553842411543014,0.008510768482308603,5.663582625028169,18.828525590499186,2.1294472535601754,3.8429282560636313,12,"{""0"": 0.003757909165461231, ""1"": 0.005000642508217421, ""2"": 0.003612864352330503, ""3"": 0.023774659357525284, ""4"": 0.010631191456169368, ""5"": 0.004287344054147813}"
control_random,200,p0.05,nan,1.0,7,0.05,9.950000000000001,9.81,0,19,1962,1962,1.4770066984621855,190,0.4571695116783508,0.009143390233567016,4.543531321110604,18.95225703829211,2.129192854307121,3.9846155506779475,12,"{""0"": 0.0035687734175272367, ""1"": 0.004954307495672633, ""2"": 0.007022668385514319, ""3"": 0.024310964734448787, ""4"": 0.010664850402216422, ""5"": 0.004338776966022714}"
control_random,200,p0.05,nan,1.0,7,0.05,9.950000000000001,9.81,0,19,1962,1962,1.4770066984621855,200,0.44982025835021294,0.00899640516700426,2.899195356247054,19.00605356019907,2.1390156118308368,4.010072976252368,12,"{""0"": 0.003357677555928108, ""1"": 0.005086673435207437, ""2"": 0.005864579369159367, ""3"": 0.024289310512134073, ""4"": 0.011111300950125422, ""5"": 0.004268889179471153}"
control_random,200,p0.10,nan,1.0,7,0.1,19.900000000000002,19.62,8,30,3924,1962,1.579374467960982,0,1.0449532229188299,0.0208990644583766,nan,0.0,1.579374467960982,7.189724566845599,14,"{""0"": 0.019838365113586203, ""1"": 0.021609509927562612, ""2"": 0.020892979149897, ""3"": 0.020930415692487752, ""4"": 0.02090879121094363, ""5"": 0.02121432565578239}"
control_random,200,p0.10,nan,1.0,7,0.1,19.900000000000002,19.62,8,30,3924,1962,1.579374467960982,10,0.8681690791300866,0.017363381582601735,1.9636252810012764,13.627212579840123,1.995537662253404,2.7847523826936436,8,"{""0"": 0.009860200600096748, ""1"": 0.04621407864755208, ""2"": 0.003162050582776587, ""3"": 0.0075226372758926945, ""4"": 0.025736915523885174, ""5"": 0.011684406865407119}"
control_random,200,p0.10,nan,1.0,7,0.1,19.900000000000002,19.62,8,30,3924,1962,1.579374467960982,20,0.8362208005745048,0.0167244160114901,6.080431473579451,14.59938788291528,2.0289537758336835,2.8610654653705487,7,"{""0"": 0.002721225516482086, ""1"": 0.05227930183470734, ""2"": 0.0056277352704468655, ""3"": 0.006271834129670584, ""4"": 0.015381346977458427, ""5"": 0.018065052340175282}"
control_random,200,p0.10,nan,1.0,7,0.1,19.900000000000002,19.62,8,30,3924,1962,1.579374467960982,30,0.58445658469074,0.011689131693814803,5.730327575168711,15.01709507528655,2.0271662491052873,3.2974545941785522,8,"{""0"": 0.0021612154405494417, ""1"": 0.036079600457183614, ""2"": 0.004224729602141588, ""3"": 0.007451873193712051, ""4"": 0.011520978440150636, ""5"": 0.008696393029151482}"
control_random,200,p0.10,nan,1.0,7,0.1,19.900000000000002,19.62,8,30,3924,1962,1.579374467960982,40,0.38410172859012215,0.007682034571802444,2.9888913438874827,15.385203012935097,2.0418976757164646,2.9177733728111317,8,"{""0"": 0.002213800083125456, ""1"": 0.009465783335088887, ""2"": 0.007629397361883868, ""3"": 0.009692756488516141, ""4"": 0.005470331884712033, ""5"": 0.011620138277488274}"
control_random,200,p0.10,nan,1.0,7,0.1,19.900000000000002,19.62,8,30,3924,1962,1.579374467960982,50,0.3637046918917312,0.007274093837834625,4.2743466650940505,15.681561593731287,2.014274584131269,2.9766508337502673,8,"{""0"": 0.0018392551479526204, ""1"": 0.009017946010504329, ""2"": 0.00579215277964063, ""3"": 0.008947870774848416, ""4"": 0.007605418636800218, ""5"": 0.010441919677261543}"
control_random,200,p0.10,nan,1.0,7,0.1,19.900000000000002,19.62,8,30,3924,1962,1.579374467960982,60,0.38652477336851077,0.007730495467370216,4.593499793204478,15.958275247554859,1.9815904919780385,3.167365886510388,9,"{""0"": 0.0026054881414651144, ""1"": 0.008374872459440926, ""2"": 0.005975257057487495, ""3"": 0.009453364058428705, ""4"": 0.008121176503488375, ""5"": 0.011852814583910673}"
control_random,200,p0.10,nan,1.0,7,0.1,19.900000000000002,19.62,8,30,3924,1962,1.579374467960982,70,0.3859410160283451,0.007718820320566902,11.99559101216633,16.270746027587688,1.9936536403764888,3.07945509544805,9,"{""0"": 0.002612124978172933, ""1"": 0.007106378820595792, ""2"": 0.0057798900953388984, ""3"": 0.010112153799362165, ""4"": 0.0088935151163343, ""5"": 0.011808859113597331}"
control_random,200,p0.10,nan,1.0,7,0.1,19.900000000000002,19.62,8,30,3924,1962,1.579374467960982,80,0.4055336603792039,0.008110673207584079,4.677023275384469,16.409512046579053,2.012897414839186,3.206487707048008,9,"{""0"": 0.0021860582856306795, ""1"": 0.01013616790515296, ""2"": 0.005691265723212501, ""3"": 0.010049332240357282, ""4"": 0.009475735666628352, ""5"": 0.0111254794245227}"
control_random,200,p0.10,nan,1.0,7,0.1,19.900000000000002,19.62,8,30,3924,1962,1.579374467960982,90,0.408542848371113,0.008170856967422261,4.636488992055584,16.453879324591348,1.99602328141285,3.2536106696388014,9,"{""0"": 0.001934869322501459, ""1"": 0.011927904207482378, ""2"": 0.00679435572082549, ""3"": 0.01002953127107986, ""4"": 0.008479005782324694, ""5"": 0.009859475500319676}"
control_random,200,p0.10,nan,1.0,7,0.1,19.900000000000002,19.62,8,30,3924,1962,1.579374467960982,100,0.3911786155905887,0.007823572311811775,7.946342018599176,16.565812871472865,1.981982473037625,3.129481748913783,9,"{""0"": 0.0021581689970366002, ""1"": 0.009688492974354155, ""2"": 0.006267216290164461, ""3"": 0.011926669600111652, ""4"": 0.008384565205681977, ""5"": 0.008516320803521804}"
control_random,200,p0.10,nan,1.0,7,0.1,19.900000000000002,19.62,8,30,3924,1962,1.579374467960982,110,0.3709131669918277,0.007418263339836554,6.423737106445301,16.63640186892635,1.9788624084500663,2.9351440214778957,9,"{""0"": 0.003017626033810979, ""1"": 0.007757853573096172, ""2"": 0.007121719453077968, ""3"": 0.0125984603480815, ""4"": 0.007373312937583726, ""5"": 0.006640607693368982}"
control_random,200,p0.10,nan,1.0,7,0.1,19.900000000000002,19.62,8,30,3924,1962,1.579374467960982,120,0.35934604520618424,0.007186920904123685,6.216176681046659,16.82086629828305,2.000313220508059,2.9428297995599912,9,"{""0"": 0.0032825764500740485, ""1"": 0.007302479574542489, ""2"": 0.006054127808093683, ""3"": 0.012601938619771255, ""4"": 0.007463983691604942, ""5"": 0.006416419280655691}"
control_random,200,p0.10,nan,1.0,7,0.1,19.900000000000002,19.62,8,30,3924,1962,1.579374467960982,130,0.3565183143997981,0.007130366287995963,4.022653888356007,16.97137058681735,2.01701926927017,2.990460606791093,9,"{""0"": 0.0032422368046508693, ""1"": 0.007350707754741466, ""2"": 0.005993145298305868, ""3"": 0.012254754374171666, ""4"": 0.007293894244069088, ""5"": 0.006647459252036823}"
control_random,200,p0.10,nan,1.0,7,0.1,19.900000000000002,19.62,8,30,3924,1962,1.579374467960982,140,0.34700527434380357,0.006940105486876073,4.37794282092435,17.035740877904292,2.03449630213627,3.0029948756538074,9,"{""0"": 0.003596152594557094, ""1"": 0.0067717808600326074, ""2"": 0.005250879447927574, ""3"": 0.01244413564297888, ""4"": 0.007502306024177198, ""5"": 0.006075378351583087}"
control_random,200,p0.10,nan,1.0,7,0.1,19.900000000000002,19.62,8,30,3924,1962,1.579374467960982,150,0.35243573845217807,0.0070487147690435625,6.51599522984657,17.155539608588924,2.0389667006828374,2.952259610006119,9,"{""0"": 0.003813089825734431, ""1"": 0.006677544995916751, ""2"": 0.005253552292356145, ""3"": 0.013172197686383133, ""4"": 0.007345276296948042, ""5"": 0.0060306275169228684}"
control_random,200,p0.10,nan,1.0,7,0.1,19.900000000000002,19.62,8,30,3924,1962,1.579374467960982,160,0.33911286326880064,0.006782257265376013,7.262823791450763,17.15054964733315,2.0386449911832663,3.027542433334896,9,"{""0"": 0.0032318386696130715, ""1"": 0.006841226136799061, ""2"": 0.004471669435963016, ""3"": 0.012443037573361748, ""4"": 0.007896617600854573, ""5"": 0.00580915417566461}"
control_random,200,p0.10,nan,1.0,7,0.1,19.900000000000002,19.62,8,30,3924,1962,1.579374467960982,170,0.3326908136492482,0.006653816272984964,2.396085108457433,17.27067531054824,2.0443865774209975,3.041115891190071,9,"{""0"": 0.0037120954149090597, ""1"": 0.006228726792943494, ""2"": 0.003983567490597673, ""3"": 0.01252485849735303, ""4"": 0.008305365425126776, ""5"": 0.005168284016979743}"
control_random,200,p0.10,nan,1.0,7,0.1,19.900000000000002,19.62,8,30,3924,1962,1.579374467960982,180,0.3359178254424171,0.006718356508848343,6.554600654441863,17.353052082584753,2.042511449959369,3.13267140628382,9,"{""0"": 0.0034916704411288657, ""1"": 0.006138525074180882, ""2"": 0.004229055666410315, ""3"": 0.011845161250925159, ""4"": 0.008290554139750479, ""5"": 0.006315172480694358}"
control_random,200,p0.10,nan,1.0,7,0.1,19.900000000000002,19.62,8,30,3924,1962,1.579374467960982,190,0.3301072496646917,0.006602144993293835,13.330093993029042,17.394637584760805,2.035232957198963,3.180425265061628,9,"{""0"": 0.003144251247916128, ""1"": 0.006661442839537196, ""2"": 0.004343683516769821, ""3"": 0.011116257141124884, ""4"": 0.008357787753106999, ""5"": 0.005989447461307988}"
control_random,200,p0.10,nan,1.0,7,0.1,19.900000000000002,19.62,8,30,3924,1962,1.579374467960982,200,0.3313224357709535,0.00662644871541907,12.531722675155965,17.469170272380094,2.0400362882850684,3.256055332179271,10,"{""0"": 0.0027937693563163564, ""1"": 0.0068116159747953365, ""2"": 0.00412165517014109, ""3"": 0.01122826864163005, ""4"": 0.008622992928896586, ""5"": 0.006180390220735002}"
control_random,200,p0.20,nan,1.0,7,0.2,39.800000000000004,39.33,23,55,7866,1962,1.6185713768271706,0,0.9671595660899497,0.019343191321798996,nan,0.0,1.6185713768271706,6.023250080160993,13,"{""0"": 0.018406708441091345, ""1"": 0.0170209443917339, ""2"": 0.022734562145377144, ""3"": 0.022347663555866478, ""4"": 0.01676395870103444, ""5"": 0.018785310695690664}"
control_random,200,p0.20,nan,1.0,7,0.2,39.800000000000004,39.33,23,55,7866,1962,1.6185713768271706,10,0.8432744870704943,0.01686548974140989,2.2760351077229695,12.253403688980168,1.9731650897887296,3.0766815429956664,9,"{""0"": 0.012173490256572609, ""1"": 0.04267053074854181, ""2"": 0.0034907381826280344, ""3"": 0.0035474784445215664, ""4"": 0.01677993329795128, ""5"": 0.022530767518244045}"
control_random,200,p0.20,nan,1.0,7,0.2,39.800000000000004,39.33,23,55,7866,1962,1.6185713768271706,20,0.9422639786495357,0.018845279572990717,10.75542735964457,14.151664933372864,2.043783110021305,3.227376505988582,10,"{""0"": 0.01193364413800648, ""1"": 0.05240391998128695, ""2"": 0.008229106110564812, ""3"": 0.011449708935372314, ""4"": 0.009475062242849126, ""5"": 0.01958023602986461}"
control_random,200,p0.20,nan,1.0,7,0.2,39.800000000000004,39.33,23,55,7866,1962,1.6185713768271706,30,0.6551182350396989,0.01310236470079398,4.324766143598472,14.629245085867186,2.0342965585579287,3.84102449506788,11,"{""0"": 0.010351077152060548, ""1"": 0.02231305125818284, ""2"": 0.014172905444371697, ""3"": 0.012553513383317417, ""4"": 0.006241698312650427, ""5"": 0.012981942654180945}"
control_random,200,p0.20,nan,1.0,7,0.2,39.800000000000004,39.33,23,55,7866,1962,1.6185713768271706,40,0.5889122059078419,0.011778244118156839,2.780450395588158,15.250239121702274,2.1463219139197065,3.4950339530942944,11,"{""0"": 0.015083370650593134, ""1"": 0.011391857444909012, ""2"": 0.015043955992059613, ""3"": 0.013542617168954024, ""4"": 0.004616450376764606, ""5"": 0.01099121307566064}"
control_random,200,p0.20,nan,1.0,7,0.2,39.800000000000004,39.33,23,55,7866,1962,1.6185713768271706,50,0.505313037847175,0.0101062607569435,24.100733303558037,15.547789836710662,2.1469785828019403,3.76352098929959,11,"{""0"": 0.01408105965957496, ""1"": 0.012555680284914389, ""2"": 0.015024301559383205, ""3"": 0.007799743816897237, ""4"": 0.004926993324378863, ""5"": 0.0062497858965123495}"
control_random,200,p0.20,nan,1.0,7,0.2,39.800000000000004,39.33,23,55,7866,1962,1.6185713768271706,60,0.5710772462919431,0.011421544925838863,7.154269650618604,15.65981668797336,2.1379226034225907,3.9556496672232946,12,"{""0"": 0.012955215272995119, ""1"": 0.013140081728100406, ""2"": 0.014367509105231487, ""3"": 0.009786244514100935, ""4"": 0.011769548562416191, ""5"": 0.006510670372189033}"
control_random,200,p0.20,nan,1.0,7,0.2,39.800000000000004,39.33,23,55,7866,1962,1.6185713768271706,70,0.5767332393765097,0.011534664787530194,10.403651300942645,15.667405227529871,2.104046898305435,3.8532064234636327,11,"{""0"": 0.012805560238334523, ""1"": 0.009593901431200863, ""2"": 0.015703311185623018, ""3"": 0.01184116533400265, ""4"": 0.011201328165581389, ""5"": 0.008062722370438724}"
control_random,200,p0.20,nan,1.0,7,0.2,39.800000000000004,39.33,23,55,7866,1962,1.6185713768271706,80,0.4733654309282926,0.009467308618565854,5.892683549886499,15.825449511973432,2.114162889560028,3.9151188397466177,12,"{""0"": 0.012366020258502905, ""1"": 0.008845287145262528, ""2"": 0.006316431778920403, ""3"": 0.012275520121480754, ""4"": 0.011383905727247273, ""5"": 0.005616686679981247}"
control_random,200,p0.20,nan,1.0,7,0.2,39.800000000000004,39.33,23,55,7866,1962,1.6185713768271706,90,0.4196580020419894,0.008393160040839788,0.7628621484293069,15.889753833054034,2.112100813511683,3.9941705027092964,12,"{""0"": 0.01259862599303029, ""1"": 0.007085473591252873, ""2"": 0.005750476964567928, ""3"": 0.010153851900073754, ""4"": 0.010067269556711904, ""5"": 0.004703262239401988}"
control_random,200,p0.20,nan,1.0,7,0.2,39.800000000000004,39.33,23,55,7866,1962,1.6185713768271706,100,0.40142994992521347,0.00802859899850427,15.260981270245065,16.060254177838797,2.1108577352998976,3.987548824564811,12,"{""0"": 0.011451812733019488, ""1"": 0.007057673341557115, ""2"": 0.005703948349218402, ""3"": 0.010096132781229939, ""4"": 0.010129513681049524, ""5"": 0.003732513104951155}"
control_random,200,p0.20,nan,1.0,7,0.2,39.800000000000004,39.33,23,55,7866,1962,1.6185713768271706,110,0.4213676817706768,0.008427353635413536,4.081569500976486,16.177026104812235,2.116003632935379,3.846894861876083,12,"{""0"": 0.012698172971064264, ""1"": 0.006130536339645165, ""2"": 0.006720409327025743, ""3"": 0.010378696219939452, ""4"": 0.009785887099461172, ""5"": 0.004850419855345428}"
control_random,200,p0.20,nan,1.0,7,0.2,39.800000000000004,39.33,23,55,7866,1962,1.6185713768271706,120,0.4145021491583354,0.008290042983166709,7.3009471624322195,16.28639851712113,2.122615482910539,3.8124232018444473,12,"{""0"": 0.013078396156837525, ""1"": 0.006172645816986703, ""2"": 0.00612925713774656, ""3"": 0.010706457407928574, ""4"": 0.00954676109878728, ""5"": 0.004106740280713618}"
control_random,200,p0.20,nan,1.0,7,0.2,39.800000000000004,39.33,23,55,7866,1962,1.6185713768271706,130,0.4311831259687269,0.008623662519374539,4.934206276319702,16.35387334467013,2.1355527394809077,3.6766653851779822,11,"{""0"": 0.0140943835686296, ""1"": 0.005871174243023334, ""2"": 0.006103567116850783, ""3"": 0.010973119891713701, ""4"": 0.010206330936420172, ""5"": 0.004493399359609631}"
control_random,200,p0.20,nan,1.0,7,0.2,39.800000000000004,39.33,23,55,7866,1962,1.6185713768271706,140,0.41375076994991095,0.00827501539899822,5.305202466215587,16.462982971886504,2.1379646593426984,3.6865088977875375,11,"{""0"": 0.013581673133470746, ""1"": 0.0061827046410081726, ""2"": 0.005518916248938128, ""3"": 0.010772628302611347, ""4"": 0.009995926922849965, ""5"": 0.003598243145110952}"
control_random,200,p0.20,nan,1.0,7,0.2,39.800000000000004,39.33,23,55,7866,1962,1.6185713768271706,150,0.40318264964580003,0.008063652992916,2.79082931510644,16.59009314624186,2.146869753970816,3.6718269533709686,11,"{""0"": 0.012907583060709635, ""1"": 0.006174017760506955, ""2"": 0.005204346560562104, ""3"": 0.011022476845919194, ""4"": 0.009721225317682613, ""5"": 0.0033522684121155195}"
control_random,200,p0.20,nan,1.0,7,0.2,39.800000000000004,39.33,23,55,7866,1962,1.6185713768271706,160,0.37471544996366324,0.0074943089992732664,14.255404227190553,16.690589842808386,2.128412804245079,3.7796339044389278,11,"{""0"": 0.011102143072345454, ""1"": 0.006457229686591522, ""2"": 0.005163185710112154, ""3"": 0.010537895226275296, ""4"": 0.008681881123542423, ""5"": 0.0030235191767727437}"
control_random,200,p0.20,nan,1.0,7,0.2,39.800000000000004,39.33,23,55,7866,1962,1.6185713768271706,170,0.3637140746023241,0.007274281492046482,1.800133391468548,16.73630595852873,2.1223925092838307,3.8110793543499266,11,"{""0"": 0.009582598444468822, ""1"": 0.0066695189445124675, ""2"": 0.005091810304528947, ""3"": 0.010189171800377587, ""4"": 0.00911004828708938, ""5"": 0.0030025411713016895}"
control_random,200,p0.20,nan,1.0,7,0.2,39.800000000000004,39.33,23,55,7866,1962,1.6185713768271706,180,0.35648739466865215,0.0071297478933730445,3.3860051446712536,16.782520765180674,2.1234289806053424,3.8096035642613986,11,"{""0"": 0.01012888814865206, ""1"": 0.00629738467678719, ""2"": 0.005166099395069604, ""3"": 0.010407247853075759, ""4"": 0.007840498299892246, ""5"": 0.0029383689867614076}"
control_random,200,p0.20,nan,1.0,7,0.2,39.800000000000004,39.33,23,55,7866,1962,1.6185713768271706,190,0.35182873993536,0.007036574798707201,8.270496640543724,16.83344779327553,2.1251397855560312,3.8092868495135486,11,"{""0"": 0.010028288153044209, ""1"": 0.006306519137042903, ""2"": 0.005163583856868989, ""3"": 0.010054245497536292, ""4"": 0.007731715553849728, ""5"": 0.0029350965939010905}"
control_random,200,p0.20,nan,1.0,7,0.2,39.800000000000004,39.33,23,55,7866,1962,1.6185713768271706,200,0.34115757312695144,0.00682315146253903,4.543520295836722,16.85075528090366,2.1159967202288246,3.8265908048273776,11,"{""0"": 0.008493813552838184, ""1"": 0.006683523600593983, ""2"": 0.005250050813194264, ""3"": 0.009746888137341949, ""4"": 0.007514651810316526, ""5"": 0.003249980860949273}"
control_random,200,p0.40,nan,1.0,7,0.4,79.60000000000001,79.595,58,97,15919,1962,1.5988854482655037,0,1.0270640764011567,0.020541281528023137,nan,0.0,1.5988854482655037,5.82359165993671,12,"{""0"": 0.01957788411944437, ""1"": 0.019386546521786237, ""2"": 0.02262078634353308, ""3"": 0.02265712317361748, ""4"": 0.02069898526192212, ""5"": 0.01830636374783554}"
control_random,200,p0.40,nan,1.0,7,0.4,79.60000000000001,79.595,58,97,15919,1962,1.5988854482655037,10,0.9206840407842214,0.01841368081568443,2.961376809456214,12.230384632681824,2.081126775762986,2.096492184058014,7,"{""0"": 0.01718797055855075, ""1"": 0.04182393344725803, ""2"": 0.002853123109761307, ""3"": 0.004768912404685317, ""4"": 0.02489578261631207, ""5"": 0.018952362757539132}"
control_random,200,p0.40,nan,1.0,7,0.4,79.60000000000001,79.595,58,97,15919,1962,1.5988854482655037,20,0.8594645536217799,0.0171892910724356,11.73896812839305,14.348794527990608,2.057835609747952,2.882175775589267,10,"{""0"": 0.011296002551749836, ""1"": 0.045077270315749915, ""2"": 0.00959342879647972, ""3"": 0.023831820788761844, ""4"": 0.01045390039927398, ""5"": 0.002883323582598301}"
control_random,200,p0.40,nan,1.0,7,0.4,79.60000000000001,79.595,58,97,15919,1962,1.5988854482655037,30,0.736721211950237,0.014734424239004743,4.5360074339333005,15.026935163850679,2.081242596756506,3.275010521338141,10,"{""0"": 0.015803964342729782, ""1"": 0.028918998623769725, ""2"": 0.006631950226556237, ""3"": 0.025936598300920655, ""4"": 0.007896058875795472, ""5"": 0.0032189750642565734}"
control_random,200,p0.40,nan,1.0,7,0.4,79.60000000000001,79.595,58,97,15919,1962,1.5988854482655037,40,0.7296267185079233,0.014592534370158465,3.268813412770823,14.945314423744762,2.0742068691137145,3.4695486483694875,11,"{""0"": 0.017288931134375594, ""1"": 0.026550662586786018, ""2"": 0.007470067461741262, ""3"": 0.026802934575135363, ""4"": 0.0058709880551170626, ""5"": 0.003571622407795487}"
control_random,200,p0.40,nan,1.0,7,0.4,79.60000000000001,79.595,58,97,15919,1962,1.5988854482655037,50,0.7281569214628615,0.01456313842925723,4.6642449141879005,15.171717199665702,2.085292162590867,3.3476071083971486,10,"{""0"": 0.019289352815617576, ""1"": 0.02899638500010413, ""2"": 0.007689283537243498, ""3"": 0.023340638436447708, ""4"": 0.005411011261330192, ""5"": 0.0026521595248002955}"
control_random,200,p0.40,nan,1.0,7,0.4,79.60000000000001,79.595,58,97,15919,1962,1.5988854482655037,60,0.7438407686484985,0.01487681537296997,4.84511352201827,15.50101757818237,2.153659308586671,2.9401109777369983,9,"{""0"": 0.022031611976752203, ""1"": 0.02972351343301493, ""2"": 0.006669033500025015, ""3"": 0.023334859628379046, ""4"": 0.005505890822860982, ""5"": 0.0019959828767876645}"
control_random,200,p0.40,nan,1.0,7,0.4,79.60000000000001,79.595,58,97,15919,1962,1.5988854482655037,70,0.7646321963793971,0.015292643927587942,4.16202477840627,15.579988152181611,2.1428020809483677,2.8892065390520014,9,"{""0"": 0.02367890874475968, ""1"": 0.02755309582017771, ""2"": 0.010348325622351103, ""3"": 0.023168998198156213, ""4"": 0.004971711377119962, ""5"": 0.0020348238029629724}"
control_random,200,p0.40,nan,1.0,7,0.4,79.60000000000001,79.595,58,97,15919,1962,1.5988854482655037,80,0.7797083455296594,0.01559416691059319,1.6467662878006033,15.765121220105174,2.144560809437549,2.9183817723867316,9,"{""0"": 0.0249772072784468, ""1"": 0.02819067079820934, ""2"": 0.01129555724686907, ""3"": 0.02197264010067517, ""4"": 0.005177345332742296, ""5"": 0.001951580706616453}"
control_random,200,p0.40,nan,1.0,7,0.4,79.60000000000001,79.595,58,97,15919,1962,1.5988854482655037,90,0.7800362573325532,0.015600725146651066,2.828981487209309,15.80753059775492,2.1587468267178336,2.808082836527492,9,"{""0"": 0.0259204826289711, ""1"": 0.029139060691524672, ""2"": 0.010828295145688557, ""3"": 0.020394548332368187, ""4"": 0.005582597754951503, ""5"": 0.0017393663264023743}"
control_random,200,p0.40,nan,1.0,7,0.4,79.60000000000001,79.595,58,97,15919,1962,1.5988854482655037,100,0.7721842818354474,0.01544368563670895,1.75441306222749,15.853753442147406,2.1194533943973735,2.967423585346155,10,"{""0"": 0.025798685281048506, ""1"": 0.027110971550024864, ""2"": 0.011681647954398865, ""3"": 0.020586136594893147, ""4"": 0.005608954757702215, ""5"": 0.0018757176821860987}"
control_random,200,p0.40,nan,1.0,7,0.4,79.60000000000001,79.595,58,97,15919,1962,1.5988854482655037,110,0.7826055717131868,0.015652111434263736,44.61526425593899,16.01030261765477,2.127954520050118,2.902266597185549,10,"{""0"": 0.027529292241130966, ""1"": 0.024363969849607738, ""2"": 0.01320572141319186, ""3"": 0.021777348876564618, ""4"": 0.004988873194216812, ""5"": 0.0020474630308704184}"
control_random,200,p0.40,nan,1.0,7,0.4,79.60000000000001,79.595,58,97,15919,1962,1.5988854482655037,120,0.7685766857601386,0.015371533715202775,3.0244168719122917,16.102746909420652,2.1322869679062837,2.84162283989396,10,"{""0"": 0.026826803257560095, ""1"": 0.023754414751399878, ""2"": 0.012843491229558199, ""3"": 0.021809515024428665, ""4"": 0.004931385993178171, ""5"": 0.0020635920350916583}"
control_random,200,p0.40,nan,1.0,7,0.4,79.60000000000001,79.595,58,97,15919,1962,1.5988854482655037,130,0.7918266118914655,0.015836532237829312,1.1770799070596378,16.17518097885304,2.154195619627851,2.868975629696858,10,"{""0"": 0.029139085873826215, ""1"": 0.02395575454644063, ""2"": 0.013548849467083263, ""3"": 0.021259426577794345, ""4"": 0.0049228986453500375, ""5"": 0.0021931783164813668}"
control_random,200,p0.40,nan,1.0,7,0.4,79.60000000000001,79.595,58,97,15919,1962,1.5988854482655037,140,0.7640306762394395,0.015280613524788794,3.409163010047044,16.1779502470757,2.1485079251835937,2.7766699466775644,10,"{""0"": 0.027002621554797, ""1"": 0.0236744592303553, ""2"": 0.011814879614172255, ""3"": 0.02202477806852024, ""4"": 0.004941628283941195, ""5"": 0.002225314396946769}"
control_random,200,p0.40,nan,1.0,7,0.4,79.60000000000001,79.595,58,97,15919,1962,1.5988854482655037,150,0.7617777805028423,0.015235555610056848,16.29830955543281,16.245081411570947,2.1535689006026577,2.8930495309155,10,"{""0"": 0.025939357458916935, ""1"": 0.0246641921983301, ""2"": 0.012142414457979516, ""3"": 0.021509414889519848, ""4"": 0.005167856531790937, ""5"": 0.001990098123803746}"
control_random,200,p0.40,nan,1.0,7,0.4,79.60000000000001,79.595,58,97,15919,1962,1.5988854482655037,160,0.7345651690721857,0.014691303381443716,1.6073164153749497,16.217303879839843,2.1514452786203315,2.912017974443874,10,"{""0"": 0.024109596799102736, ""1"": 0.024243396751737256, ""2"": 0.010917992747612338, ""3"": 0.021479744859721324, ""4"": 0.005332537285648991, ""5"": 0.0020645518448396587}"
control_random,200,p0.40,nan,1.0,7,0.4,79.60000000000001,79.595,58,97,15919,1962,1.5988854482655037,170,0.7144932925496881,0.014289865850993764,1.7948941014456292,16.227458531258737,2.15098214804059,2.908835097331279,10,"{""0"": 0.022584048231776087, ""1"": 0.02532745472509774, ""2"": 0.009574797796678372, ""3"": 0.020907859166973637, ""4"": 0.005367642431244586, ""5"": 0.0019773927541921693}"
control_random,200,p0.40,nan,1.0,7,0.4,79.60000000000001,79.595,58,97,15919,1962,1.5988854482655037,180,0.714673097328641,0.014293461946572824,2.9631748880724325,16.292827753339722,2.1535989408614404,3.022094651961317,10,"{""0"": 0.02184363520673414, ""1"": 0.025335196964368662, ""2"": 0.01025199893998126, ""3"": 0.021210109035496534, ""4"": 0.005069851262100844, ""5"": 0.0020499802707555103}"
control_random,200,p0.40,nan,1.0,7,0.4,79.60000000000001,79.595,58,97,15919,1962,1.5988854482655037,190,0.7174384110951931,0.014348768221903865,2.721126442836872,16.345824211818808,2.1549738171395814,3.063002876001404,10,"{""0"": 0.021797388733559915, ""1"": 0.025878428928330272, ""2"": 0.00991675673821481, ""3"": 0.021453996940429296, ""4"": 0.004929802934337661, ""5"": 0.0021162350565512257}"
control_random,200,p0.40,nan,1.0,7,0.4,79.60000000000001,79.595,58,97,15919,1962,1.5988854482655037,200,0.7229305178909983,0.014458610357819968,9.352618792537745,16.37449539515694,2.1577237412239567,3.1907426925333784,11,"{""0"": 0.020742103952225914, ""1"": 0.027218475272421383, ""2"": 0.010530487973499543, ""3"": 0.020912485566944868, ""4"": 0.005136427678495516, ""5"": 0.002211681703332584}"
