arm,n_units,condition,frozen_fraction,gain_scale,seed,p_value,expected_in_degree,realized_degree_mean,realized_degree_min,realized_degree_max,synapse_count,plastic_weight_count,initial_spectral_radius,checkpoint_trial,heldout_nmse,heldout_raw_mse,online_feedback_loss,weight_change_fro,spectral_radius,d_pr,d90,per_target_mse_json
control_gain,200,p0.05,nan,1.0,0,0.05,9.950000000000001,9.87,3,19,1974,1974,1.495341793531799,0,1.0081604579000314,0.02016320915800063,nan,0.0,1.495341793531799,4.161438724175539,12,"{""0"": 0.01939779880024295, ""1"": 0.022245084165017248, ""2"": 0.020246737073061342, ""3"": 0.01993216135145297, ""4"": 0.02001185359295906, ""5"": 0.019145619965270207}"
control_gain,200,p0.05,nan,1.0,0,0.05,9.950000000000001,9.87,3,19,1974,1974,1.495341793531799,10,1.180356017374984,0.023607120347499684,11.050069910499218,13.928758970629447,2.247259938965362,3.7739602090698936,10,"{""0"": 0.022807611081391517, ""1"": 0.03459377392142185, ""2"": 0.03581020738473513, ""3"": 0.03195730401199266, ""4"": 0.010063220585534747, ""5"": 0.0064106050999222074}"
control_gain,200,p0.05,nan,1.0,0,0.05,9.950000000000001,9.87,3,19,1974,1974,1.495341793531799,20,0.7560539281628684,0.015121078563257371,3.9234081543252186,14.903176318564695,2.1722464939139723,4.003472172317492,11,"{""0"": 0.02164851254959317, ""1"": 0.01768900714823226, ""2"": 0.020784255477740453, ""3"": 0.017898745674068423, ""4"": 0.004231604352582267, ""5"": 0.00847434617732765}"
control_gain,200,p0.05,nan,1.0,0,0.05,9.950000000000001,9.87,3,19,1974,1974,1.495341793531799,30,0.7198663458109611,0.014397326916219224,9.862731631085717,15.274979955253864,2.1494713686036224,4.0352733122376065,11,"{""0"": 0.01883714174025015, ""1"": 0.02356591251108635, ""2"": 0.012630733253720276, ""3"": 0.020076013109942906, ""4"": 0.004798039086692492, ""5"": 0.00647612179562318}"
control_gain,200,p0.05,nan,1.0,0,0.05,9.950000000000001,9.87,3,19,1974,1974,1.495341793531799,40,0.6759291213575508,0.013518582427151019,38.67002717546034,15.765316798103003,2.114906158042944,4.2418061619255845,12,"{""0"": 0.02299107296170357, ""1"": 0.015385108802018007, ""2"": 0.020926078997237047, ""3"": 0.012985022633830293, ""4"": 0.005302592588993947, ""5"": 0.0035216185791232396}"
control_gain,200,p0.05,nan,1.0,0,0.05,9.950000000000001,9.87,3,19,1974,1974,1.495341793531799,50,0.6421715357415051,0.012843430714830104,6.066526118680222,16.19394470078475,2.1880798265092176,4.2573384615231795,12,"{""0"": 0.022523658040518254, ""1"": 0.013367237128687637, ""2"": 0.023432740561388214, ""3"": 0.008797825831880084, ""4"": 0.005269980613094265, ""5"": 0.0036691421134121814}"
control_gain,200,p0.05,nan,1.0,0,0.05,9.950000000000001,9.87,3,19,1974,1974,1.495341793531799,60,0.5189435324746011,0.010378870649492025,3.5663066437374247,16.62670539762944,2.1862046721254034,4.3676444877400575,12,"{""0"": 0.018463337581738, ""1"": 0.012851931588760671, ""2"": 0.013502806118506128, ""3"": 0.008061088917446628, ""4"": 0.003963165357203943, ""5"": 0.005430894333296775}"
control_gain,200,p0.05,nan,1.0,0,0.05,9.950000000000001,9.87,3,19,1974,1974,1.495341793531799,70,0.5288086209630474,0.010576172419260949,16.62456330251238,16.8433627207541,2.166190933818961,4.532070756767844,12,"{""0"": 0.01643374907695908, ""1"": 0.012970498321481014, ""2"": 0.01688777537281847, ""3"": 0.007906967387752071, ""4"": 0.004390862244467025, ""5"": 0.004867182112088019}"
control_gain,200,p0.05,nan,1.0,0,0.05,9.950000000000001,9.87,3,19,1974,1974,1.495341793531799,80,0.4826566039288082,0.009653132078576166,4.171401761527156,17.003261538485127,2.135871813065067,4.465138350593812,12,"{""0"": 0.018836272932439446, ""1"": 0.011962846434965108, ""2"": 0.011305100244331607, ""3"": 0.00792759578183842, ""4"": 0.003766391898834042, ""5"": 0.004120585179048378}"
control_gain,200,p0.05,nan,1.0,0,0.05,9.950000000000001,9.87,3,19,1974,1974,1.495341793531799,90,0.48770041674293824,0.009754008334858765,1.9458025197721773,17.161747884875314,2.1407722133961737,4.382526668591099,12,"{""0"": 0.0192920470868645, ""1"": 0.012924203174733192, ""2"": 0.01095633449845563, ""3"": 0.008025372249060737, ""4"": 0.003085135748870264, ""5"": 0.004240957251168271}"
control_gain,200,p0.05,nan,1.0,0,0.05,9.950000000000001,9.87,3,19,1974,1974,1.495341793531799,100,0.5176352333740952,0.010352704667481906,22.773438924968797,17.304091996581416,2.1426841741966336,4.270572472744021,12,"{""0"": 0.018215118342179475, ""1"": 0.013322154378978579, ""2"": 0.01598827926958655, ""3"": 0.006988754106152306, ""4"": 0.0032086008535522916, ""5"": 0.004393321054442232}"
control_gain,200,p0.05,nan,1.0,0,0.05,9.950000000000001,9.87,3,19,1974,1974,1.495341793531799,110,0.466370883871679,0.009327417677433582,3.4832691443487787,17.35850843247145,2.1386659250437408,4.193045771239537,12,"{""0"": 0.017118874536701533, ""1"": 0.012324734735820192, ""2"": 0.012669640535904211, ""3"": 0.006734453241784445, ""4"": 0.002846812441394712, ""5"": 0.004269990572996396}"
control_gain,200,p0.05,nan,1.0,0,0.05,9.950000000000001,9.87,3,19,1974,1974,1.495341793531799,120,0.4478773032126825,0.008957546064253651,3.216733348190722,17.34860475804547,2.1519474625687542,4.062848843654238,12,"{""0"": 0.016003311253643494, ""1"": 0.01145381562894963, ""2"": 0.01276988717109496, ""3"": 0.006261507061110494, ""4"": 0.0027845019669914756, ""5"": 0.004472253303731856}"
control_gain,200,p0.05,nan,1.0,0,0.05,9.950000000000001,9.87,3,19,1974,1974,1.495341793531799,130,0.45078547141096986,0.0090157094282194,2.4749281488910477,17.46907601313288,2.160285838768348,3.992947237963068,12,"{""0"": 0.016106602663607677, ""1"": 0.0119597762118966, ""2"": 0.01308120234488661, ""3"": 0.00584391632320713, ""4"": 0.0026937716570850415, ""5"": 0.00440898736863334}"
control_gain,200,p0.05,nan,1.0,0,0.05,9.950000000000001,9.87,3,19,1974,1974,1.495341793531799,140,0.46297844151866013,0.009259568830373203,1.6117824974970694,17.599135696957187,2.1648372029650926,4.0575366555605745,12,"{""0"": 0.017283229596967535, ""1"": 0.013210523249966136, ""2"": 0.01274272534782489, ""3"": 0.0055953471332226305, ""4"": 0.002690146732614861, ""5"": 0.004035440921643178}"
control_gain,200,p0.05,nan,1.0,0,0.05,9.950000000000001,9.87,3,19,1974,1974,1.495341793531799,150,0.43630555950129707,0.008726111190025943,3.735535510121231,17.615317744816853,2.1629979061144535,4.132027098032647,12,"{""0"": 0.01748783861504725, ""1"": 0.01101512685469877, ""2"": 0.011968556877746405, ""3"": 0.005627159939332259, ""4"": 0.0023596983077875024, ""5"": 0.0038982865455434628}"
control_gain,200,p0.05,nan,1.0,0,0.05,9.950000000000001,9.87,3,19,1974,1974,1.495341793531799,160,0.4553014962413228,0.009106029924826457,7.057958744546184,17.730447258582885,2.1539494251397016,4.3527244489728885,13,"{""0"": 0.019684749847384227, ""1"": 0.012171555088378761, ""2"": 0.011202839693421892, ""3"": 0.005615412395554341, ""4"": 0.0024417557363304995, ""5"": 0.0035198667878890214}"
control_gain,200,p0.05,nan,1.0,0,0.05,9.950000000000001,9.87,3,19,1974,1974,1.495341793531799,170,0.4601382325857817,0.009202764651715635,4.0918469806800495,17.79250530009773,2.1492128795453063,4.306955475620485,13,"{""0"": 0.0204427805139612, ""1"": 0.011747689665281424, ""2"": 0.011465952143378325, ""3"": 0.005669694129770781, ""4"": 0.0024235555360616634, ""5"": 0.0034669159218404175}"
control_gain,200,p0.05,nan,1.0,0,0.05,9.950000000000001,9.87,3,19,1974,1974,1.495341793531799,180,0.43367718136732203,0.008673543627346443,6.461981472895557,17.84273085216599,2.1503141759633966,4.320503076619579,13,"{""0"": 0.01859969059246245, ""1"": 0.011179448120665283, ""2"": 0.010917352850608384, ""3"": 0.005705541824006578, ""4"": 0.0023379059171299435, ""5"": 0.003301322459206009}"
control_gain,200,p0.05,nan,1.0,0,0.05,9.950000000000001,9.87,3,19,1974,1974,1.495341793531799,190,0.4412486505609646,0.008824973011219293,15.098140296237828,17.92675788192049,2.1420560037671947,4.299533424248731,13,"{""0"": 0.018584223319594376, ""1"": 0.011669149274008379, ""2"": 0.011425506611185805, ""3"": 0.0056425164272360774, ""4"": 0.0023421856703280106, ""5"": 0.0032862567649631176}"
control_gain,200,p0.05,nan,1.0,0,0.05,9.950000000000001,9.87,3,19,1974,1974,1.495341793531799,200,0.45477199643865907,0.009095439928773182,29.574200435065478,17.994926303220137,2.1315800189093834,4.2744331839764325,13,"{""0"": 0.01759116100499616, ""1"": 0.013950065592264495, ""2"": 0.011450854751421147, ""3"": 0.005890888131592531, ""4"": 0.0024148348550898074, ""5"": 0.0032748352372749547}"
control_gain,200,p0.10,nan,0.9798254042290072,0,0.1,19.900000000000002,20.28,10,31,4056,1974,1.495341793531796,0,1.0523963566766192,0.021047927133532388,nan,0.0,1.495341793531796,4.912534258061837,14,"{""0"": 0.020106262437822448, ""1"": 0.022300062338671885, ""2"": 0.022071442134024684, ""3"": 0.021208066812787613, ""4"": 0.021568860688603968, ""5"": 0.019032868389283735}"
control_gain,200,p0.10,nan,0.9798254042290072,0,0.1,19.900000000000002,20.28,10,31,4056,1974,1.495341793531796,10,0.989547378408291,0.019790947568165823,3.0989293728187053,14.963792069386251,1.9034906999599295,2.796030024582152,10,"{""0"": 0.027453993724985783, ""1"": 0.0206149647941318, ""2"": 0.031945349450272977, ""3"": 0.0225624563037344, ""4"": 0.009330328673039087, ""5"": 0.0068385924628309004}"
control_gain,200,p0.10,nan,0.9798254042290072,0,0.1,19.900000000000002,20.28,10,31,4056,1974,1.495341793531796,20,0.9770315942485625,0.019540631884971252,15.477830931232123,16.20582510140912,1.9423835406915826,2.8812029786079663,10,"{""0"": 0.038046178450308145, ""1"": 0.013341895555830433, ""2"": 0.024499290473243028, ""3"": 0.014544529388427523, ""4"": 0.015467971906888183, ""5"": 0.011343925535130205}"
control_gain,200,p0.10,nan,0.9798254042290072,0,0.1,19.900000000000002,20.28,10,31,4056,1974,1.495341793531796,30,0.9167839148143463,0.018335678296286927,20.985516431506895,16.80386922944036,1.9196533481271683,3.671542558859863,12,"{""0"": 0.03799531729324834, ""1"": 0.013652491202793543, ""2"": 0.014541817318972772, ""3"": 0.01925586408854113, ""4"": 0.016554093056728114, ""5"": 0.008014486817437664}"
control_gain,200,p0.10,nan,0.9798254042290072,0,0.1,19.900000000000002,20.28,10,31,4056,1974,1.495341793531796,40,0.8203148642227405,0.01640629728445481,19.482926896143383,16.998617719786537,1.9550294500852927,2.924492886937843,10,"{""0"": 0.03302578695143013, ""1"": 0.01265958690821159, ""2"": 0.01810603361289266, ""3"": 0.016175103023528488, ""4"": 0.011488360801344997, ""5"": 0.006982912409321013}"
control_gain,200,p0.10,nan,0.9798254042290072,0,0.1,19.900000000000002,20.28,10,31,4056,1974,1.495341793531796,50,0.7478192001959886,0.014956384003919772,7.431834597100565,17.077638774982553,1.9259656740906257,2.50718061853451,9,"{""0"": 0.029697141554267746, ""1"": 0.010305501400300069, ""2"": 0.019202015403007013, ""3"": 0.014508309333637809, ""4"": 0.007817397199160196, ""5"": 0.0082079391331458}"
control_gain,200,p0.10,nan,0.9798254042290072,0,0.1,19.900000000000002,20.28,10,31,4056,1974,1.495341793531796,60,0.700665852911423,0.014013317058228463,7.442689278152003,17.188737201954268,1.932804545483585,2.7110611282104586,10,"{""0"": 0.029124271959770458, ""1"": 0.010110333905711973, ""2"": 0.016123272375053534, ""3"": 0.01530285157923796, ""4"": 0.006764027601441085, ""5"": 0.006655144928155758}"
control_gain,200,p0.10,nan,0.9798254042290072,0,0.1,19.900000000000002,20.28,10,31,4056,1974,1.495341793531796,70,0.7275386844126146,0.014550773688252295,8.730313484895186,17.46256268881802,1.9358574807531703,2.919482442256279,11,"{""0"": 0.03051735992429211, ""1"": 0.011317173061535023, ""2"": 0.015108317752415612, ""3"": 0.015505813662712826, ""4"": 0.007758612718566063, ""5"": 0.007097365009992139}"
control_gain,200,p0.10,nan,0.9798254042290072,0,0.1,19.900000000000002,20.28,10,31,4056,1974,1.495341793531796,80,0.6633767579282299,0.013267535158564601,10.073253523164476,17.512662817299343,1.9392140256541524,2.657104400312266,11,"{""0"": 0.026647264863921567, ""1"": 0.009424927046385059, ""2"": 0.01375307737446346, ""3"": 0.015808379176494896, ""4"": 0.006250587977804439, ""5"": 0.007720974512318186}"
control_gain,200,p0.10,nan,0.9798254042290072,0,0.1,19.900000000000002,20.28,10,31,4056,1974,1.495341793531796,90,0.6076776364193288,0.012153552728386577,15.84832368942877,17.673066344022182,1.9404137191284316,2.720752734463286,11,"{""0"": 0.026033954857878443, ""1"": 0.007484558502533922, ""2"": 0.009681859054943991, ""3"": 0.01642354061173702, ""4"": 0.006145492646303938, ""5"": 0.007151910696922152}"
control_gain,200,p0.10,nan,0.9798254042290072,0,0.1,19.900000000000002,20.28,10,31,4056,1974,1.495341793531796,100,0.6188105972316367,0.012376211944632735,27.922319565254163,17.736886805008222,1.9466628418282579,2.637475926318498,10,"{""0"": 0.02580791607200217, ""1"": 0.006766400030522725, ""2"": 0.012731246792401363, ""3"": 0.014619794933544586, ""4"": 0.006336954653763329, ""5"": 0.007994959185562246}"
control_gain,200,p0.10,nan,0.9798254042290072,0,0.1,19.900000000000002,20.28,10,31,4056,1974,1.495341793531796,110,0.6180215165157877,0.012360430330315756,12.329472174075418,17.822064592880604,1.9518861721378011,2.587889868389518,10,"{""0"": 0.025592127919352337, ""1"": 0.006827015037994708, ""2"": 0.012614166979206915, ""3"": 0.01467689488348715, ""4"": 0.005354327562935716, ""5"": 0.009098049598917708}"
control_gain,200,p0.10,nan,0.9798254042290072,0,0.1,19.900000000000002,20.28,10,31,4056,1974,1.495341793531796,120,0.6102271469321301,0.012204542938642603,39.09443277602871,17.875411437451113,1.9513148986829623,2.49612609727665,10,"{""0"": 0.024523459958560066, ""1"": 0.0076278088178227815, ""2"": 0.01330776089103126, ""3"": 0.014216069362905676, ""4"": 0.004336473876223567, ""5"": 0.009215684725312284}"
control_gain,200,p0.10,nan,0.9798254042290072,0,0.1,19.900000000000002,20.28,10,31,4056,1974,1.495341793531796,130,0.5955362096207065,0.011910724192414133,3.8397785242935503,17.917883880517383,1.9535915521862195,2.402579120652707,10,"{""0"": 0.02115293127003677, ""1"": 0.007345780249098125, ""2"": 0.015181726816381464, ""3"": 0.01402439689464047, ""4"": 0.00395060017095175, ""5"": 0.009808909753376218}"
control_gain,200,p0.10,nan,0.9798254042290072,0,0.1,19.900000000000002,20.28,10,31,4056,1974,1.495341793531796,140,0.5791128195024031,0.011582256390048062,2.9709132514105807,17.965404310736385,1.9555387816902974,2.289036520093347,10,"{""0"": 0.01771854600831298, ""1"": 0.008493111791588296, ""2"": 0.017576036459390407, ""3"": 0.01246750049892029, ""4"": 0.0037484597678678197, ""5"": 0.009489883814208577}"
control_gain,200,p0.10,nan,0.9798254042290072,0,0.1,19.900000000000002,20.28,10,31,4056,1974,1.495341793531796,150,0.5919170627994954,0.01183834125598991,25.817684582646542,18.095435959758326,1.9628458628252716,2.2437973787350454,10,"{""0"": 0.017307695899070736, ""1"": 0.007936774269435459, ""2"": 0.019718968261839755, ""3"": 0.01250563713954247, ""4"": 0.004133163884360798, ""5"": 0.009427808081690251}"
control_gain,200,p0.10,nan,0.9798254042290072,0,0.1,19.900000000000002,20.28,10,31,4056,1974,1.495341793531796,160,0.5755127732791493,0.011510255465582988,15.738606424930634,18.14575589722849,1.9720045311123244,2.3752812594578496,10,"{""0"": 0.018538565600953228, ""1"": 0.008497052525118395, ""2"": 0.016441766575605775, ""3"": 0.012424723631606713, ""4"": 0.0042005432161526385, ""5"": 0.008958881244061172}"
control_gain,200,p0.10,nan,0.9798254042290072,0,0.1,19.900000000000002,20.28,10,31,4056,1974,1.495341793531796,170,0.5839804723287291,0.011679609446574583,12.085633157067223,18.215448537477844,1.9753243214164589,2.481430326611943,10,"{""0"": 0.02022316341566043, ""1"": 0.010049433851277094, ""2"": 0.016142964468682762, ""3"": 0.012213154914882274, ""4"": 0.0040480748806940225, ""5"": 0.0074008651482509085}"
control_gain,200,p0.10,nan,0.9798254042290072,0,0.1,19.900000000000002,20.28,10,31,4056,1974,1.495341793531796,180,0.5666580492953225,0.011333160985906452,2.4555978518115755,18.23504665536181,1.9756745891716567,2.2069183978359916,10,"{""0"": 0.016499046049274387, ""1"": 0.00976601646928378, ""2"": 0.017749246615380666, ""3"": 0.011773740659716085, ""4"": 0.002736399690576755, ""5"": 0.009474516431207036}"
control_gain,200,p0.10,nan,0.9798254042290072,0,0.1,19.900000000000002,20.28,10,31,4056,1974,1.495341793531796,190,0.5802487096211398,0.011604974192422799,17.41120303951448,18.264613033354383,1.9807342766707936,2.188327783998965,10,"{""0"": 0.01645410024322169, ""1"": 0.01066308359652459, ""2"": 0.01863137472726637, ""3"": 0.012094857579730493, ""4"": 0.002761416890781714, ""5"": 0.009025012117011927}"
control_gain,200,p0.10,nan,0.9798254042290072,0,0.1,19.900000000000002,20.28,10,31,4056,1974,1.495341793531796,200,0.5614201095691217,0.011228402191382436,1.9903887046629252,18.366013526758312,1.9855498098091227,2.3250898204743597,10,"{""0"": 0.01684633403114927, ""1"": 0.011210335763845555, ""2"": 0.015427947253764906, ""3"": 0.011859590538885483, ""4"": 0.0028492590634949066, ""5"": 0.009176946497154495}"
control_gain,200,p0.20,nan,0.9403283439399214,0,0.2,39.800000000000004,39.795,28,55,7959,1974,1.4953417935317985,0,1.0134216235521774,0.020268432471043547,nan,0.0,1.4953417935317985,7.716368909916207,13,"{""0"": 0.019643708500403777, ""1"": 0.021448586135680396, ""2"": 0.02154112433075686, ""3"": 0.018843753012392613, ""4"": 0.02186879869149124, ""5"": 0.018264624155536403}"
control_gain,200,p0.20,nan,0.9403283439399214,0,0.2,39.800000000000004,39.795,28,55,7959,1974,1.4953417935317985,10,0.5543526774078965,0.011087053548157932,18.938920201389234,13.608345654250977,1.9232300202134038,3.0953355258810937,10,"{""0"": 0.014457349566848998, ""1"": 0.011968272924027887, ""2"": 0.005245185849106892, ""3"": 0.019285663327498946, ""4"": 0.011719346493793605, ""5"": 0.0038465031276712657}"
control_gain,200,p0.20,nan,0.9403283439399214,0,0.2,39.800000000000004,39.795,28,55,7959,1974,1.4953417935317985,20,0.42137634693839293,0.00842752693876786,1.7756277332066432,15.247931159585672,1.9205690195324585,3.661133688186467,11,"{""0"": 0.005297906473597539, ""1"": 0.00980919277521281, ""2"": 0.007801993798049456, ""3"": 0.013325498567635102, ""4"": 0.006311827388543181, ""5"": 0.008018742629569064}"
control_gain,200,p0.20,nan,0.9403283439399214,0,0.2,39.800000000000004,39.795,28,55,7959,1974,1.4953417935317985,30,0.4041896731308063,0.008083793462616127,7.388026404587824,16.224299059949168,1.9084307668362397,3.4083771736645865,10,"{""0"": 0.007333438891212467, ""1"": 0.012141224406587553, ""2"": 0.004933597899308072, ""3"": 0.01587526676626176, ""4"": 0.0050801835138014565, ""5"": 0.003139049298525451}"
control_gain,200,p0.20,nan,0.9403283439399214,0,0.2,39.800000000000004,39.795,28,55,7959,1974,1.4953417935317985,40,0.46888593701758835,0.009377718740351768,3.706524912310024,16.572602712373204,1.9198640598158623,3.4506860118506464,10,"{""0"": 0.006790650757817746, ""1"": 0.0121004102804939, ""2"": 0.006177782363200473, ""3"": 0.01792873434789972, ""4"": 0.007497041059966117, ""5"": 0.005771693632732661}"
control_gain,200,p0.20,nan,0.9403283439399214,0,0.2,39.800000000000004,39.795,28,55,7959,1974,1.4953417935317985,50,0.4028134329902275,0.008056268659804551,2.6157776436748295,16.839436534973622,1.9220226278920602,3.406469459045404,9,"{""0"": 0.005723527191745121, ""1"": 0.013404478866411468, ""2"": 0.0056886642956027016, ""3"": 0.013940434085588413, ""4"": 0.0043905897261353995, ""5"": 0.005189917793344205}"
control_gain,200,p0.20,nan,0.9403283439399214,0,0.2,39.800000000000004,39.795,28,55,7959,1974,1.4953417935317985,60,0.3996606899772207,0.007993213799544416,31.86869858067747,16.999995364232806,1.935657050290134,3.56658559136245,10,"{""0"": 0.00583312232129804, ""1"": 0.0188308360853139, ""2"": 0.005993538831789271, ""3"": 0.008463066405963653, ""4"": 0.004385999142329557, ""5"": 0.004452720010572079}"
control_gain,200,p0.20,nan,0.9403283439399214,0,0.2,39.800000000000004,39.795,28,55,7959,1974,1.4953417935317985,70,0.38812377343323035,0.007762475468664608,3.059742399883847,17.137615983182346,1.934307227999412,3.477248664148906,10,"{""0"": 0.005202530748105805, ""1"": 0.017689853715439068, ""2"": 0.006018733389566298, ""3"": 0.008722613116911254, ""4"": 0.004413806576283182, ""5"": 0.004527315265682038}"
control_gain,200,p0.20,nan,0.9403283439399214,0,0.2,39.800000000000004,39.795,28,55,7959,1974,1.4953417935317985,80,0.34735466544796173,0.0069470933089592355,7.411244172353456,17.38896879354087,1.9379273506514902,3.4968643479525636,10,"{""0"": 0.0061673737905186075, ""1"": 0.012711488813890556, ""2"": 0.006121211722612025, ""3"": 0.009432624121644358, ""4"": 0.003501596216377282, ""5"": 0.0037482651887125783}"
control_gain,200,p0.20,nan,0.9403283439399214,0,0.2,39.800000000000004,39.795,28,55,7959,1974,1.4953417935317985,90,0.3398006575038678,0.006796013150077357,4.506567318896907,17.581063275751983,1.9385929241795083,3.5205480318183358,10,"{""0"": 0.006533818292861332, ""1"": 0.011665876283149385, ""2"": 0.005839550131633441, ""3"": 0.010605627779445, ""4"": 0.0031651979219860884, ""5"": 0.002966008491388894}"
control_gain,200,p0.20,nan,0.9403283439399214,0,0.2,39.800000000000004,39.795,28,55,7959,1974,1.4953417935317985,100,0.33356881145733136,0.006671376229146628,3.205947009104952,17.62017683237357,1.9496457757912817,3.5336213406663086,10,"{""0"": 0.005836365585856337, ""1"": 0.012741889033461393, ""2"": 0.006338050718859611, ""3"": 0.008359661384650795, ""4"": 0.00305138041332152, ""5"": 0.003700910238730111}"
control_gain,200,p0.20,nan,0.9403283439399214,0,0.2,39.800000000000004,39.795,28,55,7959,1974,1.4953417935317985,110,0.3245121007330338,0.006490242014660677,6.100442653950452,17.650663777657034,1.9497921981530602,3.528710553537912,10,"{""0"": 0.005771527283181602, ""1"": 0.011877413252886243, ""2"": 0.006166138443331061, ""3"": 0.008795272488013197, ""4"": 0.0024739230816545723, ""5"": 0.003857177538897391}"
control_gain,200,p0.20,nan,0.9403283439399214,0,0.2,39.800000000000004,39.795,28,55,7959,1974,1.4953417935317985,120,0.32116761821235235,0.006423352364247048,10.293456125604953,17.721112865845733,1.9553445246679693,3.523009670416283,10,"{""0"": 0.005890257849859538, ""1"": 0.01153265524567815, ""2"": 0.005951312411479824, ""3"": 0.009253184937826337, ""4"": 0.0022604077200564445, ""5"": 0.003652296020581991}"
control_gain,200,p0.20,nan,0.9403283439399214,0,0.2,39.800000000000004,39.795,28,55,7959,1974,1.4953417935317985,130,0.3268888453176236,0.006537776906352472,1.882511450374308,17.789698229101855,1.954263410167694,3.5136761931239557,10,"{""0"": 0.005495961333036167, ""1"": 0.012374781539074113, ""2"": 0.006269019585688244, ""3"": 0.008467112418747662, ""4"": 0.0022607591952220943, ""5"": 0.004359027366346557}"
control_gain,200,p0.20,nan,0.9403283439399214,0,0.2,39.800000000000004,39.795,28,55,7959,1974,1.4953417935317985,140,0.3113190056264665,0.0062263801125293314,3.0975433406619666,17.795755683246036,1.9574367763364193,3.5190021727937344,10,"{""0"": 0.005073359023772118, ""1"": 0.012507016086135771, ""2"": 0.005980316735981011, ""3"": 0.007615711896579472, ""4"": 0.0024002067404893883, ""5"": 0.0037816701922182296}"
control_gain,200,p0.20,nan,0.9403283439399214,0,0.2,39.800000000000004,39.795,28,55,7959,1974,1.4953417935317985,150,0.3218831222573455,0.006437662445146911,2.474356634962252,17.867935878892805,1.9589044119812555,3.507478567217473,10,"{""0"": 0.005149189628529525, ""1"": 0.01239864687497375, ""2"": 0.006489117332657064, ""3"": 0.008050269373468458, ""4"": 0.002094964296698, ""5"": 0.0044437871645546705}"
control_gain,200,p0.20,nan,0.9403283439399214,0,0.2,39.800000000000004,39.795,28,55,7959,1974,1.4953417935317985,160,0.300287431301012,0.006005748626020241,22.096791205665678,17.86834127349181,1.9541386133711212,3.5231478944500716,10,"{""0"": 0.0051612334115282345, ""1"": 0.011853584745919304, ""2"": 0.005646592403110584, ""3"": 0.007689598807903032, ""4"": 0.0020541890540557843, ""5"": 0.0036292933336045064}"
control_gain,200,p0.20,nan,0.9403283439399214,0,0.2,39.800000000000004,39.795,28,55,7959,1974,1.4953417935317985,170,0.30255107628202704,0.006051021525640542,23.613573680427496,17.95216648016744,1.963236397435925,3.5502816170745772,10,"{""0"": 0.005148651737048237, ""1"": 0.012753483353366128, ""2"": 0.0047777794816456064, ""3"": 0.007932849325932016, ""4"": 0.0022737284778581376, ""5"": 0.003419636777993126}"
control_gain,200,p0.20,nan,0.9403283439399214,0,0.2,39.800000000000004,39.795,28,55,7959,1974,1.4953417935317985,180,0.2975569310758831,0.005951138621517663,2.0984655334118756,17.98188299987739,1.969775912440026,3.597595528297932,11,"{""0"": 0.004970204643071373, ""1"": 0.012295720968018686, ""2"": 0.0051471689127278114, ""3"": 0.00788101774440492, ""4"": 0.002128900159160168, ""5"": 0.0032838193017230275}"
control_gain,200,p0.20,nan,0.9403283439399214,0,0.2,39.800000000000004,39.795,28,55,7959,1974,1.4953417935317985,190,0.2988887492565502,0.0059777749851310045,3.280594442031069,18.057319482452982,1.9703450530463889,3.588766248236653,11,"{""0"": 0.00479879391663394, ""1"": 0.012674773950892695, ""2"": 0.005017816669475208, ""3"": 0.007947947463882393, ""4"": 0.002195906276492376, ""5"": 0.003231411633409416}"
control_gain,200,p0.20,nan,0.9403283439399214,0,0.2,39.800000000000004,39.795,28,55,7959,1974,1.4953417935317985,200,0.29779198641495497,0.0059558397282991,1.234961645368767,18.104698263189764,1.9736180831140577,3.5765589521970207,11,"{""0"": 0.004746475773697341, ""1"": 0.013459635645521814, ""2"": 0.004721800794363569, ""3"": 0.007443345701621232, ""4"": 0.0021950247151163098, ""5"": 0.0031687557394743395}"
control_gain,200,p0.40,nan,0.9869091492873171,0,0.4,79.60000000000001,78.5,62,99,15700,1974,1.4953417935318016,0,1.0445990503846743,0.02089198100769349,nan,0.0,1.4953417935318016,6.781303146057878,14,"{""0"": 0.021168828655785434, ""1"": 0.023551145468547495, ""2"": 0.022072595016257506, ""3"": 0.019260482790155006, ""4"": 0.021636397267437907, ""5"": 0.017662436847977595}"
control_gain,200,p0.40,nan,0.9869091492873171,0,0.4,79.60000000000001,78.5,62,99,15700,1974,1.4953417935318016,10,0.708526249841329,0.01417052499682658,23.740366398283207,14.836743497840768,1.8820145789825546,5.454301408357039,15,"{""0"": 0.012650756463567833, ""1"": 0.030011184791550082, ""2"": 0.009577025493342821, ""3"": 0.01017731547787908, ""4"": 0.016742770830998732, ""5"": 0.00586409692362092}"
control_gain,200,p0.40,nan,0.9869091492873171,0,0.4,79.60000000000001,78.5,62,99,15700,1974,1.4953417935318016,20,0.6742626335300833,0.01348525267060167,3.9144985910287646,16.450383928314,1.9816842050130992,4.11411986978801,13,"{""0"": 0.006368447638182879, ""1"": 0.036345890372218415, ""2"": 0.01332430598542289, ""3"": 0.006751177457643862, ""4"": 0.011155739117658011, ""5"": 0.006965955452483947}"
control_gain,200,p0.40,nan,0.9869091492873171,0,0.4,79.60000000000001,78.5,62,99,15700,1974,1.4953417935318016,30,0.5502364462175935,0.011004728924351871,6.907940451647881,16.842559440904896,1.9908894714245815,4.672779775790911,14,"{""0"": 0.006147228641668106, ""1"": 0.03117704895547656, ""2"": 0.007398891661529271, ""3"": 0.004900727228165212, ""4"": 0.013388217469156865, ""5"": 0.0030162595901152105}"
control_gain,200,p0.40,nan,0.9869091492873171,0,0.4,79.60000000000001,78.5,62,99,15700,1974,1.4953417935318016,40,0.568774825965208,0.011375496519304163,3.067949314471702,17.10758313623396,1.9880698604975748,4.256062247568009,13,"{""0"": 0.0068129047336061305, ""1"": 0.03249591409939763, ""2"": 0.004678297420664323, ""3"": 0.007332624000945984, ""4"": 0.014577391351489038, ""5"": 0.0023558475097218623}"
control_gain,200,p0.40,nan,0.9869091492873171,0,0.4,79.60000000000001,78.5,62,99,15700,1974,1.4953417935318016,50,0.5650400726561192,0.011300801453122386,6.74311378061025,17.23351239948861,1.9989181636613602,4.322246123648618,13,"{""0"": 0.006243729264257486, ""1"": 0.032144241616551925, ""2"": 0.006879168613828893, ""3"": 0.005608348678192661, ""4"": 0.014839554241587486, ""5"": 0.0020897663043158645}"
control_gain,200,p0.40,nan,0.9869091492873171,0,0.4,79.60000000000001,78.5,62,99,15700,1974,1.4953417935318016,60,0.48684883544722224,0.009736976708944446,15.56949817185517,17.452277762677642,2.0140355562512697,4.541484366235679,14,"{""0"": 0.00692975498785782, ""1"": 0.023572562320315914, ""2"": 0.007049529475699122, ""3"": 0.0047225033763199295, ""4"": 0.013986411439618523, ""5"": 0.0021610986538553676}"
control_gain,200,p0.40,nan,0.9869091492873171,0,0.4,79.60000000000001,78.5,62,99,15700,1974,1.4953417935318016,70,0.4316192184185119,0.008632384368370239,1.5151597375978196,17.551320653927217,2.020126491911655,4.633096285338995,15,"{""0"": 0.006742802858256275, ""1"": 0.017819872899737195, ""2"": 0.0067483586798799036, ""3"": 0.0042734933213638545, ""4"": 0.01397648935191804, ""5"": 0.002233289099066174}"
control_gain,200,p0.40,nan,0.9869091492873171,0,0.4,79.60000000000001,78.5,62,99,15700,1974,1.4953417935318016,80,0.42830016509919533,0.008566003301983907,22.90285789378977,17.678728984079175,2.0191873505365274,4.5434778784420065,14,"{""0"": 0.007628744292281768, ""1"": 0.014642700545209126, ""2"": 0.008075495574166525, ""3"": 0.004302511842805094, ""4"": 0.014333585437265298, ""5"": 0.0024129821201756374}"
control_gain,200,p0.40,nan,0.9869091492873171,0,0.4,79.60000000000001,78.5,62,99,15700,1974,1.4953417935318016,90,0.4010160265350264,0.008020320530700528,12.638909677687685,17.70134427880931,2.025096040301385,4.46440120380594,14,"{""0"": 0.00740362775536336, ""1"": 0.017313187720123267, ""2"": 0.005032863659921183, ""3"": 0.004426673335712432, ""4"": 0.0110967038276531, ""5"": 0.002848866885429831}"
control_gain,200,p0.40,nan,0.9869091492873171,0,0.4,79.60000000000001,78.5,62,99,15700,1974,1.4953417935318016,100,0.3794672496127617,0.007589344992255235,17.293056148535094,17.795780123868624,2.045252188554653,4.361046063270239,14,"{""0"": 0.006329470050954816, ""1"": 0.01621524801520753, ""2"": 0.005953399439214165, ""3"": 0.004347709504153752, ""4"": 0.009694918143456044, ""5"": 0.0029953248005451017}"
control_gain,200,p0.40,nan,0.9869091492873171,0,0.4,79.60000000000001,78.5,62,99,15700,1974,1.4953417935318016,110,0.3643940146957276,0.0072878802939145525,6.260774287666202,17.90603839379863,2.0618579963439188,4.366791086682995,14,"{""0"": 0.006708239141174495, ""1"": 0.015170301057808607, ""2"": 0.00450397126894767, ""3"": 0.004201131636886775, ""4"": 0.009754519686087686, ""5"": 0.003389118972582067}"
control_gain,200,p0.40,nan,0.9869091492873171,0,0.4,79.60000000000001,78.5,62,99,15700,1974,1.4953417935318016,120,0.3560165016322137,0.0071203300326442755,3.385865953474152,17.965331015810186,2.081476517039487,4.2930399202336575,14,"{""0"": 0.007752406033127071, ""1"": 0.01414050878107253, ""2"": 0.004203713830495884, ""3"": 0.004386613406117799, ""4"": 0.009128399546320158, ""5"": 0.0031103385987322125}"
control_gain,200,p0.40,nan,0.9869091492873171,0,0.4,79.60000000000001,78.5,62,99,15700,1974,1.4953417935318016,130,0.36843882808926975,0.0073687765617853965,3.083977898025572,17.992590701350075,2.0835143016049993,4.331176592777877,14,"{""0"": 0.006251148892400868, ""1"": 0.01557281070323488, ""2"": 0.005602874559573124, ""3"": 0.0037973024249207525, ""4"": 0.00971576452853895, ""5"": 0.0032727582620438074}"
control_gain,200,p0.40,nan,0.9869091492873171,0,0.4,79.60000000000001,78.5,62,99,15700,1974,1.4953417935318016,140,0.3481505646904013,0.006963011293808026,2.0970386735045374,18.088262831114744,2.0895863916641035,4.373826132467725,14,"{""0"": 0.0060691443821640125, ""1"": 0.014342607930336529, ""2"": 0.006011399188523696, ""3"": 0.003437679714990884, ""4"": 0.008647543008442275, ""5"": 0.003269693538390757}"
control_gain,200,p0.40,nan,0.9869091492873171,0,0.4,79.60000000000001,78.5,62,99,15700,1974,1.4953417935318016,150,0.312735482543345,0.006254709650866901,9.198088738754594,18.122914632473922,2.090221842564319,4.183349089435476,14,"{""0"": 0.005524736964363561, ""1"": 0.011094077561083378, ""2"": 0.005657719705943135, ""3"": 0.0037733415884183682, ""4"": 0.008137113224912779, ""5"": 0.003341268860480186}"
control_gain,200,p0.40,nan,0.9869091492873171,0,0.4,79.60000000000001,78.5,62,99,15700,1974,1.4953417935318016,160,0.3092137372267767,0.006184274744535535,19.045485646234777,18.129858263385564,2.0767434089307226,4.118665798205705,14,"{""0"": 0.005662261305246847, ""1"": 0.011897965144745878, ""2"": 0.0057000919680310095, ""3"": 0.0036423988130427367, ""4"": 0.007108286308449964, ""5"": 0.003094644927696779}"
control_gain,200,p0.40,nan,0.9869091492873171,0,0.4,79.60000000000001,78.5,62,99,15700,1974,1.4953417935318016,170,0.3121373081527539,0.006242746163055079,31.95483600793647,18.170124689426135,2.06978836281726,4.044781382542587,14,"{""0"": 0.005647003624108009, ""1"": 0.011973291501230424, ""2"": 0.006555959669046899, ""3"": 0.0035553179031198616, ""4"": 0.006869061978719215, ""5"": 0.0028558423021060667}"
control_gain,200,p0.40,nan,0.9869091492873171,0,0.4,79.60000000000001,78.5,62,99,15700,1974,1.4953417935318016,180,0.31413027249350395,0.00628260544987008,4.3016139371740785,18.194404151496645,2.074895657649817,4.1103167522780115,14,"{""0"": 0.005637942398255477, ""1"": 0.011573208333981354, ""2"": 0.007336675282391141, ""3"": 0.003543901340045753, ""4"": 0.006848152095617603, ""5"": 0.002755753248929145}"
control_gain,200,p0.40,nan,0.9869091492873171,0,0.4,79.60000000000001,78.5,62,99,15700,1974,1.4953417935318016,190,0.30172782644502716,0.006034556528900544,4.302922269429114,18.20548943560592,2.0697489602365406,4.056121348625957,14,"{""0"": 0.005385393710462719, ""1"": 0.010719477537838812, ""2"": 0.006804698217393325, ""3"": 0.003308327181311293, ""4"": 0.007028663993421201, ""5"": 0.0029607785329759115}"
control_gain,200,p0.40,nan,0.9869091492873171,0,0.4,79.60000000000001,78.5,62,99,15700,1974,1.4953417935318016,200,0.30142262332882064,0.006028452466576413,9.655759617201326,18.260119601955054,2.070368524368737,3.952055214449051,13,"{""0"": 0.00530042456506912, ""1"": 0.010928655663737801, ""2"": 0.006730637420506757, ""3"": 0.003296082190199673, ""4"": 0.007123979505445813, ""5"": 0.0027909354544993123}"
control_gain,200,p0.05,nan,1.0,1,0.05,9.950000000000001,10.085,3,18,2017,2017,1.5728289312089911,0,1.0056922488731515,0.020113844977463033,nan,0.0,1.5728289312089911,9.017494177381023,15,"{""0"": 0.019589279637901674, ""1"": 0.021530409628966792, ""2"": 0.02097978551770173, ""3"": 0.02057059765250226, ""4"": 0.018966450511192598, ""5"": 0.019046546916513137}"
control_gain,200,p0.05,nan,1.0,1,0.05,9.950000000000001,10.085,3,18,2017,2017,1.5728289312089911,10,1.2173863369083187,0.024347726738166375,4.413293058939342,15.029192974912647,1.960534939760324,2.2603616937568396,10,"{""0"": 0.025444449860591644, ""1"": 0.0541453574082853, ""2"": 0.029171199653009572, ""3"": 0.024606222297550807, ""4"": 0.0032247174467637425, ""5"": 0.009494413762797183}"
control_gain,200,p0.05,nan,1.0,1,0.05,9.950000000000001,10.085,3,18,2017,2017,1.5728289312089911,20,0.7764697291270589,0.015529394582541179,23.841541225727266,15.260510335135539,1.91085701066471,2.3011423412289798,11,"{""0"": 0.02046670791467692, ""1"": 0.0041789115096565, ""2"": 0.03735614266275635, ""3"": 0.01764116335238093, ""4"": 0.002211103604039214, ""5"": 0.011322338451737158}"
control_gain,200,p0.05,nan,1.0,1,0.05,9.950000000000001,10.085,3,18,2017,2017,1.5728289312089911,30,0.6215222456655091,0.012430444913310183,13.746651657611224,15.630319038869063,1.9302833623537112,2.6075265536957435,11,"{""0"": 0.01270755124560034, ""1"": 0.004189596087831269, ""2"": 0.029540088693413874, ""3"": 0.011364571311723557, ""4"": 0.002424470091320247, ""5"": 0.014356392049971814}"
control_gain,200,p0.05,nan,1.0,1,0.05,9.950000000000001,10.085,3,18,2017,2017,1.5728289312089911,40,0.406972983638724,0.00813945967277448,4.470525113086777,16.171516571301705,2.0065619873464193,3.381473340232181,11,"{""0"": 0.002533875404433097, ""1"": 0.005317653742284135, ""2"": 0.012903568727698395, ""3"": 0.0038234853541252037, ""4"": 0.006430686373048285, ""5"": 0.01782748843505777}"
control_gain,200,p0.05,nan,1.0,1,0.05,9.950000000000001,10.085,3,18,2017,2017,1.5728289312089911,50,0.36453359204497365,0.007290671840899474,7.365432248663214,16.38290942970029,1.988243871997927,3.6263770432498945,11,"{""0"": 0.002696499441918887, ""1"": 0.005517851150699934, ""2"": 0.010513608332775063, ""3"": 0.004161281057616177, ""4"": 0.00515696843367063, ""5"": 0.015697822628716145}"
control_gain,200,p0.05,nan,1.0,1,0.05,9.950000000000001,10.085,3,18,2017,2017,1.5728289312089911,60,0.3536939466990168,0.007073878933980337,2.821444893009256,16.62455287654254,2.015153848954239,3.5187330636871383,10,"{""0"": 0.002510719946110754, ""1"": 0.005365796696154253, ""2"": 0.014631431583631633, ""3"": 0.004891636808097579, ""4"": 0.0033536333632621872, ""5"": 0.011690055206625617}"
control_gain,200,p0.05,nan,1.0,1,0.05,9.950000000000001,10.085,3,18,2017,2017,1.5728289312089911,70,0.36329432743445156,0.007265886548689033,15.953502516933055,16.817997280264958,2.041721358478937,3.4605884548613033,10,"{""0"": 0.0027654976578772106, ""1"": 0.004935884037848071, ""2"": 0.01617986084562736, ""3"": 0.006158529342521793, ""4"": 0.0030419211574909933, ""5"": 0.010513626250768762}"
control_gain,200,p0.05,nan,1.0,1,0.05,9.950000000000001,10.085,3,18,2017,2017,1.5728289312089911,80,0.36494376844754683,0.007298875368950938,22.860271877213407,17.1999652783011,2.014356373785967,3.50156798258716,10,"{""0"": 0.003266377230250752, ""1"": 0.004348218913466127, ""2"": 0.01475553026934021, ""3"": 0.007097378530045793, ""4"": 0.0031111046855286503, ""5"": 0.011214642585074102}"
control_gain,200,p0.05,nan,1.0,1,0.05,9.950000000000001,10.085,3,18,2017,2017,1.5728289312089911,90,0.3317869454058829,0.006635738908117659,2.4166973520554573,17.32674176170839,2.0112553493877927,3.544298109315508,10,"{""0"": 0.0032431267186629766, ""1"": 0.005029486226631251, ""2"": 0.0105927636614058, ""3"": 0.0069082110547705935, ""4"": 0.0032071919784891524, ""5"": 0.010833653808746187}"
control_gain,200,p0.05,nan,1.0,1,0.05,9.950000000000001,10.085,3,18,2017,2017,1.5728289312089911,100,0.34485419029672776,0.006897083805934556,12.358041023464056,17.444154807678338,2.0457139736990055,3.4993029195047263,10,"{""0"": 0.002877822012650087, ""1"": 0.004699600201851744, ""2"": 0.012162043397883834, ""3"": 0.007969450559549989, ""4"": 0.002748818077341936, ""5"": 0.010924768586329745}"
control_gain,200,p0.05,nan,1.0,1,0.05,9.950000000000001,10.085,3,18,2017,2017,1.5728289312089911,110,0.33798919684945533,0.006759783936989107,3.5481932743959352,17.55988448214949,2.05266818255995,3.46112231700423,10,"{""0"": 0.0029467494087953125, ""1"": 0.0042596824956441974, ""2"": 0.011871833489995449, ""3"": 0.0076956914188957394, ""4"": 0.0026897470903528933, ""5"": 0.01109499971825105}"
control_gain,200,p0.05,nan,1.0,1,0.05,9.950000000000001,10.085,3,18,2017,2017,1.5728289312089911,120,0.3312728639276372,0.0066254572785527455,9.514505827653553,17.605967824223928,2.062932176823836,3.4915138371105097,10,"{""0"": 0.003010701997099455, ""1"": 0.004467401518714846, ""2"": 0.011062377617167638, ""3"": 0.006921983730083377, ""4"": 0.0030470285076928333, ""5"": 0.011243250300558321}"
control_gain,200,p0.05,nan,1.0,1,0.05,9.950000000000001,10.085,3,18,2017,2017,1.5728289312089911,130,0.32064329758893045,0.006412865951778609,5.1948685406594945,17.766869937718745,2.0643471674392693,3.415342156086928,10,"{""0"": 0.0029734166642798043, ""1"": 0.004273788622954844, ""2"": 0.009558053339732486, ""3"": 0.006884865714345862, ""4"": 0.003263810588801478, ""5"": 0.011523260780557178}"
control_gain,200,p0.05,nan,1.0,1,0.05,9.950000000000001,10.085,3,18,2017,2017,1.5728289312089911,140,0.3198243265282542,0.006396486530565086,1.6031534784049,17.854629602239783,2.068732812260011,3.43796601237222,10,"{""0"": 0.002887176080600581, ""1"": 0.004598169033665403, ""2"": 0.009016786414190747, ""3"": 0.007512809342151344, ""4"": 0.003338871296840423, ""5"": 0.011025107015942014}"
control_gain,200,p0.05,nan,1.0,1,0.05,9.950000000000001,10.085,3,18,2017,2017,1.5728289312089911,150,0.31417565634902184,0.006283513126980438,2.1496494659463234,17.894979310523336,2.06775230432119,3.44839264990888,10,"{""0"": 0.003059434902868121, ""1"": 0.004671562473438101, ""2"": 0.0085995139497245, ""3"": 0.007230841659781826, ""4"": 0.003249635757718758, ""5"": 0.010890090018351317}"
control_gain,200,p0.05,nan,1.0,1,0.05,9.950000000000001,10.085,3,18,2017,2017,1.5728289312089911,160,0.30267963016089616,0.0060535926032179235,1.8088487981965335,17.982291162086764,2.069704912108143,3.4383365908480625,9,"{""0"": 0.003135023204134104, ""1"": 0.004498820865205563, ""2"": 0.007883529984590295, ""3"": 0.007008679138810614, ""4"": 0.0029046518450848886, ""5"": 0.010890850581482073}"
control_gain,200,p0.05,nan,1.0,1,0.05,9.950000000000001,10.085,3,18,2017,2017,1.5728289312089911,170,0.29756914747681273,0.005951382949536255,29.95935567406368,18.035811321999024,2.071954239991742,3.428228552416221,9,"{""0"": 0.003154684833650353, ""1"": 0.004192410584274761, ""2"": 0.007612049495100579, ""3"": 0.006716419250850925, ""4"": 0.002684447044841145, ""5"": 0.011348286488499764}"
control_gain,200,p0.05,nan,1.0,1,0.05,9.950000000000001,10.085,3,18,2017,2017,1.5728289312089911,180,0.2934482677199638,0.005868965354399277,5.579374722990844,18.119125289968547,2.0714986012391443,3.4229886944976182,9,"{""0"": 0.003128386840834938, ""1"": 0.004279443819247107, ""2"": 0.007259852005727828, ""3"": 0.006643855424922698, ""4"": 0.0027095572557407108, ""5"": 0.011192696779922379}"
control_gain,200,p0.05,nan,1.0,1,0.05,9.950000000000001,10.085,3,18,2017,2017,1.5728289312089911,190,0.29051504008320395,0.00581030080166408,1.3515863184519925,18.20759315544565,2.077678219116149,3.4148362357995623,9,"{""0"": 0.003165814686914862, ""1"": 0.004590188085626242, ""2"": 0.0067635941171353565, ""3"": 0.007292419979843269, ""4"": 0.002566912522347622, ""5"": 0.01048287541811713}"
control_gain,200,p0.05,nan,1.0,1,0.05,9.950000000000001,10.085,3,18,2017,2017,1.5728289312089911,200,0.2922935401598116,0.005845870803196234,2.7775769693728587,18.25330973623692,2.087053036611324,3.4031941154277714,9,"{""0"": 0.0032547927408555, ""1"": 0.004693017239124575, ""2"": 0.006821464004744209, ""3"": 0.0074239169975086035, ""4"": 0.002451239481712717, ""5"": 0.010430794355231796}"
control_gain,200,p0.10,nan,0.9808371806018932,1,0.1,19.900000000000002,19.93,9,32,3986,2017,1.5728289312089925,0,1.050530601495098,0.02101061202990196,nan,0.0,1.5728289312089925,7.139095178912975,13,"{""0"": 0.02417745257046105, ""1"": 0.023066067540796077, ""2"": 0.019088143720850336, ""3"": 0.020037794758351445, ""4"": 0.016911005353983054, ""5"": 0.0227832082349698}"
control_gain,200,p0.10,nan,0.9808371806018932,1,0.1,19.900000000000002,19.93,9,32,3986,2017,1.5728289312089925,10,1.01175585259863,0.020235117051972604,2.9786966320516433,14.663518196818352,2.045127482725903,2.4141404154525383,10,"{""0"": 0.031216767614723216, ""1"": 0.026675965349756352, ""2"": 0.018497384131478202, ""3"": 0.02477072267006715, ""4"": 0.006114106275522774, ""5"": 0.014135756270287939}"
control_gain,200,p0.10,nan,0.9808371806018932,1,0.1,19.900000000000002,19.93,9,32,3986,2017,1.5728289312089925,20,0.7357934177957337,0.014715868355914676,23.508128234844126,16.53627755442654,1.8701641340736361,1.9504452178801526,8,"{""0"": 0.023788753708340868, ""1"": 0.0034262048659581207, ""2"": 0.014323531467345604, ""3"": 0.027727559952707398, ""4"": 0.0021963955873670455, ""5"": 0.016832764553769006}"
control_gain,200,p0.10,nan,0.9808371806018932,1,0.1,19.900000000000002,19.93,9,32,3986,2017,1.5728289312089925,30,0.6817893381780314,0.013635786763560632,26.519709687665888,17.03175514819803,1.953433196553988,2.4851553419403314,9,"{""0"": 0.01985936349678443, ""1"": 0.0050639311629065275, ""2"": 0.008637759562523276, ""3"": 0.021498925561380153, ""4"": 0.0031607170094573858, ""5"": 0.02359402378831203}"
control_gain,200,p0.10,nan,0.9808371806018932,1,0.1,19.900000000000002,19.93,9,32,3986,2017,1.5728289312089925,40,0.5632776828380966,0.011265553656761934,13.316216938487678,17.171678753133993,2.021570350654305,2.931985194213688,10,"{""0"": 0.013500695622282241, ""1"": 0.004450709996126185, ""2"": 0.008044306764707018, ""3"": 0.017497456779233533, ""4"": 0.003931531138550378, ""5"": 0.020168621639672264}"
control_gain,200,p0.10,nan,0.9808371806018932,1,0.1,19.900000000000002,19.93,9,32,3986,2017,1.5728289312089925,50,0.4872855867158428,0.009745711734316858,7.300527779179336,17.486379218556355,2.0473526489224314,3.1397742483551174,10,"{""0"": 0.012299848712444841, ""1"": 0.00512981159057632, ""2"": 0.00880482242024581, ""3"": 0.009477665604522572, ""4"": 0.003832744668245769, ""5"": 0.018929377409865833}"
control_gain,200,p0.10,nan,0.9808371806018932,1,0.1,19.900000000000002,19.93,9,32,3986,2017,1.5728289312089925,60,0.4983901703375588,0.009967803406751177,7.641375098931682,17.695404643177582,2.0287421079028616,3.004666616134931,11,"{""0"": 0.010865093783604746, ""1"": 0.00727821419471813, ""2"": 0.011385165377126038, ""3"": 0.009246971349270883, ""4"": 0.0038627094320776304, ""5"": 0.01716866630370963}"
control_gain,200,p0.10,nan,0.9808371806018932,1,0.1,19.900000000000002,19.93,9,32,3986,2017,1.5728289312089925,70,0.4711437106917937,0.009422874213835876,15.031121143087338,17.94477353917027,2.0164455876519796,3.0555683450343327,10,"{""0"": 0.010001127185259908, ""1"": 0.007497552004568339, ""2"": 0.009374701490876325, ""3"": 0.007526247089973496, ""4"": 0.0037691306009322535, ""5"": 0.018368486911404934}"
control_gain,200,p0.10,nan,0.9808371806018932,1,0.1,19.900000000000002,19.93,9,32,3986,2017,1.5728289312089925,80,0.45989713553294403,0.009197942710658883,31.66331530257875,18.08182944567635,2.0175092175507854,2.9553310165744935,10,"{""0"": 0.010254412377778407, ""1"": 0.006885178905217856, ""2"": 0.009668454768396392, ""3"": 0.007717013377634735, ""4"": 0.0036215701736575364, ""5"": 0.01704102666126837}"
control_gain,200,p0.10,nan,0.9808371806018932,1,0.1,19.900000000000002,19.93,9,32,3986,2017,1.5728289312089925,90,0.4416270233175948,0.008832540466351898,4.207099496892338,18.313391581322357,2.012908605444667,3.237283560376922,10,"{""0"": 0.009178049652473961, ""1"": 0.008522886028405815, ""2"": 0.00803253015544561, ""3"": 0.00647681451713406, ""4"": 0.003531650671063151, ""5"": 0.01725331177358879}"
control_gain,200,p0.10,nan,0.9808371806018932,1,0.1,19.900000000000002,19.93,9,32,3986,2017,1.5728289312089925,100,0.46251300953419333,0.009250260190683868,12.238186286291109,18.459713163031083,2.0030738956686474,3.230134191640978,10,"{""0"": 0.0085618062861712, ""1"": 0.009023228270578852, ""2"": 0.007791151659614743, ""3"": 0.006032910804882399, ""4"": 0.0034929319190405714, ""5"": 0.020599532203815437}"
control_gain,200,p0.10,nan,0.9808371806018932,1,0.1,19.900000000000002,19.93,9,32,3986,2017,1.5728289312089925,110,0.4647771701656978,0.009295543403313957,15.730721542585892,18.605660988582002,2.003826258384271,3.3544294860402233,10,"{""0"": 0.007751895538429041, ""1"": 0.009007113235941446, ""2"": 0.007518192411537242, ""3"": 0.005864267717720468, ""4"": 0.00532881320496542, ""5"": 0.020302978311290125}"
control_gain,200,p0.10,nan,0.9808371806018932,1,0.1,19.900000000000002,19.93,9,32,3986,2017,1.5728289312089925,120,0.48134530360114125,0.009626906072022826,3.4857049014873236,18.746278850189444,2.0023496210023928,3.285853791691099,10,"{""0"": 0.00708988597181792, ""1"": 0.010354444111693083, ""2"": 0.007157896274118761, ""3"": 0.005336726705845361, ""4"": 0.004940275917863838, ""5"": 0.022882207450797994}"
control_gain,200,p0.10,nan,0.9808371806018932,1,0.1,19.900000000000002,19.93,9,32,3986,2017,1.5728289312089925,130,0.48392917357110005,0.009678583471422001,2.9288691435581993,18.85900185649611,2.007996926027432,3.282708850655432,10,"{""0"": 0.007182656332971583, ""1"": 0.009504908211416835, ""2"": 0.007062248598429901, ""3"": 0.0054233047990055365, ""4"": 0.0062268535421443226, ""5"": 0.022671529344563828}"
control_gain,200,p0.10,nan,0.9808371806018932,1,0.1,19.900000000000002,19.93,9,32,3986,2017,1.5728289312089925,140,0.46330276106565255,0.009266055221313052,2.048379171228005,18.96221651762602,2.012814563963114,3.4086787820636912,11,"{""0"": 0.00803589780439938, ""1"": 0.008824819815139488, ""2"": 0.006193690512322032, ""3"": 0.0056284696931799315, ""4"": 0.006673510321366418, ""5"": 0.020239943181471053}"
control_gain,200,p0.10,nan,0.9808371806018932,1,0.1,19.900000000000002,19.93,9,32,3986,2017,1.5728289312089925,150,0.4501296094249452,0.009002592188498906,1.4343790769032527,19.089955533128236,2.0249810206473575,3.5186459730341655,11,"{""0"": 0.009629191450687444, ""1"": 0.00854789463444933, ""2"": 0.005982104084933717, ""3"": 0.0059983988527633975, ""4"": 0.006139281283043424, ""5"": 0.017718682825116128}"
control_gain,200,p0.10,nan,0.9808371806018932,1,0.1,19.900000000000002,19.93,9,32,3986,2017,1.5728289312089925,160,0.45906343838836067,0.009181268767767214,2.405183156148545,19.131730468578997,2.030877188054881,3.4686747906741906,11,"{""0"": 0.009321997462785957, ""1"": 0.009306713428377574, ""2"": 0.005115696390712782, ""3"": 0.005936113315792964, ""4"": 0.006972919306173715, ""5"": 0.018434172702760293}"
control_gain,200,p0.10,nan,0.9808371806018932,1,0.1,19.900000000000002,19.93,9,32,3986,2017,1.5728289312089925,170,0.43214286463339974,0.008642857292667996,16.127476704744893,19.200163142726602,2.0344893398085344,3.5190179283694016,11,"{""0"": 0.009930809396051949, ""1"": 0.008160965994390482, ""2"": 0.005624227202490134, ""3"": 0.006158483780575254, ""4"": 0.0045550716857994805, ""5"": 0.017427585696700672}"
control_gain,200,p0.10,nan,0.9808371806018932,1,0.1,19.900000000000002,19.93,9,32,3986,2017,1.5728289312089925,180,0.44900843525682715,0.008980168705136545,6.028249050561959,19.22510217689476,2.0355821971213284,3.4692426899856867,11,"{""0"": 0.00945365720339023, ""1"": 0.008470776116693142, ""2"": 0.00546880365560771, ""3"": 0.00621520333323991, ""4"": 0.007201921429930018, ""5"": 0.01707065049195825}"
control_gain,200,p0.10,nan,0.9808371806018932,1,0.1,19.900000000000002,19.93,9,32,3986,2017,1.5728289312089925,190,0.45208558141580024,0.009041711628316006,7.278728588122504,19.295910544710143,2.0390644352018548,3.536344964813092,11,"{""0"": 0.010398232577615685, ""1"": 0.008459340731562678, ""2"": 0.005702906376272872, ""3"": 0.006159260900385593, ""4"": 0.007211543958943978, ""5"": 0.01631898522511522}"
control_gain,200,p0.10,nan,0.9808371806018932,1,0.1,19.900000000000002,19.93,9,32,3986,2017,1.5728289312089925,200,0.457078758713311,0.00914157517426622,7.312016648866501,19.33415846110055,2.033054010211893,3.5202926533789713,11,"{""0"": 0.010888824719806112, ""1"": 0.007410454639452281, ""2"": 0.006293111850212263, ""3"": 0.0059846269870042395, ""4"": 0.007774808844259318, ""5"": 0.01649762400486311}"
control_gain,200,p0.20,nan,1.026804995798668,1,0.2,39.800000000000004,39.615,25,56,7923,2017,1.5728289312089796,0,0.9857237901158455,0.019714475802316913,nan,0.0,1.5728289312089796,4.948345127282993,13,"{""0"": 0.022690105473045317, ""1"": 0.020671948867924266, ""2"": 0.017756369276286373, ""3"": 0.020123179372890532, ""4"": 0.01850100443546197, ""5"": 0.018544247388293012}"
control_gain,200,p0.20,nan,1.026804995798668,1,0.2,39.800000000000004,39.615,25,56,7923,2017,1.5728289312089796,10,0.9051157552711662,0.018102315105423324,13.814385748879701,13.920837120151933,2.017214768884638,3.0891761272471694,9,"{""0"": 0.022554713836669828, ""1"": 0.043800870468903484, ""2"": 0.006864274916315758, ""3"": 0.022195314571752833, ""4"": 0.007952627150054256, ""5"": 0.005246089688843783}"
control_gain,200,p0.20,nan,1.026804995798668,1,0.2,39.800000000000004,39.615,25,56,7923,2017,1.5728289312089796,20,0.6196985617678556,0.012393971235357116,11.516294434644097,15.188520641617462,2.167390716368577,2.202408362227755,7,"{""0"": 0.017558324197223946, ""1"": 0.0028021130659287336, ""2"": 0.01573249014636318, ""3"": 0.024927193274457908, ""4"": 0.002535704813651285, ""5"": 0.010808001914517642}"
control_gain,200,p0.20,nan,1.026804995798668,1,0.2,39.800000000000004,39.615,25,56,7923,2017,1.5728289312089796,30,0.46168332335880113,0.009233666467176023,6.593333629152173,15.509077721439068,2.0926176558318716,2.725479243253327,8,"{""0"": 0.015368344877384237, ""1"": 0.0036000252682327205, ""2"": 0.009626595420637239, ""3"": 0.013473285628804722, ""4"": 0.0032681422945144657, ""5"": 0.010065605313482759}"
control_gain,200,p0.20,nan,1.026804995798668,1,0.2,39.800000000000004,39.615,25,56,7923,2017,1.5728289312089796,40,0.38297367445378744,0.0076594734890757495,5.796397294245159,15.848872557815856,2.165973402635874,2.884524983909281,8,"{""0"": 0.012510601892818506, ""1"": 0.004935595814885472, ""2"": 0.0075445638371235664, ""3"": 0.0086031225784583, ""4"": 0.003509107951229885, ""5"": 0.00885384885993877}"
control_gain,200,p0.20,nan,1.026804995798668,1,0.2,39.800000000000004,39.615,25,56,7923,2017,1.5728289312089796,50,0.3652660693674669,0.00730532138734934,5.3332677726976705,16.16850627098331,2.188599315611045,3.034894564674201,8,"{""0"": 0.01256000821883258, ""1"": 0.007830097849478686, ""2"": 0.0038285026368766436, ""3"": 0.00857178124000579, ""4"": 0.003689538578328539, ""5"": 0.007351999800573798}"
control_gain,200,p0.20,nan,1.026804995798668,1,0.2,39.800000000000004,39.615,25,56,7923,2017,1.5728289312089796,60,0.36507483652955214,0.007301496730591044,17.121245316749068,16.433162395202825,2.198701767083686,3.1676764509256023,8,"{""0"": 0.012707840984681251, ""1"": 0.007470824500742044, ""2"": 0.0034067831110344117, ""3"": 0.009941416715691095, ""4"": 0.0038985687722436655, ""5"": 0.006383546299153791}"
control_gain,200,p0.20,nan,1.026804995798668,1,0.2,39.800000000000004,39.615,25,56,7923,2017,1.5728289312089796,70,0.34675231652922955,0.006935046330584592,5.257043423914697,16.625090768947675,2.216854347036094,3.15849626200963,8,"{""0"": 0.01048686933129043, ""1"": 0.007571337624318178, ""2"": 0.0036914913800705925, ""3"": 0.010533710669632306, ""4"": 0.0032305483747082503, ""5"": 0.006096320603487802}"
control_gain,200,p0.20,nan,1.026804995798668,1,0.2,39.800000000000004,39.615,25,56,7923,2017,1.5728289312089796,80,0.3345418532903395,0.00669083706580679,8.611458538616306,17.01255284088661,2.132860002552052,3.1651859500551374,8,"{""0"": 0.00953700441874601, ""1"": 0.006516310610511891, ""2"": 0.005525437189657848, ""3"": 0.010178201258686653, ""4"": 0.002970249117431887, ""5"": 0.005417819799806459}"
control_gain,200,p0.20,nan,1.026804995798668,1,0.2,39.800000000000004,39.615,25,56,7923,2017,1.5728289312089796,90,0.3508509445101529,0.007017018890203059,2.9485480764457104,17.16643184930795,2.1971437133455147,3.2069771529224584,8,"{""0"": 0.010405862906233623, ""1"": 0.007272775129901708, ""2"": 0.004969444198186424, ""3"": 0.011636693121962902, ""4"": 0.0029682163853743727, ""5"": 0.004849121599559328}"
control_gain,200,p0.20,nan,1.026804995798668,1,0.2,39.800000000000004,39.615,25,56,7923,2017,1.5728289312089796,100,0.36877681092579695,0.00737553621851594,5.547214482731457,17.354505704560133,2.200925072606836,3.331204917600391,9,"{""0"": 0.009479755758012631, ""1"": 0.009749836887040828, ""2"": 0.005006186488150122, ""3"": 0.01224006200171398, ""4"": 0.002779230102813407, ""5"": 0.004998146073364672}"
control_gain,200,p0.20,nan,1.026804995798668,1,0.2,39.800000000000004,39.615,25,56,7923,2017,1.5728289312089796,110,0.3657462854445271,0.007314925708890543,5.471329780954276,17.403383373888854,2.224654691542356,3.3702052507814133,9,"{""0"": 0.010206820142121757, ""1"": 0.009343667001151645, ""2"": 0.004155374246781188, ""3"": 0.011999161474742757, ""4"": 0.0029992778269839976, ""5"": 0.0051852535615619245}"
control_gain,200,p0.20,nan,1.026804995798668,1,0.2,39.800000000000004,39.615,25,56,7923,2017,1.5728289312089796,120,0.3653649089665409,0.007307298179330819,5.74605542766895,17.515445342006984,2.243643825507504,3.4279302834266216,9,"{""0"": 0.01033539398484869, ""1"": 0.010100877917680374, ""2"": 0.003936846254637273, ""3"": 0.011504845774308572, ""4"": 0.0032913038194685128, ""5"": 0.004674521325041486}"
control_gain,200,p0.20,nan,1.026804995798668,1,0.2,39.800000000000004,39.615,25,56,7923,2017,1.5728289312089796,130,0.35964450489724603,0.007192890097944921,1.2839548888158356,17.586637282471006,2.245867442626402,3.338483014484568,8,"{""0"": 0.01032927165327276, ""1"": 0.00936036096270816, ""2"": 0.004419889803380288, ""3"": 0.010885416667709372, ""4"": 0.0031713801091853232, ""5"": 0.0049910213914136125}"
control_gain,200,p0.20,nan,1.026804995798668,1,0.2,39.800000000000004,39.615,25,56,7923,2017,1.5728289312089796,140,0.3687629947490963,0.007375259894981927,35.79985315364135,17.682859398862803,2.2522075586922865,3.377999069940212,8,"{""0"": 0.010698894709923313, ""1"": 0.00993326990628726, ""2"": 0.004131253234791249, ""3"": 0.01145732031955348, ""4"": 0.0034253186030271535, ""5"": 0.004605502596309102}"
control_gain,200,p0.20,nan,1.026804995798668,1,0.2,39.800000000000004,39.615,25,56,7923,2017,1.5728289312089796,150,0.362384637882758,0.007247692757655161,2.1820562729801227,17.76976147307635,2.254164648995561,3.368671177068209,8,"{""0"": 0.010748347415126404, ""1"": 0.009714498475330239, ""2"": 0.003883911978144016, ""3"": 0.011299044040067058, ""4"": 0.0035022875499507765, ""5"": 0.004338067087312471}"
control_gain,200,p0.20,nan,1.026804995798668,1,0.2,39.800000000000004,39.615,25,56,7923,2017,1.5728289312089796,160,0.35842435424395125,0.007168487084879026,3.462757397060104,17.740012919990274,2.2325391435987356,3.2871191216153424,8,"{""0"": 0.010929509931444094, ""1"": 0.009314239181280267, ""2"": 0.003715830521814899, ""3"": 0.011081918871455798, ""4"": 0.0032625322055393887, ""5"": 0.004706891797739714}"
control_gain,200,p0.20,nan,1.026804995798668,1,0.2,39.800000000000004,39.615,25,56,7923,2017,1.5728289312089796,170,0.35838004103328436,0.007167600820665688,6.304364325769081,17.777115191550784,2.234704921360898,3.2689801693658542,8,"{""0"": 0.010825945326845972, ""1"": 0.009414147169453928, ""2"": 0.0036742339439283117, ""3"": 0.011358810974893123, ""4"": 0.0031884778562682537, ""5"": 0.004543989652604538}"
control_gain,200,p0.20,nan,1.026804995798668,1,0.2,39.800000000000004,39.615,25,56,7923,2017,1.5728289312089796,180,0.35721620876180293,0.0071443241752360605,3.8185106895731447,17.839738665560997,2.2373877327883123,3.2499988115021683,8,"{""0"": 0.010976451951982812, ""1"": 0.00967155019800976, ""2"": 0.003371189650413951, ""3"": 0.011104284043405244, ""4"": 0.0032501797428591077, ""5"": 0.004492289464745484}"
control_gain,200,p0.20,nan,1.026804995798668,1,0.2,39.800000000000004,39.615,25,56,7923,2017,1.5728289312089796,190,0.36399561953258086,0.007279912390651618,2.1000711130513405,17.933894523460367,2.2453855453275553,3.2476019249309336,8,"{""0"": 0.010880586060217027, ""1"": 0.009738099026252112, ""2"": 0.003420166315950812, ""3"": 0.01207082360011447, ""4"": 0.0034307816646023453, ""5"": 0.004139017676772946}"
control_gain,200,p0.20,nan,1.026804995798668,1,0.2,39.800000000000004,39.615,25,56,7923,2017,1.5728289312089796,200,0.36950705216508756,0.007390141043301752,3.274762869527824,17.979502215799087,2.2393338502688143,3.2415116910840105,8,"{""0"": 0.010881095979714626, ""1"": 0.009659800106423446, ""2"": 0.0029578811765944837, ""3"": 0.013292277378788289, ""4"": 0.003304928083682274, ""5"": 0.004244863534607396}"
control_gain,200,p0.40,nan,0.9613875362420684,1,0.4,79.60000000000001,79.945,59,97,15989,2017,1.5728289312089876,0,1.0135463984778272,0.020270927969556547,nan,0.0,1.5728289312089876,4.640194320974434,11,"{""0"": 0.020718682241966303, ""1"": 0.021160702264393795, ""2"": 0.02020797511246488, ""3"": 0.020110031330182767, ""4"": 0.02009507716283602, ""5"": 0.01933309970549551}"
control_gain,200,p0.40,nan,0.9613875362420684,1,0.4,79.60000000000001,79.945,59,97,15989,2017,1.5728289312089876,10,1.0396788928108545,0.020793577856217094,21.286540607862804,13.599215379125974,1.8969436012696186,3.581073431937851,11,"{""0"": 0.02259070757269704, ""1"": 0.026093706043711817, ""2"": 0.01798712537160343, ""3"": 0.039370387767196494, ""4"": 0.011748467427207383, ""5"": 0.006971072954886399}"
control_gain,200,p0.40,nan,0.9613875362420684,1,0.4,79.60000000000001,79.945,59,97,15989,2017,1.5728289312089876,20,0.7294718041876362,0.014589436083752726,7.333382037422581,15.125163523184144,1.9913853338831853,3.4083625661530914,10,"{""0"": 0.018226469212568215, ""1"": 0.010654859371806023, ""2"": 0.011939455866013667, ""3"": 0.031206393970912877, ""4"": 0.003918308068704178, ""5"": 0.011591130012511396}"
control_gain,200,p0.40,nan,0.9613875362420684,1,0.4,79.60000000000001,79.945,59,97,15989,2017,1.5728289312089876,30,0.43206098749580363,0.008641219749916074,18.278976289640024,15.55054157348607,1.9260317806239888,3.1889435844192766,8,"{""0"": 0.017025999359670148, ""1"": 0.006947782463928143, ""2"": 0.004939182107580998, ""3"": 0.01410892121205003, ""4"": 0.0034534704231477856, ""5"": 0.0053719629331193414}"
control_gain,200,p0.40,nan,0.9613875362420684,1,0.4,79.60000000000001,79.945,59,97,15989,2017,1.5728289312089876,40,0.3703792173103961,0.007407584346207922,3.0964711967324567,15.801645606621271,1.9145758709311775,3.0197681849895757,9,"{""0"": 0.016179038129686678, ""1"": 0.00472642823954106, ""2"": 0.004923518623047747, ""3"": 0.010989210794313227, ""4"": 0.0035941231520521854, ""5"": 0.004033187138606637}"
control_gain,200,p0.40,nan,0.9613875362420684,1,0.4,79.60000000000001,79.945,59,97,15989,2017,1.5728289312089876,50,0.27964942169676954,0.005592988433935392,27.72709336362944,15.944529685335352,1.9537302536667658,2.9306483790406124,8,"{""0"": 0.013955474924806968, ""1"": 0.0034783641158854643, ""2"": 0.0028139734525319715, ""3"": 0.006257011928078866, ""4"": 0.0036504156441481707, ""5"": 0.003402690538160909}"
control_gain,200,p0.40,nan,0.9613875362420684,1,0.4,79.60000000000001,79.945,59,97,15989,2017,1.5728289312089876,60,0.21611315848421703,0.004322263169684341,3.8765659364793907,16.226244628199826,1.990148758629926,3.043998705131138,8,"{""0"": 0.008734951710968147, ""1"": 0.0031964971154668244, ""2"": 0.002975220724092896, ""3"": 0.004753975024842691, ""4"": 0.0036305396046871588, ""5"": 0.0026423948380483284}"
control_gain,200,p0.40,nan,0.9613875362420684,1,0.4,79.60000000000001,79.945,59,97,15989,2017,1.5728289312089876,70,0.2399469478551371,0.0047989389571027425,1.8572411677976104,16.455717641421636,2.02052324960875,2.753070977370115,7,"{""0"": 0.009694292218970144, ""1"": 0.002689924591646261, ""2"": 0.0032724681639618573, ""3"": 0.005727673381589013, ""4"": 0.002953029394731246, ""5"": 0.0044562459917179345}"
control_gain,200,p0.40,nan,0.9613875362420684,1,0.4,79.60000000000001,79.945,59,97,15989,2017,1.5728289312089876,80,0.28697273126049755,0.005739454625209952,4.487393679827798,16.564139365044923,2.0156333133242,2.7462924931907575,7,"{""0"": 0.009778990055940894, ""1"": 0.003189402453406571, ""2"": 0.004231784252616214, ""3"": 0.008680809873025821, ""4"": 0.0028582787388736555, ""5"": 0.0056974623773965605}"
control_gain,200,p0.40,nan,0.9613875362420684,1,0.4,79.60000000000001,79.945,59,97,15989,2017,1.5728289312089876,90,0.26375170734332243,0.005275034146866449,1.034303358755796,16.703318669095484,2.024425250339039,2.7722722411649743,7,"{""0"": 0.007934566645148553, ""1"": 0.003102964280735342, ""2"": 0.0038832898694428296, ""3"": 0.008307479108531749, ""4"": 0.0028704195177664503, ""5"": 0.005551485459573769}"
control_gain,200,p0.40,nan,0.9613875362420684,1,0.4,79.60000000000001,79.945,59,97,15989,2017,1.5728289312089876,100,0.26345067856074933,0.005269013571214988,0.9830240249554892,16.81438604268349,2.0284881114477917,2.7839300773818514,7,"{""0"": 0.008316072970439953, ""1"": 0.0029859885991360925, ""2"": 0.003748134344892444, ""3"": 0.008833254981450798, ""4"": 0.002506158090162052, ""5"": 0.00522447244120859}"
control_gain,200,p0.40,nan,0.9613875362420684,1,0.4,79.60000000000001,79.945,59,97,15989,2017,1.5728289312089876,110,0.22785149769053092,0.004557029953810619,2.8623830339241474,16.972434379975205,2.042933654731503,2.8771898742219144,7,"{""0"": 0.0070529921507991224, ""1"": 0.0030752905451717555, ""2"": 0.0035233661911386258, ""3"": 0.006609444994142506, ""4"": 0.0024526752650217446, ""5"": 0.004628410576589956}"
control_gain,200,p0.40,nan,0.9613875362420684,1,0.4,79.60000000000001,79.945,59,97,15989,2017,1.5728289312089876,120,0.21647657980431625,0.0043295315960863254,1.5344850421769956,17.121730891845743,2.053953314909458,2.9137080088218155,7,"{""0"": 0.006395406730069638, ""1"": 0.0030853179082046918, ""2"": 0.003573671967707344, ""3"": 0.00568822670468593, ""4"": 0.002450627445545542, ""5"": 0.004783938820304806}"
control_gain,200,p0.40,nan,0.9613875362420684,1,0.4,79.60000000000001,79.945,59,97,15989,2017,1.5728289312089876,130,0.18973307715975496,0.0037946615431950995,31.875790818401615,17.232264539335013,2.0532840957729763,3.0474989013734812,7,"{""0"": 0.005925022079638926, ""1"": 0.0030713002352360003, ""2"": 0.003058572722854965, ""3"": 0.003904669917158085, ""4"": 0.0025688715066616154, ""5"": 0.004239532797621009}"
control_gain,200,p0.40,nan,0.9613875362420684,1,0.4,79.60000000000001,79.945,59,97,15989,2017,1.5728289312089876,140,0.18383064251539788,0.0036766128503079583,3.3765623046205637,17.43755104957816,2.05608543673394,3.0849296274865337,7,"{""0"": 0.005542000747402219, ""1"": 0.0032710988050192805, ""2"": 0.0028105783426319725, ""3"": 0.0033367532829792932, ""4"": 0.0026222761671602854, ""5"": 0.0044769697566547015}"
control_gain,200,p0.40,nan,0.9613875362420684,1,0.4,79.60000000000001,79.945,59,97,15989,2017,1.5728289312089876,150,0.18006020439650774,0.003601204087930155,2.0606012009699537,17.49724777949491,2.0528992806394974,3.0342953565342228,7,"{""0"": 0.006076153315740048, ""1"": 0.0029786019255529286, ""2"": 0.0025198597344959295, ""3"": 0.003259186036538607, ""4"": 0.002487757514990889, ""5"": 0.004285666000262532}"
control_gain,200,p0.40,nan,0.9613875362420684,1,0.4,79.60000000000001,79.945,59,97,15989,2017,1.5728289312089876,160,0.182566136706545,0.003651322734130901,2.9760593486856473,17.556563297856826,2.055363042495349,3.0183469938088385,7,"{""0"": 0.006059999218514052, ""1"": 0.003015112657407444, ""2"": 0.0027011219312864606, ""3"": 0.0035571527981824343, ""4"": 0.0023371792112676947, ""5"": 0.004237370588127315}"
control_gain,200,p0.40,nan,0.9613875362420684,1,0.4,79.60000000000001,79.945,59,97,15989,2017,1.5728289312089876,170,0.17596178160723858,0.0035192356321447718,2.0106059489530312,17.652834099852623,2.0583327803813805,3.0296511938111643,7,"{""0"": 0.005875392537563294, ""1"": 0.0029683581171026717, ""2"": 0.0024178578870181254, ""3"": 0.003368791221395502, ""4"": 0.002329568337437934, ""5"": 0.004155445692351101}"
control_gain,200,p0.40,nan,0.9613875362420684,1,0.4,79.60000000000001,79.945,59,97,15989,2017,1.5728289312089876,180,0.1697312400140356,0.0033946248002807125,8.807010384895284,17.72997406352142,2.0647168394612088,3.065642752787715,7,"{""0"": 0.005679573241982959, ""1"": 0.0030585514561444712, ""2"": 0.001743948374191491, ""3"": 0.0033381947947430496, ""4"": 0.0023764564515335552, ""5"": 0.004171024483088748}"
control_gain,200,p0.40,nan,0.9613875362420684,1,0.4,79.60000000000001,79.945,59,97,15989,2017,1.5728289312089876,190,0.16438149735324278,0.003287629947064856,3.782298594285654,17.834106178829767,2.070054393952443,3.0758151869806722,7,"{""0"": 0.006041040297378295, ""1"": 0.002991412648740343, ""2"": 0.0011636376994918459, ""3"": 0.0031680666784414113, ""4"": 0.0023989374560293166, ""5"": 0.003962684902307923}"
control_gain,200,p0.40,nan,0.9613875362420684,1,0.4,79.60000000000001,79.945,59,97,15989,2017,1.5728289312089876,200,0.1609604957507171,0.0032192099150143427,0.8120243168603973,17.912341033634757,2.0728715785458194,3.09057535698921,7,"{""0"": 0.00577932101817986, ""1"": 0.0030039060093435856, ""2"": 0.001136038565211169, ""3"": 0.0030260319463467026, ""4"": 0.0024032658564385905, ""5"": 0.003966696094566147}"
control_gain,200,p0.05,nan,1.0,2,0.05,9.950000000000001,9.695,2,19,1939,1939,1.5529577225853046,0,1.033719400438695,0.0206743880087739,nan,0.0,1.5529577225853046,4.164212407727731,11,"{""0"": 0.01899551693111618, ""1"": 0.02051666120646168, ""2"": 0.02159289160117658, ""3"": 0.02097402951756729, ""4"": 0.021960888921615768, ""5"": 0.020006339874705924}"
control_gain,200,p0.05,nan,1.0,2,0.05,9.950000000000001,9.695,2,19,1939,1939,1.5529577225853046,10,0.6207302656243879,0.01241460531248776,5.31542141251756,12.839212245412286,1.8813840892060776,2.3070099812502276,5,"{""0"": 0.03337213081334995, ""1"": 0.015306514484656595, ""2"": 0.004765532872669771, ""3"": 0.006075071869807979, ""4"": 0.011372440691442559, ""5"": 0.003595941142999716}"
control_gain,200,p0.05,nan,1.0,2,0.05,9.950000000000001,9.695,2,19,1939,1939,1.5529577225853046,20,0.3976208971074361,0.007952417942148723,16.6786536835965,13.935542611958867,1.9635028405211221,2.203232010836792,5,"{""0"": 0.0186897636967475, ""1"": 0.004297232686052777, ""2"": 0.004833076198602068, ""3"": 0.0052318055843818476, ""4"": 0.010797913725421396, ""5"": 0.0038647157616867474}"
control_gain,200,p0.05,nan,1.0,2,0.05,9.950000000000001,9.695,2,19,1939,1939,1.5529577225853046,30,0.38132338945771715,0.007626467789154344,9.286304848381588,14.509954631723748,1.939873071687816,2.4048801813691902,5,"{""0"": 0.0172650596587347, ""1"": 0.006807280065289028, ""2"": 0.0028286915808603064, ""3"": 0.0017760197760072795, ""4"": 0.014262222693855613, ""5"": 0.002819532960179128}"
control_gain,200,p0.05,nan,1.0,2,0.05,9.950000000000001,9.695,2,19,1939,1939,1.5529577225853046,40,0.3776558997174156,0.007553117994348313,4.515036904627027,15.40165798380614,1.8853709545470314,2.6109453723423894,5,"{""0"": 0.011341540920824823, ""1"": 0.011928300984758534, ""2"": 0.004236995750784698, ""3"": 0.0013376705779543992, ""4"": 0.012716211820551576, ""5"": 0.0037579879112158445}"
control_gain,200,p0.05,nan,1.0,2,0.05,9.950000000000001,9.695,2,19,1939,1939,1.5529577225853046,50,0.4039502925096924,0.008079005850193848,9.166705894531765,15.732106571469373,1.9385225107506274,2.461528828727706,5,"{""0"": 0.011322857470409231, ""1"": 0.014517289132488209, ""2"": 0.004073506926032038, ""3"": 0.002804072469159498, ""4"": 0.011867480753216234, ""5"": 0.0038888283498578783}"
control_gain,200,p0.05,nan,1.0,2,0.05,9.950000000000001,9.695,2,19,1939,1939,1.5529577225853046,60,0.3954463497635375,0.00790892699527075,3.114252977302641,15.8442073751031,1.9492135636609862,2.400009369663687,5,"{""0"": 0.011716331228524826, ""1"": 0.014433090489585257, ""2"": 0.003758856197643801, ""3"": 0.0035796432290063135, ""4"": 0.010481356056409834, ""5"": 0.0034842847704544726}"
control_gain,200,p0.05,nan,1.0,2,0.05,9.950000000000001,9.695,2,19,1939,1939,1.5529577225853046,70,0.3810495362420279,0.007620990724840559,4.491473028261315,15.995206978339446,1.9850637385363497,2.3629120735610987,5,"{""0"": 0.013914807454041372, ""1"": 0.011050742232350884, ""2"": 0.0032260132088638574, ""3"": 0.002826290814992736, ""4"": 0.012128753343958522, ""5"": 0.0025793372948359813}"
control_gain,200,p0.05,nan,1.0,2,0.05,9.950000000000001,9.695,2,19,1939,1939,1.5529577225853046,80,0.3469976503055035,0.00693995300611007,3.092543978733848,16.130297211363512,1.9631660818523557,2.297469216085076,5,"{""0"": 0.014001555871415338, ""1"": 0.010667374095151956, ""2"": 0.0044151422304099545, ""3"": 0.002337809027530666, ""4"": 0.006703129554254712, ""5"": 0.003514707257897799}"
control_gain,200,p0.05,nan,1.0,2,0.05,9.950000000000001,9.695,2,19,1939,1939,1.5529577225853046,90,0.3129120292327206,0.0062582405846544125,4.040025017754908,16.33188746878009,1.956140727274471,2.396423583790478,5,"{""0"": 0.012295381563634187, ""1"": 0.009890709811621207, ""2"": 0.005286509054688607, ""3"": 0.001179489343983339, ""4"": 0.0051718220907918735, ""5"": 0.00372553164320726}"
control_gain,200,p0.05,nan,1.0,2,0.05,9.950000000000001,9.695,2,19,1939,1939,1.5529577225853046,100,0.3050629252836586,0.006101258505673173,2.255610785521827,16.581834928672674,1.9529597612126217,2.501604403858491,5,"{""0"": 0.009174912800097898, ""1"": 0.01155013348994664, ""2"": 0.006069939613846389, ""3"": 0.0011882705907435532, ""4"": 0.00457974636397069, ""5"": 0.004044548175433865}"
control_gain,200,p0.05,nan,1.0,2,0.05,9.950000000000001,9.695,2,19,1939,1939,1.5529577225853046,110,0.30305352757254006,0.006061070551450802,1.8199218014854979,16.604338152081244,1.954894830608478,2.4671929924591045,5,"{""0"": 0.009344072027260905, ""1"": 0.011176811199208145, ""2"": 0.0058468802644720775, ""3"": 0.0011159679760376138, ""4"": 0.004922666905190639, ""5"": 0.003960024936535431}"
control_gain,200,p0.05,nan,1.0,2,0.05,9.950000000000001,9.695,2,19,1939,1939,1.5529577225853046,120,0.29432568423306216,0.005886513684661244,4.293915985078472,16.65942639946818,1.9491307025475173,2.4509196881949484,5,"{""0"": 0.010385709106421571, ""1"": 0.009334905018881814, ""2"": 0.005018170240316594, ""3"": 0.000965094185571665, ""4"": 0.006153869877069741, ""5"": 0.0034613336797060775}"
control_gain,200,p0.05,nan,1.0,2,0.05,9.950000000000001,9.695,2,19,1939,1939,1.5529577225853046,130,0.2891074882628737,0.005782149765257474,4.436411699981332,16.797579646567744,1.9594519623548416,2.4422531488248214,5,"{""0"": 0.010255265506237014, ""1"": 0.008913683893759029, ""2"": 0.004981932393006582, ""3"": 0.0009644060592787806, ""4"": 0.006204078572216011, ""5"": 0.003373532167047429}"
control_gain,200,p0.05,nan,1.0,2,0.05,9.950000000000001,9.695,2,19,1939,1939,1.5529577225853046,140,0.2884293922975622,0.005768587845951245,3.1990626896564582,16.922095821230773,1.9648448372946792,2.4745300617922883,5,"{""0"": 0.00988053877768871, ""1"": 0.009624756793923276, ""2"": 0.004548364594787111, ""3"": 0.0008503755632037564, ""4"": 0.006718926570605554, ""5"": 0.0029885647754990625}"
control_gain,200,p0.05,nan,1.0,2,0.05,9.950000000000001,9.695,2,19,1939,1939,1.5529577225853046,150,0.2935647548345967,0.005871295096691935,3.7092223440777414,17.067337566545756,1.9733975320114716,2.4749627766037934,5,"{""0"": 0.010595348522241884, ""1"": 0.009618343561183566, ""2"": 0.004162383289333651, ""3"": 0.0008835088567860132, ""4"": 0.007527138696875787, ""5"": 0.002441047653730711}"
control_gain,200,p0.05,nan,1.0,2,0.05,9.950000000000001,9.695,2,19,1939,1939,1.5529577225853046,160,0.2931959189071602,0.005863918378143204,10.11884440292998,17.100947008025884,1.9773503967479769,2.4449281719268385,5,"{""0"": 0.01094364623510539, ""1"": 0.009704761837957765, ""2"": 0.004001300754216585, ""3"": 0.0010095828024282553, ""4"": 0.007115273286174192, ""5"": 0.0024089453529770413}"
control_gain,200,p0.05,nan,1.0,2,0.05,9.950000000000001,9.695,2,19,1939,1939,1.5529577225853046,170,0.29981087959278696,0.0059962175918557405,3.0224647037736214,17.170598819123928,1.9766018925397504,2.4252607709451635,5,"{""0"": 0.010620088309711447, ""1"": 0.010193300976553358, ""2"": 0.004028607627883798, ""3"": 0.0017416862096316294, ""4"": 0.007033690121799964, ""5"": 0.002359932305554249}"
control_gain,200,p0.05,nan,1.0,2,0.05,9.950000000000001,9.695,2,19,1939,1939,1.5529577225853046,180,0.29200887089186983,0.005840177417837398,23.00085242701699,17.21330017395162,1.9753332978105484,2.441138816306928,5,"{""0"": 0.009445170238519564, ""1"": 0.01060573214259251, ""2"": 0.00428860818113125, ""3"": 0.0019041108157787732, ""4"": 0.006200117919640506, ""5"": 0.002597325209361784}"
control_gain,200,p0.05,nan,1.0,2,0.05,9.950000000000001,9.695,2,19,1939,1939,1.5529577225853046,190,0.2778630140111118,0.0055572602802222365,3.116846357338633,17.35338762705369,1.982682492148765,2.513793094640556,5,"{""0"": 0.008904190401264367, ""1"": 0.010738154265268383, ""2"": 0.003937014041787928, ""3"": 0.0009345917828036922, ""4"": 0.006599080376132356, ""5"": 0.0022305308140766985}"
control_gain,200,p0.05,nan,1.0,2,0.05,9.950000000000001,9.695,2,19,1939,1939,1.5529577225853046,200,0.27209168258567673,0.005441833651713535,0.674424048511072,17.444408229601557,1.9768892011330301,2.5101786788595284,5,"{""0"": 0.008778304610367304, ""1"": 0.010122935398955688, ""2"": 0.003966177806706402, ""3"": 0.0008738401392043273, ""4"": 0.006719170055265664, ""5"": 0.002190573899781823}"
control_gain,200,p0.10,nan,0.9416570296415376,2,0.1,19.900000000000002,20.31,8,36,4062,1939,1.552957722585306,0,0.9897013483469566,0.019794026966939136,nan,0.0,1.552957722585306,4.348484495941612,11,"{""0"": 0.0189388846249996, ""1"": 0.022957743571573316, ""2"": 0.021689632910928503, ""3"": 0.020540738876874565, ""4"": 0.01700597904896354, ""5"": 0.01763118276829528}"
control_gain,200,p0.10,nan,0.9416570296415376,2,0.1,19.900000000000002,20.31,8,36,4062,1939,1.552957722585306,10,0.5491654218775496,0.010983308437550993,3.041277018552968,13.572772004986534,2.0640585192055436,3.080051922792449,8,"{""0"": 0.03573888387156369, ""1"": 0.008237855300959974, ""2"": 0.007709205330817049, ""3"": 0.003149606046561282, ""4"": 0.0064259606619754845, ""5"": 0.004638339413428466}"
control_gain,200,p0.10,nan,0.9416570296415376,2,0.1,19.900000000000002,20.31,8,36,4062,1939,1.552957722585306,20,0.4414293269467189,0.008828586538934377,29.44057589159523,14.837751983800276,2.1863536037383513,2.796340044595669,7,"{""0"": 0.020928827503717336, ""1"": 0.0016805693999040997, ""2"": 0.0031616850953937133, ""3"": 0.003770566946011242, ""4"": 0.017352643340024027, ""5"": 0.006077226948555855}"
control_gain,200,p0.10,nan,0.9416570296415376,2,0.1,19.900000000000002,20.31,8,36,4062,1939,1.552957722585306,30,0.4261180783439346,0.008522361566878694,3.2511299155446545,15.42680246441046,2.1570795084974956,2.9598417931912127,7,"{""0"": 0.021492976495174888, ""1"": 0.003120453343759416, ""2"": 0.0025950229405834425, ""3"": 0.003895933157584755, ""4"": 0.017105679040434148, ""5"": 0.002924104423735517}"
control_gain,200,p0.10,nan,0.9416570296415376,2,0.1,19.900000000000002,20.31,8,36,4062,1939,1.552957722585306,40,0.3210316421928395,0.00642063284385679,4.624946600418499,16.10241089413976,2.1496866950705398,3.1655184109143235,8,"{""0"": 0.005206162260934444, ""1"": 0.005076696023766759, ""2"": 0.005121737547552389, ""3"": 0.0045219016886361915, ""4"": 0.01459206981202427, ""5"": 0.0040052297302266855}"
control_gain,200,p0.10,nan,0.9416570296415376,2,0.1,19.900000000000002,20.31,8,36,4062,1939,1.552957722585306,50,0.2796448303891434,0.005592896607782869,5.777205995505133,16.19891077458968,2.0918247648887403,2.9297358029827834,8,"{""0"": 0.006424923823131179, ""1"": 0.00552073014923442, ""2"": 0.003386795294636999, ""3"": 0.006419520512420914, ""4"": 0.008884999841293373, ""5"": 0.0029204100259803273}"
control_gain,200,p0.10,nan,0.9416570296415376,2,0.1,19.900000000000002,20.31,8,36,4062,1939,1.552957722585306,60,0.24284155176244987,0.004856831035248998,1.052148915180893,16.47459503434309,2.0771494439997236,2.7799431305243183,7,"{""0"": 0.0065809476437038135, ""1"": 0.005214045996444242, ""2"": 0.0022003790834280936, ""3"": 0.006173197353548847, ""4"": 0.0063902920010586286, ""5"": 0.0025821241333103665}"
control_gain,200,p0.10,nan,0.9416570296415376,2,0.1,19.900000000000002,20.31,8,36,4062,1939,1.552957722585306,70,0.2416437660054999,0.004832875320109998,2.520206712093078,16.73255602421527,2.082056159879069,2.68559635366136,7,"{""0"": 0.007410223392336522, ""1"": 0.0037253626619342005, ""2"": 0.0014645787045386854, ""3"": 0.006577401177652038, ""4"": 0.0076765219346145675, ""5"": 0.0021431640495839727}"
control_gain,200,p0.10,nan,0.9416570296415376,2,0.1,19.900000000000002,20.31,8,36,4062,1939,1.552957722585306,80,0.22387553417922132,0.0044775106835844266,0.7893951128298807,16.841156814309993,2.106308057286713,2.761437047155844,7,"{""0"": 0.006572162955589074, ""1"": 0.00410798914397302, ""2"": 0.0024717353238317467, ""3"": 0.005431375704354396, ""4"": 0.005707984362017865, ""5"": 0.0025738166117404574}"
control_gain,200,p0.10,nan,0.9416570296415376,2,0.1,19.900000000000002,20.31,8,36,4062,1939,1.552957722585306,90,0.21637505136870008,0.0043275010273740025,1.383315124526182,16.95017882200099,2.1204584597977263,2.8303147230797148,7,"{""0"": 0.005546646628771685, ""1"": 0.0048904965146145205, ""2"": 0.0029513217534451724, ""3"": 0.004765998781111025, ""4"": 0.004937620879442707, ""5"": 0.0028729216068589065}"
control_gain,200,p0.10,nan,0.9416570296415376,2,0.1,19.900000000000002,20.31,8,36,4062,1939,1.552957722585306,100,0.2186569735110075,0.004373139470220151,1.141161441991775,17.153407641178397,2.137042779284627,2.870472445295243,7,"{""0"": 0.004693765290608058, ""1"": 0.004820251656671824, ""2"": 0.0027738141780790614, ""3"": 0.0048914735270201275, ""4"": 0.006167893235714792, ""5"": 0.00289163893322704}"
control_gain,200,p0.10,nan,0.9416570296415376,2,0.1,19.900000000000002,20.31,8,36,4062,1939,1.552957722585306,110,0.20761310230198796,0.00415226204603976,10.540444995308354,17.262270326655912,2.1629781909027224,2.966132771360712,7,"{""0"": 0.0042264612068510544, ""1"": 0.005087570569180666, ""2"": 0.002448966287680318, ""3"": 0.002917743235695498, ""4"": 0.007196908520657327, ""5"": 0.003035922456173696}"
control_gain,200,p0.10,nan,0.9416570296415376,2,0.1,19.900000000000002,20.31,8,36,4062,1939,1.552957722585306,120,0.201715817795127,0.0040343163559025405,1.1009350486720464,17.371217576938815,2.1601400923182656,2.981627104428125,7,"{""0"": 0.004456930048484372, ""1"": 0.004847449831164905, ""2"": 0.001675968615233839, ""3"": 0.0029636903895143723, ""4"": 0.007563946587733947, ""5"": 0.0026979126632838113}"
control_gain,200,p0.10,nan,0.9416570296415376,2,0.1,19.900000000000002,20.31,8,36,4062,1939,1.552957722585306,130,0.18886856844545638,0.003777371368909128,6.734440382588303,17.443130399797855,2.152949251426474,2.9727343493007026,7,"{""0"": 0.004415015839654303, ""1"": 0.004300737841704668, ""2"": 0.0017852731654946527, ""3"": 0.00270762134740534, ""4"": 0.007103062191958114, ""5"": 0.002352517827237692}"
control_gain,200,p0.10,nan,0.9416570296415376,2,0.1,19.900000000000002,20.31,8,36,4062,1939,1.552957722585306,140,0.19538203061721346,0.0039076406123442695,0.9931374877656036,17.499298150971025,2.1546743600451888,2.9776470487024156,7,"{""0"": 0.004585108072806297, ""1"": 0.004281749709041554, ""2"": 0.0016426443083759085, ""3"": 0.002917133370959496, ""4"": 0.0074890846928475, ""5"": 0.002530123520034862}"
control_gain,200,p0.10,nan,0.9416570296415376,2,0.1,19.900000000000002,20.31,8,36,4062,1939,1.552957722585306,150,0.19409119113227322,0.0038818238226454647,0.7436603421749628,17.591015033416852,2.1480162198906334,2.967504656330739,7,"{""0"": 0.004632336938829082, ""1"": 0.004160920301167803, ""2"": 0.0013011535803037443, ""3"": 0.0030527375126941847, ""4"": 0.007855616262345887, ""5"": 0.002288178340532087}"
control_gain,200,p0.10,nan,0.9416570296415376,2,0.1,19.900000000000002,20.31,8,36,4062,1939,1.552957722585306,160,0.1989281151282547,0.003978562302565094,11.826376922766245,17.5706642900563,2.155434586010716,2.9626989813818354,7,"{""0"": 0.004821684130453382, ""1"": 0.0044116949159753735, ""2"": 0.0012442575124302427, ""3"": 0.0033298115412482765, ""4"": 0.007926956392178604, ""5"": 0.0021369693231046883}"
control_gain,200,p0.10,nan,0.9416570296415376,2,0.1,19.900000000000002,20.31,8,36,4062,1939,1.552957722585306,170,0.20311646874717382,0.004062329374943477,1.2757060905317599,17.621631572130962,2.158494896813732,2.987358273626709,7,"{""0"": 0.004565796175789395, ""1"": 0.004719645122736071, ""2"": 0.0011778337190447702, ""3"": 0.0035020730252260713, ""4"": 0.008340826096765369, ""5"": 0.0020678021100991846}"
control_gain,200,p0.10,nan,0.9416570296415376,2,0.1,19.900000000000002,20.31,8,36,4062,1939,1.552957722585306,180,0.1982258454777728,0.0039645169095554565,2.4111130666083085,17.676467561175144,2.1339425830591487,2.9648771713117923,7,"{""0"": 0.004630781934572471, ""1"": 0.004956630900346119, ""2"": 0.0013985616388506718, ""3"": 0.003968036553858931, ""4"": 0.0068926098113349914, ""5"": 0.0019404806183695553}"
control_gain,200,p0.10,nan,0.9416570296415376,2,0.1,19.900000000000002,20.31,8,36,4062,1939,1.552957722585306,190,0.19407736308590165,0.0038815472617180335,0.7019536412233985,17.76142583833195,2.137793164382358,2.9893344334844674,7,"{""0"": 0.004476874436262148, ""1"": 0.005095952263108658, ""2"": 0.0010945304513512487, ""3"": 0.0036067460459238087, ""4"": 0.007183456098560822, ""5"": 0.0018317242751015172}"
control_gain,200,p0.10,nan,0.9416570296415376,2,0.1,19.900000000000002,20.31,8,36,4062,1939,1.552957722585306,200,0.18449682785690216,0.003689936557138044,19.01731665885476,17.83932220770873,2.150832491516677,2.9964527638157934,7,"{""0"": 0.0045044297022094, ""1"": 0.004351163568168294, ""2"": 0.0009926200330805488, ""3"": 0.0029853422469152202, ""4"": 0.0075538324619554035, ""5"": 0.0017522313304993951}"
control_gain,200,p0.20,nan,0.9719855359559469,2,0.2,39.800000000000004,39.93,26,57,7986,1939,1.552957722585313,0,1.0098596806335651,0.020197193612671305,nan,0.0,1.552957722585313,3.407072510705638,12,"{""0"": 0.020039307783024218, ""1"": 0.020499313119365363, ""2"": 0.02025670904725252, ""3"": 0.022260549511083878, ""4"": 0.02015044554598821, ""5"": 0.017976836669313653}"
control_gain,200,p0.20,nan,0.9719855359559469,2,0.2,39.800000000000004,39.93,26,57,7986,1939,1.552957722585313,10,0.8986839705498609,0.01797367941099722,5.5898599580585655,14.009554994712323,1.9653656316393564,3.2658460915098924,9,"{""0"": 0.036406932667, ""1"": 0.014991042685559236, ""2"": 0.018118573119424608, ""3"": 0.00833789305561194, ""4"": 0.012620492904936808, ""5"": 0.01736714203345074}"
control_gain,200,p0.20,nan,0.9719855359559469,2,0.2,39.800000000000004,39.93,26,57,7986,1939,1.552957722585313,20,0.6881726805474196,0.013763453610948394,14.949204778837846,14.769055680040202,1.9623854511425236,2.622732434520356,8,"{""0"": 0.027059771812506628, ""1"": 0.0022005605967383166, ""2"": 0.018416210459275904, ""3"": 0.0102782676474553, ""4"": 0.004183629489423736, ""5"": 0.02044228166029048}"
control_gain,200,p0.20,nan,0.9719855359559469,2,0.2,39.800000000000004,39.93,26,57,7986,1939,1.552957722585313,30,0.5554997210480312,0.011109994420960626,10.715941967821617,15.01785733680159,1.939483133072153,3.62943208432631,10,"{""0"": 0.015344240625445116, ""1"": 0.010917297203950734, ""2"": 0.011217000309183694, ""3"": 0.0024751624189968654, ""4"": 0.006190831440812988, ""5"": 0.02051543452737436}"
control_gain,200,p0.20,nan,0.9719855359559469,2,0.2,39.800000000000004,39.93,26,57,7986,1939,1.552957722585313,40,0.4906685322198399,0.0098133706443968,13.089445661991721,15.33543591242593,1.9260491346808661,3.5905508923665437,9,"{""0"": 0.011572114307476494, ""1"": 0.009876730303449103, ""2"": 0.02115046793977171, ""3"": 0.0014408932277820909, ""4"": 0.006562250858642543, ""5"": 0.008277767229258857}"
control_gain,200,p0.20,nan,0.9719855359559469,2,0.2,39.800000000000004,39.93,26,57,7986,1939,1.552957722585313,50,0.5466074679982809,0.010932149359965618,26.158668517504555,15.315942167320472,1.9255843613557129,3.6996384189826785,10,"{""0"": 0.01616337626864697, ""1"": 0.012853791761833915, ""2"": 0.014887297737835281, ""3"": 0.004382449978476786, ""4"": 0.004585122186628673, ""5"": 0.012720858226372086}"
control_gain,200,p0.20,nan,0.9719855359559469,2,0.2,39.800000000000004,39.93,26,57,7986,1939,1.552957722585313,60,0.5578455410753049,0.0111569108215061,1.5161673513288696,15.512034300837316,1.9310201022603533,3.68772615321653,11,"{""0"": 0.019151040983374713, ""1"": 0.014820909694689913, ""2"": 0.008907743091582706, ""3"": 0.0038682146700833807, ""4"": 0.006811540848789434, ""5"": 0.013382015640516453}"
control_gain,200,p0.20,nan,0.9719855359559469,2,0.2,39.800000000000004,39.93,26,57,7986,1939,1.552957722585313,70,0.5678957751624341,0.011357915503248682,13.585905021260173,15.752940636294952,1.9353393869503857,3.5903649952968264,11,"{""0"": 0.019634491123017114, ""1"": 0.012449526364822458, ""2"": 0.012533268963725424, ""3"": 0.004326391842536697, ""4"": 0.006807579516849796, ""5"": 0.012396235208540596}"
control_gain,200,p0.20,nan,0.9719855359559469,2,0.2,39.800000000000004,39.93,26,57,7986,1939,1.552957722585313,80,0.480433601107622,0.009608672022152442,1.2662848838506515,15.928427355693664,1.9637523424710026,3.2690761383863167,10,"{""0"": 0.01804649703795289, ""1"": 0.0049104988851826955, ""2"": 0.015277218563995337, ""3"": 0.004805480480524791, ""4"": 0.0036104264056484895, ""5"": 0.011001910759610437}"
control_gain,200,p0.20,nan,0.9719855359559469,2,0.2,39.800000000000004,39.93,26,57,7986,1939,1.552957722585313,90,0.3713010220771099,0.0074260204415422,40.74111785885568,16.028445979277773,1.9894573298726284,3.1676084247072165,9,"{""0"": 0.016140950994827145, ""1"": 0.0034467721367060196, ""2"": 0.009730422258662965, ""3"": 0.0038639752962700176, ""4"": 0.0023436201322058893, ""5"": 0.00903038183058116}"
control_gain,200,p0.20,nan,0.9719855359559469,2,0.2,39.800000000000004,39.93,26,57,7986,1939,1.552957722585313,100,0.37697265671358343,0.00753945313427167,3.8743215759925342,16.105501693886893,2.0139597991015354,3.0983225934750234,8,"{""0"": 0.013038627545533579, ""1"": 0.002581206168951308, ""2"": 0.015856176579091323, ""3"": 0.0035202288115641425, ""4"": 0.001838044152750156, ""5"": 0.008402435547739503}"
control_gain,200,p0.20,nan,0.9719855359559469,2,0.2,39.800000000000004,39.93,26,57,7986,1939,1.552957722585313,110,0.3602684527019128,0.007205369054038258,16.827311408232088,16.246917861257934,2.013290474617893,3.051891851706221,8,"{""0"": 0.011464086886282084, ""1"": 0.0021073056815613957, ""2"": 0.017398156865687214, ""3"": 0.0037012702112242113, ""4"": 0.0015257133049182401, ""5"": 0.007035681374556407}"
control_gain,200,p0.20,nan,0.9719855359559469,2,0.2,39.800000000000004,39.93,26,57,7986,1939,1.552957722585313,120,0.3490015402036557,0.006980030804073115,3.0220308186731843,16.41462480782878,2.014159766208172,3.1028592827216532,8,"{""0"": 0.012412912069182703, ""1"": 0.0021910311349279373, ""2"": 0.0161263275454626, ""3"": 0.003347836886438324, ""4"": 0.0018518053354006137, ""5"": 0.00595027185302651}"
control_gain,200,p0.20,nan,0.9719855359559469,2,0.2,39.800000000000004,39.93,26,57,7986,1939,1.552957722585313,130,0.3581991466891955,0.007163982933783911,8.046506576427229,16.55161430984226,2.0157378943420463,3.1458985736207508,9,"{""0"": 0.013770428954809746, ""1"": 0.002219333271887527, ""2"": 0.015558929652078396, ""3"": 0.0030463962347260847, ""4"": 0.0021055759278613253, ""5"": 0.0062832335613403805}"
control_gain,200,p0.20,nan,0.9719855359559469,2,0.2,39.800000000000004,39.93,26,57,7986,1939,1.552957722585313,140,0.3485228895025706,0.006970457790051413,5.1095290602209,16.6301500938157,2.0154643121152973,3.2168876111858817,9,"{""0"": 0.015234370240496217, ""1"": 0.002536874437798135, ""2"": 0.014847917191500536, ""3"": 0.002266635382655885, ""4"": 0.0025452717199558597, ""5"": 0.004391677767901843}"
control_gain,200,p0.20,nan,0.9719855359559469,2,0.2,39.800000000000004,39.93,26,57,7986,1939,1.552957722585313,150,0.35948580407771674,0.007189716081554336,3.2746553958306457,16.69182379095871,2.0185586012991874,3.183782350341094,9,"{""0"": 0.015319485709028474, ""1"": 0.002610655350771836, ""2"": 0.014924212256243857, ""3"": 0.0034092489174153183, ""4"": 0.0031426353209629784, ""5"": 0.0037320589349035494}"
control_gain,200,p0.20,nan,0.9719855359559469,2,0.2,39.800000000000004,39.93,26,57,7986,1939,1.552957722585313,160,0.3698337773328051,0.0073966755466561025,5.313256896049946,16.78160547128811,2.0310809931591267,3.217825045211802,10,"{""0"": 0.015806613963922304, ""1"": 0.002863513641228817, ""2"": 0.013900536487959646, ""3"": 0.0041891259062562065, ""4"": 0.0038888924206051793, ""5"": 0.0037313708599644676}"
control_gain,200,p0.20,nan,0.9719855359559469,2,0.2,39.800000000000004,39.93,26,57,7986,1939,1.552957722585313,170,0.3588049609278762,0.007176099218557525,4.10531079575488,16.803689312085176,2.0359978172006605,3.2565188623499544,10,"{""0"": 0.015684724875807916, ""1"": 0.002695554751737504, ""2"": 0.013701792415912276, ""3"": 0.003624337356285025, ""4"": 0.003831932328141059, ""5"": 0.0035182535834613732}"
control_gain,200,p0.20,nan,0.9719855359559469,2,0.2,39.800000000000004,39.93,26,57,7986,1939,1.552957722585313,180,0.35074073856303406,0.007014814771260682,43.14741508684941,16.885879287597994,2.040113380625948,3.25073623275443,10,"{""0"": 0.015731114892554972, ""1"": 0.0025945163783611747, ""2"": 0.013288651046529324, ""3"": 0.0036010319274947544, ""4"": 0.003586605559168467, ""5"": 0.0032869688234553967}"
control_gain,200,p0.20,nan,0.9719855359559469,2,0.2,39.800000000000004,39.93,26,57,7986,1939,1.552957722585313,190,0.3335144849117453,0.006670289698234906,2.302300839927252,16.92229034274723,2.0421418522305057,3.4570117201398416,10,"{""0"": 0.01682563551513918, ""1"": 0.0026390610038834654, ""2"": 0.009861394932281326, ""3"": 0.0031710146046646653, ""4"": 0.00388831682920276, ""5"": 0.003636315304238042}"
control_gain,200,p0.20,nan,0.9719855359559469,2,0.2,39.800000000000004,39.93,26,57,7986,1939,1.552957722585313,200,0.32296176511661756,0.0064592353023323525,2.951928371641531,16.93801094042915,2.0369198221147005,3.472367776088979,10,"{""0"": 0.01636194907568775, ""1"": 0.0024135180325855947, ""2"": 0.010145115545276202, ""3"": 0.0025293011603595306, ""4"": 0.003625318366722629, ""5"": 0.00368020963336241}"
control_gain,200,p0.40,nan,0.9817616245752265,2,0.4,79.60000000000001,79.745,62,103,15949,1939,1.552957722585315,0,1.0320840446747397,0.020641680893494798,nan,0.0,1.552957722585315,6.441705977487677,12,"{""0"": 0.019987438064591478, ""1"": 0.02090250818682691, ""2"": 0.019932564953226598, ""3"": 0.02144781313838753, ""4"": 0.02022196035981996, ""5"": 0.021357800658116304}"
control_gain,200,p0.40,nan,0.9817616245752265,2,0.4,79.60000000000001,79.745,62,103,15949,1939,1.552957722585315,10,0.5027569070900637,0.010055138141801276,12.805180563370504,12.085177962158431,1.9657130125690923,3.221651509907201,9,"{""0"": 0.006946603923754478, ""1"": 0.0033809897492077566, ""2"": 0.029142942509527113, ""3"": 0.0020927835343897082, ""4"": 0.011264807268999009, ""5"": 0.007502701864929587}"
control_gain,200,p0.40,nan,0.9817616245752265,2,0.4,79.60000000000001,79.745,62,103,15949,1939,1.552957722585315,20,0.4230355877884104,0.00846071175576821,16.078179529166686,13.208350237748485,1.942841905131338,3.6534417054785853,9,"{""0"": 0.008308702265218588, ""1"": 0.00294646454043796, ""2"": 0.020452317994068266, ""3"": 0.003856762471752955, ""4"": 0.011506020044027754, ""5"": 0.0036940032191037234}"
control_gain,200,p0.40,nan,0.9817616245752265,2,0.4,79.60000000000001,79.745,62,103,15949,1939,1.552957722585315,30,0.3138691963346481,0.006277383926692963,0.7911116190137056,13.96770194669781,2.041408089762702,3.3700375556634365,9,"{""0"": 0.008458841865172486, ""1"": 0.0038248034053719, ""2"": 0.004516208629097429, ""3"": 0.006467369092943992, ""4"": 0.010291745026467371, ""5"": 0.004105335541104603}"
control_gain,200,p0.40,nan,0.9817616245752265,2,0.4,79.60000000000001,79.745,62,103,15949,1939,1.552957722585315,40,0.3704804229366479,0.0074096084587329586,5.555102856872374,14.482890421481263,2.065829963818834,3.1505767607179154,8,"{""0"": 0.0074979055576801495, ""1"": 0.006645395280191607, ""2"": 0.005402387926602245, ""3"": 0.008952927664438188, ""4"": 0.012923679994197034, ""5"": 0.003035354329288532}"
control_gain,200,p0.40,nan,0.9817616245752265,2,0.4,79.60000000000001,79.745,62,103,15949,1939,1.552957722585315,50,0.3708826228155722,0.0074176524563114455,2.73239031444157,14.82295462899609,2.0973151676975053,2.9837696264961933,8,"{""0"": 0.007592167188060363, ""1"": 0.005005419460600211, ""2"": 0.00249463032831275, ""3"": 0.011069583913362708, ""4"": 0.013812474086507345, ""5"": 0.004531639761025297}"
control_gain,200,p0.40,nan,0.9817616245752265,2,0.4,79.60000000000001,79.745,62,103,15949,1939,1.552957722585315,60,0.39687638573353057,0.007937527714670612,4.438641352752597,15.145410166000635,2.13606261409181,2.714039867270703,8,"{""0"": 0.010066568264076639, ""1"": 0.00606262911420991, ""2"": 0.0024321091209690087, ""3"": 0.014123056200954739, ""4"": 0.011702526695104748, ""5"": 0.0032382768927086253}"
control_gain,200,p0.40,nan,0.9817616245752265,2,0.4,79.60000000000001,79.745,62,103,15949,1939,1.552957722585315,70,0.38820263874511945,0.00776405277490239,3.123452482157439,15.219824103077027,2.1733022234292165,2.6306035267285064,8,"{""0"": 0.009078181027057671, ""1"": 0.007495041372150069, ""2"": 0.0025528422326750394, ""3"": 0.01414428665138751, ""4"": 0.010407770634865539, ""5"": 0.00290619473127851}"
control_gain,200,p0.40,nan,0.9817616245752265,2,0.4,79.60000000000001,79.745,62,103,15949,1939,1.552957722585315,80,0.38332889368845463,0.0076665778737690935,2.4446731313608683,15.319541699209644,2.1424591740351127,2.7967644498201185,8,"{""0"": 0.008391626095712293, ""1"": 0.008103414526040948, ""2"": 0.00350595041472086, ""3"": 0.013176292671233741, ""4"": 0.008618748335203378, ""5"": 0.004203435199703343}"
control_gain,200,p0.40,nan,0.9817616245752265,2,0.4,79.60000000000001,79.745,62,103,15949,1939,1.552957722585315,90,0.40956652133219684,0.008191330426643937,6.828854312223722,15.486551959717126,2.139599477877942,2.9804289681826828,9,"{""0"": 0.008285782819601916, ""1"": 0.007306969922391565, ""2"": 0.00530267581655039, ""3"": 0.014901447528342441, ""4"": 0.007035163781018494, ""5"": 0.00631594269195882}"
control_gain,200,p0.40,nan,0.9817616245752265,2,0.4,79.60000000000001,79.745,62,103,15949,1939,1.552957722585315,100,0.3791393546346359,0.007582787092692719,4.238574620447885,15.57037743449545,2.1456745304260165,3.0167093359884545,9,"{""0"": 0.008062302261099928, ""1"": 0.006636548481787813, ""2"": 0.005303518029720768, ""3"": 0.012910593488359148, ""4"": 0.007278874616568685, ""5"": 0.0053048856786199645}"
control_gain,200,p0.40,nan,0.9817616245752265,2,0.4,79.60000000000001,79.745,62,103,15949,1939,1.552957722585315,110,0.38760374223370425,0.007752074844674086,10.593164262656853,15.735495474201215,2.138874796365799,3.130407888291303,9,"{""0"": 0.00765765204934408, ""1"": 0.00787898810357018, ""2"": 0.005947887572599184, ""3"": 0.01141758806997745, ""4"": 0.007283973463304073, ""5"": 0.006326359809249557}"
control_gain,200,p0.40,nan,0.9817616245752265,2,0.4,79.60000000000001,79.745,62,103,15949,1939,1.552957722585315,120,0.36640309767457224,0.007328061953491445,2.909530123298165,15.838691126466939,2.1478832230386993,3.078498429296646,9,"{""0"": 0.007720438842799304, ""1"": 0.007938219863988438, ""2"": 0.005642821812204972, ""3"": 0.010072947784483362, ""4"": 0.007554207758646776, ""5"": 0.005039735658825825}"
control_gain,200,p0.40,nan,0.9817616245752265,2,0.4,79.60000000000001,79.745,62,103,15949,1939,1.552957722585315,130,0.34368818628551573,0.006873763725710315,28.362675303353868,15.846659092313997,2.1495083269372164,3.1063344379960065,9,"{""0"": 0.0070260464510341295, ""1"": 0.008515644267489552, ""2"": 0.004608743081228427, ""3"": 0.00862671316846495, ""4"": 0.007621642492563721, ""5"": 0.004843792893481114}"
control_gain,200,p0.40,nan,0.9817616245752265,2,0.4,79.60000000000001,79.745,62,103,15949,1939,1.552957722585315,140,0.33459181681918115,0.0066918363363836246,1.918302200369603,15.940935297813146,2.1574441903027584,3.0123582490092398,9,"{""0"": 0.006966110432182903, ""1"": 0.009039963728807486, ""2"": 0.0036014015446622335, ""3"": 0.00845688322295381, ""4"": 0.007625164706061111, ""5"": 0.004461494383634204}"
control_gain,200,p0.40,nan,0.9817616245752265,2,0.4,79.60000000000001,79.745,62,103,15949,1939,1.552957722585315,150,0.3363156287518868,0.006726312575037737,1.4160400481610562,16.009218060239157,2.164743634318428,3.06442890606893,9,"{""0"": 0.0071253787147563365, ""1"": 0.009083993036733629, ""2"": 0.004560391202909588, ""3"": 0.008052578635381629, ""4"": 0.007521569994025259, ""5"": 0.004013963866419982}"
control_gain,200,p0.40,nan,0.9817616245752265,2,0.4,79.60000000000001,79.745,62,103,15949,1939,1.552957722585315,160,0.332665848095239,0.006653316961904781,10.744609158027446,16.102336496461373,2.168030706337718,3.13859424618976,9,"{""0"": 0.006845819716979085, ""1"": 0.009752870912493411, ""2"": 0.005276146064966035, ""3"": 0.008038545158534381, ""4"": 0.0055560972054887765, ""5"": 0.004450422712966992}"
control_gain,200,p0.40,nan,0.9817616245752265,2,0.4,79.60000000000001,79.745,62,103,15949,1939,1.552957722585315,170,0.3313492888992857,0.006626985777985715,6.054642833699222,16.149521356329046,2.170032604432722,3.1390745942455824,8,"{""0"": 0.00650474104296591, ""1"": 0.009775022473557889, ""2"": 0.005350210423906021, ""3"": 0.00786487713334273, ""4"": 0.005984180514933957, ""5"": 0.0042828830792077804}"
control_gain,200,p0.40,nan,0.9817616245752265,2,0.4,79.60000000000001,79.745,62,103,15949,1939,1.552957722585315,180,0.32416321361000283,0.0064832642722000575,2.850522550120207,16.205872993100634,2.1751873886501807,3.130177409088102,8,"{""0"": 0.006592257026801059, ""1"": 0.0095386480618372, ""2"": 0.005162522838881181, ""3"": 0.0076456762093815665, ""4"": 0.005837305423160556, ""5"": 0.004123176073138781}"
control_gain,200,p0.40,nan,0.9817616245752265,2,0.4,79.60000000000001,79.745,62,103,15949,1939,1.552957722585315,190,0.30551000067904777,0.006110200013580956,2.040020736186251,16.23069662102598,2.1712831194947775,3.0809827850060265,8,"{""0"": 0.00587254784843571, ""1"": 0.010213565089697648, ""2"": 0.0032411855353253645, ""3"": 0.00727561231083247, ""4"": 0.0062779503515439095, ""5"": 0.003780338945650638}"
control_gain,200,p0.40,nan,0.9817616245752265,2,0.4,79.60000000000001,79.745,62,103,15949,1939,1.552957722585315,200,0.30466644738214227,0.006093328947642846,1.396280675460708,16.29801207168459,2.168106427467847,3.194804235250664,9,"{""0"": 0.00548425593236722, ""1"": 0.010291936613463705, ""2"": 0.003949881085828754, ""3"": 0.006811692967882069, ""4"": 0.006100934837197069, ""5"": 0.003921272249118262}"
control_gain,200,p0.05,nan,1.0,3,0.05,9.950000000000001,10.375,3,17,2075,2075,1.6051902349827163,0,1.0278892165911495,0.020557784331822995,nan,0.0,1.6051902349827163,6.407318990656405,13,"{""0"": 0.015740632891306422, ""1"": 0.019036509573845888, ""2"": 0.022194516514126482, ""3"": 0.016653663394312828, ""4"": 0.02181204578539834, ""5"": 0.02790933783194801}"
control_gain,200,p0.05,nan,1.0,3,0.05,9.950000000000001,10.375,3,17,2075,2075,1.6051902349827163,10,0.9029225197952425,0.01805845039590485,17.011691946076578,11.322948797783669,2.1237810756289877,2.0446381865246743,9,"{""0"": 0.0120723693972757, ""1"": 0.0034974535634950633, ""2"": 0.02235125142133727, ""3"": 0.017720711589306416, ""4"": 0.016073382174373523, ""5"": 0.03663553422964115}"
control_gain,200,p0.05,nan,1.0,3,0.05,9.950000000000001,10.375,3,17,2075,2075,1.6051902349827163,20,0.7318070538114714,0.014636141076229429,4.511611770226654,14.295476752974919,2.2074529197388775,4.371664661969085,12,"{""0"": 0.015575494987750255, ""1"": 0.012277027279332591, ""2"": 0.0069045172543086035, ""3"": 0.0073477965726582665, ""4"": 0.018961544796713508, ""5"": 0.026750465566613358}"
control_gain,200,p0.05,nan,1.0,3,0.05,9.950000000000001,10.375,3,17,2075,2075,1.6051902349827163,30,0.6699844584160443,0.013399689168320886,12.729243827499703,14.873764877597319,2.2172126499636944,3.7125170269894996,12,"{""0"": 0.010518623211529661, ""1"": 0.009031667461532394, ""2"": 0.008622467443317083, ""3"": 0.01302548879763834, ""4"": 0.013845762314253765, ""5"": 0.02535412578165409}"
control_gain,200,p0.05,nan,1.0,3,0.05,9.950000000000001,10.375,3,17,2075,2075,1.6051902349827163,40,0.557768896122616,0.011155377922452322,42.426370371578535,15.021280231038457,2.081717235677699,3.3149953016262947,12,"{""0"": 0.00633533641642, ""1"": 0.011304337750509303, ""2"": 0.015401260753715462, ""3"": 0.007384555779189554, ""4"": 0.007226049888502386, ""5"": 0.01928072694637722}"
control_gain,200,p0.05,nan,1.0,3,0.05,9.950000000000001,10.375,3,17,2075,2075,1.6051902349827163,50,0.5833381753934744,0.011666763507869491,14.897573538199552,15.627567248572436,2.0929920092262693,4.001201770261664,12,"{""0"": 0.008006010734331201, ""1"": 0.015721320731848697, ""2"": 0.018104882771143267, ""3"": 0.004709303925171909, ""4"": 0.009839461326211251, ""5"": 0.013619601558510632}"
control_gain,200,p0.05,nan,1.0,3,0.05,9.950000000000001,10.375,3,17,2075,2075,1.6051902349827163,60,0.45981217842515487,0.009196243568503099,3.398532666973736,15.88099980605494,2.1299972350453684,3.7465277063564133,13,"{""0"": 0.009623437835402492, ""1"": 0.00400459478532564, ""2"": 0.014708926791454125, ""3"": 0.0043451977261182, ""4"": 0.007514410895248647, ""5"": 0.014980893377469487}"
control_gain,200,p0.05,nan,1.0,3,0.05,9.950000000000001,10.375,3,17,2075,2075,1.6051902349827163,70,0.4912614787378266,0.009825229574756534,6.969967573025135,15.970820764179821,2.1292482363217498,3.5204479131904827,13,"{""0"": 0.012042874232315268, ""1"": 0.00399111566027881, ""2"": 0.014669599771440667, ""3"": 0.003895191115735193, ""4"": 0.005956363656354928, ""5"": 0.018396233012414328}"
control_gain,200,p0.05,nan,1.0,3,0.05,9.950000000000001,10.375,3,17,2075,2075,1.6051902349827163,80,0.48466645233844585,0.009693329046768919,8.431545638083856,16.1653833672275,2.1189731915879593,3.1618207782772787,12,"{""0"": 0.009736378180587231, ""1"": 0.003964995844420456, ""2"": 0.01689388555444183, ""3"": 0.004097184260212179, ""4"": 0.005166853640444479, ""5"": 0.01830067680050733}"
control_gain,200,p0.05,nan,1.0,3,0.05,9.950000000000001,10.375,3,17,2075,2075,1.6051902349827163,90,0.4680527385322567,0.009361054770645135,4.774045375240193,16.336501704656968,2.1092756166667335,3.233212697973765,12,"{""0"": 0.006606843074989271, ""1"": 0.00464348923490112, ""2"": 0.015960533335678366, ""3"": 0.003878070772903803, ""4"": 0.005831182243015349, ""5"": 0.01924620996238291}"
control_gain,200,p0.05,nan,1.0,3,0.05,9.950000000000001,10.375,3,17,2075,2075,1.6051902349827163,100,0.47471943597854677,0.009494388719570937,14.11552881133521,16.345028469572373,2.11675255930131,3.2789835544179122,12,"{""0"": 0.006620304562916771, ""1"": 0.004576363551455917, ""2"": 0.01400094855398903, ""3"": 0.0037238130597954666, ""4"": 0.005864522638707704, ""5"": 0.022180379950560734}"
control_gain,200,p0.05,nan,1.0,3,0.05,9.950000000000001,10.375,3,17,2075,2075,1.6051902349827163,110,0.4459462635015975,0.008918925270031951,17.10026014565279,16.53563123180171,2.1408697014419724,3.3447918011137077,12,"{""0"": 0.006900197363413384, ""1"": 0.0043690849790209586, ""2"": 0.013473993601641495, ""3"": 0.003767602227189258, ""4"": 0.005663289454877464, ""5"": 0.019339383994049143}"
control_gain,200,p0.05,nan,1.0,3,0.05,9.950000000000001,10.375,3,17,2075,2075,1.6051902349827163,120,0.4587350461500676,0.009174700923001353,7.25773472058405,16.62923967116573,2.1429904192540596,3.2962149627560797,12,"{""0"": 0.007438475326337986, ""1"": 0.003983511890682906, ""2"": 0.011987179765426657, ""3"": 0.0037871756836722627, ""4"": 0.005482643786355533, ""5"": 0.022369219085532775}"
control_gain,200,p0.05,nan,1.0,3,0.05,9.950000000000001,10.375,3,17,2075,2075,1.6051902349827163,130,0.47150424421317344,0.00943008488426347,7.0628807574384105,16.72985066086715,2.1441625616357256,3.1400427367137422,12,"{""0"": 0.007567241259724048, ""1"": 0.004141935024021438, ""2"": 0.013996280783225712, ""3"": 0.003685542722438358, ""4"": 0.005265772032927493, ""5"": 0.02192373748324377}"
control_gain,200,p0.05,nan,1.0,3,0.05,9.950000000000001,10.375,3,17,2075,2075,1.6051902349827163,140,0.46426710465157134,0.009285342093031428,23.068599730282642,16.846592411424847,2.1539728631417363,3.3147433657264456,12,"{""0"": 0.00819418100930674, ""1"": 0.003981147412945095, ""2"": 0.011825330084805066, ""3"": 0.0037592019188789176, ""4"": 0.005102770217515451, ""5"": 0.0228494219147373}"
control_gain,200,p0.05,nan,1.0,3,0.05,9.950000000000001,10.375,3,17,2075,2075,1.6051902349827163,150,0.4653156502563686,0.009306313005127374,5.2054891954442954,16.887779468127814,2.147149152911496,3.4152256730502777,12,"{""0"": 0.008728505847742363, ""1"": 0.004064547205126433, ""2"": 0.01094207986452629, ""3"": 0.0035608774738750786, ""4"": 0.005236598872348902, ""5"": 0.023305268767145174}"
control_gain,200,p0.05,nan,1.0,3,0.05,9.950000000000001,10.375,3,17,2075,2075,1.6051902349827163,160,0.4567193399122729,0.00913438679824546,13.669507080431165,16.919831828545185,2.146671143062628,3.374583439518413,12,"{""0"": 0.007734947640623031, ""1"": 0.004001832459474877, ""2"": 0.010534057431052273, ""3"": 0.0035976683577923587, ""4"": 0.005319527061636261, ""5"": 0.023618287838893963}"
control_gain,200,p0.05,nan,1.0,3,0.05,9.950000000000001,10.375,3,17,2075,2075,1.6051902349827163,170,0.41778867094704286,0.008355773418940858,5.945550663099619,17.0075192854731,2.1567462466248473,3.5153121319966414,12,"{""0"": 0.008147836309209632, ""1"": 0.003430578658454405, ""2"": 0.008188662257973574, ""3"": 0.0037197799986600152, ""4"": 0.004662599174333612, ""5"": 0.021985184115013906}"
control_gain,200,p0.05,nan,1.0,3,0.05,9.950000000000001,10.375,3,17,2075,2075,1.6051902349827163,180,0.42006700147512777,0.008401340029502557,15.810095543130135,17.02670948919682,2.1457047659244535,3.532055915413836,12,"{""0"": 0.008447158085794168, ""1"": 0.0036057641555304306, ""2"": 0.008323751162404417, ""3"": 0.0038433473315390627, ""4"": 0.004632557869159427, ""5"": 0.021555461572587826}"
control_gain,200,p0.05,nan,1.0,3,0.05,9.950000000000001,10.375,3,17,2075,2075,1.6051902349827163,190,0.40618134360337643,0.00812362687206753,3.0380067446135555,17.02326974624948,2.1513631383796525,3.4830260982547214,12,"{""0"": 0.007774209845065565, ""1"": 0.0034829502066709658, ""2"": 0.00803282254895394, ""3"": 0.004169466252852761, ""4"": 0.0041455521658377344, ""5"": 0.02113676021302421}"
control_gain,200,p0.05,nan,1.0,3,0.05,9.950000000000001,10.375,3,17,2075,2075,1.6051902349827163,200,0.40759939537683804,0.008151987907536762,12.13841605477608,17.08397004638528,2.160080537048904,3.5347620564322138,12,"{""0"": 0.008422994500287193, ""1"": 0.003393213226498236, ""2"": 0.008067004019427408, ""3"": 0.004064014811013278, ""4"": 0.004164999873539283, ""5"": 0.020799701014455167}"
control_gain,200,p0.10,nan,1.0552933380216967,3,0.1,19.900000000000002,20.3,8,30,4060,2075,1.605190234982719,0,1.0145644938086993,0.020291289876173988,nan,0.0,1.605190234982719,6.0551504598204335,14,"{""0"": 0.021191881279815274, ""1"": 0.01992208924430929, ""2"": 0.018519284681476206, ""3"": 0.02216359046857521, ""4"": 0.01913362266483427, ""5"": 0.020817270918033683}"
control_gain,200,p0.10,nan,1.0552933380216967,3,0.1,19.900000000000002,20.3,8,30,4060,2075,1.605190234982719,10,0.6975017261086995,0.013950034522173993,49.107740850047435,11.018841449278183,2.0066159276104316,1.9451307403922795,8,"{""0"": 0.01081967394327826, ""1"": 0.005350620418577442, ""2"": 0.025856973475061718, ""3"": 0.008190737305398916, ""4"": 0.002630696569732857, ""5"": 0.030851505420994775}"
control_gain,200,p0.10,nan,1.0552933380216967,3,0.1,19.900000000000002,20.3,8,30,4060,2075,1.605190234982719,20,0.7449511075871118,0.014899022151742236,5.399574522135838,13.967139757259273,2.2191571807386925,2.783716807285351,8,"{""0"": 0.022741735282865883, ""1"": 0.008255451418760967, ""2"": 0.01573150511539423, ""3"": 0.0031751273207756532, ""4"": 0.0057125830923137385, ""5"": 0.033777730680342954}"
control_gain,200,p0.10,nan,1.0552933380216967,3,0.1,19.900000000000002,20.3,8,30,4060,2075,1.605190234982719,30,0.6600290908808515,0.01320058181761703,5.611433227918688,14.12752006224486,2.166551136544427,2.5289144313243104,8,"{""0"": 0.016133998401677327, ""1"": 0.004577388736983424, ""2"": 0.013264281021389993, ""3"": 0.004136534240798654, ""4"": 0.0031460211315464796, ""5"": 0.03794526737330631}"
control_gain,200,p0.10,nan,1.0552933380216967,3,0.1,19.900000000000002,20.3,8,30,4060,2075,1.605190234982719,40,0.6454947638927201,0.012909895277854404,37.17096385163843,14.587032949834233,2.161449952222371,2.3700143803775866,9,"{""0"": 0.016582658377120234, ""1"": 0.003942329963557146, ""2"": 0.016375241098354275, ""3"": 0.0032642559544749303, ""4"": 0.004470250875944338, ""5"": 0.03282463539767551}"
control_gain,200,p0.10,nan,1.0552933380216967,3,0.1,19.900000000000002,20.3,8,30,4060,2075,1.605190234982719,50,0.6287828207345588,0.012575656414691178,10.480529315241323,15.077756399400785,2.154967411258613,2.4281799226356884,10,"{""0"": 0.01771573473681782, ""1"": 0.004256595944958284, ""2"": 0.012890612013016788, ""3"": 0.0043456077865629775, ""4"": 0.007199368420150348, ""5"": 0.029046019586640846}"
control_gain,200,p0.10,nan,1.0552933380216967,3,0.1,19.900000000000002,20.3,8,30,4060,2075,1.605190234982719,60,0.588106454448838,0.011762129088976763,1.3374196603069974,15.331365833933127,2.1894214497207094,2.2663843032214244,9,"{""0"": 0.018096492615728488, ""1"": 0.0024298638357542392, ""2"": 0.013886841719687728, ""3"": 0.005276120638614258, ""4"": 0.0021189223788418165, ""5"": 0.028764533345234045}"
control_gain,200,p0.10,nan,1.0552933380216967,3,0.1,19.900000000000002,20.3,8,30,4060,2075,1.605190234982719,70,0.5684061798772257,0.011368123597544516,3.6860981230628576,15.542896754398662,2.2152783746800946,2.248251060369086,8,"{""0"": 0.016236075208898665, ""1"": 0.0017668246919957241, ""2"": 0.014879455291028252, ""3"": 0.004696598810102858, ""4"": 0.0016393169977278969, ""5"": 0.02899047058551369}"
control_gain,200,p0.10,nan,1.0552933380216967,3,0.1,19.900000000000002,20.3,8,30,4060,2075,1.605190234982719,80,0.5713540150176565,0.01142708030035313,1.5288409562094758,15.596576677635868,2.217178499645318,2.274924485411679,8,"{""0"": 0.015505903266347648, ""1"": 0.0017587905744323128, ""2"": 0.015016541113305911, ""3"": 0.00484540941118238, ""4"": 0.0015895017238959773, ""5"": 0.02984633571295454}"
control_gain,200,p0.10,nan,1.0552933380216967,3,0.1,19.900000000000002,20.3,8,30,4060,2075,1.605190234982719,90,0.5607210731391492,0.011214421462782984,1.1820653476836636,15.790324146337149,2.2453923569465415,2.3879518931189243,9,"{""0"": 0.014606290759332452, ""1"": 0.0023545092807622787, ""2"": 0.013603295290614043, ""3"": 0.003881651866019706, ""4"": 0.0017137379833566404, ""5"": 0.031127043596612797}"
control_gain,200,p0.10,nan,1.0552933380216967,3,0.1,19.900000000000002,20.3,8,30,4060,2075,1.605190234982719,100,0.5507200283408155,0.01101440056681631,12.547075930458337,15.948074906524448,2.266991578784724,2.5122594598608896,9,"{""0"": 0.01448702521208751, ""1"": 0.0021803148674564496, ""2"": 0.014010699136515004, ""3"": 0.003559483723894021, ""4"": 0.001796821801739821, ""5"": 0.03005205865920505}"
control_gain,200,p0.10,nan,1.0552933380216967,3,0.1,19.900000000000002,20.3,8,30,4060,2075,1.605190234982719,110,0.5194982766451012,0.010389965532902026,14.797716190270783,16.052765671871406,2.261224274440834,2.551430585373939,9,"{""0"": 0.014569852231851305, ""1"": 0.002459791741440165, ""2"": 0.011127020785882125, ""3"": 0.004050880511829355, ""4"": 0.0021856366780374542, ""5"": 0.027946611248371757}"
control_gain,200,p0.10,nan,1.0552933380216967,3,0.1,19.900000000000002,20.3,8,30,4060,2075,1.605190234982719,120,0.5273942767861195,0.010547885535722392,3.7655179930589604,16.177078575521254,2.2798147468053744,2.4538415615840594,9,"{""0"": 0.015310809001743761, ""1"": 0.0022831767552564724, ""2"": 0.011306577966460743, ""3"": 0.0038716701806864734, ""4"": 0.001988522586609308, ""5"": 0.028526556723577595}"
control_gain,200,p0.10,nan,1.0552933380216967,3,0.1,19.900000000000002,20.3,8,30,4060,2075,1.605190234982719,130,0.5084771948064192,0.010169543896128385,19.117441948952028,16.24462664036788,2.285028897808405,2.5625580031731903,9,"{""0"": 0.01447119313281404, ""1"": 0.0025426142188473867, ""2"": 0.010873342323233667, ""3"": 0.0036947208734942685, ""4"": 0.0020161101480135214, ""5"": 0.02741928268036743}"
control_gain,200,p0.10,nan,1.0552933380216967,3,0.1,19.900000000000002,20.3,8,30,4060,2075,1.605190234982719,140,0.500292905265937,0.01000585810531874,20.30069068183974,16.321241853070287,2.2730593139834006,2.6238893456927967,10,"{""0"": 0.015406948999473518, ""1"": 0.0022946515352357147, ""2"": 0.011180368861789436, ""3"": 0.004351472660058471, ""4"": 0.0019627376236475737, ""5"": 0.02483896895170773}"
control_gain,200,p0.10,nan,1.0552933380216967,3,0.1,19.900000000000002,20.3,8,30,4060,2075,1.605190234982719,150,0.44001442819259573,0.008800288563851916,2.7942952575522386,16.39403283356552,2.2801194219039154,2.8475545751922127,10,"{""0"": 0.015665636163941073, ""1"": 0.002029509956557855, ""2"": 0.01139787792131897, ""3"": 0.003910691726549082, ""4"": 0.002483397588143576, ""5"": 0.017314618026600937}"
control_gain,200,p0.10,nan,1.0552933380216967,3,0.1,19.900000000000002,20.3,8,30,4060,2075,1.605190234982719,160,0.4476788439866103,0.008953576879732207,7.487351385858422,16.473421369856815,2.28750565781736,2.7984701423547214,10,"{""0"": 0.016037186794936542, ""1"": 0.001971617123445015, ""2"": 0.011353970438514735, ""3"": 0.0041884843516208775, ""4"": 0.002129348144075622, ""5"": 0.018040854425800452}"
control_gain,200,p0.10,nan,1.0552933380216967,3,0.1,19.900000000000002,20.3,8,30,4060,2075,1.605190234982719,170,0.44509245837876066,0.008901849167575214,4.598697653283197,16.638324354258284,2.2921308529281075,2.9008422592175913,10,"{""0"": 0.017909759949615738, ""1"": 0.002648923167641286, ""2"": 0.010187450417246677, ""3"": 0.004132931555634068, ""4"": 0.0022430322615799693, ""5"": 0.016288997653733553}"
control_gain,200,p0.10,nan,1.0552933380216967,3,0.1,19.900000000000002,20.3,8,30,4060,2075,1.605190234982719,180,0.4965876064334298,0.009931752128668597,4.289783804214579,16.6878588353367,2.2960666852188307,2.912392052866979,10,"{""0"": 0.022182632871527542, ""1"": 0.0031964716826473837, ""2"": 0.011631850056601006, ""3"": 0.0036634176869588036, ""4"": 0.0024919807351133083, ""5"": 0.016424159739163537}"
control_gain,200,p0.10,nan,1.0552933380216967,3,0.1,19.900000000000002,20.3,8,30,4060,2075,1.605190234982719,190,0.4664039917717879,0.009328079835435758,6.1952519007789535,16.79332798260818,2.304143443922865,3.0310255352925264,10,"{""0"": 0.018394073570832944, ""1"": 0.004516701918692566, ""2"": 0.010003470561146423, ""3"": 0.0037264749574272777, ""4"": 0.0025517595227118584, ""5"": 0.01677599848180348}"
control_gain,200,p0.10,nan,1.0552933380216967,3,0.1,19.900000000000002,20.3,8,30,4060,2075,1.605190234982719,200,0.44354664100229474,0.008870932820045896,1.6140080687769736,16.871565040302155,2.304473409511181,2.976546333902169,10,"{""0"": 0.017781404598589852, ""1"": 0.0031005994598662665, ""2"": 0.010064981670474515, ""3"": 0.003767097193711094, ""4"": 0.002394380678710688, ""5"": 0.016117133318922953}"
control_gain,200,p0.20,nan,1.0432315642813481,3,0.2,39.800000000000004,39.87,24,55,7974,2075,1.6051902349827138,0,1.00751874770393,0.020150374954078603,nan,0.0,1.6051902349827138,5.09256679561176,13,"{""0"": 0.020602562364111687, ""1"": 0.021733398932793628, ""2"": 0.018204492912319743, ""3"": 0.018097126987246505, ""4"": 0.022653040739754073, ""5"": 0.019611627788246}"
control_gain,200,p0.20,nan,1.0432315642813481,3,0.2,39.800000000000004,39.87,24,55,7974,2075,1.6051902349827138,10,0.7640517505810288,0.01528103501162058,13.558763300884436,11.932338421786566,2.0210568950397976,3.0278998085484727,8,"{""0"": 0.012780520385411118, ""1"": 0.0030883343334616405, ""2"": 0.042709309785941445, ""3"": 0.002712514979456196, ""4"": 0.006115800667618091, ""5"": 0.02427972991783498}"
control_gain,200,p0.20,nan,1.0432315642813481,3,0.2,39.800000000000004,39.87,24,55,7974,2075,1.6051902349827138,20,0.737091275282375,0.014741825505647501,0.8045272407143754,13.979936048463761,2.1502824624666186,3.6242172110277244,9,"{""0"": 0.026674996609689455, ""1"": 0.010302083108819313, ""2"": 0.02110492376182367, ""3"": 0.000926273972616043, ""4"": 0.014752329974489008, ""5"": 0.014690345606447521}"
control_gain,200,p0.20,nan,1.0432315642813481,3,0.2,39.800000000000004,39.87,24,55,7974,2075,1.6051902349827138,30,0.5450505349968829,0.01090101069993766,1.4146300274109955,14.03304423386672,1.9000056049253604,3.1558861304584283,8,"{""0"": 0.008064694239818624, ""1"": 0.0035292821632421584, ""2"": 0.025316813768220543, ""3"": 0.00623520896151148, ""4"": 0.008324630777092135, ""5"": 0.013935434289741033}"
control_gain,200,p0.20,nan,1.0432315642813481,3,0.2,39.800000000000004,39.87,24,55,7974,2075,1.6051902349827138,40,0.5521441072568432,0.011042882145136865,7.591311072256129,14.67352806676155,1.9321405437724517,3.1832974166649057,8,"{""0"": 0.004061597481685342, ""1"": 0.004087903095597834, ""2"": 0.028942848553997886, ""3"": 0.010308443346393801, ""4"": 0.007634296249665618, ""5"": 0.011222204143480713}"
control_gain,200,p0.20,nan,1.0432315642813481,3,0.2,39.800000000000004,39.87,24,55,7974,2075,1.6051902349827138,50,0.5207549842096509,0.010415099684193019,2.9547230121662964,15.188205011394189,1.946629947121434,3.3815684515172753,9,"{""0"": 0.004341081293138623, ""1"": 0.006144102849005409, ""2"": 0.028090332006927277, ""3"": 0.009864648354759005, ""4"": 0.009255070521230655, ""5"": 0.004795363080097144}"
control_gain,200,p0.20,nan,1.0432315642813481,3,0.2,39.800000000000004,39.87,24,55,7974,2075,1.6051902349827138,60,0.5060670602403103,0.010121341204806207,2.768095997648063,15.433298430820429,1.9469822509109769,3.455722510849703,9,"{""0"": 0.004789926802655371, ""1"": 0.004229036589970537, ""2"": 0.029218279421716214, ""3"": 0.009285936406039466, ""4"": 0.008165824889266435, ""5"": 0.0050390431191892245}"
control_gain,200,p0.20,nan,1.0432315642813481,3,0.2,39.800000000000004,39.87,24,55,7974,2075,1.6051902349827138,70,0.5011894392515513,0.010023788785031029,4.946948424135806,15.701199181377179,1.9568031092699043,3.3959596213722874,9,"{""0"": 0.004538952063532939, ""1"": 0.00396789378948227, ""2"": 0.02855358371193149, ""3"": 0.00997259674524629, ""4"": 0.007528505867454484, ""5"": 0.005581200532538697}"
control_gain,200,p0.20,nan,1.0432315642813481,3,0.2,39.800000000000004,39.87,24,55,7974,2075,1.6051902349827138,80,0.5491323024176497,0.010982646048352994,5.92309492344431,15.765845414719024,1.9622564629274515,3.3724650244835166,8,"{""0"": 0.003416642120903965, ""1"": 0.0033223620366290897, ""2"": 0.030636360734150055, ""3"": 0.010729805738226858, ""4"": 0.007511456345275657, ""5"": 0.010279249314932341}"
control_gain,200,p0.20,nan,1.0432315642813481,3,0.2,39.800000000000004,39.87,24,55,7974,2075,1.6051902349827138,90,0.525962046510504,0.010519240930210082,4.938415205039882,15.96827902038964,1.9919632228834327,3.437176802457249,9,"{""0"": 0.0033275229532198462, ""1"": 0.0033907468732008545, ""2"": 0.03062910732108496, ""3"": 0.009710338789902294, ""4"": 0.008062692953995127, ""5"": 0.007995036689857422}"
control_gain,200,p0.20,nan,1.0432315642813481,3,0.2,39.800000000000004,39.87,24,55,7974,2075,1.6051902349827138,100,0.501085997803356,0.010021719956067121,29.22032143205268,16.11749165047161,2.020028676141174,3.440848624215612,9,"{""0"": 0.0036251035272804855, ""1"": 0.0035880789908624144, ""2"": 0.028554168327540336, ""3"": 0.009526140586526177, ""4"": 0.0072804985542653435, ""5"": 0.007556329749927973}"
control_gain,200,p0.20,nan,1.0432315642813481,3,0.2,39.800000000000004,39.87,24,55,7974,2075,1.6051902349827138,110,0.5413223431381141,0.010826446862762283,4.2708888156319205,16.036677052380302,1.9973563458628638,3.3696710998775914,9,"{""0"": 0.004206208979108481, ""1"": 0.003780815586151722, ""2"": 0.028282590992047614, ""3"": 0.01120310161422227, ""4"": 0.006984311601601148, ""5"": 0.010501652403442467}"
control_gain,200,p0.20,nan,1.0432315642813481,3,0.2,39.800000000000004,39.87,24,55,7974,2075,1.6051902349827138,120,0.5463511321449621,0.010927022642899244,3.9559643443238834,16.11994541641096,2.0002905539713507,3.360668504378398,9,"{""0"": 0.004096252110794577, ""1"": 0.003431289525200501, ""2"": 0.02845054946995886, ""3"": 0.011889136438335375, ""4"": 0.006876793205696544, ""5"": 0.010818115107409607}"
control_gain,200,p0.20,nan,1.0432315642813481,3,0.2,39.800000000000004,39.87,24,55,7974,2075,1.6051902349827138,130,0.5434829173830155,0.01086965834766031,9.096107369255344,16.21682567286541,2.006070289694774,3.3655711097255208,9,"{""0"": 0.004018224592232944, ""1"": 0.003070792121826249, ""2"": 0.028849163046858695, ""3"": 0.01177438810745693, ""4"": 0.006751035120057936, ""5"": 0.010754347097529105}"
control_gain,200,p0.20,nan,1.0432315642813481,3,0.2,39.800000000000004,39.87,24,55,7974,2075,1.6051902349827138,140,0.562276191431756,0.011245523828635121,2.405277446200043,16.22467490386207,2.0087875847741214,3.2984691082103996,9,"{""0"": 0.004010715879513037, ""1"": 0.0030213657287802595, ""2"": 0.02994151349314707, ""3"": 0.012162729577240582, ""4"": 0.00717312382320368, ""5"": 0.011163694469926091}"
control_gain,200,p0.20,nan,1.0432315642813481,3,0.2,39.800000000000004,39.87,24,55,7974,2075,1.6051902349827138,150,0.5860763629967833,0.01172152725993567,3.2193972953291983,16.37048353248425,2.011846148472959,3.356656772044821,9,"{""0"": 0.004296902014972393, ""1"": 0.0033393347577376268, ""2"": 0.028417315308631737, ""3"": 0.016158720115946112, ""4"": 0.007368277511158983, ""5"": 0.010748613851167165}"
control_gain,200,p0.20,nan,1.0432315642813481,3,0.2,39.800000000000004,39.87,24,55,7974,2075,1.6051902349827138,160,0.5899042955445334,0.01179808591089067,3.7681085583890725,16.466366336613927,2.0187589427056465,3.3665460594729764,9,"{""0"": 0.0042927510708753855, ""1"": 0.0037530662382393998, ""2"": 0.02829494385729933, ""3"": 0.0163591434020373, ""4"": 0.007335438653738047, ""5"": 0.010753172243154554}"
control_gain,200,p0.20,nan,1.0432315642813481,3,0.2,39.800000000000004,39.87,24,55,7974,2075,1.6051902349827138,170,0.5767220495232737,0.011534440990465475,3.6287422408905994,16.579667228280744,2.0344520414271745,3.47819392356995,10,"{""0"": 0.004828264847966773, ""1"": 0.004485306241052614, ""2"": 0.026024952406027736, ""3"": 0.016175315604016183, ""4"": 0.00799641928121716, ""5"": 0.009696387562512388}"
control_gain,200,p0.20,nan,1.0432315642813481,3,0.2,39.800000000000004,39.87,24,55,7974,2075,1.6051902349827138,180,0.5736472571675154,0.011472945143350309,44.128131374523484,16.626993654402707,2.0421046423645124,3.439092488011912,10,"{""0"": 0.00503482052534626, ""1"": 0.004688623039150287, ""2"": 0.02567302333428132, ""3"": 0.016242025825212815, ""4"": 0.00818508375030668, ""5"": 0.009014094385804491}"
control_gain,200,p0.20,nan,1.0432315642813481,3,0.2,39.800000000000004,39.87,24,55,7974,2075,1.6051902349827138,190,0.5478574538248997,0.010957149076497995,5.166419684477584,16.648353308829257,2.0399692558034883,3.48946043110203,10,"{""0"": 0.005188877580244103, ""1"": 0.0047302122854689386, ""2"": 0.024163561387823117, ""3"": 0.015835852875809443, ""4"": 0.00798333591686141, ""5"": 0.007841054412780955}"
control_gain,200,p0.20,nan,1.0432315642813481,3,0.2,39.800000000000004,39.87,24,55,7974,2075,1.6051902349827138,200,0.5498455393060689,0.01099691078612138,2.929844812397376,16.65895442836151,2.036700247908364,3.424998714085197,10,"{""0"": 0.005611083607045543, ""1"": 0.004827707389599236, ""2"": 0.02465824479808184, ""3"": 0.014994847861443696, ""4"": 0.007718494277319637, ""5"": 0.008171086783238328}"
control_gain,200,p0.40,nan,0.9907733032914643,3,0.4,79.60000000000001,79.135,60,97,15827,2075,1.6051902349827234,0,0.9818871723234307,0.019637743446468615,nan,0.0,1.6051902349827234,7.664292217480331,14,"{""0"": 0.016545861837116364, ""1"": 0.02137153215470673, ""2"": 0.0199258986777814, ""3"": 0.020485670292548608, ""4"": 0.019185995292593204, ""5"": 0.020311502424065386}"
control_gain,200,p0.40,nan,0.9907733032914643,3,0.4,79.60000000000001,79.135,60,97,15827,2075,1.6051902349827234,10,0.6961216407304552,0.013922432814609106,16.444342327348465,11.367710003380191,1.9524873127206768,2.7579945616822656,9,"{""0"": 0.015924435810100817, ""1"": 0.0054975562415221675, ""2"": 0.02030476984299595, ""3"": 0.011466290531330373, ""4"": 0.0069463622826556074, ""5"": 0.023395182179049727}"
control_gain,200,p0.40,nan,0.9907733032914643,3,0.4,79.60000000000001,79.135,60,97,15827,2075,1.6051902349827234,20,0.6309357829131617,0.012618715658263235,3.8138296463912202,13.560681249339304,1.981865085043193,3.336379751839027,10,"{""0"": 0.015550700784426089, ""1"": 0.006911330165559029, ""2"": 0.014059190869833987, ""3"": 0.012041992570690269, ""4"": 0.0038982403015101127, ""5"": 0.023250839257559924}"
control_gain,200,p0.40,nan,0.9907733032914643,3,0.4,79.60000000000001,79.135,60,97,15827,2075,1.6051902349827234,30,0.7507107895354104,0.01501421579070821,3.7127531398393536,13.916918072568501,2.000109444229432,3.874179549838741,10,"{""0"": 0.01804947377260121, ""1"": 0.00899019590144266, ""2"": 0.015847693379377005, ""3"": 0.009190459149555606, ""4"": 0.005700884164903268, ""5"": 0.03230658837636951}"
control_gain,200,p0.40,nan,0.9907733032914643,3,0.4,79.60000000000001,79.135,60,97,15827,2075,1.6051902349827234,40,0.7325194986823519,0.014650389973647041,37.079114848031374,14.18520452847049,1.983497938702297,3.3857599428963514,10,"{""0"": 0.02235880138065701, ""1"": 0.008882854870959897, ""2"": 0.028544169667133967, ""3"": 0.010289242881165893, ""4"": 0.007485140154231742, ""5"": 0.010342130887733721}"
control_gain,200,p0.40,nan,0.9907733032914643,3,0.4,79.60000000000001,79.135,60,97,15827,2075,1.6051902349827234,50,0.8101408411828929,0.01620281682365786,27.936567927687108,14.735054814831507,1.9869831542295586,3.230484747870249,9,"{""0"": 0.028453682561087112, ""1"": 0.009839023611617809, ""2"": 0.018964866375340967, ""3"": 0.010090514355580574, ""4"": 0.009934860873993215, ""5"": 0.01993395316432748}"
control_gain,200,p0.40,nan,0.9907733032914643,3,0.4,79.60000000000001,79.135,60,97,15827,2075,1.6051902349827234,60,0.7138760365316535,0.014277520730633073,1.982327534803256,14.85217760115336,1.960398904432326,3.5225458352649333,10,"{""0"": 0.021443005716908548, ""1"": 0.008032946254227014, ""2"": 0.0175306908454776, ""3"": 0.006952466332501123, ""4"": 0.007381215458046805, ""5"": 0.024324799776637346}"
control_gain,200,p0.40,nan,0.9907733032914643,3,0.4,79.60000000000001,79.135,60,97,15827,2075,1.6051902349827234,70,0.7010215742748102,0.014020431485496206,8.381186816752965,14.940060241555356,1.9728837891370836,3.442781123989229,10,"{""0"": 0.023145836848339225, ""1"": 0.007690801967594657, ""2"": 0.022308966556309574, ""3"": 0.006978790418586241, ""4"": 0.005766113584091781, ""5"": 0.01823207953805576}"
control_gain,200,p0.40,nan,0.9907733032914643,3,0.4,79.60000000000001,79.135,60,97,15827,2075,1.6051902349827234,80,0.6243941841933432,0.012487883683866868,1.5837023356264615,14.798973768832875,1.9474387560702597,3.0282050178128066,10,"{""0"": 0.014559387375519348, ""1"": 0.007072591798750497, ""2"": 0.02343580480427651, ""3"": 0.006427958805516032, ""4"": 0.003733223770313462, ""5"": 0.019698335548825347}"
control_gain,200,p0.40,nan,0.9907733032914643,3,0.4,79.60000000000001,79.135,60,97,15827,2075,1.6051902349827234,90,0.5828389984339863,0.011656779968679728,19.996680736974838,14.956953927600058,1.9896328841761965,2.8322949406941165,10,"{""0"": 0.012644766748071573, ""1"": 0.006387235710213536, ""2"": 0.023164765156884242, ""3"": 0.004623803844458599, ""4"": 0.0036349759110430833, ""5"": 0.01948513244140733}"
control_gain,200,p0.40,nan,0.9907733032914643,3,0.4,79.60000000000001,79.135,60,97,15827,2075,1.6051902349827234,100,0.5723776170514333,0.011447552341028667,21.22922594038259,15.039738103396695,2.02792886262594,3.348917081674366,11,"{""0"": 0.013239554366286103, ""1"": 0.0074849613070501475, ""2"": 0.02018265165664081, ""3"": 0.003976523637647765, ""4"": 0.0029959577821236038, ""5"": 0.020805665296423574}"
control_gain,200,p0.40,nan,0.9907733032914643,3,0.4,79.60000000000001,79.135,60,97,15827,2075,1.6051902349827234,110,0.5454482863488784,0.01090896572697757,5.444023302786183,15.19481149208598,2.042686514248251,3.2769209043018908,11,"{""0"": 0.013254891956552592, ""1"": 0.006911710899861602, ""2"": 0.019071865617069177, ""3"": 0.003887389236154501, ""4"": 0.0032611451850142656, ""5"": 0.019066791467213275}"
control_gain,200,p0.40,nan,0.9907733032914643,3,0.4,79.60000000000001,79.135,60,97,15827,2075,1.6051902349827234,120,0.6001950556682653,0.012003901113365306,52.87005623453598,15.233619362086298,2.0393013196910705,3.614889023127889,12,"{""0"": 0.012460428061925904, ""1"": 0.009215874360297832, ""2"": 0.02162740721193258, ""3"": 0.006052038020109977, ""4"": 0.0031335428963741425, ""5"": 0.0195341161295514}"
control_gain,200,p0.40,nan,0.9907733032914643,3,0.4,79.60000000000001,79.135,60,97,15827,2075,1.6051902349827234,130,0.5843450635612912,0.011686901271225826,4.159235202723804,15.299227714720713,2.040510883989121,3.5317534703403415,12,"{""0"": 0.01177535167662654, ""1"": 0.0090527316277438, ""2"": 0.02119522847629126, ""3"": 0.005297711577309103, ""4"": 0.00346705106407815, ""5"": 0.019333333205306103}"
control_gain,200,p0.40,nan,0.9907733032914643,3,0.4,79.60000000000001,79.135,60,97,15827,2075,1.6051902349827234,140,0.5826749546884399,0.0116534990937688,11.061104294945773,15.418811384057523,2.003208024627619,3.5480052971224194,12,"{""0"": 0.01104849651780718, ""1"": 0.008426281964067254, ""2"": 0.021640872818691145, ""3"": 0.004346174045661905, ""4"": 0.0037781652881658397, ""5"": 0.02068100392821947}"
control_gain,200,p0.40,nan,0.9907733032914643,3,0.4,79.60000000000001,79.135,60,97,15827,2075,1.6051902349827234,150,0.5805851576770374,0.011611703153540749,2.580370872957649,15.438608944115757,1.9966928630008693,3.5323423800787666,12,"{""0"": 0.009634977695914372, ""1"": 0.008516867064490747, ""2"": 0.021857003886722202, ""3"": 0.0037231231368079994, ""4"": 0.004196904019389344, ""5"": 0.021741343117919847}"
control_gain,200,p0.40,nan,0.9907733032914643,3,0.4,79.60000000000001,79.135,60,97,15827,2075,1.6051902349827234,160,0.5597267188338928,0.011194534376677856,7.922628528788014,15.477198875809325,1.9910409850375848,3.481565883807045,12,"{""0"": 0.008816462178198755, ""1"": 0.0077449676259501955, ""2"": 0.021618475476385075, ""3"": 0.0029986786801731195, ""4"": 0.004514543540032487, ""5"": 0.021474078759327515}"
control_gain,200,p0.40,nan,0.9907733032914643,3,0.4,79.60000000000001,79.135,60,97,15827,2075,1.6051902349827234,170,0.5492047559350265,0.010984095118700531,8.819673169688961,15.483885330611978,1.972094793029638,3.6114247890041087,12,"{""0"": 0.00957464647153937, ""1"": 0.008124654167278455, ""2"": 0.020419852980817523, ""3"": 0.0035833293264867887, ""4"": 0.004258591610384192, ""5"": 0.019943496155696853}"
control_gain,200,p0.40,nan,0.9907733032914643,3,0.4,79.60000000000001,79.135,60,97,15827,2075,1.6051902349827234,180,0.5257660556326047,0.010515321112652097,9.448291595742752,15.486488021540618,1.9618573332585687,3.816871387685754,12,"{""0"": 0.009788160207968136, ""1"": 0.008319591638330378, ""2"": 0.017257553798507522, ""3"": 0.0037935249849727322, ""4"": 0.004437731384000794, ""5"": 0.019495364662133016}"
control_gain,200,p0.40,nan,0.9907733032914643,3,0.4,79.60000000000001,79.135,60,97,15827,2075,1.6051902349827234,190,0.518120109110919,0.010362402182218382,2.9515725532200245,15.497463759806553,1.9510566536953264,4.043124223368312,13,"{""0"": 0.009890051538195416, ""1"": 0.007936637584955915, ""2"": 0.014619119080225165, ""3"": 0.0047873806982909935, ""4"": 0.0043819525293870365, ""5"": 0.020559271662255765}"
control_gain,200,p0.40,nan,0.9907733032914643,3,0.4,79.60000000000001,79.135,60,97,15827,2075,1.6051902349827234,200,0.5030680565246474,0.01006136113049295,15.258140097042013,15.565917060747534,1.960131807582034,3.966555850673527,13,"{""0"": 0.009977666803437518, ""1"": 0.007950998261077381, ""2"": 0.015524668835718356, ""3"": 0.0038813732986541782, ""4"": 0.004328359368358741, ""5"": 0.018705100215711513}"
control_gain,200,p0.05,nan,1.0,4,0.05,9.950000000000001,9.82,4,19,1964,1964,1.5874030774091823,0,1.0199343729069896,0.020398687458139792,nan,0.0,1.5874030774091823,5.437183027688483,13,"{""0"": 0.01978109192305775, ""1"": 0.019917645612646938, ""2"": 0.020663709362560186, ""3"": 0.020111114563705165, ""4"": 0.020346339013061616, ""5"": 0.02157222427380711}"
control_gain,200,p0.05,nan,1.0,4,0.05,9.950000000000001,9.82,4,19,1964,1964,1.5874030774091823,10,0.6265445955163633,0.012530891910327269,17.93385511695875,13.128869821216801,1.8485438345778584,2.311245439773274,6,"{""0"": 0.008933769131511879, ""1"": 0.01875916020226561, ""2"": 0.005527566080878092, ""3"": 0.01688014217210484, ""4"": 0.02017109542056804, ""5"": 0.004913618454635137}"
control_gain,200,p0.05,nan,1.0,4,0.05,9.950000000000001,9.82,4,19,1964,1964,1.5874030774091823,20,0.45504963883728267,0.009100992776745654,19.144019168533784,14.330500535079018,1.8345748929571541,2.4815428656922927,8,"{""0"": 0.007475807119215848, ""1"": 0.013974542416616793, ""2"": 0.006079958108264677, ""3"": 0.010128275141196932, ""4"": 0.01454336359072087, ""5"": 0.0024040102844588057}"
control_gain,200,p0.05,nan,1.0,4,0.05,9.950000000000001,9.82,4,19,1964,1964,1.5874030774091823,30,0.36279759316131505,0.007255951863226302,3.0011117300473864,14.807482232726562,1.8743667336917973,2.923706305948734,7,"{""0"": 0.00525253182826365, ""1"": 0.005595741033821911, ""2"": 0.010513980797934159, ""3"": 0.010600616129040948, ""4"": 0.009575363068882535, ""5"": 0.001997478321414615}"
control_gain,200,p0.05,nan,1.0,4,0.05,9.950000000000001,9.82,4,19,1964,1964,1.5874030774091823,40,0.3060444113879535,0.006120888227759071,2.972798004392198,15.391819803147115,1.9275224765428405,2.9693419681788096,7,"{""0"": 0.004448799766468893, ""1"": 0.0026522105787162333, ""2"": 0.008678764927957968, ""3"": 0.013553876104935586, ""4"": 0.005343221782371462, ""5"": 0.002048456206104279}"
control_gain,200,p0.05,nan,1.0,4,0.05,9.950000000000001,9.82,4,19,1964,1964,1.5874030774091823,50,0.3188420581938061,0.006376841163876124,1.4055366629598027,15.814623924964708,1.9268096626693927,2.967189170025811,7,"{""0"": 0.0050133461576165154, ""1"": 0.002846917319859026, ""2"": 0.010968194502614256, ""3"": 0.011598009086388633, ""4"": 0.006361319079665565, ""5"": 0.001473260837112749}"
control_gain,200,p0.05,nan,1.0,4,0.05,9.950000000000001,9.82,4,19,1964,1964,1.5874030774091823,60,0.32003463287629025,0.006400692657525806,43.64517902770189,16.41707007093477,1.9843991775691747,3.0664736686364966,8,"{""0"": 0.004335195859108659, ""1"": 0.005501116355203109, ""2"": 0.012186285970173651, ""3"": 0.0078123161157073445, ""4"": 0.006634503207149828, ""5"": 0.001934738437812248}"
control_gain,200,p0.05,nan,1.0,4,0.05,9.950000000000001,9.82,4,19,1964,1964,1.5874030774091823,70,0.3068006119304266,0.006136012238608533,1.3894171137750493,16.57394984044669,1.9312996976726349,3.314181791658207,8,"{""0"": 0.002334684302868918, ""1"": 0.005101840624100454, ""2"": 0.01443949132385861, ""3"": 0.005956798083566863, ""4"": 0.006897243871209885, ""5"": 0.0020860152260464672}"
control_gain,200,p0.05,nan,1.0,4,0.05,9.950000000000001,9.82,4,19,1964,1964,1.5874030774091823,80,0.3006898456747651,0.006013796913495302,4.0706778534540495,16.79637368187931,1.9598515147794218,3.327837452366908,8,"{""0"": 0.0020603207823379926, ""1"": 0.003975118756779004, ""2"": 0.015143648796801685, ""3"": 0.0066653904209300775, ""4"": 0.005962858708013507, ""5"": 0.002275444016109545}"
control_gain,200,p0.05,nan,1.0,4,0.05,9.950000000000001,9.82,4,19,1964,1964,1.5874030774091823,90,0.31007578239067146,0.00620151564781343,1.1833908946616214,16.996629312175834,2.0207187325712597,3.3110029272656663,8,"{""0"": 0.003495044854493084, ""1"": 0.003815389399333321, ""2"": 0.015453616642850384, ""3"": 0.006611764749161121, ""4"": 0.005477281240632273, ""5"": 0.002355997000410402}"
control_gain,200,p0.05,nan,1.0,4,0.05,9.950000000000001,9.82,4,19,1964,1964,1.5874030774091823,100,0.308931084034015,0.006178621680680301,1.2574785740720469,17.06660222804825,2.054778847744662,3.293016953215663,8,"{""0"": 0.003944341821226434, ""1"": 0.0024444460269813745, ""2"": 0.015484197835783347, ""3"": 0.007688442028252393, ""4"": 0.00550388403333852, ""5"": 0.0020064183384997337}"
control_gain,200,p0.05,nan,1.0,4,0.05,9.950000000000001,9.82,4,19,1964,1964,1.5874030774091823,110,0.29269259865547215,0.005853851973109444,2.5572317609909607,17.181304097104604,1.9964085012917536,3.234052781511585,7,"{""0"": 0.0032081785907945733, ""1"": 0.001969504256269441, ""2"": 0.01473441723764122, ""3"": 0.007998296033915582, ""4"": 0.004993807834364937, ""5"": 0.002218907885670907}"
control_gain,200,p0.05,nan,1.0,4,0.05,9.950000000000001,9.82,4,19,1964,1964,1.5874030774091823,120,0.2774300039785006,0.005548600079570013,1.593354256102693,17.165569119034398,2.002659402689024,3.1285007182263995,7,"{""0"": 0.003429197853115357, ""1"": 0.0013815388875661107, ""2"": 0.011500795125270264, ""3"": 0.010355295210338629, ""4"": 0.003944656599091259, ""5"": 0.0026801168020384536}"
control_gain,200,p0.05,nan,1.0,4,0.05,9.950000000000001,9.82,4,19,1964,1964,1.5874030774091823,130,0.27927698743693535,0.005585539748738708,5.608200736962329,17.18316445291624,2.009602149091325,3.073624267613097,7,"{""0"": 0.0033769704472148415, ""1"": 0.00108020854295102, ""2"": 0.011353234973483993, ""3"": 0.011498343240111342, ""4"": 0.003407142892163398, ""5"": 0.0027973383965076547}"
control_gain,200,p0.05,nan,1.0,4,0.05,9.950000000000001,9.82,4,19,1964,1964,1.5874030774091823,140,0.27603324636947923,0.005520664927389585,9.645908086243587,17.293361515920697,2.0090756742706284,3.0803484706819626,7,"{""0"": 0.0030753502391142745, ""1"": 0.0008882241468671108, ""2"": 0.011518480757827146, ""3"": 0.011265127492774144, ""4"": 0.003184724729811357, ""5"": 0.00319208219794348}"
control_gain,200,p0.05,nan,1.0,4,0.05,9.950000000000001,9.82,4,19,1964,1964,1.5874030774091823,150,0.29175756946261827,0.005835151389252366,1.0858558024763574,17.42990053840986,2.011408863730376,3.12192844906725,7,"{""0"": 0.002404221520820462, ""1"": 0.000881116661347938, ""2"": 0.01366003596015034, ""3"": 0.011127823151681173, ""4"": 0.003431547113102591, ""5"": 0.0035061639284116896}"
control_gain,200,p0.05,nan,1.0,4,0.05,9.950000000000001,9.82,4,19,1964,1964,1.5874030774091823,160,0.2766498645821634,0.005532997291643269,0.7214715817892257,17.391351646885408,2.0026464617260364,3.103733958530022,7,"{""0"": 0.002547773655854327, ""1"": 0.0009537354466794655, ""2"": 0.011977436262668685, ""3"": 0.011583226559236917, ""4"": 0.003099001535332959, ""5"": 0.0030368102900872602}"
control_gain,200,p0.05,nan,1.0,4,0.05,9.950000000000001,9.82,4,19,1964,1964,1.5874030774091823,170,0.28651876823103134,0.005730375364620627,3.968883570704022,17.455821041546663,2.0106828972961073,3.1359043228278956,7,"{""0"": 0.0024718230578793907, ""1"": 0.0009761223322462369, ""2"": 0.013727422793051105, ""3"": 0.010858608099742371, ""4"": 0.003344122108500008, ""5"": 0.0030041537963046505}"
control_gain,200,p0.05,nan,1.0,4,0.05,9.950000000000001,9.82,4,19,1964,1964,1.5874030774091823,180,0.2760932755792796,0.005521865511585592,7.923253189580457,17.509534898449584,2.0129995005070853,3.12749280183835,7,"{""0"": 0.002484207651850083, ""1"": 0.0010643838847133303, ""2"": 0.011259925990434511, ""3"": 0.011247082138085635, ""4"": 0.0037949278817830173, ""5"": 0.0032806655226469785}"
control_gain,200,p0.05,nan,1.0,4,0.05,9.950000000000001,9.82,4,19,1964,1964,1.5874030774091823,190,0.26953647470893843,0.0053907294941787694,3.9969633288302746,17.622772683447057,2.0187577349968056,3.1176562082537957,7,"{""0"": 0.002425690736014232, ""1"": 0.0010514161859859778, ""2"": 0.011016839047463495, ""3"": 0.01060700693535617, ""4"": 0.003931320013819782, ""5"": 0.0033121040464329636}"
control_gain,200,p0.05,nan,1.0,4,0.05,9.950000000000001,9.82,4,19,1964,1964,1.5874030774091823,200,0.2706458599473256,0.005412917198946513,6.599851001937111,17.69887607675572,2.0237514453746392,3.1291551703383584,7,"{""0"": 0.002502084565195731, ""1"": 0.0010877069587643502, ""2"": 0.011676733465214622, ""3"": 0.010078826315094196, ""4"": 0.003897020863798191, ""5"": 0.003235131025611986}"
control_gain,200,p0.10,nan,1.0302470543200697,4,0.1,19.900000000000002,19.945,10,33,3989,1964,1.587403077409184,0,1.034940880871027,0.02069881761742054,nan,0.0,1.587403077409184,7.250775684634329,13,"{""0"": 0.01963193207165418, ""1"": 0.02250446653785105, ""2"": 0.02061311086546161, ""3"": 0.019524288107140405, ""4"": 0.022008990735727235, ""5"": 0.01991011738668877}"
control_gain,200,p0.10,nan,1.0302470543200697,4,0.1,19.900000000000002,19.945,10,33,3989,1964,1.587403077409184,10,0.9272941373090241,0.018545882746180485,16.13732690590968,14.696772566779199,2.011657584233976,4.161439177083958,14,"{""0"": 0.009313675662677016, ""1"": 0.01578907824766837, ""2"": 0.01779375222648604, ""3"": 0.031687507940029766, ""4"": 0.013641296689633552, ""5"": 0.023049985710588156}"
control_gain,200,p0.10,nan,1.0302470543200697,4,0.1,19.900000000000002,19.945,10,33,3989,1964,1.587403077409184,20,0.6005361353649367,0.012010722707298735,1.2751888876807327,15.908815899298746,2.112565136387602,4.393435175576606,15,"{""0"": 0.009005252655206047, ""1"": 0.007869991561620408, ""2"": 0.012964040642864397, ""3"": 0.01311867863059293, ""4"": 0.01474455024877466, ""5"": 0.014361822504733963}"
control_gain,200,p0.10,nan,1.0302470543200697,4,0.1,19.900000000000002,19.945,10,33,3989,1964,1.587403077409184,30,0.6629801349455215,0.013259602698910432,14.219359499519424,16.030651649663955,2.1199500015122226,4.590082704936049,14,"{""0"": 0.006071894240243521, ""1"": 0.0072361221044667775, ""2"": 0.019541495339806116, ""3"": 0.01757561088276282, ""4"": 0.01566108452158666, ""5"": 0.013471409104596687}"
control_gain,200,p0.10,nan,1.0302470543200697,4,0.1,19.900000000000002,19.945,10,33,3989,1964,1.587403077409184,40,0.6197005402879785,0.01239401080575957,6.476934913102305,16.354957645497326,2.1509796320392374,4.862346174832717,14,"{""0"": 0.006591442227929155, ""1"": 0.0039005469352142844, ""2"": 0.016786914322111268, ""3"": 0.02291653436616623, ""4"": 0.012571001159136471, ""5"": 0.011597625824000018}"
control_gain,200,p0.10,nan,1.0302470543200697,4,0.1,19.900000000000002,19.945,10,33,3989,1964,1.587403077409184,50,0.5650632806106777,0.011301265612213555,18.60570161808768,16.527318489458352,2.1669139843189025,4.896582623433869,16,"{""0"": 0.007275760938103029, ""1"": 0.003701232508181566, ""2"": 0.009083388746152372, ""3"": 0.020392525795567773, ""4"": 0.018073509403951513, ""5"": 0.00928117628132508}"
control_gain,200,p0.10,nan,1.0302470543200697,4,0.1,19.900000000000002,19.945,10,33,3989,1964,1.587403077409184,60,0.5894723323964589,0.01178944664792918,43.377843224680866,16.59699630626824,2.1698025552229185,4.666068190307302,15,"{""0"": 0.01110834563514016, ""1"": 0.005325599558247329, ""2"": 0.011251558401310067, ""3"": 0.017411641106040952, ""4"": 0.015572811917076957, ""5"": 0.01006672326975962}"
control_gain,200,p0.10,nan,1.0302470543200697,4,0.1,19.900000000000002,19.945,10,33,3989,1964,1.587403077409184,70,0.5289796551630892,0.010579593103261786,9.481691027036124,16.68342207402689,2.1664902203729595,4.584845133600431,15,"{""0"": 0.009893285019720949, ""1"": 0.005714721881107601, ""2"": 0.010355831845093179, ""3"": 0.012707360834783004, ""4"": 0.015252035624862265, ""5"": 0.009554323414003717}"
control_gain,200,p0.10,nan,1.0302470543200697,4,0.1,19.900000000000002,19.945,10,33,3989,1964,1.587403077409184,80,0.5421921479946684,0.010843842959893369,20.156065864078546,16.51575428920421,2.1690269819837162,4.989681709221543,16,"{""0"": 0.009939786221594322, ""1"": 0.006521375423376203, ""2"": 0.01049450442811167, ""3"": 0.015739636785167176, ""4"": 0.014492925405204873, ""5"": 0.007874829495905969}"
control_gain,200,p0.10,nan,1.0302470543200697,4,0.1,19.900000000000002,19.945,10,33,3989,1964,1.587403077409184,90,0.5023993611385276,0.010047987222770553,21.915440597409216,16.643677797256515,2.1638902087512477,4.825832028043684,16,"{""0"": 0.00939579898601581, ""1"": 0.005355874041191722, ""2"": 0.008051953685073063, ""3"": 0.016204842020928818, ""4"": 0.014742840968325965, ""5"": 0.006536613635087944}"
control_gain,200,p0.10,nan,1.0302470543200697,4,0.1,19.900000000000002,19.945,10,33,3989,1964,1.587403077409184,100,0.4973374050239432,0.009946748100478865,9.576670120746611,16.707968856076405,2.164494021437992,4.907695534282301,16,"{""0"": 0.00998293853004008, ""1"": 0.005333849148255132, ""2"": 0.008671025959327278, ""3"": 0.01642122781838888, ""4"": 0.01297645129848421, ""5"": 0.006294995848377613}"
control_gain,200,p0.10,nan,1.0302470543200697,4,0.1,19.900000000000002,19.945,10,33,3989,1964,1.587403077409184,110,0.47543018706884677,0.009508603741376936,3.995228696158985,16.738718737781223,2.1592624031732175,5.052991190785584,16,"{""0"": 0.00898235496012095, ""1"": 0.0047333503313823095, ""2"": 0.009305316275024528, ""3"": 0.016848785343739937, ""4"": 0.011000233609833099, ""5"": 0.006181581928160795}"
control_gain,200,p0.10,nan,1.0302470543200697,4,0.1,19.900000000000002,19.945,10,33,3989,1964,1.587403077409184,120,0.4785782941307649,0.0095715658826153,9.949883626471145,16.832012060824724,2.1597417826024863,4.739029509167416,15,"{""0"": 0.010692317735123132, ""1"": 0.00334110933707839, ""2"": 0.00878783666864417, ""3"": 0.02078127137852453, ""4"": 0.007998200636260715, ""5"": 0.005828659540060853}"
control_gain,200,p0.10,nan,1.0302470543200697,4,0.1,19.900000000000002,19.945,10,33,3989,1964,1.587403077409184,130,0.47448122035277013,0.009489624407055404,9.038961613312392,16.902067063532076,2.158929307636379,4.606284646658513,14,"{""0"": 0.01063289069426351, ""1"": 0.002978023297627496, ""2"": 0.008781685757424582, ""3"": 0.02169316997529058, ""4"": 0.006990337276036608, ""5"": 0.005861639441689643}"
control_gain,200,p0.10,nan,1.0302470543200697,4,0.1,19.900000000000002,19.945,10,33,3989,1964,1.587403077409184,140,0.45188146786361744,0.009037629357272349,38.831185292479724,16.92714924916651,2.166274135222598,4.474131485936197,14,"{""0"": 0.010304053213194938, ""1"": 0.0022299026338427693, ""2"": 0.0089274265414932, ""3"": 0.02001000663234611, ""4"": 0.006567658422722075, ""5"": 0.006186728700035006}"
control_gain,200,p0.10,nan,1.0302470543200697,4,0.1,19.900000000000002,19.945,10,33,3989,1964,1.587403077409184,150,0.4394287129238434,0.008788574258476869,6.999995331548526,16.90515358722577,2.1600204874168507,4.450226383206964,14,"{""0"": 0.009933717416211924, ""1"": 0.0022242532613689723, ""2"": 0.009649083370271054, ""3"": 0.017898998463375816, ""4"": 0.006684165744951352, ""5"": 0.006341227294682092}"
control_gain,200,p0.10,nan,1.0302470543200697,4,0.1,19.900000000000002,19.945,10,33,3989,1964,1.587403077409184,160,0.43315757095484264,0.008663151419096854,6.757682191725203,16.90354835068038,2.157426818348596,4.431778268036801,14,"{""0"": 0.009678761706662174, ""1"": 0.002166697094235336, ""2"": 0.010288927970690847, ""3"": 0.017466505347710798, ""4"": 0.006214886661730588, ""5"": 0.006163129733551371}"
control_gain,200,p0.10,nan,1.0302470543200697,4,0.1,19.900000000000002,19.945,10,33,3989,1964,1.587403077409184,170,0.428312874198972,0.00856625748397944,7.3044387483836815,16.973051599410354,2.1623635745459406,4.486626578173948,14,"{""0"": 0.009369019816279484, ""1"": 0.0021255008073527396, ""2"": 0.010545208737884998, ""3"": 0.017383110850859054, ""4"": 0.006397543851580925, ""5"": 0.005577160839919455}"
control_gain,200,p0.10,nan,1.0302470543200697,4,0.1,19.900000000000002,19.945,10,33,3989,1964,1.587403077409184,180,0.42988830117420174,0.008597766023484036,4.502107855510142,17.063742187788204,2.1633009116162354,4.55550491431678,14,"{""0"": 0.009682122331784004, ""1"": 0.002190638157507978, ""2"": 0.010287267686184263, ""3"": 0.017922800756914204, ""4"": 0.006388365006519371, ""5"": 0.005115402201994393}"
control_gain,200,p0.10,nan,1.0302470543200697,4,0.1,19.900000000000002,19.945,10,33,3989,1964,1.587403077409184,190,0.43156379704351683,0.008631275940870337,1.3343334491113301,17.097701526185347,2.162012438214595,4.640987133322952,14,"{""0"": 0.010160309779058367, ""1"": 0.0027165878597719905, ""2"": 0.010624976462744884, ""3"": 0.016852164471404536, ""4"": 0.006416900742364588, ""5"": 0.005016716329877658}"
control_gain,200,p0.10,nan,1.0302470543200697,4,0.1,19.900000000000002,19.945,10,33,3989,1964,1.587403077409184,200,0.429858248645047,0.008597164972900941,10.831678159932054,17.200993536911717,2.1641944631834975,4.638508052852802,15,"{""0"": 0.009691971591139943, ""1"": 0.0023417612894683507, ""2"": 0.010833400805452798, ""3"": 0.017373317069863912, ""4"": 0.006175190144640913, ""5"": 0.005167348936839743}"
control_gain,200,p0.20,nan,1.0299087656673627,4,0.2,39.800000000000004,39.95,26,58,7990,1964,1.5874030774091736,0,1.0023287648057915,0.020046575296115834,nan,0.0,1.5874030774091736,6.300779592770009,15,"{""0"": 0.02120223115148846, ""1"": 0.018456153826074347, ""2"": 0.020719756791231666, ""3"": 0.01919376297432801, ""4"": 0.021893612012091647, ""5"": 0.018813935021480876}"
control_gain,200,p0.20,nan,1.0299087656673627,4,0.2,39.800000000000004,39.95,26,58,7990,1964,1.5874030774091736,10,0.7081721365710728,0.014163442731421458,14.896269519141828,12.302394757731655,1.806715304138499,4.821139464834096,13,"{""0"": 0.014597366928072852, ""1"": 0.017343374732895125, ""2"": 0.01212084349818529, ""3"": 0.014731454347648724, ""4"": 0.011196274942057282, ""5"": 0.014991341939669483}"
control_gain,200,p0.20,nan,1.0299087656673627,4,0.2,39.800000000000004,39.95,26,58,7990,1964,1.5874030774091736,20,0.46827175621034894,0.00936543512420698,8.423339552111996,13.831342844570875,1.8436487140870679,4.04446063237851,12,"{""0"": 0.0058982050854926235, ""1"": 0.00949868772251022, ""2"": 0.01584320252207805, ""3"": 0.005591995325833673, ""4"": 0.010818128012325632, ""5"": 0.008542392077001675}"
control_gain,200,p0.20,nan,1.0299087656673627,4,0.2,39.800000000000004,39.95,26,58,7990,1964,1.5874030774091736,30,0.3974075297588843,0.007948150595177688,8.4029329465139,14.835415876731163,2.0271962340007463,3.5107400198236443,10,"{""0"": 0.004329959920286659, ""1"": 0.008552676352620569, ""2"": 0.020523077783005213, ""3"": 0.003287605517712551, ""4"": 0.006322473205718439, ""5"": 0.004673110791722694}"
control_gain,200,p0.20,nan,1.0299087656673627,4,0.2,39.800000000000004,39.95,26,58,7990,1964,1.5874030774091736,40,0.29617928366255586,0.0059235856732511175,3.6401748596225305,15.615968475571714,2.067633035210085,3.3170945783051686,10,"{""0"": 0.0075401477270583914, ""1"": 0.006562333601922719, ""2"": 0.010402572164133187, ""3"": 0.0037776675281224947, ""4"": 0.004024378470144885, ""5"": 0.0032344145481250316}"
control_gain,200,p0.20,nan,1.0299087656673627,4,0.2,39.800000000000004,39.95,26,58,7990,1964,1.5874030774091736,50,0.28950175679481494,0.0057900351358963,3.060828891156178,16.102901484149456,2.0681490616535716,3.256537389094381,10,"{""0"": 0.006039488556767741, ""1"": 0.007704808678697027, ""2"": 0.008904121869352917, ""3"": 0.004810980545573631, ""4"": 0.004587401818005156, ""5"": 0.0026934093469813242}"
control_gain,200,p0.20,nan,1.0299087656673627,4,0.2,39.800000000000004,39.95,26,58,7990,1964,1.5874030774091736,60,0.25244724549568315,0.005048944909913663,13.118910516349764,16.427718617108688,2.1169426713756305,3.190089695996942,9,"{""0"": 0.005446872420896616, ""1"": 0.007816176049387977, ""2"": 0.007911405311582567, ""3"": 0.0023178090079617533, ""4"": 0.00406233524362606, ""5"": 0.0027390714260270036}"
control_gain,200,p0.20,nan,1.0299087656673627,4,0.2,39.800000000000004,39.95,26,58,7990,1964,1.5874030774091736,70,0.25974312602719496,0.005194862520543899,2.7880705158459604,16.810905837960288,2.172222133139024,3.098437198526424,9,"{""0"": 0.005391646032902625, ""1"": 0.009095080936776644, ""2"": 0.00732940807602475, ""3"": 0.0017604256981784204, ""4"": 0.004938119955032954, ""5"": 0.0026544944243480076}"
control_gain,200,p0.20,nan,1.0299087656673627,4,0.2,39.800000000000004,39.95,26,58,7990,1964,1.5874030774091736,80,0.2423768235154633,0.004847536470309267,1.2612766664378185,17.041044747676175,2.180965980089698,3.160860919175104,9,"{""0"": 0.0046754666723927505, ""1"": 0.008589592528409913, ""2"": 0.007276875885211467, ""3"": 0.0017035594990725358, ""4"": 0.004193347005301114, ""5"": 0.0026463772314678224}"
control_gain,200,p0.20,nan,1.0299087656673627,4,0.2,39.800000000000004,39.95,26,58,7990,1964,1.5874030774091736,90,0.22554544444301988,0.004510908888860398,3.8142127054704655,17.30917802167153,2.2019707692347508,3.036520020248466,9,"{""0"": 0.005238771354020928, ""1"": 0.00849222967180121, ""2"": 0.005187596919364339, ""3"": 0.0017424968550358894, ""4"": 0.0041414027805661445, ""5"": 0.002262955752373879}"
control_gain,200,p0.20,nan,1.0299087656673627,4,0.2,39.800000000000004,39.95,26,58,7990,1964,1.5874030774091736,100,0.24200147426891527,0.004840029485378306,9.814076403265517,17.462672370737337,2.2152097693529207,3.064903389905481,9,"{""0"": 0.004859043680693861, ""1"": 0.008576923515198658, ""2"": 0.006918180530860314, ""3"": 0.0016489252317368156, ""4"": 0.004680062646802488, ""5"": 0.0023570413069777}"
control_gain,200,p0.20,nan,1.0299087656673627,4,0.2,39.800000000000004,39.95,26,58,7990,1964,1.5874030774091736,110,0.23980535985341436,0.004796107197068288,1.2880109350192266,17.578495936499262,2.2202297995383002,3.0498977860521843,9,"{""0"": 0.004027047837715096, ""1"": 0.008957742842664136, ""2"": 0.00710171089524992, ""3"": 0.001569801724150202, ""4"": 0.004748340599187463, ""5"": 0.002371999283442912}"
control_gain,200,p0.20,nan,1.0299087656673627,4,0.2,39.800000000000004,39.95,26,58,7990,1964,1.5874030774091736,120,0.22936565091666394,0.004587313018333279,31.006914403004313,17.706820825698557,2.2166225943566484,3.0250791895819464,8,"{""0"": 0.003222707970796726, ""1"": 0.008318294197119077, ""2"": 0.0067554820122324045, ""3"": 0.0015452063983745954, ""4"": 0.00500359722431463, ""5"": 0.002678590307162242}"
control_gain,200,p0.20,nan,1.0299087656673627,4,0.2,39.800000000000004,39.95,26,58,7990,1964,1.5874030774091736,130,0.22218319277809043,0.004443663855561809,5.157082661837671,17.778853236793342,2.2058066452863625,3.008318538928118,8,"{""0"": 0.004688270580798828, ""1"": 0.0073760752649914, ""2"": 0.005926930242908511, ""3"": 0.0016788091250375943, ""4"": 0.004716299789678873, ""5"": 0.0022755981299556497}"
control_gain,200,p0.20,nan,1.0299087656673627,4,0.2,39.800000000000004,39.95,26,58,7990,1964,1.5874030774091736,140,0.22681088175083972,0.004536217635016795,2.2930578856972343,17.87634291328862,2.213491235632042,2.998783389665055,8,"{""0"": 0.004299063702334989, ""1"": 0.007639435373676895, ""2"": 0.006249184655100312, ""3"": 0.0016031205362118995, ""4"": 0.004965860751563071, ""5"": 0.0024606407912136042}"
control_gain,200,p0.20,nan,1.0299087656673627,4,0.2,39.800000000000004,39.95,26,58,7990,1964,1.5874030774091736,150,0.22669839459446034,0.004533967891889207,40.30591687333072,17.924546066099456,2.204217239777647,3.031609231736054,9,"{""0"": 0.003737959231914867, ""1"": 0.007667307934475963, ""2"": 0.0065991122442366715, ""3"": 0.0015516464494081885, ""4"": 0.004819003631938124, ""5"": 0.0028287778593614242}"
control_gain,200,p0.20,nan,1.0299087656673627,4,0.2,39.800000000000004,39.95,26,58,7990,1964,1.5874030774091736,160,0.2252649229119452,0.004505298458238905,1.382444294402224,17.96703214716904,2.201274175227084,3.0511321375503337,9,"{""0"": 0.0037968785275359503, ""1"": 0.007343483429512443, ""2"": 0.006854954721128051, ""3"": 0.0015138262788681254, ""4"": 0.004674598895470778, ""5"": 0.0028480488969180795}"
control_gain,200,p0.20,nan,1.0299087656673627,4,0.2,39.800000000000004,39.95,26,58,7990,1964,1.5874030774091736,170,0.206925007123405,0.0041385001424681005,2.0242086996899036,18.077188020001255,2.205236874676488,3.067244915346562,9,"{""0"": 0.003919000521468272, ""1"": 0.006739159185878691, ""2"": 0.005937463190140494, ""3"": 0.0015205595295573215, ""4"": 0.004163417855245421, ""5"": 0.0025514005725184004}"
control_gain,200,p0.20,nan,1.0299087656673627,4,0.2,39.800000000000004,39.95,26,58,7990,1964,1.5874030774091736,180,0.21020178435143094,0.00420403568702862,1.5397436411013568,18.159115502907785,2.214117984738306,3.0345009885894125,9,"{""0"": 0.003940080034377412, ""1"": 0.007235518642478041, ""2"": 0.005713610175319424, ""3"": 0.0015333656757058657, ""4"": 0.004334079629880476, ""5"": 0.0024675599644104988}"
control_gain,200,p0.20,nan,1.0299087656673627,4,0.2,39.800000000000004,39.95,26,58,7990,1964,1.5874030774091736,190,0.2003382764738313,0.004006765529476626,6.632484767387392,18.230936905790816,2.2119309927344344,3.032992717988518,9,"{""0"": 0.004326945100775108, ""1"": 0.007153680997621331, ""2"": 0.0046100520748088136, ""3"": 0.0015548926431278739, ""4"": 0.004003765893712303, ""5"": 0.002391256466814327}"
control_gain,200,p0.20,nan,1.0299087656673627,4,0.2,39.800000000000004,39.95,26,58,7990,1964,1.5874030774091736,200,0.19047235294392692,0.003809447058878539,2.392161549620393,18.28280129414961,2.208193719674885,3.0460145160409895,9,"{""0"": 0.004074000667642423, ""1"": 0.0070491090756998765, ""2"": 0.004144638592321047, ""3"": 0.0015414333716673692, ""4"": 0.0036154911246682004, ""5"": 0.0024320095212723176}"
control_gain,200,p0.40,nan,1.0089771502640732,4,0.4,79.60000000000001,79.915,61,98,15983,1964,1.5874030774091843,0,1.0525028014840936,0.021050056029681876,nan,0.0,1.5874030774091843,6.978524691660461,14,"{""0"": 0.021799001942782205, ""1"": 0.01812562272748845, ""2"": 0.022490783824406634, ""3"": 0.020197891684673452, ""4"": 0.022570537823159847, ""5"": 0.021116498175580672}"
control_gain,200,p0.40,nan,1.0089771502640732,4,0.4,79.60000000000001,79.915,61,98,15983,1964,1.5874030774091843,10,0.6780507621260827,0.013561015242521656,21.348771424279704,14.123006840829378,1.9727731913051896,4.686332439181837,13,"{""0"": 0.011799462902751759, ""1"": 0.01000707805473022, ""2"": 0.012680536476332068, ""3"": 0.017794741568288645, ""4"": 0.013754983000902846, ""5"": 0.015329289452124414}"
control_gain,200,p0.40,nan,1.0089771502640732,4,0.4,79.60000000000001,79.915,61,98,15983,1964,1.5874030774091843,20,0.5895412827620085,0.01179082565524017,2.1464735478206785,15.75399795868253,2.075562456410986,3.1171823368819127,10,"{""0"": 0.002161300145479737, ""1"": 0.006643534426772529, ""2"": 0.020496903515075802, ""3"": 0.004495339901503978, ""4"": 0.019252485296380822, ""5"": 0.017695390646228156}"
control_gain,200,p0.40,nan,1.0089771502640732,4,0.4,79.60000000000001,79.915,61,98,15983,1964,1.5874030774091843,30,0.6094432475354562,0.012188864950709125,1.2769535632150726,16.544484436889515,2.1221371898660086,3.1216245264199944,9,"{""0"": 0.002223198035636478, ""1"": 0.013901974106380818, ""2"": 0.021714809849568313, ""3"": 0.004294867840263713, ""4"": 0.017276134026598854, ""5"": 0.013722205845806574}"
control_gain,200,p0.40,nan,1.0089771502640732,4,0.4,79.60000000000001,79.915,61,98,15983,1964,1.5874030774091843,40,0.5149055174801115,0.01029811034960223,17.482553506853048,16.96970545929713,2.121757666642288,3.217556048180247,9,"{""0"": 0.0029080581611977538, ""1"": 0.010856823349215254, ""2"": 0.018672521937970997, ""3"": 0.004692453712554318, ""4"": 0.016344519379001953, ""5"": 0.008314285557673112}"
control_gain,200,p0.40,nan,1.0089771502640732,4,0.4,79.60000000000001,79.915,61,98,15983,1964,1.5874030774091843,50,0.4171625754363795,0.008343251508727592,5.271200050119157,17.34333926624592,2.142594488756671,3.2387390635859643,9,"{""0"": 0.002414898976669514, ""1"": 0.004285728865946808, ""2"": 0.017007353541516102, ""3"": 0.005731273230904394, ""4"": 0.014506807754662043, ""5"": 0.006113446682666697}"
control_gain,200,p0.40,nan,1.0089771502640732,4,0.4,79.60000000000001,79.915,61,98,15983,1964,1.5874030774091843,60,0.47035617845000766,0.009407123569000154,2.507953120855708,17.664528263924712,2.116788048309703,3.1796634031908533,9,"{""0"": 0.0013730422099837657, ""1"": 0.009606677614178702, ""2"": 0.018386233949594783, ""3"": 0.0044653432730604676, ""4"": 0.015869220614942742, ""5"": 0.00674222375224047}"
control_gain,200,p0.40,nan,1.0089771502640732,4,0.4,79.60000000000001,79.915,61,98,15983,1964,1.5874030774091843,70,0.4596254224976345,0.009192508449952692,2.2610720015266237,17.972313806958336,2.1341278267983737,3.0473397053532696,9,"{""0"": 0.0012498187592208533, ""1"": 0.009924106415540793, ""2"": 0.01896507905111645, ""3"": 0.0039155024544122756, ""4"": 0.016394999048349363, ""5"": 0.004705544971076406}"
control_gain,200,p0.40,nan,1.0089771502640732,4,0.4,79.60000000000001,79.915,61,98,15983,1964,1.5874030774091843,80,0.423233628612912,0.00846467257225824,1.7029578212807601,18.18823131555064,2.1460014959972122,3.128877984452775,9,"{""0"": 0.0016416191564042723, ""1"": 0.007325202540516651, ""2"": 0.01735947414424639, ""3"": 0.004533889200201917, ""4"": 0.014694173379836287, ""5"": 0.005233677012343934}"
control_gain,200,p0.40,nan,1.0089771502640732,4,0.4,79.60000000000001,79.915,61,98,15983,1964,1.5874030774091843,90,0.4046912867136845,0.008093825734273691,29.138557223100985,18.326889501912337,2.1648263103217986,3.150874246981993,9,"{""0"": 0.0019019451699610018, ""1"": 0.00531178850546742, ""2"": 0.016708433373245714, ""3"": 0.004977967160092635, ""4"": 0.014079549928956669, ""5"": 0.005583270267918704}"
control_gain,200,p0.40,nan,1.0089771502640732,4,0.4,79.60000000000001,79.915,61,98,15983,1964,1.5874030774091843,100,0.4205083677987648,0.008410167355975297,3.9241035307144174,18.480953743732172,2.170852990976667,3.198152934478301,9,"{""0"": 0.0014990029177509513, ""1"": 0.006492671644317924, ""2"": 0.017571565961078832, ""3"": 0.004600955642384701, ""4"": 0.014307292483057829, ""5"": 0.005989515487261542}"
control_gain,200,p0.40,nan,1.0089771502640732,4,0.4,79.60000000000001,79.915,61,98,15983,1964,1.5874030774091843,110,0.42345534822169684,0.008469106964433938,37.82072675738496,18.52901886598258,2.1649952315270102,3.271198229060946,9,"{""0"": 0.0014195104468852798, ""1"": 0.006204985453536415, ""2"": 0.017912993454957612, ""3"": 0.004463981394277243, ""4"": 0.014083763696590404, ""5"": 0.006729407340356668}"
control_gain,200,p0.40,nan,1.0089771502640732,4,0.4,79.60000000000001,79.915,61,98,15983,1964,1.5874030774091843,120,0.4004329939098038,0.008008659878196078,22.860852967508787,18.61621937485405,2.1494876527617888,3.3818215472495514,9,"{""0"": 0.0014972844571880483, ""1"": 0.005269802857227715, ""2"": 0.016256175105744234, ""3"": 0.005094979772155237, ""4"": 0.012904111076816133, ""5"": 0.007029606000045099}"
control_gain,200,p0.40,nan,1.0089771502640732,4,0.4,79.60000000000001,79.915,61,98,15983,1964,1.5874030774091843,130,0.3932737261163744,0.00786547452232749,1.4276550397286412,18.60649782132712,2.1501567631222547,3.452928801311292,10,"{""0"": 0.0017064298731471902, ""1"": 0.0032991966423239843, ""2"": 0.01581772620338366, ""3"": 0.006219064877614489, ""4"": 0.012152719078569789, ""5"": 0.00799771045892582}"
control_gain,200,p0.40,nan,1.0089771502640732,4,0.4,79.60000000000001,79.915,61,98,15983,1964,1.5874030774091843,140,0.36679111031009576,0.007335822206201916,1.8521611087450145,18.685442762246726,2.1402704461845166,3.517634345821131,10,"{""0"": 0.001622360362143528, ""1"": 0.002928830700604375, ""2"": 0.013629031429978147, ""3"": 0.005661911504814375, ""4"": 0.012280503689858455, ""5"": 0.007892295549812616}"
control_gain,200,p0.40,nan,1.0089771502640732,4,0.4,79.60000000000001,79.915,61,98,15983,1964,1.5874030774091843,150,0.3948099799377234,0.007896199598754467,1.8346748653415137,18.74711415568023,2.1383741811146253,3.460882324029548,10,"{""0"": 0.0014130355752213484, ""1"": 0.004238238089509001, ""2"": 0.015283528902517964, ""3"": 0.005338403711942388, ""4"": 0.012890078455863305, ""5"": 0.008213912857472805}"
control_gain,200,p0.40,nan,1.0089771502640732,4,0.4,79.60000000000001,79.915,61,98,15983,1964,1.5874030774091843,160,0.3949704950456615,0.00789940990091323,1.9914035029734138,18.79092041468578,2.1334528299838205,3.434627692082678,10,"{""0"": 0.0013760663750409512, ""1"": 0.0033254650972576482, ""2"": 0.016019944772934662, ""3"": 0.005139332549047468, ""4"": 0.012791780621655435, ""5"": 0.008743869989543214}"
control_gain,200,p0.40,nan,1.0089771502640732,4,0.4,79.60000000000001,79.915,61,98,15983,1964,1.5874030774091843,170,0.37761756760816234,0.007552351352163248,10.794513770299547,18.886460017627666,2.1443245017946,3.4529013590423165,10,"{""0"": 0.001377636562122214, ""1"": 0.0033850091239340887, ""2"": 0.014474899113614437, ""3"": 0.005397995655824399, ""4"": 0.012088416018887684, ""5"": 0.008590151638596655}"
control_gain,200,p0.40,nan,1.0089771502640732,4,0.4,79.60000000000001,79.915,61,98,15983,1964,1.5874030774091843,180,0.36900208029805437,0.007380041605961088,4.228401520464691,18.921711604806976,2.1497785607841804,3.4288910234677776,10,"{""0"": 0.0013959134506402388, ""1"": 0.002893839525012963, ""2"": 0.014022118365032223, ""3"": 0.007191331556735898, ""4"": 0.01011724934668365, ""5"": 0.008659797391661552}"
control_gain,200,p0.40,nan,1.0089771502640732,4,0.4,79.60000000000001,79.915,61,98,15983,1964,1.5874030774091843,190,0.35188694803725595,0.00703773896074512,0.7473434305311109,18.945665659232645,2.1472682226443127,3.397658419710855,10,"{""0"": 0.001393959225920501, ""1"": 0.0026005167974877726, ""2"": 0.014467793058736652, ""3"": 0.00685230129635329, ""4"": 0.009099103418179896, ""5"": 0.007812759967792605}"
control_gain,200,p0.40,nan,1.0089771502640732,4,0.4,79.60000000000001,79.915,61,98,15983,1964,1.5874030774091843,200,0.3414834746063764,0.006829669492127529,6.479958166433937,18.998995087358566,2.1472561136126447,3.3772883419031663,10,"{""0"": 0.0013645207938720568, ""1"": 0.0024576012164222996, ""2"": 0.014637089258640667, ""3"": 0.005802573773629196, ""4"": 0.00921732566248694, ""5"": 0.007498906247714013}"
control_gain,200,p0.05,nan,1.0,5,0.05,9.950000000000001,10.57,4,19,2114,2114,1.6184323054031027,0,0.9914212077969902,0.019828424155939807,nan,0.0,1.6184323054031027,7.328597600559711,14,"{""0"": 0.018875214787918305, ""1"": 0.02041795363000278, ""2"": 0.01958417690431877, ""3"": 0.019560928704669737, ""4"": 0.021122179967733065, ""5"": 0.01941009094099618}"
control_gain,200,p0.05,nan,1.0,5,0.05,9.950000000000001,10.57,4,19,2114,2114,1.6184323054031027,10,1.2872751947339638,0.02574550389467928,0.3026898166883767,14.1397394101474,2.3024771904806736,3.1253426174851113,8,"{""0"": 0.0030127495402385534, ""1"": 0.05872327947875953, ""2"": 0.02737145610674354, ""3"": 0.014875854388029297, ""4"": 0.021339323000065122, ""5"": 0.02915036085423966}"
control_gain,200,p0.05,nan,1.0,5,0.05,9.950000000000001,10.57,4,19,2114,2114,1.6184323054031027,20,0.5596226275455295,0.01119245255091059,3.1474524667617354,15.919957341726942,2.2824875318190134,3.5059871175976567,12,"{""0"": 0.005226679277644021, ""1"": 0.01929285543076395, ""2"": 0.008079276364346822, ""3"": 0.009763616204836513, ""4"": 0.017516139838736622, ""5"": 0.007276148189135617}"
control_gain,200,p0.05,nan,1.0,5,0.05,9.950000000000001,10.57,4,19,2114,2114,1.6184323054031027,30,0.4785595869736088,0.009571191739472178,13.74389921863523,15.848023047635243,2.2068112110212015,3.7791039879204673,12,"{""0"": 0.002999735305706505, ""1"": 0.011846821902613044, ""2"": 0.009709818078439476, ""3"": 0.009184592751434992, ""4"": 0.017113531702890376, ""5"": 0.006572650695748676}"
control_gain,200,p0.05,nan,1.0,5,0.05,9.950000000000001,10.57,4,19,2114,2114,1.6184323054031027,40,0.5041493578282084,0.01008298715656417,32.03726598945351,16.51558721367211,2.111857403624808,3.537026304447611,12,"{""0"": 0.0027196484795507284, ""1"": 0.01112862852770085, ""2"": 0.011652186976358937, ""3"": 0.010311774494835274, ""4"": 0.019135981825778567, ""5"": 0.0055497026351606586}"
control_gain,200,p0.05,nan,1.0,5,0.05,9.950000000000001,10.57,4,19,2114,2114,1.6184323054031027,50,0.4237866336642127,0.008475732673284254,12.481394739649282,16.731734044729812,2.073864947333173,3.868556653125728,12,"{""0"": 0.0025982259908358986, ""1"": 0.008903628896576813, ""2"": 0.008362299364659955, ""3"": 0.010406587922581288, ""4"": 0.01655921467043476, ""5"": 0.004024439194616815}"
control_gain,200,p0.05,nan,1.0,5,0.05,9.950000000000001,10.57,4,19,2114,2114,1.6184323054031027,60,0.45678320493264024,0.009135664098652806,13.309863176648363,16.737678072876726,2.0516377375578925,3.979046163869927,13,"{""0"": 0.00636157238143093, ""1"": 0.009138753063813674, ""2"": 0.00942940237244264, ""3"": 0.012280818888242642, ""4"": 0.014146239948582051, ""5"": 0.003457197937404905}"
control_gain,200,p0.05,nan,1.0,5,0.05,9.950000000000001,10.57,4,19,2114,2114,1.6184323054031027,70,0.44764244017910615,0.008952848803582124,3.4536402930990477,16.803054711851544,2.0154322652865577,3.8815478257120413,12,"{""0"": 0.00689971935370053, ""1"": 0.007622980880008808, ""2"": 0.009089396099514369, ""3"": 0.014879057863876676, ""4"": 0.01150291022705034, ""5"": 0.003723028397342018}"
control_gain,200,p0.05,nan,1.0,5,0.05,9.950000000000001,10.57,4,19,2114,2114,1.6184323054031027,80,0.43487694595649695,0.00869753891912994,3.5291069481508353,16.987929394555792,2.070775841371023,3.6267862870789327,11,"{""0"": 0.00746686593663787, ""1"": 0.006526535736188638, ""2"": 0.00853345598047191, ""3"": 0.014185563050172078, ""4"": 0.011820790738229617, ""5"": 0.0036520220730795277}"
control_gain,200,p0.05,nan,1.0,5,0.05,9.950000000000001,10.57,4,19,2114,2114,1.6184323054031027,90,0.43184335831132936,0.00863686716622659,24.441954226934943,16.93831234930334,2.1019427160114272,3.636464603905267,12,"{""0"": 0.0067824823103994816, ""1"": 0.007579635994108427, ""2"": 0.008418472846566192, ""3"": 0.013265380310644465, ""4"": 0.013252805346071794, ""5"": 0.0025224261895691754}"
control_gain,200,p0.05,nan,1.0,5,0.05,9.950000000000001,10.57,4,19,2114,2114,1.6184323054031027,100,0.421040752639154,0.008420815052783082,5.5686557972328625,16.93343868988364,2.1259763594432077,3.630303261846457,12,"{""0"": 0.0068762492766861905, ""1"": 0.007365127340831465, ""2"": 0.007856325158336359, ""3"": 0.013354073561813878, ""4"": 0.012629459788079186, ""5"": 0.002443655190951406}"
control_gain,200,p0.05,nan,1.0,5,0.05,9.950000000000001,10.57,4,19,2114,2114,1.6184323054031027,110,0.37023851256718293,0.007404770251343659,5.421190343285858,16.977237021978134,2.1321061022174694,3.8167633348297834,12,"{""0"": 0.0023640452090401423, ""1"": 0.006755990086692422, ""2"": 0.007436930393054475, ""3"": 0.012746588802249052, ""4"": 0.012261417529341812, ""5"": 0.00286364948768405}"
control_gain,200,p0.05,nan,1.0,5,0.05,9.950000000000001,10.57,4,19,2114,2114,1.6184323054031027,120,0.3708784322770373,0.007417568645540748,1.2213401907781423,17.043035023621062,2.13093898468676,3.8898284209347476,12,"{""0"": 0.0019066797297698894, ""1"": 0.006195570852601069, ""2"": 0.008183607491536661, ""3"": 0.012621923687454666, ""4"": 0.012691562364825357, ""5"": 0.0029060677470568496}"
control_gain,200,p0.05,nan,1.0,5,0.05,9.950000000000001,10.57,4,19,2114,2114,1.6184323054031027,130,0.3639361387012611,0.007278722774025223,0.9776813237370016,17.13906470863967,2.142709656363063,3.821425029481867,11,"{""0"": 0.0018415963120647634, ""1"": 0.005666117224980054, ""2"": 0.008186983946565071, ""3"": 0.012524472016689192, ""4"": 0.012238781103889476, ""5"": 0.003214386039962786}"
control_gain,200,p0.05,nan,1.0,5,0.05,9.950000000000001,10.57,4,19,2114,2114,1.6184323054031027,140,0.3646912811047811,0.007293825622095623,3.1137786553704485,17.266526810204347,2.1278275643372395,3.77575070716164,11,"{""0"": 0.0019667768448787632, ""1"": 0.004985423923869152, ""2"": 0.008970566862020388, ""3"": 0.013266268999674197, ""4"": 0.010953030405822036, ""5"": 0.003620886696309203}"
control_gain,200,p0.05,nan,1.0,5,0.05,9.950000000000001,10.57,4,19,2114,2114,1.6184323054031027,150,0.3434237262739486,0.006868474525478974,3.8742170247482037,17.27911756701177,2.151029231549649,3.7902838692211382,11,"{""0"": 0.0018447173994932966, ""1"": 0.004964421378783035, ""2"": 0.008729256657507335, ""3"": 0.011680371296318371, ""4"": 0.01028677114841735, ""5"": 0.0037053092723544553}"
control_gain,200,p0.05,nan,1.0,5,0.05,9.950000000000001,10.57,4,19,2114,2114,1.6184323054031027,160,0.31226214404805847,0.00624524288096117,0.9814341095337865,17.307865037573336,2.1578417395593297,3.8214161985679165,11,"{""0"": 0.001914601344274325, ""1"": 0.004847004517267611, ""2"": 0.008622571476901549, ""3"": 0.01063801158037998, ""4"": 0.007740332291635672, ""5"": 0.0037089360753078857}"
control_gain,200,p0.05,nan,1.0,5,0.05,9.950000000000001,10.57,4,19,2114,2114,1.6184323054031027,170,0.3117343712382378,0.006234687424764756,4.269832638732089,17.385542991156843,2.166367105633528,3.751358558597856,11,"{""0"": 0.001941530065128698, ""1"": 0.0046167709454841095, ""2"": 0.008335177901918699, ""3"": 0.010830890421325725, ""4"": 0.008239449060779424, ""5"": 0.003444306153951881}"
control_gain,200,p0.05,nan,1.0,5,0.05,9.950000000000001,10.57,4,19,2114,2114,1.6184323054031027,180,0.32282108148391586,0.0064564216296783185,0.6730608906197917,17.47465160604023,2.1677672944927355,3.7227777921143015,11,"{""0"": 0.0019127985582467351, ""1"": 0.004400034569411366, ""2"": 0.008503017361216829, ""3"": 0.011248618432928978, ""4"": 0.009259650391140446, ""5"": 0.0034144104651255497}"
control_gain,200,p0.05,nan,1.0,5,0.05,9.950000000000001,10.57,4,19,2114,2114,1.6184323054031027,190,0.3250131442947268,0.006500262885894537,1.9664705841515575,17.493627119753732,2.1753863848469743,3.67446305481177,11,"{""0"": 0.0019128928198584832, ""1"": 0.0048175598687117595, ""2"": 0.00803793740347641, ""3"": 0.01137425593769929, ""4"": 0.009854249787639857, ""5"": 0.00300468149798142}"
control_gain,200,p0.05,nan,1.0,5,0.05,9.950000000000001,10.57,4,19,2114,2114,1.6184323054031027,200,0.3080093485332542,0.0061601869706650846,8.646378725504388,17.54303988655585,2.179078047240924,3.6402374797602053,11,"{""0"": 0.0019138868979626904, ""1"": 0.005606242470867889, ""2"": 0.007723540922924913, ""3"": 0.0110625444156059, ""4"": 0.00767506279028517, ""5"": 0.0029798443263439455}"
control_gain,200,p0.10,nan,1.0160470015168268,5,0.1,19.900000000000002,20.535,9,35,4107,2114,1.6184323054031071,0,1.0496061231652747,0.020992122463305497,nan,0.0,1.6184323054031071,7.238434101250743,15,"{""0"": 0.018030865412454807, ""1"": 0.0232639693187307, ""2"": 0.022851082110116237, ""3"": 0.01884460626429672, ""4"": 0.022129467328026918, ""5"": 0.020832744346207598}"
control_gain,200,p0.10,nan,1.0160470015168268,5,0.1,19.900000000000002,20.535,9,35,4107,2114,1.6184323054031071,10,0.894039451177574,0.01788078902355148,3.5590755050293863,14.873633315937637,1.9869810027485173,3.7149651409087325,12,"{""0"": 0.002165584922362801, ""1"": 0.04017240811007068, ""2"": 0.012223389147924833, ""3"": 0.012301099716694085, ""4"": 0.014013234013961446, ""5"": 0.026409018230295022}"
control_gain,200,p0.10,nan,1.0160470015168268,5,0.1,19.900000000000002,20.535,9,35,4107,2114,1.6184323054031071,20,0.7661896238549107,0.015323792477098216,3.642110680854344,16.349171116487156,2.037295225223518,2.879573904260314,10,"{""0"": 0.0038084364986720916, ""1"": 0.03125077491796883, ""2"": 0.0032193875817153493, ""3"": 0.019750400056520224, ""4"": 0.014478322973793594, ""5"": 0.019435432833919214}"
control_gain,200,p0.10,nan,1.0160470015168268,5,0.1,19.900000000000002,20.535,9,35,4107,2114,1.6184323054031071,30,0.4659949337252879,0.009319898674505759,22.820639829139036,16.465234691578665,1.9996371237827422,2.792980709284406,9,"{""0"": 0.0019283776392877128, ""1"": 0.01899518730970465, ""2"": 0.0029928832050135925, ""3"": 0.006089595095586552, ""4"": 0.016308258692727517, ""5"": 0.009605090104714529}"
control_gain,200,p0.10,nan,1.0160470015168268,5,0.1,19.900000000000002,20.535,9,35,4107,2114,1.6184323054031071,40,0.42324416367334544,0.00846488327346691,3.4247220262941998,16.44322638079654,1.993159849177325,2.9443856602686584,9,"{""0"": 0.0026173584093134934, ""1"": 0.012537178909644685, ""2"": 0.0037810995181513686, ""3"": 0.0061381752733993995, ""4"": 0.015180685326536408, ""5"": 0.010534802203756102}"
control_gain,200,p0.10,nan,1.0160470015168268,5,0.1,19.900000000000002,20.535,9,35,4107,2114,1.6184323054031071,50,0.472223700503333,0.00944447401006666,23.330337967000688,16.726726543879078,1.9932142528554113,3.134645559721999,9,"{""0"": 0.002957077448347214, ""1"": 0.012036221825309985, ""2"": 0.005281083415727514, ""3"": 0.009762823282272053, ""4"": 0.01451142897313513, ""5"": 0.01211820911560807}"
control_gain,200,p0.10,nan,1.0160470015168268,5,0.1,19.900000000000002,20.535,9,35,4107,2114,1.6184323054031071,60,0.39823072544681004,0.007964614508936202,5.50987265478567,16.901371958561075,2.013519816717439,3.2760819559070304,10,"{""0"": 0.004891639400803157, ""1"": 0.010457962099324628, ""2"": 0.00404575987058215, ""3"": 0.009187321365109368, ""4"": 0.009431702268871762, ""5"": 0.009773302048926145}"
control_gain,200,p0.10,nan,1.0160470015168268,5,0.1,19.900000000000002,20.535,9,35,4107,2114,1.6184323054031071,70,0.39312127497882954,0.007862425499576591,6.555927441796298,17.104392175725355,2.020400907801581,3.386674102260576,10,"{""0"": 0.002148939996165776, ""1"": 0.011528103651067299, ""2"": 0.0040330377452358806, ""3"": 0.013048863460620511, ""4"": 0.007418908360160084, ""5"": 0.008996699784209992}"
control_gain,200,p0.10,nan,1.0160470015168268,5,0.1,19.900000000000002,20.535,9,35,4107,2114,1.6184323054031071,80,0.38258873451406805,0.007651774690281362,19.056521902008594,17.22349496491098,2.0294275262310237,3.2659904662629744,10,"{""0"": 0.0025604115690742646, ""1"": 0.01224514682512504, ""2"": 0.0032650611127921156, ""3"": 0.012606032877776752, ""4"": 0.0076400691930304685, ""5"": 0.007593926563889526}"
control_gain,200,p0.10,nan,1.0160470015168268,5,0.1,19.900000000000002,20.535,9,35,4107,2114,1.6184323054031071,90,0.356103770974294,0.007122075419485881,8.960203198645987,17.380142384185486,2.035829021943177,3.254882299100743,11,"{""0"": 0.002217407016633835, ""1"": 0.011884122789323865, ""2"": 0.0032324600203614247, ""3"": 0.009895397815108824, ""4"": 0.008066245049694517, ""5"": 0.00743681982579282}"
control_gain,200,p0.10,nan,1.0160470015168268,5,0.1,19.900000000000002,20.535,9,35,4107,2114,1.6184323054031071,100,0.34620696352993063,0.006924139270598613,4.563216216110573,17.451347882276522,2.034410213483026,3.288812463171328,10,"{""0"": 0.0020248525682530646, ""1"": 0.01108968486827048, ""2"": 0.0029403609477020045, ""3"": 0.00981754243240263, ""4"": 0.007527811174108919, ""5"": 0.008144583632854585}"
control_gain,200,p0.10,nan,1.0160470015168268,5,0.1,19.900000000000002,20.535,9,35,4107,2114,1.6184323054031071,110,0.3504382450084068,0.007008764900168137,3.189998472293612,17.458757951465607,2.032828274616761,3.0953665461668516,10,"{""0"": 0.0024903930948437774, ""1"": 0.012818686575160863, ""2"": 0.002963386432704549, ""3"": 0.00897093251017541, ""4"": 0.008919453295762606, ""5"": 0.005889737492361623}"
control_gain,200,p0.10,nan,1.0160470015168268,5,0.1,19.900000000000002,20.535,9,35,4107,2114,1.6184323054031071,120,0.3439309730592883,0.006878619461185767,1.2442556660735373,17.60290739298694,2.046372338018036,3.1811039194888697,11,"{""0"": 0.0018769148072987722, ""1"": 0.011875453835706106, ""2"": 0.0034291163142163962, ""3"": 0.008716520448704326, ""4"": 0.009479886693091322, ""5"": 0.0058938246680976785}"
control_gain,200,p0.10,nan,1.0160470015168268,5,0.1,19.900000000000002,20.535,9,35,4107,2114,1.6184323054031071,130,0.3090918069007898,0.006181836138015797,2.1429138286646414,17.5783170095158,2.0421096739340134,3.240698374936469,11,"{""0"": 0.0017506077362221112, ""1"": 0.008757778599465313, ""2"": 0.003233846527666394, ""3"": 0.00766114372435312, ""4"": 0.009996610034292008, ""5"": 0.005691030206095837}"
control_gain,200,p0.10,nan,1.0160470015168268,5,0.1,19.900000000000002,20.535,9,35,4107,2114,1.6184323054031071,140,0.2932452997750629,0.005864905995501259,5.114618792019794,17.62354565849735,2.037305377303305,3.302714585244125,11,"{""0"": 0.001836397304481516, ""1"": 0.007116448102193839, ""2"": 0.003506135730222479, ""3"": 0.0071649754400963574, ""4"": 0.009782190249047789, ""5"": 0.005783289146965574}"
control_gain,200,p0.10,nan,1.0160470015168268,5,0.1,19.900000000000002,20.535,9,35,4107,2114,1.6184323054031071,150,0.28805625705825794,0.00576112514116516,2.7501865841118995,17.674191734828536,2.044602040422113,3.2433435209454458,10,"{""0"": 0.0018745260430450903, ""1"": 0.005827684294300676, ""2"": 0.0032203435234524763, ""3"": 0.006373369244778738, ""4"": 0.011130318082064683, ""5"": 0.006140509659349298}"
control_gain,200,p0.10,nan,1.0160470015168268,5,0.1,19.900000000000002,20.535,9,35,4107,2114,1.6184323054031071,160,0.28206036440701693,0.005641207288140339,4.233174616820853,17.704242696774557,2.0436158914928604,3.206256050798058,10,"{""0"": 0.0019339289899139417, ""1"": 0.004696751356574895, ""2"": 0.003498668275304537, ""3"": 0.00595875456706981, ""4"": 0.011676190376097276, ""5"": 0.006082950163881579}"
control_gain,200,p0.10,nan,1.0160470015168268,5,0.1,19.900000000000002,20.535,9,35,4107,2114,1.6184323054031071,170,0.27650739722488843,0.00553014794449777,1.7734265737795663,17.775567201593926,2.0457305350218107,3.218985184418886,10,"{""0"": 0.0019187424272674668, ""1"": 0.003819178158615598, ""2"": 0.003510536673674885, ""3"": 0.00565460952889684, ""4"": 0.011818182807882974, ""5"": 0.006459638070648854}"
control_gain,200,p0.10,nan,1.0160470015168268,5,0.1,19.900000000000002,20.535,9,35,4107,2114,1.6184323054031071,180,0.2838150264851948,0.005676300529703897,5.135568268559518,17.798395045241552,2.052505380179694,3.2076094287774723,10,"{""0"": 0.0017251633224287285, ""1"": 0.0040331602883166085, ""2"": 0.003574316884931673, ""3"": 0.005244198035428872, ""4"": 0.012847381398566287, ""5"": 0.006633583248551211}"
control_gain,200,p0.10,nan,1.0160470015168268,5,0.1,19.900000000000002,20.535,9,35,4107,2114,1.6184323054031071,190,0.2924695077085563,0.005849390154171127,5.416754339426764,17.859039119890245,2.051267701009329,3.2063423244334524,10,"{""0"": 0.0017316708431032596, ""1"": 0.004611895930372733, ""2"": 0.00356569524047221, ""3"": 0.005311221507132468, ""4"": 0.013413285760174387, ""5"": 0.0064625716437716986}"
control_gain,200,p0.10,nan,1.0160470015168268,5,0.1,19.900000000000002,20.535,9,35,4107,2114,1.6184323054031071,200,0.28990155453760397,0.00579803109075208,3.7981344810183155,17.938635368122107,2.048852322803255,3.1751924908499327,10,"{""0"": 0.001720559822551602, ""1"": 0.004064418500515153, ""2"": 0.0036024839732567123, ""3"": 0.004914397689462633, ""4"": 0.013884535675110726, ""5"": 0.0066017908836156535}"
control_gain,200,p0.20,nan,1.0072802463076367,5,0.2,39.800000000000004,40.175,26,53,8035,2114,1.6184323054031058,0,1.0438386471844423,0.02087677294368885,nan,0.0,1.6184323054031058,4.436031942530383,12,"{""0"": 0.022851783344825048, ""1"": 0.02132187862790431, ""2"": 0.020179274264954937, ""3"": 0.020754404271834635, ""4"": 0.02019167578037257, ""5"": 0.019961621372241604}"
control_gain,200,p0.20,nan,1.0072802463076367,5,0.2,39.800000000000004,40.175,26,53,8035,2114,1.6184323054031058,10,0.6899673384727066,0.013799346769454135,1.0837261561471097,13.473957177987222,1.9524933972219296,3.644727164752643,10,"{""0"": 0.0033689985825156913, ""1"": 0.03719014970119265, ""2"": 0.014478322745832694, ""3"": 0.005059896100266666, ""4"": 0.007198126821999579, ""5"": 0.015500586664917526}"
control_gain,200,p0.20,nan,1.0072802463076367,5,0.2,39.800000000000004,40.175,26,53,8035,2114,1.6184323054031058,20,0.5824146894538438,0.011648293789076877,5.115867079213809,14.96221264472834,2.137465891589785,3.156094994319485,9,"{""0"": 0.00880479793364872, ""1"": 0.020591537263830045, ""2"": 0.010305823227683225, ""3"": 0.010355390837449647, ""4"": 0.015577679967486085, ""5"": 0.004254533504363526}"
control_gain,200,p0.20,nan,1.0072802463076367,5,0.2,39.800000000000004,40.175,26,53,8035,2114,1.6184323054031058,30,0.3937293632969448,0.007874587265938897,23.190787687020475,15.25572831441512,2.0338607341347106,3.3264131367047085,9,"{""0"": 0.00571209815651507, ""1"": 0.01716109258356041, ""2"": 0.004362865070393105, ""3"": 0.005846731047237535, ""4"": 0.009873381805392201, ""5"": 0.004291354932535056}"
control_gain,200,p0.20,nan,1.0072802463076367,5,0.2,39.800000000000004,40.175,26,53,8035,2114,1.6184323054031058,40,0.38862618369022356,0.007772523673804472,5.462613885413646,15.584438849168052,1.9633405852008592,3.464400379959345,10,"{""0"": 0.005682290716989512, ""1"": 0.012166558229090718, ""2"": 0.006395192860444617, ""3"": 0.005407374047565005, ""4"": 0.01259301211231138, ""5"": 0.004390714076425608}"
control_gain,200,p0.20,nan,1.0072802463076367,5,0.2,39.800000000000004,40.175,26,53,8035,2114,1.6184323054031058,50,0.3919664545358423,0.007839329090716846,2.937259282429732,15.785352000277701,1.973206396040046,3.30527942781733,9,"{""0"": 0.0048021515837637675, ""1"": 0.013019885349050745, ""2"": 0.004647285944890498, ""3"": 0.007256767825212876, ""4"": 0.01409259016360633, ""5"": 0.0032172936777768646}"
control_gain,200,p0.20,nan,1.0072802463076367,5,0.2,39.800000000000004,40.175,26,53,8035,2114,1.6184323054031058,60,0.344142906003794,0.006882858120075881,6.533568632949997,16.01475541483954,1.9596423057437633,3.4023301042552054,10,"{""0"": 0.004761051078816085, ""1"": 0.007088531273141125, ""2"": 0.00574987381658488, ""3"": 0.006513577281245647, ""4"": 0.013941336030315544, ""5"": 0.0032427792403519977}"
control_gain,200,p0.20,nan,1.0072802463076367,5,0.2,39.800000000000004,40.175,26,53,8035,2114,1.6184323054031058,70,0.3190641545291121,0.006381283090582243,13.44531998193538,16.132183826534913,1.9857355982206037,3.5773628777979973,10,"{""0"": 0.004509160407944338, ""1"": 0.005341099676567572, ""2"": 0.005954792777082938, ""3"": 0.006585679515436957, ""4"": 0.011676992742574081, ""5"": 0.004219973423887569}"
control_gain,200,p0.20,nan,1.0072802463076367,5,0.2,39.800000000000004,40.175,26,53,8035,2114,1.6184323054031058,80,0.32876059698877086,0.006575211939775417,11.694482776339601,16.2762924635883,2.011305690466165,3.472497207006236,10,"{""0"": 0.00348423652406089, ""1"": 0.005304096287745757, ""2"": 0.0063443995092601945, ""3"": 0.009723961300974974, ""4"": 0.011281038871663035, ""5"": 0.0033135391449476566}"
control_gain,200,p0.20,nan,1.0072802463076367,5,0.2,39.800000000000004,40.175,26,53,8035,2114,1.6184323054031058,90,0.301186652977247,0.006023733059544941,6.809140595289032,16.401939995339674,2.0480010764569863,3.45792192421325,10,"{""0"": 0.0018445133149376496, ""1"": 0.005160393238362681, ""2"": 0.006705668223007927, ""3"": 0.007940797231285235, ""4"": 0.01144782159564153, ""5"": 0.0030432047540346245}"
control_gain,200,p0.20,nan,1.0072802463076367,5,0.2,39.800000000000004,40.175,26,53,8035,2114,1.6184323054031058,100,0.29274928869268946,0.00585498577385379,2.649737165151124,16.47534810698848,2.0723905765111468,3.5051527527648414,10,"{""0"": 0.0013617047920540227, ""1"": 0.005535469191887227, ""2"": 0.008301671563845666, ""3"": 0.0066124951738851774, ""4"": 0.010349812879122918, ""5"": 0.0029687610423277323}"
control_gain,200,p0.20,nan,1.0072802463076367,5,0.2,39.800000000000004,40.175,26,53,8035,2114,1.6184323054031058,110,0.2956460440770254,0.0059129208815405085,8.560388358760115,16.507367033661822,2.058092814793894,3.529137653979636,10,"{""0"": 0.0011936421033858673, ""1"": 0.005746462171795345, ""2"": 0.00857873482165063, ""3"": 0.007016016897699156, ""4"": 0.010337169837226273, ""5"": 0.0026054994574857744}"
control_gain,200,p0.20,nan,1.0072802463076367,5,0.2,39.800000000000004,40.175,26,53,8035,2114,1.6184323054031058,120,0.30915501193850026,0.006183100238770006,1.3820072513207784,16.572236116375752,2.059201409846994,3.5134182006623766,10,"{""0"": 0.0008909667134109776, ""1"": 0.005407202227583757, ""2"": 0.009226856882534752, ""3"": 0.008815460386036162, ""4"": 0.01021354137519314, ""5"": 0.002544573847861245}"
control_gain,200,p0.20,nan,1.0072802463076367,5,0.2,39.800000000000004,40.175,26,53,8035,2114,1.6184323054031058,130,0.31764426031293164,0.006352885206258634,2.948851324503805,16.595969576822785,2.0666479827786413,3.459176409316703,10,"{""0"": 0.0008540971788930111, ""1"": 0.0060079601337360575, ""2"": 0.009814574088622364, ""3"": 0.008747715303023679, ""4"": 0.010261714581114991, ""5"": 0.0024312499521616923}"
control_gain,200,p0.20,nan,1.0072802463076367,5,0.2,39.800000000000004,40.175,26,53,8035,2114,1.6184323054031058,140,0.31928795680712635,0.006385759136142527,8.458637742322733,16.638744432987306,2.031872395183605,3.4572894419849933,10,"{""0"": 0.0008581841937437811, ""1"": 0.005606148226543042, ""2"": 0.009689540383089642, ""3"": 0.009789863888363236, ""4"": 0.010008874665950207, ""5"": 0.002361943459165252}"
control_gain,200,p0.20,nan,1.0072802463076367,5,0.2,39.800000000000004,40.175,26,53,8035,2114,1.6184323054031058,150,0.2963585428128702,0.005927170856257406,5.514668488718796,16.70353601421178,2.013341496677026,3.4720376933079837,10,"{""0"": 0.0009439299867677718, ""1"": 0.005230223162347374, ""2"": 0.007908457159704766, ""3"": 0.009448344978566909, ""4"": 0.009630913271840694, ""5"": 0.0024011565783169223}"
control_gain,200,p0.20,nan,1.0072802463076367,5,0.2,39.800000000000004,40.175,26,53,8035,2114,1.6184323054031058,160,0.28504938468627755,0.005700987693725552,13.817075106866605,16.73890672836069,1.9822301190985523,3.486282292377969,10,"{""0"": 0.0009074497317969723, ""1"": 0.006062274037609397, ""2"": 0.007277742333806181, ""3"": 0.0077620621722479894, ""4"": 0.009737415871774607, ""5"": 0.002458982015118164}"
control_gain,200,p0.20,nan,1.0072802463076367,5,0.2,39.800000000000004,40.175,26,53,8035,2114,1.6184323054031058,170,0.2799055716961871,0.005598111433923743,2.632345678190224,16.781109605961955,1.9740715061839915,3.453393521568786,10,"{""0"": 0.0009161666581554284, ""1"": 0.005558899464701157, ""2"": 0.00660226966279866, ""3"": 0.008052076569470986, ""4"": 0.010041395955130986, ""5"": 0.0024178602932852407}"
control_gain,200,p0.20,nan,1.0072802463076367,5,0.2,39.800000000000004,40.175,26,53,8035,2114,1.6184323054031058,180,0.2719124482500861,0.005438248965001722,9.286944060398516,16.820388111103586,1.9792969438130326,3.4372079297838294,10,"{""0"": 0.0009072238885104725, ""1"": 0.005334424360585143, ""2"": 0.006857495680955993, ""3"": 0.007208438061301506, ""4"": 0.009871101817098646, ""5"": 0.0024508099815585735}"
control_gain,200,p0.20,nan,1.0072802463076367,5,0.2,39.800000000000004,40.175,26,53,8035,2114,1.6184323054031058,190,0.27544148677629265,0.0055088297355258544,8.579868810592332,16.873528538213552,2.0002474456292885,3.388472553399388,10,"{""0"": 0.0019412867884160492, ""1"": 0.0056785658908090906, ""2"": 0.006210191252829908, ""3"": 0.006602899061498827, ""4"": 0.010174377041357981, ""5"": 0.0024456583782432664}"
control_gain,200,p0.20,nan,1.0072802463076367,5,0.2,39.800000000000004,40.175,26,53,8035,2114,1.6184323054031058,200,0.27809652718626365,0.005561930543725274,3.0090217222050684,16.938773134807832,2.0048352028838377,3.3558948519441465,10,"{""0"": 0.0021158335395885315, ""1"": 0.005626816312318498, ""2"": 0.006091077088629137, ""3"": 0.006313024800617466, ""4"": 0.010756028604274562, ""5"": 0.0024688029169234525}"
control_gain,200,p0.40,nan,1.0700349468309827,5,0.4,79.60000000000001,79.915,63,96,15983,2114,1.6184323054031122,0,0.9972184626712094,0.01994436925342419,nan,0.0,1.6184323054031122,4.6781058580075445,14,"{""0"": 0.02039183268148545, ""1"": 0.01914434276034464, ""2"": 0.022859940079878682, ""3"": 0.01755496300664814, ""4"": 0.021353546178645273, ""5"": 0.01836159081354296}"
control_gain,200,p0.40,nan,1.0700349468309827,5,0.4,79.60000000000001,79.915,63,96,15983,2114,1.6184323054031122,10,0.9300489842576011,0.018600979685152022,9.945035745352808,14.635057268396832,2.1693935694506887,3.8489703889639286,15,"{""0"": 0.019693042751536684, ""1"": 0.032954331089366476, ""2"": 0.003319025468962051, ""3"": 0.03932814764161092, ""4"": 0.011977588385633512, ""5"": 0.004333742773802501}"
control_gain,200,p0.40,nan,1.0700349468309827,5,0.4,79.60000000000001,79.915,63,96,15983,2114,1.6184323054031122,20,0.7142849203221332,0.014285698406442667,1.7823347117651347,15.8042269242273,2.0500826764981177,4.503644106910944,15,"{""0"": 0.007120073352030942, ""1"": 0.021954960905236565, ""2"": 0.005374162206937949, ""3"": 0.03435194451946734, ""4"": 0.013400668547221167, ""5"": 0.003512380907762027}"
control_gain,200,p0.40,nan,1.0700349468309827,5,0.4,79.60000000000001,79.915,63,96,15983,2114,1.6184323054031122,30,0.8772792272220086,0.017545584544440173,16.415753749796078,16.669131463163705,2.1373591592954324,4.644168797712509,17,"{""0"": 0.019164614073498842, ""1"": 0.027172036319046217, ""2"": 0.007237633104874007, ""3"": 0.03180839202381965, ""4"": 0.016643646703670245, ""5"": 0.0032471850417320953}"
control_gain,200,p0.40,nan,1.0700349468309827,5,0.4,79.60000000000001,79.915,63,96,15983,2114,1.6184323054031122,40,0.8405972961377671,0.016811945922755346,30.720576248532595,16.239501704346832,2.063515159537092,6.51184931730291,19,"{""0"": 0.013764806554075162, ""1"": 0.026968402831417326, ""2"": 0.01097716756945483, ""3"": 0.026497334065030038, ""4"": 0.018837857441946833, ""5"": 0.0038261070746078685}"
control_gain,200,p0.40,nan,1.0700349468309827,5,0.4,79.60000000000001,79.915,63,96,15983,2114,1.6184323054031122,50,0.7084723370244168,0.014169446740488338,34.95332224169791,16.404210717594125,2.0652623242775725,6.459651817923633,19,"{""0"": 0.008076078373822512, ""1"": 0.023567095203090648, ""2"": 0.010365100403596528, ""3"": 0.022881024093545328, ""4"": 0.01691394363941454, ""5"": 0.0032134387294604676}"
control_gain,200,p0.40,nan,1.0700349468309827,5,0.4,79.60000000000001,79.915,63,96,15983,2114,1.6184323054031122,60,0.6806558339935698,0.013613116679871399,27.549658978438327,16.40472888650385,2.074479700664736,6.556016401302252,19,"{""0"": 0.01111023480883261, ""1"": 0.021592924565648732, ""2"": 0.010866306169718568, ""3"": 0.018275191054160984, ""4"": 0.01616204925575187, ""5"": 0.0036719942251156054}"
control_gain,200,p0.40,nan,1.0700349468309827,5,0.4,79.60000000000001,79.915,63,96,15983,2114,1.6184323054031122,70,0.6911853328046017,0.013823706656092035,12.215224106575185,16.447501548173648,2.052161362040981,6.240890180711928,19,"{""0"": 0.011762263605989053, ""1"": 0.020099082179720375, ""2"": 0.009698013663308821, ""3"": 0.01965594324060533, ""4"": 0.017860684053086356, ""5"": 0.0038662531938422813}"
control_gain,200,p0.40,nan,1.0700349468309827,5,0.4,79.60000000000001,79.915,63,96,15983,2114,1.6184323054031122,80,0.7289157543299485,0.01457831508659897,28.912382259795255,16.467063989489297,2.0202641058271067,5.785633688095432,18,"{""0"": 0.016501887316454092, ""1"": 0.01959213395688918, ""2"": 0.007548891536152585, ""3"": 0.022150189707668164, ""4"": 0.018220973018947505, ""5"": 0.003455814983482298}"
control_gain,200,p0.40,nan,1.0700349468309827,5,0.4,79.60000000000001,79.915,63,96,15983,2114,1.6184323054031122,90,0.6633575047867104,0.01326715009573421,17.320058229379775,16.552427336973604,2.036514082929269,5.919628045573361,18,"{""0"": 0.015455043258519116, ""1"": 0.019449933093999384, ""2"": 0.010322881623396845, ""3"": 0.01449411439921123, ""4"": 0.016293950935177083, ""5"": 0.0035869772641016}"
control_gain,200,p0.40,nan,1.0700349468309827,5,0.4,79.60000000000001,79.915,63,96,15983,2114,1.6184323054031122,100,0.5953377341082698,0.011906754682165399,4.248873354269658,16.574995517644567,2.024872496809068,6.052751845275038,18,"{""0"": 0.013762361475545545, ""1"": 0.01961944760953256, ""2"": 0.009377546393195837, ""3"": 0.012772106663978234, ""4"": 0.012553259535505729, ""5"": 0.003355806415234465}"
control_gain,200,p0.40,nan,1.0700349468309827,5,0.4,79.60000000000001,79.915,63,96,15983,2114,1.6184323054031122,110,0.6009356788620166,0.012018713577240334,28.100083603007846,16.64531480070895,2.0532410336284084,6.07425971196596,18,"{""0"": 0.013338025994931718, ""1"": 0.019640431838201, ""2"": 0.009384222234048204, ""3"": 0.012390868635564586, ""4"": 0.014254381733132421, ""5"": 0.003104351027564077}"
control_gain,200,p0.40,nan,1.0700349468309827,5,0.4,79.60000000000001,79.915,63,96,15983,2114,1.6184323054031122,120,0.5915280284234521,0.011830560568469043,5.775032671063941,16.738135987934264,2.0299925939582018,6.270764796473237,18,"{""0"": 0.010555202651526988, ""1"": 0.016862123344186276, ""2"": 0.014890717690813593, ""3"": 0.011862052028159441, ""4"": 0.013743676604530098, ""5"": 0.003069591091597858}"
control_gain,200,p0.40,nan,1.0700349468309827,5,0.4,79.60000000000001,79.915,63,96,15983,2114,1.6184323054031122,130,0.5627245417183323,0.011254490834366648,5.282929387047087,16.81355813682701,2.029486197046914,6.182707543499813,18,"{""0"": 0.009142170486163156, ""1"": 0.015522477310410543, ""2"": 0.014409545632922197, ""3"": 0.0124413476570092, ""4"": 0.012912436561984278, ""5"": 0.003098967357710513}"
control_gain,200,p0.40,nan,1.0700349468309827,5,0.4,79.60000000000001,79.915,63,96,15983,2114,1.6184323054031122,140,0.5478884086019926,0.010957768172039853,31.874019777475297,16.854265470758808,2.0296684397060787,5.953798396272717,19,"{""0"": 0.011269963979075339, ""1"": 0.014827211049575203, ""2"": 0.00929815114139799, ""3"": 0.014513838728139952, ""4"": 0.012765184118988446, ""5"": 0.003072260015062181}"
control_gain,200,p0.40,nan,1.0700349468309827,5,0.4,79.60000000000001,79.915,63,96,15983,2114,1.6184323054031122,150,0.5234634213473712,0.010469268426947426,6.2787682660697,16.86865344995409,2.046505484707211,5.927882249387808,18,"{""0"": 0.010904230508164893, ""1"": 0.013447558583026837, ""2"": 0.009594947569008423, ""3"": 0.014462323254980569, ""4"": 0.011297248829942031, ""5"": 0.0031093018165618052}"
control_gain,200,p0.40,nan,1.0700349468309827,5,0.4,79.60000000000001,79.915,63,96,15983,2114,1.6184323054031122,160,0.5096542977157325,0.010193085954314651,7.66406462531877,16.876225930808285,2.0204253790642115,5.765163140554017,18,"{""0"": 0.010812026762570318, ""1"": 0.013319177307764472, ""2"": 0.00917295224116227, ""3"": 0.013191726790217708, ""4"": 0.011629270196493907, ""5"": 0.003033362427679229}"
control_gain,200,p0.40,nan,1.0700349468309827,5,0.4,79.60000000000001,79.915,63,96,15983,2114,1.6184323054031122,170,0.501382205678336,0.010027644113566722,5.738088841434667,16.93713591541961,2.0280884850319425,5.623365650945537,18,"{""0"": 0.011009172396067041, ""1"": 0.013671162412740717, ""2"": 0.00774949585017401, ""3"": 0.01443243054029611, ""4"": 0.010196700883767945, ""5"": 0.0031069025983545217}"
control_gain,200,p0.40,nan,1.0700349468309827,5,0.4,79.60000000000001,79.915,63,96,15983,2114,1.6184323054031122,180,0.49722996451676416,0.009944599290335284,13.860184152940638,16.942956654543526,2.0288670337365717,5.574677451023468,18,"{""0"": 0.010750984309322502, ""1"": 0.01305602952772782, ""2"": 0.007338503546457052, ""3"": 0.013891801472754964, ""4"": 0.011387504204655074, ""5"": 0.0032427726810943013}"
control_gain,200,p0.40,nan,1.0700349468309827,5,0.4,79.60000000000001,79.915,63,96,15983,2114,1.6184323054031122,190,0.48344697999740976,0.009668939599948197,8.855980496561935,16.999987909389024,2.0281204099020216,5.283203647204282,18,"{""0"": 0.011221270574078925, ""1"": 0.0131816312348992, ""2"": 0.00591974774698303, ""3"": 0.013548725441865894, ""4"": 0.011043224659275293, ""5"": 0.0030990379425868417}"
control_gain,200,p0.40,nan,1.0700349468309827,5,0.4,79.60000000000001,79.915,63,96,15983,2114,1.6184323054031122,200,0.5001625164621393,0.010003250329242788,5.041679281159023,17.03982186590135,2.0356366981193235,5.119133369631534,18,"{""0"": 0.012029995494427015, ""1"": 0.013121372751351923, ""2"": 0.005391348420139277, ""3"": 0.014836118741981843, ""4"": 0.011690457017111144, ""5"": 0.0029502095504455182}"
control_gain,200,p0.05,nan,1.0,6,0.05,9.950000000000001,9.645,3,19,1929,1929,1.6288936480071088,0,1.0180392025818665,0.020360784051637333,nan,0.0,1.6288936480071088,4.221653609262846,10,"{""0"": 0.021042746703955405, ""1"": 0.022083740105811888, ""2"": 0.020055885576885424, ""3"": 0.020150901470946468, ""4"": 0.020274926695060497, ""5"": 0.01855650375716432}"
control_gain,200,p0.05,nan,1.0,6,0.05,9.950000000000001,9.645,3,19,1929,1929,1.6288936480071088,10,1.4054463390024359,0.02810892678004872,9.220843425173054,13.59904702882172,1.840669496274149,2.921441005795863,9,"{""0"": 0.012839905191444512, ""1"": 0.03281430037983325, ""2"": 0.022403324634370815, ""3"": 0.04110900680783673, ""4"": 0.02726320371763429, ""5"": 0.03222381994917271}"
control_gain,200,p0.05,nan,1.0,6,0.05,9.950000000000001,9.645,3,19,1929,1929,1.6288936480071088,20,0.7215874633992839,0.014431749267985681,13.633290599461702,14.862868052997523,1.9419128802802825,3.397287022364031,9,"{""0"": 0.009040571491745766, ""1"": 0.010976986122614727, ""2"": 0.009923764005216112, ""3"": 0.010550293856383341, ""4"": 0.02363119627946093, ""5"": 0.022467683852493196}"
control_gain,200,p0.05,nan,1.0,6,0.05,9.950000000000001,9.645,3,19,1929,1929,1.6288936480071088,30,0.5634364616481892,0.011268729232963785,14.425674790136819,15.274198502097361,1.959447722241978,3.7670570400385723,10,"{""0"": 0.008039340552202436, ""1"": 0.015476850465125794, ""2"": 0.006009719859056857, ""3"": 0.010993384715847685, ""4"": 0.01271772918617406, ""5"": 0.014375350619375879}"
control_gain,200,p0.05,nan,1.0,6,0.05,9.950000000000001,9.645,3,19,1929,1929,1.6288936480071088,40,0.45393493978453925,0.009078698795690787,9.036792469829438,15.621960934412838,1.9560299922481015,3.6311850487181254,9,"{""0"": 0.007231547508591511, ""1"": 0.012553441823051566, ""2"": 0.007972703828415598, ""3"": 0.005638363368262134, ""4"": 0.00742944400620772, ""5"": 0.013646692239616186}"
control_gain,200,p0.05,nan,1.0,6,0.05,9.950000000000001,9.645,3,19,1929,1929,1.6288936480071088,50,0.3990344651188302,0.007980689302376606,1.1362638127710458,15.97246797206418,1.965925402212779,3.46438104511989,8,"{""0"": 0.007194780878076269, ""1"": 0.009822638764529643, ""2"": 0.007175815177758863, ""3"": 0.005775634426062016, ""4"": 0.004260567998717605, ""5"": 0.013654698569115237}"
control_gain,200,p0.05,nan,1.0,6,0.05,9.950000000000001,9.645,3,19,1929,1929,1.6288936480071088,60,0.36851292069301556,0.007370258413860312,3.836484399526804,16.07816042215657,1.9305560560309083,3.436597619253085,9,"{""0"": 0.0061045265343227535, ""1"": 0.008048423368574018, ""2"": 0.006710143802800457, ""3"": 0.003477415001543832, ""4"": 0.005859156053941481, ""5"": 0.014021885721979332}"
control_gain,200,p0.05,nan,1.0,6,0.05,9.950000000000001,9.645,3,19,1929,1929,1.6288936480071088,70,0.3324321310794469,0.006648642621588939,7.066933857839227,16.249820146559806,1.9330114446316782,3.5261950776030435,9,"{""0"": 0.0055276103804407836, ""1"": 0.00884772592213313, ""2"": 0.004270696859171038, ""3"": 0.003998042771602483, ""4"": 0.004079626425022391, ""5"": 0.01316815337116381}"
control_gain,200,p0.05,nan,1.0,6,0.05,9.950000000000001,9.645,3,19,1929,1929,1.6288936480071088,80,0.3171200906800116,0.006342401813600233,6.235559769421766,16.488202895233115,1.9231352432878486,3.460748260321317,9,"{""0"": 0.004682664863080178, ""1"": 0.008266753767593444, ""2"": 0.003922664184018011, ""3"": 0.0034394398908216576, ""4"": 0.004830995343805799, ""5"": 0.012911892832282312}"
control_gain,200,p0.05,nan,1.0,6,0.05,9.950000000000001,9.645,3,19,1929,1929,1.6288936480071088,90,0.29426643974188477,0.005885328794837696,8.534321485180163,16.601117517021855,1.9390024578585858,3.528894359534934,9,"{""0"": 0.005319423104335223, ""1"": 0.008396282081960825, ""2"": 0.004309355862448334, ""3"": 0.0026083328134303787, ""4"": 0.006532661109013319, ""5"": 0.0081459177978381}"
control_gain,200,p0.05,nan,1.0,6,0.05,9.950000000000001,9.645,3,19,1929,1929,1.6288936480071088,100,0.27886019294619363,0.005577203858923874,6.159105898485169,16.721600490469058,1.9558916073486288,3.4900323933979402,9,"{""0"": 0.005417121301827355, ""1"": 0.0075349884257614064, ""2"": 0.004681773878447559, ""3"": 0.0025883483718662755, ""4"": 0.005355743068352343, ""5"": 0.007885248107288306}"
control_gain,200,p0.05,nan,1.0,6,0.05,9.950000000000001,9.645,3,19,1929,1929,1.6288936480071088,110,0.2778497697256868,0.005556995394513737,2.7174547361289765,16.86570863025261,1.966645475017859,3.4414148123485315,9,"{""0"": 0.004813435484030463, ""1"": 0.007972048083002291, ""2"": 0.004103952461239252, ""3"": 0.0025660431857651837, ""4"": 0.005677145959218854, ""5"": 0.008209347193826388}"
control_gain,200,p0.05,nan,1.0,6,0.05,9.950000000000001,9.645,3,19,1929,1929,1.6288936480071088,120,0.26559564601474395,0.0053119129202948805,20.18824306407046,16.979946903190154,1.9766104788972092,3.4206313482715056,9,"{""0"": 0.005020014480559385, ""1"": 0.007853542680654576, ""2"": 0.003733594945157919, ""3"": 0.0026263509250131463, ""4"": 0.005080462366149914, ""5"": 0.007557512124234343}"
control_gain,200,p0.05,nan,1.0,6,0.05,9.950000000000001,9.645,3,19,1929,1929,1.6288936480071088,130,0.26576600323985716,0.0053153200647971435,1.4163061794615928,17.08180310626848,1.970008349164715,3.3865668081413114,8,"{""0"": 0.0049612654501042346, ""1"": 0.007547996586686055, ""2"": 0.004041936855339842, ""3"": 0.002331808065437313, ""4"": 0.004739173455773396, ""5"": 0.008269739975442026}"
control_gain,200,p0.05,nan,1.0,6,0.05,9.950000000000001,9.645,3,19,1929,1929,1.6288936480071088,140,0.26328065179697324,0.0052656130359394655,2.5444827718418486,17.137107748583592,1.9708000645126031,3.338179190712915,8,"{""0"": 0.005032499845246974, ""1"": 0.007501255082436184, ""2"": 0.004397389760251997, ""3"": 0.002346934893774449, ""4"": 0.004013978636459906, ""5"": 0.008301619997467282}"
control_gain,200,p0.05,nan,1.0,6,0.05,9.950000000000001,9.645,3,19,1929,1929,1.6288936480071088,150,0.2497480418650999,0.004994960837301999,2.926656359108135,17.22350630543624,1.9948675936408802,3.4209755062555423,8,"{""0"": 0.005608008832096887, ""1"": 0.006757548375962766, ""2"": 0.003953233174443396, ""3"": 0.00257035030870367, ""4"": 0.0037820548371871607, ""5"": 0.00729856949541811}"
control_gain,200,p0.05,nan,1.0,6,0.05,9.950000000000001,9.645,3,19,1929,1929,1.6288936480071088,160,0.23530305247996672,0.004706061049599335,9.506459599666396,17.288300258208267,2.0003475941151145,3.3758846979132975,8,"{""0"": 0.006142022013909142, ""1"": 0.005348179697272422, ""2"": 0.004081369048056327, ""3"": 0.0027474106405238285, ""4"": 0.0033440744367591764, ""5"": 0.006573310461075116}"
control_gain,200,p0.05,nan,1.0,6,0.05,9.950000000000001,9.645,3,19,1929,1929,1.6288936480071088,170,0.23006302202435963,0.004601260440487194,4.007679198810917,17.3802836525112,2.005126202438898,3.3400391919214933,8,"{""0"": 0.006142604355711371, ""1"": 0.00530652698355196, ""2"": 0.00419746225269669, ""3"": 0.0025896245597151523, ""4"": 0.0031599863968434423, ""5"": 0.006211358094404546}"
control_gain,200,p0.05,nan,1.0,6,0.05,9.950000000000001,9.645,3,19,1929,1929,1.6288936480071088,180,0.2131253851903149,0.004262507703806298,3.9262075299175176,17.493632454485752,2.001583335777555,3.3143561940531217,8,"{""0"": 0.00512280625805799, ""1"": 0.005690279862056675, ""2"": 0.0033392353998772683, ""3"": 0.0025843065372639037, ""4"": 0.0025954128714072025, ""5"": 0.006243005294174753}"
control_gain,200,p0.05,nan,1.0,6,0.05,9.950000000000001,9.645,3,19,1929,1929,1.6288936480071088,190,0.21446970783954558,0.004289394156790912,5.032052625681235,17.562808917445885,1.997491288761719,3.2971082300284,8,"{""0"": 0.0046971155795482175, ""1"": 0.005740964263760198, ""2"": 0.003409839901205962, ""3"": 0.0024252929092438355, ""4"": 0.0026098608667954036, ""5"": 0.006853291420191854}"
control_gain,200,p0.05,nan,1.0,6,0.05,9.950000000000001,9.645,3,19,1929,1929,1.6288936480071088,200,0.2145095407279849,0.0042901908145596985,4.546223730858179,17.610068300446233,1.9954964944886318,3.2798983142474856,8,"{""0"": 0.004573966161137318, ""1"": 0.0058193654414636165, ""2"": 0.0034242868432753587, ""3"": 0.002412419615162847, ""4"": 0.0023619004579634333, ""5"": 0.00714920636835562}"
control_gain,200,p0.10,nan,1.067492426554765,6,0.1,19.900000000000002,19.865,11,31,3973,1929,1.6288936480071052,0,1.0127137492797464,0.02025427498559493,nan,0.0,1.6288936480071052,6.705700857339806,13,"{""0"": 0.02334126974021973, ""1"": 0.01797709727431853, ""2"": 0.018388955605245602, ""3"": 0.01888639089105624, ""4"": 0.02257579810094449, ""5"": 0.020356138301784996}"
control_gain,200,p0.10,nan,1.067492426554765,6,0.1,19.900000000000002,19.865,11,31,3973,1929,1.6288936480071052,10,0.8791867385035421,0.017583734770070844,12.523980727156978,13.702118784590748,2.1418054399619666,4.104731271139313,12,"{""0"": 0.014714553853272347, ""1"": 0.02433250427173893, ""2"": 0.017820939356000952, ""3"": 0.004561136943975888, ""4"": 0.02342929495444504, ""5"": 0.020643979240991907}"
control_gain,200,p0.10,nan,1.067492426554765,6,0.1,19.900000000000002,19.865,11,31,3973,1929,1.6288936480071052,20,1.0124150436088102,0.020248300872176207,15.210081827712514,14.672481106019259,2.211945050274533,3.87733740169809,12,"{""0"": 0.03005696419093711, ""1"": 0.021679559194250873, ""2"": 0.019015742310485664, ""3"": 0.007034463460691036, ""4"": 0.020957999839750625, ""5"": 0.022745076236941934}"
control_gain,200,p0.10,nan,1.067492426554765,6,0.1,19.900000000000002,19.865,11,31,3973,1929,1.6288936480071052,30,1.1151612520513736,0.022303225041027476,4.97406442444604,15.261367745648638,2.228174252988191,3.1052955783760847,11,"{""0"": 0.029189689623445658, ""1"": 0.029150502829387102, ""2"": 0.019079128079891605, ""3"": 0.009728286606214165, ""4"": 0.02852696623453387, ""5"": 0.018144776872692465}"
control_gain,200,p0.10,nan,1.067492426554765,6,0.1,19.900000000000002,19.865,11,31,3973,1929,1.6288936480071052,40,0.8762066580384478,0.017524133160768958,6.325061546034466,15.087349559802044,2.183300719067633,4.018018955073738,13,"{""0"": 0.02695543337297381, ""1"": 0.016831518728469157, ""2"": 0.016761812117510783, ""3"": 0.007243373145871023, ""4"": 0.023370081810272503, ""5"": 0.013982579789516475}"
control_gain,200,p0.10,nan,1.067492426554765,6,0.1,19.900000000000002,19.865,11,31,3973,1929,1.6288936480071052,50,0.8644873011055366,0.017289746022110735,6.060801959495665,15.266521972065071,2.166203739515565,4.080317974651567,13,"{""0"": 0.02691900981326518, ""1"": 0.014152960610392154, ""2"": 0.015164993045726832, ""3"": 0.008967042923877108, ""4"": 0.02449891153920995, ""5"": 0.014035558200193194}"
control_gain,200,p0.10,nan,1.067492426554765,6,0.1,19.900000000000002,19.865,11,31,3973,1929,1.6288936480071052,60,0.777828301937579,0.015556566038751583,12.723415918745916,15.440008375739193,2.1466556130290453,4.332155455051898,13,"{""0"": 0.022930871474974263, ""1"": 0.011428933363292754, ""2"": 0.01363067469053299, ""3"": 0.0074942526297282815, ""4"": 0.023534741009882534, ""5"": 0.014319923064098659}"
control_gain,200,p0.10,nan,1.067492426554765,6,0.1,19.900000000000002,19.865,11,31,3973,1929,1.6288936480071052,70,0.749219698365073,0.014984393967301462,4.081210803565995,15.647254704647002,2.1194182243147908,4.184216488486242,13,"{""0"": 0.02367914251626462, ""1"": 0.01023747667475442, ""2"": 0.01319124785193522, ""3"": 0.007330553459952838, ""4"": 0.026149682310009147, ""5"": 0.00931826099089252}"
control_gain,200,p0.10,nan,1.067492426554765,6,0.1,19.900000000000002,19.865,11,31,3973,1929,1.6288936480071052,80,0.7021704398945408,0.014043408797890816,7.141722072876032,15.744393355924096,2.084635095908361,4.44004187783688,14,"{""0"": 0.021264546306615978, ""1"": 0.009385989239327461, ""2"": 0.014335123810398517, ""3"": 0.005970844502643789, ""4"": 0.023403556570428606, ""5"": 0.009900392357930556}"
control_gain,200,p0.10,nan,1.067492426554765,6,0.1,19.900000000000002,19.865,11,31,3973,1929,1.6288936480071052,90,0.7114106921475482,0.014228213842950966,23.0510174634041,15.72031903760712,2.1069695232153616,4.325214171869831,14,"{""0"": 0.02034842833325667, ""1"": 0.010725651176470617, ""2"": 0.014545282857029312, ""3"": 0.0053932388780345815, ""4"": 0.023661657703098242, ""5"": 0.010695024109816353}"
control_gain,200,p0.10,nan,1.067492426554765,6,0.1,19.900000000000002,19.865,11,31,3973,1929,1.6288936480071052,100,0.7028096238815194,0.014056192477630389,4.057712923056748,15.750067936361257,2.1141319730818937,4.251212325831496,14,"{""0"": 0.021126824311487564, ""1"": 0.01131552459180878, ""2"": 0.01464015466549667, ""3"": 0.005133004542266086, ""4"": 0.021855402714826777, ""5"": 0.010266244039896453}"
control_gain,200,p0.10,nan,1.067492426554765,6,0.1,19.900000000000002,19.865,11,31,3973,1929,1.6288936480071052,110,0.6237605208203897,0.012475210416407794,24.828256553792713,15.751318354265239,2.1180229693179937,3.9399849483632017,13,"{""0"": 0.012304951323251514, ""1"": 0.011262372328047303, ""2"": 0.014743830999674232, ""3"": 0.004829882528894854, ""4"": 0.02200326867711584, ""5"": 0.009706956641463035}"
control_gain,200,p0.10,nan,1.067492426554765,6,0.1,19.900000000000002,19.865,11,31,3973,1929,1.6288936480071052,120,0.6134684202992723,0.012269368405985448,6.382925261161527,15.875634667205603,2.1236128260260556,3.9951796602344207,13,"{""0"": 0.012512843039752527, ""1"": 0.010882422571999688, ""2"": 0.013972684277344124, ""3"": 0.005379309790122233, ""4"": 0.022767042749431234, ""5"": 0.008101908007262876}"
control_gain,200,p0.10,nan,1.067492426554765,6,0.1,19.900000000000002,19.865,11,31,3973,1929,1.6288936480071052,130,0.5875891966891172,0.011751783933782347,15.44800718878497,15.875134535575095,2.111347321635906,3.9280632682849377,13,"{""0"": 0.008359420600635182, ""1"": 0.01173104167200579, ""2"": 0.014821048398959414, ""3"": 0.004947671987704292, ""4"": 0.021535331710066725, ""5"": 0.00911618923332267}"
control_gain,200,p0.10,nan,1.067492426554765,6,0.1,19.900000000000002,19.865,11,31,3973,1929,1.6288936480071052,140,0.5840271042703027,0.011680542085406056,3.5965123528829475,15.994003516950725,2.0867480313206963,3.9281865720629736,13,"{""0"": 0.006760571566037184, ""1"": 0.012792119215254947, ""2"": 0.01567931346971221, ""3"": 0.004717484252850716, ""4"": 0.02010244800483066, ""5"": 0.010031316003750622}"
control_gain,200,p0.10,nan,1.067492426554765,6,0.1,19.900000000000002,19.865,11,31,3973,1929,1.6288936480071052,150,0.5730922907450168,0.011461845814900338,3.022468404622947,16.098680877721726,2.0897917428505015,3.956799408062887,13,"{""0"": 0.006982117709143977, ""1"": 0.012272341764017418, ""2"": 0.015736068756946504, ""3"": 0.004800535516534947, ""4"": 0.020457506778172558, ""5"": 0.00852250436458662}"
control_gain,200,p0.10,nan,1.067492426554765,6,0.1,19.900000000000002,19.865,11,31,3973,1929,1.6288936480071052,160,0.5549857926793565,0.011099715853587131,23.1740471118876,16.2152788676818,2.0842925328607924,4.122408925143184,13,"{""0"": 0.007148307283855371, ""1"": 0.012212152457439179, ""2"": 0.015535548767244523, ""3"": 0.004918708538240999, ""4"": 0.019039535733188194, ""5"": 0.007744042341554519}"
control_gain,200,p0.10,nan,1.067492426554765,6,0.1,19.900000000000002,19.865,11,31,3973,1929,1.6288936480071052,170,0.542615656909156,0.010852313138183122,24.06115694548129,16.191588957827967,2.0785457965178655,4.0779985022086,13,"{""0"": 0.006409172068290213, ""1"": 0.012660309608010404, ""2"": 0.015679494599211526, ""3"": 0.004831806013744467, ""4"": 0.0178192378298995, ""5"": 0.007713858709942623}"
control_gain,200,p0.10,nan,1.067492426554765,6,0.1,19.900000000000002,19.865,11,31,3973,1929,1.6288936480071052,180,0.5233228565440294,0.01046645713088059,12.458265192735125,16.230672060018204,2.061261638485116,4.047422827162351,13,"{""0"": 0.006025410929440552, ""1"": 0.012491746570220138, ""2"": 0.015743683643560775, ""3"": 0.0046233239963284324, ""4"": 0.01624038177186554, ""5"": 0.0076741958738680924}"
control_gain,200,p0.10,nan,1.067492426554765,6,0.1,19.900000000000002,19.865,11,31,3973,1929,1.6288936480071052,190,0.5327932599797692,0.010655865199595386,4.799182800797192,16.2729735038066,2.0404074539846033,4.036474100176337,13,"{""0"": 0.005817989553631732, ""1"": 0.01288376505067788, ""2"": 0.017079677638398714, ""3"": 0.004292613977533376, ""4"": 0.015442686134000285, ""5"": 0.008418458843330336}"
control_gain,200,p0.10,nan,1.067492426554765,6,0.1,19.900000000000002,19.865,11,31,3973,1929,1.6288936480071052,200,0.5313135948711768,0.010626271897423538,3.2741049809133314,16.301692944406103,2.0473101652849355,4.0613571713444605,13,"{""0"": 0.00576975293024446, ""1"": 0.012879756022033551, ""2"": 0.017464330044181423, ""3"": 0.004250198213053343, ""4"": 0.014916207351787456, ""5"": 0.008477386823240991}"
control_gain,200,p0.20,nan,1.0800995065250136,6,0.2,39.800000000000004,40.06,25,60,8012,1929,1.6288936480071128,0,0.9935517420500672,0.019871034841001348,nan,0.0,1.6288936480071128,6.882602997331145,16,"{""0"": 0.020053330418741744, ""1"": 0.021046482794586187, ""2"": 0.020097328945936802, ""3"": 0.019048648635976835, ""4"": 0.020348714708554958, ""5"": 0.018631703542211546}"
control_gain,200,p0.20,nan,1.0800995065250136,6,0.2,39.800000000000004,40.06,25,60,8012,1929,1.6288936480071128,10,0.7616169938981834,0.01523233987796367,9.71682724389809,13.721862963886585,2.1825296000514007,4.35664925408599,13,"{""0"": 0.013923470581958555, ""1"": 0.014624108573160946, ""2"": 0.010614408326252439, ""3"": 0.007221581464650883, ""4"": 0.025636348843901757, ""5"": 0.019374121477857442}"
control_gain,200,p0.20,nan,1.0800995065250136,6,0.2,39.800000000000004,40.06,25,60,8012,1929,1.6288936480071128,20,0.8211179654282962,0.016422359308565924,11.319631345374908,15.516368986991203,2.214652912890773,4.76440680738599,15,"{""0"": 0.01092566921071302, ""1"": 0.0065688101332685555, ""2"": 0.01190831302769364, ""3"": 0.009470118534188143, ""4"": 0.03336613554628485, ""5"": 0.026295109399247358}"
control_gain,200,p0.20,nan,1.0800995065250136,6,0.2,39.800000000000004,40.06,25,60,8012,1929,1.6288936480071128,30,0.7143609634836472,0.014287219269672946,16.394851427168707,15.958326457926372,2.1935869482373542,4.265849609335191,15,"{""0"": 0.010910893870528984, ""1"": 0.010609314733019858, ""2"": 0.005224736220399288, ""3"": 0.012188644907177495, ""4"": 0.023722841913136634, ""5"": 0.023066883973775428}"
control_gain,200,p0.20,nan,1.0800995065250136,6,0.2,39.800000000000004,40.06,25,60,8012,1929,1.6288936480071128,40,0.6685660179793681,0.013371320359587362,4.2695286811402635,16.255435519742047,2.136439708893897,4.454835882257603,15,"{""0"": 0.005635589608091997, ""1"": 0.012071705973230725, ""2"": 0.007010306306687952, ""3"": 0.011068986983060025, ""4"": 0.02519907685643597, ""5"": 0.019242256430017517}"
control_gain,200,p0.20,nan,1.0800995065250136,6,0.2,39.800000000000004,40.06,25,60,8012,1929,1.6288936480071128,50,0.6023000348325445,0.012046000696650891,28.271113963152327,16.297311257588024,2.150911774152302,4.592931723444426,15,"{""0"": 0.005725338824056051, ""1"": 0.010822591377532036, ""2"": 0.0070916349654933375, ""3"": 0.011687871300553581, ""4"": 0.024483666488389486, ""5"": 0.012464901223880864}"
control_gain,200,p0.20,nan,1.0800995065250136,6,0.2,39.800000000000004,40.06,25,60,8012,1929,1.6288936480071128,60,0.5304117605980344,0.010608235211960691,35.34408482196484,16.369079307531518,2.1995719784217247,4.623660792141631,15,"{""0"": 0.0060162512550243005, ""1"": 0.00976398618018946, ""2"": 0.006821256280378217, ""3"": 0.012529256449747825, ""4"": 0.01855707429942974, ""5"": 0.009961586806994605}"
control_gain,200,p0.20,nan,1.0800995065250136,6,0.2,39.800000000000004,40.06,25,60,8012,1929,1.6288936480071128,70,0.5068219152340668,0.010136438304681339,4.260548565977674,16.50002549397344,2.15098021133285,4.4090862285818835,14,"{""0"": 0.006043404616084079, ""1"": 0.009200115973924032, ""2"": 0.005869300510883577, ""3"": 0.011111115061543067, ""4"": 0.01994476123861904, ""5"": 0.008649932427034232}"
control_gain,200,p0.20,nan,1.0800995065250136,6,0.2,39.800000000000004,40.06,25,60,8012,1929,1.6288936480071128,80,0.4877987146404961,0.009755974292809923,4.607987442069824,16.600065353814706,2.1731165470772233,4.2155025256640615,14,"{""0"": 0.005112685700853873, ""1"": 0.007786359603426092, ""2"": 0.007479997553035467, ""3"": 0.010247532830349204, ""4"": 0.018499315456376727, ""5"": 0.00940995461281818}"
control_gain,200,p0.20,nan,1.0800995065250136,6,0.2,39.800000000000004,40.06,25,60,8012,1929,1.6288936480071128,90,0.48985531878728394,0.009797106375745681,16.966690967707034,16.562124252912977,2.1584697769087122,4.064267713536052,14,"{""0"": 0.004098893237003192, ""1"": 0.007893859520462163, ""2"": 0.008192419687396098, ""3"": 0.010011999788665281, ""4"": 0.0189788373719315, ""5"": 0.009606628649015854}"
control_gain,200,p0.20,nan,1.0800995065250136,6,0.2,39.800000000000004,40.06,25,60,8012,1929,1.6288936480071128,100,0.48667585032540217,0.009733517006508045,11.41493669801914,16.694878459392378,2.145315094736426,3.9838365328420813,13,"{""0"": 0.003698523401899264, ""1"": 0.008219325924643103, ""2"": 0.008495126637265663, ""3"": 0.009423059566629978, ""4"": 0.018496012151201342, ""5"": 0.010069054357408926}"
control_gain,200,p0.20,nan,1.0800995065250136,6,0.2,39.800000000000004,40.06,25,60,8012,1929,1.6288936480071128,110,0.4832955859624281,0.009665911719248563,1.5587844335573326,16.83037818640821,2.1536483067329266,3.936747181979822,13,"{""0"": 0.0033564225355784535, ""1"": 0.008700209652474623, ""2"": 0.008174547267148748, ""3"": 0.00931922758608612, ""4"": 0.019025317684275754, ""5"": 0.009419745589927682}"
control_gain,200,p0.20,nan,1.0800995065250136,6,0.2,39.800000000000004,40.06,25,60,8012,1929,1.6288936480071128,120,0.4739461649519026,0.009478923299038053,3.566414826877918,16.834368567251303,2.156834603793908,4.036445620939023,13,"{""0"": 0.0034938248887393525, ""1"": 0.00790062222643418, ""2"": 0.007838770532195205, ""3"": 0.009236447783267458, ""4"": 0.019434221630087466, ""5"": 0.008969652733504651}"
control_gain,200,p0.20,nan,1.0800995065250136,6,0.2,39.800000000000004,40.06,25,60,8012,1929,1.6288936480071128,130,0.48096977089435405,0.009619395417887082,12.176455496646055,16.88466120167004,2.160741767637673,4.009897990153672,13,"{""0"": 0.0034181454485763827, ""1"": 0.008227821188482221, ""2"": 0.008292517979740326, ""3"": 0.009371298480771402, ""4"": 0.0193329582101483, ""5"": 0.009073631199603856}"
control_gain,200,p0.20,nan,1.0800995065250136,6,0.2,39.800000000000004,40.06,25,60,8012,1929,1.6288936480071128,140,0.48364984858524335,0.009672996971704867,9.861591486943029,16.971847803914372,2.1729111843300846,3.8102302599591713,13,"{""0"": 0.003122718508346175, ""1"": 0.00813504016703972, ""2"": 0.009197008086297545, ""3"": 0.009363154097110875, ""4"": 0.01895450785623278, ""5"": 0.009265553115202113}"
control_gain,200,p0.20,nan,1.0800995065250136,6,0.2,39.800000000000004,40.06,25,60,8012,1929,1.6288936480071128,150,0.4829206128807395,0.00965841225761479,54.52680740521047,16.985394843297673,2.1769373133926666,3.7577234580168173,13,"{""0"": 0.003105101656242027, ""1"": 0.007754955961393051, ""2"": 0.009646223809175028, ""3"": 0.009371158492252018, ""4"": 0.018719258260000045, ""5"": 0.009353775366626576}"
control_gain,200,p0.20,nan,1.0800995065250136,6,0.2,39.800000000000004,40.06,25,60,8012,1929,1.6288936480071128,160,0.4703687968378426,0.009407375936756853,9.309501109705769,16.99288479258644,2.185367826812431,3.8684196873249928,13,"{""0"": 0.003478862385998731, ""1"": 0.007037310014781135, ""2"": 0.009371530522453094, ""3"": 0.009386125886194864, ""4"": 0.018743129505538157, ""5"": 0.008427297305575145}"
control_gain,200,p0.20,nan,1.0800995065250136,6,0.2,39.800000000000004,40.06,25,60,8012,1929,1.6288936480071128,170,0.4655097347288296,0.009310194694576593,4.626494450090919,17.093768770171344,2.184666698928968,3.7558423870829407,13,"{""0"": 0.00325011065314098, ""1"": 0.00701926389077309, ""2"": 0.009881134291398384, ""3"": 0.009223162425004297, ""4"": 0.01768922928623108, ""5"": 0.008798267620911725}"
control_gain,200,p0.20,nan,1.0800995065250136,6,0.2,39.800000000000004,40.06,25,60,8012,1929,1.6288936480071128,180,0.4647354132761683,0.009294708265523366,9.044343540251969,17.150106540172715,2.1836388264928326,3.7908312279683125,12,"{""0"": 0.0034040390517733644, ""1"": 0.007111459030337036, ""2"": 0.00935730059675891, ""3"": 0.009024583947221335, ""4"": 0.018696315752343963, ""5"": 0.008174551214705594}"
control_gain,200,p0.20,nan,1.0800995065250136,6,0.2,39.800000000000004,40.06,25,60,8012,1929,1.6288936480071128,190,0.4637671550382026,0.009275343100764053,3.398954587657844,17.186443433404662,2.1837491726174223,3.7759492915361124,12,"{""0"": 0.0032434778185981136, ""1"": 0.006040746897352433, ""2"": 0.009723261628109364, ""3"": 0.009075163553350083, ""4"": 0.019448373519902577, ""5"": 0.008121035187271744}"
control_gain,200,p0.20,nan,1.0800995065250136,6,0.2,39.800000000000004,40.06,25,60,8012,1929,1.6288936480071128,200,0.4676131298315988,0.009352262596631978,1.9918469953484317,17.18343806935238,2.1846991174714883,3.7576828574125725,12,"{""0"": 0.0032717050052005646, ""1"": 0.006044318035939494, ""2"": 0.00952484379017091, ""3"": 0.008872376300752863, ""4"": 0.02009217006966802, ""5"": 0.008308162378060016}"
control_gain,200,p0.40,nan,1.0317404989324683,6,0.4,79.60000000000001,80.155,59,98,16031,1929,1.6288936480071206,0,0.9670403991753885,0.019340807983507773,nan,0.0,1.6288936480071206,6.068374909681994,14,"{""0"": 0.01934141942978263, ""1"": 0.020579278023083396, ""2"": 0.018864471023963672, ""3"": 0.019598281066292557, ""4"": 0.019191812216953277, ""5"": 0.0184695861409711}"
control_gain,200,p0.40,nan,1.0317404989324683,6,0.4,79.60000000000001,80.155,59,98,16031,1929,1.6288936480071206,10,0.5302982681711849,0.0106059653634237,5.335453123131445,13.12222274641202,2.267742979149095,2.807608212470366,8,"{""0"": 0.010518429615559717, ""1"": 0.00475716314063227, ""2"": 0.021516435233034207, ""3"": 0.004278624116035264, ""4"": 0.009245423727633779, ""5"": 0.013319716347646953}"
control_gain,200,p0.40,nan,1.0317404989324683,6,0.4,79.60000000000001,80.155,59,98,16031,1929,1.6288936480071206,20,0.5407131002235599,0.0108142620044712,35.786118935221374,13.941972370696064,2.37328236960878,3.261965570538587,8,"{""0"": 0.01429198971530389, ""1"": 0.004517355348058159, ""2"": 0.02201777870351055, ""3"": 0.005552475590967219, ""4"": 0.014114551563186983, ""5"": 0.0043914211058003975}"
control_gain,200,p0.40,nan,1.0317404989324683,6,0.4,79.60000000000001,80.155,59,98,16031,1929,1.6288936480071206,30,0.4219868066075033,0.008439736132150068,2.0614246483417915,14.445822883767582,2.2838592687957213,3.354638733401294,8,"{""0"": 0.007615026200148594, ""1"": 0.0042472900267038595, ""2"": 0.018342506616694516, ""3"": 0.004208238000383198, ""4"": 0.01376908151257383, ""5"": 0.002456274436396408}"
control_gain,200,p0.40,nan,1.0317404989324683,6,0.4,79.60000000000001,80.155,59,98,16031,1929,1.6288936480071206,40,0.3876234444787425,0.007752468889574851,5.078505008055175,14.566634724642386,2.2981886815035493,3.286850647734066,8,"{""0"": 0.007171891327111601, ""1"": 0.004059908985794812, ""2"": 0.013635848758307733, ""3"": 0.004658843109865312, ""4"": 0.013574478117032223, ""5"": 0.0034138430393374185}"
control_gain,200,p0.40,nan,1.0317404989324683,6,0.4,79.60000000000001,80.155,59,98,16031,1929,1.6288936480071206,50,0.3736554583626491,0.007473109167252982,7.937356644746494,14.922633715537728,2.2715959319630703,3.1813375944969295,8,"{""0"": 0.006496452416825363, ""1"": 0.0038109975439212782, ""2"": 0.012087143678199094, ""3"": 0.004580439601655909, ""4"": 0.013900009206199845, ""5"": 0.0039636125567164065}"
control_gain,200,p0.40,nan,1.0317404989324683,6,0.4,79.60000000000001,80.155,59,98,16031,1929,1.6288936480071206,60,0.3621068716593179,0.007242137433186359,48.71226839959015,14.973293552432075,2.2580479796694974,3.0912288241132027,8,"{""0"": 0.005835686994181025, ""1"": 0.003312764834293728, ""2"": 0.01328276232174296, ""3"": 0.0029774095410769305, ""4"": 0.013944299076077643, ""5"": 0.004099901831745867}"
control_gain,200,p0.40,nan,1.0317404989324683,6,0.4,79.60000000000001,80.155,59,98,16031,1929,1.6288936480071206,70,0.36244367524022214,0.007248873504804444,2.1904059091451753,15.15890241970007,2.232946360992622,3.1719995126511495,8,"{""0"": 0.005359265263824553, ""1"": 0.003868112094396095, ""2"": 0.013350149439966924, ""3"": 0.0029579031015079895, ""4"": 0.014856653757179395, ""5"": 0.0031011573719517084}"
control_gain,200,p0.40,nan,1.0317404989324683,6,0.4,79.60000000000001,80.155,59,98,16031,1929,1.6288936480071206,80,0.38358492431794355,0.007671698486358873,1.8439800955940486,15.3289484667668,2.2433223337950494,3.1363761071094007,8,"{""0"": 0.005628384549483887, ""1"": 0.0036293901574568957, ""2"": 0.013880759487283808, ""3"": 0.0036799866034949906, ""4"": 0.015264611850909462, ""5"": 0.003947058269524196}"
control_gain,200,p0.40,nan,1.0317404989324683,6,0.4,79.60000000000001,80.155,59,98,16031,1929,1.6288936480071206,90,0.3694671993373144,0.007389343986746289,50.000951571433184,15.418580388194453,2.2242994241153733,3.1649506348332035,8,"{""0"": 0.00492023352090779, ""1"": 0.0034565933815975196, ""2"": 0.01292053985573175, ""3"": 0.003285100393525858, ""4"": 0.016010337279131433, ""5"": 0.0037432594895833787}"
control_gain,200,p0.40,nan,1.0317404989324683,6,0.4,79.60000000000001,80.155,59,98,16031,1929,1.6288936480071206,100,0.360553506510039,0.007211070130200781,4.129748198883341,15.407828049238667,2.2152181825662316,3.2048511935897155,8,"{""0"": 0.005063590754441963, ""1"": 0.0034785729782148235, ""2"": 0.011203965109782813, ""3"": 0.003167577584465881, ""4"": 0.016371045333731456, ""5"": 0.003981669020567751}"
control_gain,200,p0.40,nan,1.0317404989324683,6,0.4,79.60000000000001,80.155,59,98,16031,1929,1.6288936480071206,110,0.3483677445270394,0.006967354890540789,12.781774202371766,15.451216564483069,2.212560576693727,3.268441875888675,8,"{""0"": 0.004887552391766662, ""1"": 0.003937070071674728, ""2"": 0.011224629696954008, ""3"": 0.0025452610905959275, ""4"": 0.015835984793427797, ""5"": 0.003373631298825613}"
control_gain,200,p0.40,nan,1.0317404989324683,6,0.4,79.60000000000001,80.155,59,98,16031,1929,1.6288936480071206,120,0.3602900625917291,0.007205801251834582,3.6958753959536335,15.488140596134357,2.2025523755758067,3.222732988204602,9,"{""0"": 0.004749474128025276, ""1"": 0.003843133769569354, ""2"": 0.011048540378980416, ""3"": 0.0023942394737729257, ""4"": 0.016614326420362764, ""5"": 0.004585093340296762}"
control_gain,200,p0.40,nan,1.0317404989324683,6,0.4,79.60000000000001,80.155,59,98,16031,1929,1.6288936480071206,130,0.3672764077594676,0.007345528155189353,5.870498001093039,15.520599905220799,2.1961174082174644,3.1634565817709817,9,"{""0"": 0.004691866258076658, ""1"": 0.003810559346289326, ""2"": 0.0111264440802382, ""3"": 0.0023115607485569675, ""4"": 0.016810759356755287, ""5"": 0.0053219791412196715}"
control_gain,200,p0.40,nan,1.0317404989324683,6,0.4,79.60000000000001,80.155,59,98,16031,1929,1.6288936480071206,140,0.3750052812720049,0.007500105625440099,17.73848768732916,15.543201823073268,2.199420726188337,3.139907649617859,9,"{""0"": 0.0049526882236214905, ""1"": 0.003523634460483991, ""2"": 0.011438902994775995, ""3"": 0.0023692326309417977, ""4"": 0.01689564636738185, ""5"": 0.005820529075435471}"
control_gain,200,p0.40,nan,1.0317404989324683,6,0.4,79.60000000000001,80.155,59,98,16031,1929,1.6288936480071206,150,0.37423389952874064,0.0074846779905748135,9.698769446481538,15.563726990497365,2.205346422830967,3.1810487959302822,9,"{""0"": 0.005281659524579303, ""1"": 0.003315974199810001, ""2"": 0.011492345060391113, ""3"": 0.00260310223671366, ""4"": 0.016803248650994553, ""5"": 0.005411738270960251}"
control_gain,200,p0.40,nan,1.0317404989324683,6,0.4,79.60000000000001,80.155,59,98,16031,1929,1.6288936480071206,160,0.3535554645623622,0.007071109291247245,4.576755113481474,15.651709819359462,2.2119241487627566,3.2353231202912975,9,"{""0"": 0.005243339621923679, ""1"": 0.00317138813331872, ""2"": 0.01146635699199002, ""3"": 0.002925504609784295, ""4"": 0.01594674283601836, ""5"": 0.0036733235544483987}"
control_gain,200,p0.40,nan,1.0317404989324683,6,0.4,79.60000000000001,80.155,59,98,16031,1929,1.6288936480071206,170,0.3402128822043332,0.006804257644086664,2.2028999191835923,15.667549808963665,2.2072291305995586,3.218348867451352,9,"{""0"": 0.00505317908948376, ""1"": 0.0033377901372662784, ""2"": 0.010850934245524826, ""3"": 0.0025121500259170965, ""4"": 0.015711517038327964, ""5"": 0.0033599753280000528}"
control_gain,200,p0.40,nan,1.0317404989324683,6,0.4,79.60000000000001,80.155,59,98,16031,1929,1.6288936480071206,180,0.33924823925971165,0.006784964785194234,1.0218447083093714,15.741196763000254,2.2146701332189718,3.2141521651905847,8,"{""0"": 0.0051313269809410205, ""1"": 0.0035084899584063413, ""2"": 0.010115787516900959, ""3"": 0.0024265286748541004, ""4"": 0.01599852264798158, ""5"": 0.0035291329320814}"
control_gain,200,p0.40,nan,1.0317404989324683,6,0.4,79.60000000000001,80.155,59,98,16031,1929,1.6288936480071206,190,0.33845259781634857,0.0067690519563269715,9.838400823886895,15.81580932508006,2.2114314402904345,3.257625445727506,9,"{""0"": 0.00515940765333823, ""1"": 0.00342498642499285, ""2"": 0.010282527940808934, ""3"": 0.00246083565476723, ""4"": 0.015773967257737262, ""5"": 0.0035125868063173235}"
control_gain,200,p0.40,nan,1.0317404989324683,6,0.4,79.60000000000001,80.155,59,98,16031,1929,1.6288936480071206,200,0.3385816849484555,0.00677163369896911,20.64865247501308,15.886221799807188,2.2155415820443376,3.275400258922948,9,"{""0"": 0.005355020167139275, ""1"": 0.003432839116843077, ""2"": 0.01010335901984252, ""3"": 0.0025808998188162147, ""4"": 0.015737363154683874, ""5"": 0.0034203209164896985}"
control_gain,200,p0.05,nan,1.0,7,0.05,9.950000000000001,9.81,0,19,1962,1962,1.4770066984621855,0,1.0244906414802457,0.020489812829604916,nan,0.0,1.4770066984621855,5.963283485494877,12,"{""0"": 0.02060026471051805, ""1"": 0.018985712838809753, ""2"": 0.024199824857126438, ""3"": 0.019410386408741452, ""4"": 0.018164459294674373, ""5"": 0.02157822886775943}"
control_gain,200,p0.05,nan,1.0,7,0.05,9.950000000000001,9.81,0,19,1962,1962,1.4770066984621855,10,1.1635658336593089,0.023271316673186184,2.9998860120677073,14.831671286661692,1.9322375337697766,3.4394930684173715,10,"{""0"": 0.0253640226109891, ""1"": 0.03725248287309679, ""2"": 0.005144950580200045, ""3"": 0.023398438222856647, ""4"": 0.04259242326427189, ""5"": 0.005875582487702623}"
control_gain,200,p0.05,nan,1.0,7,0.05,9.950000000000001,9.81,0,19,1962,1962,1.4770066984621855,20,0.8964281422662541,0.017928562845325083,16.3420618385905,15.49833697375386,1.9355920918316398,4.255666152390314,12,"{""0"": 0.007837859057235221, ""1"": 0.047857894302454476, ""2"": 0.007548392162778092, ""3"": 0.018538373762675548, ""4"": 0.010643271768729548, ""5"": 0.015145586018077611}"
control_gain,200,p0.05,nan,1.0,7,0.05,9.950000000000001,9.81,0,19,1962,1962,1.4770066984621855,30,0.6178904912919762,0.012357809825839526,13.349157894330691,15.888565343083231,2.0171029617483516,4.494934372167213,12,"{""0"": 0.007926146807991287, ""1"": 0.01934934588702446, ""2"": 0.006117719972872415, ""3"": 0.02114238800470424, ""4"": 0.011537854607844324, ""5"": 0.008073403674600431}"
control_gain,200,p0.05,nan,1.0,7,0.05,9.950000000000001,9.81,0,19,1962,1962,1.4770066984621855,40,0.5692505364727778,0.011385010729455558,10.224677756686173,16.44201092875639,2.020534661839375,3.9775051148646647,12,"{""0"": 0.005881356452127058, ""1"": 0.01763125436547569, ""2"": 0.007110349083531762, ""3"": 0.02254675971775854, ""4"": 0.009097359704034944, ""5"": 0.006042985053805366}"
control_gain,200,p0.05,nan,1.0,7,0.05,9.950000000000001,9.81,0,19,1962,1962,1.4770066984621855,50,0.5271733305920235,0.010543466611840472,4.38452088298868,16.722114494302293,2.043377072908678,4.268933378947745,12,"{""0"": 0.004039699742234214, ""1"": 0.010153919090613292, ""2"": 0.010378980928515342, ""3"": 0.01901800808111999, ""4"": 0.015243755383080421, ""5"": 0.0044264364454795774}"
control_gain,200,p0.05,nan,1.0,7,0.05,9.950000000000001,9.81,0,19,1962,1962,1.4770066984621855,60,0.5193994394945145,0.010387988789890291,5.788854642887107,16.904549754300977,2.056927248250895,3.7074896693291293,11,"{""0"": 0.0031439669229879307, ""1"": 0.01511180052018003, ""2"": 0.004094652612335901, ""3"": 0.021291177171340374, ""4"": 0.01467930153550367, ""5"": 0.004007033976993845}"
control_gain,200,p0.05,nan,1.0,7,0.05,9.950000000000001,9.81,0,19,1962,1962,1.4770066984621855,70,0.43506832672976187,0.008701366534595238,38.97679437731813,17.120297413694257,2.063718126856845,3.9158452985670125,12,"{""0"": 0.0026307591513371853, ""1"": 0.008759842971793759, ""2"": 0.0035548341506541634, ""3"": 0.016626586747549025, ""4"": 0.01658461900109032, ""5"": 0.004051557185146976}"
control_gain,200,p0.05,nan,1.0,7,0.05,9.950000000000001,9.81,0,19,1962,1962,1.4770066984621855,80,0.4360748084077454,0.008721496168154909,2.073914826356786,17.349333283362554,2.06620375514868,3.7041096428302547,11,"{""0"": 0.002304261206317775, ""1"": 0.009506650598442617, ""2"": 0.0030798008652469454, ""3"": 0.01695963109669578, ""4"": 0.016524533521596274, ""5"": 0.003954099720630059}"
control_gain,200,p0.05,nan,1.0,7,0.05,9.950000000000001,9.81,0,19,1962,1962,1.4770066984621855,90,0.43803641378200486,0.008760728275640098,5.346195449454073,17.414286974782993,2.069331274063451,3.7428504241079934,11,"{""0"": 0.0029724640645760565, ""1"": 0.008124215822406813, ""2"": 0.0048164578400591625, ""3"": 0.01647000041717945, ""4"": 0.016220892560570802, ""5"": 0.0039603389490483025}"
control_gain,200,p0.05,nan,1.0,7,0.05,9.950000000000001,9.81,0,19,1962,1962,1.4770066984621855,100,0.44629669026521623,0.008925933805304325,3.4543235687564757,17.597769894808664,2.077168305597775,3.7121336902626663,12,"{""0"": 0.0032946836002509194, ""1"": 0.00683450963034925, ""2"": 0.005858070423498162, ""3"": 0.01723274821122958, ""4"": 0.01639545415193682, ""5"": 0.003940136814561226}"
control_gain,200,p0.05,nan,1.0,7,0.05,9.950000000000001,9.81,0,19,1962,1962,1.4770066984621855,110,0.4427409679912533,0.008854819359825067,11.46026347106456,17.85729618554206,2.085236704269207,3.657811213878723,12,"{""0"": 0.004258485739016709, ""1"": 0.005771993720094034, ""2"": 0.005383657060205252, ""3"": 0.01782332872826257, ""4"": 0.015526274618991993, ""5"": 0.004365176292379847}"
control_gain,200,p0.05,nan,1.0,7,0.05,9.950000000000001,9.81,0,19,1962,1962,1.4770066984621855,120,0.4494247784783314,0.008988495569566629,5.898499778167621,17.970305932560937,2.093942949205773,3.456648469312471,11,"{""0"": 0.005813318766291308, ""1"": 0.005659415637403593, ""2"": 0.0037570097963586027, ""3"": 0.019398322880522414, ""4"": 0.014995272486566003, ""5"": 0.0043076338502578485}"
control_gain,200,p0.05,nan,1.0,7,0.05,9.950000000000001,9.81,0,19,1962,1962,1.4770066984621855,130,0.4180590500481663,0.008361181000963327,4.213286791574666,18.12770885642841,2.093334556574575,3.642076304195222,12,"{""0"": 0.004700076954822168, ""1"": 0.005598599830506453, ""2"": 0.004131454927469995, ""3"": 0.021105749876031938, ""4"": 0.0104085204411678, ""5"": 0.004222683975781617}"
control_gain,200,p0.05,nan,1.0,7,0.05,9.950000000000001,9.81,0,19,1962,1962,1.4770066984621855,140,0.4195992406892677,0.008391984813785355,3.414300640293071,18.281349150355645,2.097254732048092,3.6733784394818483,12,"{""0"": 0.005154850966921759, ""1"": 0.005388522318470875, ""2"": 0.0034174699904378366, ""3"": 0.02165906829541959, ""4"": 0.01067016556947038, ""5"": 0.004061831741991687}"
control_gain,200,p0.05,nan,1.0,7,0.05,9.950000000000001,9.81,0,19,1962,1962,1.4770066984621855,150,0.4174880284846963,0.008349760569693927,3.98556742828124,18.476233864316686,2.1076358751938264,3.645012286984183,12,"{""0"": 0.004493737612664436, ""1"": 0.005261143761245576, ""2"": 0.0033108113285722483, ""3"": 0.022489874739138965, ""4"": 0.01050580657332048, ""5"": 0.004037189403221864}"
control_gain,200,p0.05,nan,1.0,7,0.05,9.950000000000001,9.81,0,19,1962,1962,1.4770066984621855,160,0.4208171946997645,0.00841634389399529,4.048942012334534,18.513416836537225,2.1158057359037157,3.8628460998874568,12,"{""0"": 0.003531167512819158, ""1"": 0.005816117244994834, ""2"": 0.0035442921063591456, ""3"": 0.022631606809396205, ""4"": 0.010882259235079142, ""5"": 0.0040926204553232625}"
control_gain,200,p0.05,nan,1.0,7,0.05,9.950000000000001,9.81,0,19,1962,1962,1.4770066984621855,170,0.4239171366324576,0.008478342732649153,2.814734627918353,18.64427547570508,2.124537948142124,3.8540254037402915,12,"{""0"": 0.003598732622827952, ""1"": 0.0058397874068583005, ""2"": 0.0032632200749317572, ""3"": 0.02315155030789337, ""4"": 0.011086294451653041, ""5"": 0.003930471531730498}"
control_gain,200,p0.05,nan,1.0,7,0.05,9.950000000000001,9.81,0,19,1962,1962,1.4770066984621855,180,0.42553842411543014,0.008510768482308603,5.663582625028169,18.828525590499186,2.1294472535601754,3.8429282560636313,12,"{""0"": 0.003757909165461231, ""1"": 0.005000642508217421, ""2"": 0.003612864352330503, ""3"": 0.023774659357525284, ""4"": 0.010631191456169368, ""5"": 0.004287344054147813}"
control_gain,200,p0.05,nan,1.0,7,0.05,9.950000000000001,9.81,0,19,1962,1962,1.4770066984621855,190,0.4571695116783508,0.009143390233567016,4.543531321110604,18.95225703829211,2.129192854307121,3.9846155506779475,12,"{""0"": 0.0035687734175272367, ""1"": 0.004954307495672633, ""2"": 0.007022668385514319, ""3"": 0.024310964734448787, ""4"": 0.010664850402216422, ""5"": 0.004338776966022714}"
control_gain,200,p0.05,nan,1.0,7,0.05,9.950000000000001,9.81,0,19,1962,1962,1.4770066984621855,200,0.44982025835021294,0.00899640516700426,2.899195356247054,19.00605356019907,2.1390156118308368,4.010072976252368,12,"{""0"": 0.003357677555928108, ""1"": 0.005086673435207437, ""2"": 0.005864579369159367, ""3"": 0.024289310512134073, ""4"": 0.011111300950125422, ""5"": 0.004268889179471153}"
control_gain,200,p0.10,nan,0.9351846116450417,7,0.1,19.900000000000002,19.62,8,30,3924,1962,1.4770066984621886,0,1.0408688240432487,0.020817376480864975,nan,0.0,1.4770066984621886,6.790652236543615,13,"{""0"": 0.01988838100887963, ""1"": 0.021433705008690664, ""2"": 0.020859270456741047, ""3"": 0.020824447829712305, ""4"": 0.020720577701716876, ""5"": 0.021177876879449328}"
control_gain,200,p0.10,nan,0.9351846116450417,7,0.1,19.900000000000002,19.62,8,30,3924,1962,1.4770066984621886,10,0.8941594048101763,0.01788318809620353,30.81618102505869,13.275326817778513,1.7816609252124356,3.2242334884536885,10,"{""0"": 0.02969301673754197, ""1"": 0.02337892551664603, ""2"": 0.009841949383436382, ""3"": 0.012869192177119173, ""4"": 0.023304890501302855, ""5"": 0.00821115426117475}"
control_gain,200,p0.10,nan,0.9351846116450417,7,0.1,19.900000000000002,19.62,8,30,3924,1962,1.4770066984621886,20,0.7556708932084014,0.015113417864168031,14.355399990929381,15.267658725457334,1.843698052814317,3.5871808326932064,10,"{""0"": 0.0219180337144689, ""1"": 0.013637782950949131, ""2"": 0.007016794278177254, ""3"": 0.0183598043807772, ""4"": 0.024549862389496604, ""5"": 0.005198229471139099}"
control_gain,200,p0.10,nan,0.9351846116450417,7,0.1,19.900000000000002,19.62,8,30,3924,1962,1.4770066984621886,30,0.6975955457582734,0.01395191091516547,4.9053571490541925,15.416596585817148,1.8353324464224425,2.905101262842326,9,"{""0"": 0.017380000969923058, ""1"": 0.007896121646372278, ""2"": 0.007968344401010685, ""3"": 0.022999836546339403, ""4"": 0.021815350645477564, ""5"": 0.00565181128186984}"
control_gain,200,p0.10,nan,0.9351846116450417,7,0.1,19.900000000000002,19.62,8,30,3924,1962,1.4770066984621886,40,0.6511061937034632,0.013022123874069267,4.965168447227227,15.80760063422237,1.9057662920474963,2.8540256738749954,9,"{""0"": 0.019295098330110533, ""1"": 0.0068593840681291565, ""2"": 0.010339903074984284, ""3"": 0.028596577830424574, ""4"": 0.00720421147299487, ""5"": 0.005837568467772186}"
control_gain,200,p0.10,nan,0.9351846116450417,7,0.1,19.900000000000002,19.62,8,30,3924,1962,1.4770066984621886,50,0.7251540286954722,0.014503080573909446,4.316765190984581,16.236957630966348,1.907438396780322,3.1323286071620977,9,"{""0"": 0.017507481108380844, ""1"": 0.007485164630065058, ""2"": 0.012103526304594773, ""3"": 0.034426187883621805, ""4"": 0.010970481338522686, ""5"": 0.0045256421782715}"
control_gain,200,p0.10,nan,0.9351846116450417,7,0.1,19.900000000000002,19.62,8,30,3924,1962,1.4770066984621886,60,0.7490990059556936,0.014981980119113874,6.258522200604989,16.74132208744412,1.8874821204170102,2.8357105543408005,9,"{""0"": 0.023484665926097808, ""1"": 0.007649189947221041, ""2"": 0.010305192677636374, ""3"": 0.034906551630141135, ""4"": 0.009948034817590077, ""5"": 0.003598245715996798}"
control_gain,200,p0.10,nan,0.9351846116450417,7,0.1,19.900000000000002,19.62,8,30,3924,1962,1.4770066984621886,70,0.8190510263636936,0.016381020527273873,6.089565450166841,16.764830211466748,1.859655057335114,2.9515916547037224,9,"{""0"": 0.025393321555927734, ""1"": 0.007623290431923451, ""2"": 0.010213092449216555, ""3"": 0.035863556244057564, ""4"": 0.015843049647768316, ""5"": 0.0033498128347496325}"
control_gain,200,p0.10,nan,0.9351846116450417,7,0.1,19.900000000000002,19.62,8,30,3924,1962,1.4770066984621886,80,0.7137926424981967,0.014275852849963936,33.594977348199684,16.929082112728043,1.851567338010986,2.8581478522193273,9,"{""0"": 0.02362182355174992, ""1"": 0.007565313252571178, ""2"": 0.006128172751709007, ""3"": 0.03002403733121294, ""4"": 0.014630044183349247, ""5"": 0.003685726029191324}"
control_gain,200,p0.10,nan,0.9351846116450417,7,0.1,19.900000000000002,19.62,8,30,3924,1962,1.4770066984621886,90,0.6375904302797228,0.012751808605594458,4.721693658323879,17.013106894825018,1.8555371087382837,3.108872499217417,10,"{""0"": 0.02079376932413221, ""1"": 0.007243396680347491, ""2"": 0.006871060084405936, ""3"": 0.025661378567885185, ""4"": 0.011934472633393815, ""5"": 0.00400677434340212}"
control_gain,200,p0.10,nan,0.9351846116450417,7,0.1,19.900000000000002,19.62,8,30,3924,1962,1.4770066984621886,100,0.6298996662230969,0.01259799332446194,3.242392028131614,17.285489583685326,1.8853580832181323,2.976927565734999,9,"{""0"": 0.0197244876612988, ""1"": 0.006556182674932626, ""2"": 0.00654236132030755, ""3"": 0.027142501972445204, ""4"": 0.011638042142089067, ""5"": 0.003984384175698406}"
control_gain,200,p0.10,nan,0.9351846116450417,7,0.1,19.900000000000002,19.62,8,30,3924,1962,1.4770066984621886,110,0.619582714748255,0.012391654294965101,5.866543777084589,17.363030416575135,1.8891828497594119,3.013388679330403,9,"{""0"": 0.020126287055778035, ""1"": 0.005820938219264842, ""2"": 0.008674930631156355, ""3"": 0.024661058343576424, ""4"": 0.010398334756996905, ""5"": 0.004668376763018042}"
control_gain,200,p0.10,nan,0.9351846116450417,7,0.1,19.900000000000002,19.62,8,30,3924,1962,1.4770066984621886,120,0.5963264326030211,0.011926528652060423,7.895959145824962,17.380680273975717,1.905541603964449,2.7949799944076745,9,"{""0"": 0.02137876733754173, ""1"": 0.006013993553843176, ""2"": 0.007213899905872559, ""3"": 0.023879682809749517, ""4"": 0.00881786371050587, ""5"": 0.004254964594849692}"
control_gain,200,p0.10,nan,0.9351846116450417,7,0.1,19.900000000000002,19.62,8,30,3924,1962,1.4770066984621886,130,0.5831794384432623,0.011663588768865247,1.9114617413934212,17.512961955930955,1.913429933909995,2.7383515889943086,9,"{""0"": 0.02109986143691188, ""1"": 0.006066721444679969, ""2"": 0.006643440757013436, ""3"": 0.023656934477784893, ""4"": 0.008239351959142143, ""5"": 0.004275222537659158}"
control_gain,200,p0.10,nan,0.9351846116450417,7,0.1,19.900000000000002,19.62,8,30,3924,1962,1.4770066984621886,140,0.5691173933752809,0.01138234786750562,2.3491506277821443,17.650670863068413,1.9328958351481578,2.791818488901668,8,"{""0"": 0.020311198215173284, ""1"": 0.006291359801477855, ""2"": 0.005771108982943822, ""3"": 0.023150511443387256, ""4"": 0.008653294215898586, ""5"": 0.004116614546152916}"
control_gain,200,p0.10,nan,0.9351846116450417,7,0.1,19.900000000000002,19.62,8,30,3924,1962,1.4770066984621886,150,0.563377270991544,0.011267545419830882,3.733750697951388,17.730707855633337,1.9453611845882905,2.787283063606766,8,"{""0"": 0.02002554247947768, ""1"": 0.00611677562851262, ""2"": 0.005818354657988465, ""3"": 0.022661299499509284, ""4"": 0.008944168578705398, ""5"": 0.004039131674791849}"
control_gain,200,p0.10,nan,0.9351846116450417,7,0.1,19.900000000000002,19.62,8,30,3924,1962,1.4770066984621886,160,0.5469800244597756,0.010939600489195513,2.806702710710276,17.811751186961192,1.963780531083612,2.9475553032321433,9,"{""0"": 0.016947437375219507, ""1"": 0.006245293411335369, ""2"": 0.005346079828364084, ""3"": 0.0222474928367185, ""4"": 0.010204050456376387, ""5"": 0.004647249027159235}"
control_gain,200,p0.10,nan,0.9351846116450417,7,0.1,19.900000000000002,19.62,8,30,3924,1962,1.4770066984621886,170,0.5494649047752099,0.0109892980955042,4.145591370384648,17.907740102379613,1.9739605393845308,3.0111552890626134,9,"{""0"": 0.016168621606796926, ""1"": 0.006843274671215931, ""2"": 0.005310345976869206, ""3"": 0.02255416548154756, ""4"": 0.010764774642100749, ""5"": 0.00429460619449482}"
control_gain,200,p0.10,nan,0.9351846116450417,7,0.1,19.900000000000002,19.62,8,30,3924,1962,1.4770066984621886,180,0.5119793917379193,0.010239587834758387,9.653838951971029,17.868840043812327,1.954306879976339,3.1021909142077577,10,"{""0"": 0.015634621464181837, ""1"": 0.005955608179463586, ""2"": 0.00570589863464945, ""3"": 0.021103502720884453, ""4"": 0.007476377176405384, ""5"": 0.005561518832965616}"
control_gain,200,p0.10,nan,0.9351846116450417,7,0.1,19.900000000000002,19.62,8,30,3924,1962,1.4770066984621886,190,0.4993944513135049,0.0099878890262701,5.109189065310773,17.932106526418668,1.9601646052147035,3.1732825100726547,10,"{""0"": 0.014335885889375202, ""1"": 0.00606828153369422, ""2"": 0.005443913959461002, ""3"": 0.02069298350708168, ""4"": 0.0072589439270501575, ""5"": 0.006127325340958339}"
control_gain,200,p0.10,nan,0.9351846116450417,7,0.1,19.900000000000002,19.62,8,30,3924,1962,1.4770066984621886,200,0.5043983294471643,0.010087966588943289,6.881700415455026,18.05295053677363,1.9768539885128544,3.382223094076134,10,"{""0"": 0.012408629994713812, ""1"": 0.007108191516349983, ""2"": 0.005033007421435786, ""3"": 0.02004414553101018, ""4"": 0.008283709297073744, ""5"": 0.007650115773076222}"
control_gain,200,p0.20,nan,0.9125372656456526,7,0.2,39.800000000000004,39.33,23,55,7866,1962,1.4770066984621946,0,0.9657807339326067,0.019315614678652136,nan,0.0,1.4770066984621946,5.452778502806441,11,"{""0"": 0.018449650783237154, ""1"": 0.01737043927412233, ""2"": 0.022382071166005386, ""3"": 0.021949142628567495, ""4"": 0.01691060152170794, ""5"": 0.018831782698272508}"
control_gain,200,p0.20,nan,0.9125372656456526,7,0.2,39.800000000000004,39.33,23,55,7866,1962,1.4770066984621946,10,0.8647611369642577,0.017295222739285156,4.791433799140615,12.986637980511045,1.954611984493492,2.625298155032183,7,"{""0"": 0.013152107592851158, ""1"": 0.04864664963270948, ""2"": 0.0019437697750523419, ""3"": 0.0055199930910530045, ""4"": 0.012891206853272228, ""5"": 0.021617609490772738}"
control_gain,200,p0.20,nan,0.9125372656456526,7,0.2,39.800000000000004,39.33,23,55,7866,1962,1.4770066984621946,20,0.8814391180399664,0.01762878236079933,60.73959041160065,14.37989966727196,1.945114832227804,3.0114342570217705,8,"{""0"": 0.006071172830067321, ""1"": 0.042656051562338024, ""2"": 0.007058284058462476, ""3"": 0.0020734207045334883, ""4"": 0.019114353750847437, ""5"": 0.028799411258547254}"
control_gain,200,p0.20,nan,0.9125372656456526,7,0.2,39.800000000000004,39.33,23,55,7866,1962,1.4770066984621946,30,0.5519862868912279,0.011039725737824559,3.8710649407557556,14.475367955279244,1.905825737373496,2.837037313329936,9,"{""0"": 0.004234504483895379, ""1"": 0.014791809211272655, ""2"": 0.008264701128476219, ""3"": 0.003643944117402982, ""4"": 0.018864999944077282, ""5"": 0.016438395541822824}"
control_gain,200,p0.20,nan,0.9125372656456526,7,0.2,39.800000000000004,39.33,23,55,7866,1962,1.4770066984621946,40,0.4094070400039715,0.008188140800079432,19.303649162490988,14.703714532178864,1.903125414696041,3.117646205044563,9,"{""0"": 0.0024182885713928985, ""1"": 0.014751018273920022, ""2"": 0.0058540085906383255, ""3"": 0.0025966457119327604, ""4"": 0.00583547119168455, ""5"": 0.017673412460908026}"
control_gain,200,p0.20,nan,0.9125372656456526,7,0.2,39.800000000000004,39.33,23,55,7866,1962,1.4770066984621946,50,0.48160330549405966,0.009632066109881194,15.213967413611185,15.107200696969326,1.8411621322780416,2.947448079684633,9,"{""0"": 0.0027667969201556225, ""1"": 0.01041806363892592, ""2"": 0.008685547083838435, ""3"": 0.003041587198799081, ""4"": 0.015675698601146554, ""5"": 0.017204703216421546}"
control_gain,200,p0.20,nan,0.9125372656456526,7,0.2,39.800000000000004,39.33,23,55,7866,1962,1.4770066984621946,60,0.4728010969182866,0.009456021938365734,33.21295137137749,15.544204082337995,1.8309093799579963,3.3021881673275617,10,"{""0"": 0.0033893641771864567, ""1"": 0.010275335256630326, ""2"": 0.008111172174948472, ""3"": 0.0035086630503135376, ""4"": 0.017696088185916538, ""5"": 0.013755508785199067}"
control_gain,200,p0.20,nan,0.9125372656456526,7,0.2,39.800000000000004,39.33,23,55,7866,1962,1.4770066984621946,70,0.4727009560066517,0.009454019120133035,16.467024697670183,15.363023807403085,1.7727265924651099,2.9589420885819098,9,"{""0"": 0.0022409323546073055, ""1"": 0.009243368924675113, ""2"": 0.007974628473747372, ""3"": 0.0030647468151273815, ""4"": 0.019988386898475062, ""5"": 0.01421205125416598}"
control_gain,200,p0.20,nan,0.9125372656456526,7,0.2,39.800000000000004,39.33,23,55,7866,1962,1.4770066984621946,80,0.4611793737434218,0.009223587474868438,32.96689127392485,15.609423241060373,1.7793790938928267,2.7541686252104505,9,"{""0"": 0.0017748585955002275, ""1"": 0.011140972776307113, ""2"": 0.008065982867244515, ""3"": 0.00231008790894168, ""4"": 0.01845122261010946, ""5"": 0.013598400091107623}"
control_gain,200,p0.20,nan,0.9125372656456526,7,0.2,39.800000000000004,39.33,23,55,7866,1962,1.4770066984621946,90,0.3761811278691712,0.007523622557383425,3.4507021373929807,15.68100165776497,1.7841976538332303,2.799665751948055,9,"{""0"": 0.0015929901859746687, ""1"": 0.011592439187069632, ""2"": 0.006083999678823468, ""3"": 0.0022511617197304447, ""4"": 0.011397314494544428, ""5"": 0.012223830078157905}"
control_gain,200,p0.20,nan,0.9125372656456526,7,0.2,39.800000000000004,39.33,23,55,7866,1962,1.4770066984621946,100,0.38565194866942915,0.0077130389733885835,12.30196748874054,15.821048987566442,1.7879540610144882,2.8694879282811074,9,"{""0"": 0.0015761941719103904, ""1"": 0.01049068268340268, ""2"": 0.00644916173103415, ""3"": 0.0024609282825754477, ""4"": 0.01361914561244389, ""5"": 0.011682121358964948}"
control_gain,200,p0.20,nan,0.9125372656456526,7,0.2,39.800000000000004,39.33,23,55,7866,1962,1.4770066984621946,110,0.4119071625960991,0.008238143251921983,15.589804856315832,15.991141455426533,1.8068831780853878,3.01413702418907,9,"{""0"": 0.0017718612895682821, ""1"": 0.008974503500095444, ""2"": 0.007222481041890201, ""3"": 0.002823331813303795, ""4"": 0.015601251595501173, ""5"": 0.013035430271173001}"
control_gain,200,p0.20,nan,0.9125372656456526,7,0.2,39.800000000000004,39.33,23,55,7866,1962,1.4770066984621946,120,0.37507695784808964,0.007501539156961793,3.757585126607917,16.039016198722315,1.7984243598691694,2.9987900514280077,9,"{""0"": 0.0015813933805133723, ""1"": 0.009056068655665628, ""2"": 0.006179838128080482, ""3"": 0.003218234800486556, ""4"": 0.013140263574427219, ""5"": 0.0118334364025975}"
control_gain,200,p0.20,nan,0.9125372656456526,7,0.2,39.800000000000004,39.33,23,55,7866,1962,1.4770066984621946,130,0.3593623570040289,0.007187247140080579,1.4049935414358319,16.12541344833987,1.8397941227125787,3.046539660066524,9,"{""0"": 0.0015224019136097968, ""1"": 0.00939818533524111, ""2"": 0.006139802068752688, ""3"": 0.0035657523372731453, ""4"": 0.010877706898884105, ""5"": 0.011619634286722625}"
control_gain,200,p0.20,nan,0.9125372656456526,7,0.2,39.800000000000004,39.33,23,55,7866,1962,1.4770066984621946,140,0.34413382830231193,0.006882676566046239,10.340707159161838,16.158148041269364,1.834620884084837,2.9905369601555445,9,"{""0"": 0.0015210952918651047, ""1"": 0.008737433755786743, ""2"": 0.004705968945383164, ""3"": 0.004421134041940251, ""4"": 0.010757268194084374, ""5"": 0.011153159167217801}"
control_gain,200,p0.20,nan,0.9125372656456526,7,0.2,39.800000000000004,39.33,23,55,7866,1962,1.4770066984621946,150,0.3306001228543804,0.006612002457087609,5.871196335648796,16.249114466517195,1.8456336532713056,3.0238587022248473,9,"{""0"": 0.001651671443577973, ""1"": 0.006730324506564002, ""2"": 0.004570899253548, ""3"": 0.005074252092089265, ""4"": 0.010169775661432007, ""5"": 0.0114750917853144}"
control_gain,200,p0.20,nan,0.9125372656456526,7,0.2,39.800000000000004,39.33,23,55,7866,1962,1.4770066984621946,160,0.3481962013175433,0.0069639240263508675,7.241738251687646,16.377975341378217,1.8417254565634245,2.898609143853707,9,"{""0"": 0.0015332191285993158, ""1"": 0.007365688842245997, ""2"": 0.005002861145653686, ""3"": 0.004170988574801662, ""4"": 0.012113808864962236, ""5"": 0.01159697760184231}"
control_gain,200,p0.20,nan,0.9125372656456526,7,0.2,39.800000000000004,39.33,23,55,7866,1962,1.4770066984621946,170,0.3564945525866821,0.007129891051733644,1.7323051012234885,16.44682875596584,1.8451135422516147,2.8478999593614382,8,"{""0"": 0.0016301456553160481, ""1"": 0.005920361479941137, ""2"": 0.005875742413442332, ""3"": 0.004285799145069994, ""4"": 0.013064340093438806, ""5"": 0.012002957523193539}"
control_gain,200,p0.20,nan,0.9125372656456526,7,0.2,39.800000000000004,39.33,23,55,7866,1962,1.4770066984621946,180,0.3488064822636501,0.006976129645273002,6.795835265358118,16.52370004622001,1.8582220768539874,2.960415665584785,8,"{""0"": 0.001711096547779637, ""1"": 0.005441582179782085, ""2"": 0.005743095585968644, ""3"": 0.005157597973539599, ""4"": 0.011613559926283715, ""5"": 0.012189845658284333}"
control_gain,200,p0.20,nan,0.9125372656456526,7,0.2,39.800000000000004,39.33,23,55,7866,1962,1.4770066984621946,190,0.32251504359169375,0.006450300871833877,23.800871300459328,16.541621255891833,1.8727353769699109,3.001543901084399,9,"{""0"": 0.0015132717213390393, ""1"": 0.005335654793296754, ""2"": 0.004795533328264181, ""3"": 0.0051811505144717185, ""4"": 0.0102219424065963, ""5"": 0.01165425246703527}"
control_gain,200,p0.20,nan,0.9125372656456526,7,0.2,39.800000000000004,39.33,23,55,7866,1962,1.4770066984621946,200,0.32499675557170504,0.006499935111434102,6.110441676431779,16.598846408979092,1.8733064849073446,2.9535612083934764,8,"{""0"": 0.0014174624565840288, ""1"": 0.005470496169725214, ""2"": 0.0050222554435493455, ""3"": 0.004796261983608779, ""4"": 0.010623266449167898, ""5"": 0.011669868165969344}"
control_gain,200,p0.40,nan,0.9237726818168654,7,0.4,79.60000000000001,79.595,58,97,15919,1962,1.47700669846219,0,1.0269338643335006,0.020538677286670012,nan,0.0,1.47700669846219,5.356801854184852,11,"{""0"": 0.019883349283021396, ""1"": 0.01933501919480321, ""2"": 0.02258258203394157, ""3"": 0.022531388697365592, ""4"": 0.020598369185429476, ""5"": 0.018301355325458853}"
control_gain,200,p0.40,nan,0.9237726818168654,7,0.4,79.60000000000001,79.595,58,97,15919,1962,1.47700669846219,10,0.9806588946290459,0.019613177892580918,6.034536565288651,15.190902389920799,1.9358160814051764,2.7417344887732784,8,"{""0"": 0.027493349013865707, ""1"": 0.04742578041958844, ""2"": 0.0033375265404081084, ""3"": 0.004832057983937739, ""4"": 0.024159323864002494, ""5"": 0.010431029533683021}"
control_gain,200,p0.40,nan,0.9237726818168654,7,0.4,79.60000000000001,79.595,58,97,15919,1962,1.47700669846219,20,0.8861576389394967,0.017723152778789938,4.922420623287427,16.428184143388826,1.9687663234990913,2.585971396811144,8,"{""0"": 0.017455547542913757, ""1"": 0.04773823854759943, ""2"": 0.005090447925182313, ""3"": 0.0031782244528018597, ""4"": 0.022337737834172387, ""5"": 0.010538720370069879}"
control_gain,200,p0.40,nan,0.9237726818168654,7,0.4,79.60000000000001,79.595,58,97,15919,1962,1.47700669846219,30,0.7635416565964164,0.01527083313192833,12.51087924857144,15.871843400892757,1.9868499238304076,2.275088712344424,8,"{""0"": 0.012111025606790178, ""1"": 0.04341545115143088, ""2"": 0.002615411744032988, ""3"": 0.009371491037112153, ""4"": 0.021065321572079913, ""5"": 0.0030462976801238647}"
control_gain,200,p0.40,nan,0.9237726818168654,7,0.4,79.60000000000001,79.595,58,97,15919,1962,1.47700669846219,40,0.612952894270847,0.01225905788541694,11.726114471113831,15.72908956031666,1.9224893743932072,2.389285894959102,9,"{""0"": 0.009389781186769947, ""1"": 0.03400365536018997, ""2"": 0.002725007000988941, ""3"": 0.009914412419766294, ""4"": 0.014325217803753556, ""5"": 0.0031962735410329297}"
control_gain,200,p0.40,nan,0.9237726818168654,7,0.4,79.60000000000001,79.595,58,97,15919,1962,1.47700669846219,50,0.5300188577076073,0.010600377154152145,4.731228391916055,15.97420894733878,1.892493494393676,2.797454812818356,11,"{""0"": 0.012711968915762793, ""1"": 0.01852898170741158, ""2"": 0.003157465341394932, ""3"": 0.009311042219928393, ""4"": 0.016094091906743206, ""5"": 0.0037987128336719666}"
control_gain,200,p0.40,nan,0.9237726818168654,7,0.4,79.60000000000001,79.595,58,97,15919,1962,1.47700669846219,60,0.515644294317088,0.010312885886341761,3.981971498448015,16.334001989732755,1.9486645917199952,2.837966583924242,11,"{""0"": 0.018151902271035074, ""1"": 0.010972317595775388, ""2"": 0.003516405049698668, ""3"": 0.008143117849374049, ""4"": 0.017663528013152248, ""5"": 0.003430044539015145}"
control_gain,200,p0.40,nan,0.9237726818168654,7,0.4,79.60000000000001,79.595,58,97,15919,1962,1.47700669846219,70,0.5226338583957467,0.010452677167914936,14.345826940698865,16.52137941127188,1.973143791380301,2.8622036103944244,11,"{""0"": 0.01841568070222722, ""1"": 0.009148721536745915, ""2"": 0.0035061108046594027, ""3"": 0.008421088884097086, ""4"": 0.01994312057602194, ""5"": 0.003281340503738053}"
control_gain,200,p0.40,nan,0.9237726818168654,7,0.4,79.60000000000001,79.595,58,97,15919,1962,1.47700669846219,80,0.52818667302055,0.010563733460411003,5.773828581564179,16.463991973176725,1.9740562908796522,2.5684472370149507,10,"{""0"": 0.02097162710126154, ""1"": 0.010296440512241864, ""2"": 0.003271916575007549, ""3"": 0.008111922031035963, ""4"": 0.017794249425779347, ""5"": 0.002936245117139756}"
control_gain,200,p0.40,nan,0.9237726818168654,7,0.4,79.60000000000001,79.595,58,97,15919,1962,1.47700669846219,90,0.5278992800436608,0.010557985600873218,2.578085678582058,16.637834884568015,1.9891271335516651,2.5576389495310607,10,"{""0"": 0.020897905572580963, ""1"": 0.010026677215334071, ""2"": 0.002954951278668181, ""3"": 0.008016725664300287, ""4"": 0.018571997496590685, ""5"": 0.002879656377765118}"
control_gain,200,p0.40,nan,0.9237726818168654,7,0.4,79.60000000000001,79.595,58,97,15919,1962,1.47700669846219,100,0.5197677678072036,0.010395355356144075,4.542885449554801,16.68435045625044,1.995152839327254,2.7045373108804642,10,"{""0"": 0.01999331815799509, ""1"": 0.008435952172298361, ""2"": 0.0032204858049799433, ""3"": 0.008380503138039345, ""4"": 0.019006361769621873, ""5"": 0.003335511093929834}"
control_gain,200,p0.40,nan,0.9237726818168654,7,0.4,79.60000000000001,79.595,58,97,15919,1962,1.47700669846219,110,0.5175802116207096,0.01035160423241419,4.652179641133111,16.704451395115775,2.0011488231379153,2.717545197262137,10,"{""0"": 0.02003335036538959, ""1"": 0.006807500813120003, ""2"": 0.0031692308124444193, ""3"": 0.009588444694717806, ""4"": 0.01920961418445074, ""5"": 0.0033014845243625876}"
control_gain,200,p0.40,nan,0.9237726818168654,7,0.4,79.60000000000001,79.595,58,97,15919,1962,1.47700669846219,120,0.5024341783934049,0.010048683567868097,4.396584194568273,16.67784250093659,1.9987508703188874,2.640165319965465,10,"{""0"": 0.020257527222383064, ""1"": 0.0057114554593969274, ""2"": 0.002984979648820786, ""3"": 0.009338818608684022, ""4"": 0.018734616506174306, ""5"": 0.003264703961749484}"
control_gain,200,p0.40,nan,0.9237726818168654,7,0.4,79.60000000000001,79.595,58,97,15919,1962,1.47700669846219,130,0.4854893020589283,0.009709786041178567,2.7617897782094816,16.726173016044736,2.0060209541979717,2.650237802008556,10,"{""0"": 0.019523829606625135, ""1"": 0.005793663173851054, ""2"": 0.003021004983427971, ""3"": 0.008368496811164677, ""4"": 0.018173842151492932, ""5"": 0.0033778795205096335}"
control_gain,200,p0.40,nan,0.9237726818168654,7,0.4,79.60000000000001,79.595,58,97,15919,1962,1.47700669846219,140,0.47881346032564726,0.009576269206512946,4.250267991103252,16.78176510780871,2.016508516010389,2.743303694904617,10,"{""0"": 0.018309967192348814, ""1"": 0.005327518563046881, ""2"": 0.0030140267950999255, ""3"": 0.008167936220814005, ""4"": 0.019246820774043622, ""5"": 0.003391345693724429}"
control_gain,200,p0.40,nan,0.9237726818168654,7,0.4,79.60000000000001,79.595,58,97,15919,1962,1.47700669846219,150,0.477232013209063,0.00954464026418126,2.501737722807807,16.72426994317784,2.015820201579691,2.8341406324425322,10,"{""0"": 0.017008471938926177, ""1"": 0.005249475470872701, ""2"": 0.0029070678994070655, ""3"": 0.009914394127986274, ""4"": 0.018652928673899803, ""5"": 0.0035355034739955487}"
control_gain,200,p0.40,nan,0.9237726818168654,7,0.4,79.60000000000001,79.595,58,97,15919,1962,1.47700669846219,160,0.476940566230175,0.009538811324603502,5.470079895262646,16.78990674520172,2.02230908821532,3.0844164473291,11,"{""0"": 0.014799231742167013, ""1"": 0.0051769791836860195, ""2"": 0.003094919172001557, ""3"": 0.00917568435270174, ""4"": 0.02117010178887795, ""5"": 0.0038159517081867295}"
control_gain,200,p0.40,nan,0.9237726818168654,7,0.4,79.60000000000001,79.595,58,97,15919,1962,1.47700669846219,170,0.4658146160308303,0.009316292320616608,5.952091682546649,16.843633738396473,2.0293618545319076,3.017235129048913,11,"{""0"": 0.015181893493749533, ""1"": 0.005266265957196064, ""2"": 0.0030238493095314537, ""3"": 0.007964156963903825, ""4"": 0.02106907076691341, ""5"": 0.0033925174324053583}"
control_gain,200,p0.40,nan,0.9237726818168654,7,0.4,79.60000000000001,79.595,58,97,15919,1962,1.47700669846219,180,0.4428878007237293,0.008857756014474586,6.933808199101501,16.86983564817305,2.027721257559064,3.029002300543719,10,"{""0"": 0.01437351018424328, ""1"": 0.005043829633594158, ""2"": 0.0032671262747098703, ""3"": 0.009457161258396884, ""4"": 0.017154546806595155, ""5"": 0.0038503619293081674}"
control_gain,200,p0.40,nan,0.9237726818168654,7,0.4,79.60000000000001,79.595,58,97,15919,1962,1.47700669846219,190,0.4428145599825532,0.008856291199651065,3.243939010922522,16.946631556419707,2.0341518242504186,3.2311511415808964,11,"{""0"": 0.012306326934677814, ""1"": 0.005190490837934084, ""2"": 0.0034277148447296605, ""3"": 0.00859485489609045, ""4"": 0.01947452793538008, ""5"": 0.004143831749094305}"
control_gain,200,p0.40,nan,0.9237726818168654,7,0.4,79.60000000000001,79.595,58,97,15919,1962,1.47700669846219,200,0.4238002410337933,0.008476004820675868,22.373963032993494,16.945474828224402,2.028417878030468,3.2700662752900236,11,"{""0"": 0.010356166250264615, ""1"": 0.005273198377555763, ""2"": 0.0033757354300571274, ""3"": 0.008412805134380766, ""4"": 0.01947715903085395, ""5"": 0.003960964700942981}"
control_gain,200,p0.05,nan,1.0,8,0.05,9.950000000000001,9.85,2,21,1970,1970,1.5012948255887297,0,1.0247235278196312,0.020494470556392624,nan,0.0,1.5012948255887297,3.5229675845146318,11,"{""0"": 0.017946901447759588, ""1"": 0.021284717622702766, ""2"": 0.021128240674433436, ""3"": 0.022014069666818292, ""4"": 0.01932090929782119, ""5"": 0.021271984628820483}"
control_gain,200,p0.05,nan,1.0,8,0.05,9.950000000000001,9.85,2,21,1970,1970,1.5012948255887297,10,0.8967866031860899,0.0179357320637218,4.510060087476637,15.185659788922678,1.9304408586113815,1.908943543017735,7,"{""0"": 0.0352103828616037, ""1"": 0.014612479996273676, ""2"": 0.020377550888711914, ""3"": 0.014189091271465639, ""4"": 0.002660023304131917, ""5"": 0.02056486406014394}"
control_gain,200,p0.05,nan,1.0,8,0.05,9.950000000000001,9.85,2,21,1970,1970,1.5012948255887297,20,0.653085775282368,0.01306171550564736,2.7084168993063105,16.23190146659513,2.1782890395257026,3.5014069276337776,11,"{""0"": 0.019846953695364693, ""1"": 0.009470309290624198, ""2"": 0.011090975743840631, ""3"": 0.016092053392120435, ""4"": 0.007300294915188863, ""5"": 0.014569705996745346}"
control_gain,200,p0.05,nan,1.0,8,0.05,9.950000000000001,9.85,2,21,1970,1970,1.5012948255887297,30,0.5853215352448833,0.011706430704897667,8.863742481401806,16.856982610906794,2.1233093293841074,3.515405235455002,11,"{""0"": 0.016664267785970726, ""1"": 0.01223458495816486, ""2"": 0.007296532521873342, ""3"": 0.02107717798193699, ""4"": 0.005672884042004585, ""5"": 0.007293136939435485}"
control_gain,200,p0.05,nan,1.0,8,0.05,9.950000000000001,9.85,2,21,1970,1970,1.5012948255887297,40,0.6297726540160129,0.012595453080320259,17.56265498398513,16.659231488407627,2.134776782214032,3.542667830784922,10,"{""0"": 0.018007248933687253, ""1"": 0.02050993505562225, ""2"": 0.006288509953272198, ""3"": 0.017430590636623743, ""4"": 0.00831609371269231, ""5"": 0.005020340190023802}"
control_gain,200,p0.05,nan,1.0,8,0.05,9.950000000000001,9.85,2,21,1970,1970,1.5012948255887297,50,0.4875753582972616,0.009751507165945233,15.552930589666964,16.825339104395866,2.1193808518674095,3.663687672287251,11,"{""0"": 0.015801291376018097, ""1"": 0.008392683938879479, ""2"": 0.0072365830527723355, ""3"": 0.013697235191499702, ""4"": 0.008150429199002971, ""5"": 0.0052308202374988155}"
control_gain,200,p0.05,nan,1.0,8,0.05,9.950000000000001,9.85,2,21,1970,1970,1.5012948255887297,60,0.4516992887123195,0.009033985774246392,3.1543818754804946,17.19811107057526,2.086483751297999,3.7313148855188136,11,"{""0"": 0.01161985671113805, ""1"": 0.00916876729932713, ""2"": 0.00917994919743623, ""3"": 0.013813913997102042, ""4"": 0.005929431292141381, ""5"": 0.004491996148333522}"
control_gain,200,p0.05,nan,1.0,8,0.05,9.950000000000001,9.85,2,21,1970,1970,1.5012948255887297,70,0.40429857847357675,0.008085971569471535,3.0555490456871373,17.38115839970912,2.0643241225195847,3.7287065275069438,10,"{""0"": 0.007790945413734605, ""1"": 0.008711528100250058, ""2"": 0.009219934459794792, ""3"": 0.013440708588640026, ""4"": 0.005289103406298104, ""5"": 0.004063609448111625}"
control_gain,200,p0.05,nan,1.0,8,0.05,9.950000000000001,9.85,2,21,1970,1970,1.5012948255887297,80,0.36258445119896004,0.007251689023979202,3.11080109266372,17.55019351288842,2.040619454500412,3.83207511654557,10,"{""0"": 0.005344514866209453, ""1"": 0.008074819451688356, ""2"": 0.008749741652394949, ""3"": 0.011249170584933726, ""4"": 0.0065053718891889215, ""5"": 0.0035865156994598036}"
control_gain,200,p0.05,nan,1.0,8,0.05,9.950000000000001,9.85,2,21,1970,1970,1.5012948255887297,90,0.32528069925023867,0.006505613985004773,2.994694886470826,17.710906106506638,2.0350782242381804,3.6751100703874906,10,"{""0"": 0.005465057793446099, ""1"": 0.010083784399955551, ""2"": 0.008047689935583496, ""3"": 0.005554175094091655, ""4"": 0.006238648170898753, ""5"": 0.003644328516053089}"
control_gain,200,p0.05,nan,1.0,8,0.05,9.950000000000001,9.85,2,21,1970,1970,1.5012948255887297,100,0.28798694159607685,0.005759738831921538,26.47101001290757,17.810452859169306,2.0840648037082596,3.575743874431576,10,"{""0"": 0.005512861541699497, ""1"": 0.008974269170032226, ""2"": 0.00797494296803373, ""3"": 0.003028681060194471, ""4"": 0.005530467109128282, ""5"": 0.0035372111424410236}"
control_gain,200,p0.05,nan,1.0,8,0.05,9.950000000000001,9.85,2,21,1970,1970,1.5012948255887297,110,0.29471934776048603,0.005894386955209722,2.5420943235778273,17.932005279389653,2.118367861469295,3.5746746684505677,9,"{""0"": 0.0061573923086283055, ""1"": 0.010531301450018725, ""2"": 0.006935143128882669, ""3"": 0.002477125861139639, ""4"": 0.005965072003067603, ""5"": 0.0033002869795213893}"
control_gain,200,p0.05,nan,1.0,8,0.05,9.950000000000001,9.85,2,21,1970,1970,1.5012948255887297,120,0.29625195843214086,0.0059250391686428185,1.9169398994248645,18.00906143808524,2.140571413660132,3.578576172181747,9,"{""0"": 0.0062094880061973, ""1"": 0.01145190144114348, ""2"": 0.005692415324903292, ""3"": 0.002388682131599506, ""4"": 0.0066432117597307674, ""5"": 0.003164536348282563}"
control_gain,200,p0.05,nan,1.0,8,0.05,9.950000000000001,9.85,2,21,1970,1970,1.5012948255887297,130,0.292463810067446,0.005849276201348921,6.752581897914977,18.094167263787618,2.1549326841829366,3.4962028891723427,9,"{""0"": 0.005428514347846636, ""1"": 0.011911853947105838, ""2"": 0.006103388425886052, ""3"": 0.0020700679012005813, ""4"": 0.0061523392878857055, ""5"": 0.0034294932981687115}"
control_gain,200,p0.05,nan,1.0,8,0.05,9.950000000000001,9.85,2,21,1970,1970,1.5012948255887297,140,0.28221711383032394,0.00564434227660648,0.9723043750998501,18.16655229309158,2.184795852594939,3.4959321204357057,9,"{""0"": 0.006069126104243738, ""1"": 0.011608997369616425, ""2"": 0.00463816386465043, ""3"": 0.0018695943763268352, ""4"": 0.006114025393503246, ""5"": 0.0035661465512982055}"
control_gain,200,p0.05,nan,1.0,8,0.05,9.950000000000001,9.85,2,21,1970,1970,1.5012948255887297,150,0.26514770920470515,0.005302954184094103,11.960340870853386,18.2712245104231,2.1887436748438844,3.459278560473748,9,"{""0"": 0.006657702560169501, ""1"": 0.00937822113380243, ""2"": 0.00466471172640834, ""3"": 0.0018689238512765026, ""4"": 0.00525117468771104, ""5"": 0.003996991145196807}"
control_gain,200,p0.05,nan,1.0,8,0.05,9.950000000000001,9.85,2,21,1970,1970,1.5012948255887297,160,0.27820174821143157,0.005564034964228632,34.22005839447998,18.273699498082028,2.195111067078609,3.4020876229867425,9,"{""0"": 0.006501480355162631, ""1"": 0.009646732202263992, ""2"": 0.005783296227527915, ""3"": 0.0017546696608039592, ""4"": 0.005164607620684524, ""5"": 0.004533423718928767}"
control_gain,200,p0.05,nan,1.0,8,0.05,9.950000000000001,9.85,2,21,1970,1970,1.5012948255887297,170,0.2714144988806932,0.005428289977613865,1.9441300504558778,18.373411769210094,2.2053920543694003,3.441464905078139,9,"{""0"": 0.007105729842487656, ""1"": 0.00949976473403367, ""2"": 0.0041377951096157675, ""3"": 0.001955259371769563, ""4"": 0.005621576601275035, ""5"": 0.0042496142065015004}"
control_gain,200,p0.05,nan,1.0,8,0.05,9.950000000000001,9.85,2,21,1970,1970,1.5012948255887297,180,0.27304163868309733,0.0054608327736619475,1.0849301707891292,18.381518543365996,2.223324019646887,3.4629156397118246,8,"{""0"": 0.007034597086256962, ""1"": 0.009343628884105285, ""2"": 0.003698346686581492, ""3"": 0.0018696745042896424, ""4"": 0.006464542280700236, ""5"": 0.0043542072000380735}"
control_gain,200,p0.05,nan,1.0,8,0.05,9.950000000000001,9.85,2,21,1970,1970,1.5012948255887297,190,0.2752207933278487,0.005504415866556975,18.455177218678386,18.473447708960812,2.2283737733125717,3.4399190322176754,8,"{""0"": 0.0067605656023898685, ""1"": 0.009342305881246371, ""2"": 0.004446363911826961, ""3"": 0.0017422789026651068, ""4"": 0.006320911332169823, ""5"": 0.004414069569043714}"
control_gain,200,p0.05,nan,1.0,8,0.05,9.950000000000001,9.85,2,21,1970,1970,1.5012948255887297,200,0.2604222969230078,0.005208445938460157,35.14136135934923,18.54649240793384,2.231866434992681,3.4586148015572538,9,"{""0"": 0.00698800455419535, ""1"": 0.008515762659623062, ""2"": 0.003374857065659991, ""3"": 0.001607263047127528, ""4"": 0.00639117465311501, ""5"": 0.004373613651039996}"
control_gain,200,p0.10,nan,0.9544922466715182,8,0.1,19.900000000000002,19.91,6,32,3982,1970,1.5012948255887255,0,0.9815026503322808,0.01963005300664562,nan,0.0,1.5012948255887255,5.2139591130545,12,"{""0"": 0.015900789544271026, ""1"": 0.01702716403873047, ""2"": 0.021163890887485944, ""3"": 0.024562676578197724, ""4"": 0.018615276753560832, ""5"": 0.020510520237627717}"
control_gain,200,p0.10,nan,0.9544922466715182,8,0.1,19.900000000000002,19.91,6,32,3982,1970,1.5012948255887255,10,1.0639736644578546,0.021279473289157094,4.608631595506962,15.058858994294287,1.9039110676642563,2.7765400104871754,10,"{""0"": 0.025254786730497202, ""1"": 0.013763702389935063, ""2"": 0.01407076298896343, ""3"": 0.03708361586187407, ""4"": 0.019041826389918987, ""5"": 0.0184621453737538}"
control_gain,200,p0.10,nan,0.9544922466715182,8,0.1,19.900000000000002,19.91,6,32,3982,1970,1.5012948255887255,20,0.7401337817530017,0.014802675635060035,7.0632180495719945,15.792056714282909,2.02145686474499,2.4559945447664093,9,"{""0"": 0.013776501382796996, ""1"": 0.015739631153329697, ""2"": 0.007343104816358127, ""3"": 0.03263425676852656, ""4"": 0.014046468885434002, ""5"": 0.005276090803914828}"
control_gain,200,p0.10,nan,0.9544922466715182,8,0.1,19.900000000000002,19.91,6,32,3982,1970,1.5012948255887255,30,0.5706882844487479,0.01141376568897496,1.7555589249488854,16.02185305165351,2.0642020334453655,2.669408933998033,10,"{""0"": 0.010048238275720487, ""1"": 0.018443853916902248, ""2"": 0.0025486316460400773, ""3"": 0.022191881197050668, ""4"": 0.011669841639563491, ""5"": 0.003580147458572785}"
control_gain,200,p0.10,nan,0.9544922466715182,8,0.1,19.900000000000002,19.91,6,32,3982,1970,1.5012948255887255,40,0.4016473720783795,0.008032947441567592,3.050008655639351,16.51757859999225,2.080659058748419,3.2000207770142777,10,"{""0"": 0.005393760411585869, ""1"": 0.019569606110463784, ""2"": 0.0026915406074989987, ""3"": 0.010376707678330311, ""4"": 0.008044316933051101, ""5"": 0.002121752908475487}"
control_gain,200,p0.10,nan,0.9544922466715182,8,0.1,19.900000000000002,19.91,6,32,3982,1970,1.5012948255887255,50,0.5664200980402192,0.011328401960804386,46.42476420583073,16.412575521347435,2.0606454634264533,2.5585109205536045,10,"{""0"": 0.011262984272995094, ""1"": 0.013125290889668698, ""2"": 0.0031576160077074257, ""3"": 0.022813024294717373, ""4"": 0.014527083819706873, ""5"": 0.0030844124800308488}"
control_gain,200,p0.10,nan,0.9544922466715182,8,0.1,19.900000000000002,19.91,6,32,3982,1970,1.5012948255887255,60,0.5286591374758364,0.010573182749516729,4.435252283135302,16.63073457861193,2.076033848827416,2.7544903876007765,10,"{""0"": 0.008924701339761875, ""1"": 0.012904228122985842, ""2"": 0.0030396255776507916, ""3"": 0.021012163903677935, ""4"": 0.014713427211633748, ""5"": 0.0028449503413901824}"
control_gain,200,p0.10,nan,0.9544922466715182,8,0.1,19.900000000000002,19.91,6,32,3982,1970,1.5012948255887255,70,0.42652243737510287,0.008530448747502058,36.019142722375776,16.971096491075624,2.026398961027363,3.028558190955446,10,"{""0"": 0.006680509750491219, ""1"": 0.0069008087489707114, ""2"": 0.0029641811334994396, ""3"": 0.01601356350560446, ""4"": 0.015023047739609195, ""5"": 0.00360058160683733}"
control_gain,200,p0.10,nan,0.9544922466715182,8,0.1,19.900000000000002,19.91,6,32,3982,1970,1.5012948255887255,80,0.39644991676367275,0.007928998335273456,28.280674977893263,17.07677039769738,2.016000376901202,3.1078346323935877,10,"{""0"": 0.006611828714134055, ""1"": 0.00824840833588662, ""2"": 0.002716760967048263, ""3"": 0.008655574617797488, ""4"": 0.01647071745393604, ""5"": 0.004870699922838275}"
control_gain,200,p0.10,nan,0.9544922466715182,8,0.1,19.900000000000002,19.91,6,32,3982,1970,1.5012948255887255,90,0.3774029200720852,0.007548058401441704,2.675380586110825,17.349743696308582,2.0347959574282535,3.2042116285989026,10,"{""0"": 0.005763348459168871, ""1"": 0.007574492486708587, ""2"": 0.002776360681902578, ""3"": 0.00766542209879405, ""4"": 0.015774565803062118, ""5"": 0.005734160879014027}"
control_gain,200,p0.10,nan,0.9544922466715182,8,0.1,19.900000000000002,19.91,6,32,3982,1970,1.5012948255887255,100,0.33625851682812774,0.0067251703365625555,13.35878702559591,17.39681791927463,2.0153970018308525,3.187937540973236,10,"{""0"": 0.004882016916655319, ""1"": 0.007750788915084595, ""2"": 0.002733662103609334, ""3"": 0.006945038397914776, ""4"": 0.014995573304938548, ""5"": 0.003043942381172765}"
control_gain,200,p0.10,nan,0.9544922466715182,8,0.1,19.900000000000002,19.91,6,32,3982,1970,1.5012948255887255,110,0.3181221468031251,0.006362442936062503,9.66606096994432,17.589739008934757,2.0046549294849307,3.2153343234861973,10,"{""0"": 0.004537493577688876, ""1"": 0.007903530684329465, ""2"": 0.0024127341066586365, ""3"": 0.0054808313340855164, ""4"": 0.014755826638739155, ""5"": 0.0030842412748733655}"
control_gain,200,p0.10,nan,0.9544922466715182,8,0.1,19.900000000000002,19.91,6,32,3982,1970,1.5012948255887255,120,0.3126898334094374,0.006253796668188749,3.4825335157926705,17.708255547801247,1.998993143541167,3.2206117435920145,9,"{""0"": 0.004438934689533976, ""1"": 0.007975655051522444, ""2"": 0.0022443772460974598, ""3"": 0.0054613405145393645, ""4"": 0.014872070831816454, ""5"": 0.0025304016756227963}"
control_gain,200,p0.10,nan,0.9544922466715182,8,0.1,19.900000000000002,19.91,6,32,3982,1970,1.5012948255887255,130,0.3333812389554692,0.006667624779109384,3.883485421459764,17.743941298165094,1.9988596013692481,3.304667355964147,10,"{""0"": 0.00461787423918005, ""1"": 0.007478239599505905, ""2"": 0.0024731546789393223, ""3"": 0.0070489012237447855, ""4"": 0.014375681062171509, ""5"": 0.004011897871114728}"
control_gain,200,p0.10,nan,0.9544922466715182,8,0.1,19.900000000000002,19.91,6,32,3982,1970,1.5012948255887255,140,0.32022231112057,0.0064044462224114,5.732768874452241,17.80402372779828,1.9986559386032565,3.314572216074391,10,"{""0"": 0.004413309459031624, ""1"": 0.007269372504020245, ""2"": 0.0023985779871921564, ""3"": 0.005990601106685003, ""4"": 0.014456639273169458, ""5"": 0.0038981770043699134}"
control_gain,200,p0.10,nan,0.9544922466715182,8,0.1,19.900000000000002,19.91,6,32,3982,1970,1.5012948255887255,150,0.3388188676863964,0.006776377353727929,2.844098751150188,17.877810510621323,1.9922306353318007,3.2709052505147334,9,"{""0"": 0.004659328912608744, ""1"": 0.007245034133948803, ""2"": 0.0024958033525747706, ""3"": 0.006312517130314517, ""4"": 0.01451207520708209, ""5"": 0.005433505385838652}"
control_gain,200,p0.10,nan,0.9544922466715182,8,0.1,19.900000000000002,19.91,6,32,3982,1970,1.5012948255887255,160,0.3161224269479787,0.006322448538959575,12.839687934063534,17.94974210399005,1.9720658198330097,3.302253877777361,9,"{""0"": 0.004402880347641652, ""1"": 0.007395196230657673, ""2"": 0.0024551826058667563, ""3"": 0.0033436318509278582, ""4"": 0.014279883347741612, ""5"": 0.006057916850921898}"
control_gain,200,p0.10,nan,0.9544922466715182,8,0.1,19.900000000000002,19.91,6,32,3982,1970,1.5012948255887255,170,0.30374174391530523,0.006074834878306105,2.770099460681957,18.036904329209527,1.9817985309078288,3.3178228489416868,9,"{""0"": 0.004105459874778777, ""1"": 0.00756881320600356, ""2"": 0.0024062323050075152, ""3"": 0.002954691136203944, ""4"": 0.013253096304959003, ""5"": 0.006160716442883836}"
control_gain,200,p0.10,nan,0.9544922466715182,8,0.1,19.900000000000002,19.91,6,32,3982,1970,1.5012948255887255,180,0.301018816603396,0.006020376332067921,3.3525919943037588,18.11799723498275,1.978399338711166,3.366951615122082,9,"{""0"": 0.004159009658622853, ""1"": 0.007622393323209542, ""2"": 0.002379271404287683, ""3"": 0.0028015685130370715, ""4"": 0.012938541514764276, ""5"": 0.006221473578486099}"
control_gain,200,p0.10,nan,0.9544922466715182,8,0.1,19.900000000000002,19.91,6,32,3982,1970,1.5012948255887255,190,0.29403259478762356,0.005880651895752472,3.6121088126071235,18.162999210591117,1.9736790775567066,3.3883113300816006,10,"{""0"": 0.004003738095679173, ""1"": 0.007444998649939917, ""2"": 0.0023548408441764674, ""3"": 0.002937725219985918, ""4"": 0.01236447210252055, ""5"": 0.006178136462212803}"
control_gain,200,p0.10,nan,0.9544922466715182,8,0.1,19.900000000000002,19.91,6,32,3982,1970,1.5012948255887255,200,0.2770301555920947,0.005540603111841895,13.801758594478468,18.24419514801535,1.977714592289521,3.384992215452856,9,"{""0"": 0.00417119615580632, ""1"": 0.007405854912688264, ""2"": 0.0023884654206774427, ""3"": 0.0028502834535788163, ""4"": 0.010225551209432979, ""5"": 0.0062022675188675444}"
control_gain,200,p0.20,nan,0.854439807634525,8,0.2,39.800000000000004,39.53,23,60,7906,1970,1.5012948255887308,0,0.9363534037938218,0.01872706807587644,nan,0.0,1.5012948255887308,2.245842998473064,8,"{""0"": 0.016761336035210874, ""1"": 0.01773316328655217, ""2"": 0.019689047957159967, ""3"": 0.01960295968241239, ""4"": 0.018740778512563432, ""5"": 0.019835122981359806}"
control_gain,200,p0.20,nan,0.854439807634525,8,0.2,39.800000000000004,39.53,23,60,7906,1970,1.5012948255887308,10,0.8759520563052566,0.017519041126105136,1.7472548918736146,12.238393567077333,2.0738788450483585,2.2327548218824425,6,"{""0"": 0.0173190969103089, ""1"": 0.02597012406215876, ""2"": 0.017863058065614234, ""3"": 0.008772605400210551, ""4"": 0.0026917396273306187, ""5"": 0.032497622691007734}"
control_gain,200,p0.20,nan,0.854439807634525,8,0.2,39.800000000000004,39.53,23,60,7906,1970,1.5012948255887308,20,0.36201793069264976,0.007240358613852996,6.9496409354413755,14.116261941931528,1.9959408322413323,2.7441786117771945,5,"{""0"": 0.0012601603971713806, ""1"": 0.004534968780623624, ""2"": 0.007367815774119701, ""3"": 0.01932200135165896, ""4"": 0.002395646901524731, ""5"": 0.008561558478019572}"
control_gain,200,p0.20,nan,0.854439807634525,8,0.2,39.800000000000004,39.53,23,60,7906,1970,1.5012948255887308,30,0.30589798813818375,0.006117959762763676,5.202756650285509,14.869962877019974,1.9893750864367656,2.793081047048183,6,"{""0"": 0.000838321291582747, ""1"": 0.008809071790948388, ""2"": 0.0021188742009979333, ""3"": 0.009303265634878133, ""4"": 0.005904722361476137, ""5"": 0.009733503296698715}"
control_gain,200,p0.20,nan,0.854439807634525,8,0.2,39.800000000000004,39.53,23,60,7906,1970,1.5012948255887308,40,0.2515518273867301,0.0050310365477346025,1.0709824107750334,15.302700184182012,2.060831373390874,2.964958855677663,6,"{""0"": 0.0011981881341682832, ""1"": 0.007225459830175156, ""2"": 0.0016507816795148153, ""3"": 0.00630583978483117, ""4"": 0.007433795382264958, ""5"": 0.006372154475453226}"
control_gain,200,p0.20,nan,0.854439807634525,8,0.2,39.800000000000004,39.53,23,60,7906,1970,1.5012948255887308,50,0.22744806475971233,0.004548961295194247,2.4441268387547317,15.507710318170345,1.9850534499590797,2.969309657953499,6,"{""0"": 0.0020585941742109932, ""1"": 0.003605754599508898, ""2"": 0.00204321845937888, ""3"": 0.011131892449163964, ""4"": 0.003191279267343376, ""5"": 0.005263028821559377}"
control_gain,200,p0.20,nan,0.854439807634525,8,0.2,39.800000000000004,39.53,23,60,7906,1970,1.5012948255887308,60,0.17860762843208383,0.0035721525686416775,1.9068871075606195,15.768651876296973,2.0187645124402267,3.12369277547749,7,"{""0"": 0.0012181240359321116, ""1"": 0.004381242909344692, ""2"": 0.0021345624148689612, ""3"": 0.0036629948150528253, ""4"": 0.0028438226659929884, ""5"": 0.0071921685706584845}"
control_gain,200,p0.20,nan,0.854439807634525,8,0.2,39.800000000000004,39.53,23,60,7906,1970,1.5012948255887308,70,0.17589533410717062,0.0035179066821434133,2.625721617715627,15.989364392973833,2.0272820400262743,3.1166102263050774,7,"{""0"": 0.001472102673059374, ""1"": 0.0036040026037042665, ""2"": 0.0026754493186282565, ""3"": 0.0025031986056131285, ""4"": 0.0027060914276642784, ""5"": 0.008146595464191176}"
control_gain,200,p0.20,nan,0.854439807634525,8,0.2,39.800000000000004,39.53,23,60,7906,1970,1.5012948255887308,80,0.17094748431408724,0.003418949686281745,3.7308517081606176,16.237061260557272,2.024439079888462,3.1333800995342274,7,"{""0"": 0.0010331288416716153, ""1"": 0.004473899310588797, ""2"": 0.0025176974446689307, ""3"": 0.0018802386674956842, ""4"": 0.002893063782347771, ""5"": 0.007715670070917675}"
control_gain,200,p0.20,nan,0.854439807634525,8,0.2,39.800000000000004,39.53,23,60,7906,1970,1.5012948255887308,90,0.16605395540367213,0.0033210791080734428,1.2730021304497332,16.453420637775675,2.030510459208015,3.1097026691882492,7,"{""0"": 0.0009438242411322052, ""1"": 0.00447456498886436, ""2"": 0.002965969902152661, ""3"": 0.0017703463988953088, ""4"": 0.002803078946563556, ""5"": 0.006968690170832565}"
control_gain,200,p0.20,nan,0.854439807634525,8,0.2,39.800000000000004,39.53,23,60,7906,1970,1.5012948255887308,100,0.1688134381171304,0.0033762687623426087,3.963982981129399,16.619787051455045,2.0382688240476403,3.067436789609763,7,"{""0"": 0.0008683209522559563, ""1"": 0.004717816971850446, ""2"": 0.0033575374613117256, ""3"": 0.0017400483844387798, ""4"": 0.0024875873329889596, ""5"": 0.0070863014712097844}"
control_gain,200,p0.20,nan,0.854439807634525,8,0.2,39.800000000000004,39.53,23,60,7906,1970,1.5012948255887308,110,0.14530065405784914,0.0029060130811569833,49.092441488922006,16.842931181099708,1.9466771936829508,3.0747530458000076,6,"{""0"": 0.000819087587919737, ""1"": 0.004902569916518843, ""2"": 0.0029722735656870425, ""3"": 0.001521979363117911, ""4"": 0.002745480567061036, ""5"": 0.00447468748663733}"
control_gain,200,p0.20,nan,0.854439807634525,8,0.2,39.800000000000004,39.53,23,60,7906,1970,1.5012948255887308,120,0.14857953790915138,0.0029715907581830277,0.6960360510874295,16.99369127949294,2.0623747364601637,3.116254625504744,6,"{""0"": 0.0009438427617301194, ""1"": 0.004713848240423488, ""2"": 0.0026588095428982097, ""3"": 0.001737778163956458, ""4"": 0.0036557660132917717, ""5"": 0.004119499826798119}"
control_gain,200,p0.20,nan,0.854439807634525,8,0.2,39.800000000000004,39.53,23,60,7906,1970,1.5012948255887308,130,0.14754196785776066,0.0029508393571552136,1.9245091842847313,17.119137065634952,2.0607150788373745,3.0867445037822936,6,"{""0"": 0.0007729925363097906, ""1"": 0.005195481810425106, ""2"": 0.0030367901343045798, ""3"": 0.0016518081755760457, ""4"": 0.002595896469259332, ""5"": 0.004452067017056428}"
control_gain,200,p0.20,nan,0.854439807634525,8,0.2,39.800000000000004,39.53,23,60,7906,1970,1.5012948255887308,140,0.14882646620292544,0.002976529324058509,1.2559255462700878,17.24953624732908,2.063027327122511,3.0794718664542136,6,"{""0"": 0.000751996306736601, ""1"": 0.005238586291548779, ""2"": 0.003196326312418949, ""3"": 0.0017735660663524837, ""4"": 0.0026047421276458034, ""5"": 0.004293958839648439}"
control_gain,200,p0.20,nan,0.854439807634525,8,0.2,39.800000000000004,39.53,23,60,7906,1970,1.5012948255887308,150,0.14279327653414325,0.0028558655306828657,0.49423418560232557,17.374454392693607,2.0591245933545586,3.076722275030554,6,"{""0"": 0.0008496052522344174, ""1"": 0.004444402535921868, ""2"": 0.0034312360646962885, ""3"": 0.001975665747587474, ""4"": 0.0020399404514942713, ""5"": 0.0043943431321628755}"
control_gain,200,p0.20,nan,0.854439807634525,8,0.2,39.800000000000004,39.53,23,60,7906,1970,1.5012948255887308,160,0.13987269628119467,0.0027974539256238936,5.448823193388607,17.513646141318205,2.066159576738772,3.0533278872634537,6,"{""0"": 0.0009314480497308924, ""1"": 0.004148085843512871, ""2"": 0.003759496419903626, ""3"": 0.001715854334560539, ""4"": 0.0018793552142676092, ""5"": 0.004350483691767824}"
control_gain,200,p0.20,nan,0.854439807634525,8,0.2,39.800000000000004,39.53,23,60,7906,1970,1.5012948255887308,170,0.14127191539305922,0.002825438307861185,0.6135776832102181,17.60056516101616,2.067707492289886,3.043306479115617,6,"{""0"": 0.0008831051157876555, ""1"": 0.004452479581748553, ""2"": 0.0037465210791784186, ""3"": 0.0017622027094969625, ""4"": 0.0017017973130109255, ""5"": 0.0044065240479445955}"
control_gain,200,p0.20,nan,0.854439807634525,8,0.2,39.800000000000004,39.53,23,60,7906,1970,1.5012948255887308,180,0.14535746493105586,0.0029071492986211173,1.1590422651267316,17.66947425581914,2.0605803200985737,3.032751104403594,6,"{""0"": 0.0008744492909683387, ""1"": 0.004664134020147327, ""2"": 0.0040574740276456776, ""3"": 0.0017171707984120585, ""4"": 0.0017007463047387073, ""5"": 0.004428921349814596}"
control_gain,200,p0.20,nan,0.854439807634525,8,0.2,39.800000000000004,39.53,23,60,7906,1970,1.5012948255887308,190,0.1529322433827861,0.0030586448676557226,5.73708115811662,17.791714077953824,2.0564395752974964,3.03202663843016,6,"{""0"": 0.0007856130849747065, ""1"": 0.004979715188074115, ""2"": 0.0044094548380179625, ""3"": 0.0016299174621597957, ""4"": 0.0017678332760501666, ""5"": 0.00477933535665759}"
control_gain,200,p0.20,nan,0.854439807634525,8,0.2,39.800000000000004,39.53,23,60,7906,1970,1.5012948255887308,200,0.14298509290425004,0.0028597018580850016,1.0417550284304724,17.84787323841757,2.068186231167688,3.0366699229082577,6,"{""0"": 0.0007825566818499991, ""1"": 0.004756539453502788, ""2"": 0.003811041281865512, ""3"": 0.001784011681743867, ""4"": 0.001814777173595192, ""5"": 0.00420928487595265}"
control_gain,200,p0.40,nan,0.9691798237214662,8,0.4,79.60000000000001,78.99,64,99,15798,1970,1.5012948255887417,0,0.9709546445367677,0.019419092890735356,nan,0.0,1.5012948255887417,4.507012187255933,12,"{""0"": 0.018742801204072273, ""1"": 0.019847920213352233, ""2"": 0.019396131066673518, ""3"": 0.018999414030602006, ""4"": 0.020554432230394395, ""5"": 0.018973858599317703}"
control_gain,200,p0.40,nan,0.9691798237214662,8,0.4,79.60000000000001,78.99,64,99,15798,1970,1.5012948255887417,10,0.783983022543095,0.015679660450861905,25.31575151900568,14.970070749016296,1.9552086067512078,6.671112496331334,17,"{""0"": 0.010153850993982864, ""1"": 0.017970393568952695, ""2"": 0.019569881022422707, ""3"": 0.010217906323195688, ""4"": 0.019177551725301428, ""5"": 0.01698837907131603}"
control_gain,200,p0.40,nan,0.9691798237214662,8,0.4,79.60000000000001,78.99,64,99,15798,1970,1.5012948255887417,20,0.5740583945947169,0.011481167891894338,5.000818052648628,16.515866052693323,2.0295891338867396,5.116060616307677,15,"{""0"": 0.009540206504734548, ""1"": 0.013562274378575065, ""2"": 0.011216128777428213, ""3"": 0.014318513661257543, ""4"": 0.012063289693920076, ""5"": 0.008186594335450593}"
control_gain,200,p0.40,nan,0.9691798237214662,8,0.4,79.60000000000001,78.99,64,99,15798,1970,1.5012948255887417,30,0.6041947488178262,0.012083894976356525,5.512218133739573,17.120585328690243,2.0213412182487387,4.620957008300804,16,"{""0"": 0.018819596276845603, ""1"": 0.019363378209540878, ""2"": 0.0074571139186475205, ""3"": 0.009649582962887855, ""4"": 0.01112571263014523, ""5"": 0.0060879858600720645}"
control_gain,200,p0.40,nan,0.9691798237214662,8,0.4,79.60000000000001,78.99,64,99,15798,1970,1.5012948255887417,40,0.5834787788693133,0.011669575577386267,6.890831682133371,17.48455056250007,2.0375225950174576,4.537019101237516,15,"{""0"": 0.017423701219502506, ""1"": 0.018890408688670764, ""2"": 0.005112377722156404, ""3"": 0.008304626279689798, ""4"": 0.01219923213180269, ""5"": 0.008087107422495441}"
control_gain,200,p0.40,nan,0.9691798237214662,8,0.4,79.60000000000001,78.99,64,99,15798,1970,1.5012948255887417,50,0.5433939553971536,0.010867879107943073,7.516341490642726,17.719839645533334,2.0140354057780527,4.536204260948944,15,"{""0"": 0.019361396829887557, ""1"": 0.01451172743430621, ""2"": 0.0050845519517007135, ""3"": 0.008716081213733084, ""4"": 0.008686293920559241, ""5"": 0.008847223297471622}"
control_gain,200,p0.40,nan,0.9691798237214662,8,0.4,79.60000000000001,78.99,64,99,15798,1970,1.5012948255887417,60,0.6043079801252424,0.01208615960250485,5.410685873611727,17.856318709576136,2.0015996767920283,4.541295088470464,16,"{""0"": 0.02288571669418457, ""1"": 0.017641760866846785, ""2"": 0.0043798258287307545, ""3"": 0.010155451531433685, ""4"": 0.007718540387635915, ""5"": 0.009735662306197398}"
control_gain,200,p0.40,nan,0.9691798237214662,8,0.4,79.60000000000001,78.99,64,99,15798,1970,1.5012948255887417,70,0.5786547502744898,0.011573095005489796,5.6747098986978965,17.728865713432874,1.9938083653075258,4.498785849898981,16,"{""0"": 0.021238911328961545, ""1"": 0.01594576922692502, ""2"": 0.0050926641190430656, ""3"": 0.010718884165367917, ""4"": 0.007083125900194369, ""5"": 0.009359215292446849}"
control_gain,200,p0.40,nan,0.9691798237214662,8,0.4,79.60000000000001,78.99,64,99,15798,1970,1.5012948255887417,80,0.5218971680367722,0.010437943360735445,27.47243673044346,17.67860372317238,1.960645755311131,4.584826538336563,16,"{""0"": 0.020034525529523613, ""1"": 0.014412171116176587, ""2"": 0.0048789246370882335, ""3"": 0.008374262994267188, ""4"": 0.00683488586469007, ""5"": 0.008092890022666983}"
control_gain,200,p0.40,nan,0.9691798237214662,8,0.4,79.60000000000001,78.99,64,99,15798,1970,1.5012948255887417,90,0.4990995966297599,0.009981991932595198,6.429533027021327,17.737951966923134,1.979170013904366,4.387015417422756,15,"{""0"": 0.018895093584032845, ""1"": 0.013465826711177043, ""2"": 0.005061440960177001, ""3"": 0.008819256179066716, ""4"": 0.005281911048598568, ""5"": 0.008368423112519013}"
control_gain,200,p0.40,nan,0.9691798237214662,8,0.4,79.60000000000001,78.99,64,99,15798,1970,1.5012948255887417,100,0.5006532265424174,0.010013064530848348,9.966593642810658,17.844268466867526,2.000248322469849,4.324173560784876,15,"{""0"": 0.018457272272707152, ""1"": 0.013904962527237196, ""2"": 0.0049730348315543274, ""3"": 0.009441747451037891, ""4"": 0.004914431466423954, ""5"": 0.008386938636129562}"
control_gain,200,p0.40,nan,0.9691798237214662,8,0.4,79.60000000000001,78.99,64,99,15798,1970,1.5012948255887417,110,0.504896325689493,0.010097926513789863,6.994731198619938,17.82466458400146,1.9888974527714813,4.399227452219809,15,"{""0"": 0.019137868752528497, ""1"": 0.014386103405849046, ""2"": 0.00465052633470509, ""3"": 0.00921275810620807, ""4"": 0.005525434335868872, ""5"": 0.007674868147579601}"
control_gain,200,p0.40,nan,0.9691798237214662,8,0.4,79.60000000000001,78.99,64,99,15798,1970,1.5012948255887417,120,0.48595563456613916,0.009719112691322784,9.29702520230459,17.87080349712133,1.997872137317519,4.420076864656356,15,"{""0"": 0.018574575787873165, ""1"": 0.013950269990411285, ""2"": 0.004179705646120227, ""3"": 0.008385553420842936, ""4"": 0.005876997855824914, ""5"": 0.007347573446864176}"
control_gain,200,p0.40,nan,0.9691798237214662,8,0.4,79.60000000000001,78.99,64,99,15798,1970,1.5012948255887417,130,0.48704900541173046,0.00974098010823461,4.842163533286127,17.882869503929687,2.024021824611321,4.326860092427651,15,"{""0"": 0.018513439318616536, ""1"": 0.01322603276579119, ""2"": 0.004416038651820655, ""3"": 0.009473608861775635, ""4"": 0.005752521388735425, ""5"": 0.007064239662668226}"
control_gain,200,p0.40,nan,0.9691798237214662,8,0.4,79.60000000000001,78.99,64,99,15798,1970,1.5012948255887417,140,0.48020620324502045,0.00960412406490041,19.89791523371249,17.936052908932844,2.0480860892618518,4.4906550272481685,15,"{""0"": 0.018163799137453487, ""1"": 0.013706861096627615, ""2"": 0.004136873846519952, ""3"": 0.008318263203865778, ""4"": 0.006317803715929204, ""5"": 0.006981143389006425}"
control_gain,200,p0.40,nan,0.9691798237214662,8,0.4,79.60000000000001,78.99,64,99,15798,1970,1.5012948255887417,150,0.484258445372188,0.009685168907443762,4.875767375754663,18.010145566006855,2.069776544883109,4.326520782834405,15,"{""0"": 0.018876046173034632, ""1"": 0.01304441889122184, ""2"": 0.004360228641668726, ""3"": 0.008689135107713662, ""4"": 0.006088765900056518, ""5"": 0.00705241873096719}"
control_gain,200,p0.40,nan,0.9691798237214662,8,0.4,79.60000000000001,78.99,64,99,15798,1970,1.5012948255887417,160,0.46409816645833796,0.00928196332916676,11.654766252156376,18.05545223246207,2.094451817881925,4.3623075147050185,15,"{""0"": 0.01875900226616377, ""1"": 0.011834875612810178, ""2"": 0.004321349791498489, ""3"": 0.007637765699864763, ""4"": 0.006222862905200644, ""5"": 0.006915923699462721}"
control_gain,200,p0.40,nan,0.9691798237214662,8,0.4,79.60000000000001,78.99,64,99,15798,1970,1.5012948255887417,170,0.4518140449808192,0.009036280899616384,27.047006706906412,18.130428287063584,2.118448626514451,4.318495026783203,15,"{""0"": 0.01825048626981225, ""1"": 0.010802796452094773, ""2"": 0.004296623058927011, ""3"": 0.007547958055304076, ""4"": 0.006390908298784756, ""5"": 0.006928913262775444}"
control_gain,200,p0.40,nan,0.9691798237214662,8,0.4,79.60000000000001,78.99,64,99,15798,1970,1.5012948255887417,180,0.44950181916049264,0.008990036383209854,5.802443081920271,18.188665494785987,2.1236078404698944,4.330547708746267,15,"{""0"": 0.017266220950650342, ""1"": 0.010280530554105391, ""2"": 0.004143894998070167, ""3"": 0.008329228788369197, ""4"": 0.006832647490355559, ""5"": 0.007087695517708464}"
control_gain,200,p0.40,nan,0.9691798237214662,8,0.4,79.60000000000001,78.99,64,99,15798,1970,1.5012948255887417,190,0.45078724523610036,0.009015744904722008,6.923275934749493,18.192330028956263,2.1181109595971312,4.327834608319097,15,"{""0"": 0.016932311141547442, ""1"": 0.010764698573851546, ""2"": 0.004284282396149071, ""3"": 0.008253543309077663, ""4"": 0.006634618840573492, ""5"": 0.007225015167132842}"
control_gain,200,p0.40,nan,0.9691798237214662,8,0.4,79.60000000000001,78.99,64,99,15798,1970,1.5012948255887417,200,0.4454820299490542,0.008909640598981085,7.355039649089313,18.230610932484776,2.1386966771760245,4.275411067727659,15,"{""0"": 0.016861299147206278, ""1"": 0.0097560911451792, ""2"": 0.0043487234307200365, ""3"": 0.008689894175272916, ""4"": 0.006491825480704812, ""5"": 0.0073100102148032685}"
control_gain,200,p0.05,nan,1.0,9,0.05,9.950000000000001,10.095,1,20,2019,2019,1.5442232059857186,0,0.95729374527333,0.0191458749054666,nan,0.0,1.5442232059857186,4.460980282838637,11,"{""0"": 0.014725902988746481, ""1"": 0.01747003133813644, ""2"": 0.019456947839376564, ""3"": 0.02350754638093369, ""4"": 0.019167393817231683, ""5"": 0.020547427068374754}"
control_gain,200,p0.05,nan,1.0,9,0.05,9.950000000000001,10.095,1,20,2019,2019,1.5442232059857186,10,0.9293196339839538,0.018586392679679077,10.700173770225641,11.91797286832513,1.922850259604984,3.073874115743439,7,"{""0"": 0.003631301484323381, ""1"": 0.017143308031900405, ""2"": 0.01751026615901272, ""3"": 0.051296023463932874, ""4"": 0.003844588907194553, ""5"": 0.018092868031710535}"
control_gain,200,p0.05,nan,1.0,9,0.05,9.950000000000001,10.095,1,20,2019,2019,1.5442232059857186,20,0.5420417771295123,0.010840835542590249,10.68720702996935,13.67726600594589,1.918277812556808,3.2577319972611583,8,"{""0"": 0.0033215551754167314, ""1"": 0.008644786477312828, ""2"": 0.007762716088597149, ""3"": 0.02439367890981408, ""4"": 0.0034382424617524416, ""5"": 0.01748403414264827}"
control_gain,200,p0.05,nan,1.0,9,0.05,9.950000000000001,10.095,1,20,2019,2019,1.5442232059857186,30,0.506991846791128,0.01013983693582256,3.258485773851668,14.32559592696398,1.9383106739711107,3.037656767063038,8,"{""0"": 0.0028932887625615794, ""1"": 0.009873608680715525, ""2"": 0.008312271211171797, ""3"": 0.0285582462712148, ""4"": 0.002260466896066289, ""5"": 0.008941139793205372}"
control_gain,200,p0.05,nan,1.0,9,0.05,9.950000000000001,10.095,1,20,2019,2019,1.5442232059857186,40,0.4341542319830336,0.008683084639660674,26.014243857702898,14.700805188856805,2.0085560578732142,3.0302967320008687,7,"{""0"": 0.004661036941528878, ""1"": 0.006329897174417563, ""2"": 0.006023576173552836, ""3"": 0.027992683508016196, ""4"": 0.0018654456970935145, ""5"": 0.005225868343355048}"
control_gain,200,p0.05,nan,1.0,9,0.05,9.950000000000001,10.095,1,20,2019,2019,1.5442232059857186,50,0.319548849921534,0.006390976998430681,17.085843667045815,15.231067636201866,1.993664107898596,3.058124688833788,7,"{""0"": 0.0032706083070146883, ""1"": 0.00822188256308793, ""2"": 0.004360446849364282, ""3"": 0.012485386810650435, ""4"": 0.003239990727540082, ""5"": 0.006767546732926672}"
control_gain,200,p0.05,nan,1.0,9,0.05,9.950000000000001,10.095,1,20,2019,2019,1.5442232059857186,60,0.36268473668016576,0.007253694733603316,9.322451968587234,15.792452363053055,2.044987344653101,2.958230380049947,7,"{""0"": 0.007897163737742888, ""1"": 0.01026282936502059, ""2"": 0.006470263413370318, ""3"": 0.007788829564746649, ""4"": 0.006771502040796891, ""5"": 0.0043315802799425655}"
control_gain,200,p0.05,nan,1.0,9,0.05,9.950000000000001,10.095,1,20,2019,2019,1.5442232059857186,70,0.3720803934189952,0.007441607868379905,1.671237372656292,16.011988108145154,2.0402767681266676,2.994462269518633,7,"{""0"": 0.008313550424724925, ""1"": 0.010557118939735204, ""2"": 0.007987422884465929, ""3"": 0.007323097659559319, ""4"": 0.005981992100725565, ""5"": 0.0044864652010684946}"
control_gain,200,p0.05,nan,1.0,9,0.05,9.950000000000001,10.095,1,20,2019,2019,1.5442232059857186,80,0.3233275120719649,0.0064665502414393,1.6366022447416084,16.341051205358415,2.085588067027337,2.7680193535995516,7,"{""0"": 0.0063505827352996775, ""1"": 0.009835062185294775, ""2"": 0.003812089387792668, ""3"": 0.006887138678971274, ""4"": 0.007575834701232418, ""5"": 0.004338593760044978}"
control_gain,200,p0.05,nan,1.0,9,0.05,9.950000000000001,10.095,1,20,2019,2019,1.5442232059857186,90,0.2998671199884517,0.005997342399769035,4.538910617708546,16.425469420281697,2.0947148355011045,2.82903026033593,7,"{""0"": 0.005972180058035158, ""1"": 0.008412767917294327, ""2"": 0.004245422232630494, ""3"": 0.007375394772459659, ""4"": 0.004806534714227392, ""5"": 0.005171754703967182}"
control_gain,200,p0.05,nan,1.0,9,0.05,9.950000000000001,10.095,1,20,2019,2019,1.5442232059857186,100,0.28738207204438465,0.005747641440887693,21.61798180849975,16.639538268951473,2.0952221097021893,2.698671972906284,7,"{""0"": 0.005687055044319318, ""1"": 0.007770198222431654, ""2"": 0.003183436164560334, ""3"": 0.007808905831390235, ""4"": 0.004764983403820411, ""5"": 0.0052712699788042125}"
control_gain,200,p0.05,nan,1.0,9,0.05,9.950000000000001,10.095,1,20,2019,2019,1.5442232059857186,110,0.241505105297422,0.00483010210594844,8.057400455196756,16.779935143373674,2.0846678455559964,2.8683549085622437,7,"{""0"": 0.0039764626888180565, ""1"": 0.006771471011624591, ""2"": 0.003967027612490936, ""3"": 0.00616010167577052, ""4"": 0.0024626695111620773, ""5"": 0.005642880135824464}"
control_gain,200,p0.05,nan,1.0,9,0.05,9.950000000000001,10.095,1,20,2019,2019,1.5442232059857186,120,0.24448165431810867,0.004889633086362174,4.597212587577324,16.96534335974513,2.084025362787918,2.92899299893192,7,"{""0"": 0.0036416034706058856, ""1"": 0.006452831014336127, ""2"": 0.005377993726793343, ""3"": 0.005791290133528376, ""4"": 0.0017437585866755347, ""5"": 0.006330321586233772}"
control_gain,200,p0.05,nan,1.0,9,0.05,9.950000000000001,10.095,1,20,2019,2019,1.5442232059857186,130,0.2494207655586193,0.004988415311172387,0.758110263330078,17.067675369245634,2.087106170343937,2.946353626374681,7,"{""0"": 0.0037395732244162178, ""1"": 0.005982461356721448, ""2"": 0.006470214362831894, ""3"": 0.005314346782241144, ""4"": 0.0012585776293714671, ""5"": 0.00716531851145215}"
control_gain,200,p0.05,nan,1.0,9,0.05,9.950000000000001,10.095,1,20,2019,2019,1.5442232059857186,140,0.2476350715245946,0.0049527014304918925,8.77892776404419,17.19761623720835,2.0848098178347527,2.932839244780879,7,"{""0"": 0.003545948291136617, ""1"": 0.006154706000183107, ""2"": 0.005999058482304787, ""3"": 0.005266808047504465, ""4"": 0.0013281518177699723, ""5"": 0.007421535944052406}"
control_gain,200,p0.05,nan,1.0,9,0.05,9.950000000000001,10.095,1,20,2019,2019,1.5442232059857186,150,0.24486569762564545,0.004897313952512909,2.708199004755302,17.30352939036912,2.0859793634220707,2.9076310890278307,7,"{""0"": 0.0035156636674941607, ""1"": 0.006291700251336571, ""2"": 0.0057197900911425004, ""3"": 0.0052045921946579105, ""4"": 0.0014617775498120236, ""5"": 0.00719035996063429}"
control_gain,200,p0.05,nan,1.0,9,0.05,9.950000000000001,10.095,1,20,2019,2019,1.5442232059857186,160,0.24706283315114888,0.004941256663022978,2.1721816798149445,17.410655021456687,2.0856732231036172,2.9374483342648894,7,"{""0"": 0.0027914434627371045, ""1"": 0.006429046358775059, ""2"": 0.005978357592678368, ""3"": 0.0046851897772330385, ""4"": 0.0014141539378091507, ""5"": 0.00834934884890515}"
control_gain,200,p0.05,nan,1.0,9,0.05,9.950000000000001,10.095,1,20,2019,2019,1.5442232059857186,170,0.24583032041155145,0.004916606408231029,6.25900303461772,17.545711330634912,2.087123567327576,2.922589568121771,7,"{""0"": 0.002476108698774874, ""1"": 0.006510484313827658, ""2"": 0.005691873383011795, ""3"": 0.004631177562123391, ""4"": 0.001556764033556057, ""5"": 0.008633230458092401}"
control_gain,200,p0.05,nan,1.0,9,0.05,9.950000000000001,10.095,1,20,2019,2019,1.5442232059857186,180,0.24009920502360077,0.004801984100472016,4.029331572177233,17.618515882642043,2.0885909545503383,2.925917132515018,7,"{""0"": 0.0024241823438231136, ""1"": 0.006354104106594133, ""2"": 0.005752875447035991, ""3"": 0.0047135375685096485, ""4"": 0.001501116443187594, ""5"": 0.008066088693681618}"
control_gain,200,p0.05,nan,1.0,9,0.05,9.950000000000001,10.095,1,20,2019,2019,1.5442232059857186,190,0.23361533927168077,0.004672306785433616,3.505299870525635,17.67511027315424,2.0938997586975683,2.8948235948131638,7,"{""0"": 0.0026442451598986073, ""1"": 0.006225590387411098, ""2"": 0.005405342403917917, ""3"": 0.005026848733407548, ""4"": 0.001483391561910851, ""5"": 0.007248422466055678}"
control_gain,200,p0.05,nan,1.0,9,0.05,9.950000000000001,10.095,1,20,2019,2019,1.5442232059857186,200,0.23016022449553583,0.0046032044899107175,1.9863170611924137,17.73715105022323,2.0963405734287357,2.8566642913654414,7,"{""0"": 0.0025968729870094035, ""1"": 0.006495057394298132, ""2"": 0.005018058766449889, ""3"": 0.005049042807703062, ""4"": 0.0016700988697253359, ""5"": 0.006790096114278485}"
control_gain,200,p0.10,nan,0.9915003660565818,9,0.1,19.900000000000002,20.025,9,33,4005,2019,1.5442232059857228,0,1.0267085677056191,0.020534171354112386,nan,0.0,1.5442232059857228,6.231782664845419,13,"{""0"": 0.02090614695694521, ""1"": 0.01994661732666067, ""2"": 0.019061393033278955, ""3"": 0.02101765897509682, ""4"": 0.021247045073149957, ""5"": 0.02102616675954269}"
control_gain,200,p0.10,nan,0.9915003660565818,9,0.1,19.900000000000002,20.025,9,33,4005,2019,1.5442232059857228,10,0.9016544558628912,0.018033089117257824,9.783498779545507,13.255423819986868,1.9257658001860551,3.3076589361533624,10,"{""0"": 0.0016759971500715973, ""1"": 0.039462034306863854, ""2"": 0.025070997814408708, ""3"": 0.01485873641114697, ""4"": 0.010383953213949951, ""5"": 0.01674681580710587}"
control_gain,200,p0.10,nan,0.9915003660565818,9,0.1,19.900000000000002,20.025,9,33,4005,2019,1.5442232059857228,20,0.6603258666325712,0.013206517332651426,9.524552491114568,14.776048771993208,2.057886916088137,3.243545914159729,9,"{""0"": 0.0032879043853141394, ""1"": 0.02739404245547608, ""2"": 0.019672419380816805, ""3"": 0.004673185074680735, ""4"": 0.006679629381351944, ""5"": 0.01753192331826885}"
control_gain,200,p0.10,nan,0.9915003660565818,9,0.1,19.900000000000002,20.025,9,33,4005,2019,1.5442232059857228,30,0.6699647190015974,0.01339929438003195,7.2774439996254685,15.255304671146549,2.012867258698355,3.655671259190722,11,"{""0"": 0.0021854128359598034, ""1"": 0.029459779945758702, ""2"": 0.016036150305995672, ""3"": 0.014526921290979228, ""4"": 0.005520832877323757, ""5"": 0.01266666902417454}"
control_gain,200,p0.10,nan,0.9915003660565818,9,0.1,19.900000000000002,20.025,9,33,4005,2019,1.5442232059857228,40,0.5227342415366065,0.010454684830732133,11.8159928863923,15.523992865335632,2.0572009289590243,3.787869652600682,11,"{""0"": 0.0030753080634628818, ""1"": 0.02177146190701011, ""2"": 0.011337274316839101, ""3"": 0.015413228361735467, ""4"": 0.004517576400378739, ""5"": 0.006613259934966498}"
control_gain,200,p0.10,nan,0.9915003660565818,9,0.1,19.900000000000002,20.025,9,33,4005,2019,1.5442232059857228,50,0.5482461838228163,0.010964923676456326,11.674253964652095,15.638530576713858,2.0378152152230684,3.68318058021702,11,"{""0"": 0.004688009316972592, ""1"": 0.023831890116442007, ""2"": 0.009082358922285412, ""3"": 0.013640510647050064, ""4"": 0.005026611957575446, ""5"": 0.009520161098412435}"
control_gain,200,p0.10,nan,0.9915003660565818,9,0.1,19.900000000000002,20.025,9,33,4005,2019,1.5442232059857228,60,0.5511734134748493,0.011023468269496987,4.771587979227003,15.89388101532553,2.038189286475337,3.4592547394389794,11,"{""0"": 0.005027610881461928, ""1"": 0.028015213647697167, ""2"": 0.008567164731815352, ""3"": 0.012643109224601688, ""4"": 0.004541317915577689, ""5"": 0.0073463932158280955}"
control_gain,200,p0.10,nan,0.9915003660565818,9,0.1,19.900000000000002,20.025,9,33,4005,2019,1.5442232059857228,70,0.458161311709009,0.00916322623418018,6.004551183254314,16.043904737328607,2.0685175620532137,3.410868265318405,10,"{""0"": 0.004715175434005006, ""1"": 0.019546023776642312, ""2"": 0.006092733141323428, ""3"": 0.011982133435759011, ""4"": 0.004460737741308002, ""5"": 0.008182553876043323}"
control_gain,200,p0.10,nan,0.9915003660565818,9,0.1,19.900000000000002,20.025,9,33,4005,2019,1.5442232059857228,80,0.4541780985536793,0.009083561971073587,18.295082063852867,16.239314648428582,2.0971272049327165,3.2447016569290037,10,"{""0"": 0.005086225233840156, ""1"": 0.020750562742945178, ""2"": 0.004394879954951603, ""3"": 0.013736996503875134, ""4"": 0.004415996853580696, ""5"": 0.0061167105372487525}"
control_gain,200,p0.10,nan,0.9915003660565818,9,0.1,19.900000000000002,20.025,9,33,4005,2019,1.5442232059857228,90,0.45146160673081176,0.009029232134616236,5.5240064029052105,16.51911279798775,2.120816832046746,3.4380913931029577,11,"{""0"": 0.005140244022036517, ""1"": 0.01917905792396653, ""2"": 0.007027906885166096, ""3"": 0.01223286837415213, ""4"": 0.004170135160305946, ""5"": 0.006425180442070189}"
control_gain,200,p0.10,nan,0.9915003660565818,9,0.1,19.900000000000002,20.025,9,33,4005,2019,1.5442232059857228,100,0.4105179726803382,0.008210359453606765,6.556546024871134,16.554941304294406,2.1156429766395277,3.156435064655487,10,"{""0"": 0.005643076773139707, ""1"": 0.015692242753074043, ""2"": 0.004500476879642221, ""3"": 0.012743998089415528, ""4"": 0.005551000103397997, ""5"": 0.005131362122971095}"
control_gain,200,p0.10,nan,0.9915003660565818,9,0.1,19.900000000000002,20.025,9,33,4005,2019,1.5442232059857228,110,0.3963940409883743,0.007927880819767487,3.0020667901603617,16.64240419747905,2.1067899065905014,3.151608732122149,10,"{""0"": 0.004217295473384918, ""1"": 0.015578629055451284, ""2"": 0.0043634457172157855, ""3"": 0.012803571761114402, ""4"": 0.005840950027326559, ""5"": 0.004763392884111969}"
control_gain,200,p0.10,nan,0.9915003660565818,9,0.1,19.900000000000002,20.025,9,33,4005,2019,1.5442232059857228,120,0.4060800774586407,0.008121601549172816,13.07425302108095,16.75826852044952,2.115560906277708,3.315125165585745,11,"{""0"": 0.004218991325196502, ""1"": 0.014233278726760678, ""2"": 0.007342618945656803, ""3"": 0.011738931291144523, ""4"": 0.005981694676789397, ""5"": 0.005214094329488996}"
control_gain,200,p0.10,nan,0.9915003660565818,9,0.1,19.900000000000002,20.025,9,33,4005,2019,1.5442232059857228,130,0.3844258463567533,0.007688516927135067,2.4004341857614997,16.846569551851328,2.1246439915477295,3.431346466711853,10,"{""0"": 0.003819802995396046, ""1"": 0.01239057288172046, ""2"": 0.0075023197148127605, ""3"": 0.01139291320302313, ""4"": 0.0058086031292918176, ""5"": 0.005216889638566192}"
control_gain,200,p0.10,nan,0.9915003660565818,9,0.1,19.900000000000002,20.025,9,33,4005,2019,1.5442232059857228,140,0.3349826686950151,0.006699653373900303,1.4237194287001331,16.88465858496984,2.1108886596669834,3.403877891969361,10,"{""0"": 0.003416126895359648, ""1"": 0.008952239348988514, ""2"": 0.004500748080825431, ""3"": 0.011856133521439443, ""4"": 0.006325494689860799, ""5"": 0.005147177706927979}"
control_gain,200,p0.10,nan,0.9915003660565818,9,0.1,19.900000000000002,20.025,9,33,4005,2019,1.5442232059857228,150,0.31721042876378663,0.006344208575275733,6.793224469860722,16.9566800778359,2.123683357630889,3.4428062296602953,10,"{""0"": 0.0033878745166357935, ""1"": 0.007671262717368512, ""2"": 0.0045135874756570184, ""3"": 0.011111876818578326, ""4"": 0.006189387296751238, ""5"": 0.005191262626663514}"
control_gain,200,p0.10,nan,0.9915003660565818,9,0.1,19.900000000000002,20.025,9,33,4005,2019,1.5442232059857228,160,0.30243292962928936,0.006048658592585789,10.299981440841705,17.018455054555467,2.1307683654099465,3.4744367315848095,10,"{""0"": 0.0033704590543784637, ""1"": 0.0076131439520152845, ""2"": 0.0044469546794174445, ""3"": 0.009934605994092868, ""4"": 0.005056778011606647, ""5"": 0.005870009864004017}"
control_gain,200,p0.10,nan,0.9915003660565818,9,0.1,19.900000000000002,20.025,9,33,4005,2019,1.5442232059857228,170,0.30172442839605307,0.006034488567921062,2.6709180759188214,17.147357214316095,2.1324046289647387,3.459278981687367,10,"{""0"": 0.0029648899580917, ""1"": 0.007705214295773771, ""2"": 0.00410169234722115, ""3"": 0.010197127307959134, ""4"": 0.005373243591745106, ""5"": 0.005864763906735507}"
control_gain,200,p0.10,nan,0.9915003660565818,9,0.1,19.900000000000002,20.025,9,33,4005,2019,1.5442232059857228,180,0.2945737007068748,0.005891474014137496,10.295989845081408,17.19301139265173,2.134554470253215,3.4188927920204577,10,"{""0"": 0.002850655345260576, ""1"": 0.007588648432370418, ""2"": 0.003468875709212965, ""3"": 0.01059001397812587, ""4"": 0.005165589651824816, ""5"": 0.005685060968030331}"
control_gain,200,p0.10,nan,0.9915003660565818,9,0.1,19.900000000000002,20.025,9,33,4005,2019,1.5442232059857228,190,0.29608478244809566,0.005921695648961914,3.898337653171899,17.282259058937935,2.134152210440439,3.3861712565536233,10,"{""0"": 0.0031240387372354016, ""1"": 0.007729944528849337, ""2"": 0.0030737411041377284, ""3"": 0.01099421189781336, ""4"": 0.005186686253691378, ""5"": 0.005421551372044281}"
control_gain,200,p0.10,nan,0.9915003660565818,9,0.1,19.900000000000002,20.025,9,33,4005,2019,1.5442232059857228,200,0.2925222114178179,0.005850444228356359,3.9897192863828357,17.304666227663827,2.143014991654765,3.3722701409404707,10,"{""0"": 0.00332292974718265, ""1"": 0.00745284361960334, ""2"": 0.0029768849996545566, ""3"": 0.011232878142184372, ""4"": 0.00499008772045703, ""5"": 0.0051270411410562055}"
control_gain,200,p0.20,nan,0.9637162062129548,9,0.2,39.800000000000004,40.19,26,59,8038,2019,1.5442232059857166,0,1.0034602099763705,0.020069204199527412,nan,0.0,1.5442232059857166,5.805489670283712,13,"{""0"": 0.01842490512536709, ""1"": 0.017737380005805232, ""2"": 0.018132092815803722, ""3"": 0.02163512533996175, ""4"": 0.02182609007152005, ""5"": 0.02265963183870664}"
control_gain,200,p0.20,nan,0.9637162062129548,9,0.2,39.800000000000004,40.19,26,59,8038,2019,1.5442232059857166,10,0.6229419004854598,0.012458838009709199,7.47517204881748,13.465151347641987,2.0021137752777074,5.140353692939775,13,"{""0"": 0.022082009651531755, ""1"": 0.010589991824887115, ""2"": 0.008997541925371656, ""3"": 0.010759101410299893, ""4"": 0.006526871997428231, ""5"": 0.015797511248736545}"
control_gain,200,p0.20,nan,0.9637162062129548,9,0.2,39.800000000000004,40.19,26,59,8038,2019,1.5442232059857166,20,0.5801227507932325,0.011602455015864651,13.663108203809816,14.864062963709488,2.1090022555778507,3.593106613717115,10,"{""0"": 0.021968219962756195, ""1"": 0.011784227944811784, ""2"": 0.002987939332541496, ""3"": 0.01512167239080844, ""4"": 0.009826705944351475, ""5"": 0.007925964519918519}"
control_gain,200,p0.20,nan,0.9637162062129548,9,0.2,39.800000000000004,40.19,26,59,8038,2019,1.5442232059857166,30,0.6658316623861422,0.013316633247722847,5.562365996597812,14.904267035720546,2.1268912395800714,3.9964725893783233,11,"{""0"": 0.023926967506797337, ""1"": 0.018589882175794863, ""2"": 0.006322899744082638, ""3"": 0.016439131043876763, ""4"": 0.008423583461945765, ""5"": 0.006197335553839707}"
control_gain,200,p0.20,nan,0.9637162062129548,9,0.2,39.800000000000004,40.19,26,59,8038,2019,1.5442232059857166,40,0.6402051996448075,0.012804103992896151,3.3633698744826046,15.276335169902977,2.1275591726540086,3.8111561303571637,11,"{""0"": 0.023051959541003357, ""1"": 0.02135057859189211, ""2"": 0.0045708818975050206, ""3"": 0.017448988303855807, ""4"": 0.006314068437491847, ""5"": 0.004088147185628767}"
control_gain,200,p0.20,nan,0.9637162062129548,9,0.2,39.800000000000004,40.19,26,59,8038,2019,1.5442232059857166,50,0.6631356303712957,0.013262712607425916,19.60800254986297,15.4986950754434,2.1217840892033606,3.980990338622335,11,"{""0"": 0.02038001419399369, ""1"": 0.02654986919231439, ""2"": 0.0027425053883005563, ""3"": 0.016804820456835446, ""4"": 0.0073625637768364545, ""5"": 0.0057365026362749625}"
control_gain,200,p0.20,nan,0.9637162062129548,9,0.2,39.800000000000004,40.19,26,59,8038,2019,1.5442232059857166,60,0.6944202721882252,0.013888405443764506,2.571214335759236,15.750522709596991,2.128917954218093,3.8804261215468223,11,"{""0"": 0.02299713923110328, ""1"": 0.029479194012282627, ""2"": 0.0026891928161121873, ""3"": 0.015557038111314725, ""4"": 0.008048745381844687, ""5"": 0.00455912310992952}"
control_gain,200,p0.20,nan,0.9637162062129548,9,0.2,39.800000000000004,40.19,26,59,8038,2019,1.5442232059857166,70,0.6250439048156908,0.012500878096313818,6.098537929723951,15.80276048983443,2.1588067940230715,3.771977509862763,11,"{""0"": 0.020869749113698915, ""1"": 0.02285179137762896, ""2"": 0.002502817982239178, ""3"": 0.014403371543158452, ""4"": 0.0075218737980853, ""5"": 0.006855664763072093}"
control_gain,200,p0.20,nan,0.9637162062129548,9,0.2,39.800000000000004,40.19,26,59,8038,2019,1.5442232059857166,80,0.5890678331805931,0.011781356663611863,2.4386777136041204,15.920629328660981,2.130668001945774,3.806662484699727,11,"{""0"": 0.01987186593489923, ""1"": 0.022375251993200646, ""2"": 0.002232119940916292, ""3"": 0.01411419163653308, ""4"": 0.006374377469033764, ""5"": 0.005720333007088175}"
control_gain,200,p0.20,nan,0.9637162062129548,9,0.2,39.800000000000004,40.19,26,59,8038,2019,1.5442232059857166,90,0.49656302790290824,0.009931260558058166,2.617454572238313,16.083213609233393,2.145526977212029,3.928052804576334,11,"{""0"": 0.019630920377079135, ""1"": 0.01379895904139888, ""2"": 0.002190511701641396, ""3"": 0.013563531487228584, ""4"": 0.0041142888235598815, ""5"": 0.006289351917441115}"
control_gain,200,p0.20,nan,0.9637162062129548,9,0.2,39.800000000000004,40.19,26,59,8038,2019,1.5442232059857166,100,0.48851204560677103,0.009770240912135422,4.431761390834877,16.257284762301598,2.16554826107103,3.783516885793615,11,"{""0"": 0.01964768368569459, ""1"": 0.012362780789562464, ""2"": 0.002025543901251101, ""3"": 0.014580212138456745, ""4"": 0.004096239947877807, ""5"": 0.005908985009969832}"
control_gain,200,p0.20,nan,0.9637162062129548,9,0.2,39.800000000000004,40.19,26,59,8038,2019,1.5442232059857166,110,0.4612545171063449,0.0092250903421269,6.836858448077884,16.370196836706075,2.17068891573407,3.8517475842572813,10,"{""0"": 0.019774169446945523, ""1"": 0.009284531640700798, ""2"": 0.0021011453280932353, ""3"": 0.013844841753870869, ""4"": 0.0040805088156743285, ""5"": 0.0062653450674766435}"
control_gain,200,p0.20,nan,0.9637162062129548,9,0.2,39.800000000000004,40.19,26,59,8038,2019,1.5442232059857166,120,0.4493237681032982,0.008986475362065965,1.1795552393483733,16.45243506520568,2.1771704849550346,3.8966707858490746,10,"{""0"": 0.018737904623355013, ""1"": 0.008813190323974814, ""2"": 0.002336976033119218, ""3"": 0.013049419828976833, ""4"": 0.0041778896213910816, ""5"": 0.006803471741578829}"
control_gain,200,p0.20,nan,0.9637162062129548,9,0.2,39.800000000000004,40.19,26,59,8038,2019,1.5442232059857166,130,0.4349722054071368,0.008699444108142738,2.224885923061578,16.544801130773404,2.191131268456361,3.868693834455262,10,"{""0"": 0.0179561271514223, ""1"": 0.008472308376354227, ""2"": 0.002457566748545263, ""3"": 0.01262978529400871, ""4"": 0.0037410547980355883, ""5"": 0.006939822280490339}"
control_gain,200,p0.20,nan,0.9637162062129548,9,0.2,39.800000000000004,40.19,26,59,8038,2019,1.5442232059857166,140,0.4370021865587808,0.008740043731175618,22.37385099630263,16.612202321186984,2.185663890031723,4.058881999649756,11,"{""0"": 0.018810843558275597, ""1"": 0.00736394416986567, ""2"": 0.0023745229494618767, ""3"": 0.012395646608445023, ""4"": 0.004169113037402185, ""5"": 0.007326192063603344}"
control_gain,200,p0.20,nan,0.9637162062129548,9,0.2,39.800000000000004,40.19,26,59,8038,2019,1.5442232059857166,150,0.4257831951493493,0.008515663902986987,7.941257893364919,16.696336714933224,2.18948740794703,4.047070078686736,11,"{""0"": 0.017839139845185807, ""1"": 0.007171992710575765, ""2"": 0.0024068302653564035, ""3"": 0.012316824785469607, ""4"": 0.004080604802013016, ""5"": 0.00727859100932132}"
control_gain,200,p0.20,nan,0.9637162062129548,9,0.2,39.800000000000004,40.19,26,59,8038,2019,1.5442232059857166,160,0.4264677934704743,0.008529355869409488,9.220898963256973,16.71717188988796,2.1901079527568075,4.043536722088307,11,"{""0"": 0.017716764816747513, ""1"": 0.0071576994898687575, ""2"": 0.0024781260068031143, ""3"": 0.011965526451902108, ""4"": 0.004235826257738911, ""5"": 0.007622192193396526}"
control_gain,200,p0.20,nan,0.9637162062129548,9,0.2,39.800000000000004,40.19,26,59,8038,2019,1.5442232059857166,170,0.434393489830782,0.00868786979661564,6.020779602622214,16.781139479761105,2.1930076567880947,4.043251541581989,11,"{""0"": 0.01777287116059315, ""1"": 0.007536763448136574, ""2"": 0.002540428113179876, ""3"": 0.011747793759623341, ""4"": 0.004521727751779367, ""5"": 0.008007634546381542}"
control_gain,200,p0.20,nan,0.9637162062129548,9,0.2,39.800000000000004,40.19,26,59,8038,2019,1.5442232059857166,180,0.43378865639596503,0.008675773127919301,13.627211855542388,16.834423596450883,2.1993032110232393,3.9658298044750886,11,"{""0"": 0.017907617781929067, ""1"": 0.007446185764631524, ""2"": 0.002507080153955189, ""3"": 0.011930401067437205, ""4"": 0.004346291550793713, ""5"": 0.007917062448769111}"
control_gain,200,p0.20,nan,0.9637162062129548,9,0.2,39.800000000000004,40.19,26,59,8038,2019,1.5442232059857166,190,0.4330250807956208,0.008660501615912418,5.36266998867132,16.939950020221175,2.213020125130316,3.9082027402662196,11,"{""0"": 0.018152015066919745, ""1"": 0.0074458665089154495, ""2"": 0.0024149822509869716, ""3"": 0.012065770638439843, ""4"": 0.004187998297548163, ""5"": 0.007696376932664335}"
control_gain,200,p0.20,nan,0.9637162062129548,9,0.2,39.800000000000004,40.19,26,59,8038,2019,1.5442232059857166,200,0.44199994719455077,0.008839998943891016,4.50215064322205,17.01447955130075,2.217959882405678,3.8071881592565227,10,"{""0"": 0.0190167555773835, ""1"": 0.00741503976706411, ""2"": 0.0023477654808375286, ""3"": 0.012456061287756321, ""4"": 0.0042644346129114006, ""5"": 0.007539936937393241}"
control_gain,200,p0.40,nan,0.9697790890874596,9,0.4,79.60000000000001,80.03,62,98,16006,2019,1.5442232059857173,0,1.0039326067030345,0.020078652134060692,nan,0.0,1.5442232059857173,6.779221852865429,14,"{""0"": 0.019437479738061744, ""1"": 0.02013191969311028, ""2"": 0.020676469531382958, ""3"": 0.019105222062244628, ""4"": 0.01965897274787259, ""5"": 0.021461849031691967}"
control_gain,200,p0.40,nan,0.9697790890874596,9,0.4,79.60000000000001,80.03,62,98,16006,2019,1.5442232059857173,10,0.6345918829064102,0.012691837658128206,22.19147851513729,11.89014975797191,2.092421565708862,2.206736489360241,7,"{""0"": 0.0029059132891911016, ""1"": 0.022444677778640374, ""2"": 0.0063604033360651, ""3"": 0.02285784837083963, ""4"": 0.013813637176948886, ""5"": 0.007768545997084162}"
control_gain,200,p0.40,nan,0.9697790890874596,9,0.4,79.60000000000001,80.03,62,98,16006,2019,1.5442232059857173,20,0.46072198733005454,0.009214439746601091,24.19500283462466,12.926751287737108,2.107659991761948,2.458375412283457,8,"{""0"": 0.00634142231479066, ""1"": 0.016897894799795116, ""2"": 0.0029261741056213976, ""3"": 0.01598796606283528, ""4"": 0.00915279661872376, ""5"": 0.003980384577840341}"
control_gain,200,p0.40,nan,0.9697790890874596,9,0.4,79.60000000000001,80.03,62,98,16006,2019,1.5442232059857173,30,0.39024250212055156,0.0078048500424110325,3.8625973358675276,13.907959172460638,2.1224948150465504,2.6311158315501224,8,"{""0"": 0.00681218972978991, ""1"": 0.01221862300340469, ""2"": 0.003567579232263575, ""3"": 0.0154030667716401, ""4"": 0.004029653518045391, ""5"": 0.004797987999322526}"
control_gain,200,p0.40,nan,0.9697790890874596,9,0.4,79.60000000000001,80.03,62,98,16006,2019,1.5442232059857173,40,0.3769005241798105,0.007538010483596212,3.687827963152702,14.579639566168352,2.100864950514686,2.8537588134118312,9,"{""0"": 0.007435634289953648, ""1"": 0.00955767595931504, ""2"": 0.003007812279097425, ""3"": 0.015764337180077186, ""4"": 0.0032498862020213836, ""5"": 0.006212716991112591}"
control_gain,200,p0.40,nan,0.9697790890874596,9,0.4,79.60000000000001,80.03,62,98,16006,2019,1.5442232059857173,50,0.3670185368741131,0.0073403707374822625,35.407073236099635,14.848425653810025,2.106754963335608,2.9297224007648226,9,"{""0"": 0.008019927935964725, ""1"": 0.012070901401404485, ""2"": 0.0027311056326253676, ""3"": 0.013775791137997536, ""4"": 0.002983918516993678, ""5"": 0.004460579799907785}"
control_gain,200,p0.40,nan,0.9697790890874596,9,0.4,79.60000000000001,80.03,62,98,16006,2019,1.5442232059857173,60,0.33354676989032617,0.006670935397806525,4.37126893609299,15.120658126171547,2.039756819634591,3.177622748657423,9,"{""0"": 0.008030550039701765, ""1"": 0.008019454342802759, ""2"": 0.0034437136161479644, ""3"": 0.012030567374356212, ""4"": 0.0023868052017019968, ""5"": 0.0061145218121284525}"
control_gain,200,p0.40,nan,0.9697790890874596,9,0.4,79.60000000000001,80.03,62,98,16006,2019,1.5442232059857173,70,0.3250969953572335,0.006501939907144671,5.031123994788139,15.356251300612342,2.032873056828351,3.1906800646123163,9,"{""0"": 0.007166092347909568, ""1"": 0.00633675153921784, ""2"": 0.004150340371280545, ""3"": 0.00923863241346661, ""4"": 0.0024043378462798915, ""5"": 0.009715484924713573}"
control_gain,200,p0.40,nan,0.9697790890874596,9,0.4,79.60000000000001,80.03,62,98,16006,2019,1.5442232059857173,80,0.3501608120622661,0.007003216241245323,3.83144309394656,15.576291929784901,2.022690288872406,3.2204412196285914,9,"{""0"": 0.006585862751133599, ""1"": 0.007035946564454905, ""2"": 0.004794007840159961, ""3"": 0.01036044087314585, ""4"": 0.0019437183946633054, ""5"": 0.011299321023914323}"
control_gain,200,p0.40,nan,0.9697790890874596,9,0.4,79.60000000000001,80.03,62,98,16006,2019,1.5442232059857173,90,0.35083315306904006,0.007016663061380802,11.466392405776737,15.572708683599531,2.0620449415000413,3.1795672982454373,9,"{""0"": 0.007148970796580655, ""1"": 0.006112361675071863, ""2"": 0.003985915137626238, ""3"": 0.01089271845770153, ""4"": 0.0018362188036957316, ""5"": 0.012123793497608792}"
control_gain,200,p0.40,nan,0.9697790890874596,9,0.4,79.60000000000001,80.03,62,98,16006,2019,1.5442232059857173,100,0.32562418677058236,0.006512483735411648,4.118612382301797,15.67926041815896,2.097869330240628,3.120878023380684,9,"{""0"": 0.007436264804239661, ""1"": 0.005840585424781167, ""2"": 0.0033687919896636205, ""3"": 0.012562498665367749, ""4"": 0.001661940682791187, ""5"": 0.008204820845626503}"
control_gain,200,p0.40,nan,0.9697790890874596,9,0.4,79.60000000000001,80.03,62,98,16006,2019,1.5442232059857173,110,0.3553739623892454,0.007107479247784909,8.38784713821267,15.837975658222524,2.101361025887026,3.184345168199137,9,"{""0"": 0.006347490644128315, ""1"": 0.005960625637877258, ""2"": 0.003952320429420103, ""3"": 0.011124846026269513, ""4"": 0.001628825029523822, ""5"": 0.013630767719490445}"
control_gain,200,p0.40,nan,0.9697790890874596,9,0.4,79.60000000000001,80.03,62,98,16006,2019,1.5442232059857173,120,0.3041061221973235,0.006082122443946471,3.3667575357409785,15.867820730104922,2.0897822797645564,3.2068037341782993,9,"{""0"": 0.0047431428757139646, ""1"": 0.005967369264673097, ""2"": 0.004265235449806819, ""3"": 0.009606199145068824, ""4"": 0.0016811144278955914, ""5"": 0.010229673500520531}"
control_gain,200,p0.40,nan,0.9697790890874596,9,0.4,79.60000000000001,80.03,62,98,16006,2019,1.5442232059857173,130,0.34449093383715124,0.006889818676743026,2.629767752454959,16.042993011552433,2.0913054689148343,3.1832460845778834,9,"{""0"": 0.004436538602101587, ""1"": 0.005646653389408236, ""2"": 0.004450416157542577, ""3"": 0.010401409244465684, ""4"": 0.0015100086739943768, ""5"": 0.014893885992945693}"
control_gain,200,p0.40,nan,0.9697790890874596,9,0.4,79.60000000000001,80.03,62,98,16006,2019,1.5442232059857173,140,0.33693754454391395,0.00673875089087828,4.45641518374549,16.158409853091705,2.1017937260937445,3.1625035159956645,9,"{""0"": 0.004433272666682926, ""1"": 0.0055523013126500395, ""2"": 0.004183698028815356, ""3"": 0.009820722027432753, ""4"": 0.0016158135367910942, ""5"": 0.01482669777289751}"
control_gain,200,p0.40,nan,0.9697790890874596,9,0.4,79.60000000000001,80.03,62,98,16006,2019,1.5442232059857173,150,0.32536610741372324,0.006507322148274465,2.4923904878895318,16.221877502376596,2.1075217544963563,3.1280946310777016,9,"{""0"": 0.004251871785413206, ""1"": 0.005158521817009357, ""2"": 0.004149213632031955, ""3"": 0.009332604987051551, ""4"": 0.0015122489243763835, ""5"": 0.014639471743764338}"
control_gain,200,p0.40,nan,0.9697790890874596,9,0.4,79.60000000000001,80.03,62,98,16006,2019,1.5442232059857173,160,0.31624013822524843,0.006324802764504969,3.5210816475678177,16.300534928073024,2.0955456311594634,3.142496342003189,9,"{""0"": 0.004204155296650635, ""1"": 0.004972776511084973, ""2"": 0.004134548902529624, ""3"": 0.008144738233796717, ""4"": 0.0016765132222829123, ""5"": 0.014816084420684949}"
control_gain,200,p0.40,nan,0.9697790890874596,9,0.4,79.60000000000001,80.03,62,98,16006,2019,1.5442232059857173,170,0.30670185373415126,0.0061340370746830256,2.962999458787313,16.383009848723944,2.0948415086825425,3.1625438618376815,9,"{""0"": 0.0035416399553126685, ""1"": 0.005315228065835421, ""2"": 0.004281261008367349, ""3"": 0.007483715126441077, ""4"": 0.001796862959021325, ""5"": 0.014385515333120316}"
control_gain,200,p0.40,nan,0.9697790890874596,9,0.4,79.60000000000001,80.03,62,98,16006,2019,1.5442232059857173,180,0.24990249846218895,0.00499804996924378,3.0495102800702125,16.433478360844777,2.1008439440065,3.170283733521062,9,"{""0"": 0.003561432671381816, ""1"": 0.00523995971934646, ""2"": 0.0037461638936838624, ""3"": 0.0073025706547646925, ""4"": 0.0018822516553986066, ""5"": 0.008255921220887235}"
control_gain,200,p0.40,nan,0.9697790890874596,9,0.4,79.60000000000001,80.03,62,98,16006,2019,1.5442232059857173,190,0.23535763155192216,0.004707152631038444,4.641833794550762,16.484789624076637,2.1098567772263674,3.1584959033466378,9,"{""0"": 0.0038110703313346444, ""1"": 0.004858133924285865, ""2"": 0.003324865969837725, ""3"": 0.007494663641000235, ""4"": 0.0018709074448076315, ""5"": 0.006883274474964564}"
control_gain,200,p0.40,nan,0.9697790890874596,9,0.4,79.60000000000001,80.03,62,98,16006,2019,1.5442232059857173,200,0.23426764787420584,0.004685352957484117,1.8382612757119883,16.55592364051991,2.129814724313457,3.161044919828665,9,"{""0"": 0.003679247726407603, ""1"": 0.004951455038380865, ""2"": 0.003369887152209059, ""3"": 0.007077839237235162, ""4"": 0.0021012929658824693, ""5"": 0.006932395624789549}"
control_gain,200,p0.05,nan,1.0,10,0.05,9.950000000000001,9.65,3,18,1930,1930,1.6004467644631526,0,0.9400314953771648,0.018800629907543297,nan,0.0,1.6004467644631526,6.233823172808147,12,"{""0"": 0.016858676654577485, ""1"": 0.01633160401691394, ""2"": 0.020840427679226323, ""3"": 0.018531921858469025, ""4"": 0.019307240026044902, ""5"": 0.020933909210028107}"
control_gain,200,p0.05,nan,1.0,10,0.05,9.950000000000001,9.65,3,18,1930,1930,1.6004467644631526,10,0.709144220503821,0.01418288441007642,2.0610334147820693,11.083870057436446,2.2842233203763636,2.5963712560203756,7,"{""0"": 0.01636136742095238, ""1"": 0.002016599265477808, ""2"": 0.020049062605098165, ""3"": 0.024922322114477563, ""4"": 0.002464252175076867, ""5"": 0.019283702879375742}"
control_gain,200,p0.05,nan,1.0,10,0.05,9.950000000000001,9.65,3,18,1930,1930,1.6004467644631526,20,0.7977629479968817,0.015955258959937636,3.825066528062178,13.219010392143424,2.222774300575584,2.7374026683166277,7,"{""0"": 0.0036951457233908316, ""1"": 0.012205736361746882, ""2"": 0.0331210726763561, ""3"": 0.016556469789730122, ""4"": 0.00932222382629724, ""5"": 0.020830905382104626}"
control_gain,200,p0.05,nan,1.0,10,0.05,9.950000000000001,9.65,3,18,1930,1930,1.6004467644631526,30,0.6698844404133167,0.013397688808266337,7.5957964679788335,14.009478272866277,2.1826759601988375,2.8793777765390014,7,"{""0"": 0.003527894222274833, ""1"": 0.012294661730028678, ""2"": 0.028584617691369524, ""3"": 0.017126501630802676, ""4"": 0.01202271582641964, ""5"": 0.00682974174870266}"
control_gain,200,p0.05,nan,1.0,10,0.05,9.950000000000001,9.65,3,18,1930,1930,1.6004467644631526,40,0.5547948591054055,0.01109589718210811,9.876207108757477,14.141390094043041,2.088824618368,3.1017995562124496,8,"{""0"": 0.0029675047196009025, ""1"": 0.0066463846596256345, ""2"": 0.023441716514449172, ""3"": 0.023352712831031498, ""4"": 0.004554349889972664, ""5"": 0.00561271447796879}"
control_gain,200,p0.05,nan,1.0,10,0.05,9.950000000000001,9.65,3,18,1930,1930,1.6004467644631526,50,0.6269317690054232,0.012538635380108467,3.2943909666605453,14.629414370529563,2.1328401756483726,2.8854619241896398,7,"{""0"": 0.0025607232280016744, ""1"": 0.005796779955697337, ""2"": 0.03171003557752269, ""3"": 0.024051049566694967, ""4"": 0.005631956153049837, ""5"": 0.005481267799684298}"
control_gain,200,p0.05,nan,1.0,10,0.05,9.950000000000001,9.65,3,18,1930,1930,1.6004467644631526,60,0.6047186840448505,0.012094373680897011,3.950305524476877,14.75104230539789,2.15789809191249,2.989334959245917,7,"{""0"": 0.003087098619399312, ""1"": 0.0038854544350410735, ""2"": 0.033409849458971644, ""3"": 0.023835127405552443, ""4"": 0.0045493234454814626, ""5"": 0.0037993887209361228}"
control_gain,200,p0.05,nan,1.0,10,0.05,9.950000000000001,9.65,3,18,1930,1930,1.6004467644631526,70,0.518250451599894,0.010365009031997881,49.439513067507875,15.000950541158648,2.1546233689422243,3.098949069554031,8,"{""0"": 0.0032783220636062394, ""1"": 0.003919733954026441, ""2"": 0.024782826912674548, ""3"": 0.021937287887470906, ""4"": 0.0035318504634607195, ""5"": 0.004740032910748441}"
control_gain,200,p0.05,nan,1.0,10,0.05,9.950000000000001,9.65,3,18,1930,1930,1.6004467644631526,80,0.4952098603250634,0.009904197206501271,6.778824471175336,15.212179842383929,2.152913905529379,3.174067482951065,8,"{""0"": 0.003434687610001303, ""1"": 0.003334503154872074, ""2"": 0.02633015631210043, ""3"": 0.018719781072266583, ""4"": 0.0034900977212118656, ""5"": 0.0041159573685553685}"
control_gain,200,p0.05,nan,1.0,10,0.05,9.950000000000001,9.65,3,18,1930,1930,1.6004467644631526,90,0.49558014273279044,0.00991160285465581,4.095998472349623,15.537370929563714,2.172216720224659,2.9861252555736866,8,"{""0"": 0.0027452725004201073, ""1"": 0.004088496363675503, ""2"": 0.027263659107446138, ""3"": 0.01741030428165285, ""4"": 0.003955876607317754, ""5"": 0.0040060082674224975}"
control_gain,200,p0.05,nan,1.0,10,0.05,9.950000000000001,9.65,3,18,1930,1930,1.6004467644631526,100,0.43085913205369747,0.00861718264107395,6.00247436870929,15.684608103772309,2.170504445031907,3.1151712770950755,8,"{""0"": 0.003058318248304423, ""1"": 0.002817022912180824, ""2"": 0.022912420964307324, ""3"": 0.015787267309205606, ""4"": 0.003392161214697239, ""5"": 0.003735905197748282}"
control_gain,200,p0.05,nan,1.0,10,0.05,9.950000000000001,9.65,3,18,1930,1930,1.6004467644631526,110,0.4017438018005718,0.008034876036011437,34.04650144326767,15.944534888975857,2.147090534662535,3.1709123503837566,8,"{""0"": 0.0030961687775757905, ""1"": 0.003925430068514914, ""2"": 0.02249341277014407, ""3"": 0.01157313446394174, ""4"": 0.0034602338421960677, ""5"": 0.003660876293696041}"
control_gain,200,p0.05,nan,1.0,10,0.05,9.950000000000001,9.65,3,18,1930,1930,1.6004467644631526,120,0.3853153614948014,0.007706307229896029,4.590554414839793,16.026446083099096,2.1484281077017373,3.207507953701809,8,"{""0"": 0.003537467415368748, ""1"": 0.0037244925188022722, ""2"": 0.021727540996345773, ""3"": 0.010848204782320448, ""4"": 0.0032277022814974875, ""5"": 0.003172435385041456}"
control_gain,200,p0.05,nan,1.0,10,0.05,9.950000000000001,9.65,3,18,1930,1930,1.6004467644631526,130,0.3832001764558643,0.007664003529117286,1.468588250515074,16.373178669327704,2.1431521586863846,3.235907297951059,8,"{""0"": 0.004082547397318273, ""1"": 0.004836343704631586, ""2"": 0.021741549575037385, ""3"": 0.009041029520578888, ""4"": 0.0032582515555428177, ""5"": 0.003024299421594763}"
control_gain,200,p0.05,nan,1.0,10,0.05,9.950000000000001,9.65,3,18,1930,1930,1.6004467644631526,140,0.37464259918660053,0.0074928519837320125,7.184931537255341,16.465164774646617,2.1396736554250584,3.2149936054658004,8,"{""0"": 0.004373560531264412, ""1"": 0.004956254489814202, ""2"": 0.0208739330788297, ""3"": 0.00849533343327155, ""4"": 0.002935881543650749, ""5"": 0.003322148825561454}"
control_gain,200,p0.05,nan,1.0,10,0.05,9.950000000000001,9.65,3,18,1930,1930,1.6004467644631526,150,0.3720542863999717,0.007441085727999434,3.345696494013957,16.639504558041192,2.137541806877592,3.213664023262813,8,"{""0"": 0.004585208037944015, ""1"": 0.004632823104196325, ""2"": 0.021240830046388316, ""3"": 0.008155655050100925, ""4"": 0.0030771890221063707, ""5"": 0.0029548091072606596}"
control_gain,200,p0.05,nan,1.0,10,0.05,9.950000000000001,9.65,3,18,1930,1930,1.6004467644631526,160,0.36879997155727834,0.007375999431145568,4.2563248395029465,16.791566442160082,2.147122538473456,3.179658347504885,8,"{""0"": 0.004594072384864714, ""1"": 0.0051796675623914405, ""2"": 0.02133242453383228, ""3"": 0.006945658701143683, ""4"": 0.0032138575750013756, ""5"": 0.0029903158296399183}"
control_gain,200,p0.05,nan,1.0,10,0.05,9.950000000000001,9.65,3,18,1930,1930,1.6004467644631526,170,0.36868005321485725,0.007373601064297146,13.671044664552364,16.997297402079123,2.1332106747364774,3.152705101409038,9,"{""0"": 0.004388119425056283, ""1"": 0.005620302923362302, ""2"": 0.021180929253718513, ""3"": 0.006573054578870445, ""4"": 0.0035341993281961747, ""5"": 0.0029450008765791566}"
control_gain,200,p0.05,nan,1.0,10,0.05,9.950000000000001,9.65,3,18,1930,1930,1.6004467644631526,180,0.35776757869275194,0.00715535157385504,5.0812871437651905,17.137100236771573,2.13480919135521,3.116612519409646,8,"{""0"": 0.004296163583164624, ""1"": 0.00624829283121067, ""2"": 0.01946754491030913, ""3"": 0.006207557788949989, ""4"": 0.003737946743971157, ""5"": 0.002974603585524667}"
control_gain,200,p0.05,nan,1.0,10,0.05,9.950000000000001,9.65,3,18,1930,1930,1.6004467644631526,190,0.3370829588739645,0.006741659177479291,32.373201327317716,17.264535040516503,2.131818508793631,3.099404518035576,8,"{""0"": 0.004895813904250479, ""1"": 0.0056245557068831204, ""2"": 0.017059059931591514, ""3"": 0.0065303864650846895, ""4"": 0.0035366915442230406, ""5"": 0.0028034475128429067}"
control_gain,200,p0.05,nan,1.0,10,0.05,9.950000000000001,9.65,3,18,1930,1930,1.6004467644631526,200,0.3321196840336218,0.006642393680672436,1.3058148148794784,17.370797729520717,2.1388081502823875,3.047379721280878,8,"{""0"": 0.004436459619743571, ""1"": 0.005658509768557841, ""2"": 0.017040973704445194, ""3"": 0.006213286380784543, ""4"": 0.003473407502773041, ""5"": 0.0030317251077304277}"
control_gain,200,p0.10,nan,1.039229345139258,10,0.1,19.900000000000002,19.7,9,33,3940,1930,1.6004467644631524,0,1.0231611121101798,0.020463222242203597,nan,0.0,1.6004467644631524,5.5834836809503985,13,"{""0"": 0.018729543350798204, ""1"": 0.019119446435036193, ""2"": 0.021695136522755183, ""3"": 0.019217073705173712, ""4"": 0.019878714189093052, ""5"": 0.024139419250365224}"
control_gain,200,p0.10,nan,1.039229345139258,10,0.1,19.900000000000002,19.7,9,33,3940,1930,1.6004467644631524,10,0.835723593620553,0.01671447187241106,2.1641750183509973,11.670263097781788,2.033538239984958,3.8618753486354347,10,"{""0"": 0.016618019141560428, ""1"": 0.011906414287149109, ""2"": 0.0067033204720425245, ""3"": 0.042927963161402, ""4"": 0.00454782834920036, ""5"": 0.01758328582311195}"
control_gain,200,p0.10,nan,1.039229345139258,10,0.1,19.900000000000002,19.7,9,33,3940,1930,1.6004467644631524,20,0.9225479040624621,0.018450958081249247,48.111908022701854,14.502137227295945,2.112896967898866,3.7339810746177875,10,"{""0"": 0.0057491796019822575, ""1"": 0.010300089345295022, ""2"": 0.024603198523308927, ""3"": 0.019424273955181308, ""4"": 0.012072941853835357, ""5"": 0.038556065207892606}"
control_gain,200,p0.10,nan,1.039229345139258,10,0.1,19.900000000000002,19.7,9,33,3940,1930,1.6004467644631524,30,0.7615696953388406,0.015231393906776813,4.488335213553249,15.467562296606737,2.1311324409089525,3.7879187977878916,11,"{""0"": 0.005851196802636753, ""1"": 0.013583691232699055, ""2"": 0.021022076723379107, ""3"": 0.011059725601939154, ""4"": 0.012178220051929364, ""5"": 0.027693453028077446}"
control_gain,200,p0.10,nan,1.039229345139258,10,0.1,19.900000000000002,19.7,9,33,3940,1930,1.6004467644631524,40,0.4985727529812976,0.009971455059625954,2.548383682846767,15.606037718795408,2.173119654746543,4.271587979904111,12,"{""0"": 0.008819398444397084, ""1"": 0.007243839499491078, ""2"": 0.010512311819953242, ""3"": 0.014022072758663472, ""4"": 0.004380349431128942, ""5"": 0.014850758404121912}"
control_gain,200,p0.10,nan,1.039229345139258,10,0.1,19.900000000000002,19.7,9,33,3940,1930,1.6004467644631524,50,0.44881694111482423,0.008976338822296486,9.513261814274372,15.818721601063048,2.204458879955458,4.23057907793964,12,"{""0"": 0.008806614364316285, ""1"": 0.010415319133895783, ""2"": 0.009925017700391649, ""3"": 0.010500517597804893, ""4"": 0.004113228113554121, ""5"": 0.010097336023816192}"
control_gain,200,p0.10,nan,1.039229345139258,10,0.1,19.900000000000002,19.7,9,33,3940,1930,1.6004467644631524,60,0.4415933317422344,0.00883186663484469,9.313641988763612,15.922908856725318,2.1990284347769684,4.213767978120157,11,"{""0"": 0.00870485904002424, ""1"": 0.010588000764705976, ""2"": 0.008329012778082786, ""3"": 0.014688057741780886, ""4"": 0.0033943143874491386, ""5"": 0.0072869550970251105}"
control_gain,200,p0.10,nan,1.039229345139258,10,0.1,19.900000000000002,19.7,9,33,3940,1930,1.6004467644631524,70,0.4219548660991125,0.008439097321982251,6.27138263860895,16.059366679789715,2.210645918600322,4.17333421493033,11,"{""0"": 0.007961217709531615, ""1"": 0.01044876056055699, ""2"": 0.0072767864772070616, ""3"": 0.014335658254465719, ""4"": 0.0035036034181530813, ""5"": 0.007108557511979033}"
control_gain,200,p0.10,nan,1.039229345139258,10,0.1,19.900000000000002,19.7,9,33,3940,1930,1.6004467644631524,80,0.39650701796933097,0.00793014035938662,6.942399756777368,16.17692354665698,2.2109714477393343,4.053423634215194,11,"{""0"": 0.008763538781822568, ""1"": 0.009436574584142501, ""2"": 0.0065279124676873145, ""3"": 0.0139550169296776, ""4"": 0.0034037843486601467, ""5"": 0.0054940150443295995}"
control_gain,200,p0.10,nan,1.039229345139258,10,0.1,19.900000000000002,19.7,9,33,3940,1930,1.6004467644631524,90,0.38574667830751586,0.007714933566150318,10.104430733403477,16.30138867879329,2.218330826032119,4.14298585924034,11,"{""0"": 0.0075698093457488205, ""1"": 0.009660914921210342, ""2"": 0.00650452297185823, ""3"": 0.013318499161133432, ""4"": 0.0034167911059510086, ""5"": 0.005819063891000071}"
control_gain,200,p0.10,nan,1.039229345139258,10,0.1,19.900000000000002,19.7,9,33,3940,1930,1.6004467644631524,100,0.3510326041046392,0.007020652082092785,5.951982309410431,16.400519807138643,2.215698474178298,3.9687903458583165,11,"{""0"": 0.00776332685086565, ""1"": 0.008482675612736933, ""2"": 0.004609737626573277, ""3"": 0.011918696233954076, ""4"": 0.003488146307090291, ""5"": 0.005861329861336478}"
control_gain,200,p0.10,nan,1.039229345139258,10,0.1,19.900000000000002,19.7,9,33,3940,1930,1.6004467644631524,110,0.35059133825457933,0.007011826765091587,5.116184928925704,16.490860105584282,2.203067945013674,3.8362921609531537,11,"{""0"": 0.00755826976734279, ""1"": 0.008145307944329315, ""2"": 0.004682536020063552, ""3"": 0.010805192358141858, ""4"": 0.0037658024663702683, ""5"": 0.007113852034301746}"
control_gain,200,p0.10,nan,1.039229345139258,10,0.1,19.900000000000002,19.7,9,33,3940,1930,1.6004467644631524,120,0.33966758386038853,0.006793351677207771,41.50314742714038,16.45336146183235,2.179553288784035,3.7061262138298843,10,"{""0"": 0.008325567546817323, ""1"": 0.007311728078473838, ""2"": 0.004514455768909561, ""3"": 0.011517789712432676, ""4"": 0.0032326629101586688, ""5"": 0.005857906046454563}"
control_gain,200,p0.10,nan,1.039229345139258,10,0.1,19.900000000000002,19.7,9,33,3940,1930,1.6004467644631524,130,0.29440205825117977,0.0058880411650235965,6.891829724130722,16.490486133850663,2.1660200624617887,3.5486834589488643,9,"{""0"": 0.00819133997146634, ""1"": 0.0053148219052684695, ""2"": 0.004799775147828917, ""3"": 0.008498035498771666, ""4"": 0.003218061598917482, ""5"": 0.005306212867888699}"
control_gain,200,p0.10,nan,1.039229345139258,10,0.1,19.900000000000002,19.7,9,33,3940,1930,1.6004467644631524,140,0.2929891261949468,0.005859782523898937,2.1179555118279483,16.563101981357963,2.1674935361569645,3.4929039810063656,9,"{""0"": 0.008157960231385828, ""1"": 0.005275672125317389, ""2"": 0.004945369644307767, ""3"": 0.008424587324254286, ""4"": 0.0028073826108464964, ""5"": 0.0055477232072818575}"
control_gain,200,p0.10,nan,1.039229345139258,10,0.1,19.900000000000002,19.7,9,33,3940,1930,1.6004467644631524,150,0.2912157228942944,0.0058243144578858895,5.168984466085138,16.653468543578416,2.172450960619748,3.5371241320642457,9,"{""0"": 0.008593453457866, ""1"": 0.005239997010012176, ""2"": 0.0046315253683927105, ""3"": 0.008835585054562233, ""4"": 0.0029060640421989616, ""5"": 0.004739261814283255}"
control_gain,200,p0.10,nan,1.039229345139258,10,0.1,19.900000000000002,19.7,9,33,3940,1930,1.6004467644631524,160,0.29253147203808233,0.005850629440761648,3.1068559821909583,16.69822565676046,2.1780235229564027,3.524841868962756,9,"{""0"": 0.008560728330147743, ""1"": 0.005743406925668954, ""2"": 0.004560091554981411, ""3"": 0.008381255001078228, ""4"": 0.0032721821018914265, ""5"": 0.004586112730802122}"
control_gain,200,p0.10,nan,1.039229345139258,10,0.1,19.900000000000002,19.7,9,33,3940,1930,1.6004467644631524,170,0.28638760346059,0.0057277520692118,5.279964981356226,16.652095842213672,2.16549382495103,3.489515222238233,9,"{""0"": 0.007571671771646941, ""1"": 0.005869443081137062, ""2"": 0.0053710004411710085, ""3"": 0.006423412398832996, ""4"": 0.004095131784169839, ""5"": 0.005035852938312957}"
control_gain,200,p0.10,nan,1.039229345139258,10,0.1,19.900000000000002,19.7,9,33,3940,1930,1.6004467644631524,180,0.2811768903366372,0.005623537806732744,5.746083441805493,16.764785357850624,2.1619340371117977,3.4803052224651827,9,"{""0"": 0.007157590449854039, ""1"": 0.005931050541678498, ""2"": 0.005270761066222136, ""3"": 0.005880826847601969, ""4"": 0.004479594552352819, ""5"": 0.005021403382686999}"
control_gain,200,p0.10,nan,1.039229345139258,10,0.1,19.900000000000002,19.7,9,33,3940,1930,1.6004467644631524,190,0.27263768857493537,0.005452753771498707,7.305512791247324,16.805176105685717,2.1721741838979765,3.5047668763297573,9,"{""0"": 0.007692613122249356, ""1"": 0.005861645292691805, ""2"": 0.004561254403344243, ""3"": 0.006196890264081387, ""4"": 0.00406751729693716, ""5"": 0.004336602249688294}"
control_gain,200,p0.10,nan,1.039229345139258,10,0.1,19.900000000000002,19.7,9,33,3940,1930,1.6004467644631524,200,0.26934228247301273,0.005386845649460256,10.949042252408844,16.904535796504454,2.179822647758064,3.4804628560625783,9,"{""0"": 0.007166154265360543, ""1"": 0.005841344937985552, ""2"": 0.004400008594684668, ""3"": 0.0059798835254741434, ""4"": 0.004502254417070396, ""5"": 0.004431428156186232}"
control_gain,200,p0.20,nan,1.0504061039452808,10,0.2,39.800000000000004,40.125,28,57,8025,1930,1.6004467644631546,0,0.9659103998137107,0.01931820799627422,nan,0.0,1.6004467644631546,5.882544768856228,14,"{""0"": 0.02138960823493597, ""1"": 0.015470149520296428, ""2"": 0.01960929754048902, ""3"": 0.019104169462609236, ""4"": 0.016523149511996148, ""5"": 0.0238128737073185}"
control_gain,200,p0.20,nan,1.0504061039452808,10,0.2,39.800000000000004,40.125,28,57,8025,1930,1.6004467644631546,10,0.5802604892428622,0.011605209784857247,1.7571061734539153,12.439632627534781,2.1483202636025975,2.589687013780333,7,"{""0"": 0.008273266041709259, ""1"": 0.001546235161010929, ""2"": 0.008095393053087594, ""3"": 0.045502476424526886, ""4"": 0.0024581037435904896, ""5"": 0.003755784285218329}"
control_gain,200,p0.20,nan,1.0504061039452808,10,0.2,39.800000000000004,40.125,28,57,8025,1930,1.6004467644631546,20,0.6497379115501933,0.01299475823100387,2.074288301317373,15.679096244858144,2.127208186069908,3.2117981188615614,9,"{""0"": 0.015020622144013406, ""1"": 0.008875313010226036, ""2"": 0.013175984673531888, ""3"": 0.010833886481447407, ""4"": 0.002154600420469708, ""5"": 0.02790814265633475}"
control_gain,200,p0.20,nan,1.0504061039452808,10,0.2,39.800000000000004,40.125,28,57,8025,1930,1.6004467644631546,30,0.6491850183443529,0.01298370036688706,2.8710740200086375,16.59042627334774,2.1369250152757324,2.998817955371356,9,"{""0"": 0.013127317205482871, ""1"": 0.012116086727529195, ""2"": 0.015391609396537395, ""3"": 0.00602067267949545, ""4"": 0.015620686570308077, ""5"": 0.015625829621969383}"
control_gain,200,p0.20,nan,1.0504061039452808,10,0.2,39.800000000000004,40.125,28,57,8025,1930,1.6004467644631546,40,0.644580737327045,0.012891614746540901,2.5489374719559006,16.708099912907382,2.1164266088485575,3.104587271501209,10,"{""0"": 0.012892698770434969, ""1"": 0.005240962513010888, ""2"": 0.014042051468693154, ""3"": 0.021540508267379847, ""4"": 0.01421400997379966, ""5"": 0.009419457485926899}"
control_gain,200,p0.20,nan,1.0504061039452808,10,0.2,39.800000000000004,40.125,28,57,8025,1930,1.6004467644631546,50,0.6433869787192589,0.01286773957438518,9.576863803972646,17.044593532898983,2.1461567556597227,3.564885635312828,11,"{""0"": 0.017697830235504676, ""1"": 0.00866345471681569, ""2"": 0.006931765266827936, ""3"": 0.015094314969696987, ""4"": 0.012392842843155073, ""5"": 0.016426229414310718}"
control_gain,200,p0.20,nan,1.0504061039452808,10,0.2,39.800000000000004,40.125,28,57,8025,1930,1.6004467644631546,60,0.5551726984377799,0.011103453968755601,61.33700964215434,16.902973017986266,2.111676331540584,3.476030056216878,10,"{""0"": 0.017153058409738308, ""1"": 0.0068205381996693515, ""2"": 0.007220119593205963, ""3"": 0.01663023906536323, ""4"": 0.0070233005761495175, ""5"": 0.011773467968407243}"
control_gain,200,p0.20,nan,1.0504061039452808,10,0.2,39.800000000000004,40.125,28,57,8025,1930,1.6004467644631546,70,0.4537907581155903,0.009075815162311807,2.2643204361370612,17.009075886226576,2.1216146352167926,3.3915429602606295,9,"{""0"": 0.005309340065911867, ""1"": 0.0063184342251966065, ""2"": 0.007406165155937829, ""3"": 0.018258835204016936, ""4"": 0.005690941315721213, ""5"": 0.01147117500708639}"
control_gain,200,p0.20,nan,1.0504061039452808,10,0.2,39.800000000000004,40.125,28,57,8025,1930,1.6004467644631546,80,0.444545025096919,0.008890900501938382,3.2607535542597996,17.21082232004027,2.1130559784710465,3.247554450557621,9,"{""0"": 0.004550404641462948, ""1"": 0.004681494550248859, ""2"": 0.008769579884080097, ""3"": 0.02090272164270624, ""4"": 0.007652415086732473, ""5"": 0.00678878720639967}"
control_gain,200,p0.20,nan,1.0504061039452808,10,0.2,39.800000000000004,40.125,28,57,8025,1930,1.6004467644631546,90,0.4281076968230093,0.008562153936460188,1.31231188915323,17.37427861388555,2.098830399854419,3.2725117389253997,9,"{""0"": 0.003418387779232853, ""1"": 0.0050299360084668805, ""2"": 0.009063223904774827, ""3"": 0.01737081507379285, ""4"": 0.008842989442437218, ""5"": 0.00764757141005649}"
control_gain,200,p0.20,nan,1.0504061039452808,10,0.2,39.800000000000004,40.125,28,57,8025,1930,1.6004467644631546,100,0.42807651078778497,0.008561530215755701,2.575719295905652,17.389972310100568,2.1124760489600223,3.2355131187421446,9,"{""0"": 0.0034358212720591664, ""1"": 0.003337593203622767, ""2"": 0.008584127116163711, ""3"": 0.01953941002211598, ""4"": 0.008548428146152521, ""5"": 0.007923801534420048}"
control_gain,200,p0.20,nan,1.0504061039452808,10,0.2,39.800000000000004,40.125,28,57,8025,1930,1.6004467644631546,110,0.46003675988973486,0.009200735197794699,9.848279157548268,17.512929862497373,2.1193050892085568,3.38728914481753,9,"{""0"": 0.003440116091337116, ""1"": 0.004218942923035946, ""2"": 0.007793311215689528, ""3"": 0.015749259899191875, ""4"": 0.00838680399470566, ""5"": 0.015615977062808059}"
control_gain,200,p0.20,nan,1.0504061039452808,10,0.2,39.800000000000004,40.125,28,57,8025,1930,1.6004467644631546,120,0.44914079035037485,0.008982815807007499,53.665440077980506,17.537043100114484,2.133861162162842,3.3333594710461374,9,"{""0"": 0.003405395392621095, ""1"": 0.002919452569509571, ""2"": 0.007471399926731327, ""3"": 0.018465049704813073, ""4"": 0.007894880351849936, ""5"": 0.013740716896519978}"
control_gain,200,p0.20,nan,1.0504061039452808,10,0.2,39.800000000000004,40.125,28,57,8025,1930,1.6004467644631546,130,0.4344987537615497,0.008689975075230996,1.0068401601761465,17.69538578125902,2.1376597511823046,3.367298663761932,9,"{""0"": 0.0033258097373434887, ""1"": 0.0034490912115940145, ""2"": 0.007887280614739822, ""3"": 0.01594455865475935, ""4"": 0.007815140133578813, ""5"": 0.013717970099370489}"
control_gain,200,p0.20,nan,1.0504061039452808,10,0.2,39.800000000000004,40.125,28,57,8025,1930,1.6004467644631546,140,0.4071727217227732,0.008143454434455464,11.610339356585985,17.74246817022269,2.138411724568754,3.3849934597071742,9,"{""0"": 0.0041221544939818965, ""1"": 0.003208276286648443, ""2"": 0.006736972389761743, ""3"": 0.014714940305567104, ""4"": 0.005059410158923203, ""5"": 0.0150189729718504}"
control_gain,200,p0.20,nan,1.0504061039452808,10,0.2,39.800000000000004,40.125,28,57,8025,1930,1.6004467644631546,150,0.39794534530971554,0.00795890690619431,1.1243691910099165,17.820978833747986,2.13976603681023,3.3440047243934634,9,"{""0"": 0.004556638654986941, ""1"": 0.0028416423667306846, ""2"": 0.005801570222085142, ""3"": 0.01581888587449756, ""4"": 0.004316622758215441, ""5"": 0.014418081560650095}"
control_gain,200,p0.20,nan,1.0504061039452808,10,0.2,39.800000000000004,40.125,28,57,8025,1930,1.6004467644631546,160,0.39395242468022373,0.007879048493604475,1.5482930565264799,17.885238738006933,2.141531494886072,3.3770058092293773,9,"{""0"": 0.004483442359443804, ""1"": 0.004439165460616989, ""2"": 0.00553091533344914, ""3"": 0.014167526553464784, ""4"": 0.004256726527132514, ""5"": 0.014396514727519618}"
control_gain,200,p0.20,nan,1.0504061039452808,10,0.2,39.800000000000004,40.125,28,57,8025,1930,1.6004467644631546,170,0.4007656342678958,0.008015312685357916,1.2200695207544312,17.923700810314156,2.142074848312402,3.4036869794368685,9,"{""0"": 0.0035690696385675446, ""1"": 0.004783923928515009, ""2"": 0.00659272213926475, ""3"": 0.013170321370511736, ""4"": 0.004672358595978742, ""5"": 0.015303480439309713}"
control_gain,200,p0.20,nan,1.0504061039452808,10,0.2,39.800000000000004,40.125,28,57,8025,1930,1.6004467644631546,180,0.40296287697267735,0.008059257539453548,10.291362221421453,17.988964628026345,2.1404154064763086,3.4184552345577095,9,"{""0"": 0.0034427401229583524, ""1"": 0.005542543332364201, ""2"": 0.006692715060443749, ""3"": 0.01066220593256411, ""4"": 0.004971931656530331, ""5"": 0.01704340913186055}"
control_gain,200,p0.20,nan,1.0504061039452808,10,0.2,39.800000000000004,40.125,28,57,8025,1930,1.6004467644631546,190,0.40017899857479483,0.008003579971495898,19.43433489220609,18.051096961415883,2.1421646473360205,3.436882218088287,9,"{""0"": 0.003850047491851729, ""1"": 0.005264655312236096, ""2"": 0.0058920521102851404, ""3"": 0.012363626544573176, ""4"": 0.004792369771441304, ""5"": 0.015858728598587935}"
control_gain,200,p0.20,nan,1.0504061039452808,10,0.2,39.800000000000004,40.125,28,57,8025,1930,1.6004467644631546,200,0.4045513798996926,0.008091027597993853,2.01697494164083,18.109583943313027,2.1463362566707964,3.3961055638219935,9,"{""0"": 0.003330630090062603, ""1"": 0.005333286292010223, ""2"": 0.006131699825551273, ""3"": 0.0119315772200616, ""4"": 0.004874651581395881, ""5"": 0.016944320578881542}"
control_gain,200,p0.40,nan,1.0327311413017632,10,0.4,79.60000000000001,80.045,62,97,16009,1930,1.600446764463144,0,1.02957468315234,0.020591493663046804,nan,0.0,1.600446764463144,9.142986989544225,15,"{""0"": 0.021954974000129846, ""1"": 0.019545797406582827, ""2"": 0.022054219830161037, ""3"": 0.023355941621769384, ""4"": 0.019271884645833362, ""5"": 0.017366144473804353}"
control_gain,200,p0.40,nan,1.0327311413017632,10,0.4,79.60000000000001,80.045,62,97,16009,1930,1.600446764463144,10,0.7516546643233017,0.015033093286466036,0.6891251400282418,11.129063229828192,1.9866152511302821,3.234490840450579,9,"{""0"": 0.011684634121256688, ""1"": 0.012317682043653872, ""2"": 0.014090338876919652, ""3"": 0.036635080893894376, ""4"": 0.007483497860797719, ""5"": 0.007987325922273924}"
control_gain,200,p0.40,nan,1.0327311413017632,10,0.4,79.60000000000001,80.045,62,97,16009,1930,1.600446764463144,20,0.6425543289369775,0.012851086578739552,34.30948154878014,14.044985068565934,2.077421982783269,3.048747247114925,9,"{""0"": 0.00398544938932051, ""1"": 0.006375576392960309, ""2"": 0.008032106100662902, ""3"": 0.035950523498516324, ""4"": 0.005465162295464401, ""5"": 0.01729770179551286}"
control_gain,200,p0.40,nan,1.0327311413017632,10,0.4,79.60000000000001,80.045,62,97,16009,1930,1.600446764463144,30,0.45219654298508594,0.00904393085970172,13.489661440143163,14.510978032651785,2.09867472389608,2.7842743527494926,8,"{""0"": 0.003796560217255867, ""1"": 0.010429834007374, ""2"": 0.004597248512344049, ""3"": 0.01808998299338276, ""4"": 0.012087888288927387, ""5"": 0.005262071138926258}"
control_gain,200,p0.40,nan,1.0327311413017632,10,0.4,79.60000000000001,80.045,62,97,16009,1930,1.600446764463144,40,0.45214421396185167,0.009042884279237034,15.2501896472134,14.98012854319089,2.0886777932828715,3.242486798892603,9,"{""0"": 0.005389360093402712, ""1"": 0.007465991755634674, ""2"": 0.003848779489208884, ""3"": 0.02255576303702333, ""4"": 0.008684844858715365, ""5"": 0.006312566441437237}"
control_gain,200,p0.40,nan,1.0327311413017632,10,0.4,79.60000000000001,80.045,62,97,16009,1930,1.600446764463144,50,0.37715850957248265,0.007543170191449654,5.786940914219805,15.366888910049408,2.0904194809598757,3.1610703976283037,9,"{""0"": 0.004799727853114324, ""1"": 0.00585209966872382, ""2"": 0.004057401623826768, ""3"": 0.01597369344679809, ""4"": 0.006713002406158933, ""5"": 0.00786309615007599}"
control_gain,200,p0.40,nan,1.0327311413017632,10,0.4,79.60000000000001,80.045,62,97,16009,1930,1.600446764463144,60,0.37958346185495306,0.007591669237099062,3.253740115974183,15.604328328358694,2.111655440963081,3.1688784625976583,9,"{""0"": 0.004719730720987773, ""1"": 0.005094931931480176, ""2"": 0.0037588649833547724, ""3"": 0.020412630883858543, ""4"": 0.0059030954070889066, ""5"": 0.005660761495824208}"
control_gain,200,p0.40,nan,1.0327311413017632,10,0.4,79.60000000000001,80.045,62,97,16009,1930,1.600446764463144,70,0.3339005099489789,0.006678010198979579,5.064981360071759,15.837145641678736,2.1053980177014595,3.1143816569111995,9,"{""0"": 0.004485411891909058, ""1"": 0.005384910108559998, ""2"": 0.0032689142810932758, ""3"": 0.016686468834339715, ""4"": 0.004973767023960898, ""5"": 0.005268589054014531}"
control_gain,200,p0.40,nan,1.0327311413017632,10,0.4,79.60000000000001,80.045,62,97,16009,1930,1.600446764463144,80,0.31664507473503367,0.006332901494700674,2.5218023863840626,15.899212731502988,2.106773182629186,3.1548241229893557,9,"{""0"": 0.004155953594708309, ""1"": 0.004771356858270177, ""2"": 0.0031066223259394845, ""3"": 0.018122368400024014, ""4"": 0.004961704435763504, ""5"": 0.0028794033534985533}"
control_gain,200,p0.40,nan,1.0327311413017632,10,0.4,79.60000000000001,80.045,62,97,16009,1930,1.600446764463144,90,0.2998916041077673,0.005997832082155347,8.707369719893954,16.059696187308063,2.1124867071436055,3.125861142957982,9,"{""0"": 0.0039174334043919935, ""1"": 0.005106987103773353, ""2"": 0.0030661687363392606, ""3"": 0.0159885002267034, ""4"": 0.0048433712783441845, ""5"": 0.003064531743379892}"
control_gain,200,p0.40,nan,1.0327311413017632,10,0.4,79.60000000000001,80.045,62,97,16009,1930,1.600446764463144,100,0.28871985171556597,0.00577439703431132,14.04012009660427,16.210704401881557,2.118355785391873,3.154896593184378,9,"{""0"": 0.004241616850896928, ""1"": 0.004686839468135638, ""2"": 0.0027664054105281063, ""3"": 0.015436818108407108, ""4"": 0.004075749779413572, ""5"": 0.003438952588486572}"
control_gain,200,p0.40,nan,1.0327311413017632,10,0.4,79.60000000000001,80.045,62,97,16009,1930,1.600446764463144,110,0.2906176207773555,0.00581235241554711,1.615870753261231,16.327021479531915,2.125025978590954,3.1161243140829327,9,"{""0"": 0.003989250694912018, ""1"": 0.004839306507707874, ""2"": 0.002971894696322229, ""3"": 0.015247921673614204, ""4"": 0.004168525728152411, ""5"": 0.0036572151925739226}"
control_gain,200,p0.40,nan,1.0327311413017632,10,0.4,79.60000000000001,80.045,62,97,16009,1930,1.600446764463144,120,0.2757348555377674,0.005514697110755348,14.17584440739342,16.41110011674333,2.129517208992118,3.178489976715591,9,"{""0"": 0.0044362122764323745, ""1"": 0.004151981786019113, ""2"": 0.002638873486197204, ""3"": 0.015503263378414447, ""4"": 0.0034607597990030563, ""5"": 0.002897091938465894}"
control_gain,200,p0.40,nan,1.0327311413017632,10,0.4,79.60000000000001,80.045,62,97,16009,1930,1.600446764463144,130,0.26777702810256315,0.005355540562051264,6.059731946573377,16.546783758797297,2.137886929055476,3.178537983949505,9,"{""0"": 0.00464564696486278, ""1"": 0.0041097376789847135, ""2"": 0.002751279185326036, ""3"": 0.014717208847188676, ""4"": 0.003275202905701781, ""5"": 0.0026341677902435917}"
control_gain,200,p0.40,nan,1.0327311413017632,10,0.4,79.60000000000001,80.045,62,97,16009,1930,1.600446764463144,140,0.2695821516161838,0.0053916430323236765,7.426571067277778,16.6412025439097,2.1345476666612706,3.1962106535304025,9,"{""0"": 0.0048489520800754, ""1"": 0.0039125175307249726, ""2"": 0.002796014210732123, ""3"": 0.014597083850915996, ""4"": 0.0026985030654937277, ""5"": 0.0034967874559998433}"
control_gain,200,p0.40,nan,1.0327311413017632,10,0.4,79.60000000000001,80.045,62,97,16009,1930,1.600446764463144,150,0.2606801153067462,0.005213602306134924,2.1669992667323017,16.69459759959999,2.133291165215308,3.189155525147569,9,"{""0"": 0.004836001660632496, ""1"": 0.003902641826334439, ""2"": 0.0025930215974634034, ""3"": 0.014328942423217661, ""4"": 0.002609419964669452, ""5"": 0.003011586364492094}"
control_gain,200,p0.40,nan,1.0327311413017632,10,0.4,79.60000000000001,80.045,62,97,16009,1930,1.600446764463144,160,0.2609745617946405,0.005219491235892812,6.30437138818591,16.749368511974076,2.1360498865498814,3.174566618568407,8,"{""0"": 0.004687554410300305, ""1"": 0.00401606678516177, ""2"": 0.002535115882082596, ""3"": 0.014301148493123883, ""4"": 0.0027659316779800216, ""5"": 0.003011130166708293}"
control_gain,200,p0.40,nan,1.0327311413017632,10,0.4,79.60000000000001,80.045,62,97,16009,1930,1.600446764463144,170,0.25495290874635607,0.005099058174927122,1.2282269080467698,16.825625556942136,2.133006568941017,3.173002244796309,8,"{""0"": 0.004638984412321563, ""1"": 0.0037686179680472805, ""2"": 0.002781013906055132, ""3"": 0.013728803550031723, ""4"": 0.0030560612560926806, ""5"": 0.0026208679570143443}"
control_gain,200,p0.40,nan,1.0327311413017632,10,0.4,79.60000000000001,80.045,62,97,16009,1930,1.600446764463144,180,0.234098404159814,0.0046819680831962805,4.056011924802023,16.908585727745045,2.138171921979054,3.2078182795487478,9,"{""0"": 0.00447087141497804, ""1"": 0.0039996200254147915, ""2"": 0.0028767374381406937, ""3"": 0.010637939317893627, ""4"": 0.003187367174975858, ""5"": 0.002919273127774672}"
control_gain,200,p0.40,nan,1.0327311413017632,10,0.4,79.60000000000001,80.045,62,97,16009,1930,1.600446764463144,190,0.22814779404256968,0.004562955880851394,14.934112894675486,16.971992287689382,2.1372220393584236,3.2099461315296134,9,"{""0"": 0.004676538509356246, ""1"": 0.004107622587623649, ""2"": 0.0025033607436638085, ""3"": 0.010417894521878277, ""4"": 0.002858511667915576, ""5"": 0.002813807254670813}"
control_gain,200,p0.40,nan,1.0327311413017632,10,0.4,79.60000000000001,80.045,62,97,16009,1930,1.600446764463144,200,0.23623870491934837,0.004724774098386968,0.7116148061331724,16.99711906182241,2.141163653640719,3.181742218202553,9,"{""0"": 0.004364968010820053, ""1"": 0.004561894700857027, ""2"": 0.002690364636807193, ""3"": 0.01058833261216615, ""4"": 0.0033101604720705293, ""5"": 0.0028329241576008587}"
control_gain,200,p0.05,nan,1.0,11,0.05,9.950000000000001,9.97,3,19,1994,1994,1.628190124348569,0,0.9631965188729344,0.01926393037745869,nan,0.0,1.628190124348569,8.0070707302085,14,"{""0"": 0.017606185765965843, ""1"": 0.01733238432689315, ""2"": 0.023039769352213947, ""3"": 0.018123474068770244, ""4"": 0.02217686441816001, ""5"": 0.017304904332748953}"
control_gain,200,p0.05,nan,1.0,11,0.05,9.950000000000001,9.97,3,19,1994,1994,1.628190124348569,10,0.8881523051277328,0.01776304610255466,4.494698409342183,14.127457902647864,2.1980426924354934,2.9752967484622928,8,"{""0"": 0.022267528201531057, ""1"": 0.030372257784412753, ""2"": 0.04081341691127132, ""3"": 0.004215280524251683, ""4"": 0.006216916473918159, ""5"": 0.002692876719942983}"
control_gain,200,p0.05,nan,1.0,11,0.05,9.950000000000001,9.97,3,19,1994,1994,1.628190124348569,20,0.7382933417307889,0.01476586683461578,27.424012384287828,15.314608575871654,2.0328728030644654,3.2692299121701303,8,"{""0"": 0.032619868859738624, ""1"": 0.007971883080726183, ""2"": 0.023627848286772574, ""3"": 0.007437146986208181, ""4"": 0.013592413135879972, ""5"": 0.0033460406583691532}"
control_gain,200,p0.05,nan,1.0,11,0.05,9.950000000000001,9.97,3,19,1994,1994,1.628190124348569,30,0.5778959771547946,0.011557919543095894,16.14861918505485,16.581717800261945,2.072616897640253,2.674458316325719,10,"{""0"": 0.022891244844633094, ""1"": 0.011303260425831572, ""2"": 0.003327097488567331, ""3"": 0.011470197474259567, ""4"": 0.01009835883313365, ""5"": 0.010257358192150148}"
control_gain,200,p0.05,nan,1.0,11,0.05,9.950000000000001,9.97,3,19,1994,1994,1.628190124348569,40,0.5822931650923441,0.011645863301846884,15.735590023870651,16.92108229063522,2.0296841982274487,3.374510231360548,11,"{""0"": 0.014971915195657683, ""1"": 0.008486150007498807, ""2"": 0.014470530327778222, ""3"": 0.011005760728440823, ""4"": 0.010830668946130533, ""5"": 0.010110154605575229}"
control_gain,200,p0.05,nan,1.0,11,0.05,9.950000000000001,9.97,3,19,1994,1994,1.628190124348569,50,0.48105087662236956,0.009621017532447393,11.381085909358054,17.055084499235544,2.0345915950705,3.6714490433801603,12,"{""0"": 0.013055393040653899, ""1"": 0.006193228320183047, ""2"": 0.009233893644676194, ""3"": 0.010129102021462076, ""4"": 0.007543960115561796, ""5"": 0.011570528052147347}"
control_gain,200,p0.05,nan,1.0,11,0.05,9.950000000000001,9.97,3,19,1994,1994,1.628190124348569,60,0.4500941385408212,0.009001882770816426,4.419384630830318,17.315949853229423,2.072613901970511,3.735476375338247,11,"{""0"": 0.008905680990863555, ""1"": 0.004778545827578376, ""2"": 0.009942512289956627, ""3"": 0.009595686903131614, ""4"": 0.009730389593334695, ""5"": 0.011058481020033692}"
control_gain,200,p0.05,nan,1.0,11,0.05,9.950000000000001,9.97,3,19,1994,1994,1.628190124348569,70,0.40613213558581046,0.00812264271171621,6.827323809239435,17.36515940920784,2.0531983483480807,3.7617767695335806,11,"{""0"": 0.006943046310372461, ""1"": 0.0049803758493375426, ""2"": 0.01044693807632684, ""3"": 0.0074348130039115345, ""4"": 0.010465569468090588, ""5"": 0.008465113562258288}"
control_gain,200,p0.05,nan,1.0,11,0.05,9.950000000000001,9.97,3,19,1994,1994,1.628190124348569,80,0.40097862388779404,0.008019572477755883,4.462046544022145,17.548684941684947,2.0609364330686506,3.754072189707632,11,"{""0"": 0.00719277546102666, ""1"": 0.004811692185646784, ""2"": 0.010882222798846411, ""3"": 0.00761623004988041, ""4"": 0.008906555321764386, ""5"": 0.00870795904937064}"
control_gain,200,p0.05,nan,1.0,11,0.05,9.950000000000001,9.97,3,19,1994,1994,1.628190124348569,90,0.36840815898435436,0.007368163179687089,5.228597991817319,17.571204428464707,2.057776968909741,3.826890590781454,11,"{""0"": 0.006315605918596351, ""1"": 0.004392251910658062, ""2"": 0.010026196618682507, ""3"": 0.008851450115294432, ""4"": 0.007005690302273886, ""5"": 0.00761778421261729}"
control_gain,200,p0.05,nan,1.0,11,0.05,9.950000000000001,9.97,3,19,1994,1994,1.628190124348569,100,0.3472556612654187,0.0069451132253083745,1.8164270141325303,17.69561319935345,2.061121113036782,3.761300568336436,11,"{""0"": 0.004812344968080032, ""1"": 0.004119153963950175, ""2"": 0.009176812674741073, ""3"": 0.009147348672502083, ""4"": 0.006631083631293959, ""5"": 0.00778393544128293}"
control_gain,200,p0.05,nan,1.0,11,0.05,9.950000000000001,9.97,3,19,1994,1994,1.628190124348569,110,0.34172146138499676,0.0068344292276999365,7.13367712045495,17.838377206117134,2.080261289199551,3.7169253174955785,11,"{""0"": 0.005514255489364569, ""1"": 0.0038562461897889443, ""2"": 0.008029195978067054, ""3"": 0.009513543798844426, ""4"": 0.006745336226901974, ""5"": 0.007347997683232653}"
control_gain,200,p0.05,nan,1.0,11,0.05,9.950000000000001,9.97,3,19,1994,1994,1.628190124348569,120,0.3443645150352283,0.006887290300704566,7.416384384624749,17.903762030619465,2.071573098792403,3.7604737966560378,11,"{""0"": 0.004804536448480561, ""1"": 0.0035792042792348495, ""2"": 0.009182701484590237, ""3"": 0.009890568108084308, ""4"": 0.006027633163491597, ""5"": 0.007839098320345853}"
control_gain,200,p0.05,nan,1.0,11,0.05,9.950000000000001,9.97,3,19,1994,1994,1.628190124348569,130,0.3370562905808783,0.006741125811617567,5.031371103624088,18.024096028168685,2.070498906217565,3.7896753637010034,11,"{""0"": 0.004346174338127593, ""1"": 0.0037146630624030714, ""2"": 0.009415560309848981, ""3"": 0.009869940275045374, ""4"": 0.005715140803136235, ""5"": 0.007385276081144146}"
control_gain,200,p0.05,nan,1.0,11,0.05,9.950000000000001,9.97,3,19,1994,1994,1.628190124348569,140,0.3468660132930253,0.0069373202658605075,3.197501010028389,18.089987635247365,2.077072245880381,3.800959226636691,11,"{""0"": 0.004817317417438713, ""1"": 0.003809296149725816, ""2"": 0.009590762786221221, ""3"": 0.01086366877958806, ""4"": 0.005543908191671301, ""5"": 0.006998968270517934}"
control_gain,200,p0.05,nan,1.0,11,0.05,9.950000000000001,9.97,3,19,1994,1994,1.628190124348569,150,0.33498522237069284,0.006699704447413858,29.915632599566276,18.1554785727092,2.077679644579922,3.794487584654919,11,"{""0"": 0.004280190475333043, ""1"": 0.003783552362805338, ""2"": 0.009397421160092572, ""3"": 0.009897134257927955, ""4"": 0.005744073233892592, ""5"": 0.007095855194431647}"
control_gain,200,p0.05,nan,1.0,11,0.05,9.950000000000001,9.97,3,19,1994,1994,1.628190124348569,160,0.32401187874241616,0.006480237574848324,2.2815775907476974,18.188415920269357,2.0816809345285754,3.7513669399343796,11,"{""0"": 0.004306115034302859, ""1"": 0.003756491716589364, ""2"": 0.010021066577793041, ""3"": 0.007868620132525376, ""4"": 0.005825203432740968, ""5"": 0.007103928555138339}"
control_gain,200,p0.05,nan,1.0,11,0.05,9.950000000000001,9.97,3,19,1994,1994,1.628190124348569,170,0.3191429940881203,0.006382859881762407,7.258009231010549,18.253858167932474,2.081505645737606,3.7584684959452836,11,"{""0"": 0.004684777506277966, ""1"": 0.003868125537592254, ""2"": 0.009623523229840975, ""3"": 0.007750304002761934, ""4"": 0.00569810311178108, ""5"": 0.006672325902320227}"
control_gain,200,p0.05,nan,1.0,11,0.05,9.950000000000001,9.97,3,19,1994,1994,1.628190124348569,180,0.3055073747529782,0.006110147495059564,18.377177985855862,18.312263518473273,2.078308095900501,3.757929363681775,11,"{""0"": 0.004022891856660938, ""1"": 0.0036747916167731076, ""2"": 0.00853936037286514, ""3"": 0.00816671729082408, ""4"": 0.00554422290298501, ""5"": 0.00671290093024911}"
control_gain,200,p0.05,nan,1.0,11,0.05,9.950000000000001,9.97,3,19,1994,1994,1.628190124348569,190,0.2946678174320812,0.005893356348641625,2.6468679237120094,18.381667162044838,2.075107676194823,3.742147207229462,10,"{""0"": 0.0038549436239519396, ""1"": 0.003607792382471781, ""2"": 0.008471315325122176, ""3"": 0.007404443850646342, ""4"": 0.005415432423246651, ""5"": 0.0066062104864108625}"
control_gain,200,p0.05,nan,1.0,11,0.05,9.950000000000001,9.97,3,19,1994,1994,1.628190124348569,200,0.30036942184262955,0.006007388436852592,4.849725010313851,18.425018836136,2.0770766017033853,3.766306777676581,11,"{""0"": 0.003927641122595174, ""1"": 0.0036292780451393897, ""2"": 0.008455103638427762, ""3"": 0.008283993326127902, ""4"": 0.005008430554256671, ""5"": 0.0067398839345686485}"
control_gain,200,p0.10,nan,1.0555185383762504,11,0.1,19.900000000000002,19.63,11,32,3926,1994,1.628190124348561,0,1.0187380523959557,0.020374761047919115,nan,0.0,1.628190124348561,6.027232170115114,15,"{""0"": 0.022045541770193536, ""1"": 0.018765199516563375, ""2"": 0.01726987846156425, ""3"": 0.020959997039791813, ""4"": 0.020544418724559005, ""5"": 0.022663530774842715}"
control_gain,200,p0.10,nan,1.0555185383762504,11,0.1,19.900000000000002,19.63,11,32,3926,1994,1.628190124348561,10,0.9855935483739359,0.01971187096747872,5.826831150633095,13.212153440879044,2.0760040989380393,3.2299594200203874,9,"{""0"": 0.013975268711958167, ""1"": 0.049458777316028484, ""2"": 0.037567182631866106, ""3"": 0.006517997848000759, ""4"": 0.0051194202772518686, ""5"": 0.005632579019766953}"
control_gain,200,p0.10,nan,1.0555185383762504,11,0.1,19.900000000000002,19.63,11,32,3926,1994,1.628190124348561,20,0.6362437005890546,0.012724874011781092,44.78350403624404,15.104888447855917,2.075095755719794,3.6493586653348378,12,"{""0"": 0.0034617006226476212, ""1"": 0.018820187642898663, ""2"": 0.03051944691148726, ""3"": 0.004369989434364864, ""4"": 0.008977878936687046, ""5"": 0.010200040522601091}"
control_gain,200,p0.10,nan,1.0555185383762504,11,0.1,19.900000000000002,19.63,11,32,3926,1994,1.628190124348561,30,0.8331014058322117,0.016662028116644235,35.27291605948302,16.15005252908024,1.9611823003789675,4.745446811460522,15,"{""0"": 0.02318598534825208, ""1"": 0.025733274945768075, ""2"": 0.014944565104706162, ""3"": 0.010200043625989436, ""4"": 0.01175245005548162, ""5"": 0.01415584961966804}"
control_gain,200,p0.10,nan,1.0555185383762504,11,0.1,19.900000000000002,19.63,11,32,3926,1994,1.628190124348561,40,0.6452404045784114,0.01290480809156823,3.2632371934002524,16.25798770736476,1.9493528288584976,3.1206058414798328,12,"{""0"": 0.006665907190992254, ""1"": 0.022223125464808483, ""2"": 0.010154136953377756, ""3"": 0.004085420056211301, ""4"": 0.023528130129729635, ""5"": 0.01077212875428995}"
control_gain,200,p0.10,nan,1.0555185383762504,11,0.1,19.900000000000002,19.63,11,32,3926,1994,1.628190124348561,50,0.5684250780079272,0.011368501560158546,9.005936395132409,16.43450321314426,1.961792930891404,2.88291699024738,12,"{""0"": 0.006008339863409355, ""1"": 0.022310333277553673, ""2"": 0.008036649341740396, ""3"": 0.0036246708572431146, ""4"": 0.01969582017991634, ""5"": 0.008535195841088392}"
control_gain,200,p0.10,nan,1.0555185383762504,11,0.1,19.900000000000002,19.63,11,32,3926,1994,1.628190124348561,60,0.6153790566711831,0.012307581133423664,26.794065752303247,16.706893500126668,2.0182545496975997,2.839614487809483,13,"{""0"": 0.004822393631257816, ""1"": 0.025829016385989646, ""2"": 0.00783104340652245, ""3"": 0.002803489348397058, ""4"": 0.022351149994977126, ""5"": 0.01020839403339789}"
control_gain,200,p0.10,nan,1.0555185383762504,11,0.1,19.900000000000002,19.63,11,32,3926,1994,1.628190124348561,70,0.5990335207002969,0.01198067041400594,7.963580628076602,16.870754594041937,2.0379864513570443,2.4773470855864614,12,"{""0"": 0.0034729374194250318, ""1"": 0.027332093764863268, ""2"": 0.006643922612095387, ""3"": 0.0023940961110695794, ""4"": 0.024644114530164993, ""5"": 0.007396858046417386}"
control_gain,200,p0.10,nan,1.0555185383762504,11,0.1,19.900000000000002,19.63,11,32,3926,1994,1.628190124348561,80,0.5336436968076346,0.010672873936152693,2.019780499360844,16.884264375541946,2.0339895443006752,2.44377335069771,11,"{""0"": 0.0031280173753744254, ""1"": 0.026753923572110493, ""2"": 0.005954792123386776, ""3"": 0.0025477735291774455, ""4"": 0.018376567831028045, ""5"": 0.0072761691858389725}"
control_gain,200,p0.10,nan,1.0555185383762504,11,0.1,19.900000000000002,19.63,11,32,3926,1994,1.628190124348561,90,0.544727117850956,0.010894542357019121,5.803328996002909,16.938830846798197,2.053867941391726,2.490158941329549,11,"{""0"": 0.0030044585688367674, ""1"": 0.029862667790279008, ""2"": 0.005626397462751484, ""3"": 0.00248590320670506, ""4"": 0.018057558829066372, ""5"": 0.00633026828447603}"
control_gain,200,p0.10,nan,1.0555185383762504,11,0.1,19.900000000000002,19.63,11,32,3926,1994,1.628190124348561,100,0.5479140074826592,0.010958280149653185,21.54660077086176,17.131154810950967,2.0806162559125005,2.576175521153474,11,"{""0"": 0.003021197941058179, ""1"": 0.03000905328251352, ""2"": 0.005577815724939835, ""3"": 0.0023074589420284826, ""4"": 0.01876011315950902, ""5"": 0.006074041847870063}"
control_gain,200,p0.10,nan,1.0555185383762504,11,0.1,19.900000000000002,19.63,11,32,3926,1994,1.628190124348561,110,0.5132077420444016,0.010264154840888032,9.239821198563329,17.186368308691222,2.098133974693116,2.614468658289806,12,"{""0"": 0.003367704578558372, ""1"": 0.028798130611589, ""2"": 0.004396924969547482, ""3"": 0.002611727197236685, ""4"": 0.017256672291111292, ""5"": 0.005153769397285358}"
control_gain,200,p0.10,nan,1.0555185383762504,11,0.1,19.900000000000002,19.63,11,32,3926,1994,1.628190124348561,120,0.47951288793436303,0.009590257758687262,4.010726399857518,17.268609711325617,2.11049297235214,2.7293894647619177,12,"{""0"": 0.0033460897982878018, ""1"": 0.029189487424165866, ""2"": 0.003753489684643942, ""3"": 0.00255327120491686, ""4"": 0.01414927112985771, ""5"": 0.004549937310251391}"
control_gain,200,p0.10,nan,1.0555185383762504,11,0.1,19.900000000000002,19.63,11,32,3926,1994,1.628190124348561,130,0.4770954739114338,0.009541909478228678,3.0761143543894134,17.372493859435554,2.116696833560907,2.6834846286463665,12,"{""0"": 0.0033330973886439145, ""1"": 0.029060527577119227, ""2"": 0.0037714454655728103, ""3"": 0.0025193429539350537, ""4"": 0.013847027573025856, ""5"": 0.004720015911075206}"
control_gain,200,p0.10,nan,1.0555185383762504,11,0.1,19.900000000000002,19.63,11,32,3926,1994,1.628190124348561,140,0.4602137077488174,0.00920427415497635,4.696497354335356,17.422532754585195,2.118497151347568,2.7542679218147104,12,"{""0"": 0.003381438877333251, ""1"": 0.02838309514011299, ""2"": 0.003510240827982726, ""3"": 0.002525187081344905, ""4"": 0.012922986838964427, ""5"": 0.004502696164119807}"
control_gain,200,p0.10,nan,1.0555185383762504,11,0.1,19.900000000000002,19.63,11,32,3926,1994,1.628190124348561,150,0.45689636330651817,0.009137927266130365,2.083221766720855,17.4977614379256,2.1304355679519937,2.9338983193877204,12,"{""0"": 0.0031759479810354605, ""1"": 0.02698215556780561, ""2"": 0.003427778253964292, ""3"": 0.002431765805579695, ""4"": 0.013324497824961267, ""5"": 0.0054854181634358635}"
control_gain,200,p0.10,nan,1.0555185383762504,11,0.1,19.900000000000002,19.63,11,32,3926,1994,1.628190124348561,160,0.44970800154260343,0.008994160030852068,32.33930076346053,17.516127668175674,2.134361522356736,2.881060147976359,12,"{""0"": 0.003040851170389355, ""1"": 0.028198524944621477, ""2"": 0.003749504490033144, ""3"": 0.002244058532458407, ""4"": 0.012150111833814172, ""5"": 0.004581909213795867}"
control_gain,200,p0.10,nan,1.0555185383762504,11,0.1,19.900000000000002,19.63,11,32,3926,1994,1.628190124348561,170,0.4373900058903974,0.00874780011780795,10.396704404187073,17.651417851280616,2.141845817207039,2.940987984827906,12,"{""0"": 0.003101117736178691, ""1"": 0.02809946218510575, ""2"": 0.0033803461317307264, ""3"": 0.0022856272597698165, ""4"": 0.01141806057193986, ""5"": 0.004202186822122847}"
control_gain,200,p0.10,nan,1.0555185383762504,11,0.1,19.900000000000002,19.63,11,32,3926,1994,1.628190124348561,180,0.43898531352808173,0.008779706270561636,39.432486968123776,17.73765004816789,2.152755733002731,2.94309018515137,12,"{""0"": 0.003482079084841709, ""1"": 0.0272956676693346, ""2"": 0.003027917532573176, ""3"": 0.002398171509149759, ""4"": 0.011524378048463004, ""5"": 0.004950023779007573}"
control_gain,200,p0.10,nan,1.0555185383762504,11,0.1,19.900000000000002,19.63,11,32,3926,1994,1.628190124348561,190,0.44256560203931294,0.00885131204078626,3.3748950317998014,17.820453390564737,2.1630828312796266,3.065356720442486,12,"{""0"": 0.003432388843889001, ""1"": 0.027041451391978506, ""2"": 0.003000955763086195, ""3"": 0.002449482732399364, ""4"": 0.011379212498884076, ""5"": 0.005804381014480426}"
control_gain,200,p0.10,nan,1.0555185383762504,11,0.1,19.900000000000002,19.63,11,32,3926,1994,1.628190124348561,200,0.4427972848138828,0.008855945696277658,5.409254160866717,17.838035724895484,2.1673856056640566,3.062269952380861,12,"{""0"": 0.0034803576927083155, ""1"": 0.02738613685128935, ""2"": 0.0029518832732960847, ""3"": 0.002512752489084444, ""4"": 0.010959911874801775, ""5"": 0.005844631996485971}"
control_gain,200,p0.20,nan,1.011174021255579,11,0.2,39.800000000000004,40.11,26,57,8022,1994,1.628190124348571,0,1.0591518580479,0.021183037160958006,nan,0.0,1.628190124348571,6.380804385661551,13,"{""0"": 0.02082757411105115, ""1"": 0.019063038496302077, ""2"": 0.02250119001547792, ""3"": 0.020404858467170727, ""4"": 0.022610375396737367, ""5"": 0.021691186479008782}"
control_gain,200,p0.20,nan,1.011174021255579,11,0.2,39.800000000000004,40.11,26,57,8022,1994,1.628190124348571,10,1.1572626824145213,0.02314525364829043,4.385088489998446,13.847502639093447,2.015805525394753,3.2648702192490715,11,"{""0"": 0.036954800062050076, ""1"": 0.05263087629697535, ""2"": 0.034964001820808305, ""3"": 0.004073439004599664, ""4"": 0.00784279355974787, ""5"": 0.0024056111455613254}"
control_gain,200,p0.20,nan,1.011174021255579,11,0.2,39.800000000000004,40.11,26,57,8022,1994,1.628190124348571,20,0.8110558407240994,0.01622111681448199,11.061731131665413,14.274927470211917,1.907024053756575,3.6170958988763298,10,"{""0"": 0.028664112658431006, ""1"": 0.0392970051049215, ""2"": 0.007500348634631125, ""3"": 0.0006809818643420566, ""4"": 0.012532579335713803, ""5"": 0.00865167328885246}"
control_gain,200,p0.20,nan,1.011174021255579,11,0.2,39.800000000000004,40.11,26,57,8022,1994,1.628190124348571,30,0.6812999671935547,0.013625999343871095,51.321109614222905,15.190044120932821,1.9555851966409523,4.059538468150916,11,"{""0"": 0.021852799229378543, ""1"": 0.02854075830926031, ""2"": 0.006340356710355507, ""3"": 0.0038974718174639078, ""4"": 0.01306903720082458, ""5"": 0.008055572795943742}"
control_gain,200,p0.20,nan,1.011174021255579,11,0.2,39.800000000000004,40.11,26,57,8022,1994,1.628190124348571,40,0.6222331155130517,0.012444662310261036,1.2845206347722218,15.71373406158918,1.9968635460352238,3.6913311025229003,12,"{""0"": 0.008563438635963202, ""1"": 0.026540792769429028, ""2"": 0.007177051227266267, ""3"": 0.004685931401009524, ""4"": 0.021032446121813986, ""5"": 0.006668313706084217}"
control_gain,200,p0.20,nan,1.011174021255579,11,0.2,39.800000000000004,40.11,26,57,8022,1994,1.628190124348571,50,0.5375307710513211,0.010750615421026422,4.140320291342827,15.881282768636309,2.0114154273345957,3.629882733055868,12,"{""0"": 0.008745673882090374, ""1"": 0.029695956182009216, ""2"": 0.005624795585124584, ""3"": 0.0027427076129276076, ""4"": 0.013361928541433235, ""5"": 0.0043326307225735215}"
control_gain,200,p0.20,nan,1.011174021255579,11,0.2,39.800000000000004,40.11,26,57,8022,1994,1.628190124348571,60,0.4844820589335068,0.009689641178670138,21.715471971380598,16.1939671861221,2.01601900781039,3.641281497785726,12,"{""0"": 0.005952538623084443, ""1"": 0.022463572239405396, ""2"": 0.005585731189495965, ""3"": 0.0027882922476154533, ""4"": 0.015991449777742854, ""5"": 0.005356262994676704}"
control_gain,200,p0.20,nan,1.011174021255579,11,0.2,39.800000000000004,40.11,26,57,8022,1994,1.628190124348571,70,0.45540550105606714,0.009108110021121345,11.057199856110605,16.570532024070133,2.017129694269572,3.792626196922167,12,"{""0"": 0.004897196704631594, ""1"": 0.02034187929384327, ""2"": 0.006329791974184757, ""3"": 0.00285013159872688, ""4"": 0.014933113931547129, ""5"": 0.005296546623794439}"
control_gain,200,p0.20,nan,1.011174021255579,11,0.2,39.800000000000004,40.11,26,57,8022,1994,1.628190124348571,80,0.4236911612139383,0.008473823224278768,0.5127825561148024,16.66008168362471,2.027372401367327,3.935458428422927,12,"{""0"": 0.0055817122501655644, ""1"": 0.019013039168162472, ""2"": 0.005696313064364402, ""3"": 0.0035668700290138406, ""4"": 0.012190201827654146, ""5"": 0.0047948030063121785}"
control_gain,200,p0.20,nan,1.011174021255579,11,0.2,39.800000000000004,40.11,26,57,8022,1994,1.628190124348571,90,0.3898572775443892,0.007797145550887785,2.2927323787658027,16.909842035766808,2.0451963199245573,4.038644521332906,12,"{""0"": 0.006053772190050337, ""1"": 0.01689483077589436, ""2"": 0.0060503696981144784, ""3"": 0.0032963554089727996, ""4"": 0.010002386805073621, ""5"": 0.004485158427221116}"
control_gain,200,p0.20,nan,1.011174021255579,11,0.2,39.800000000000004,40.11,26,57,8022,1994,1.628190124348571,100,0.40717416739647116,0.008143483347929425,9.490252345567958,17.03844818016743,2.0566719777548483,3.9864884938340066,12,"{""0"": 0.0069898130560407685, ""1"": 0.017588821736747196, ""2"": 0.006296106733789164, ""3"": 0.002883850253519174, ""4"": 0.01078103561247841, ""5"": 0.0043212726950018305}"
control_gain,200,p0.20,nan,1.011174021255579,11,0.2,39.800000000000004,40.11,26,57,8022,1994,1.628190124348571,110,0.4101214935291392,0.008202429870582785,1.7360223045954808,17.210869277916487,2.0818494220185806,3.795586915054756,12,"{""0"": 0.007829585491519787, ""1"": 0.01634414824782359, ""2"": 0.005878393869147516, ""3"": 0.004305401356547471, ""4"": 0.010925949206309763, ""5"": 0.003931101052148581}"
control_gain,200,p0.20,nan,1.011174021255579,11,0.2,39.800000000000004,40.11,26,57,8022,1994,1.628190124348571,120,0.37807455574297055,0.007561491114859412,1.3982603662782562,17.300833719377852,2.079515834742104,3.795374905214372,12,"{""0"": 0.007174475691897861, ""1"": 0.01599873418109065, ""2"": 0.005731360266530337, ""3"": 0.005033202964805391, ""4"": 0.007309207738076066, ""5"": 0.004121965846756166}"
control_gain,200,p0.20,nan,1.011174021255579,11,0.2,39.800000000000004,40.11,26,57,8022,1994,1.628190124348571,130,0.3605632128699662,0.007211264257399324,0.5984504189739225,17.327781048647513,2.03869362228483,3.9365387075700986,12,"{""0"": 0.005820708200003155, ""1"": 0.015631215244365632, ""2"": 0.0060673412012263546, ""3"": 0.005092382268036648, ""4"": 0.006146296870693409, ""5"": 0.004509641760070743}"
control_gain,200,p0.20,nan,1.011174021255579,11,0.2,39.800000000000004,40.11,26,57,8022,1994,1.628190124348571,140,0.37991735176498537,0.0075983470352997086,3.2397965911890623,17.415155239473098,2.0425377331250716,3.8554892040072217,12,"{""0"": 0.006856016811236601, ""1"": 0.014835665365212766, ""2"": 0.006055121212103159, ""3"": 0.006093697943245343, ""4"": 0.007478020211118058, ""5"": 0.004271560668882332}"
control_gain,200,p0.20,nan,1.011174021255579,11,0.2,39.800000000000004,40.11,26,57,8022,1994,1.628190124348571,150,0.34665592389947003,0.006933118477989402,2.1972045167362655,17.37154513903029,2.040603604944047,3.8293905001061534,12,"{""0"": 0.005788991141623604, ""1"": 0.01623883288848464, ""2"": 0.006368530938174769, ""3"": 0.0035255671024260913, ""4"": 0.005904720026186634, ""5"": 0.0037720687710406696}"
control_gain,200,p0.20,nan,1.011174021255579,11,0.2,39.800000000000004,40.11,26,57,8022,1994,1.628190124348571,160,0.33500764741597117,0.006700152948319424,17.83272759705952,17.520936417207228,2.0423750388234474,3.8883839843843533,12,"{""0"": 0.005396166248636876, ""1"": 0.014094026408619644, ""2"": 0.0064756573115423615, ""3"": 0.004419254971181334, ""4"": 0.005818175353203786, ""5"": 0.003997637396732533}"
control_gain,200,p0.20,nan,1.011174021255579,11,0.2,39.800000000000004,40.11,26,57,8022,1994,1.628190124348571,170,0.3282378337684669,0.006564756675369339,8.528818940869954,17.55208805563209,2.0432424752715064,3.7151265706122727,11,"{""0"": 0.005801927433172726, ""1"": 0.01482186024648916, ""2"": 0.00590150266584135, ""3"": 0.003765813061955347, ""4"": 0.005463774211350736, ""5"": 0.003633662433406714}"
control_gain,200,p0.20,nan,1.011174021255579,11,0.2,39.800000000000004,40.11,26,57,8022,1994,1.628190124348571,180,0.33817808582960074,0.006763561716592016,4.636740026059283,17.5239499631264,2.038891746275685,3.6696868501262334,11,"{""0"": 0.006488800839606501, ""1"": 0.015394823294318846, ""2"": 0.0056744284214061014, ""3"": 0.0037111907667927275, ""4"": 0.005517473242263929, ""5"": 0.0037946537351639933}"
control_gain,200,p0.20,nan,1.011174021255579,11,0.2,39.800000000000004,40.11,26,57,8022,1994,1.628190124348571,190,0.35037351470652195,0.00700747029413044,14.447206655002143,17.613020881236537,2.041703766320132,3.5772677806578064,11,"{""0"": 0.0074647802031966425, ""1"": 0.013779788910668805, ""2"": 0.0056433550025702306, ""3"": 0.005330717823094417, ""4"": 0.00626936844403751, ""5"": 0.003556811381215033}"
control_gain,200,p0.20,nan,1.011174021255579,11,0.2,39.800000000000004,40.11,26,57,8022,1994,1.628190124348571,200,0.36019347111415495,0.007203869422283101,49.757303136610204,17.60119006249506,2.040213984516648,3.615880682634739,12,"{""0"": 0.008365926025084158, ""1"": 0.013318741292015147, ""2"": 0.005731259969713196, ""3"": 0.005583647795311493, ""4"": 0.006788417246810277, ""5"": 0.0034352242047643337}"
control_gain,200,p0.40,nan,1.0649198090644723,11,0.4,79.60000000000001,80.145,59,100,16029,1994,1.628190124348572,0,1.0035460448631286,0.020070920897262572,nan,0.0,1.628190124348572,4.874082905272597,14,"{""0"": 0.020207204060076527, ""1"": 0.020906063627684303, ""2"": 0.022481138065506487, ""3"": 0.017584780936261306, ""4"": 0.01873726257685466, ""5"": 0.020509076117192146}"
control_gain,200,p0.40,nan,1.0649198090644723,11,0.4,79.60000000000001,80.145,59,100,16029,1994,1.628190124348572,10,1.0778453397837244,0.021556906795674492,17.1408621516071,13.109011039812053,2.0249509879146,2.716062689060452,10,"{""0"": 0.03943462397242513, ""1"": 0.04357675264224986, ""2"": 0.02278891257023901, ""3"": 0.011749931372511818, ""4"": 0.006141657139590048, ""5"": 0.005649563077031095}"
control_gain,200,p0.40,nan,1.0649198090644723,11,0.4,79.60000000000001,80.145,59,100,16029,1994,1.628190124348572,20,0.7903365430305601,0.015806730860611202,14.962323801843423,14.436651821018499,2.0671588863311614,3.5644238896616596,15,"{""0"": 0.01340194889461634, ""1"": 0.03320793132714704, ""2"": 0.016571728373281885, ""3"": 0.01240363612313988, ""4"": 0.010982678410278713, ""5"": 0.008272462035203364}"
control_gain,200,p0.40,nan,1.0649198090644723,11,0.4,79.60000000000001,80.145,59,100,16029,1994,1.628190124348572,30,0.7089531885821195,0.014179063771642393,8.93484243129626,15.051156767835193,2.0942309684643363,3.8489627556455033,15,"{""0"": 0.02067253295067844, ""1"": 0.030053294182551715, ""2"": 0.00946403359197277, ""3"": 0.010122167735651128, ""4"": 0.007190114082994156, ""5"": 0.0075722400860061614}"
control_gain,200,p0.40,nan,1.0649198090644723,11,0.4,79.60000000000001,80.145,59,100,16029,1994,1.628190124348572,40,0.5806136060129865,0.011612272120259733,21.101503277558013,15.272369909050637,2.0821164565448838,3.5998040259654585,15,"{""0"": 0.014392861011253939, ""1"": 0.021517101800643177, ""2"": 0.009118561400385226, ""3"": 0.005902512428973107, ""4"": 0.011125044611338859, ""5"": 0.007617551468964079}"
control_gain,200,p0.40,nan,1.0649198090644723,11,0.4,79.60000000000001,80.145,59,100,16029,1994,1.628190124348572,50,0.5565958501932566,0.011131917003865134,32.233595617039576,15.48470871085855,2.046226044345591,3.698053551557233,15,"{""0"": 0.011904181864677127, ""1"": 0.02476335978354327, ""2"": 0.008265600361237753, ""3"": 0.004884896089771285, ""4"": 0.008577151405783546, ""5"": 0.00839631251817782}"
control_gain,200,p0.40,nan,1.0649198090644723,11,0.4,79.60000000000001,80.145,59,100,16029,1994,1.628190124348572,60,0.5412290711909775,0.010824581423819552,21.27757504944747,15.490811364710467,2.0709383380654467,4.229708977231492,16,"{""0"": 0.011663892213659956, ""1"": 0.018932206118235248, ""2"": 0.01141928713944634, ""3"": 0.003717899949185058, ""4"": 0.00895232590252551, ""5"": 0.010261877219865195}"
control_gain,200,p0.40,nan,1.0649198090644723,11,0.4,79.60000000000001,80.145,59,100,16029,1994,1.628190124348572,70,0.5080978100605855,0.01016195620121171,45.87699693301614,15.622522156655519,2.058413093591228,3.9958555205392132,16,"{""0"": 0.006174650486657739, ""1"": 0.021404682238949747, ""2"": 0.011197602968120338, ""3"": 0.0037938001726202882, ""4"": 0.009042610132600923, ""5"": 0.009358391208321234}"
control_gain,200,p0.40,nan,1.0649198090644723,11,0.4,79.60000000000001,80.145,59,100,16029,1994,1.628190124348572,80,0.5077463830031399,0.010154927660062799,1.6412817482803845,15.741542689964037,2.081087188528525,4.626075789658724,17,"{""0"": 0.006439037258657229, ""1"": 0.023623846480057793, ""2"": 0.011987711272965683, ""3"": 0.003895904621685409, ""4"": 0.005605693186889844, ""5"": 0.009377373140120831}"
control_gain,200,p0.40,nan,1.0649198090644723,11,0.4,79.60000000000001,80.145,59,100,16029,1994,1.628190124348572,90,0.5283331163005536,0.010566662326011072,6.388043077511096,15.86523871529046,2.074438966001094,4.880966876503439,17,"{""0"": 0.005971387955175353, ""1"": 0.025150727683463176, ""2"": 0.01284889731425658, ""3"": 0.003907885778545768, ""4"": 0.006551664348644584, ""5"": 0.008969410875980976}"
control_gain,200,p0.40,nan,1.0649198090644723,11,0.4,79.60000000000001,80.145,59,100,16029,1994,1.628190124348572,100,0.49247475797753354,0.009849495159550673,19.892103136057166,16.052472613400983,2.0775624346240633,4.9577887752021015,17,"{""0"": 0.005484687769412124, ""1"": 0.022528642786290087, ""2"": 0.012478323937300072, ""3"": 0.0035628654956046716, ""4"": 0.004736913954816245, ""5"": 0.010305537013880829}"
control_gain,200,p0.40,nan,1.0649198090644723,11,0.4,79.60000000000001,80.145,59,100,16029,1994,1.628190124348572,110,0.4740609902303634,0.009481219804607269,4.526342746293123,16.258693167073165,2.06340457349908,5.111140414932075,17,"{""0"": 0.005766400920909997, ""1"": 0.019085306065609063, ""2"": 0.01241715560083539, ""3"": 0.00428370062530647, ""4"": 0.004115367142608715, ""5"": 0.011219388472373979}"
control_gain,200,p0.40,nan,1.0649198090644723,11,0.4,79.60000000000001,80.145,59,100,16029,1994,1.628190124348572,120,0.4219884574792685,0.00843976914958537,6.3078208042510475,16.379105606462304,2.0751626613431613,4.97360890855049,17,"{""0"": 0.005521747852067476, ""1"": 0.013648357221530552, ""2"": 0.012601284071739497, ""3"": 0.004153693342333961, ""4"": 0.0036421446830617573, ""5"": 0.011071387726778983}"
control_gain,200,p0.40,nan,1.0649198090644723,11,0.4,79.60000000000001,80.145,59,100,16029,1994,1.628190124348572,130,0.42079875657561555,0.008415975131512312,7.856614268745004,16.494577907835456,2.079094518235403,4.882916155404754,16,"{""0"": 0.00560813487300096, ""1"": 0.012311089704069519, ""2"": 0.012447300157517377, ""3"": 0.004428263215116904, ""4"": 0.004220686286401451, ""5"": 0.011480376552967665}"
control_gain,200,p0.40,nan,1.0649198090644723,11,0.4,79.60000000000001,80.145,59,100,16029,1994,1.628190124348572,140,0.41801050937181694,0.00836021018743634,3.959562757020124,16.738051990379248,2.0599312889039822,4.9826315391879765,16,"{""0"": 0.0061991247281800044, ""1"": 0.013308262110660713, ""2"": 0.011066667215946957, ""3"": 0.004477426929678352, ""4"": 0.004787198546542857, ""5"": 0.010322581593609163}"
control_gain,200,p0.40,nan,1.0649198090644723,11,0.4,79.60000000000001,80.145,59,100,16029,1994,1.628190124348572,150,0.41870123417074295,0.00837402468341486,23.189699863678317,16.782061859405626,2.0673083521131472,4.920566163679795,16,"{""0"": 0.006227071252853811, ""1"": 0.012436557510382263, ""2"": 0.01063934065767688, ""3"": 0.004207981664452482, ""4"": 0.005093198676600076, ""5"": 0.011639998338523649}"
control_gain,200,p0.40,nan,1.0649198090644723,11,0.4,79.60000000000001,80.145,59,100,16029,1994,1.628190124348572,160,0.4303073614834427,0.008606147229668855,19.57078095149767,16.8729297506438,2.0514157959405837,4.934894579955661,16,"{""0"": 0.0062815593838076, ""1"": 0.011450509137429243, ""2"": 0.011151324418960506, ""3"": 0.004149003195416657, ""4"": 0.005919956720683883, ""5"": 0.01268453052171524}"
control_gain,200,p0.40,nan,1.0649198090644723,11,0.4,79.60000000000001,80.145,59,100,16029,1994,1.628190124348572,170,0.435801902713177,0.00871603805426354,6.969431532418493,16.98281987116447,2.0490936679036365,4.977035157832883,16,"{""0"": 0.006609923205404182, ""1"": 0.012339115837566144, ""2"": 0.01055560149296476, ""3"": 0.004321331615155114, ""4"": 0.005966170399454548, ""5"": 0.012504085775036488}"
control_gain,200,p0.40,nan,1.0649198090644723,11,0.4,79.60000000000001,80.145,59,100,16029,1994,1.628190124348572,180,0.4195508876493935,0.008391017752987872,57.41696648516974,17.038976458513808,2.047825302021055,4.900999451742371,16,"{""0"": 0.006480653413973273, ""1"": 0.011653855878549349, ""2"": 0.009836046618920137, ""3"": 0.004175660218926873, ""4"": 0.00560722012654511, ""5"": 0.01259267026101249}"
control_gain,200,p0.40,nan,1.0649198090644723,11,0.4,79.60000000000001,80.145,59,100,16029,1994,1.628190124348572,190,0.41755693369570557,0.008351138673914111,15.989645336113233,17.06496693965588,2.053120995981633,4.884374020124765,16,"{""0"": 0.006658890529176906, ""1"": 0.011942831172746901, ""2"": 0.009638156504949471, ""3"": 0.004065871505309724, ""4"": 0.005484855760297025, ""5"": 0.012316226571004642}"
control_gain,200,p0.40,nan,1.0649198090644723,11,0.4,79.60000000000001,80.145,59,100,16029,1994,1.628190124348572,200,0.4283488602999045,0.00856697720599809,5.24977350865905,17.10302305841561,2.0584779976588474,4.929122969501807,16,"{""0"": 0.006672796229783981, ""1"": 0.013684099717561144, ""2"": 0.009569194516641469, ""3"": 0.004057682900239733, ""4"": 0.005879565392809874, ""5"": 0.011538524478952341}"
control_gain,200,p0.05,nan,1.0,12,0.05,9.950000000000001,9.795,1,19,1959,1959,1.5233865465744076,0,1.017413052042244,0.02034826104084488,nan,0.0,1.5233865465744076,4.6871526490190645,12,"{""0"": 0.02003201395491972, ""1"": 0.01967527447171764, ""2"": 0.021608234255549953, ""3"": 0.019792106391627984, ""4"": 0.020273861156889894, ""5"": 0.020708076014364085}"
control_gain,200,p0.05,nan,1.0,12,0.05,9.950000000000001,9.795,1,19,1959,1959,1.5233865465744076,10,0.6857960378352992,0.013715920756705986,5.930547448134627,13.44730279096949,1.928230552495471,2.950650069085585,7,"{""0"": 0.02554131483373086, ""1"": 0.0050146295142650486, ""2"": 0.004854951299166953, ""3"": 0.023722947324329013, ""4"": 0.01660342248284962, ""5"": 0.006558259085894425}"
control_gain,200,p0.05,nan,1.0,12,0.05,9.950000000000001,9.795,1,19,1959,1959,1.5233865465744076,20,0.6209582718811262,0.012419165437622526,3.9489140786775025,16.353516434866275,2.266910798061554,2.1200087985612788,6,"{""0"": 0.01157677886165981, ""1"": 0.0066840540947582915, ""2"": 0.019844827948947173, ""3"": 0.012794757546274446, ""4"": 0.0017561623116629174, ""5"": 0.02185841186243253}"
control_gain,200,p0.05,nan,1.0,12,0.05,9.950000000000001,9.795,1,19,1959,1959,1.5233865465744076,30,0.6935016629135211,0.013870033258270425,12.180438161464135,16.72589747870359,2.1566920255518576,2.5713989518198175,8,"{""0"": 0.024497388422628736, ""1"": 0.0140354505312203, ""2"": 0.009110939597978021, ""3"": 0.017465872758326208, ""4"": 0.01003244824246158, ""5"": 0.008078099997007714}"
control_gain,200,p0.05,nan,1.0,12,0.05,9.950000000000001,9.795,1,19,1959,1959,1.5233865465744076,40,0.6592554851185755,0.01318510970237151,26.135801490256693,16.940189692064667,2.141399171701565,2.879956349163912,8,"{""0"": 0.02582872867344263, ""1"": 0.011719327237939194, ""2"": 0.008471295923141007, ""3"": 0.01832589238310474, ""4"": 0.007025924528357002, ""5"": 0.007739489468244487}"
control_gain,200,p0.05,nan,1.0,12,0.05,9.950000000000001,9.795,1,19,1959,1959,1.5233865465744076,50,0.5354096880415327,0.010708193760830655,6.73688933514029,16.972893906943224,2.0461663479291827,2.9755738373425387,8,"{""0"": 0.01660699914033874, ""1"": 0.010877580747161948, ""2"": 0.008899204893317244, ""3"": 0.015435401614661007, ""4"": 0.0054755935525664726, ""5"": 0.006954382616938511}"
control_gain,200,p0.05,nan,1.0,12,0.05,9.950000000000001,9.795,1,19,1959,1959,1.5233865465744076,60,0.5234871061449643,0.010469742122899287,1.3000219980623895,17.16369456264237,1.9754166935222053,3.429305855840179,8,"{""0"": 0.01862193382826703, ""1"": 0.00829983816205137, ""2"": 0.008488954810034813, ""3"": 0.01893715287524188, ""4"": 0.0023859354844265714, ""5"": 0.006084637577374057}"
control_gain,200,p0.05,nan,1.0,12,0.05,9.950000000000001,9.795,1,19,1959,1959,1.5233865465744076,70,0.48361466755113747,0.009672293351022751,49.59433595212228,17.249027437788243,1.9568733787160983,3.3984327608103757,8,"{""0"": 0.01312869785574978, ""1"": 0.00954668820582718, ""2"": 0.006211948770697875, ""3"": 0.020562817017183998, ""4"": 0.004141394020940456, ""5"": 0.00444221423573722}"
control_gain,200,p0.05,nan,1.0,12,0.05,9.950000000000001,9.795,1,19,1959,1959,1.5233865465744076,80,0.431813031993122,0.00863626063986244,1.1619462025727396,17.405343208328603,1.9664175384839258,3.5643740375985833,9,"{""0"": 0.011404803158328274, ""1"": 0.00781245598758223, ""2"": 0.005139601840421626, ""3"": 0.02138710952632647, ""4"": 0.0027273460429311546, ""5"": 0.003346247283584898}"
control_gain,200,p0.05,nan,1.0,12,0.05,9.950000000000001,9.795,1,19,1959,1959,1.5233865465744076,90,0.3923712555515208,0.007847425111030417,19.27661868135969,17.544575735421684,1.9778008988210036,3.54102600507635,8,"{""0"": 0.011199140084880968, ""1"": 0.0053640475048204635, ""2"": 0.004312611138090596, ""3"": 0.02006092151643108, ""4"": 0.0033835744185352784, ""5"": 0.002764256003424114}"
control_gain,200,p0.05,nan,1.0,12,0.05,9.950000000000001,9.795,1,19,1959,1959,1.5233865465744076,100,0.3665479259266576,0.007330958518533153,46.87341095689824,17.589237057652728,1.9788823406682645,3.6701640003568405,9,"{""0"": 0.012381507215359262, ""1"": 0.005088109635040965, ""2"": 0.0034844678425371436, ""3"": 0.017562512873457302, ""4"": 0.00260124876460438, ""5"": 0.00286790478019986}"
control_gain,200,p0.05,nan,1.0,12,0.05,9.950000000000001,9.795,1,19,1959,1959,1.5233865465744076,110,0.3383915298561985,0.006767830597123971,12.012143271199303,17.688390884114103,1.9814567517107424,3.4484327301342743,8,"{""0"": 0.008887914005882498, ""1"": 0.007129585580328837, ""2"": 0.00460942866856209, ""3"": 0.014571634509527595, ""4"": 0.001847386403919246, ""5"": 0.0035610344145235603}"
control_gain,200,p0.05,nan,1.0,12,0.05,9.950000000000001,9.795,1,19,1959,1959,1.5233865465744076,120,0.32782236004614385,0.006556447200922877,4.676422727550436,17.779371627831303,1.9883157616415863,3.634728086727981,9,"{""0"": 0.010013309179820126, ""1"": 0.00545785431495326, ""2"": 0.0034349018977407877, ""3"": 0.01612766996351251, ""4"": 0.001581549358662564, ""5"": 0.0027233984908480125}"
control_gain,200,p0.05,nan,1.0,12,0.05,9.950000000000001,9.795,1,19,1959,1959,1.5233865465744076,130,0.28032711367713914,0.005606542273542784,5.8024775917438145,17.888331537485218,1.9977083504317166,3.406759843369689,8,"{""0"": 0.0079120338610703, ""1"": 0.002495032082113707, ""2"": 0.004131230050574026, ""3"": 0.01447393521390967, ""4"": 0.0013757031475794155, ""5"": 0.003251319286009577}"
control_gain,200,p0.05,nan,1.0,12,0.05,9.950000000000001,9.795,1,19,1959,1959,1.5233865465744076,140,0.27225126115522197,0.0054450252231044395,0.8820770234124066,17.988255189197364,2.013010721292778,3.325920193792825,7,"{""0"": 0.007336762628823543, ""1"": 0.0018391937677702402, ""2"": 0.004817024909949455, ""3"": 0.013079279441028194, ""4"": 0.001178077398674832, ""5"": 0.004419813192380379}"
control_gain,200,p0.05,nan,1.0,12,0.05,9.950000000000001,9.795,1,19,1959,1959,1.5233865465744076,150,0.2382611279171906,0.0047652225583438125,7.017884043883051,18.007702337277852,2.0104356895386255,3.390731830571077,8,"{""0"": 0.0076496397238641906, ""1"": 0.0020925320307942446, ""2"": 0.004707615782137708, ""3"": 0.008391378739289185, ""4"": 0.0011835675072711855, ""5"": 0.004566601566706364}"
control_gain,200,p0.05,nan,1.0,12,0.05,9.950000000000001,9.795,1,19,1959,1959,1.5233865465744076,160,0.2578569758001369,0.005157139516002738,52.225183023155324,18.01762916900033,2.026783272054133,3.412403320533042,8,"{""0"": 0.0108895394419977, ""1"": 0.0016610587940442429, ""2"": 0.004920800640327948, ""3"": 0.007640751600426973, ""4"": 0.0010389713006233275, ""5"": 0.0047917153185962355}"
control_gain,200,p0.05,nan,1.0,12,0.05,9.950000000000001,9.795,1,19,1959,1959,1.5233865465744076,170,0.251317957226225,0.005026359144524501,0.8311682664342701,18.10483706790972,2.0293153475012997,3.483457224651597,8,"{""0"": 0.011964678530811401, ""1"": 0.0016440496010476165, ""2"": 0.003886140596660738, ""3"": 0.007924234869643911, ""4"": 0.0010572107922332298, ""5"": 0.003681840476750109}"
control_gain,200,p0.05,nan,1.0,12,0.05,9.950000000000001,9.795,1,19,1959,1959,1.5233865465744076,180,0.24842936703568075,0.004968587340713615,4.997871689350214,18.198658834134342,2.045185229017738,3.3867936362030493,8,"{""0"": 0.01166126945426, ""1"": 0.0017033798853044388, ""2"": 0.0035680412748066563, ""3"": 0.008062015489145176, ""4"": 0.0010429653082935642, ""5"": 0.003773852632471862}"
control_gain,200,p0.05,nan,1.0,12,0.05,9.950000000000001,9.795,1,19,1959,1959,1.5233865465744076,190,0.24536115885636786,0.004907223177127358,5.149589276117903,18.326551133031984,2.0473649691997786,3.3585407833093175,8,"{""0"": 0.011685157074958147, ""1"": 0.0016793693380746672, ""2"": 0.003427323359161391, ""3"": 0.007805783446296852, ""4"": 0.0009774485396056723, ""5"": 0.0038682573046674206}"
control_gain,200,p0.05,nan,1.0,12,0.05,9.950000000000001,9.795,1,19,1959,1959,1.5233865465744076,200,0.2474191644111933,0.004948383288223866,1.0070345916771148,18.406103886916448,2.060125999752363,3.3514957993394363,8,"{""0"": 0.011367046970556976, ""1"": 0.0018074268325917325, ""2"": 0.003815499564990915, ""3"": 0.00754749106139016, ""4"": 0.0009960712208095328, ""5"": 0.004156764079003881}"
control_gain,200,p0.10,nan,1.005887739643035,12,0.1,19.900000000000002,19.58,9,31,3916,1959,1.5233865465744105,0,0.9594199156915594,0.01918839831383119,nan,0.0,1.5233865465744105,6.050467042480809,13,"{""0"": 0.017853633603004303, ""1"": 0.019677828722731716, ""2"": 0.019982685578562663, ""3"": 0.020933248763580527, ""4"": 0.018182951661602248, ""5"": 0.01850004155350568}"
control_gain,200,p0.10,nan,1.005887739643035,12,0.1,19.900000000000002,19.58,9,31,3916,1959,1.5233865465744105,10,0.8569067354401113,0.017138134708802228,4.71141974838308,12.992652160328177,1.7944603127320025,2.3414853836632807,8,"{""0"": 0.02312636794161941, ""1"": 0.0033971721778254032, ""2"": 0.01591428450521957, ""3"": 0.022111477100792188, ""4"": 0.022164638052430345, ""5"": 0.01611486847492647}"
control_gain,200,p0.10,nan,1.005887739643035,12,0.1,19.900000000000002,19.58,9,31,3916,1959,1.5233865465744105,20,0.7206329725651789,0.014412659451303579,14.202506010658354,15.12377612764081,1.8757695937832408,3.339584966725549,11,"{""0"": 0.012671440004252943, ""1"": 0.0035529328561612642, ""2"": 0.017410887447065964, ""3"": 0.016338239214850163, ""4"": 0.011451474418128185, ""5"": 0.02505098276736295}"
control_gain,200,p0.10,nan,1.005887739643035,12,0.1,19.900000000000002,19.58,9,31,3916,1959,1.5233865465744105,30,0.7532912562314937,0.015065825124629876,19.283919862465833,16.1216379943493,1.9177443827824017,4.388222111696343,11,"{""0"": 0.013402619030405544, ""1"": 0.010662644788233894, ""2"": 0.011782631420234528, ""3"": 0.02164540008773955, ""4"": 0.021782126864533447, ""5"": 0.011119528556632282}"
control_gain,200,p0.10,nan,1.005887739643035,12,0.1,19.900000000000002,19.58,9,31,3916,1959,1.5233865465744105,40,0.660053042831179,0.013201060856623583,21.636401701193112,16.491982663395195,1.9281912244758477,3.8696713663062456,11,"{""0"": 0.009448929711937691, ""1"": 0.009319934939868003, ""2"": 0.010605117541937178, ""3"": 0.024703848565192966, ""4"": 0.01134900714143214, ""5"": 0.013779527239373512}"
control_gain,200,p0.10,nan,1.005887739643035,12,0.1,19.900000000000002,19.58,9,31,3916,1959,1.5233865465744105,50,0.6528754480697492,0.013057508961394985,15.545905931226148,16.81104029643075,1.9272819858307217,3.6514355248379635,11,"{""0"": 0.010053792951272764, ""1"": 0.01183769844524057, ""2"": 0.010313296902556005, ""3"": 0.02392186900707485, ""4"": 0.008422701381230486, ""5"": 0.013795695080995238}"
control_gain,200,p0.10,nan,1.005887739643035,12,0.1,19.900000000000002,19.58,9,31,3916,1959,1.5233865465744105,60,0.6716992450102195,0.013433984900204391,3.7936812494394756,17.08668715315447,1.9394244702340548,3.1944647226196126,11,"{""0"": 0.011016815492407303, ""1"": 0.010088143671105002, ""2"": 0.013310329362268513, ""3"": 0.025391303935745364, ""4"": 0.003803913523565975, ""5"": 0.01699340341613419}"
control_gain,200,p0.10,nan,1.005887739643035,12,0.1,19.900000000000002,19.58,9,31,3916,1959,1.5233865465744105,70,0.6193605020311228,0.012387210040622458,4.040462501251349,17.15199314209843,1.9269264472876886,4.028598262211558,12,"{""0"": 0.009527943313976384, ""1"": 0.011938134306405111, ""2"": 0.012209973782728482, ""3"": 0.02326617487932955, ""4"": 0.007992662423419734, ""5"": 0.009388371537875473}"
control_gain,200,p0.10,nan,1.005887739643035,12,0.1,19.900000000000002,19.58,9,31,3916,1959,1.5233865465744105,80,0.5995974013399726,0.011991948026799454,4.577988524726683,17.32248784449688,1.9375546317664427,3.944694546884772,12,"{""0"": 0.009315248559514135, ""1"": 0.010446210440366442, ""2"": 0.012164665943460534, ""3"": 0.023830016882609724, ""4"": 0.007478523972785638, ""5"": 0.008717022362060236}"
control_gain,200,p0.10,nan,1.005887739643035,12,0.1,19.900000000000002,19.58,9,31,3916,1959,1.5233865465744105,90,0.602473268440191,0.012049465368803821,4.640136455560105,17.454743144383617,1.9368572017313357,4.179378617294875,12,"{""0"": 0.009507823151611921, ""1"": 0.010558637303000393, ""2"": 0.01070121143144572, ""3"": 0.028272517755911025, ""4"": 0.007749308727414894, ""5"": 0.005507293843438965}"
control_gain,200,p0.10,nan,1.005887739643035,12,0.1,19.900000000000002,19.58,9,31,3916,1959,1.5233865465744105,100,0.594618009426915,0.011892360188538302,32.71244003030222,17.538462934017215,1.937581825951348,4.128411352092231,12,"{""0"": 0.009644885235232941, ""1"": 0.011623163555544627, ""2"": 0.010060238180756676, ""3"": 0.026855105486283344, ""4"": 0.00715666683842168, ""5"": 0.006014101834990541}"
control_gain,200,p0.10,nan,1.005887739643035,12,0.1,19.900000000000002,19.58,9,31,3916,1959,1.5233865465744105,110,0.5715440039762923,0.011430880079525849,17.370127773629115,17.636253467802213,1.9545585273271036,4.065732634877314,12,"{""0"": 0.010494596186158136, ""1"": 0.013124938716032337, ""2"": 0.010142956387447416, ""3"": 0.02378385396915507, ""4"": 0.0053763459472236, ""5"": 0.005662589271138528}"
control_gain,200,p0.10,nan,1.005887739643035,12,0.1,19.900000000000002,19.58,9,31,3916,1959,1.5233865465744105,120,0.5456386650178157,0.010912773300356315,11.443015239381984,17.75445691655411,1.9766398088057187,3.901074112591147,11,"{""0"": 0.010743770661727676, ""1"": 0.011571668614129511, ""2"": 0.009586188031495179, ""3"": 0.02390242043052811, ""4"": 0.0031995400859544747, ""5"": 0.006473051978302944}"
control_gain,200,p0.10,nan,1.005887739643035,12,0.1,19.900000000000002,19.58,9,31,3916,1959,1.5233865465744105,130,0.5428345429541581,0.010856690859083163,4.8051951880630766,17.907950083351757,1.9856070387190563,3.8547181827704295,11,"{""0"": 0.010463378268502306, ""1"": 0.011535432035694137, ""2"": 0.00987837554850048, ""3"": 0.023681297698758173, ""4"": 0.0031969984801809835, ""5"": 0.006384663122862908}"
control_gain,200,p0.10,nan,1.005887739643035,12,0.1,19.900000000000002,19.58,9,31,3916,1959,1.5233865465744105,140,0.5365050540452879,0.01073010108090576,1.4820281849223933,17.952802772728273,1.9959639794288655,3.5354311092251542,11,"{""0"": 0.010193925555406116, ""1"": 0.010198083997123786, ""2"": 0.009778261123123539, ""3"": 0.021576292518260987, ""4"": 0.002910898009896666, ""5"": 0.009723145281623468}"
control_gain,200,p0.10,nan,1.005887739643035,12,0.1,19.900000000000002,19.58,9,31,3916,1959,1.5233865465744105,150,0.5151602951185837,0.010303205902371677,4.303710850132761,18.06448928032027,1.994865213131627,3.644577204120243,11,"{""0"": 0.009615283057217299, ""1"": 0.010789469744636194, ""2"": 0.009298662946578723, ""3"": 0.021235604901981082, ""4"": 0.002870515384782578, ""5"": 0.008009699379034185}"
control_gain,200,p0.10,nan,1.005887739643035,12,0.1,19.900000000000002,19.58,9,31,3916,1959,1.5233865465744105,160,0.5005931163351217,0.010011862326702436,26.65964098341333,18.13321384601056,2.0021510426972395,3.3960971483242077,11,"{""0"": 0.01077868697759433, ""1"": 0.009186740795974622, ""2"": 0.009145867693862542, ""3"": 0.01920131389287007, ""4"": 0.002702183909330471, ""5"": 0.009056380690582577}"
control_gain,200,p0.10,nan,1.005887739643035,12,0.1,19.900000000000002,19.58,9,31,3916,1959,1.5233865465744105,170,0.4936810262786754,0.00987362052557351,2.9090798993689257,18.2038621048799,1.9935869998750806,3.772425165966913,12,"{""0"": 0.011380750293166068, ""1"": 0.009995852088843241, ""2"": 0.008730038164477465, ""3"": 0.020388209883013625, ""4"": 0.002718983286172758, ""5"": 0.006027889437767897}"
control_gain,200,p0.10,nan,1.005887739643035,12,0.1,19.900000000000002,19.58,9,31,3916,1959,1.5233865465744105,180,0.4842511240539686,0.009685022481079372,1.6125677622440486,18.236558319094772,1.9965964865406602,3.687092729986806,11,"{""0"": 0.01076569601974478, ""1"": 0.009597499518294727, ""2"": 0.008706550021772657, ""3"": 0.02017062137439411, ""4"": 0.0026068524813895578, ""5"": 0.006262915470880403}"
control_gain,200,p0.10,nan,1.005887739643035,12,0.1,19.900000000000002,19.58,9,31,3916,1959,1.5233865465744105,190,0.4781410814729033,0.009562821629458068,10.489110543722227,18.317945562528188,1.9942147336059342,3.7051238145259697,11,"{""0"": 0.010275731204350231, ""1"": 0.009351319979304365, ""2"": 0.008693118131425252, ""3"": 0.02019272122841117, ""4"": 0.00259061536818504, ""5"": 0.0062734238650723455}"
control_gain,200,p0.10,nan,1.005887739643035,12,0.1,19.900000000000002,19.58,9,31,3916,1959,1.5233865465744105,200,0.48409821722748053,0.009681964344549612,2.2566402521419104,18.367133339053996,1.9922003845018192,3.817733434440509,12,"{""0"": 0.011031292468007044, ""1"": 0.010312195467115351, ""2"": 0.008702705972873384, ""3"": 0.019770275749299855, ""4"": 0.0026451294684779448, ""5"": 0.005630186941524097}"
control_gain,200,p0.20,nan,0.9961445848498285,12,0.2,39.800000000000004,39.38,25,54,7876,1959,1.5233865465744072,0,1.0054555001017367,0.020109110002034736,nan,0.0,1.5233865465744072,5.353675987350841,12,"{""0"": 0.020571678247994322, ""1"": 0.01697712086412583, ""2"": 0.020069136831114016, ""3"": 0.01859576839085887, ""4"": 0.02091008500236502, ""5"": 0.02353087067575036}"
control_gain,200,p0.20,nan,0.9961445848498285,12,0.2,39.800000000000004,39.38,25,54,7876,1959,1.5233865465744072,10,0.8549696868914316,0.017099393737828632,10.516111119477793,13.52290370947147,1.8770047964599808,3.4210940541003048,11,"{""0"": 0.020893597876119965, ""1"": 0.018672334322187095, ""2"": 0.008885191053613479, ""3"": 0.027395881788134867, ""4"": 0.011004988151033327, ""5"": 0.01574436923588306}"
control_gain,200,p0.20,nan,0.9961445848498285,12,0.2,39.800000000000004,39.38,25,54,7876,1959,1.5233865465744072,20,0.6575728093188451,0.013151456186376904,12.992947238851043,15.280199608018233,1.9257706127857248,3.803506549485551,12,"{""0"": 0.008758364095031269, ""1"": 0.026319176574864534, ""2"": 0.011083307533118637, ""3"": 0.009142224628269094, ""4"": 0.009570481362950883, ""5"": 0.01403518292402701}"
control_gain,200,p0.20,nan,0.9961445848498285,12,0.2,39.800000000000004,39.38,25,54,7876,1959,1.5233865465744072,30,0.5866611980995208,0.011733223961990417,8.231318679918036,15.989374074896084,2.079036776809546,3.168198830353353,11,"{""0"": 0.005575504195639252, ""1"": 0.026293634468652606, ""2"": 0.008327303978849312, ""3"": 0.007501742579890375, ""4"": 0.009945252345006681, ""5"": 0.012755906203904266}"
control_gain,200,p0.20,nan,0.9961445848498285,12,0.2,39.800000000000004,39.38,25,54,7876,1959,1.5233865465744072,40,0.5450109416751548,0.010900218833503098,16.80635099372793,15.926341749810602,2.067968812753969,3.9843335763442376,12,"{""0"": 0.005508853161476165, ""1"": 0.027037626042693406, ""2"": 0.0063123707823653325, ""3"": 0.011597998401970433, ""4"": 0.007212717141915228, ""5"": 0.007731747470598023}"
control_gain,200,p0.20,nan,0.9961445848498285,12,0.2,39.800000000000004,39.38,25,54,7876,1959,1.5233865465744072,50,0.5544607665715197,0.011089215331430395,10.467941647891303,16.153112563910035,2.0193883042909104,3.478147852319106,11,"{""0"": 0.010113207058289666, ""1"": 0.025264155967231323, ""2"": 0.005648883329877047, ""3"": 0.008204526079799422, ""4"": 0.008917550325360485, ""5"": 0.00838696922802443}"
control_gain,200,p0.20,nan,0.9961445848498285,12,0.2,39.800000000000004,39.38,25,54,7876,1959,1.5233865465744072,60,0.5123163493175604,0.01024632698635121,19.740265135844783,16.415069954616747,2.0439609150398876,4.516456888551694,13,"{""0"": 0.00968982433190312, ""1"": 0.023007486012289188, ""2"": 0.0047261935972670414, ""3"": 0.011386901154402435, ""4"": 0.007696130573686587, ""5"": 0.0049714262485588915}"
control_gain,200,p0.20,nan,0.9961445848498285,12,0.2,39.800000000000004,39.38,25,54,7876,1959,1.5233865465744072,70,0.5349482908232397,0.010698965816464795,6.810111446203441,16.528609314374403,2.0288771926515032,4.414778974937829,13,"{""0"": 0.010261456244195676, ""1"": 0.02578071304503358, ""2"": 0.004516696483460559, ""3"": 0.011114107094639027, ""4"": 0.0077214853204155606, ""5"": 0.004799336711044365}"
control_gain,200,p0.20,nan,0.9961445848498285,12,0.2,39.800000000000004,39.38,25,54,7876,1959,1.5233865465744072,80,0.46920521425138934,0.009384104285027787,44.31658763212048,16.53449727554525,2.0022898588250166,4.078448478686896,13,"{""0"": 0.007831580407069615, ""1"": 0.01889508720265253, ""2"": 0.004595357181632541, ""3"": 0.011898743159566544, ""4"": 0.00848234167973112, ""5"": 0.004601516079514379}"
control_gain,200,p0.20,nan,0.9961445848498285,12,0.2,39.800000000000004,39.38,25,54,7876,1959,1.5233865465744072,90,0.4623560026751313,0.009247120053502627,6.373372486669016,16.628996550233758,2.0232562415395665,3.9647337081322847,12,"{""0"": 0.009213158548190627, ""1"": 0.01917926065278637, ""2"": 0.0037173089292700952, ""3"": 0.010746358218608965, ""4"": 0.008873542890443165, ""5"": 0.0037530910817165338}"
control_gain,200,p0.20,nan,0.9961445848498285,12,0.2,39.800000000000004,39.38,25,54,7876,1959,1.5233865465744072,100,0.5097730521759186,0.010195461043518374,43.0019564465234,16.69540421729796,2.0377954763167443,3.8090270415767464,12,"{""0"": 0.012073520243929535, ""1"": 0.022248658715194346, ""2"": 0.0038475967432883814, ""3"": 0.010348856516583366, ""4"": 0.009014344150099066, ""5"": 0.00363978989201555}"
control_gain,200,p0.20,nan,0.9961445848498285,12,0.2,39.800000000000004,39.38,25,54,7876,1959,1.5233865465744072,110,0.5355674190541767,0.010711348381083535,20.42181294113969,16.80147173212948,2.0333888610051614,3.69795294320104,12,"{""0"": 0.013601806936768398, ""1"": 0.02381143742342733, ""2"": 0.004043206376423453, ""3"": 0.008763446675772953, ""4"": 0.009067744791269558, ""5"": 0.0049804480828395115}"
control_gain,200,p0.20,nan,0.9961445848498285,12,0.2,39.800000000000004,39.38,25,54,7876,1959,1.5233865465744072,120,0.5655231675866979,0.01131046335173396,5.3592529418505865,16.934992086685636,2.040275617771599,3.7985363940873276,12,"{""0"": 0.01708631361782329, ""1"": 0.023035134351926688, ""2"": 0.003963881261098291, ""3"": 0.009261408982197345, ""4"": 0.009932443697118147, ""5"": 0.004583598200239993}"
control_gain,200,p0.20,nan,0.9961445848498285,12,0.2,39.800000000000004,39.38,25,54,7876,1959,1.5233865465744072,130,0.5546234704984256,0.011092469409968515,4.324120060390455,17.06457608240492,2.0585015197006027,3.807187241995848,12,"{""0"": 0.01636739200820499, ""1"": 0.023045803222310653, ""2"": 0.004285838681539473, ""3"": 0.009283373983365312, ""4"": 0.008526963145255046, ""5"": 0.005045445419135616}"
control_gain,200,p0.20,nan,0.9961445848498285,12,0.2,39.800000000000004,39.38,25,54,7876,1959,1.5233865465744072,140,0.5047052420150423,0.010094104840300846,7.793414018549203,17.16918719573694,2.0712374409240297,4.11367109113732,12,"{""0"": 0.013204370371813651, ""1"": 0.01878334672871653, ""2"": 0.004895698497215656, ""3"": 0.010131038045133375, ""4"": 0.008129371422504394, ""5"": 0.005420803976421475}"
control_gain,200,p0.20,nan,0.9961445848498285,12,0.2,39.800000000000004,39.38,25,54,7876,1959,1.5233865465744072,150,0.5242337345772627,0.010484674691545256,3.527808263417163,17.18505334066358,2.0651540281155403,3.883846240521894,12,"{""0"": 0.015104479359884529, ""1"": 0.02004733215556425, ""2"": 0.004701255117521501, ""3"": 0.009018514941658945, ""4"": 0.0081650474273635, ""5"": 0.005871419147278812}"
control_gain,200,p0.20,nan,0.9961445848498285,12,0.2,39.800000000000004,39.38,25,54,7876,1959,1.5233865465744072,160,0.5210090395756573,0.010420180791513148,15.306244472523323,17.23357260688095,2.0531171542879574,3.9581504049846443,12,"{""0"": 0.016960625620793986, ""1"": 0.01691745247790285, ""2"": 0.00459965558943508, ""3"": 0.00937996968028412, ""4"": 0.008936791888548585, ""5"": 0.005726589492114259}"
control_gain,200,p0.20,nan,0.9961445848498285,12,0.2,39.800000000000004,39.38,25,54,7876,1959,1.5233865465744072,170,0.5372030065247414,0.010744060130494828,4.31792644981554,17.237051975072188,2.0484192043146514,3.853860653348269,12,"{""0"": 0.016422744673506635, ""1"": 0.02012068745784917, ""2"": 0.004451362390686404, ""3"": 0.010387748262893343, ""4"": 0.009452066805568851, ""5"": 0.0036297511924645643}"
control_gain,200,p0.20,nan,0.9961445848498285,12,0.2,39.800000000000004,39.38,25,54,7876,1959,1.5233865465744072,180,0.5095717979232798,0.010191435958465597,6.736860088668774,17.302150595495952,2.0545960622805683,3.883351617127502,12,"{""0"": 0.01564925683729613, ""1"": 0.018298199082905565, ""2"": 0.004770269061322477, ""3"": 0.010285500228996916, ""4"": 0.008617150056642087, ""5"": 0.0035282404836304215}"
control_gain,200,p0.20,nan,0.9961445848498285,12,0.2,39.800000000000004,39.38,25,54,7876,1959,1.5233865465744072,190,0.5238377523375368,0.010476755046750738,25.95599083117449,17.315709423266377,2.0522088785590302,3.7755808812229055,12,"{""0"": 0.016210287330474617, ""1"": 0.019924629840045317, ""2"": 0.004036091605368445, ""3"": 0.009975796989479997, ""4"": 0.00907182516348284, ""5"": 0.003641899351653219}"
control_gain,200,p0.20,nan,0.9961445848498285,12,0.2,39.800000000000004,39.38,25,54,7876,1959,1.5233865465744072,200,0.5370772532859014,0.01074154506571803,2.9847868486191116,17.40069757978001,2.057961128950248,3.65450850201774,12,"{""0"": 0.01725774326445293, ""1"": 0.02166964291711323, ""2"": 0.004122590764633146, ""3"": 0.008847586039646025, ""4"": 0.008881190285570351, ""5"": 0.0036705171228925116}"
control_gain,200,p0.40,nan,0.9334515988236561,12,0.4,79.60000000000001,79.25,58,99,15850,1959,1.5233865465744247,0,0.9840946699156992,0.019681893398313985,nan,0.0,1.5233865465744247,10.41260401792496,15,"{""0"": 0.020283114920708493, ""1"": 0.020956414512507154, ""2"": 0.01881745124801907, ""3"": 0.01876119227869331, ""4"": 0.019109724797029656, ""5"": 0.020163462632926225}"
control_gain,200,p0.40,nan,0.9334515988236561,12,0.4,79.60000000000001,79.25,58,99,15850,1959,1.5233865465744247,10,0.8250571321794815,0.016501142643589633,6.160971576781569,13.514262043438151,1.9877681720902214,1.959494169768448,6,"{""0"": 0.017413295918912497, ""1"": 0.004164092989096494, ""2"": 0.025841250532129344, ""3"": 0.0253087357026687, ""4"": 0.006404697893476824, ""5"": 0.019874782825253956}"
control_gain,200,p0.40,nan,0.9334515988236561,12,0.4,79.60000000000001,79.25,58,99,15850,1959,1.5233865465744247,20,0.7073185606132075,0.014146371212264152,42.028170074256366,15.371044689869997,2.013532715614116,2.381930010539981,8,"{""0"": 0.011435513500766336, ""1"": 0.005484737953213107, ""2"": 0.01870271353758133, ""3"": 0.014354551028759752, ""4"": 0.009114230684454144, ""5"": 0.02578648056881025}"
control_gain,200,p0.40,nan,0.9334515988236561,12,0.4,79.60000000000001,79.25,58,99,15850,1959,1.5233865465744247,30,0.573482999247798,0.01146965998495596,4.563848444307661,16.676827581519802,2.2265871142670504,3.2269398327526684,10,"{""0"": 0.013119862333039278, ""1"": 0.007655914949723758, ""2"": 0.011884335220548445, ""3"": 0.01604148559627864, ""4"": 0.012514609302029345, ""5"": 0.007601752508116307}"
control_gain,200,p0.40,nan,0.9334515988236561,12,0.4,79.60000000000001,79.25,58,99,15850,1959,1.5233865465744247,40,0.47600364547914953,0.009520072909582991,7.2982321835289605,17.027247861031213,2.2458826094194375,2.8458494447647427,9,"{""0"": 0.009492195083952326, ""1"": 0.007197015185479062, ""2"": 0.011321093267643242, ""3"": 0.014994391903800409, ""4"": 0.004501680369970883, ""5"": 0.009614061646652027}"
control_gain,200,p0.40,nan,0.9334515988236561,12,0.4,79.60000000000001,79.25,58,99,15850,1959,1.5233865465744247,50,0.4302009770423731,0.008604019540847463,1.24103143993957,17.421151626788802,2.2756921372857954,3.2107326492112302,9,"{""0"": 0.007797623763668542, ""1"": 0.006335961586341417, ""2"": 0.0062765040061899795, ""3"": 0.01215470128498947, ""4"": 0.009193196750328595, ""5"": 0.009866129853566778}"
control_gain,200,p0.40,nan,0.9334515988236561,12,0.4,79.60000000000001,79.25,58,99,15850,1959,1.5233865465744247,60,0.36045150302331974,0.007209030060466396,5.3280219188423095,17.759530641518175,2.2975926307083587,3.1571092972389,9,"{""0"": 0.008643083601470007, ""1"": 0.004847158317548378, ""2"": 0.003915122157144696, ""3"": 0.012570280860681219, ""4"": 0.007074320326867718, ""5"": 0.0062042150990863545}"
control_gain,200,p0.40,nan,0.9334515988236561,12,0.4,79.60000000000001,79.25,58,99,15850,1959,1.5233865465744247,70,0.35495040261592264,0.007099008052318454,3.1216241378185576,17.86842691807126,2.2887793186283574,3.3927645266330444,9,"{""0"": 0.00783529464287701, ""1"": 0.004959020887652196, ""2"": 0.0031954654566193515, ""3"": 0.012982846946050886, ""4"": 0.008752645117489093, ""5"": 0.004868775263222191}"
control_gain,200,p0.40,nan,0.9334515988236561,12,0.4,79.60000000000001,79.25,58,99,15850,1959,1.5233865465744247,80,0.37659928985898755,0.0075319857971797525,11.075921689317175,17.872343134567156,2.278709779150259,3.1679050781667764,8,"{""0"": 0.009225697533547168, ""1"": 0.0037934946649034935, ""2"": 0.0046445559578344965, ""3"": 0.011822458967000623, ""4"": 0.010690329192680046, ""5"": 0.005015378467112695}"
control_gain,200,p0.40,nan,0.9334515988236561,12,0.4,79.60000000000001,79.25,58,99,15850,1959,1.5233865465744247,90,0.4424668586893283,0.008849337173786567,4.050013952043414,17.885349249994892,2.270436607012341,3.196801555175653,8,"{""0"": 0.0090220536769154, ""1"": 0.0047518423939342785, ""2"": 0.006455157253875671, ""3"": 0.01188319715604982, ""4"": 0.016878037021027966, ""5"": 0.004105735540916264}"
control_gain,200,p0.40,nan,0.9334515988236561,12,0.4,79.60000000000001,79.25,58,99,15850,1959,1.5233865465744247,100,0.4051022105312962,0.008102044210625924,3.2966894715586674,17.983319712401666,2.2799660759145493,3.2040667035258195,8,"{""0"": 0.0077988972292184116, ""1"": 0.005797941278971577, ""2"": 0.005692632894743384, ""3"": 0.010122214437796859, ""4"": 0.014552035324854402, ""5"": 0.004648544098170912}"
control_gain,200,p0.40,nan,0.9334515988236561,12,0.4,79.60000000000001,79.25,58,99,15850,1959,1.5233865465744247,110,0.41458095275749374,0.008291619055149876,0.9212182966595917,18.00807160278048,2.2805107666664064,3.243511263221761,8,"{""0"": 0.007449191551325324, ""1"": 0.007677305090179646, ""2"": 0.005741958452501132, ""3"": 0.009610554243276542, ""4"": 0.01473319062891632, ""5"": 0.004537514364700299}"
control_gain,200,p0.40,nan,0.9334515988236561,12,0.4,79.60000000000001,79.25,58,99,15850,1959,1.5233865465744247,120,0.3745264979898112,0.007490529959796224,1.4819963720753764,18.021021637211707,2.257273320688771,3.2579850731792197,8,"{""0"": 0.00781705420224622, ""1"": 0.005522637883859198, ""2"": 0.0024247287736024426, ""3"": 0.01049008496923951, ""4"": 0.014113918192543373, ""5"": 0.004574755737286594}"
control_gain,200,p0.40,nan,0.9334515988236561,12,0.4,79.60000000000001,79.25,58,99,15850,1959,1.5233865465744247,130,0.38728084698128207,0.007745616939625642,0.8877808463381901,18.024607687094647,2.246448952385019,3.33974471847944,8,"{""0"": 0.0081048269024133, ""1"": 0.005515160083121136, ""2"": 0.003083839189954468, ""3"": 0.01038003293866327, ""4"": 0.01523594318559356, ""5"": 0.004153899338008119}"
control_gain,200,p0.40,nan,0.9334515988236561,12,0.4,79.60000000000001,79.25,58,99,15850,1959,1.5233865465744247,140,0.371987151604999,0.007439743032099981,10.296870703932395,18.062397363783408,2.2375978570586548,3.3056264730145397,8,"{""0"": 0.008623823655372063, ""1"": 0.0051417072125967385, ""2"": 0.003232028052595404, ""3"": 0.010525576386032486, ""4"": 0.012636113520078646, ""5"": 0.004479209365924554}"
control_gain,200,p0.40,nan,0.9334515988236561,12,0.4,79.60000000000001,79.25,58,99,15850,1959,1.5233865465744247,150,0.4203095385409536,0.008406190770819073,8.141623048629889,18.076489946734537,2.2341220542094464,3.334401865357361,8,"{""0"": 0.007809315311079439, ""1"": 0.005868543271002955, ""2"": 0.004377736545066039, ""3"": 0.010559243290365922, ""4"": 0.01742486376365794, ""5"": 0.0043974424437421425}"
control_gain,200,p0.40,nan,0.9334515988236561,12,0.4,79.60000000000001,79.25,58,99,15850,1959,1.5233865465744247,160,0.3980658415230073,0.007961316830460146,2.1450342173166606,18.10541953681597,2.2121539366193996,3.4027533043172573,9,"{""0"": 0.007776954720465757, ""1"": 0.006344814795409245, ""2"": 0.0028112670769165904, ""3"": 0.010411664956013849, ""4"": 0.015722048281894378, ""5"": 0.0047011511520610545}"
control_gain,200,p0.40,nan,0.9334515988236561,12,0.4,79.60000000000001,79.25,58,99,15850,1959,1.5233865465744247,170,0.3997906561635515,0.007995813123271031,10.486695697269019,18.16834696192362,2.20837323433895,3.3404260726217814,9,"{""0"": 0.007991120435118265, ""1"": 0.005823379122612947, ""2"": 0.002586804803102985, ""3"": 0.010676366319912103, ""4"": 0.017745846905446425, ""5"": 0.003151361153433465}"
control_gain,200,p0.40,nan,0.9334515988236561,12,0.4,79.60000000000001,79.25,58,99,15850,1959,1.5233865465744247,180,0.40854221967933174,0.008170844393586636,3.8925450447664436,18.22630138238406,2.206608971860109,3.3886487149019398,9,"{""0"": 0.008363009323476481, ""1"": 0.005864716244924765, ""2"": 0.002920758157034404, ""3"": 0.010517511007000765, ""4"": 0.01728537080557567, ""5"": 0.004073700823507726}"
control_gain,200,p0.40,nan,0.9334515988236561,12,0.4,79.60000000000001,79.25,58,99,15850,1959,1.5233865465744247,190,0.40391942817738236,0.008078388563547648,27.740998165642996,18.22548105704611,2.206371717931393,3.4111146685163583,9,"{""0"": 0.007792752768080144, ""1"": 0.006489852580207435, ""2"": 0.0026935980347552423, ""3"": 0.010062574791661057, ""4"": 0.016831655139493095, ""5"": 0.004599898067088914}"
control_gain,200,p0.40,nan,0.9334515988236561,12,0.4,79.60000000000001,79.25,58,99,15850,1959,1.5233865465744247,200,0.4098826629477477,0.008197653258954956,3.577703751934121,18.33586186033944,2.2138028735428454,3.4123237193464346,9,"{""0"": 0.0077405930127382155, ""1"": 0.0073303222814970715, ""2"": 0.0026496626394311067, ""3"": 0.009834094514075391, ""4"": 0.01722694070614908, ""5"": 0.004404306399838858}"
control_gain,200,p0.05,nan,1.0,13,0.05,9.950000000000001,9.91,4,19,1982,1982,1.5620353220756293,0,0.9870029208204188,0.01974005841640838,nan,0.0,1.5620353220756293,7.557450419416688,15,"{""0"": 0.019928539955930417, ""1"": 0.02068953413397932, ""2"": 0.01864812333876045, ""3"": 0.01881213413798677, ""4"": 0.020748500581302298, ""5"": 0.01961351835049104}"
control_gain,200,p0.05,nan,1.0,13,0.05,9.950000000000001,9.91,4,19,1982,1982,1.5620353220756293,10,0.7800386810023848,0.015600773620047697,6.349322117976423,12.783310766814857,2.307949417836722,2.7736286511392314,10,"{""0"": 0.02270294701923229, ""1"": 0.004438751037033223, ""2"": 0.02098622047612625, ""3"": 0.012220801744837957, ""4"": 0.009706787791167872, ""5"": 0.0235491336518886}"
control_gain,200,p0.05,nan,1.0,13,0.05,9.950000000000001,9.91,4,19,1982,1982,1.5620353220756293,20,0.5914541928733057,0.011829083857466114,18.015765393378892,12.879620640059715,2.125567934337035,2.801063772080836,9,"{""0"": 0.014226300640913148, ""1"": 0.012280881811819477, ""2"": 0.01653005839645445, ""3"": 0.001790264928766605, ""4"": 0.003807938615047556, ""5"": 0.022339058751795447}"
control_gain,200,p0.05,nan,1.0,13,0.05,9.950000000000001,9.91,4,19,1982,1982,1.5620353220756293,30,0.5728864520913797,0.011457729041827593,1.2328316364479164,13.153561239226958,2.0138477217565653,3.348285274151134,10,"{""0"": 0.009281735229370933, ""1"": 0.009658099569069972, ""2"": 0.017289381774202243, ""3"": 0.008897611987593193, ""4"": 0.005234807475287641, ""5"": 0.01838473821544158}"
control_gain,200,p0.05,nan,1.0,13,0.05,9.950000000000001,9.91,4,19,1982,1982,1.5620353220756293,40,0.46306744287790047,0.00926134885755801,15.915980396343258,13.607298821545275,2.046086849701559,3.78607194873722,10,"{""0"": 0.008521850257916984, ""1"": 0.009966609968302068, ""2"": 0.01335477264760856, ""3"": 0.005888044760172969, ""4"": 0.006732233467259996, ""5"": 0.011104582044087482}"
control_gain,200,p0.05,nan,1.0,13,0.05,9.950000000000001,9.91,4,19,1982,1982,1.5620353220756293,50,0.46685553889990783,0.009337110777998158,2.666440960932422,13.992888426363212,2.0902044474742323,3.4600492715046474,9,"{""0"": 0.00988202623491204, ""1"": 0.010237930129604295, ""2"": 0.012835804372516949, ""3"": 0.007753040871104877, ""4"": 0.004050134694599077, ""5"": 0.01126372836525171}"
control_gain,200,p0.05,nan,1.0,13,0.05,9.950000000000001,9.91,4,19,1982,1982,1.5620353220756293,60,0.40324010965057705,0.008064802193011542,20.97867784035797,14.194119072081106,2.083285816469219,3.7666793919311448,10,"{""0"": 0.010154105864345762, ""1"": 0.011346836128039965, ""2"": 0.008439664046377393, ""3"": 0.004456613478080162, ""4"": 0.004607810038930558, ""5"": 0.00938378360229542}"
control_gain,200,p0.05,nan,1.0,13,0.05,9.950000000000001,9.91,4,19,1982,1982,1.5620353220756293,70,0.4036182042830898,0.008072364085661797,4.963122769636441,14.34198419990338,2.0790065781829346,3.5987939761154832,9,"{""0"": 0.008511665731281806, ""1"": 0.011017177271099179, ""2"": 0.01057830494906831, ""3"": 0.0031912694928906554, ""4"": 0.005297658419850401, ""5"": 0.00983810864978043}"
control_gain,200,p0.05,nan,1.0,13,0.05,9.950000000000001,9.91,4,19,1982,1982,1.5620353220756293,80,0.37912371353947183,0.007582474270789437,0.8407649579947017,14.521606713113979,2.0733099393060175,3.5963749005854644,9,"{""0"": 0.008024090384948602, ""1"": 0.011110280269588586, ""2"": 0.009231560012315577, ""3"": 0.0015654992781160483, ""4"": 0.006259865249528406, ""5"": 0.009303550430239397}"
control_gain,200,p0.05,nan,1.0,13,0.05,9.950000000000001,9.91,4,19,1982,1982,1.5620353220756293,90,0.37416654231722385,0.007483330846344478,19.808506551677908,14.671062586765368,2.05734454815314,3.5987899038122797,9,"{""0"": 0.00934243987297206, ""1"": 0.009413569692853632, ""2"": 0.008856555086376965, ""3"": 0.002076064527351642, ""4"": 0.0051810370624813, ""5"": 0.010030318836031263}"
control_gain,200,p0.05,nan,1.0,13,0.05,9.950000000000001,9.91,4,19,1982,1982,1.5620353220756293,100,0.35284737349928713,0.007056947469985744,1.5134951789285322,14.851813145922476,2.0429178528819896,3.691491097862834,9,"{""0"": 0.008840773502388741, ""1"": 0.009030220779347745, ""2"": 0.0072181273117335135, ""3"": 0.00389686981682196, ""4"": 0.004791072937916595, ""5"": 0.008564620471705905}"
control_gain,200,p0.05,nan,1.0,13,0.05,9.950000000000001,9.91,4,19,1982,1982,1.5620353220756293,110,0.3517382895496547,0.007034765790993094,3.9976572461833517,14.964824019916179,2.036242988278138,3.5561897352870075,9,"{""0"": 0.007350990089872024, ""1"": 0.01027840165552769, ""2"": 0.008306722292966025, ""3"": 0.0023742105310055914, ""4"": 0.004321034013823813, ""5"": 0.009577236162763417}"
control_gain,200,p0.05,nan,1.0,13,0.05,9.950000000000001,9.91,4,19,1982,1982,1.5620353220756293,120,0.3370269155026037,0.006740538310052076,2.267103828578534,15.071866482232668,2.0465747743223086,3.6158354148864142,9,"{""0"": 0.007937406185424949, ""1"": 0.008823459343312542, ""2"": 0.008102695114917085, ""3"": 0.002577405374065043, ""4"": 0.004433679712922902, ""5"": 0.008568584129669933}"
control_gain,200,p0.05,nan,1.0,13,0.05,9.950000000000001,9.91,4,19,1982,1982,1.5620353220756293,130,0.3460102039620156,0.006920204079240313,23.01399688915739,15.177188190365577,2.040418132410907,3.5541060912705067,9,"{""0"": 0.007743553028114506, ""1"": 0.009301419720136081, ""2"": 0.008595207727477428, ""3"": 0.003068850632876977, ""4"": 0.003959524779685284, ""5"": 0.008852668587151603}"
control_gain,200,p0.05,nan,1.0,13,0.05,9.950000000000001,9.91,4,19,1982,1982,1.5620353220756293,140,0.3424812869695587,0.006849625739391175,0.6482780215837808,15.113603683533976,2.0365053169292646,3.637771083271309,9,"{""0"": 0.00902696777588305, ""1"": 0.008411656965006262, ""2"": 0.007160120836167664, ""3"": 0.0038264110189447443, ""4"": 0.003880246301713251, ""5"": 0.008792351538632079}"
control_gain,200,p0.05,nan,1.0,13,0.05,9.950000000000001,9.91,4,19,1982,1982,1.5620353220756293,150,0.3639873410819733,0.007279746821639466,2.7326373650495213,15.19514385598637,2.0320303267416815,3.647532694328608,9,"{""0"": 0.009727460853422555, ""1"": 0.010293635348557139, ""2"": 0.0062276010088855634, ""3"": 0.005861815711904653, ""4"": 0.0033392879383750502, ""5"": 0.00822868006869183}"
control_gain,200,p0.05,nan,1.0,13,0.05,9.950000000000001,9.91,4,19,1982,1982,1.5620353220756293,160,0.357082085652178,0.0071416417130435615,1.5821201883258862,15.236106088060438,2.0496472308533815,3.5828727589898106,9,"{""0"": 0.010189823130798706, ""1"": 0.009079286253192747, ""2"": 0.0065435527468243725, ""3"": 0.004848233178196627, ""4"": 0.0033194115427293675, ""5"": 0.008869543426519551}"
control_gain,200,p0.05,nan,1.0,13,0.05,9.950000000000001,9.91,4,19,1982,1982,1.5620353220756293,170,0.35051708057138503,0.007010341611427701,7.405098430792111,15.308700326127887,2.054754605580036,3.546714672533428,9,"{""0"": 0.010052033188937614, ""1"": 0.009365827242009347, ""2"": 0.0068112121582388635, ""3"": 0.0032084890675659838, ""4"": 0.0034018952670560564, ""5"": 0.009222592744758337}"
control_gain,200,p0.05,nan,1.0,13,0.05,9.950000000000001,9.91,4,19,1982,1982,1.5620353220756293,180,0.349380048883682,0.006987600977673641,1.404204774519692,15.38291084135584,2.0754003692325336,3.4814013933485164,9,"{""0"": 0.010515083920901462, ""1"": 0.00838959890844342, ""2"": 0.007336656021430495, ""3"": 0.0027272591211062263, ""4"": 0.0033181599818736403, ""5"": 0.009638847912286608}"
control_gain,200,p0.05,nan,1.0,13,0.05,9.950000000000001,9.91,4,19,1982,1982,1.5620353220756293,190,0.3495421615867281,0.006990843231734562,0.950738790618525,15.415519289573297,2.0748674604062143,3.4418274358108247,9,"{""0"": 0.010108021902506483, ""1"": 0.008672714867887166, ""2"": 0.0076913456431869295, ""3"": 0.0018542842225569747, ""4"": 0.0034677440913668976, ""5"": 0.01015094866290293}"
control_gain,200,p0.05,nan,1.0,13,0.05,9.950000000000001,9.91,4,19,1982,1982,1.5620353220756293,200,0.34524420299968545,0.00690488405999371,4.0409462217445355,15.494431671372823,2.0819077295942536,3.4432849897872266,9,"{""0"": 0.010359114475305223, ""1"": 0.00830257341077926, ""2"": 0.0075231946431480335, ""3"": 0.0018344039855808752, ""4"": 0.003441941128282613, ""5"": 0.009968076716866253}"
control_gain,200,p0.10,nan,1.0242093833700687,13,0.1,19.900000000000002,19.87,9,34,3974,1982,1.5620353220756342,0,1.0307641939234382,0.020615283878468768,nan,0.0,1.5620353220756342,8.018058916840491,15,"{""0"": 0.016830363462569796, ""1"": 0.018166896679427922, ""2"": 0.022606963997633893, ""3"": 0.021252875933563464, ""4"": 0.020690442480002173, ""5"": 0.024144160717615354}"
control_gain,200,p0.10,nan,1.0242093833700687,13,0.1,19.900000000000002,19.87,9,34,3974,1982,1.5620353220756342,10,0.7393275752721081,0.014786551505442166,9.374280822450569,14.824746782516758,2.0910599118743605,2.7449047990497486,10,"{""0"": 0.027972516298724125, ""1"": 0.009459000185999919, ""2"": 0.009114175731081066, ""3"": 0.019260214499298635, ""4"": 0.004287223990608052, ""5"": 0.018626178326941183}"
control_gain,200,p0.10,nan,1.0242093833700687,13,0.1,19.900000000000002,19.87,9,34,3974,1982,1.5620353220756342,20,0.4922427530046502,0.009844855060093005,4.076765562034171,15.37731011102829,2.0745650919978873,4.1715037616104045,13,"{""0"": 0.016144166484567374, ""1"": 0.014981128663346843, ""2"": 0.004413561051547729, ""3"": 0.009819420699549478, ""4"": 0.007483778860716356, ""5"": 0.00622707460083025}"
control_gain,200,p0.10,nan,1.0242093833700687,13,0.1,19.900000000000002,19.87,9,34,3974,1982,1.5620353220756342,30,0.5060100744303485,0.010120201488606973,13.27082069889599,16.06933886432525,2.0902819508795334,4.090056642768694,13,"{""0"": 0.012687251402985558, ""1"": 0.016685770984016645, ""2"": 0.005121827142620973, ""3"": 0.009777745731069945, ""4"": 0.00742600686575925, ""5"": 0.00902260680518946}"
control_gain,200,p0.10,nan,1.0242093833700687,13,0.1,19.900000000000002,19.87,9,34,3974,1982,1.5620353220756342,40,0.4803546736645611,0.009607093473291223,22.834858157967528,16.412611448536303,2.0327583273768024,3.6670628211839458,11,"{""0"": 0.009462361716319954, ""1"": 0.01383917735826457, ""2"": 0.0029950173539352656, ""3"": 0.013703527260694875, ""4"": 0.00831049939964177, ""5"": 0.009331977750890902}"
control_gain,200,p0.10,nan,1.0242093833700687,13,0.1,19.900000000000002,19.87,9,34,3974,1982,1.5620353220756342,50,0.4225386227060915,0.008450772454121831,2.6227387140281686,16.562735640320973,2.0294380936016934,3.5228267138059692,11,"{""0"": 0.013536193276948652, ""1"": 0.0033648291098757046, ""2"": 0.00342762060769203, ""3"": 0.01489382607830217, ""4"": 0.006635572792383071, ""5"": 0.008846592859529366}"
control_gain,200,p0.10,nan,1.0242093833700687,13,0.1,19.900000000000002,19.87,9,34,3974,1982,1.5620353220756342,60,0.3905993417480074,0.0078119868349601496,1.8216173412021035,16.724794297727804,2.0563913620079424,3.4926647582381207,10,"{""0"": 0.010527892636220205, ""1"": 0.004460764967817295, ""2"": 0.0024662539916753224, ""3"": 0.01416206489077694, ""4"": 0.006608286346970598, ""5"": 0.008646658176300536}"
control_gain,200,p0.10,nan,1.0242093833700687,13,0.1,19.900000000000002,19.87,9,34,3974,1982,1.5620353220756342,70,0.4104689590532636,0.008209379181065273,20.963395095848092,16.72230855847066,2.043292386414615,3.6641054506974444,11,"{""0"": 0.008895366849709005, ""1"": 0.008787590910624078, ""2"": 0.0026594385096050444, ""3"": 0.014841506952797501, ""4"": 0.00696514080636203, ""5"": 0.007107231057293983}"
control_gain,200,p0.10,nan,1.0242093833700687,13,0.1,19.900000000000002,19.87,9,34,3974,1982,1.5620353220756342,80,0.4157169988416334,0.008314339976832669,3.443354038457885,16.875233162734528,2.0557759898844035,3.5951812973844253,10,"{""0"": 0.008428817991349234, ""1"": 0.011068330781270608, ""2"": 0.0024001573811555745, ""3"": 0.014753748116688437, ""4"": 0.006711034272116612, ""5"": 0.006523951318415547}"
control_gain,200,p0.10,nan,1.0242093833700687,13,0.1,19.900000000000002,19.87,9,34,3974,1982,1.5620353220756342,90,0.3835157168278517,0.007670314336557035,1.8934745960894108,16.948323970436697,2.062152520246346,3.600719803304358,10,"{""0"": 0.009263943750848136, ""1"": 0.0057541302581403195, ""2"": 0.0022738473283825736, ""3"": 0.014835592725389419, ""4"": 0.006444068354315796, ""5"": 0.007450303602265962}"
control_gain,200,p0.10,nan,1.0242093833700687,13,0.1,19.900000000000002,19.87,9,34,3974,1982,1.5620353220756342,100,0.385820376262356,0.007716407525247121,14.608736804878731,17.093866145199204,2.057271760528947,3.5827703682351735,11,"{""0"": 0.009370879556399331, ""1"": 0.006885652115316542, ""2"": 0.002298779885773371, ""3"": 0.01484339097682712, ""4"": 0.006653409235968126, ""5"": 0.006246333381198243}"
control_gain,200,p0.10,nan,1.0242093833700687,13,0.1,19.900000000000002,19.87,9,34,3974,1982,1.5620353220756342,110,0.3801849435091549,0.007603698870183098,22.334059681771627,17.121213689316413,2.063286911682801,3.6488300753486667,11,"{""0"": 0.008807609867861837, ""1"": 0.006477260697481224, ""2"": 0.0027964389507128345, ""3"": 0.015096807269378069, ""4"": 0.005699450419865188, ""5"": 0.006744626015799437}"
control_gain,200,p0.10,nan,1.0242093833700687,13,0.1,19.900000000000002,19.87,9,34,3974,1982,1.5620353220756342,120,0.38289525344612335,0.007657905068922468,3.1340732257807153,17.210061706205558,2.070772361935598,3.5779599459867297,11,"{""0"": 0.00874743499276535, ""1"": 0.006005011202669936, ""2"": 0.002333976278286377, ""3"": 0.015175328975703745, ""4"": 0.006388217825114928, ""5"": 0.007297461138994476}"
control_gain,200,p0.10,nan,1.0242093833700687,13,0.1,19.900000000000002,19.87,9,34,3974,1982,1.5620353220756342,130,0.3845131119460008,0.007690262238920016,2.2891750702073135,17.242037280142963,2.0604349928204555,3.785947897723391,11,"{""0"": 0.009048203210645358, ""1"": 0.004769069682967858, ""2"": 0.005193209090673003, ""3"": 0.01480723461404584, ""4"": 0.006286174651289163, ""5"": 0.006037682183898881}"
control_gain,200,p0.10,nan,1.0242093833700687,13,0.1,19.900000000000002,19.87,9,34,3974,1982,1.5620353220756342,140,0.36726387251853637,0.0073452774503707284,5.508457926542632,17.282867081115945,2.058436975916571,3.7545412905969777,11,"{""0"": 0.009166766071768943, ""1"": 0.004793152843053839, ""2"": 0.003913875996026817, ""3"": 0.013846033724356308, ""4"": 0.006989287309060799, ""5"": 0.005362548757957669}"
control_gain,200,p0.10,nan,1.0242093833700687,13,0.1,19.900000000000002,19.87,9,34,3974,1982,1.5620353220756342,150,0.3582057973747352,0.007164115947494705,1.8433766684085162,17.353921740890026,2.0639974116122626,3.707201655701466,11,"{""0"": 0.009299136137740317, ""1"": 0.004546775921869017, ""2"": 0.003692079518937527, ""3"": 0.014141298725046214, ""4"": 0.006002169035903048, ""5"": 0.005303236345472102}"
control_gain,200,p0.10,nan,1.0242093833700687,13,0.1,19.900000000000002,19.87,9,34,3974,1982,1.5620353220756342,160,0.3494062871896913,0.006988125743793826,11.233717283504362,17.386364188656934,2.067263797680235,3.679640384855269,11,"{""0"": 0.00928380477151541, ""1"": 0.003787031560501356, ""2"": 0.003119958328267087, ""3"": 0.014105417978591411, ""4"": 0.005830352852002981, ""5"": 0.005802188971884713}"
control_gain,200,p0.10,nan,1.0242093833700687,13,0.1,19.900000000000002,19.87,9,34,3974,1982,1.5620353220756342,170,0.3139421851935519,0.006278843703871039,6.84615805510788,17.38950639168649,2.05275230698258,3.7342478785020314,11,"{""0"": 0.009601742814003172, ""1"": 0.0030715851929987094, ""2"": 0.0033938953012804113, ""3"": 0.010369498459873294, ""4"": 0.005986608233231374, ""5"": 0.005249732221839269}"
control_gain,200,p0.10,nan,1.0242093833700687,13,0.1,19.900000000000002,19.87,9,34,3974,1982,1.5620353220756342,180,0.3148180185639955,0.006296360371279911,3.635070700504509,17.473502693130637,2.0599560186990966,3.6909263108193353,11,"{""0"": 0.009959620600817468, ""1"": 0.0023810158656348388, ""2"": 0.003270682611295902, ""3"": 0.01063741638648849, ""4"": 0.0061309987107724595, ""5"": 0.005398428052670308}"
control_gain,200,p0.10,nan,1.0242093833700687,13,0.1,19.900000000000002,19.87,9,34,3974,1982,1.5620353220756342,190,0.3149776821472938,0.006299553642945877,5.616083424215929,17.505462369000398,2.0607676975461247,3.680735698753737,11,"{""0"": 0.0096486622172677, ""1"": 0.002588429144492566, ""2"": 0.0032710617704631143, ""3"": 0.0105626286812242, ""4"": 0.006405262650540794, ""5"": 0.005321277393686892}"
control_gain,200,p0.10,nan,1.0242093833700687,13,0.1,19.900000000000002,19.87,9,34,3974,1982,1.5620353220756342,200,0.3116997387714527,0.006233994775429055,6.2590033646924175,17.545170368121155,2.063585940211972,3.611757709814935,11,"{""0"": 0.009632784509065349, ""1"": 0.0026189729344744546, ""2"": 0.002792750749372135, ""3"": 0.011465603380028885, ""4"": 0.005743897393106129, ""5"": 0.005149959686527381}"
control_gain,200,p0.20,nan,0.9670198334844311,13,0.2,39.800000000000004,39.44,25,54,7888,1982,1.5620353220756324,0,1.0150943981828322,0.020301887963656645,nan,0.0,1.5620353220756324,5.265617722380418,12,"{""0"": 0.020185592271290083, ""1"": 0.019988907254995213, ""2"": 0.020292282720524156, ""3"": 0.019523818638805396, ""4"": 0.022071641682715113, ""5"": 0.01974908521360992}"
control_gain,200,p0.20,nan,0.9670198334844311,13,0.2,39.800000000000004,39.44,25,54,7888,1982,1.5620353220756324,10,0.9133033806607674,0.01826606761321535,6.886033316958437,12.387714737990711,2.081889971621467,2.1605133236467307,6,"{""0"": 0.03387753917651845, ""1"": 0.011687032465582366, ""2"": 0.017317564874526136, ""3"": 0.013688915595336432, ""4"": 0.013087471833663383, ""5"": 0.019937881733665324}"
control_gain,200,p0.20,nan,0.9670198334844311,13,0.2,39.800000000000004,39.44,25,54,7888,1982,1.5620353220756324,20,0.5298207406189133,0.010596414812378267,14.380040801960451,13.575304424457084,2.0627522321306326,3.0720241012987506,8,"{""0"": 0.01760980343294076, ""1"": 0.009884727684751626, ""2"": 0.0076417409489940216, ""3"": 0.006934420503939028, ""4"": 0.010204088404073232, ""5"": 0.011303707899570938}"
control_gain,200,p0.20,nan,0.9670198334844311,13,0.2,39.800000000000004,39.44,25,54,7888,1982,1.5620353220756324,30,0.407901626735751,0.008158032534715021,1.3514001320910338,14.120702675001299,2.079754799430207,3.4025851123515882,9,"{""0"": 0.007855563903390459, ""1"": 0.011961066200347785, ""2"": 0.00367323165058957, ""3"": 0.002408784235998656, ""4"": 0.0129585649143194, ""5"": 0.010090984303644256}"
control_gain,200,p0.20,nan,0.9670198334844311,13,0.2,39.800000000000004,39.44,25,54,7888,1982,1.5620353220756324,40,0.3759704215731046,0.007519408431462093,5.234094128513466,14.445324686299426,2.0922228615682896,3.6172204103970946,9,"{""0"": 0.0097933166838391, ""1"": 0.011586298699749297, ""2"": 0.0031122638806531655, ""3"": 0.0039573553076536075, ""4"": 0.00888960784361372, ""5"": 0.007777608173263673}"
control_gain,200,p0.20,nan,0.9670198334844311,13,0.2,39.800000000000004,39.44,25,54,7888,1982,1.5620353220756324,50,0.3950093788646774,0.00790018757729355,9.245377388478014,14.621603542948064,2.1269092117345365,3.111739426152791,8,"{""0"": 0.014270353059888944, ""1"": 0.007350886414377032, ""2"": 0.0038699034952361195, ""3"": 0.005811727606570236, ""4"": 0.006494724313091329, ""5"": 0.009603530574597636}"
control_gain,200,p0.20,nan,0.9670198334844311,13,0.2,39.800000000000004,39.44,25,54,7888,1982,1.5620353220756324,60,0.3868021902728032,0.007736043805456066,3.685630730402312,14.960596628543687,2.1272165048648173,3.2670918184585087,9,"{""0"": 0.012102285121328967, ""1"": 0.0076060428510933194, ""2"": 0.0034584162645442855, ""3"": 0.0068690903383519936, ""4"": 0.00589485950226872, ""5"": 0.010485568755149105}"
control_gain,200,p0.20,nan,0.9670198334844311,13,0.2,39.800000000000004,39.44,25,54,7888,1982,1.5620353220756324,70,0.3705574726011431,0.007411149452022863,2.542532973775785,15.400726346743436,2.096035475869732,3.4067257674677727,9,"{""0"": 0.0075898099450884575, ""1"": 0.008827617662760521, ""2"": 0.003758026820824664, ""3"": 0.0057453288749581164, ""4"": 0.007716168342701127, ""5"": 0.010829945065804288}"
control_gain,200,p0.20,nan,0.9670198334844311,13,0.2,39.800000000000004,39.44,25,54,7888,1982,1.5620353220756324,80,0.35021704718073143,0.0070043409436146295,0.16222115592006195,15.568559671996034,2.0924154127277883,3.368597515637958,9,"{""0"": 0.008408119324136378, ""1"": 0.008913213142743938, ""2"": 0.0030848940933504328, ""3"": 0.004926202971351081, ""4"": 0.008498192804176432, ""5"": 0.008195423325929525}"
control_gain,200,p0.20,nan,0.9670198334844311,13,0.2,39.800000000000004,39.44,25,54,7888,1982,1.5620353220756324,90,0.34297270809044406,0.006859454161808882,1.1051527808841242,15.596659279559324,2.115451008467593,3.3834868091517825,9,"{""0"": 0.00907046510651727, ""1"": 0.009983687285850595, ""2"": 0.0026297314655384743, ""3"": 0.005552518175224455, ""4"": 0.007526187638586428, ""5"": 0.006394135299136075}"
control_gain,200,p0.20,nan,0.9670198334844311,13,0.2,39.800000000000004,39.44,25,54,7888,1982,1.5620353220756324,100,0.3388621348882349,0.0067772426977646995,1.3009592725201893,15.669873438369166,2.103467095742264,3.3423444230660464,9,"{""0"": 0.009414265989361747, ""1"": 0.009607895839972194, ""2"": 0.0026768749982444846, ""3"": 0.005868152630339371, ""4"": 0.007216073192184975, ""5"": 0.005880193536485426}"
control_gain,200,p0.20,nan,0.9670198334844311,13,0.2,39.800000000000004,39.44,25,54,7888,1982,1.5620353220756324,110,0.33429887228569005,0.006685977445713802,8.785927378498176,15.728766869877674,2.1041649251895707,3.3724456692598483,8,"{""0"": 0.00840432981014249, ""1"": 0.00906517047765507, ""2"": 0.0035124177857063774, ""3"": 0.005024095059727577, ""4"": 0.005542075340476212, ""5"": 0.008567776200575087}"
control_gain,200,p0.20,nan,0.9670198334844311,13,0.2,39.800000000000004,39.44,25,54,7888,1982,1.5620353220756324,120,0.33365042131665473,0.006673008426333095,3.9401950035394018,15.878044320343108,2.0965739162226162,3.393675480135912,9,"{""0"": 0.008289379685929498, ""1"": 0.009573779785083976, ""2"": 0.0029370506020925244, ""3"": 0.005025411055080741, ""4"": 0.006599455036989085, ""5"": 0.007612974392822741}"
control_gain,200,p0.20,nan,0.9670198334844311,13,0.2,39.800000000000004,39.44,25,54,7888,1982,1.5620353220756324,130,0.3320212008984743,0.006640424017969488,5.116008472813221,15.969090857390354,2.1063667493880835,3.360673938698086,8,"{""0"": 0.008853047499303194, ""1"": 0.009110981839099716, ""2"": 0.0030300008269068097, ""3"": 0.005007286710700909, ""4"": 0.005388907588877171, ""5"": 0.00845231964292913}"
control_gain,200,p0.20,nan,0.9670198334844311,13,0.2,39.800000000000004,39.44,25,54,7888,1982,1.5620353220756324,140,0.3412155456940581,0.006824310913881163,1.4158749147312706,16.046632323943108,2.094982334748033,3.366343404584991,9,"{""0"": 0.00879457851392068, ""1"": 0.010612473609608488, ""2"": 0.0023364276788996187, ""3"": 0.005064076631031172, ""4"": 0.006582335540942419, ""5"": 0.007555973508884597}"
control_gain,200,p0.20,nan,0.9670198334844311,13,0.2,39.800000000000004,39.44,25,54,7888,1982,1.5620353220756324,150,0.3324166977040825,0.0066483339540816516,1.4582559819417626,16.110994285941125,2.1049651501044067,3.362734263085781,8,"{""0"": 0.008869875509526167, ""1"": 0.010680216745915252, ""2"": 0.0021616716223442013, ""3"": 0.005039877828690825, ""4"": 0.0058941763461563285, ""5"": 0.007244185671857137}"
control_gain,200,p0.20,nan,0.9670198334844311,13,0.2,39.800000000000004,39.44,25,54,7888,1982,1.5620353220756324,160,0.3224248632516132,0.0064484972650322644,2.117581665100298,16.17613713795632,2.11213079398121,3.321935627104357,8,"{""0"": 0.008872514211802619, ""1"": 0.010390589615875565, ""2"": 0.0020471842229114615, ""3"": 0.0046593538688074415, ""4"": 0.005544696518767325, ""5"": 0.007176645152029178}"
control_gain,200,p0.20,nan,0.9670198334844311,13,0.2,39.800000000000004,39.44,25,54,7888,1982,1.5620353220756324,170,0.306671224390261,0.006133424487805221,4.05385561199437,16.28631016933422,2.1018200091442285,3.342106803933478,8,"{""0"": 0.00802620699621806, ""1"": 0.011024281874478119, ""2"": 0.0020386155754202355, ""3"": 0.003630902224773737, ""4"": 0.00556132556646661, ""5"": 0.006519214689474561}"
control_gain,200,p0.20,nan,0.9670198334844311,13,0.2,39.800000000000004,39.44,25,54,7888,1982,1.5620353220756324,180,0.3045919542240237,0.006091839084480475,4.232489994552575,16.328911399491556,2.1118966153468044,3.3269598945776613,8,"{""0"": 0.008064037922756836, ""1"": 0.010517238568267216, ""2"": 0.002130135591294106, ""3"": 0.003524592738429206, ""4"": 0.0053719410665797164, ""5"": 0.006943088619555768}"
control_gain,200,p0.20,nan,0.9670198334844311,13,0.2,39.800000000000004,39.44,25,54,7888,1982,1.5620353220756324,190,0.30283432522919485,0.006056686504583898,8.594049759218102,16.44490236364876,2.1236165975891614,3.3172946033505735,8,"{""0"": 0.007625645991086433, ""1"": 0.010419864509671124, ""2"": 0.002134178865876351, ""3"": 0.003412461391010437, ""4"": 0.004840671202754157, ""5"": 0.007907297067104876}"
control_gain,200,p0.20,nan,0.9670198334844311,13,0.2,39.800000000000004,39.44,25,54,7888,1982,1.5620353220756324,200,0.2895177996637525,0.005790355993275051,4.0502930220202575,16.491447760160316,2.132880902617158,3.285986489322364,8,"{""0"": 0.00801407815053438, ""1"": 0.00907517170914314, ""2"": 0.002208624821788646, ""3"": 0.003747697862794815, ""4"": 0.0034295112274870497, ""5"": 0.008267052187902277}"
control_gain,200,p0.40,nan,1.0078482818803327,13,0.4,79.60000000000001,80.23,58,98,16046,1982,1.562035322075625,0,1.0168496111388219,0.020336992222776438,nan,0.0,1.562035322075625,3.549409644081905,12,"{""0"": 0.021139660128644253, ""1"": 0.018390072000242896, ""2"": 0.022449842360397994, ""3"": 0.02007453938322477, ""4"": 0.01948415046029317, ""5"": 0.020483689003855565}"
control_gain,200,p0.40,nan,1.0078482818803327,13,0.4,79.60000000000001,80.23,58,98,16046,1982,1.562035322075625,10,0.5939062004242898,0.011878124008485797,36.00102301267007,13.596445231496746,2.0109223895462414,4.215980548186486,12,"{""0"": 0.02486343232093991, ""1"": 0.003381911049416539, ""2"": 0.008093336955302932, ""3"": 0.0099980968099251, ""4"": 0.016376813920061593, ""5"": 0.008555152995268711}"
control_gain,200,p0.40,nan,1.0078482818803327,13,0.4,79.60000000000001,80.23,58,98,16046,1982,1.562035322075625,20,0.4925705024618029,0.00985141004923606,3.9740194242381266,14.804443512040699,2.028856648932215,3.764182011461181,10,"{""0"": 0.012363386746762333, ""1"": 0.002547894005812591, ""2"": 0.002603296790019101, ""3"": 0.019102969488061682, ""4"": 0.016091978211047138, ""5"": 0.006398935053713503}"
control_gain,200,p0.40,nan,1.0078482818803327,13,0.4,79.60000000000001,80.23,58,98,16046,1982,1.562035322075625,30,0.5023836614156093,0.010047673228312187,13.493783982402368,15.54145109109503,2.0619047177799295,3.7037738734361,10,"{""0"": 0.013019967922552837, ""1"": 0.003937026004801427, ""2"": 0.0022049748350471926, ""3"": 0.01693861477639653, ""4"": 0.009125187236753823, ""5"": 0.01506026859432132}"
control_gain,200,p0.40,nan,1.0078482818803327,13,0.4,79.60000000000001,80.23,58,98,16046,1982,1.562035322075625,40,0.4446990448387338,0.008893980896774676,2.3730042450504025,15.777904692075047,2.0609174398230037,3.605579837392221,10,"{""0"": 0.008805468533342967, ""1"": 0.008674039292595033, ""2"": 0.002489777418019298, ""3"": 0.013440160401432543, ""4"": 0.012468622896037061, ""5"": 0.007485816839221162}"
control_gain,200,p0.40,nan,1.0078482818803327,13,0.4,79.60000000000001,80.23,58,98,16046,1982,1.562035322075625,50,0.46202350804158004,0.009240470160831602,3.3523162304781104,15.936947344388937,2.0541942928277397,3.6379239145283098,11,"{""0"": 0.009610312371861943, ""1"": 0.006397856685977673, ""2"": 0.001842103834765866, ""3"": 0.016065021514783073, ""4"": 0.007358535758786125, ""5"": 0.01416899079881494}"
control_gain,200,p0.40,nan,1.0078482818803327,13,0.4,79.60000000000001,80.23,58,98,16046,1982,1.562035322075625,60,0.4149615834090032,0.008299231668180066,1.8767937040520302,16.145458436385468,2.0604913020912514,3.5735049092194093,11,"{""0"": 0.008886200670666809, ""1"": 0.008132876820652854, ""2"": 0.001638169415190617, ""3"": 0.014970975792794794, ""4"": 0.01059932417541435, ""5"": 0.005567843134360969}"
control_gain,200,p0.40,nan,1.0078482818803327,13,0.4,79.60000000000001,80.23,58,98,16046,1982,1.562035322075625,70,0.378268317904469,0.007565366358089381,10.015131417142975,16.21444506258192,2.053436442526026,3.6152714689373626,10,"{""0"": 0.005158346297889124, ""1"": 0.008703251344972827, ""2"": 0.0020768404127068066, ""3"": 0.013607797041363685, ""4"": 0.009348569639737559, ""5"": 0.006497393411866298}"
control_gain,200,p0.40,nan,1.0078482818803327,13,0.4,79.60000000000001,80.23,58,98,16046,1982,1.562035322075625,80,0.4001936575020596,0.008003873150041193,4.188983008339994,16.26683172672807,2.0296721269547398,3.402434499569475,10,"{""0"": 0.0033369932972102897, ""1"": 0.009861543635602567, ""2"": 0.0023496386280857143, ""3"": 0.01624049414024414, ""4"": 0.011374508262752686, ""5"": 0.004860060936351758}"
control_gain,200,p0.40,nan,1.0078482818803327,13,0.4,79.60000000000001,80.23,58,98,16046,1982,1.562035322075625,90,0.3573710015580538,0.007147420031161077,1.391478731268048,16.329178988596283,2.037999819546519,3.4776865490857256,10,"{""0"": 0.0030496146261732, ""1"": 0.0057780856367962334, ""2"": 0.0018415333243621194, ""3"": 0.01690733265856206, ""4"": 0.01032795402519478, ""5"": 0.004979999915878066}"
control_gain,200,p0.40,nan,1.0078482818803327,13,0.4,79.60000000000001,80.23,58,98,16046,1982,1.562035322075625,100,0.38058544528417393,0.00761170890568348,17.035521315634703,16.329137257878187,2.051419863414809,3.406074233239752,10,"{""0"": 0.0032897006963378203, ""1"": 0.006173747191987864, ""2"": 0.0017429588053205324, ""3"": 0.016169982386047423, ""4"": 0.013838759230097083, ""5"": 0.004455105124310155}"
control_gain,200,p0.40,nan,1.0078482818803327,13,0.4,79.60000000000001,80.23,58,98,16046,1982,1.562035322075625,110,0.35973192171476687,0.007194638434295338,3.319277027348245,16.38139595221653,2.0533353867652213,3.4221497788928126,10,"{""0"": 0.0028790140703647644, ""1"": 0.005485482053350711, ""2"": 0.0019529813931009135, ""3"": 0.016337090204413186, ""4"": 0.01249737951456068, ""5"": 0.004015883369981769}"
control_gain,200,p0.40,nan,1.0078482818803327,13,0.4,79.60000000000001,80.23,58,98,16046,1982,1.562035322075625,120,0.37607144934033865,0.007521428986806774,5.719339884069027,16.39618042479312,2.0668534395973097,3.4110036325724566,10,"{""0"": 0.002836955239966344, ""1"": 0.006293514663929306, ""2"": 0.0018778200712293888, ""3"": 0.01670916103916075, ""4"": 0.013484138241455024, ""5"": 0.0039269846650998265}"
control_gain,200,p0.40,nan,1.0078482818803327,13,0.4,79.60000000000001,80.23,58,98,16046,1982,1.562035322075625,130,0.3492844662737042,0.006985689325474085,27.925563644207426,16.480834084716662,2.072321910861724,3.406154523190603,9,"{""0"": 0.0027136749990811417, ""1"": 0.005523724412178381, ""2"": 0.002013303353365129, ""3"": 0.01665992660716863, ""4"": 0.011344361750618327, ""5"": 0.0036591448304329048}"
control_gain,200,p0.40,nan,1.0078482818803327,13,0.4,79.60000000000001,80.23,58,98,16046,1982,1.562035322075625,140,0.34502407915357697,0.006900481583071541,15.555619930127401,16.5955941545873,2.0932317153764215,3.3649416457826713,9,"{""0"": 0.002636015066665736, ""1"": 0.00608859866955427, ""2"": 0.0018316225340797836, ""3"": 0.0162270036454707, ""4"": 0.011418528132731306, ""5"": 0.0032011214499274403}"
control_gain,200,p0.40,nan,1.0078482818803327,13,0.4,79.60000000000001,80.23,58,98,16046,1982,1.562035322075625,150,0.3446841880084707,0.0068936837601694155,1.5177457160846697,16.703008266497356,2.0984380159571843,3.3431789652962896,9,"{""0"": 0.002512596251680228, ""1"": 0.006518743005635855, ""2"": 0.0017215167407344627, ""3"": 0.016004570121013716, ""4"": 0.011511070422169423, ""5"": 0.00309360601978281}"
control_gain,200,p0.40,nan,1.0078482818803327,13,0.4,79.60000000000001,80.23,58,98,16046,1982,1.562035322075625,160,0.33638383561351065,0.0067276767122702134,29.89947336025663,16.774162574556005,2.100253935653042,3.342246597361669,9,"{""0"": 0.0025101477747966226, ""1"": 0.006186248255281119, ""2"": 0.0017395419031562228, ""3"": 0.015967254598419193, ""4"": 0.010732063095374255, ""5"": 0.0032308046465938656}"
control_gain,200,p0.40,nan,1.0078482818803327,13,0.4,79.60000000000001,80.23,58,98,16046,1982,1.562035322075625,170,0.32805685200307155,0.006561137040061432,0.9144469042292374,16.795391774745713,2.1105959197989703,3.3676826409314136,9,"{""0"": 0.0024230500156237856, ""1"": 0.006157277769941578, ""2"": 0.0017239329735814365, ""3"": 0.015522718071978369, ""4"": 0.010172474961434709, ""5"": 0.0033673684478087115}"
control_gain,200,p0.40,nan,1.0078482818803327,13,0.4,79.60000000000001,80.23,58,98,16046,1982,1.562035322075625,180,0.3269988956065947,0.006539977912131894,26.8008356099318,16.87372990907963,2.112050768853437,3.404018020676552,10,"{""0"": 0.0024914886446582517, ""1"": 0.005835507411027995, ""2"": 0.0017595761203696495, ""3"": 0.015519941738892146, ""4"": 0.009874546124594704, ""5"": 0.003758807433248626}"
control_gain,200,p0.40,nan,1.0078482818803327,13,0.4,79.60000000000001,80.23,58,98,16046,1982,1.562035322075625,190,0.3362412183001694,0.006724824366003389,6.099354566693101,16.90088419364581,2.1078002282972377,3.3977954233940957,10,"{""0"": 0.0024014864641895882, ""1"": 0.005561028810841589, ""2"": 0.0018280370151665091, ""3"": 0.015679395673087883, ""4"": 0.010545879060855134, ""5"": 0.004333119171879626}"
control_gain,200,p0.40,nan,1.0078482818803327,13,0.4,79.60000000000001,80.23,58,98,16046,1982,1.562035322075625,200,0.33307486266756564,0.006661497253351314,0.7108126955965586,16.933000804541614,2.106384147666464,3.4020734676655264,9,"{""0"": 0.0023941338443428744, ""1"": 0.005346195194631267, ""2"": 0.001804710107516145, ""3"": 0.015708333821129176, ""4"": 0.010515957256701028, ""5"": 0.0041996532957873905}"
control_gain,200,p0.05,nan,1.0,14,0.05,9.950000000000001,9.915,1,18,1983,1983,1.596467426579523,0,1.0219384583828754,0.020438769167657515,nan,0.0,1.596467426579523,5.280091354920869,13,"{""0"": 0.020943362840667216, ""1"": 0.02003191141624408, ""2"": 0.022273333014763134, ""3"": 0.02108224370414908, ""4"": 0.01854326180026237, ""5"": 0.019758502229859205}"
control_gain,200,p0.05,nan,1.0,14,0.05,9.950000000000001,9.915,1,18,1983,1983,1.596467426579523,10,0.8691361974320815,0.017382723948641633,1.4013112684893543,12.932350891609529,1.8763562261212121,1.953695273084736,7,"{""0"": 0.02198710644576082, ""1"": 0.021869474814945784, ""2"": 0.016391607978837264, ""3"": 0.012249902395113473, ""4"": 0.0009242109504135905, ""5"": 0.030874041106778872}"
control_gain,200,p0.05,nan,1.0,14,0.05,9.950000000000001,9.915,1,18,1983,1983,1.596467426579523,20,0.6791417033818579,0.013582834067637158,18.081821314465603,15.445979022297834,1.9139313358689638,4.201080995127,14,"{""0"": 0.02240940949541918, ""1"": 0.00583438709032417, ""2"": 0.017158200205417022, ""3"": 0.020015825523650842, ""4"": 0.001993909990711329, ""5"": 0.014085272100300398}"
control_gain,200,p0.05,nan,1.0,14,0.05,9.950000000000001,9.915,1,18,1983,1983,1.596467426579523,30,0.5335463336822923,0.010670926673645848,6.947637334752346,16.076176610461744,1.92805149954117,4.463807768311811,14,"{""0"": 0.014419837096503138, ""1"": 0.006815925868981219, ""2"": 0.013189520552638011, ""3"": 0.016412828641118267, ""4"": 0.004280374976315658, ""5"": 0.008907072906318798}"
control_gain,200,p0.05,nan,1.0,14,0.05,9.950000000000001,9.915,1,18,1983,1983,1.596467426579523,40,0.5241961084233755,0.010483922168467512,24.7624497112768,16.471592324275296,1.9201210063699559,4.420546835820633,14,"{""0"": 0.010763695454880125, ""1"": 0.005518521369930493, ""2"": 0.015342648547724325, ""3"": 0.012837397718231613, ""4"": 0.007013984807424779, ""5"": 0.01142728511261373}"
control_gain,200,p0.05,nan,1.0,14,0.05,9.950000000000001,9.915,1,18,1983,1983,1.596467426579523,50,0.5241515117458948,0.010483030234917897,2.098604516722204,16.700851448687008,1.9838104313053497,4.370754390667062,13,"{""0"": 0.013270067827817431, ""1"": 0.008406268720736932, ""2"": 0.011710254820730074, ""3"": 0.011074102778384717, ""4"": 0.004922047023675805, ""5"": 0.013515440238162429}"
control_gain,200,p0.05,nan,1.0,14,0.05,9.950000000000001,9.915,1,18,1983,1983,1.596467426579523,60,0.49325875712088,0.009865175142417602,8.708725660933649,16.979861343693347,1.9886649163189043,4.365135135385762,14,"{""0"": 0.015243451513378498, ""1"": 0.005541901339822767, ""2"": 0.012725229091571689, ""3"": 0.009738104252547947, ""4"": 0.0070535002980317354, ""5"": 0.008888864359152978}"
control_gain,200,p0.05,nan,1.0,14,0.05,9.950000000000001,9.915,1,18,1983,1983,1.596467426579523,70,0.44408360134431873,0.008881672026886375,3.2282593678876617,17.092028811683896,2.000292429126924,4.842610243624113,14,"{""0"": 0.015878068610450144, ""1"": 0.0055302718762240645, ""2"": 0.006490915592311875, ""3"": 0.008208404342341756, ""4"": 0.004984057415596847, ""5"": 0.012198314324393568}"
control_gain,200,p0.05,nan,1.0,14,0.05,9.950000000000001,9.915,1,18,1983,1983,1.596467426579523,80,0.43128443703320024,0.008625688740664007,9.284332535487586,17.25903535217168,1.9697944807820642,4.7850783334298415,15,"{""0"": 0.01591789861247803, ""1"": 0.005334217718020421, ""2"": 0.007040818929023092, ""3"": 0.008410749392674562, ""4"": 0.006389988490593636, ""5"": 0.008660459301194301}"
control_gain,200,p0.05,nan,1.0,14,0.05,9.950000000000001,9.915,1,18,1983,1983,1.596467426579523,90,0.4349373711825934,0.00869874742365187,2.526075737332562,17.270237628109545,1.9715124689479475,4.597795903444909,14,"{""0"": 0.015281728865245883, ""1"": 0.004454489434087066, ""2"": 0.010123883625446452, ""3"": 0.007534145136575162, ""4"": 0.006548046040063123, ""5"": 0.008250191440493526}"
control_gain,200,p0.05,nan,1.0,14,0.05,9.950000000000001,9.915,1,18,1983,1983,1.596467426579523,100,0.4385547445805235,0.008771094891610471,3.336867186079973,17.40983321986405,1.9668171989228247,4.542694363523343,14,"{""0"": 0.015214903113451233, ""1"": 0.004164150075766237, ""2"": 0.010128785515443394, ""3"": 0.008174596343168285, ""4"": 0.007032717301050341, ""5"": 0.007911417000783325}"
control_gain,200,p0.05,nan,1.0,14,0.05,9.950000000000001,9.915,1,18,1983,1983,1.596467426579523,110,0.43058506196186486,0.008611701239237298,2.102756220919821,17.512938334773022,1.9783977426790762,4.746426388447779,14,"{""0"": 0.014554435390138915, ""1"": 0.004695074319355964, ""2"": 0.009322348116060858, ""3"": 0.008217073175471695, ""4"": 0.006162513081604994, ""5"": 0.008718763352791361}"
control_gain,200,p0.05,nan,1.0,14,0.05,9.950000000000001,9.915,1,18,1983,1983,1.596467426579523,120,0.4071680967912606,0.008143361935825212,9.75682320975145,17.674556655978446,1.9831323920181656,4.947862682600006,15,"{""0"": 0.012822821723726582, ""1"": 0.004987493688599791, ""2"": 0.009033321718265852, ""3"": 0.008155397555268912, ""4"": 0.006208252972934384, ""5"": 0.00765288395615576}"
control_gain,200,p0.05,nan,1.0,14,0.05,9.950000000000001,9.915,1,18,1983,1983,1.596467426579523,130,0.41759692977605967,0.008351938595521195,4.2576843294039195,17.80891681026862,2.003208442655225,4.971254365542182,15,"{""0"": 0.013721571195659688, ""1"": 0.0053210573388471375, ""2"": 0.008815642683868485, ""3"": 0.007417439364983921, ""4"": 0.007288089495862774, ""5"": 0.007547831493905163}"
control_gain,200,p0.05,nan,1.0,14,0.05,9.950000000000001,9.915,1,18,1983,1983,1.596467426579523,140,0.4213441128245054,0.008426882256490109,3.5914350913746085,17.9082242299646,2.0178903113680997,4.866971142178484,15,"{""0"": 0.013670346027915397, ""1"": 0.005169701191717409, ""2"": 0.009249109111967727, ""3"": 0.007041682703543895, ""4"": 0.007885223487736282, ""5"": 0.0075452310160599445}"
control_gain,200,p0.05,nan,1.0,14,0.05,9.950000000000001,9.915,1,18,1983,1983,1.596467426579523,150,0.43246738174722127,0.008649347634944427,13.272719512693886,18.024298037621854,2.028140255476954,4.838345420436165,15,"{""0"": 0.014723867214563136, ""1"": 0.0054943854706452685, ""2"": 0.009452118924433003, ""3"": 0.006592330803987542, ""4"": 0.0077914195335415225, ""5"": 0.00784196386249609}"
control_gain,200,p0.05,nan,1.0,14,0.05,9.950000000000001,9.915,1,18,1983,1983,1.596467426579523,160,0.4066647928133196,0.008133295856266393,6.210606519506045,18.099884342235548,2.040485552119085,4.513892550751734,14,"{""0"": 0.013873359203805577, ""1"": 0.00607256927175067, ""2"": 0.008653231680627168, ""3"": 0.006800789721141338, ""4"": 0.006413006333557189, ""5"": 0.0069868189267164125}"
control_gain,200,p0.05,nan,1.0,14,0.05,9.950000000000001,9.915,1,18,1983,1983,1.596467426579523,170,0.4095826501311915,0.008191653002623832,2.782443862914267,18.205981764352078,2.051424885971646,4.45789967091114,14,"{""0"": 0.013834874154776295, ""1"": 0.006204165234651371, ""2"": 0.008610923656428425, ""3"": 0.0067524440223790325, ""4"": 0.006603164303538443, ""5"": 0.007144346643969414}"
control_gain,200,p0.05,nan,1.0,14,0.05,9.950000000000001,9.915,1,18,1983,1983,1.596467426579523,180,0.4133487518579955,0.008266975037159912,1.3549550032925202,18.26066074107398,2.0613478623404644,4.306545241517721,14,"{""0"": 0.014382799530667604, ""1"": 0.006029794910932004, ""2"": 0.008748573114797016, ""3"": 0.006528790441366748, ""4"": 0.006317735016006484, ""5"": 0.007594157209189612}"
control_gain,200,p0.05,nan,1.0,14,0.05,9.950000000000001,9.915,1,18,1983,1983,1.596467426579523,190,0.4083542420922017,0.008167084841844035,10.53159875166628,18.356666833019446,2.0605597834687353,4.283035071372119,14,"{""0"": 0.014581262721100224, ""1"": 0.005884567959279281, ""2"": 0.008397832750924242, ""3"": 0.0063813194153398934, ""4"": 0.005821520063731271, ""5"": 0.0079360061406893}"
control_gain,200,p0.05,nan,1.0,14,0.05,9.950000000000001,9.915,1,18,1983,1983,1.596467426579523,200,0.41020932316310255,0.00820418646326205,12.728944148040732,18.432820894002468,2.0594945397819044,4.335819100425505,14,"{""0"": 0.013867744844651605, ""1"": 0.005946012901397761, ""2"": 0.00776929134474103, ""3"": 0.006583262173798679, ""4"": 0.005436044497681907, ""5"": 0.009622763017301326}"
control_gain,200,p0.10,nan,1.0257301379187336,14,0.1,19.900000000000002,20.255,9,31,4051,1983,1.5964674265795402,0,1.0620599153989367,0.02124119830797874,nan,0.0,1.5964674265795402,7.836095857764203,15,"{""0"": 0.020858016315057994, ""1"": 0.023503793671490594, ""2"": 0.019696072785034238, ""3"": 0.020506153322761567, ""4"": 0.021199846357604017, ""5"": 0.021683307395923997}"
control_gain,200,p0.10,nan,1.0257301379187336,14,0.1,19.900000000000002,20.255,9,31,4051,1983,1.5964674265795402,10,1.0496942082210978,0.02099388416442196,12.265470538265483,13.707631812041257,1.9591243842624098,5.613018172321432,15,"{""0"": 0.01846846393282204, ""1"": 0.01354580767118165, ""2"": 0.008363182367839863, ""3"": 0.019721876335430134, ""4"": 0.016341943650301873, ""5"": 0.04952203102895619}"
control_gain,200,p0.10,nan,1.0257301379187336,14,0.1,19.900000000000002,20.255,9,31,4051,1983,1.5964674265795402,20,0.7810368204860977,0.015620736409721956,6.01414767941936,15.234027610892804,1.8803723406730124,8.38245331250891,19,"{""0"": 0.013671308157795114, ""1"": 0.01376250429409481, ""2"": 0.009800242741184248, ""3"": 0.018702549519972154, ""4"": 0.0151750286798577, ""5"": 0.02261278506542772}"
control_gain,200,p0.10,nan,1.0257301379187336,14,0.1,19.900000000000002,20.255,9,31,4051,1983,1.5964674265795402,30,0.5948031774131938,0.011896063548263877,8.17217541659019,16.140077536534253,1.9276246292976256,6.123614457851956,16,"{""0"": 0.009556949984888485, ""1"": 0.011228378765615858, ""2"": 0.008773705345463565, ""3"": 0.018034772491909566, ""4"": 0.007320128678342018, ""5"": 0.016462446023363768}"
control_gain,200,p0.10,nan,1.0257301379187336,14,0.1,19.900000000000002,20.255,9,31,4051,1983,1.5964674265795402,40,0.622941359945252,0.012458827198905042,15.382152517628509,16.565995478877735,1.9521038445621097,6.631883258233665,17,"{""0"": 0.009401039615597845, ""1"": 0.01253391005112314, ""2"": 0.008683709214063837, ""3"": 0.014483882940587329, ""4"": 0.009542920496155157, ""5"": 0.020107500875902944}"
control_gain,200,p0.10,nan,1.0257301379187336,14,0.1,19.900000000000002,20.255,9,31,4051,1983,1.5964674265795402,50,0.5357124044045537,0.010714248088091075,11.152523488626649,16.89092613435383,1.965345339511567,5.822138462552942,17,"{""0"": 0.0064206128005966, ""1"": 0.011086953072720274, ""2"": 0.0070676017459821395, ""3"": 0.012287145743056668, ""4"": 0.009593505201430952, ""5"": 0.017829669964759813}"
control_gain,200,p0.10,nan,1.0257301379187336,14,0.1,19.900000000000002,20.255,9,31,4051,1983,1.5964674265795402,60,0.4844609453543558,0.009689218907087117,7.707597685003512,17.207930425994526,1.9855938268535775,5.715802496195142,16,"{""0"": 0.00509116585997505, ""1"": 0.010906799906774881, ""2"": 0.006734783828376567, ""3"": 0.012617118907798342, ""4"": 0.008746845704923295, ""5"": 0.014038599234674565}"
control_gain,200,p0.10,nan,1.0257301379187336,14,0.1,19.900000000000002,20.255,9,31,4051,1983,1.5964674265795402,70,0.5366386815661781,0.010732773631323564,15.252374051410929,17.20386607766,1.9883217384713732,5.788230280450745,17,"{""0"": 0.006388971219495968, ""1"": 0.012188596368104066, ""2"": 0.0051244185112471795, ""3"": 0.014737473424893835, ""4"": 0.010985529564448478, ""5"": 0.01497165269975186}"
control_gain,200,p0.10,nan,1.0257301379187336,14,0.1,19.900000000000002,20.255,9,31,4051,1983,1.5964674265795402,80,0.5371487635313013,0.010742975270626027,19.139863277000288,17.358547584308322,2.0153473165548905,5.567273816362498,17,"{""0"": 0.006852475993359293, ""1"": 0.01365081153851518, ""2"": 0.0051838501762446745, ""3"": 0.013559972820177579, ""4"": 0.010953141727934431, ""5"": 0.014257599367524998}"
control_gain,200,p0.10,nan,1.0257301379187336,14,0.1,19.900000000000002,20.255,9,31,4051,1983,1.5964674265795402,90,0.4805322713467242,0.009610645426934485,6.980624533542688,17.49398342621216,2.004414074220258,5.405622581956768,16,"{""0"": 0.004292476526232367, ""1"": 0.012770668327995149, ""2"": 0.007835430253250241, ""3"": 0.01102986879959012, ""4"": 0.008012848978523768, ""5"": 0.01372257967601527}"
control_gain,200,p0.10,nan,1.0257301379187336,14,0.1,19.900000000000002,20.255,9,31,4051,1983,1.5964674265795402,100,0.4680292098346301,0.009360584196692603,23.642556020588163,17.57719642220426,2.0108326616161736,5.677642056410955,17,"{""0"": 0.004442257226046841, ""1"": 0.011538668148497052, ""2"": 0.009507191299394877, ""3"": 0.010455125823466836, ""4"": 0.007057141701375748, ""5"": 0.01316312098137426}"
control_gain,200,p0.10,nan,1.0257301379187336,14,0.1,19.900000000000002,20.255,9,31,4051,1983,1.5964674265795402,110,0.4965747881911994,0.009931495763823989,10.698949233062804,17.684348066474502,2.0221948327010066,5.752159669546694,17,"{""0"": 0.004871953276926724, ""1"": 0.011851577076696814, ""2"": 0.008187292860603278, ""3"": 0.011121435208551645, ""4"": 0.00783123242954489, ""5"": 0.015725483730620587}"
control_gain,200,p0.10,nan,1.0257301379187336,14,0.1,19.900000000000002,20.255,9,31,4051,1983,1.5964674265795402,120,0.46459213861144083,0.009291842772228817,4.105278154829293,17.773197470655724,2.028156610953157,5.390035390472635,16,"{""0"": 0.0037198886548001422, ""1"": 0.011559658283805284, ""2"": 0.008194622803000812, ""3"": 0.010171759560008984, ""4"": 0.00683217544598215, ""5"": 0.015272951885775533}"
control_gain,200,p0.10,nan,1.0257301379187336,14,0.1,19.900000000000002,20.255,9,31,4051,1983,1.5964674265795402,130,0.4503725524997103,0.009007451049994206,1.991616652552293,17.824392224764708,2.0349916926128655,5.235076003023635,16,"{""0"": 0.0029630186242715416, ""1"": 0.010977918973197323, ""2"": 0.007905527024420402, ""3"": 0.010473337800992704, ""4"": 0.0066338093736065555, ""5"": 0.015091094503476713}"
control_gain,200,p0.10,nan,1.0257301379187336,14,0.1,19.900000000000002,20.255,9,31,4051,1983,1.5964674265795402,140,0.4232894965838212,0.008465789931676425,5.592801029175352,17.84695787760136,2.018119551924824,5.053061892465627,16,"{""0"": 0.0030582263964888286, ""1"": 0.010923806645616397, ""2"": 0.007997612373267205, ""3"": 0.00930459472174089, ""4"": 0.0057188091481376125, ""5"": 0.013791690304807619}"
control_gain,200,p0.10,nan,1.0257301379187336,14,0.1,19.900000000000002,20.255,9,31,4051,1983,1.5964674265795402,150,0.40201008881379985,0.008040201776275999,5.474214229871599,17.88464322140947,2.0192507939266657,4.976914664902932,16,"{""0"": 0.003125239757006111, ""1"": 0.010810821542834486, ""2"": 0.007736427451555512, ""3"": 0.009686735056497276, ""4"": 0.0049499287737127555, ""5"": 0.011932058076049846}"
control_gain,200,p0.10,nan,1.0257301379187336,14,0.1,19.900000000000002,20.255,9,31,4051,1983,1.5964674265795402,160,0.3916968313520412,0.007833936627040825,2.1657948742733546,17.936697794206868,2.1022244362408338,5.030506046392604,16,"{""0"": 0.0033198905054732998, ""1"": 0.010516165537205972, ""2"": 0.007760622556420081, ""3"": 0.009780888922617182, ""4"": 0.004257298767733958, ""5"": 0.011368753472794457}"
control_gain,200,p0.10,nan,1.0257301379187336,14,0.1,19.900000000000002,20.255,9,31,4051,1983,1.5964674265795402,170,0.38392484270064386,0.007678496854012879,6.771174354342868,17.971131401980873,2.1057412546236454,4.962722305356144,16,"{""0"": 0.00315111983523528, ""1"": 0.01055372014071881, ""2"": 0.008172449622999983, ""3"": 0.008863146259425688, ""4"": 0.0039782899636023866, ""5"": 0.011352255302095118}"
control_gain,200,p0.10,nan,1.0257301379187336,14,0.1,19.900000000000002,20.255,9,31,4051,1983,1.5964674265795402,180,0.3811043674098622,0.007622087348197245,4.21518472279711,18.02770716963694,2.115992610071431,4.816340917533226,15,"{""0"": 0.0030812687392188726, ""1"": 0.010292116410576013, ""2"": 0.007926078536356247, ""3"": 0.00917460122770848, ""4"": 0.003815694527724316, ""5"": 0.011442764647599543}"
control_gain,200,p0.10,nan,1.0257301379187336,14,0.1,19.900000000000002,20.255,9,31,4051,1983,1.5964674265795402,190,0.3806304639828582,0.007612609279657166,2.900209529877382,18.103516440432045,2.105820038264853,4.7179518001780325,15,"{""0"": 0.0028504391083285703, ""1"": 0.010159987463461528, ""2"": 0.0077170784141567085, ""3"": 0.01018912603120199, ""4"": 0.0037167215050453095, ""5"": 0.01104230315574888}"
control_gain,200,p0.10,nan,1.0257301379187336,14,0.1,19.900000000000002,20.255,9,31,4051,1983,1.5964674265795402,200,0.38620394033094235,0.007724078806618848,5.124657846153552,18.145076597810412,2.1028071612568104,4.667362315579725,15,"{""0"": 0.003159744129688967, ""1"": 0.009348621475435772, ""2"": 0.007769775145011949, ""3"": 0.011958408274655986, ""4"": 0.0034978131469800672, ""5"": 0.010610110667940351}"
control_gain,200,p0.20,nan,1.0423129013055505,14,0.2,39.800000000000004,40.19,29,58,8038,1983,1.5964674265795087,0,0.9630313555489726,0.019260627110979454,nan,0.0,1.5964674265795087,8.731710097892995,16,"{""0"": 0.020359425875478274, ""1"": 0.017925999203626468, ""2"": 0.01996449440934788, ""3"": 0.017788786131067442, ""4"": 0.019894629045769063, ""5"": 0.019630428000587584}"
control_gain,200,p0.20,nan,1.0423129013055505,14,0.2,39.800000000000004,40.19,29,58,8038,1983,1.5964674265795087,10,0.7874228219460883,0.015748456438921768,0.8753207053109355,12.193711447592872,2.1301966639896213,1.84238679026433,6,"{""0"": 0.012042914172197739, ""1"": 0.0017842846064568527, ""2"": 0.020593914209492473, ""3"": 0.009135758375079659, ""4"": 0.003913453734589509, ""5"": 0.04702041353571439}"
control_gain,200,p0.20,nan,1.0423129013055505,14,0.2,39.800000000000004,40.19,29,58,8038,1983,1.5964674265795087,20,0.370677082036775,0.007413541640735501,19.920433586188658,13.835749710163093,1.9855789067129717,3.138563688603732,10,"{""0"": 0.004219715169042353, ""1"": 0.012480120539396691, ""2"": 0.00552260052160841, ""3"": 0.005707550199854897, ""4"": 0.004517351009491108, ""5"": 0.012033912405019543}"
control_gain,200,p0.20,nan,1.0423129013055505,14,0.2,39.800000000000004,40.19,29,58,8038,1983,1.5964674265795087,30,0.3358415820965478,0.006716831641930957,13.563872895677711,14.219419228398655,1.9919458037417423,2.802989213670584,9,"{""0"": 0.0029528085542368738, ""1"": 0.010359190765132415, ""2"": 0.01110309017925735, ""3"": 0.002532897165366597, ""4"": 0.003260425794496438, ""5"": 0.010092577393096075}"
control_gain,200,p0.20,nan,1.0423129013055505,14,0.2,39.800000000000004,40.19,29,58,8038,1983,1.5964674265795087,40,0.3442152360726562,0.006884304721453125,1.546166926812142,14.724410519786058,2.0248661956338236,2.8750175176529895,10,"{""0"": 0.0017589029186779713, ""1"": 0.008373537757075559, ""2"": 0.01177149246369424, ""3"": 0.0018753100062273282, ""4"": 0.006020191951132289, ""5"": 0.011506393231911364}"
control_gain,200,p0.20,nan,1.0423129013055505,14,0.2,39.800000000000004,40.19,29,58,8038,1983,1.5964674265795087,50,0.31649864062470157,0.006329972812494032,1.7045044445705162,14.783495633078081,2.0080304225771894,3.114912675222382,9,"{""0"": 0.0021081577301884915, ""1"": 0.011383527499494017, ""2"": 0.010074416637379508, ""3"": 0.0024277485579527547, ""4"": 0.0046753446426266165, ""5"": 0.007310641807322803}"
control_gain,200,p0.20,nan,1.0423129013055505,14,0.2,39.800000000000004,40.19,29,58,8038,1983,1.5964674265795087,60,0.3206477031937647,0.006412954063875294,2.304210429183448,14.974071941597922,2.0189809122818163,3.3093370689499513,9,"{""0"": 0.002357028463979419, ""1"": 0.01117434479646159, ""2"": 0.011006768202895542, ""3"": 0.0028547662033588045, ""4"": 0.004476360884807727, ""5"": 0.006608455831748681}"
control_gain,200,p0.20,nan,1.0423129013055505,14,0.2,39.800000000000004,40.19,29,58,8038,1983,1.5964674265795087,70,0.30356455248431147,0.00607129104968623,8.550943178072043,15.16852131668764,2.0225997844248758,3.3301381897537095,9,"{""0"": 0.0031218047960733055, ""1"": 0.011462367700735124, ""2"": 0.007355357397615422, ""3"": 0.003937079023645045, ""4"": 0.003974635060483189, ""5"": 0.006576502319565294}"
control_gain,200,p0.20,nan,1.0423129013055505,14,0.2,39.800000000000004,40.19,29,58,8038,1983,1.5964674265795087,80,0.3177411773140199,0.006354823546280399,4.852618345718388,15.151193842386313,2.0046095703878124,3.3311023199434024,10,"{""0"": 0.002744659135048398, ""1"": 0.013037296692988082, ""2"": 0.007068972539688173, ""3"": 0.00326143719444337, ""4"": 0.004650762063332891, ""5"": 0.0073658136521814865}"
control_gain,200,p0.20,nan,1.0423129013055505,14,0.2,39.800000000000004,40.19,29,58,8038,1983,1.5964674265795087,90,0.2964181001989727,0.005928362003979454,4.269873570392103,15.175992831593048,2.0026628759695146,3.229463369387805,9,"{""0"": 0.002496543407874045, ""1"": 0.010834578751622975, ""2"": 0.0066784057353676445, ""3"": 0.0023020757744037544, ""4"": 0.004738112185924064, ""5"": 0.008520456168684243}"
control_gain,200,p0.20,nan,1.0423129013055505,14,0.2,39.800000000000004,40.19,29,58,8038,1983,1.5964674265795087,100,0.26314461857160554,0.005262892371432111,8.25535133800198,15.175956377255758,2.0105993923233094,3.3273112246793124,10,"{""0"": 0.0026933531795073104, ""1"": 0.00707560483037744, ""2"": 0.005086988778373126, ""3"": 0.0025756629048255624, ""4"": 0.004234361424575191, ""5"": 0.009911383110934036}"
control_gain,200,p0.20,nan,1.0423129013055505,14,0.2,39.800000000000004,40.19,29,58,8038,1983,1.5964674265795087,110,0.2690246539038974,0.005380493078077948,28.93047320361543,15.158382450214365,2.0014878732911123,3.2918385656411786,10,"{""0"": 0.0028269168938993058, ""1"": 0.007905818097546452, ""2"": 0.005572075996224479, ""3"": 0.0026956646823242903, ""4"": 0.003835524349891663, ""5"": 0.009446958448581502}"
control_gain,200,p0.20,nan,1.0423129013055505,14,0.2,39.800000000000004,40.19,29,58,8038,1983,1.5964674265795087,120,0.23503418149236485,0.004700683629847297,6.11658316528793,15.246115895403198,2.0058174325506344,3.2706815116180086,10,"{""0"": 0.002749152283741478, ""1"": 0.005788340917738031, ""2"": 0.005185340220377728, ""3"": 0.002772232605027147, ""4"": 0.003301804116495318, ""5"": 0.008407231635704084}"
control_gain,200,p0.20,nan,1.0423129013055505,14,0.2,39.800000000000004,40.19,29,58,8038,1983,1.5964674265795087,130,0.2575434543186163,0.0051508690863723275,3.432986895273961,15.369060953599723,2.007100684556063,3.3080745407808965,10,"{""0"": 0.0028713861590061456, ""1"": 0.006293662680839504, ""2"": 0.004961875969544412, ""3"": 0.002945469967597766, ""4"": 0.0030115142886596572, ""5"": 0.01082130545258648}"
control_gain,200,p0.20,nan,1.0423129013055505,14,0.2,39.800000000000004,40.19,29,58,8038,1983,1.5964674265795087,140,0.26446710391233397,0.00528934207824668,6.982098208211312,15.42689798653782,2.0054999317352,3.2440082811352338,10,"{""0"": 0.0027802425611876936, ""1"": 0.006258845231147217, ""2"": 0.006370945998061439, ""3"": 0.0028907613819172577, ""4"": 0.002811127853121162, ""5"": 0.01062412944404531}"
control_gain,200,p0.20,nan,1.0423129013055505,14,0.2,39.800000000000004,40.19,29,58,8038,1983,1.5964674265795087,150,0.24475183911555223,0.004895036782311045,2.641440101851199,15.448887352103819,2.0063290853276547,3.23675611178101,10,"{""0"": 0.0029197080447237686, ""1"": 0.005733426555966376, ""2"": 0.005993602816542364, ""3"": 0.0030533011685470713, ""4"": 0.0024198597893695987, ""5"": 0.009250322318717088}"
control_gain,200,p0.20,nan,1.0423129013055505,14,0.2,39.800000000000004,40.19,29,58,8038,1983,1.5964674265795087,160,0.2565736880897714,0.005131473761795428,1.7047356688086721,15.515995247210515,2.0048712386176666,3.226169933092805,10,"{""0"": 0.002939309777387811, ""1"": 0.00579555141976781, ""2"": 0.007464458062477294, ""3"": 0.0030841279579252126, ""4"": 0.002465965711223992, ""5"": 0.009039429641990445}"
control_gain,200,p0.20,nan,1.0423129013055505,14,0.2,39.800000000000004,40.19,29,58,8038,1983,1.5964674265795087,170,0.2511419448337357,0.0050228388966747145,1.8205672450504904,15.479801399066712,1.9958031767302749,3.2526285471206005,10,"{""0"": 0.0027104247019821754, ""1"": 0.006601236638749166, ""2"": 0.006157260816880267, ""3"": 0.002889425100729613, ""4"": 0.0028462028692341707, ""5"": 0.008932483252472893}"
control_gain,200,p0.20,nan,1.0423129013055505,14,0.2,39.800000000000004,40.19,29,58,8038,1983,1.5964674265795087,180,0.2516783594431322,0.005033567188862645,1.0235694711098753,15.537561053352054,1.9988654275510729,3.2588097057930505,10,"{""0"": 0.002778922218345311, ""1"": 0.006620769381212305, ""2"": 0.006392391012283756, ""3"": 0.002784736339186565, ""4"": 0.002637073335302713, ""5"": 0.008987510846845218}"
control_gain,200,p0.20,nan,1.0423129013055505,14,0.2,39.800000000000004,40.19,29,58,8038,1983,1.5964674265795087,190,0.2631533544015572,0.005263067088031144,6.076763670806562,15.596449313263106,2.0028165106856064,3.2035035157900285,10,"{""0"": 0.002516346215220475, ""1"": 0.006842392226617973, ""2"": 0.007735377963941498, ""3"": 0.0027006987896604495, ""4"": 0.002985362673751448, ""5"": 0.00879822465899502}"
control_gain,200,p0.20,nan,1.0423129013055505,14,0.2,39.800000000000004,40.19,29,58,8038,1983,1.5964674265795087,200,0.25864353862218925,0.005172870772443786,4.919215709390988,15.619888077731707,1.996601313734288,3.2447778890222256,10,"{""0"": 0.002679225216837097, ""1"": 0.005997413098936133, ""2"": 0.007906968558677594, ""3"": 0.003419610864714779, ""4"": 0.002677859237733387, ""5"": 0.008356147657763725}"
control_gain,200,p0.40,nan,1.0541052895166039,14,0.4,79.60000000000001,80.02,61,96,16004,1983,1.5964674265795409,0,1.0029046717722314,0.02005809343544463,nan,0.0,1.5964674265795409,4.8249726482091155,14,"{""0"": 0.016709511933424154, ""1"": 0.022325669861868347, ""2"": 0.020349656764041192, ""3"": 0.018251942683406276, ""4"": 0.022223391717819167, ""5"": 0.020488387652108635}"
control_gain,200,p0.40,nan,1.0541052895166039,14,0.4,79.60000000000001,80.02,61,96,16004,1983,1.5964674265795409,10,0.8213801634315288,0.01642760326863058,1.745959822165901,13.436930432564484,2.0457768142892645,2.476474120775984,10,"{""0"": 0.0178798403595302, ""1"": 0.003549638860087509, ""2"": 0.025648541892648747, ""3"": 0.01827291663251402, ""4"": 0.0024991894698221297, ""5"": 0.030715492397180865}"
control_gain,200,p0.40,nan,1.0541052895166039,14,0.4,79.60000000000001,80.02,61,96,16004,1983,1.5964674265795409,20,0.6929550062851632,0.013859100125703265,8.23800725786946,14.806886496155853,1.9240578825524408,4.680007639857681,14,"{""0"": 0.014456530521266987, ""1"": 0.005073074720564405, ""2"": 0.006873087521510002, ""3"": 0.02579267570086268, ""4"": 0.008417798865262347, ""5"": 0.022541433424753173}"
control_gain,200,p0.40,nan,1.0541052895166039,14,0.4,79.60000000000001,80.02,61,96,16004,1983,1.5964674265795409,30,0.5664331487296876,0.011328662974593754,15.174305772541532,15.528898273819639,2.101964316780537,3.6663595163071774,13,"{""0"": 0.006580382068284357, ""1"": 0.0094887050317311, ""2"": 0.003961882488703074, ""3"": 0.023614291093909993, ""4"": 0.014461704685985044, ""5"": 0.009865012478948951}"
control_gain,200,p0.40,nan,1.0541052895166039,14,0.4,79.60000000000001,80.02,61,96,16004,1983,1.5964674265795409,40,0.5008604469237089,0.01001720893847418,12.550553706787985,15.786887225640033,2.0923086919759184,4.325632619400325,14,"{""0"": 0.007068977738865337, ""1"": 0.008508776263536, ""2"": 0.004334521516670268, ""3"": 0.01615398442686522, ""4"": 0.012686406724896746, ""5"": 0.011350586960011504}"
control_gain,200,p0.40,nan,1.0541052895166039,14,0.4,79.60000000000001,80.02,61,96,16004,1983,1.5964674265795409,50,0.49516038336731194,0.00990320766734624,6.4995790755580645,15.989143476284928,2.1374232855879116,3.8538555347502093,13,"{""0"": 0.005789513890954794, ""1"": 0.008850523165301733, ""2"": 0.0036532807227139088, ""3"": 0.01835534258534778, ""4"": 0.013863020734952759, ""5"": 0.008907564904806464}"
control_gain,200,p0.40,nan,1.0541052895166039,14,0.4,79.60000000000001,80.02,61,96,16004,1983,1.5964674265795409,60,0.45337515428441577,0.009067503085688317,6.375764850798146,16.079930548665093,2.1496306898534008,3.780109866091764,13,"{""0"": 0.005167952394120437, ""1"": 0.009018844541823449, ""2"": 0.003512069926817944, ""3"": 0.017764976211143976, ""4"": 0.012595839718996967, ""5"": 0.006345335721227127}"
control_gain,200,p0.40,nan,1.0541052895166039,14,0.4,79.60000000000001,80.02,61,96,16004,1983,1.5964674265795409,70,0.4416128352096744,0.00883225670419349,4.51298365431066,16.200831284747714,2.1687190828231366,4.0484687681227625,13,"{""0"": 0.008017046873766304, ""1"": 0.008110777404576382, ""2"": 0.0026434259709780003, ""3"": 0.01319394328524991, ""4"": 0.013455399422068633, ""5"": 0.00757294726852171}"
control_gain,200,p0.40,nan,1.0541052895166039,14,0.4,79.60000000000001,80.02,61,96,16004,1983,1.5964674265795409,80,0.4229987056058335,0.008459974112116672,7.4247625063647265,16.33828397811626,2.168096274347313,3.921820206267993,13,"{""0"": 0.007172658741264805, ""1"": 0.008723975738875366, ""2"": 0.0022527128480550078, ""3"": 0.012395745542950979, ""4"": 0.01404849270081118, ""5"": 0.006166259100742694}"
control_gain,200,p0.40,nan,1.0541052895166039,14,0.4,79.60000000000001,80.02,61,96,16004,1983,1.5964674265795409,90,0.38481621480219014,0.007696324296043803,40.07278862073646,16.42744757668481,2.148003892025045,4.110167570679412,13,"{""0"": 0.007018901382188905, ""1"": 0.0073232244090971526, ""2"": 0.0026544339067723355, ""3"": 0.011058655903593912, ""4"": 0.011703289969342978, ""5"": 0.0064194402052675376}"
control_gain,200,p0.40,nan,1.0541052895166039,14,0.4,79.60000000000001,80.02,61,96,16004,1983,1.5964674265795409,100,0.3682519322587924,0.0073650386451758485,2.6459163463322923,16.538329504516895,2.088882379508821,4.136640737797859,13,"{""0"": 0.005869830734459248, ""1"": 0.00647762616122505, ""2"": 0.0029350529247135363, ""3"": 0.011267624227216253, ""4"": 0.011280719972251194, ""5"": 0.006359377851189804}"
control_gain,200,p0.40,nan,1.0541052895166039,14,0.4,79.60000000000001,80.02,61,96,16004,1983,1.5964674265795409,110,0.35161073197809983,0.007032214639561997,4.608496226542701,16.634165530030927,2.1022922589249062,4.221265928707105,13,"{""0"": 0.006705755708191735, ""1"": 0.005972567458778211, ""2"": 0.0028280048163945937, ""3"": 0.008835489344760528, ""4"": 0.01086373738948491, ""5"": 0.006987733119762011}"
control_gain,200,p0.40,nan,1.0541052895166039,14,0.4,79.60000000000001,80.02,61,96,16004,1983,1.5964674265795409,120,0.3300031548065002,0.006600063096130005,2.7067768768504283,16.74135421930762,2.1023208241542872,4.171347562608348,13,"{""0"": 0.005124139880566242, ""1"": 0.006355646720098247, ""2"": 0.0028102797924558142, ""3"": 0.008474020821858209, ""4"": 0.010902876653611329, ""5"": 0.00593341470819019}"
control_gain,200,p0.40,nan,1.0541052895166039,14,0.4,79.60000000000001,80.02,61,96,16004,1983,1.5964674265795409,130,0.3318919838115341,0.006637839676230684,4.404915772070201,16.842479193869536,2.0961502642147485,4.156935057342799,13,"{""0"": 0.005689208872532041, ""1"": 0.007064746939556624, ""2"": 0.002767639502658523, ""3"": 0.0063383008365339374, ""4"": 0.011002082756767442, ""5"": 0.006965059149335526}"
control_gain,200,p0.40,nan,1.0541052895166039,14,0.4,79.60000000000001,80.02,61,96,16004,1983,1.5964674265795409,140,0.3294946701632833,0.006589893403265667,3.648311977819547,16.961620639949427,2.1160908832161702,4.072633796336732,13,"{""0"": 0.005517215312805001, ""1"": 0.0076050852991221924, ""2"": 0.00301900789692701, ""3"": 0.0059405174034906335, ""4"": 0.009809203700423827, ""5"": 0.00764833080682534}"
control_gain,200,p0.40,nan,1.0541052895166039,14,0.4,79.60000000000001,80.02,61,96,16004,1983,1.5964674265795409,150,0.327875868290029,0.0065575173658005805,3.748611731681364,17.004487063310396,2.1288345836969853,3.9929534173939536,13,"{""0"": 0.005785867298888884, ""1"": 0.007950343469781586, ""2"": 0.003053252329197271, ""3"": 0.005450542167055064, ""4"": 0.009398515606785753, ""5"": 0.0077065833230949244}"
control_gain,200,p0.40,nan,1.0541052895166039,14,0.4,79.60000000000001,80.02,61,96,16004,1983,1.5964674265795409,160,0.30506064869222543,0.006101212973844509,2.9890316341476875,17.06908342207361,2.1392917028064753,3.9228955230424956,12,"{""0"": 0.006297470379992558, ""1"": 0.005155332277750812, ""2"": 0.0030013134970133365, ""3"": 0.006282902765246866, ""4"": 0.00873672710973242, ""5"": 0.007133531813331058}"
control_gain,200,p0.40,nan,1.0541052895166039,14,0.4,79.60000000000001,80.02,61,96,16004,1983,1.5964674265795409,170,0.3064043812914851,0.006128087625829703,2.452863863791635,17.10841927699375,2.150389833965764,3.8681965807195593,12,"{""0"": 0.005916429415072795, ""1"": 0.00660886847777868, ""2"": 0.0030642856700998948, ""3"": 0.005839896047971796, ""4"": 0.00881244319498666, ""5"": 0.00652660294906839}"
control_gain,200,p0.40,nan,1.0541052895166039,14,0.4,79.60000000000001,80.02,61,96,16004,1983,1.5964674265795409,180,0.31058885081021154,0.006211777016204232,4.508866137717094,17.143192225243745,2.15248980732704,3.8597378516437355,12,"{""0"": 0.005743506557702798, ""1"": 0.007505222749824798, ""2"": 0.003080748024777342, ""3"": 0.004875706459447363, ""4"": 0.00893666072224406, ""5"": 0.0071288175832290345}"
control_gain,200,p0.40,nan,1.0541052895166039,14,0.4,79.60000000000001,80.02,61,96,16004,1983,1.5964674265795409,190,0.2933400483563357,0.005866800967126716,11.084069327854815,17.171560399803138,2.1478583276770284,3.779690572440787,12,"{""0"": 0.005681837431138389, ""1"": 0.006399257202106237, ""2"": 0.0033874678586557558, ""3"": 0.004624100781001633, ""4"": 0.008484016712246339, ""5"": 0.006624125817611938}"
control_gain,200,p0.40,nan,1.0541052895166039,14,0.4,79.60000000000001,80.02,61,96,16004,1983,1.5964674265795409,200,0.28995950781376484,0.0057991901562752975,2.686932261396631,17.22802535003612,2.1467664382340526,3.7895670905610563,12,"{""0"": 0.0053498692718845706, ""1"": 0.0059564574232682235, ""2"": 0.0032595701624843257, ""3"": 0.004581733214394336, ""4"": 0.008885976961288242, ""5"": 0.006761533904332086}"
control_gain,200,p0.05,nan,1.0,15,0.05,9.950000000000001,9.955,4,18,1991,1991,1.447845543462565,0,0.9985198250722,0.019970396501444002,nan,0.0,1.447845543462565,6.331405301130988,13,"{""0"": 0.019825595129119186, ""1"": 0.018322523517464998, ""2"": 0.02176685467102304, ""3"": 0.018430973031478764, ""4"": 0.02019544475889098, ""5"": 0.02128098790068704}"
control_gain,200,p0.05,nan,1.0,15,0.05,9.950000000000001,9.955,4,18,1991,1991,1.447845543462565,10,0.9943413128530082,0.019886826257060168,10.581258127762077,14.112185962950203,1.8634615514168078,3.0882882173521162,8,"{""0"": 0.013830228379188606, ""1"": 0.017142608607300346, ""2"": 0.030815403982755396, ""3"": 0.006942949864148192, ""4"": 0.018654686780727424, ""5"": 0.03193507992824103}"
control_gain,200,p0.05,nan,1.0,15,0.05,9.950000000000001,9.955,4,18,1991,1991,1.447845543462565,20,0.6006394505460219,0.01201278901092044,3.09026608263684,15.475641336861306,2.10446979013914,2.1989242385858105,6,"{""0"": 0.03128868194191285, ""1"": 0.005518014419266911, ""2"": 0.015847079916270854, ""3"": 0.01066573156465415, ""4"": 0.001596628799532144, ""5"": 0.00716059742388572}"
control_gain,200,p0.05,nan,1.0,15,0.05,9.950000000000001,9.955,4,18,1991,1991,1.447845543462565,30,0.45314665350656386,0.009062933070131278,2.2946146338723983,15.664675886748329,2.06293993860862,2.2535258558204116,6,"{""0"": 0.018675044939092146, ""1"": 0.002447818006799196, ""2"": 0.018545511130630403, ""3"": 0.007437457669414102, ""4"": 0.0009918291961623987, ""5"": 0.006279937478689421}"
control_gain,200,p0.05,nan,1.0,15,0.05,9.950000000000001,9.955,4,18,1991,1991,1.447845543462565,40,0.49322065491595607,0.009864413098319123,1.0951693290919375,16.03306531698266,2.080181623011125,2.6837919105129657,6,"{""0"": 0.018145966142080732, ""1"": 0.005153213356744136, ""2"": 0.023467724500129683, ""3"": 0.001889639542024531, ""4"": 0.0026620270665540574, ""5"": 0.007867907982381604}"
control_gain,200,p0.05,nan,1.0,15,0.05,9.950000000000001,9.955,4,18,1991,1991,1.447845543462565,50,0.4920095852270297,0.009840191704540596,1.7227678074858996,16.42452418998363,2.1185023550247255,2.9037354487425384,7,"{""0"": 0.020051623759083568, ""1"": 0.005892391725594808, ""2"": 0.02185426097644592, ""3"": 0.00197361725308449, ""4"": 0.0027611597909033285, ""5"": 0.0065080967221314585}"
control_gain,200,p0.05,nan,1.0,15,0.05,9.950000000000001,9.955,4,18,1991,1991,1.447845543462565,60,0.4720210966213581,0.009440421932427162,3.784749901220795,16.772852299499135,2.1190278266345914,2.8291308513566196,7,"{""0"": 0.019223402933053756, ""1"": 0.005001308773291402, ""2"": 0.021543565176397918, ""3"": 0.0018309108853291594, ""4"": 0.002522733988893679, ""5"": 0.006520609837597056}"
control_gain,200,p0.05,nan,1.0,15,0.05,9.950000000000001,9.955,4,18,1991,1991,1.447845543462565,70,0.49120477949649494,0.0098240955899299,1.0462977703020722,16.833840893438982,2.1099057442102764,2.8844049279531054,7,"{""0"": 0.01718643181321003, ""1"": 0.005886343361407946, ""2"": 0.023685075430284024, ""3"": 0.0017672610856902967, ""4"": 0.004100668882208945, ""5"": 0.006318792966778168}"
control_gain,200,p0.05,nan,1.0,15,0.05,9.950000000000001,9.955,4,18,1991,1991,1.447845543462565,80,0.431279766011423,0.00862559532022846,4.707391256839528,16.89055194122089,2.0975316093866216,2.9300024666562727,7,"{""0"": 0.018726238350441834, ""1"": 0.005993198811906615, ""2"": 0.019855834353634146, ""3"": 0.001850895374462726, ""4"": 0.0025584633759535022, ""5"": 0.002768941654971941}"
control_gain,200,p0.05,nan,1.0,15,0.05,9.950000000000001,9.955,4,18,1991,1991,1.447845543462565,90,0.38543201469598526,0.007708640293919706,0.7084529152142691,17.07957192457404,2.0996294401152054,2.7191823307049336,6,"{""0"": 0.014940128795015637, ""1"": 0.004359155843149391, ""2"": 0.019330312331431933, ""3"": 0.0017971852110553893, ""4"": 0.0020883404458913917, ""5"": 0.003736719136974489}"
control_gain,200,p0.05,nan,1.0,15,0.05,9.950000000000001,9.955,4,18,1991,1991,1.447845543462565,100,0.3674109442085879,0.007348218884171759,0.8272097241190963,17.27701664593033,2.1067255721130675,2.7297202395710882,6,"{""0"": 0.015154813684056755, ""1"": 0.004369196972457045, ""2"": 0.01833224009677118, ""3"": 0.0018328574739679467, ""4"": 0.001660551706420271, ""5"": 0.0027396533713573545}"
control_gain,200,p0.05,nan,1.0,15,0.05,9.950000000000001,9.955,4,18,1991,1991,1.447845543462565,110,0.35202430908467597,0.00704048618169352,1.2369574048523524,17.391066090342342,2.105361578069535,2.7767217181259216,6,"{""0"": 0.015314388893178762, ""1"": 0.004374937477861123, ""2"": 0.01690488815544151, ""3"": 0.0017582140162505343, ""4"": 0.0014429956348113566, ""5"": 0.002447492912617839}"
control_gain,200,p0.05,nan,1.0,15,0.05,9.950000000000001,9.955,4,18,1991,1991,1.447845543462565,120,0.3421005586478916,0.006842011172957832,1.195508716660742,17.49766716841139,2.11776608801616,2.740014466728584,6,"{""0"": 0.01555337496155996, ""1"": 0.004452411789524255, ""2"": 0.01571407675509861, ""3"": 0.0019085717076477917, ""4"": 0.0011414237660227347, ""5"": 0.002282208057893639}"
control_gain,200,p0.05,nan,1.0,15,0.05,9.950000000000001,9.955,4,18,1991,1991,1.447845543462565,130,0.35287987881517696,0.00705759757630354,3.185676053666077,17.475183678862305,2.1332513118596212,2.675192047807324,6,"{""0"": 0.018405534765835157, ""1"": 0.004406070683205558, ""2"": 0.01455092290838621, ""3"": 0.0019536311045835314, ""4"": 0.0009696130486409781, ""5"": 0.0020598129471697986}"
control_gain,200,p0.05,nan,1.0,15,0.05,9.950000000000001,9.955,4,18,1991,1991,1.447845543462565,140,0.33295411049914647,0.00665908220998293,0.6949156311608489,17.591157903166035,2.142486261290518,2.6433691199402243,6,"{""0"": 0.0193872691926581, ""1"": 0.003851019495115944, ""2"": 0.011907511430982752, ""3"": 0.002232458128505015, ""4"": 0.0007098345512670471, ""5"": 0.0018664004613687217}"
control_gain,200,p0.05,nan,1.0,15,0.05,9.950000000000001,9.955,4,18,1991,1991,1.447845543462565,150,0.33187039521019934,0.006637407904203987,0.5886415397036716,17.65319514760523,2.1377195658284847,2.637846250686191,6,"{""0"": 0.018746200533675646, ""1"": 0.0038504464028356515, ""2"": 0.012314084279175599, ""3"": 0.0021178523213486776, ""4"": 0.0007206260489054765, ""5"": 0.002075237839282874}"
control_gain,200,p0.05,nan,1.0,15,0.05,9.950000000000001,9.955,4,18,1991,1991,1.447845543462565,160,0.3229314321726702,0.0064586286434534035,4.6153141335107515,17.7396832772041,2.1351921256970527,2.6256805407363584,6,"{""0"": 0.01841352086158555, ""1"": 0.003938770192363392, ""2"": 0.011331740500738298, ""3"": 0.002092682239151637, ""4"": 0.0007163277113405804, ""5"": 0.0022587303555409713}"
control_gain,200,p0.05,nan,1.0,15,0.05,9.950000000000001,9.955,4,18,1991,1991,1.447845543462565,170,0.3230627342089604,0.006461254684179209,3.801714535116598,17.801547815234482,2.1429538227133045,2.612374349947918,6,"{""0"": 0.018265425814491205, ""1"": 0.004291728823479607, ""2"": 0.0112122019610141, ""3"": 0.002192103788371734, ""4"": 0.0006926547291691537, ""5"": 0.0021134129885494704}"
control_gain,200,p0.05,nan,1.0,15,0.05,9.950000000000001,9.955,4,18,1991,1991,1.447845543462565,180,0.3132269770266488,0.006264539540532977,1.0003594887106217,17.85129251456975,2.146094689936711,2.6290713984908862,6,"{""0"": 0.01846519358787049, ""1"": 0.004771408330617082, ""2"": 0.009426614665189369, ""3"": 0.0022750247112375607, ""4"": 0.0006691978130594177, ""5"": 0.0019797981352239406}"
control_gain,200,p0.05,nan,1.0,15,0.05,9.950000000000001,9.955,4,18,1991,1991,1.447845543462565,190,0.32137363621366183,0.006427472724273238,0.7986797250292788,17.8696974399813,2.145462560784595,2.6896581116613607,6,"{""0"": 0.019320127303099423, ""1"": 0.005518577343021704, ""2"": 0.008803710883073221, ""3"": 0.002218058486513536, ""4"": 0.0007658109861200937, ""5"": 0.00193855134381145}"
control_gain,200,p0.05,nan,1.0,15,0.05,9.950000000000001,9.955,4,18,1991,1991,1.447845543462565,200,0.31672232521915794,0.00633444650438316,1.4419635747179071,17.929515357852015,2.1492548284670905,2.669853197002793,6,"{""0"": 0.019288796086804002, ""1"": 0.005664697140578303, ""2"": 0.008044946755736613, ""3"": 0.0024363702792612823, ""4"": 0.0007303116771778166, ""5"": 0.0018415570867409432}"
control_gain,200,p0.10,nan,0.9890733813107881,15,0.1,19.900000000000002,19.77,10,35,3954,1991,1.447845543462565,0,1.0036969462242764,0.020073938924485533,nan,0.0,1.447845543462565,6.989484313377109,12,"{""0"": 0.019706948133897593, ""1"": 0.01975673851305506, ""2"": 0.022090069511591176, ""3"": 0.019734481207326956, ""4"": 0.019884673134112036, ""5"": 0.01927072304693039}"
control_gain,200,p0.10,nan,0.9890733813107881,15,0.1,19.900000000000002,19.77,10,35,3954,1991,1.447845543462565,10,0.6225765082258722,0.012451530164517445,25.029232976314088,13.214002861769837,2.062443983728026,3.0840697630656084,8,"{""0"": 0.008652362108547232, ""1"": 0.00406709723078629, ""2"": 0.016522298238172535, ""3"": 0.018003428768917057, ""4"": 0.023451135499618827, ""5"": 0.004012859141062741}"
control_gain,200,p0.10,nan,0.9890733813107881,15,0.1,19.900000000000002,19.77,10,35,3954,1991,1.447845543462565,20,0.5000925657643595,0.01000185131528719,9.422458599912899,13.986559117276045,2.2111044261797614,2.1354497222381625,6,"{""0"": 0.01258838203298111, ""1"": 0.002452630038232786, ""2"": 0.004868569867184733, ""3"": 0.018821449665229476, ""4"": 0.012835935123043225, ""5"": 0.00844414116505182}"
control_gain,200,p0.10,nan,0.9890733813107881,15,0.1,19.900000000000002,19.77,10,35,3954,1991,1.447845543462565,30,0.3365273275801907,0.006730546551603815,1.1368049922593797,14.765268480772178,2.1148341587184007,2.4789490631253344,7,"{""0"": 0.006096689054961341, ""1"": 0.0014746025622441815, ""2"": 0.006165253106218779, ""3"": 0.019293598372524826, ""4"": 0.0019956178397798016, ""5"": 0.005357518373893967}"
control_gain,200,p0.10,nan,0.9890733813107881,15,0.1,19.900000000000002,19.77,10,35,3954,1991,1.447845543462565,40,0.2975108067328134,0.005950216134656268,1.2541320969650758,15.300979168379612,2.0717622053399167,2.937906640453148,7,"{""0"": 0.0017155374828557509, ""1"": 0.0017304349954841008, ""2"": 0.007548314738130888, ""3"": 0.01390003954893827, ""4"": 0.0053293505057438375, ""5"": 0.00547761953678476}"
control_gain,200,p0.10,nan,0.9890733813107881,15,0.1,19.900000000000002,19.77,10,35,3954,1991,1.447845543462565,50,0.30122621374786773,0.006024524274957355,2.2509101763801596,15.391298194824953,2.1357525028190536,2.9047558278324446,7,"{""0"": 0.0016293715942789194, ""1"": 0.0018684949138154804, ""2"": 0.0057919655971238855, ""3"": 0.015551082105713146, ""4"": 0.0075664988334602935, ""5"": 0.0037397326053524083}"
control_gain,200,p0.10,nan,0.9890733813107881,15,0.1,19.900000000000002,19.77,10,35,3954,1991,1.447845543462565,60,0.2935422085562763,0.005870844171125527,4.118564420224406,15.697593468781973,2.1245612508444873,2.8923939188045438,7,"{""0"": 0.0015285699754506378, ""1"": 0.0021896212836237114, ""2"": 0.005557770588832828, ""3"": 0.014969142622802512, ""4"": 0.006789102930006979, ""5"": 0.004190857626036488}"
control_gain,200,p0.10,nan,0.9890733813107881,15,0.1,19.900000000000002,19.77,10,35,3954,1991,1.447845543462565,70,0.2854502716884033,0.005709005433768067,1.3013437854742307,15.858340289173912,2.0829814550278707,2.9486183793722445,7,"{""0"": 0.0008508771648583979, ""1"": 0.0022814720025818723, ""2"": 0.00812195045029868, ""3"": 0.014577723196819228, ""4"": 0.005140885089981158, ""5"": 0.003281124698069063}"
control_gain,200,p0.10,nan,0.9890733813107881,15,0.1,19.900000000000002,19.77,10,35,3954,1991,1.447845543462565,80,0.2844518651384702,0.005689037302769405,13.024568833126597,16.087200401835762,2.0346042514933154,2.9584345517380757,7,"{""0"": 0.000892214773646568, ""1"": 0.0027592075372396196, ""2"": 0.009866843016118556, ""3"": 0.012904174474982173, ""4"": 0.005286914780133366, ""5"": 0.00242486923449615}"
control_gain,200,p0.10,nan,0.9890733813107881,15,0.1,19.900000000000002,19.77,10,35,3954,1991,1.447845543462565,90,0.27167027856868015,0.0054334055713736035,1.8059387362807071,16.164329013764167,2.049187632671803,2.861804830370884,7,"{""0"": 0.000890034619054725, ""1"": 0.001985150203187221, ""2"": 0.010902673325330545, ""3"": 0.010707671434272394, ""4"": 0.004603934354245052, ""5"": 0.003510969492151684}"
control_gain,200,p0.10,nan,0.9890733813107881,15,0.1,19.900000000000002,19.77,10,35,3954,1991,1.447845543462565,100,0.2694309597513667,0.0053886191950273344,2.9279330210334296,16.333891808109364,2.0661164605255458,2.8216655913120188,6,"{""0"": 0.0009505812233744496, ""1"": 0.002751289751048506, ""2"": 0.011914954216841073, ""3"": 0.008288433871029757, ""4"": 0.0050128072074105915, ""5"": 0.0034136489004596383}"
control_gain,200,p0.10,nan,0.9890733813107881,15,0.1,19.900000000000002,19.77,10,35,3954,1991,1.447845543462565,110,0.26750009458717094,0.00535000189174342,0.7820273981651039,16.405927709046328,2.062223019749696,2.838274918902458,7,"{""0"": 0.000956184144345543, ""1"": 0.0025638525484457395, ""2"": 0.012866155615361488, ""3"": 0.006515247999798276, ""4"": 0.005533279197225958, ""5"": 0.0036652918452835144}"
control_gain,200,p0.10,nan,0.9890733813107881,15,0.1,19.900000000000002,19.77,10,35,3954,1991,1.447845543462565,120,0.2661617729576299,0.005323235459152599,4.304763277173738,16.519752882209907,2.094718130480979,2.8503777942074944,7,"{""0"": 0.0010771375379481367, ""1"": 0.002779246823855379, ""2"": 0.012579528535691817, ""3"": 0.0058612360949424494, ""4"": 0.005898189828027781, ""5"": 0.0037440739344500353}"
control_gain,200,p0.10,nan,0.9890733813107881,15,0.1,19.900000000000002,19.77,10,35,3954,1991,1.447845543462565,130,0.2800505997059243,0.005601011994118486,2.3769993750750404,16.628671223334916,2.0980455751345093,2.949386179374546,7,"{""0"": 0.001103335379719328, ""1"": 0.0038256008457853872, ""2"": 0.012790265499801511, ""3"": 0.004900426699038832, ""4"": 0.0073161430568834205, ""5"": 0.0036703004834824347}"
control_gain,200,p0.10,nan,0.9890733813107881,15,0.1,19.900000000000002,19.77,10,35,3954,1991,1.447845543462565,140,0.27726871383794827,0.005545374276758966,0.7911626469694263,16.74512776028951,2.1082317450088626,2.9565986135109865,7,"{""0"": 0.0012442695249913645, ""1"": 0.004028114405532685, ""2"": 0.011768581782662078, ""3"": 0.004859252990839241, ""4"": 0.007489031406605763, ""5"": 0.0038829955499226623}"
control_gain,200,p0.10,nan,0.9890733813107881,15,0.1,19.900000000000002,19.77,10,35,3954,1991,1.447845543462565,150,0.2790796093770053,0.005581592187540107,1.8644344829399178,16.8204042174368,2.0901987942844276,2.896074886506671,7,"{""0"": 0.0010616069168335387, ""1"": 0.004314502234816083, ""2"": 0.012701036151573175, ""3"": 0.004581492243906708, ""4"": 0.006851228418733127, ""5"": 0.003979687159378007}"
control_gain,200,p0.10,nan,0.9890733813107881,15,0.1,19.900000000000002,19.77,10,35,3954,1991,1.447845543462565,160,0.2679359185783499,0.0053587183715669996,5.089770989733298,16.916644756268916,2.0837542743000648,2.895165085003774,7,"{""0"": 0.0009629434275881105, ""1"": 0.003808932345468711, ""2"": 0.01195717582484554, ""3"": 0.004590141746213621, ""4"": 0.0067223112479783895, ""5"": 0.004110805637307625}"
control_gain,200,p0.10,nan,0.9890733813107881,15,0.1,19.900000000000002,19.77,10,35,3954,1991,1.447845543462565,170,0.2722055770704846,0.005444111541409693,2.8505122268693106,16.954645896523942,2.1020662381200457,2.9002897886623367,7,"{""0"": 0.0010333748546833847, ""1"": 0.0035823111503847558, ""2"": 0.011686441083046816, ""3"": 0.0049368109848503755, ""4"": 0.007018339809012496, ""5"": 0.004407391366480329}"
control_gain,200,p0.10,nan,0.9890733813107881,15,0.1,19.900000000000002,19.77,10,35,3954,1991,1.447845543462565,180,0.2736169094968332,0.0054723381899366656,1.2093549125052836,17.017927579281476,2.095663196593429,2.9024108078263926,7,"{""0"": 0.0011598701992033735, ""1"": 0.003688060061286387, ""2"": 0.012106628250920815, ""3"": 0.004872426432642892, ""4"": 0.006812911693572493, ""5"": 0.004194132501994035}"
control_gain,200,p0.10,nan,0.9890733813107881,15,0.1,19.900000000000002,19.77,10,35,3954,1991,1.447845543462565,190,0.26959385792195084,0.005391877158439017,1.7824614116521076,17.086892049286718,2.0986168291876206,2.9005669961322016,7,"{""0"": 0.0011407374470901216, ""1"": 0.0035630716499112703, ""2"": 0.011823723283745747, ""3"": 0.004786608709805793, ""4"": 0.006811252048041549, ""5"": 0.004225869812039619}"
control_gain,200,p0.10,nan,0.9890733813107881,15,0.1,19.900000000000002,19.77,10,35,3954,1991,1.447845543462565,200,0.26106592035665044,0.0052213184071330096,3.734125406313174,17.166780926827677,2.106836352253462,2.8603910264264325,7,"{""0"": 0.001276242894150292, ""1"": 0.0030345430845617116, ""2"": 0.011745845369521462, ""3"": 0.004700516407280093, ""4"": 0.006155562311587176, ""5"": 0.004415200375697319}"
control_gain,200,p0.20,nan,0.9373124397492036,15,0.2,39.800000000000004,39.87,24,61,7974,1991,1.4478455434625679,0,1.0144120332637134,0.020288240665274272,nan,0.0,1.4478455434625679,6.462274085394597,12,"{""0"": 0.021061382367232005, ""1"": 0.018720297218048215, ""2"": 0.019247670528043888, ""3"": 0.021884741749617864, ""4"": 0.020598256828709815, ""5"": 0.020217095299993854}"
control_gain,200,p0.20,nan,0.9373124397492036,15,0.2,39.800000000000004,39.87,24,61,7974,1991,1.4478455434625679,10,0.7372904021917942,0.014745808043835885,2.49643862339468,13.459892790057118,1.7661494803599984,2.425823328432825,7,"{""0"": 0.009809917605724456, ""1"": 0.006962386644473498, ""2"": 0.03146991847002458, ""3"": 0.006039936477109948, ""4"": 0.011018470583138212, ""5"": 0.023174218482544615}"
control_gain,200,p0.20,nan,0.9373124397492036,15,0.2,39.800000000000004,39.87,24,61,7974,1991,1.4478455434625679,20,0.5348708983861853,0.010697417967723707,3.141427655898493,14.370766075374625,1.785320418678947,2.2238326288753876,7,"{""0"": 0.013108982371417138, ""1"": 0.007180934927072953, ""2"": 0.009275106645981076, ""3"": 0.012583618344020515, ""4"": 0.004514636406308658, ""5"": 0.017521229111541903}"
control_gain,200,p0.20,nan,0.9373124397492036,15,0.2,39.800000000000004,39.87,24,61,7974,1991,1.4478455434625679,30,0.5684656698882359,0.01136931339776472,5.001319692549147,14.868462991176512,1.8061035119698308,2.348639137787154,6,"{""0"": 0.010014542404843542, ""1"": 0.009734841383501473, ""2"": 0.013056243790890987, ""3"": 0.00911539727178554, ""4"": 0.00863663875833003, ""5"": 0.017658216777236745}"
control_gain,200,p0.20,nan,0.9373124397492036,15,0.2,39.800000000000004,39.87,24,61,7974,1991,1.4478455434625679,40,0.5188757824696898,0.010377515649393796,1.9910718871392412,15.24100075961585,1.8298393505636656,2.6119078270395093,7,"{""0"": 0.010352569266347983, ""1"": 0.00987549997517909, ""2"": 0.010137393910138908, ""3"": 0.00695977929074196, ""4"": 0.00988803441213913, ""5"": 0.01505181704181571}"
control_gain,200,p0.20,nan,0.9373124397492036,15,0.2,39.800000000000004,39.87,24,61,7974,1991,1.4478455434625679,50,0.42987816547503555,0.008597563309500712,2.7972109438292763,15.596984712558921,1.8431818698225753,2.709980714918974,6,"{""0"": 0.009029165749617629, ""1"": 0.010599067282657915, ""2"": 0.009024229136979898, ""3"": 0.007919980862662573, ""4"": 0.007606185427282403, ""5"": 0.007406751397803857}"
control_gain,200,p0.20,nan,0.9373124397492036,15,0.2,39.800000000000004,39.87,24,61,7974,1991,1.4478455434625679,60,0.4018793153930707,0.008037586307861415,2.1828474808259943,15.970326948089912,1.8884161528608026,2.707294226654117,6,"{""0"": 0.006502325675083876, ""1"": 0.008822754458415603, ""2"": 0.010621136213273482, ""3"": 0.0078003887048434025, ""4"": 0.006214677946960133, ""5"": 0.008264234848591992}"
control_gain,200,p0.20,nan,0.9373124397492036,15,0.2,39.800000000000004,39.87,24,61,7974,1991,1.4478455434625679,70,0.4054328972638915,0.00810865794527783,0.5076743041603254,16.19012287346876,1.9070673892876848,2.8111890307063425,6,"{""0"": 0.0062130185636215095, ""1"": 0.009722826901256173, ""2"": 0.010859732804565871, ""3"": 0.007509344865066066, ""4"": 0.00706675381788302, ""5"": 0.00728027071927434}"
control_gain,200,p0.20,nan,0.9373124397492036,15,0.2,39.800000000000004,39.87,24,61,7974,1991,1.4478455434625679,80,0.39897046187432444,0.007979409237486489,0.3988416962383335,16.221896047878474,1.9312839352813302,2.8566115903337335,7,"{""0"": 0.005780717985595741, ""1"": 0.009119750786958179, ""2"": 0.011609633960297674, ""3"": 0.007864441512972458, ""4"": 0.007705791132727952, ""5"": 0.005796120046366937}"
control_gain,200,p0.20,nan,0.9373124397492036,15,0.2,39.800000000000004,39.87,24,61,7974,1991,1.4478455434625679,90,0.37817748672912,0.007563549734582401,3.4248407652545647,16.35545560511659,1.9272610013159555,2.6927132904717395,7,"{""0"": 0.006246305850292379, ""1"": 0.006225506607901448, ""2"": 0.014593110228692094, ""3"": 0.006056705579919345, ""4"": 0.005201782991750764, ""5"": 0.007057887148938373}"
control_gain,200,p0.20,nan,0.9373124397492036,15,0.2,39.800000000000004,39.87,24,61,7974,1991,1.4478455434625679,100,0.37850758157061143,0.00757015163141223,2.1024859632786645,16.500322495864605,1.9143172097210783,2.759361715995492,7,"{""0"": 0.007516036902809586, ""1"": 0.005131614831749826, ""2"": 0.014849597321552405, ""3"": 0.006073667071478816, ""4"": 0.005686638483799013, ""5"": 0.006163355177083727}"
control_gain,200,p0.20,nan,0.9373124397492036,15,0.2,39.800000000000004,39.87,24,61,7974,1991,1.4478455434625679,110,0.3748414926324672,0.007496829852649344,0.63850514999142,16.67437501604612,1.9228660570532505,2.7688071386991515,7,"{""0"": 0.006975706070654182, ""1"": 0.004819941403984102, ""2"": 0.01609636820743894, ""3"": 0.004697957028740545, ""4"": 0.00568530953423486, ""5"": 0.006705696870843439}"
control_gain,200,p0.20,nan,0.9373124397492036,15,0.2,39.800000000000004,39.87,24,61,7974,1991,1.4478455434625679,120,0.3610407826003597,0.007220815652007195,2.2991869904276996,16.778165631712834,1.9265313752928372,2.7623348865460584,7,"{""0"": 0.006429432934595615, ""1"": 0.004985319582701911, ""2"": 0.015094818080303116, ""3"": 0.005141957862731753, ""4"": 0.005630193948430314, ""5"": 0.006043171503280463}"
control_gain,200,p0.20,nan,0.9373124397492036,15,0.2,39.800000000000004,39.87,24,61,7974,1991,1.4478455434625679,130,0.3482112761929373,0.006964225523858746,1.064250189524566,16.928325858256514,1.9354240424880214,2.813098723795873,7,"{""0"": 0.00722166581492093, ""1"": 0.005420908286471973, ""2"": 0.012428589443717572, ""3"": 0.006003598603096854, ""4"": 0.0054362988070641724, ""5"": 0.005274292187880973}"
control_gain,200,p0.20,nan,0.9373124397492036,15,0.2,39.800000000000004,39.87,24,61,7974,1991,1.4478455434625679,140,0.3406434582190794,0.006812869164381588,1.0086156506687851,17.03291219465181,1.9454808773281203,2.835429450196326,7,"{""0"": 0.007636453907399333, ""1"": 0.005509461032136602, ""2"": 0.011162259973359727, ""3"": 0.006009959610045871, ""4"": 0.005406487296125326, ""5"": 0.0051525931672226685}"
control_gain,200,p0.20,nan,0.9373124397492036,15,0.2,39.800000000000004,39.87,24,61,7974,1991,1.4478455434625679,150,0.33362672791500164,0.006672534558300034,1.3789598036844493,17.115532046815023,1.951087522293551,2.8621997441410225,7,"{""0"": 0.0058342798485170365, ""1"": 0.005499574437746847, ""2"": 0.012111070411733886, ""3"": 0.005657070602974241, ""4"": 0.005573338169931463, ""5"": 0.005359873878896733}"
control_gain,200,p0.20,nan,0.9373124397492036,15,0.2,39.800000000000004,39.87,24,61,7974,1991,1.4478455434625679,160,0.3196061536399853,0.006392123072799707,1.2418963721671747,17.16824577683713,1.9553935409032286,2.9937106369215263,7,"{""0"": 0.003662792833406725, ""1"": 0.006387081639018383, ""2"": 0.009762208466955065, ""3"": 0.006121330230170644, ""4"": 0.005948553780384416, ""5"": 0.00647077148686301}"
control_gain,200,p0.20,nan,0.9373124397492036,15,0.2,39.800000000000004,39.87,24,61,7974,1991,1.4478455434625679,170,0.32293664564748586,0.006458732912949718,2.111937491134057,17.212635626673165,1.9633256865711277,2.983682888210184,7,"{""0"": 0.004224804345510079, ""1"": 0.006216666877857374, ""2"": 0.010087495955949493, ""3"": 0.006606674760098972, ""4"": 0.005687919416133588, ""5"": 0.005928836122148803}"
control_gain,200,p0.20,nan,0.9373124397492036,15,0.2,39.800000000000004,39.87,24,61,7974,1991,1.4478455434625679,180,0.30062155385096523,0.006012431077019305,0.6128414518189396,17.31816882771781,1.9729962102273666,2.9933988539207066,8,"{""0"": 0.00475913964847967, ""1"": 0.006331604639178788, ""2"": 0.007390603234639167, ""3"": 0.006745464702716225, ""4"": 0.005463472903211997, ""5"": 0.005384301333889981}"
control_gain,200,p0.20,nan,0.9373124397492036,15,0.2,39.800000000000004,39.87,24,61,7974,1991,1.4478455434625679,190,0.32064973010481035,0.006412994602096207,0.8398881617615284,17.421901956587377,1.9776779537022802,3.036512998378369,8,"{""0"": 0.00466962775501855, ""1"": 0.007937169249243807, ""2"": 0.008233848583478528, ""3"": 0.0059011537391002265, ""4"": 0.005388895200615245, ""5"": 0.006347273085120894}"
control_gain,200,p0.20,nan,0.9373124397492036,15,0.2,39.800000000000004,39.87,24,61,7974,1991,1.4478455434625679,200,0.31601895241290073,0.006320379048258015,14.107172307228597,17.480481860898042,1.991568719028411,3.038269546860107,8,"{""0"": 0.0047356352361891535, ""1"": 0.0078609159718999, ""2"": 0.007303664091854875, ""3"": 0.006435786531155866, ""4"": 0.005075316415093422, ""5"": 0.006510956043354871}"
control_gain,200,p0.40,nan,0.9315842919740404,15,0.4,79.60000000000001,79.315,58,98,15863,1991,1.4478455434625779,0,1.039899213184798,0.02079798426369596,nan,0.0,1.4478455434625779,4.472767282338952,13,"{""0"": 0.019584317772483338, ""1"": 0.02403067932720647, ""2"": 0.020157113982072823, ""3"": 0.019184982637786313, ""4"": 0.02010214050427941, ""5"": 0.02172867135834739}"
control_gain,200,p0.40,nan,0.9315842919740404,15,0.4,79.60000000000001,79.315,58,98,15863,1991,1.4478455434625779,10,0.6633289393755387,0.013266578787510776,8.70867167489542,13.593331679344587,1.79654866488286,2.933984272668288,9,"{""0"": 0.019485263669885212, ""1"": 0.015622392929557452, ""2"": 0.007011897926698337, ""3"": 0.0095421109847614, ""4"": 0.022634458464759, ""5"": 0.005303348749403252}"
control_gain,200,p0.40,nan,0.9315842919740404,15,0.4,79.60000000000001,79.315,58,98,15863,1991,1.4478455434625779,20,0.5216055778427463,0.010432111556854928,3.873129742961468,14.2386235328525,1.8605978035837283,2.677604651958892,8,"{""0"": 0.025550860632146972, ""1"": 0.011326247023053945, ""2"": 0.006442311602319351, ""3"": 0.010681411880394374, ""4"": 0.003631143219129481, ""5"": 0.004960694984085452}"
control_gain,200,p0.40,nan,0.9315842919740404,15,0.4,79.60000000000001,79.315,58,98,15863,1991,1.4478455434625779,30,0.37573070727654484,0.007514614145530897,1.1874464822923314,14.909732829189558,1.9057583658180344,3.183707152452018,9,"{""0"": 0.011536391725304476, ""1"": 0.007035274630492307, ""2"": 0.008279853467772363, ""3"": 0.012729257976062568, ""4"": 0.00200837608144098, ""5"": 0.0034985309921126903}"
control_gain,200,p0.40,nan,0.9315842919740404,15,0.4,79.60000000000001,79.315,58,98,15863,1991,1.4478455434625779,40,0.36792436191092215,0.0073584872382184445,3.141219559145318,15.274773100499607,1.888583260248228,3.5565242320770007,10,"{""0"": 0.008106817806486841, ""1"": 0.012682070681965951, ""2"": 0.007438200336424993, ""3"": 0.00542141130825943, ""4"": 0.005038541841197615, ""5"": 0.005463881454975836}"
control_gain,200,p0.40,nan,0.9315842919740404,15,0.4,79.60000000000001,79.315,58,98,15863,1991,1.4478455434625779,50,0.34349190429350457,0.006869838085870093,3.718536687568493,15.43937445668756,1.8999873001658054,3.4095138333793633,9,"{""0"": 0.011953927137975353, ""1"": 0.008847224003082327, ""2"": 0.004439093232096485, ""3"": 0.005487503662165139, ""4"": 0.006531673405640486, ""5"": 0.003959607074260764}"
control_gain,200,p0.40,nan,0.9315842919740404,15,0.4,79.60000000000001,79.315,58,98,15863,1991,1.4478455434625779,60,0.3352918821820191,0.006705837643640382,4.333120228193474,15.737454067394834,1.8940667042030022,3.342145477906449,9,"{""0"": 0.015366957521068125, ""1"": 0.0021187287101312683, ""2"": 0.0045983912070168345, ""3"": 0.007625056756832281, ""4"": 0.0074563460770757355, ""5"": 0.003069545589718057}"
control_gain,200,p0.40,nan,0.9315842919740404,15,0.4,79.60000000000001,79.315,58,98,15863,1991,1.4478455434625779,70,0.31532319944844195,0.006306463988968839,6.010977986727604,15.783518107336345,1.9082765806755912,3.3698854453871467,9,"{""0"": 0.013947661613113773, ""1"": 0.002423286864702771, ""2"": 0.004652088723280701, ""3"": 0.0061762236918746945, ""4"": 0.007718015349923152, ""5"": 0.0029215076909179447}"
control_gain,200,p0.40,nan,0.9315842919740404,15,0.4,79.60000000000001,79.315,58,98,15863,1991,1.4478455434625779,80,0.33201102636617685,0.006640220527323538,6.717614970323096,16.004723404075303,1.9383619376465093,3.3334379180952114,9,"{""0"": 0.017393659177948346, ""1"": 0.00254146998781413, ""2"": 0.0043235827260345895, ""3"": 0.005692747934352569, ""4"": 0.0072154397126333635, ""5"": 0.002674423625158232}"
control_gain,200,p0.40,nan,0.9315842919740404,15,0.4,79.60000000000001,79.315,58,98,15863,1991,1.4478455434625779,90,0.3323054345585198,0.006646108691170397,2.1117938631010227,16.0968014728452,1.948335071217419,3.173761965921713,9,"{""0"": 0.017580842954009978, ""1"": 0.002134638674235885, ""2"": 0.004886379312667428, ""3"": 0.0062279087001407525, ""4"": 0.006651854886776642, ""5"": 0.0023950276191916945}"
control_gain,200,p0.40,nan,0.9315842919740404,15,0.4,79.60000000000001,79.315,58,98,15863,1991,1.4478455434625779,100,0.3337580596865492,0.006675161193730985,3.7470058043914154,16.237430114797004,1.961405830041866,3.1986160487329944,9,"{""0"": 0.018998478854916834, ""1"": 0.0021235107062043588, ""2"": 0.0045718659548739824, ""3"": 0.006668487732631037, ""4"": 0.005517945070652507, ""5"": 0.0021706788431071827}"
control_gain,200,p0.40,nan,0.9315842919740404,15,0.4,79.60000000000001,79.315,58,98,15863,1991,1.4478455434625779,110,0.31550788843774086,0.006310157768754818,1.2897318488442906,16.350391781060605,1.975284205880441,3.1433094456041832,9,"{""0"": 0.01801887417707654, ""1"": 0.0023628674744399667, ""2"": 0.004932004064323385, ""3"": 0.005863117370242607, ""4"": 0.004490147984661326, ""5"": 0.0021939355417850805}"
control_gain,200,p0.40,nan,0.9315842919740404,15,0.4,79.60000000000001,79.315,58,98,15863,1991,1.4478455434625779,120,0.310505645023133,0.006210112900462661,3.034661216304616,16.421268435376987,1.9865406708063744,3.1244997180082494,9,"{""0"": 0.01802681554345182, ""1"": 0.0021939667694244607, ""2"": 0.004626059661651085, ""3"": 0.006251896184705535, ""4"": 0.004290191875782933, ""5"": 0.0018717473677601283}"
control_gain,200,p0.40,nan,0.9315842919740404,15,0.4,79.60000000000001,79.315,58,98,15863,1991,1.4478455434625779,130,0.30987361525022294,0.00619747230500446,6.637917229061235,16.542344849743547,1.9907763663733484,3.2089603367567006,9,"{""0"": 0.01774167059013219, ""1"": 0.0024869887181766517, ""2"": 0.0041004153340126, ""3"": 0.006091921155614752, ""4"": 0.0048879212752101905, ""5"": 0.0018759167568803685}"
control_gain,200,p0.40,nan,0.9315842919740404,15,0.4,79.60000000000001,79.315,58,98,15863,1991,1.4478455434625779,140,0.3150409437973197,0.006300818875946394,1.455978224455526,16.612029508580427,1.9945756739338623,3.164281445583511,9,"{""0"": 0.01788835075586718, ""1"": 0.002217567651602888, ""2"": 0.004118639535078236, ""3"": 0.007130815938650889, ""4"": 0.00473611022583689, ""5"": 0.0017134291486422843}"
control_gain,200,p0.40,nan,0.9315842919740404,15,0.4,79.60000000000001,79.315,58,98,15863,1991,1.4478455434625779,150,0.30103269309481634,0.006020653861896328,1.2290685258799279,16.661947107481126,1.9946037630652242,3.19279485744926,9,"{""0"": 0.016980692199280053, ""1"": 0.002574762663667408, ""2"": 0.0043904994705207855, ""3"": 0.005661242459103109, ""4"": 0.004492799744068152, ""5"": 0.0020239266347384577}"
control_gain,200,p0.40,nan,0.9315842919740404,15,0.4,79.60000000000001,79.315,58,98,15863,1991,1.4478455434625779,160,0.3118286406258138,0.006236572812516277,10.181901401714915,16.577464954410328,1.9865406195597481,3.1969892865332667,9,"{""0"": 0.015847867527504212, ""1"": 0.00246654284114685, ""2"": 0.00560106909657065, ""3"": 0.006043475964807075, ""4"": 0.005230394325190675, ""5"": 0.0022300871198781963}"
control_gain,200,p0.40,nan,0.9315842919740404,15,0.4,79.60000000000001,79.315,58,98,15863,1991,1.4478455434625779,170,0.29977962843772427,0.005995592568754486,11.705484537067592,16.636388955190874,1.990797879114845,3.204184983712077,9,"{""0"": 0.015702317864402397, ""1"": 0.00253066641117601, ""2"": 0.005033066527954194, ""3"": 0.005770391453456393, ""4"": 0.004955671952574356, ""5"": 0.0019814412029635583}"
control_gain,200,p0.40,nan,0.9315842919740404,15,0.4,79.60000000000001,79.315,58,98,15863,1991,1.4478455434625779,180,0.3017063540825431,0.0060341270816508625,2.176870421337082,16.67468110527749,1.9925973560857915,3.1979956162359806,9,"{""0"": 0.01569137743183963, ""1"": 0.0025658007279313537, ""2"": 0.0051935157338248135, ""3"": 0.0062127104869399595, ""4"": 0.004555018985856435, ""5"": 0.0019863391235129826}"
control_gain,200,p0.40,nan,0.9315842919740404,15,0.4,79.60000000000001,79.315,58,98,15863,1991,1.4478455434625779,190,0.2965124943680366,0.005930249887360733,0.8135810137124541,16.7294249255462,1.9879116687606768,3.2345066703364242,9,"{""0"": 0.01548069323897778, ""1"": 0.0028726620616670853, ""2"": 0.005035946859771127, ""3"": 0.005242440491960665, ""4"": 0.0048720362476169735, ""5"": 0.002077720424170763}"
control_gain,200,p0.40,nan,0.9315842919740404,15,0.4,79.60000000000001,79.315,58,98,15863,1991,1.4478455434625779,200,0.28498745412132337,0.005699749082426468,1.9288714146174364,16.826866991669416,1.9961061053703835,3.2593733743764566,9,"{""0"": 0.015095441680761745, ""1"": 0.002807974836072618, ""2"": 0.00468065378075921, ""3"": 0.005596579320520479, ""4"": 0.003912145179321392, ""5"": 0.002105699697123365}"
