arm,n_units,condition,frozen_fraction,gain_scale,seed,p_value,expected_in_degree,realized_degree_mean,realized_degree_min,realized_degree_max,synapse_count,plastic_weight_count,initial_spectral_radius,checkpoint_trial,heldout_nmse,heldout_raw_mse,online_feedback_loss,weight_change_fro,spectral_radius,d_pr,d90,per_target_mse_json
primary_gain,200,p0.05,nan,1.0,0,0.05,9.950000000000001,9.87,3,19,1974,1974,1.495341793531799,0,1.0081604579000314,0.02016320915800063,nan,0.0,1.495341793531799,4.161438724175539,12,"{""0"": 0.01939779880024295, ""1"": 0.022245084165017248, ""2"": 0.020246737073061342, ""3"": 0.01993216135145297, ""4"": 0.02001185359295906, ""5"": 0.019145619965270207}"
primary_gain,200,p0.05,nan,1.0,0,0.05,9.950000000000001,9.87,3,19,1974,1974,1.495341793531799,10,1.180356017374984,0.023607120347499684,11.050069910499218,13.928758970629447,2.247259938965362,3.7739602090698936,10,"{""0"": 0.022807611081391517, ""1"": 0.03459377392142185, ""2"": 0.03581020738473513, ""3"": 0.03195730401199266, ""4"": 0.010063220585534747, ""5"": 0.0064106050999222074}"
primary_gain,200,p0.05,nan,1.0,0,0.05,9.950000000000001,9.87,3,19,1974,1974,1.495341793531799,20,0.7560539281628684,0.015121078563257371,3.9234081543252186,14.903176318564695,2.1722464939139723,4.003472172317492,11,"{""0"": 0.02164851254959317, ""1"": 0.01768900714823226, ""2"": 0.020784255477740453, ""3"": 0.017898745674068423, ""4"": 0.004231604352582267, ""5"": 0.00847434617732765}"
primary_gain,200,p0.05,nan,1.0,0,0.05,9.950000000000001,9.87,3,19,1974,1974,1.495341793531799,30,0.7198663458109611,0.014397326916219224,9.862731631085717,15.274979955253864,2.1494713686036224,4.0352733122376065,11,"{""0"": 0.01883714174025015, ""1"": 0.02356591251108635, ""2"": 0.012630733253720276, ""3"": 0.020076013109942906, ""4"": 0.004798039086692492, ""5"": 0.00647612179562318}"
primary_gain,200,p0.05,nan,1.0,0,0.05,9.950000000000001,9.87,3,19,1974,1974,1.495341793531799,40,0.6759291213575508,0.013518582427151019,38.67002717546034,15.765316798103003,2.114906158042944,4.2418061619255845,12,"{""0"": 0.02299107296170357, ""1"": 0.015385108802018007, ""2"": 0.020926078997237047, ""3"": 0.012985022633830293, ""4"": 0.005302592588993947, ""5"": 0.0035216185791232396}"
primary_gain,200,p0.05,nan,1.0,0,0.05,9.950000000000001,9.87,3,19,1974,1974,1.495341793531799,50,0.6421715357415051,0.012843430714830104,6.066526118680222,16.19394470078475,2.1880798265092176,4.2573384615231795,12,"{""0"": 0.022523658040518254, ""1"": 0.013367237128687637, ""2"": 0.023432740561388214, ""3"": 0.008797825831880084, ""4"": 0.005269980613094265, ""5"": 0.0036691421134121814}"
primary_gain,200,p0.05,nan,1.0,0,0.05,9.950000000000001,9.87,3,19,1974,1974,1.495341793531799,60,0.5189435324746011,0.010378870649492025,3.5663066437374247,16.62670539762944,2.1862046721254034,4.3676444877400575,12,"{""0"": 0.018463337581738, ""1"": 0.012851931588760671, ""2"": 0.013502806118506128, ""3"": 0.008061088917446628, ""4"": 0.003963165357203943, ""5"": 0.005430894333296775}"
primary_gain,200,p0.05,nan,1.0,0,0.05,9.950000000000001,9.87,3,19,1974,1974,1.495341793531799,70,0.5288086209630474,0.010576172419260949,16.62456330251238,16.8433627207541,2.166190933818961,4.532070756767844,12,"{""0"": 0.01643374907695908, ""1"": 0.012970498321481014, ""2"": 0.01688777537281847, ""3"": 0.007906967387752071, ""4"": 0.004390862244467025, ""5"": 0.004867182112088019}"
primary_gain,200,p0.05,nan,1.0,0,0.05,9.950000000000001,9.87,3,19,1974,1974,1.495341793531799,80,0.4826566039288082,0.009653132078576166,4.171401761527156,17.003261538485127,2.135871813065067,4.465138350593812,12,"{""0"": 0.018836272932439446, ""1"": 0.011962846434965108, ""2"": 0.011305100244331607, ""3"": 0.00792759578183842, ""4"": 0.003766391898834042, ""5"": 0.004120585179048378}"
primary_gain,200,p0.05,nan,1.0,0,0.05,9.950000000000001,9.87,3,19,1974,1974,1.495341793531799,90,0.48770041674293824,0.009754008334858765,1.9458025197721773,17.161747884875314,2.1407722133961737,4.382526668591099,12,"{""0"": 0.0192920470868645, ""1"": 0.012924203174733192, ""2"": 0.01095633449845563, ""3"": 0.008025372249060737, ""4"": 0.003085135748870264, ""5"": 0.004240957251168271}"
primary_gain,200,p0.05,nan,1.0,0,0.05,9.950000000000001,9.87,3,19,1974,1974,1.495341793531799,100,0.5176352333740952,0.010352704667481906,22.773438924968797,17.304091996581416,2.1426841741966336,4.270572472744021,12,"{""0"": 0.018215118342179475, ""1"": 0.013322154378978579, ""2"": 0.01598827926958655, ""3"": 0.006988754106152306, ""4"": 0.0032086008535522916, ""5"": 0.004393321054442232}"
primary_gain,200,p0.05,nan,1.0,0,0.05,9.950000000000001,9.87,3,19,1974,1974,1.495341793531799,110,0.466370883871679,0.009327417677433582,3.4832691443487787,17.35850843247145,2.1386659250437408,4.193045771239537,12,"{""0"": 0.017118874536701533, ""1"": 0.012324734735820192, ""2"": 0.012669640535904211, ""3"": 0.006734453241784445, ""4"": 0.002846812441394712, ""5"": 0.004269990572996396}"
primary_gain,200,p0.05,nan,1.0,0,0.05,9.950000000000001,9.87,3,19,1974,1974,1.495341793531799,120,0.4478773032126825,0.008957546064253651,3.216733348190722,17.34860475804547,2.1519474625687542,4.062848843654238,12,"{""0"": 0.016003311253643494, ""1"": 0.01145381562894963, ""2"": 0.01276988717109496, ""3"": 0.006261507061110494, ""4"": 0.0027845019669914756, ""5"": 0.004472253303731856}"
primary_gain,200,p0.05,nan,1.0,0,0.05,9.950000000000001,9.87,3,19,1974,1974,1.495341793531799,130,0.45078547141096986,0.0090157094282194,2.4749281488910477,17.46907601313288,2.160285838768348,3.992947237963068,12,"{""0"": 0.016106602663607677, ""1"": 0.0119597762118966, ""2"": 0.01308120234488661, ""3"": 0.00584391632320713, ""4"": 0.0026937716570850415, ""5"": 0.00440898736863334}"
primary_gain,200,p0.05,nan,1.0,0,0.05,9.950000000000001,9.87,3,19,1974,1974,1.495341793531799,140,0.46297844151866013,0.009259568830373203,1.6117824974970694,17.599135696957187,2.1648372029650926,4.0575366555605745,12,"{""0"": 0.017283229596967535, ""1"": 0.013210523249966136, ""2"": 0.01274272534782489, ""3"": 0.0055953471332226305, ""4"": 0.002690146732614861, ""5"": 0.004035440921643178}"
primary_gain,200,p0.05,nan,1.0,0,0.05,9.950000000000001,9.87,3,19,1974,1974,1.495341793531799,150,0.43630555950129707,0.008726111190025943,3.735535510121231,17.615317744816853,2.1629979061144535,4.132027098032647,12,"{""0"": 0.01748783861504725, ""1"": 0.01101512685469877, ""2"": 0.011968556877746405, ""3"": 0.005627159939332259, ""4"": 0.0023596983077875024, ""5"": 0.0038982865455434628}"
primary_gain,200,p0.05,nan,1.0,0,0.05,9.950000000000001,9.87,3,19,1974,1974,1.495341793531799,160,0.4553014962413228,0.009106029924826457,7.057958744546184,17.730447258582885,2.1539494251397016,4.3527244489728885,13,"{""0"": 0.019684749847384227, ""1"": 0.012171555088378761, ""2"": 0.011202839693421892, ""3"": 0.005615412395554341, ""4"": 0.0024417557363304995, ""5"": 0.0035198667878890214}"
primary_gain,200,p0.05,nan,1.0,0,0.05,9.950000000000001,9.87,3,19,1974,1974,1.495341793531799,170,0.4601382325857817,0.009202764651715635,4.0918469806800495,17.79250530009773,2.1492128795453063,4.306955475620485,13,"{""0"": 0.0204427805139612, ""1"": 0.011747689665281424, ""2"": 0.011465952143378325, ""3"": 0.005669694129770781, ""4"": 0.0024235555360616634, ""5"": 0.0034669159218404175}"
primary_gain,200,p0.05,nan,1.0,0,0.05,9.950000000000001,9.87,3,19,1974,1974,1.495341793531799,180,0.43367718136732203,0.008673543627346443,6.461981472895557,17.84273085216599,2.1503141759633966,4.320503076619579,13,"{""0"": 0.01859969059246245, ""1"": 0.011179448120665283, ""2"": 0.010917352850608384, ""3"": 0.005705541824006578, ""4"": 0.0023379059171299435, ""5"": 0.003301322459206009}"
primary_gain,200,p0.05,nan,1.0,0,0.05,9.950000000000001,9.87,3,19,1974,1974,1.495341793531799,190,0.4412486505609646,0.008824973011219293,15.098140296237828,17.92675788192049,2.1420560037671947,4.299533424248731,13,"{""0"": 0.018584223319594376, ""1"": 0.011669149274008379, ""2"": 0.011425506611185805, ""3"": 0.0056425164272360774, ""4"": 0.0023421856703280106, ""5"": 0.0032862567649631176}"
primary_gain,200,p0.05,nan,1.0,0,0.05,9.950000000000001,9.87,3,19,1974,1974,1.495341793531799,200,0.45477199643865907,0.009095439928773182,29.574200435065478,17.994926303220137,2.1315800189093834,4.2744331839764325,13,"{""0"": 0.01759116100499616, ""1"": 0.013950065592264495, ""2"": 0.011450854751421147, ""3"": 0.005890888131592531, ""4"": 0.0024148348550898074, ""5"": 0.0032748352372749547}"
primary_gain,200,p0.10,nan,0.9798254042290072,0,0.1,19.900000000000002,20.28,10,31,4056,4056,1.495341793531796,0,1.0523963566766192,0.021047927133532388,nan,0.0,1.495341793531796,4.912534258061837,14,"{""0"": 0.020106262437822448, ""1"": 0.022300062338671885, ""2"": 0.022071442134024684, ""3"": 0.021208066812787613, ""4"": 0.021568860688603968, ""5"": 0.019032868389283735}"
primary_gain,200,p0.10,nan,0.9798254042290072,0,0.1,19.900000000000002,20.28,10,31,4056,4056,1.495341793531796,10,1.6352109930442893,0.03270421986088579,7.428201890587791,15.317091280172463,2.0347373436633642,3.2033149383344544,9,"{""0"": 0.0384231769220721, ""1"": 0.03522901621755181, ""2"": 0.042162589500154446, ""3"": 0.026524773175852178, ""4"": 0.023063707932745998, ""5"": 0.0308220554169382}"
primary_gain,200,p0.10,nan,0.9798254042290072,0,0.1,19.900000000000002,20.28,10,31,4056,4056,1.495341793531796,20,0.7364302938723281,0.014728605877446562,8.663164908004031,17.210965080704867,2.1411113118166623,2.4459424792763165,9,"{""0"": 0.015303645619974942, ""1"": 0.017747971062408444, ""2"": 0.018890269967948476, ""3"": 0.016963632806661365, ""4"": 0.0036700347256895644, ""5"": 0.015796081081996573}"
primary_gain,200,p0.10,nan,0.9798254042290072,0,0.1,19.900000000000002,20.28,10,31,4056,4056,1.495341793531796,30,0.7994713033759911,0.015989426067519824,28.268387263786558,17.875848274126305,2.0963073087222686,2.57861957351054,9,"{""0"": 0.019085888404918573, ""1"": 0.01707341530239076, ""2"": 0.011542226707316184, ""3"": 0.0241034570557132, ""4"": 0.003956731442966055, ""5"": 0.02017483749181418}"
primary_gain,200,p0.10,nan,0.9798254042290072,0,0.1,19.900000000000002,20.28,10,31,4056,4056,1.495341793531796,40,0.6341537072751801,0.012683074145503601,27.45696135859848,18.373126863544847,1.9644605817542724,2.3876286844897026,9,"{""0"": 0.01585970038597415, ""1"": 0.016374477323402588, ""2"": 0.006786704844339282, ""3"": 0.020089259447187955, ""4"": 0.002939959085710847, ""5"": 0.014048343786406781}"
primary_gain,200,p0.10,nan,0.9798254042290072,0,0.1,19.900000000000002,20.28,10,31,4056,4056,1.495341793531796,50,0.546179639225667,0.01092359278451334,16.377467612170097,18.633482770246577,1.971692594321318,2.593886792610145,9,"{""0"": 0.008363000204189867, ""1"": 0.01878776495035342, ""2"": 0.009803194667766451, ""3"": 0.01190838880379087, ""4"": 0.0018908373715407433, ""5"": 0.014788370709438694}"
primary_gain,200,p0.10,nan,0.9798254042290072,0,0.1,19.900000000000002,20.28,10,31,4056,4056,1.495341793531796,60,0.546187899029346,0.01092375798058692,5.138329598482375,19.014417417814105,1.9998959068513003,2.663760518072234,9,"{""0"": 0.007424658460636451, ""1"": 0.019637128164676148, ""2"": 0.01063425971361892, ""3"": 0.01004519756998213, ""4"": 0.002494750735737393, ""5"": 0.01530655323887047}"
primary_gain,200,p0.10,nan,0.9798254042290072,0,0.1,19.900000000000002,20.28,10,31,4056,4056,1.495341793531796,70,0.5108769000434015,0.010217538000868031,1.0483225118350505,19.208756032107633,2.0191460064834876,2.942349805176606,10,"{""0"": 0.007468266845505697, ""1"": 0.019727819187972798, ""2"": 0.0077593264594540134, ""3"": 0.010615416356774219, ""4"": 0.0036466780472684023, ""5"": 0.01208772110823307}"
primary_gain,200,p0.10,nan,0.9798254042290072,0,0.1,19.900000000000002,20.28,10,31,4056,4056,1.495341793531796,80,0.48116774178517174,0.009623354835703436,10.712954526047039,19.52683427221166,2.0080695497879533,2.9880793180889333,9,"{""0"": 0.0065645005538266105, ""1"": 0.018156497398940215, ""2"": 0.007761389356904158, ""3"": 0.010505185300648583, ""4"": 0.002920629187350647, ""5"": 0.0118319272165504}"
primary_gain,200,p0.10,nan,0.9798254042290072,0,0.1,19.900000000000002,20.28,10,31,4056,4056,1.495341793531796,90,0.45493962200496485,0.009098792440099299,1.4837054295967629,19.5549150791696,2.0091929944775693,2.7638530934053334,8,"{""0"": 0.006233954358609425, ""1"": 0.016359598264484305, ""2"": 0.006987279072768504, ""3"": 0.01142637941707705, ""4"": 0.0020584502829223378, ""5"": 0.011527093244734173}"
primary_gain,200,p0.10,nan,0.9798254042290072,0,0.1,19.900000000000002,20.28,10,31,4056,4056,1.495341793531796,100,0.4797625712684401,0.009595251425368804,13.148366023634,19.584588074829238,2.027844394409135,2.8267220774596185,8,"{""0"": 0.005972573667481719, ""1"": 0.020501442734136774, ""2"": 0.00896649208719285, ""3"": 0.007904935492637648, ""4"": 0.00315010167976002, ""5"": 0.011075962891003797}"
primary_gain,200,p0.10,nan,0.9798254042290072,0,0.1,19.900000000000002,20.28,10,31,4056,4056,1.495341793531796,110,0.49399351131583524,0.009879870226316706,3.1167342329318624,19.714846595549357,2.0263110027120064,2.818108338540689,9,"{""0"": 0.005932243264645435, ""1"": 0.022427952612983446, ""2"": 0.008784582473484851, ""3"": 0.007543570842676482, ""4"": 0.003283239134021861, ""5"": 0.011307633030088162}"
primary_gain,200,p0.10,nan,0.9798254042290072,0,0.1,19.900000000000002,20.28,10,31,4056,4056,1.495341793531796,120,0.44978274563883996,0.0089956549127768,9.525333150535785,19.864386182408232,2.0041797640408925,2.9270194933076032,9,"{""0"": 0.005870654010577787, ""1"": 0.017935380337850065, ""2"": 0.00933048207641902, ""3"": 0.007324351520926522, ""4"": 0.0036705226918704844, ""5"": 0.009842538839016915}"
primary_gain,200,p0.10,nan,0.9798254042290072,0,0.1,19.900000000000002,20.28,10,31,4056,4056,1.495341793531796,130,0.4576555049519786,0.009153110099039572,1.5325813468014842,19.897554130722014,2.0019964935857604,2.9432868343631635,10,"{""0"": 0.005831724471907375, ""1"": 0.01895520293605924, ""2"": 0.010163962520678813, ""3"": 0.006720851067312297, ""4"": 0.003750944647469852, ""5"": 0.009495974950809867}"
primary_gain,200,p0.10,nan,0.9798254042290072,0,0.1,19.900000000000002,20.28,10,31,4056,4056,1.495341793531796,140,0.3653717507650916,0.007307435015301833,3.822483984975672,19.97474529761578,2.0168940429607756,2.9771992612567284,9,"{""0"": 0.005401182432789466, ""1"": 0.01290920276650249, ""2"": 0.008696515332626716, ""3"": 0.005347706029455346, ""4"": 0.0028229303700172, ""5"": 0.008667073160419788}"
primary_gain,200,p0.10,nan,0.9798254042290072,0,0.1,19.900000000000002,20.28,10,31,4056,4056,1.495341793531796,150,0.38760920926082326,0.007752184185216467,2.1307724903377974,20.028836652642728,2.0229383589275827,2.7395349287705595,9,"{""0"": 0.0061279313877790325, ""1"": 0.01345265261140371, ""2"": 0.00860633078600547, ""3"": 0.00595198203788886, ""4"": 0.0025493896934803703, ""5"": 0.009824818594741356}"
primary_gain,200,p0.10,nan,0.9798254042290072,0,0.1,19.900000000000002,20.28,10,31,4056,4056,1.495341793531796,160,0.3535722171105649,0.007071444342211299,26.87139188064417,20.091831306048405,2.0216658970713497,2.696916023439209,9,"{""0"": 0.006583410578709285, ""1"": 0.011232284532107692, ""2"": 0.007621423087085027, ""3"": 0.0061887593061443254, ""4"": 0.00217574242727596, ""5"": 0.008627046121945505}"
primary_gain,200,p0.10,nan,0.9798254042290072,0,0.1,19.900000000000002,20.28,10,31,4056,4056,1.495341793531796,170,0.35710824820393666,0.007142164964078734,6.107062029969067,20.17254793524782,2.0203127355131643,2.7794317881963555,9,"{""0"": 0.006293492754563541, ""1"": 0.014038262150274377, ""2"": 0.007525550660670076, ""3"": 0.005707829097025652, ""4"": 0.0022459921569975587, ""5"": 0.007041862964941199}"
primary_gain,200,p0.10,nan,0.9798254042290072,0,0.1,19.900000000000002,20.28,10,31,4056,4056,1.495341793531796,180,0.35192159811256324,0.007038431962251266,1.9954245477417571,20.25856432495584,2.02036187441108,2.8068275943567054,9,"{""0"": 0.006099739768601885, ""1"": 0.014446577682190136, ""2"": 0.007357507696180185, ""3"": 0.005780749875883671, ""4"": 0.002002085627812126, ""5"": 0.0065439311228395886}"
primary_gain,200,p0.10,nan,0.9798254042290072,0,0.1,19.900000000000002,20.28,10,31,4056,4056,1.495341793531796,190,0.32889964382819686,0.006577992876563938,25.076935143581007,20.24906432127942,2.018102312435174,2.76791868343126,9,"{""0"": 0.0063654130139757835, ""1"": 0.01171361720836106, ""2"": 0.006477535546775212, ""3"": 0.00608488935949807, ""4"": 0.0016999166155377775, ""5"": 0.007126585515235716}"
primary_gain,200,p0.10,nan,0.9798254042290072,0,0.1,19.900000000000002,20.28,10,31,4056,4056,1.495341793531796,200,0.31913864517384655,0.006382772903476931,22.612481093439275,20.29754631955464,2.01971823195513,2.7917920697445497,9,"{""0"": 0.006557185029991747, ""1"": 0.012462406214532703, ""2"": 0.00545432290116756, ""3"": 0.0060302505964998105, ""4"": 0.001698953689441747, ""5"": 0.006093518989228026}"
primary_gain,200,p0.20,nan,0.9403283439399214,0,0.2,39.800000000000004,39.795,28,55,7959,7959,1.4953417935317985,0,1.0134216235521774,0.020268432471043547,nan,0.0,1.4953417935317985,7.716368909916207,13,"{""0"": 0.019643708500403777, ""1"": 0.021448586135680396, ""2"": 0.02154112433075686, ""3"": 0.018843753012392613, ""4"": 0.02186879869149124, ""5"": 0.018264624155536403}"
primary_gain,200,p0.20,nan,0.9403283439399214,0,0.2,39.800000000000004,39.795,28,55,7959,7959,1.4953417935317985,10,0.38594018352920095,0.0077188036705840195,1.0154722587036598,10.189207995026004,1.8432619444420888,2.6658795649898095,4,"{""0"": 0.017964988877738636, ""1"": 0.011964605921941238, ""2"": 0.013045165637054846, ""3"": 0.0005917053940607563, ""4"": 0.0006445243833987514, ""5"": 0.002101831809309894}"
primary_gain,200,p0.20,nan,0.9403283439399214,0,0.2,39.800000000000004,39.795,28,55,7959,7959,1.4953417935317985,20,0.37422476757182116,0.007484495351436425,1.6874800493359183,11.002204990691613,1.8036952567074465,2.336304036568618,3,"{""0"": 0.010643937793245767, ""1"": 0.013427975880219148, ""2"": 0.016542741759126678, ""3"": 0.00027076768566357994, ""4"": 0.0006220165761113739, ""5"": 0.0033995324142520066}"
primary_gain,200,p0.20,nan,0.9403283439399214,0,0.2,39.800000000000004,39.795,28,55,7959,7959,1.4953417935317985,30,0.30798426944656704,0.006159685388931342,0.606345577821614,12.556954242898316,1.8123039250824675,2.702479452398595,4,"{""0"": 0.0055608993790916, ""1"": 0.02842056499075052, ""2"": 0.0010159004976902912, ""3"": 0.000924933512978862, ""4"": 0.0007340805950967783, ""5"": 0.00030173335797999313}"
primary_gain,200,p0.20,nan,0.9403283439399214,0,0.2,39.800000000000004,39.795,28,55,7959,7959,1.4953417935317985,40,0.2576959841482312,0.005153919682964625,0.5616009222799431,13.203401141078015,1.7951115269042457,2.687556032368991,3,"{""0"": 0.004969806980991925, ""1"": 0.020968378419641227, ""2"": 0.000848511802239987, ""3"": 0.0031986895414480416, ""4"": 0.000670417113724777, ""5"": 0.00026771423974178974}"
primary_gain,200,p0.20,nan,0.9403283439399214,0,0.2,39.800000000000004,39.795,28,55,7959,7959,1.4953417935317985,50,0.27101818789923604,0.005420363757984722,0.3294195097302815,13.562579896814317,1.790728764728727,2.6683330600481225,4,"{""0"": 0.004800122861742255, ""1"": 0.02533687884231444, ""2"": 0.000992445389412988, ""3"": 0.0005248423411553066, ""4"": 0.0007241472871547174, ""5"": 0.00014374582612862075}"
primary_gain,200,p0.20,nan,0.9403283439399214,0,0.2,39.800000000000004,39.795,28,55,7959,7959,1.4953417935317985,60,0.2625920742664212,0.005251841485328425,1.6097341819869213,14.721084190546746,1.7929601276835931,2.5875342103391503,4,"{""0"": 0.0037713644779943773, ""1"": 0.02275764264905644, ""2"": 0.0011265037128283713, ""3"": 0.0004581862974308452, ""4"": 0.0030181760088381824, ""5"": 0.00037917576582233067}"
primary_gain,200,p0.20,nan,0.9403283439399214,0,0.2,39.800000000000004,39.795,28,55,7959,7959,1.4953417935317985,70,0.24583572580452892,0.004916714516090579,0.7732662293213203,15.000982674987645,1.8142721315600192,2.539913798388744,3,"{""0"": 0.0018305675189963383, ""1"": 0.023019336956960918, ""2"": 0.0010353814854070016, ""3"": 0.00019652510286276103, ""4"": 0.00306712354714535, ""5"": 0.0003513524851711032}"
primary_gain,200,p0.20,nan,0.9403283439399214,0,0.2,39.800000000000004,39.795,28,55,7959,7959,1.4953417935317985,80,0.20052258938568496,0.0040104517877137,0.131785202408609,15.390865855580628,1.8270860218054037,2.6389994773935124,3,"{""0"": 0.0031350256132558754, ""1"": 0.018863116282124334, ""2"": 0.0005782701340761078, ""3"": 0.0004206947865108135, ""4"": 0.000862158569471012, ""5"": 0.00020344534084405498}"
primary_gain,200,p0.20,nan,0.9403283439399214,0,0.2,39.800000000000004,39.795,28,55,7959,7959,1.4953417935317985,90,0.19279260597462608,0.003855852119492522,0.3713950730237058,15.57618577268671,1.829356088793549,2.659856587032503,4,"{""0"": 0.0034576486054379843, ""1"": 0.016455964310634886, ""2"": 0.0007544351442185036, ""3"": 0.0011412303281870234, ""4"": 0.0011090488398878616, ""5"": 0.0002167854885888767}"
primary_gain,200,p0.20,nan,0.9403283439399214,0,0.2,39.800000000000004,39.795,28,55,7959,7959,1.4953417935317985,100,0.21480715863367553,0.0042961431726735114,0.09100741046343933,15.584836976197218,1.8504837145905373,2.5676153259494137,3,"{""0"": 0.0016879662857630898, ""1"": 0.019100020265578367, ""2"": 0.0014931900593692575, ""3"": 0.0004547233959527998, ""4"": 0.002507194338915496, ""5"": 0.0005337646904620599}"
primary_gain,200,p0.20,nan,0.9403283439399214,0,0.2,39.800000000000004,39.795,28,55,7959,7959,1.4953417935317985,110,0.18493618242068105,0.0036987236484136215,1.075793198749511,15.799848721735366,1.880001044302121,2.603783163492979,3,"{""0"": 0.0024865439633615367, ""1"": 0.016245546041433294, ""2"": 0.0014168793150549494, ""3"": 0.0006951314203050026, ""4"": 0.0008628301699640268, ""5"": 0.00048541098036291436}"
primary_gain,200,p0.20,nan,0.9403283439399214,0,0.2,39.800000000000004,39.795,28,55,7959,7959,1.4953417935317985,120,0.20292013410695406,0.004058402682139081,0.6082252028308122,15.972555902434973,1.88244707886483,2.5712715749547694,3,"{""0"": 0.002702033618990958, ""1"": 0.017505398809914374, ""2"": 0.000995730095796357, ""3"": 0.0003704855000791757, ""4"": 0.0024699290665001258, ""5"": 0.00030683900155350255}"
primary_gain,200,p0.20,nan,0.9403283439399214,0,0.2,39.800000000000004,39.795,28,55,7959,7959,1.4953417935317985,130,0.20321478671157084,0.004064295734231417,0.7054664116044156,16.094876235190085,1.8930991842471314,2.5344801066853546,3,"{""0"": 0.0024551854149067716, ""1"": 0.01764778600896773, ""2"": 0.0010561882955602575, ""3"": 0.0002450483028577757, ""4"": 0.0025621307668174964, ""5"": 0.00041943561627847526}"
primary_gain,200,p0.20,nan,0.9403283439399214,0,0.2,39.800000000000004,39.795,28,55,7959,7959,1.4953417935317985,140,0.23246750108745318,0.004649350021749064,4.83116299868484,16.413204525109183,1.8829954161651505,2.529684387708263,3,"{""0"": 0.004077230090682953, ""1"": 0.019812357065955303, ""2"": 0.0008361860260985595, ""3"": 0.0003000477277311474, ""4"": 0.0026103832788951014, ""5"": 0.00025989594113131915}"
primary_gain,200,p0.20,nan,0.9403283439399214,0,0.2,39.800000000000004,39.795,28,55,7959,7959,1.4953417935317985,150,0.20655369752398106,0.004131073950479622,0.18383051200533942,16.51632990754443,1.8857140765402929,2.579422211408843,4,"{""0"": 0.004442778900882874, ""1"": 0.017923151701262602, ""2"": 0.001030017220124567, ""3"": 0.00029172988209745585, ""4"": 0.0007063642366348086, ""5"": 0.0003924017618754232}"
primary_gain,200,p0.20,nan,0.9403283439399214,0,0.2,39.800000000000004,39.795,28,55,7959,7959,1.4953417935317985,160,0.24944670075074596,0.004988934015014919,0.2535470373298796,16.704349145517348,1.8767275319573407,2.5983242242950513,4,"{""0"": 0.004495631260634176, ""1"": 0.023542339424112012, ""2"": 0.0006338165866370015, ""3"": 0.00028503617888487297, ""4"": 0.0006377357935974904, ""5"": 0.00033904484622396773}"
primary_gain,200,p0.20,nan,0.9403283439399214,0,0.2,39.800000000000004,39.795,28,55,7959,7959,1.4953417935317985,170,0.2642257557713488,0.005284515115426978,0.6078817263350815,16.870909733123387,1.875447435192607,2.595395044964443,4,"{""0"": 0.0044698163981862485, ""1"": 0.025500769419405257, ""2"": 0.0004967510653746816, ""3"": 0.000289364256295092, ""4"": 0.0005993204218663357, ""5"": 0.0003510691314342504}"
primary_gain,200,p0.20,nan,0.9403283439399214,0,0.2,39.800000000000004,39.795,28,55,7959,7959,1.4953417935317985,180,0.18088335456563412,0.003617667091312683,19.309563833971964,17.140063780233245,1.885454191661849,2.664699580695286,4,"{""0"": 0.005183249535166155, ""1"": 0.014757020527577483, ""2"": 0.000345282248983212, ""3"": 0.00035995257945961313, ""4"": 0.0006408153973153614, ""5"": 0.00041968225937427515}"
primary_gain,200,p0.20,nan,0.9403283439399214,0,0.2,39.800000000000004,39.795,28,55,7959,7959,1.4953417935317985,190,0.20264589991589135,0.004052917998317827,0.2675360303624282,17.21441348391217,1.895263160262835,2.638033792398796,4,"{""0"": 0.005185956039242173, ""1"": 0.01740849963262765, ""2"": 0.0003373258908828837, ""3"": 0.0003636094143956367, ""4"": 0.0006582847174542392, ""5"": 0.00036383229530438215}"
primary_gain,200,p0.20,nan,0.9403283439399214,0,0.2,39.800000000000004,39.795,28,55,7959,7959,1.4953417935317985,200,0.209399685112735,0.0041879937022547,0.13593843695888566,17.284208263663754,1.899594526563668,2.6374313256624085,4,"{""0"": 0.005162160312446576, ""1"": 0.01828845328708691, ""2"": 0.00032894845404835883, ""3"": 0.0003448830830737514, ""4"": 0.0006186687837001405, ""5"": 0.000384848293172463}"
primary_gain,200,p0.40,nan,0.9869091492873171,0,0.4,79.60000000000001,78.5,62,99,15700,15700,1.4953417935318016,0,1.0445990503846743,0.02089198100769349,nan,0.0,1.4953417935318016,6.781303146057878,14,"{""0"": 0.021168828655785434, ""1"": 0.023551145468547495, ""2"": 0.022072595016257506, ""3"": 0.019260482790155006, ""4"": 0.021636397267437907, ""5"": 0.017662436847977595}"
primary_gain,200,p0.40,nan,0.9869091492873171,0,0.4,79.60000000000001,78.5,62,99,15700,15700,1.4953417935318016,10,0.8023895478883315,0.016047790957766633,4.693527152935128,11.251744520544497,1.8932146566866204,2.6141749787989066,4,"{""0"": 0.012121440882502551, ""1"": 0.009376065565088219, ""2"": 0.04179395691199824, ""3"": 0.012334162240264969, ""4"": 0.008023937043981143, ""5"": 0.012637183102764665}"
primary_gain,200,p0.40,nan,0.9869091492873171,0,0.4,79.60000000000001,78.5,62,99,15700,15700,1.4953417935318016,20,0.26078618270653864,0.005215723654130773,1.451097312363987,14.4937503971858,2.050542986552407,2.5336300644721943,3,"{""0"": 0.006361595338287844, ""1"": 0.010993355085455979, ""2"": 0.0007528507125834402, ""3"": 0.0005063866692800238, ""4"": 0.0020388374792039933, ""5"": 0.01064131663997336}"
primary_gain,200,p0.40,nan,0.9869091492873171,0,0.4,79.60000000000001,78.5,62,99,15700,15700,1.4953417935318016,30,0.2719002323322097,0.005438004646644195,2.115588939225199,16.122228621658962,2.1468588286334804,2.6156282128916244,3,"{""0"": 0.011374054571226257, ""1"": 0.00822004026506992, ""2"": 0.00048017204868181065, ""3"": 0.0059735892339670285, ""4"": 0.0036128722723416987, ""5"": 0.002967299488578454}"
primary_gain,200,p0.40,nan,0.9869091492873171,0,0.4,79.60000000000001,78.5,62,99,15700,15700,1.4953417935318016,40,0.16286898988569942,0.0032573797977139885,0.9050298233991932,16.99697504985688,2.164699640187613,2.601797444079179,3,"{""0"": 0.011142879043894336, ""1"": 0.0010137393971102002, ""2"": 0.0004924414598978868, ""3"": 0.00304829917923147, ""4"": 0.0029506792852118926, ""5"": 0.0008962404209381499}"
primary_gain,200,p0.40,nan,0.9869091492873171,0,0.4,79.60000000000001,78.5,62,99,15700,15700,1.4953417935318016,50,0.19184807353742617,0.003836961470748524,0.2690106286131616,18.131941449765122,2.2488471542719317,2.643068414416692,3,"{""0"": 0.011343400259922616, ""1"": 0.0033108112094001997, ""2"": 0.000492848142277186, ""3"": 0.004167661136520453, ""4"": 0.0033376914223291546, ""5"": 0.00036935665404153344}"
primary_gain,200,p0.40,nan,0.9869091492873171,0,0.4,79.60000000000001,78.5,62,99,15700,15700,1.4953417935318016,60,0.1485891846722488,0.0029717836934449763,1.8399405968994826,18.935809172340406,2.293111887066643,2.6623777092031653,3,"{""0"": 0.011426911553283074, ""1"": 0.002929495283707219, ""2"": 0.00046132394984796084, ""3"": 0.0012793510336895437, ""4"": 0.0005179412147718163, ""5"": 0.001215679125370247}"
primary_gain,200,p0.40,nan,0.9869091492873171,0,0.4,79.60000000000001,78.5,62,99,15700,15700,1.4953417935318016,70,0.16099069710461733,0.003219813942092347,0.12899141269404768,19.360319260147993,2.339730985862952,2.6720307250408273,3,"{""0"": 0.011639603485665836, ""1"": 0.001004251103833272, ""2"": 0.0005264467992015143, ""3"": 0.0005986519250388093, ""4"": 0.0004785424856201863, ""5"": 0.005071387853194465}"
primary_gain,200,p0.40,nan,0.9869091492873171,0,0.4,79.60000000000001,78.5,62,99,15700,15700,1.4953417935318016,80,0.18905533784174575,0.0037811067568349153,0.16608196074329784,19.67178324816666,2.332855153997172,2.6762266820478966,3,"{""0"": 0.013357731363853115, ""1"": 0.0008193731913089827, ""2"": 0.0005673824659451581, ""3"": 0.0005924008921102126, ""4"": 0.0038633174788309512, ""5"": 0.0034864351489610743}"
primary_gain,200,p0.40,nan,0.9869091492873171,0,0.4,79.60000000000001,78.5,62,99,15700,15700,1.4953417935318016,90,0.17448941948781005,0.003489788389756201,0.3363923850240644,19.85655274708384,2.3148191244483742,2.6739408025799056,3,"{""0"": 0.011782189617633962, ""1"": 0.000974978519550344, ""2"": 0.001469120505848165, ""3"": 0.0005769909230396917, ""4"": 0.003555030231602827, ""5"": 0.0025804205408622187}"
primary_gain,200,p0.40,nan,0.9869091492873171,0,0.4,79.60000000000001,78.5,62,99,15700,15700,1.4953417935318016,100,0.17001734495304152,0.003400346899060831,0.8662033173481138,20.169861900172947,2.351913958502662,2.6542866829299183,3,"{""0"": 0.011577578175124486, ""1"": 0.0010409523099814844, ""2"": 0.0005234723479472675, ""3"": 0.0005054575489823107, ""4"": 0.0036794170577530553, ""5"": 0.003075203954576382}"
primary_gain,200,p0.40,nan,0.9869091492873171,0,0.4,79.60000000000001,78.5,62,99,15700,15700,1.4953417935318016,110,0.1775777077017282,0.0035515541540345644,10.684469616109102,20.336747348593704,2.358587132000141,2.6414883154671815,3,"{""0"": 0.011732522383642715, ""1"": 0.0015078796301532375, ""2"": 0.0004926541991903665, ""3"": 0.00040788328209784, ""4"": 0.0030715306387944412, ""5"": 0.004096854790328787}"
primary_gain,200,p0.40,nan,0.9869091492873171,0,0.4,79.60000000000001,78.5,62,99,15700,15700,1.4953417935318016,120,0.1528237396994888,0.003056474793989776,0.2644700656026648,20.36675293995719,2.347091538059955,2.641211647860547,3,"{""0"": 0.011706905663606961, ""1"": 0.001065596183716059, ""2"": 0.0005750906567583626, ""3"": 0.00042000074403601055, ""4"": 0.0005568404898626636, ""5"": 0.004014415025958598}"
primary_gain,200,p0.40,nan,0.9869091492873171,0,0.4,79.60000000000001,78.5,62,99,15700,15700,1.4953417935318016,130,0.16222912200224876,0.003244582440044976,0.1619897102761649,20.621697067871693,2.323289935731951,2.637511073950785,3,"{""0"": 0.011532368909349375, ""1"": 0.0023657466343673245, ""2"": 0.0006610608358521803, ""3"": 0.00028165663150636286, ""4"": 0.0002973900634977378, ""5"": 0.004329271565696878}"
primary_gain,200,p0.40,nan,0.9869091492873171,0,0.4,79.60000000000001,78.5,62,99,15700,15700,1.4953417935318016,140,0.20409921183295865,0.0040819842366591735,0.1298310302222095,20.962462661047265,2.326622594681269,2.6857213143704626,3,"{""0"": 0.011719163702234131, ""1"": 0.00453027586121293, ""2"": 0.0014059039904661156, ""3"": 0.0002321639335083922, ""4"": 0.00032214833544577757, ""5"": 0.006282249597087695}"
primary_gain,200,p0.40,nan,0.9869091492873171,0,0.4,79.60000000000001,78.5,62,99,15700,15700,1.4953417935318016,150,0.19142528122013144,0.0038285056244026293,0.2973190977845381,21.047275317930644,2.3158759637513784,2.682998577520002,3,"{""0"": 0.011892230446749193, ""1"": 0.003084991623887313, ""2"": 0.0015651934485135881, ""3"": 0.0002321193923964312, ""4"": 0.0003269494243399016, ""5"": 0.005869549410529353}"
primary_gain,200,p0.40,nan,0.9869091492873171,0,0.4,79.60000000000001,78.5,62,99,15700,15700,1.4953417935318016,160,0.1669434838813137,0.0033388696776262745,0.9373984678203441,21.198453735893413,2.329800837256496,2.6768406993740195,3,"{""0"": 0.01199048019545569, ""1"": 0.002881060611564103, ""2"": 0.0013642750754040635, ""3"": 0.00022403407980817517, ""4"": 0.00029792982244733447, ""5"": 0.003275438281078283}"
primary_gain,200,p0.40,nan,0.9869091492873171,0,0.4,79.60000000000001,78.5,62,99,15700,15700,1.4953417935318016,170,0.16191024710181803,0.003238204942036361,0.31013838183868786,21.34603738419399,2.3267652620323904,2.6667027595218564,3,"{""0"": 0.011926529721881126, ""1"": 0.0028018271383827035, ""2"": 0.0009677976363588739, ""3"": 0.00022445709252781918, ""4"": 0.0003021164240966664, ""5"": 0.0032065016389709786}"
primary_gain,200,p0.40,nan,0.9869091492873171,0,0.4,79.60000000000001,78.5,62,99,15700,15700,1.4953417935318016,180,0.16727092908694285,0.0033454185817388573,0.1648537064052207,21.48461848551512,2.3159631223954316,2.7085540089493856,3,"{""0"": 0.013057585987691397, ""1"": 0.00387893385626945, ""2"": 0.0008791494715067825, ""3"": 0.0002524620821239563, ""4"": 0.00033149573368299637, ""5"": 0.001672884359158563}"
primary_gain,200,p0.40,nan,0.9869091492873171,0,0.4,79.60000000000001,78.5,62,99,15700,15700,1.4953417935318016,190,0.21790097957138554,0.004358019591427711,0.2514409944547443,21.690949657822088,2.3200404262957592,2.6748003994083795,3,"{""0"": 0.01949400301648132, ""1"": 0.003929070432867414, ""2"": 0.0008424251859364317, ""3"": 0.0002270321825128887, ""4"": 0.0003128991955971777, ""5"": 0.001342687535171036}"
primary_gain,200,p0.40,nan,0.9869091492873171,0,0.4,79.60000000000001,78.5,62,99,15700,15700,1.4953417935318016,200,0.17776439107097428,0.003555287821419486,0.8890393089162428,21.706296063979504,2.3245984426250024,2.6754780271463217,3,"{""0"": 0.015107972344067975, ""1"": 0.0043113541671837554, ""2"": 0.0006829466964894339, ""3"": 0.00024852254845872347, ""4"": 0.00031268114899043445, ""5"": 0.0006682500233265974}"
primary_gain,200,p0.05,nan,1.0,1,0.05,9.950000000000001,10.085,3,18,2017,2017,1.5728289312089911,0,1.0056922488731515,0.020113844977463033,nan,0.0,1.5728289312089911,9.017494177381023,15,"{""0"": 0.019589279637901674, ""1"": 0.021530409628966792, ""2"": 0.02097978551770173, ""3"": 0.02057059765250226, ""4"": 0.018966450511192598, ""5"": 0.019046546916513137}"
primary_gain,200,p0.05,nan,1.0,1,0.05,9.950000000000001,10.085,3,18,2017,2017,1.5728289312089911,10,1.2173863369083187,0.024347726738166375,4.413293058939342,15.029192974912647,1.960534939760324,2.2603616937568396,10,"{""0"": 0.025444449860591644, ""1"": 0.0541453574082853, ""2"": 0.029171199653009572, ""3"": 0.024606222297550807, ""4"": 0.0032247174467637425, ""5"": 0.009494413762797183}"
primary_gain,200,p0.05,nan,1.0,1,0.05,9.950000000000001,10.085,3,18,2017,2017,1.5728289312089911,20,0.7764697291270589,0.015529394582541179,23.841541225727266,15.260510335135539,1.91085701066471,2.3011423412289798,11,"{""0"": 0.02046670791467692, ""1"": 0.0041789115096565, ""2"": 0.03735614266275635, ""3"": 0.01764116335238093, ""4"": 0.002211103604039214, ""5"": 0.011322338451737158}"
primary_gain,200,p0.05,nan,1.0,1,0.05,9.950000000000001,10.085,3,18,2017,2017,1.5728289312089911,30,0.6215222456655091,0.012430444913310183,13.746651657611224,15.630319038869063,1.9302833623537112,2.6075265536957435,11,"{""0"": 0.01270755124560034, ""1"": 0.004189596087831269, ""2"": 0.029540088693413874, ""3"": 0.011364571311723557, ""4"": 0.002424470091320247, ""5"": 0.014356392049971814}"
primary_gain,200,p0.05,nan,1.0,1,0.05,9.950000000000001,10.085,3,18,2017,2017,1.5728289312089911,40,0.406972983638724,0.00813945967277448,4.470525113086777,16.171516571301705,2.0065619873464193,3.381473340232181,11,"{""0"": 0.002533875404433097, ""1"": 0.005317653742284135, ""2"": 0.012903568727698395, ""3"": 0.0038234853541252037, ""4"": 0.006430686373048285, ""5"": 0.01782748843505777}"
primary_gain,200,p0.05,nan,1.0,1,0.05,9.950000000000001,10.085,3,18,2017,2017,1.5728289312089911,50,0.36453359204497365,0.007290671840899474,7.365432248663214,16.38290942970029,1.988243871997927,3.6263770432498945,11,"{""0"": 0.002696499441918887, ""1"": 0.005517851150699934, ""2"": 0.010513608332775063, ""3"": 0.004161281057616177, ""4"": 0.00515696843367063, ""5"": 0.015697822628716145}"
primary_gain,200,p0.05,nan,1.0,1,0.05,9.950000000000001,10.085,3,18,2017,2017,1.5728289312089911,60,0.3536939466990168,0.007073878933980337,2.821444893009256,16.62455287654254,2.015153848954239,3.5187330636871383,10,"{""0"": 0.002510719946110754, ""1"": 0.005365796696154253, ""2"": 0.014631431583631633, ""3"": 0.004891636808097579, ""4"": 0.0033536333632621872, ""5"": 0.011690055206625617}"
primary_gain,200,p0.05,nan,1.0,1,0.05,9.950000000000001,10.085,3,18,2017,2017,1.5728289312089911,70,0.36329432743445156,0.007265886548689033,15.953502516933055,16.817997280264958,2.041721358478937,3.4605884548613033,10,"{""0"": 0.0027654976578772106, ""1"": 0.004935884037848071, ""2"": 0.01617986084562736, ""3"": 0.006158529342521793, ""4"": 0.0030419211574909933, ""5"": 0.010513626250768762}"
primary_gain,200,p0.05,nan,1.0,1,0.05,9.950000000000001,10.085,3,18,2017,2017,1.5728289312089911,80,0.36494376844754683,0.007298875368950938,22.860271877213407,17.1999652783011,2.014356373785967,3.50156798258716,10,"{""0"": 0.003266377230250752, ""1"": 0.004348218913466127, ""2"": 0.01475553026934021, ""3"": 0.007097378530045793, ""4"": 0.0031111046855286503, ""5"": 0.011214642585074102}"
primary_gain,200,p0.05,nan,1.0,1,0.05,9.950000000000001,10.085,3,18,2017,2017,1.5728289312089911,90,0.3317869454058829,0.006635738908117659,2.4166973520554573,17.32674176170839,2.0112553493877927,3.544298109315508,10,"{""0"": 0.0032431267186629766, ""1"": 0.005029486226631251, ""2"": 0.0105927636614058, ""3"": 0.0069082110547705935, ""4"": 0.0032071919784891524, ""5"": 0.010833653808746187}"
primary_gain,200,p0.05,nan,1.0,1,0.05,9.950000000000001,10.085,3,18,2017,2017,1.5728289312089911,100,0.34485419029672776,0.006897083805934556,12.358041023464056,17.444154807678338,2.0457139736990055,3.4993029195047263,10,"{""0"": 0.002877822012650087, ""1"": 0.004699600201851744, ""2"": 0.012162043397883834, ""3"": 0.007969450559549989, ""4"": 0.002748818077341936, ""5"": 0.010924768586329745}"
primary_gain,200,p0.05,nan,1.0,1,0.05,9.950000000000001,10.085,3,18,2017,2017,1.5728289312089911,110,0.33798919684945533,0.006759783936989107,3.5481932743959352,17.55988448214949,2.05266818255995,3.46112231700423,10,"{""0"": 0.0029467494087953125, ""1"": 0.0042596824956441974, ""2"": 0.011871833489995449, ""3"": 0.0076956914188957394, ""4"": 0.0026897470903528933, ""5"": 0.01109499971825105}"
primary_gain,200,p0.05,nan,1.0,1,0.05,9.950000000000001,10.085,3,18,2017,2017,1.5728289312089911,120,0.3312728639276372,0.0066254572785527455,9.514505827653553,17.605967824223928,2.062932176823836,3.4915138371105097,10,"{""0"": 0.003010701997099455, ""1"": 0.004467401518714846, ""2"": 0.011062377617167638, ""3"": 0.006921983730083377, ""4"": 0.0030470285076928333, ""5"": 0.011243250300558321}"
primary_gain,200,p0.05,nan,1.0,1,0.05,9.950000000000001,10.085,3,18,2017,2017,1.5728289312089911,130,0.32064329758893045,0.006412865951778609,5.1948685406594945,17.766869937718745,2.0643471674392693,3.415342156086928,10,"{""0"": 0.0029734166642798043, ""1"": 0.004273788622954844, ""2"": 0.009558053339732486, ""3"": 0.006884865714345862, ""4"": 0.003263810588801478, ""5"": 0.011523260780557178}"
primary_gain,200,p0.05,nan,1.0,1,0.05,9.950000000000001,10.085,3,18,2017,2017,1.5728289312089911,140,0.3198243265282542,0.006396486530565086,1.6031534784049,17.854629602239783,2.068732812260011,3.43796601237222,10,"{""0"": 0.002887176080600581, ""1"": 0.004598169033665403, ""2"": 0.009016786414190747, ""3"": 0.007512809342151344, ""4"": 0.003338871296840423, ""5"": 0.011025107015942014}"
primary_gain,200,p0.05,nan,1.0,1,0.05,9.950000000000001,10.085,3,18,2017,2017,1.5728289312089911,150,0.31417565634902184,0.006283513126980438,2.1496494659463234,17.894979310523336,2.06775230432119,3.44839264990888,10,"{""0"": 0.003059434902868121, ""1"": 0.004671562473438101, ""2"": 0.0085995139497245, ""3"": 0.007230841659781826, ""4"": 0.003249635757718758, ""5"": 0.010890090018351317}"
primary_gain,200,p0.05,nan,1.0,1,0.05,9.950000000000001,10.085,3,18,2017,2017,1.5728289312089911,160,0.30267963016089616,0.0060535926032179235,1.8088487981965335,17.982291162086764,2.069704912108143,3.4383365908480625,9,"{""0"": 0.003135023204134104, ""1"": 0.004498820865205563, ""2"": 0.007883529984590295, ""3"": 0.007008679138810614, ""4"": 0.0029046518450848886, ""5"": 0.010890850581482073}"
primary_gain,200,p0.05,nan,1.0,1,0.05,9.950000000000001,10.085,3,18,2017,2017,1.5728289312089911,170,0.29756914747681273,0.005951382949536255,29.95935567406368,18.035811321999024,2.071954239991742,3.428228552416221,9,"{""0"": 0.003154684833650353, ""1"": 0.004192410584274761, ""2"": 0.007612049495100579, ""3"": 0.006716419250850925, ""4"": 0.002684447044841145, ""5"": 0.011348286488499764}"
primary_gain,200,p0.05,nan,1.0,1,0.05,9.950000000000001,10.085,3,18,2017,2017,1.5728289312089911,180,0.2934482677199638,0.005868965354399277,5.579374722990844,18.119125289968547,2.0714986012391443,3.4229886944976182,9,"{""0"": 0.003128386840834938, ""1"": 0.004279443819247107, ""2"": 0.007259852005727828, ""3"": 0.006643855424922698, ""4"": 0.0027095572557407108, ""5"": 0.011192696779922379}"
primary_gain,200,p0.05,nan,1.0,1,0.05,9.950000000000001,10.085,3,18,2017,2017,1.5728289312089911,190,0.29051504008320395,0.00581030080166408,1.3515863184519925,18.20759315544565,2.077678219116149,3.4148362357995623,9,"{""0"": 0.003165814686914862, ""1"": 0.004590188085626242, ""2"": 0.0067635941171353565, ""3"": 0.007292419979843269, ""4"": 0.002566912522347622, ""5"": 0.01048287541811713}"
primary_gain,200,p0.05,nan,1.0,1,0.05,9.950000000000001,10.085,3,18,2017,2017,1.5728289312089911,200,0.2922935401598116,0.005845870803196234,2.7775769693728587,18.25330973623692,2.087053036611324,3.4031941154277714,9,"{""0"": 0.0032547927408555, ""1"": 0.004693017239124575, ""2"": 0.006821464004744209, ""3"": 0.0074239169975086035, ""4"": 0.002451239481712717, ""5"": 0.010430794355231796}"
primary_gain,200,p0.10,nan,0.9808371806018932,1,0.1,19.900000000000002,19.93,9,32,3986,3986,1.5728289312089925,0,1.050530601495098,0.02101061202990196,nan,0.0,1.5728289312089925,7.139095178912975,13,"{""0"": 0.02417745257046105, ""1"": 0.023066067540796077, ""2"": 0.019088143720850336, ""3"": 0.020037794758351445, ""4"": 0.016911005353983054, ""5"": 0.0227832082349698}"
primary_gain,200,p0.10,nan,0.9808371806018932,1,0.1,19.900000000000002,19.93,9,32,3986,3986,1.5728289312089925,10,1.2236262223819088,0.02447252444763818,0.5472013857218752,14.236032460370508,2.0534180855523148,2.5946749320366007,6,"{""0"": 0.031134279969185517, ""1"": 0.0562503620346797, ""2"": 0.009508111114600112, ""3"": 0.03191730876360532, ""4"": 0.0007383659277801077, ""5"": 0.017286718875978307}"
primary_gain,200,p0.10,nan,0.9808371806018932,1,0.1,19.900000000000002,19.93,9,32,3986,3986,1.5728289312089925,20,0.48682299559694897,0.00973645991193898,14.858841381097728,16.365023019302832,2.088977560218359,2.659592385504085,9,"{""0"": 0.0177360808822682, ""1"": 0.00548191096078067, ""2"": 0.008456922630488292, ""3"": 0.013960435266354251, ""4"": 0.0004165975904628069, ""5"": 0.012366812141279666}"
primary_gain,200,p0.10,nan,0.9808371806018932,1,0.1,19.900000000000002,19.93,9,32,3986,3986,1.5728289312089925,30,0.32928074844369737,0.006585614968873949,9.814490087363657,17.498304598561965,2.0084663131338676,2.5930356983571836,8,"{""0"": 0.016126304154073963, ""1"": 0.0025375134014856975, ""2"": 0.0025414712722049734, ""3"": 0.011971465749225517, ""4"": 0.0011402845988268309, ""5"": 0.005196650637426717}"
primary_gain,200,p0.10,nan,0.9808371806018932,1,0.1,19.900000000000002,19.93,9,32,3986,3986,1.5728289312089925,40,0.30805907357537016,0.006161181471507404,7.7892931153162595,17.985179393383,1.9993385680479654,2.6745857240431103,8,"{""0"": 0.006682078008209519, ""1"": 0.0026487196828648635, ""2"": 0.0036642540055624893, ""3"": 0.0072456581429007376, ""4"": 0.0011829049796044505, ""5"": 0.015543474009902358}"
primary_gain,200,p0.10,nan,0.9808371806018932,1,0.1,19.900000000000002,19.93,9,32,3986,3986,1.5728289312089925,50,0.23927924160045688,0.004785584832009138,9.855583210575581,18.277485532797215,2.0067759751332193,2.8829210673946193,8,"{""0"": 0.003757020605422938, ""1"": 0.005291256188313815, ""2"": 0.003883607610629662, ""3"": 0.004152800489656036, ""4"": 0.0011082342694038966, ""5"": 0.010520589828628479}"
primary_gain,200,p0.10,nan,0.9808371806018932,1,0.1,19.900000000000002,19.93,9,32,3986,3986,1.5728289312089925,60,0.22872408772230843,0.00457448175444617,0.8052829077015815,18.6292508819806,2.05340587625432,3.089251200555702,8,"{""0"": 0.005351931581405358, ""1"": 0.004089974635463416, ""2"": 0.0016484362937811102, ""3"": 0.003751343697232329, ""4"": 0.002455889256090772, ""5"": 0.010149315062704029}"
primary_gain,200,p0.10,nan,0.9808371806018932,1,0.1,19.900000000000002,19.93,9,32,3986,3986,1.5728289312089925,70,0.21941529002995647,0.00438830580059913,4.438927539690903,18.6601011646587,2.0668107676029654,3.0597736850124138,8,"{""0"": 0.005370606448124692, ""1"": 0.00306565639004303, ""2"": 0.0035175145248760907, ""3"": 0.0038581384366610143, ""4"": 0.0017098514177260212, ""5"": 0.008808067586163934}"
primary_gain,200,p0.10,nan,0.9808371806018932,1,0.1,19.900000000000002,19.93,9,32,3986,3986,1.5728289312089925,80,0.22709708360581093,0.004541941672116219,16.011622352998934,18.860158136277875,2.0788894232514226,3.149117173383854,8,"{""0"": 0.006176291459920346, ""1"": 0.004731301529169061, ""2"": 0.0042414494731532, ""3"": 0.0033785440143586864, ""4"": 0.002112064937528936, ""5"": 0.00661199861856708}"
primary_gain,200,p0.10,nan,0.9808371806018932,1,0.1,19.900000000000002,19.93,9,32,3986,3986,1.5728289312089925,90,0.14960272537342462,0.0029920545074684926,0.8708641976105153,18.877334300469485,2.066765102664626,3.145516282249849,8,"{""0"": 0.00467400665967854, ""1"": 0.0028349846003022762, ""2"": 0.0014558722863296215, ""3"": 0.0034629938530013464, ""4"": 0.0017369029002428905, ""5"": 0.003787566745256284}"
primary_gain,200,p0.10,nan,0.9808371806018932,1,0.1,19.900000000000002,19.93,9,32,3986,3986,1.5728289312089925,100,0.14867976361934213,0.0029735952723868426,5.951388056657029,18.973584334900785,2.075488989259104,3.111990434213322,8,"{""0"": 0.004444210276142306, ""1"": 0.0035828580084098583, ""2"": 0.0014755075799054627, ""3"": 0.003750082640449058, ""4"": 0.0012303903488231514, ""5"": 0.003358522780591218}"
primary_gain,200,p0.10,nan,0.9808371806018932,1,0.1,19.900000000000002,19.93,9,32,3986,3986,1.5728289312089925,110,0.13860550308910466,0.0027721100617820937,7.344670839927829,19.089717539334405,2.075439635809455,3.0518820938819053,7,"{""0"": 0.004656645693682192, ""1"": 0.002181828293501376, ""2"": 0.0013642745372268608, ""3"": 0.003623820720891567, ""4"": 0.001116550827058758, ""5"": 0.003689540298331811}"
primary_gain,200,p0.10,nan,0.9808371806018932,1,0.1,19.900000000000002,19.93,9,32,3986,3986,1.5728289312089925,120,0.13970537815846037,0.002794107563169208,10.3128598611624,19.074140243456142,2.058862786721986,3.056646014320763,8,"{""0"": 0.004592488857597271, ""1"": 0.002302429336660969, ""2"": 0.001343781125953921, ""3"": 0.003701185895100428, ""4"": 0.0008443981652775153, ""5"": 0.003980361998425141}"
primary_gain,200,p0.10,nan,0.9808371806018932,1,0.1,19.900000000000002,19.93,9,32,3986,3986,1.5728289312089925,130,0.15245289494789288,0.0030490578989578582,6.65095529767847,19.12675626277147,2.0668493464626616,3.0446753039189898,8,"{""0"": 0.004606923791613186, ""1"": 0.0020344883483569445, ""2"": 0.001545622902279294, ""3"": 0.0038730620421596937, ""4"": 0.0008639543375988075, ""5"": 0.005370295971739223}"
primary_gain,200,p0.10,nan,0.9808371806018932,1,0.1,19.900000000000002,19.93,9,32,3986,3986,1.5728289312089925,140,0.12700316446557333,0.0025400632893114667,0.6806848326221677,19.163298854351034,2.066743898465992,3.022151634030142,7,"{""0"": 0.0033138641738212236, ""1"": 0.001946673527262515, ""2"": 0.001510459925865534, ""3"": 0.003775391451637722, ""4"": 0.0008048895431179901, ""5"": 0.003889101114163817}"
primary_gain,200,p0.10,nan,0.9808371806018932,1,0.1,19.900000000000002,19.93,9,32,3986,3986,1.5728289312089925,150,0.11618805573887771,0.0023237611147775544,0.3669632649648101,19.218620311633103,2.073630635436424,3.025239346860196,7,"{""0"": 0.002884443867291561, ""1"": 0.001845898570623708, ""2"": 0.001686259039504364, ""3"": 0.003513793075883523, ""4"": 0.0006218820944725288, ""5"": 0.0033902900408896417}"
primary_gain,200,p0.10,nan,0.9808371806018932,1,0.1,19.900000000000002,19.93,9,32,3986,3986,1.5728289312089925,160,0.10889603111972147,0.0021779206223944297,1.176508464822128,19.193052361702193,2.0658440987802935,2.9665808051535874,6,"{""0"": 0.0026408706253081998, ""1"": 0.0013710356589232934, ""2"": 0.0012425499959959254, ""3"": 0.0032516192608278032, ""4"": 0.0005193293053657793, ""5"": 0.004042118887945578}"
primary_gain,200,p0.10,nan,0.9808371806018932,1,0.1,19.900000000000002,19.93,9,32,3986,3986,1.5728289312089925,170,0.11221962655286802,0.0022443925310573604,0.8749564319860168,19.265644766518708,2.0717385542221236,2.9462942109574044,6,"{""0"": 0.003354899349484957, ""1"": 0.0013972070568344151, ""2"": 0.0010140887566928967, ""3"": 0.0035517921094265366, ""4"": 0.0005622655450779081, ""5"": 0.00358610236882745}"
primary_gain,200,p0.10,nan,0.9808371806018932,1,0.1,19.900000000000002,19.93,9,32,3986,3986,1.5728289312089925,180,0.1013246178146625,0.00202649235629325,13.48633845623474,19.3309880754638,2.0719451875164068,2.9754635425067812,6,"{""0"": 0.002420741285287252, ""1"": 0.001340228164059387, ""2"": 0.0010349987112154315, ""3"": 0.003320255218289256, ""4"": 0.0006225933850893875, ""5"": 0.0034201373738187877}"
primary_gain,200,p0.10,nan,0.9808371806018932,1,0.1,19.900000000000002,19.93,9,32,3986,3986,1.5728289312089925,190,0.09875399004214169,0.001975079800842834,0.2952497347885043,19.351433814069267,2.0719470612126893,3.010923477442769,6,"{""0"": 0.0021567774505591632, ""1"": 0.0013844041935140948, ""2"": 0.0015901521367024842, ""3"": 0.003450708246012587, ""4"": 0.0007785017104804126, ""5"": 0.002489935067788262}"
primary_gain,200,p0.10,nan,0.9808371806018932,1,0.1,19.900000000000002,19.93,9,32,3986,3986,1.5728289312089925,200,0.09368843906691225,0.0018737687813382452,3.9034273872613507,19.337025017959064,2.0611826442597474,3.005931017605462,6,"{""0"": 0.0020234627571947194, ""1"": 0.001238110192022191, ""2"": 0.002109132400379742, ""3"": 0.00328369572589613, ""4"": 0.0005563663026650463, ""5"": 0.0020318453098716422}"
primary_gain,200,p0.20,nan,1.026804995798668,1,0.2,39.800000000000004,39.615,25,56,7923,7923,1.5728289312089796,0,0.9857237901158455,0.019714475802316913,nan,0.0,1.5728289312089796,4.948345127282993,13,"{""0"": 0.022690105473045317, ""1"": 0.020671948867924266, ""2"": 0.017756369276286373, ""3"": 0.020123179372890532, ""4"": 0.01850100443546197, ""5"": 0.018544247388293012}"
primary_gain,200,p0.20,nan,1.026804995798668,1,0.2,39.800000000000004,39.615,25,56,7923,7923,1.5728289312089796,10,0.7108861974810317,0.014217723949620635,0.16191879729411396,9.742012821103,2.1593661709587915,2.470657045220143,4,"{""0"": 0.004890485764947081, ""1"": 0.03422170327646799, ""2"": 0.013278347906611764, ""3"": 0.02132238747289091, ""4"": 0.00040192176811398937, ""5"": 0.011191497508692085}"
primary_gain,200,p0.20,nan,1.026804995798668,1,0.2,39.800000000000004,39.615,25,56,7923,7923,1.5728289312089796,20,0.24491077097125408,0.004898215419425082,5.314502142986099,11.782760616401731,2.144365394127648,2.507782092027986,4,"{""0"": 0.012067701484159652, ""1"": 0.00205802387679285, ""2"": 0.0024253548853382127, ""3"": 0.005839818967397962, ""4"": 0.00020052353350224092, ""5"": 0.006797869769359567}"
primary_gain,200,p0.20,nan,1.026804995798668,1,0.2,39.800000000000004,39.615,25,56,7923,7923,1.5728289312089796,30,0.19173695268060736,0.003834739053612148,2.117767084844513,12.660950728807439,2.163243217705865,2.5992331888761475,3,"{""0"": 0.010425614151751418, ""1"": 0.003331441909530815, ""2"": 0.0009500279653387282, ""3"": 0.0008237774859628368, ""4"": 0.0013553558545026303, ""5"": 0.006122216954586467}"
primary_gain,200,p0.20,nan,1.026804995798668,1,0.2,39.800000000000004,39.615,25,56,7923,7923,1.5728289312089796,40,0.2191806551425784,0.004383613102851568,1.417943193951589,13.254879679159693,2.172124979726888,2.6503957745268463,3,"{""0"": 0.013781343725845479, ""1"": 0.0029553977997641683, ""2"": 0.0006371638901327174, ""3"": 0.0006634204210986027, ""4"": 0.0017076417041694207, ""5"": 0.006556711076099023}"
primary_gain,200,p0.20,nan,1.026804995798668,1,0.2,39.800000000000004,39.615,25,56,7923,7923,1.5728289312089796,50,0.1974705396706614,0.003949410793413228,13.209698628835792,13.860287073998196,2.163853135308366,2.6545685412096667,4,"{""0"": 0.013071047729203939, ""1"": 0.002568826011302873, ""2"": 0.000631704900477698, ""3"": 0.002560529777583033, ""4"": 0.0003173952967103733, ""5"": 0.004546961045201451}"
primary_gain,200,p0.20,nan,1.026804995798668,1,0.2,39.800000000000004,39.615,25,56,7923,7923,1.5728289312089796,60,0.1807530478318196,0.0036150609566363923,0.39695624859364514,14.111894169765192,2.200827236769346,2.6349806270586487,3,"{""0"": 0.010721827072050974, ""1"": 0.00262001724240537, ""2"": 0.0007361464509571341, ""3"": 0.0014720208701135148, ""4"": 0.0002194882700647334, ""5"": 0.005920865834226633}"
primary_gain,200,p0.20,nan,1.026804995798668,1,0.2,39.800000000000004,39.615,25,56,7923,7923,1.5728289312089796,70,0.17899793117376486,0.0035799586234752977,12.887968785719023,14.24442518500769,2.188366508348767,2.6773382421266154,3,"{""0"": 0.01066328081106734, ""1"": 0.003316079659267554, ""2"": 0.0006862814161297953, ""3"": 0.0016459036732848573, ""4"": 0.00018682694051477236, ""5"": 0.004981379240587468}"
primary_gain,200,p0.20,nan,1.026804995798668,1,0.2,39.800000000000004,39.615,25,56,7923,7923,1.5728289312089796,80,0.20171718397331898,0.00403434367946638,0.6742672039857859,14.567132852630051,2.1558694050647844,2.713095287044656,4,"{""0"": 0.010141240111990617, ""1"": 0.004621409338326355, ""2"": 0.0006087819532087084, ""3"": 0.0016944206066264763, ""4"": 0.00022259802892184648, ""5"": 0.006917612037724272}"
primary_gain,200,p0.20,nan,1.026804995798668,1,0.2,39.800000000000004,39.615,25,56,7923,7923,1.5728289312089796,90,0.24360980488116346,0.004872196097623269,0.09873430741345346,14.889044102485386,2.1668407000222585,2.781226572463049,4,"{""0"": 0.009421637531704673, ""1"": 0.003327163869494356, ""2"": 0.0005722702282009793, ""3"": 0.005873033073782236, ""4"": 0.00022152972045055055, ""5"": 0.009817542162106825}"
primary_gain,200,p0.20,nan,1.026804995798668,1,0.2,39.800000000000004,39.615,25,56,7923,7923,1.5728289312089796,100,0.22773019718447662,0.004554603943689534,0.31259413514706536,15.053322056026943,2.161149305289767,2.7664132029285007,4,"{""0"": 0.010222497455147821, ""1"": 0.003781180054152447, ""2"": 0.0006428557660976798, ""3"": 0.0025953598828304496, ""4"": 0.00020004016796245548, ""5"": 0.009885690335946348}"
primary_gain,200,p0.20,nan,1.026804995798668,1,0.2,39.800000000000004,39.615,25,56,7923,7923,1.5728289312089796,110,0.2144662395592386,0.004289324791184773,0.13775114279520687,15.142477969380533,2.1845364069100013,2.72095585490097,3,"{""0"": 0.009071956829187355, ""1"": 0.004041898135940863, ""2"": 0.000503887124766621, ""3"": 0.0018747562867326103, ""4"": 0.00018952248141176608, ""5"": 0.010053927889069425}"
primary_gain,200,p0.20,nan,1.026804995798668,1,0.2,39.800000000000004,39.615,25,56,7923,7923,1.5728289312089796,120,0.1455047591401099,0.0029100951828021984,0.047233399466815124,15.118542764869213,2.1406685744674845,2.6632301210829064,3,"{""0"": 0.008654788462241388, ""1"": 0.003540686581699212, ""2"": 0.0005243684923429376, ""3"": 0.0011733831036346205, ""4"": 0.0001699316146095526, ""5"": 0.00339741284228548}"
primary_gain,200,p0.20,nan,1.026804995798668,1,0.2,39.800000000000004,39.615,25,56,7923,7923,1.5728289312089796,130,0.14243022426419633,0.002848604485283927,0.37163430815318,15.368312432589294,2.0940020319893993,2.618617939543401,3,"{""0"": 0.006958734052451678, ""1"": 0.003476021632573234, ""2"": 0.000587008842658394, ""3"": 0.0009537606434703701, ""4"": 0.00019522226585286836, ""5"": 0.0049208794746970225}"
primary_gain,200,p0.20,nan,1.026804995798668,1,0.2,39.800000000000004,39.615,25,56,7923,7923,1.5728289312089796,140,0.11631892869251227,0.0023263785738502456,2.584356173714192,15.578601007309603,2.012965821639181,2.6085464862056584,3,"{""0"": 0.007512999038820555, ""1"": 0.0016783616646511, ""2"": 0.0004120220685779869, ""3"": 0.0006782501984803002, ""4"": 0.00030463004730717604, ""5"": 0.0033720084252643564}"
primary_gain,200,p0.20,nan,1.026804995798668,1,0.2,39.800000000000004,39.615,25,56,7923,7923,1.5728289312089796,150,0.07234206915115257,0.0014468413830230516,0.46417745920666176,15.679730601756335,2.010673891205025,2.5981613682638116,3,"{""0"": 0.000953049788982937, ""1"": 0.0027737686577732792, ""2"": 0.00036912998607518895, ""3"": 0.0006437972375614796, ""4"": 0.00034623937099729476, ""5"": 0.003595063256748128}"
primary_gain,200,p0.20,nan,1.026804995798668,1,0.2,39.800000000000004,39.615,25,56,7923,7923,1.5728289312089796,160,0.07565643661062142,0.0015131287322124286,0.2964090888678011,15.767217209490319,2.0103870600951783,2.599606926038435,3,"{""0"": 0.0008903084075324799, ""1"": 0.0032618698930425667, ""2"": 0.00035788397249693105, ""3"": 0.0006361657775451328, ""4"": 0.00047117298664560767, ""5"": 0.003461371356011854}"
primary_gain,200,p0.20,nan,1.026804995798668,1,0.2,39.800000000000004,39.615,25,56,7923,7923,1.5728289312089796,170,0.06201553711785906,0.0012403107423571813,0.2516101129627936,15.829179753850253,2.01372619298574,2.594575939002651,3,"{""0"": 0.0013335771194033848, ""1"": 0.0016200209191809633, ""2"": 0.00035243918535919253, ""3"": 0.0006149385219411819, ""4"": 0.00043997987314845866, ""5"": 0.0030809088351099077}"
primary_gain,200,p0.20,nan,1.026804995798668,1,0.2,39.800000000000004,39.615,25,56,7923,7923,1.5728289312089796,180,0.06093844479715376,0.0012187688959430754,0.6139919240104948,15.951427325194613,2.0143680965897786,2.6167277691388393,3,"{""0"": 0.0013546529905882434, ""1"": 0.0019547338247398256, ""2"": 0.0003200837230789416, ""3"": 0.0006673223657884666, ""4"": 0.00046431518512345696, ""5"": 0.0025515052863395184}"
primary_gain,200,p0.20,nan,1.026804995798668,1,0.2,39.800000000000004,39.615,25,56,7923,7923,1.5728289312089796,190,0.06927372592422858,0.0013854745184845715,0.3388976023766387,16.07480837809808,2.0215509171389106,2.6081323607083724,3,"{""0"": 0.0032248146981937857, ""1"": 0.0017277909474593413, ""2"": 0.0002861535758058768, ""3"": 0.0006567652418799075, ""4"": 0.0004442291210265181, ""5"": 0.0019730935265419997}"
primary_gain,200,p0.20,nan,1.026804995798668,1,0.2,39.800000000000004,39.615,25,56,7923,7923,1.5728289312089796,200,0.09558362022474608,0.0019116724044949218,0.14975582306072702,16.09485219221855,2.035951634421447,2.6519185397835687,3,"{""0"": 0.007463214824619435, ""1"": 0.0018985881508975673, ""2"": 0.0002543485906784742, ""3"": 0.0006836100040734689, ""4"": 0.0004079714487583112, ""5"": 0.0007623014079422745}"
primary_gain,200,p0.40,nan,0.9613875362420684,1,0.4,79.60000000000001,79.945,59,97,15989,15989,1.5728289312089876,0,1.0135463984778272,0.020270927969556547,nan,0.0,1.5728289312089876,4.640194320974434,11,"{""0"": 0.020718682241966303, ""1"": 0.021160702264393795, ""2"": 0.02020797511246488, ""3"": 0.020110031330182767, ""4"": 0.02009507716283602, ""5"": 0.01933309970549551}"
primary_gain,200,p0.40,nan,0.9613875362420684,1,0.4,79.60000000000001,79.945,59,97,15989,15989,1.5728289312089876,10,0.5766689620374347,0.011533379240748697,0.09586775297456834,7.555849310782933,2.043288174281721,2.71318367825928,4,"{""0"": 0.008508648959606412, ""1"": 0.051861594995155205, ""2"": 0.0044701664827288354, ""3"": 0.0038629358987728657, ""4"": 0.00017343339883733644, ""5"": 0.00032349570939151507}"
primary_gain,200,p0.40,nan,0.9613875362420684,1,0.4,79.60000000000001,79.945,59,97,15989,15989,1.5728289312089876,20,0.31513552903246034,0.006302710580649207,0.7159050860763062,9.635328794833436,1.9599093237449057,2.0817811788016236,3,"{""0"": 0.01161650970039666, ""1"": 0.00019112740521364343, ""2"": 0.01099298420988604, ""3"": 0.014746817035568882, ""4"": 5.766099531425325e-05, ""5"": 0.00021116413751576745}"
primary_gain,200,p0.40,nan,0.9613875362420684,1,0.4,79.60000000000001,79.945,59,97,15989,15989,1.5728289312089876,30,0.14507921849376348,0.00290158436987527,0.47470628604173165,11.082622685365305,1.7532173240554223,2.1711416939089676,3,"{""0"": 0.009927181994197325, ""1"": 0.000227293977598042, ""2"": 0.0005783060497958392, ""3"": 0.006341112364727756, ""4"": 5.686757049902933e-05, ""5"": 0.0002787442624336277}"
primary_gain,200,p0.40,nan,0.9613875362420684,1,0.4,79.60000000000001,79.945,59,97,15989,15989,1.5728289312089876,40,0.01502183309839742,0.00030043666196794846,0.05883312714283031,12.009789186868101,1.7693426061031075,2.4885106235727226,3,"{""0"": 0.0006231769220075721, ""1"": 0.0002317650336710124, ""2"": 0.00037337114015755375, ""3"": 0.0002674564527358681, ""4"": 7.517755853689638e-05, ""5"": 0.00023167286469878787}"
primary_gain,200,p0.40,nan,0.9613875362420684,1,0.4,79.60000000000001,79.945,59,97,15989,15989,1.5728289312089876,50,0.01115061657949109,0.00022301233158982182,0.13587991738378224,12.491152538005274,1.7996087741652582,2.472641884915283,3,"{""0"": 0.0004432407996828538, ""1"": 0.00018321253281077232, ""2"": 0.0001584736700096141, ""3"": 0.00020808251884618087, ""4"": 0.00013873596009438832, ""5"": 0.00020632850809512124}"
primary_gain,200,p0.40,nan,0.9613875362420684,1,0.4,79.60000000000001,79.945,59,97,15989,15989,1.5728289312089876,60,0.009827839160099123,0.00019655678320198248,0.554678644541743,12.846151123740011,1.7590844961862455,2.4689842777262783,3,"{""0"": 0.0003706781818345658, ""1"": 0.00020579794408622063, ""2"": 0.00012614470764841772, ""3"": 0.00018799815302112508, ""4"": 0.00013154659971830092, ""5"": 0.00015717511290326466}"
primary_gain,200,p0.40,nan,0.9613875362420684,1,0.4,79.60000000000001,79.945,59,97,15989,15989,1.5728289312089876,70,0.010113592900771915,0.00020227185801543834,0.28844312248090465,13.051240230074447,1.778776667749484,2.4722210052293643,3,"{""0"": 0.0003661438806443739, ""1"": 0.00023555473033447962, ""2"": 0.0001314360335543387, ""3"": 0.0001885797127372443, ""4"": 0.00017901457612928465, ""5"": 0.00011290221469290871}"
primary_gain,200,p0.40,nan,0.9613875362420684,1,0.4,79.60000000000001,79.945,59,97,15989,15989,1.5728289312089876,80,0.008020263089364018,0.00016040526178728038,0.34772856514438144,13.410629499855295,1.7799077218949275,2.467376500050576,3,"{""0"": 0.00023395586193888013, ""1"": 0.00014993000274709863, ""2"": 0.00015215222900110648, ""3"": 0.0001745469273591531, ""4"": 0.00015816704821168293, ""5"": 9.367950146576096e-05}"
primary_gain,200,p0.40,nan,0.9613875362420684,1,0.4,79.60000000000001,79.945,59,97,15989,15989,1.5728289312089876,90,0.00738553916133433,0.0001477107832266866,0.06391371810922804,13.600918125055676,1.7701008476033422,2.4677269741681536,3,"{""0"": 0.00022315804564021084, ""1"": 0.0001574135369159022, ""2"": 0.00013463683008201532, ""3"": 0.0001823614899650911, ""4"": 0.00010836163188810253, ""5"": 8.033316486879757e-05}"
primary_gain,200,p0.40,nan,0.9613875362420684,1,0.4,79.60000000000001,79.945,59,97,15989,15989,1.5728289312089876,100,0.006957178982803107,0.00013914357965606216,0.08842923841914238,13.721210426203402,1.7728713058524557,2.466885218753873,3,"{""0"": 0.00020868150890971448, ""1"": 0.000150916272525294, ""2"": 0.00013386477862139853, ""3"": 0.00017838218996368876, ""4"": 8.59194341686755e-05, ""5"": 7.709729374760167e-05}"
primary_gain,200,p0.40,nan,0.9613875362420684,1,0.4,79.60000000000001,79.945,59,97,15989,15989,1.5728289312089876,110,0.006967839289595425,0.00013935678579190852,0.7735411723328312,14.00618104475647,1.7758498614254299,2.463514208740075,3,"{""0"": 0.00019902164758389462, ""1"": 0.00010836261169451275, ""2"": 0.0001238043412114206, ""3"": 0.0001932023861334219, ""4"": 0.00013026252646167292, ""5"": 8.148720166652838e-05}"
primary_gain,200,p0.40,nan,0.9613875362420684,1,0.4,79.60000000000001,79.945,59,97,15989,15989,1.5728289312089876,120,0.006876802012278982,0.00013753604024557966,0.0853840486538946,14.251819344366126,1.7926580109950006,2.460160664525532,3,"{""0"": 0.00021265938566958774, ""1"": 0.00011550597510607535, ""2"": 0.0001200342961921608, ""3"": 0.00016125797689922914, ""4"": 0.000135864492656022, ""5"": 7.989411495040307e-05}"
primary_gain,200,p0.40,nan,0.9613875362420684,1,0.4,79.60000000000001,79.945,59,97,15989,15989,1.5728289312089876,130,0.007092161239912154,0.0001418432247982431,0.012208317023629843,14.353648261796327,1.7972964637115623,2.460187607717243,3,"{""0"": 0.0002139264804553634, ""1"": 0.00011656312672337927, ""2"": 0.0001338833839033873, ""3"": 0.00016807657928557136, ""4"": 0.00013928989061944176, ""5"": 7.931988780231549e-05}"
primary_gain,200,p0.40,nan,0.9613875362420684,1,0.4,79.60000000000001,79.945,59,97,15989,15989,1.5728289312089876,140,0.006758284093685093,0.00013516568187370187,0.05489444157215969,14.624092753611624,1.8074735535107929,2.4608483472275573,3,"{""0"": 0.00018320565975866153, ""1"": 0.00011559387998682931, ""2"": 0.0001654315045002834, ""3"": 0.0001545046154095275, ""4"": 0.0001186592728198668, ""5"": 7.359915876704266e-05}"
primary_gain,200,p0.40,nan,0.9613875362420684,1,0.4,79.60000000000001,79.945,59,97,15989,15989,1.5728289312089876,150,0.007024396962342188,0.00014048793924684378,0.2666913973768889,14.81222396527646,1.8154837519732574,2.45927575512279,3,"{""0"": 0.00018672603673201203, ""1"": 0.00011430335493083958, ""2"": 0.00017313355849872357, ""3"": 0.00015302631918105817, ""4"": 0.00014577096394935126, ""5"": 6.996740218907809e-05}"
primary_gain,200,p0.40,nan,0.9613875362420684,1,0.4,79.60000000000001,79.945,59,97,15989,15989,1.5728289312089876,160,0.006856058729396452,0.00013712117458792905,0.04961871071906328,15.066687523561345,1.8524548218351642,2.459457097576911,3,"{""0"": 0.0001919468169370689, ""1"": 0.00010730552639127244, ""2"": 0.00017431166380446492, ""3"": 0.0001394732681333542, ""4"": 0.00014037703936732688, ""5"": 6.931273289408706e-05}"
primary_gain,200,p0.40,nan,0.9613875362420684,1,0.4,79.60000000000001,79.945,59,97,15989,15989,1.5728289312089876,170,0.006425668323164482,0.00012851336646328964,0.0991017387657164,15.177380849698784,1.854840122149864,2.459010540742831,3,"{""0"": 0.000176048694511162, ""1"": 0.00010826535216426618, ""2"": 0.0001567795915601591, ""3"": 0.00013606039879501778, ""4"": 0.00012692962596748568, ""5"": 6.699653578164707e-05}"
primary_gain,200,p0.40,nan,0.9613875362420684,1,0.4,79.60000000000001,79.945,59,97,15989,15989,1.5728289312089876,180,0.006657335984059801,0.00013314671968119604,0.1328817197808891,15.278016216977337,1.8580261603274337,2.458908673201126,3,"{""0"": 0.0001698076972305926, ""1"": 0.00010587020911303382, ""2"": 0.0001672782178529453, ""3"": 0.00013995059707288523, ""4"": 0.00014661986287412663, ""5"": 6.935373394359259e-05}"
primary_gain,200,p0.40,nan,0.9613875362420684,1,0.4,79.60000000000001,79.945,59,97,15989,15989,1.5728289312089876,190,0.0069640913537575965,0.00013928182707515196,0.0751031153695073,15.483075698274725,1.885856164973569,2.4547133631761886,3,"{""0"": 0.00015829841297530556, ""1"": 0.00010855975375857911, ""2"": 0.00018118807972133531, ""3"": 0.00013227910905897982, ""4"": 0.0001712443908308013, ""5"": 8.412121610591069e-05}"
primary_gain,200,p0.40,nan,0.9613875362420684,1,0.4,79.60000000000001,79.945,59,97,15989,15989,1.5728289312089876,200,0.007565477225382752,0.00015130954450765505,0.025904341316470333,15.653205531211965,1.8967505479736049,2.454796002319139,3,"{""0"": 0.00015972245053026148, ""1"": 0.00012031263678983825, ""2"": 0.00024027738687559122, ""3"": 0.00012130457905513247, ""4"": 0.00020299344166371447, ""5"": 6.32467721313924e-05}"
primary_gain,200,p0.05,nan,1.0,2,0.05,9.950000000000001,9.695,2,19,1939,1939,1.5529577225853046,0,1.033719400438695,0.0206743880087739,nan,0.0,1.5529577225853046,4.164212407727731,11,"{""0"": 0.01899551693111618, ""1"": 0.02051666120646168, ""2"": 0.02159289160117658, ""3"": 0.02097402951756729, ""4"": 0.021960888921615768, ""5"": 0.020006339874705924}"
primary_gain,200,p0.05,nan,1.0,2,0.05,9.950000000000001,9.695,2,19,1939,1939,1.5529577225853046,10,0.6207302656243879,0.01241460531248776,5.31542141251756,12.839212245412286,1.8813840892060776,2.3070099812502276,5,"{""0"": 0.03337213081334995, ""1"": 0.015306514484656595, ""2"": 0.004765532872669771, ""3"": 0.006075071869807979, ""4"": 0.011372440691442559, ""5"": 0.003595941142999716}"
primary_gain,200,p0.05,nan,1.0,2,0.05,9.950000000000001,9.695,2,19,1939,1939,1.5529577225853046,20,0.3976208971074361,0.007952417942148723,16.6786536835965,13.935542611958867,1.9635028405211221,2.203232010836792,5,"{""0"": 0.0186897636967475, ""1"": 0.004297232686052777, ""2"": 0.004833076198602068, ""3"": 0.0052318055843818476, ""4"": 0.010797913725421396, ""5"": 0.0038647157616867474}"
primary_gain,200,p0.05,nan,1.0,2,0.05,9.950000000000001,9.695,2,19,1939,1939,1.5529577225853046,30,0.38132338945771715,0.007626467789154344,9.286304848381588,14.509954631723748,1.939873071687816,2.4048801813691902,5,"{""0"": 0.0172650596587347, ""1"": 0.006807280065289028, ""2"": 0.0028286915808603064, ""3"": 0.0017760197760072795, ""4"": 0.014262222693855613, ""5"": 0.002819532960179128}"
primary_gain,200,p0.05,nan,1.0,2,0.05,9.950000000000001,9.695,2,19,1939,1939,1.5529577225853046,40,0.3776558997174156,0.007553117994348313,4.515036904627027,15.40165798380614,1.8853709545470314,2.6109453723423894,5,"{""0"": 0.011341540920824823, ""1"": 0.011928300984758534, ""2"": 0.004236995750784698, ""3"": 0.0013376705779543992, ""4"": 0.012716211820551576, ""5"": 0.0037579879112158445}"
primary_gain,200,p0.05,nan,1.0,2,0.05,9.950000000000001,9.695,2,19,1939,1939,1.5529577225853046,50,0.4039502925096924,0.008079005850193848,9.166705894531765,15.732106571469373,1.9385225107506274,2.461528828727706,5,"{""0"": 0.011322857470409231, ""1"": 0.014517289132488209, ""2"": 0.004073506926032038, ""3"": 0.002804072469159498, ""4"": 0.011867480753216234, ""5"": 0.0038888283498578783}"
primary_gain,200,p0.05,nan,1.0,2,0.05,9.950000000000001,9.695,2,19,1939,1939,1.5529577225853046,60,0.3954463497635375,0.00790892699527075,3.114252977302641,15.8442073751031,1.9492135636609862,2.400009369663687,5,"{""0"": 0.011716331228524826, ""1"": 0.014433090489585257, ""2"": 0.003758856197643801, ""3"": 0.0035796432290063135, ""4"": 0.010481356056409834, ""5"": 0.0034842847704544726}"
primary_gain,200,p0.05,nan,1.0,2,0.05,9.950000000000001,9.695,2,19,1939,1939,1.5529577225853046,70,0.3810495362420279,0.007620990724840559,4.491473028261315,15.995206978339446,1.9850637385363497,2.3629120735610987,5,"{""0"": 0.013914807454041372, ""1"": 0.011050742232350884, ""2"": 0.0032260132088638574, ""3"": 0.002826290814992736, ""4"": 0.012128753343958522, ""5"": 0.0025793372948359813}"
primary_gain,200,p0.05,nan,1.0,2,0.05,9.950000000000001,9.695,2,19,1939,1939,1.5529577225853046,80,0.3469976503055035,0.00693995300611007,3.092543978733848,16.130297211363512,1.9631660818523557,2.297469216085076,5,"{""0"": 0.014001555871415338, ""1"": 0.010667374095151956, ""2"": 0.0044151422304099545, ""3"": 0.002337809027530666, ""4"": 0.006703129554254712, ""5"": 0.003514707257897799}"
primary_gain,200,p0.05,nan,1.0,2,0.05,9.950000000000001,9.695,2,19,1939,1939,1.5529577225853046,90,0.3129120292327206,0.0062582405846544125,4.040025017754908,16.33188746878009,1.956140727274471,2.396423583790478,5,"{""0"": 0.012295381563634187, ""1"": 0.009890709811621207, ""2"": 0.005286509054688607, ""3"": 0.001179489343983339, ""4"": 0.0051718220907918735, ""5"": 0.00372553164320726}"
primary_gain,200,p0.05,nan,1.0,2,0.05,9.950000000000001,9.695,2,19,1939,1939,1.5529577225853046,100,0.3050629252836586,0.006101258505673173,2.255610785521827,16.581834928672674,1.9529597612126217,2.501604403858491,5,"{""0"": 0.009174912800097898, ""1"": 0.01155013348994664, ""2"": 0.006069939613846389, ""3"": 0.0011882705907435532, ""4"": 0.00457974636397069, ""5"": 0.004044548175433865}"
primary_gain,200,p0.05,nan,1.0,2,0.05,9.950000000000001,9.695,2,19,1939,1939,1.5529577225853046,110,0.30305352757254006,0.006061070551450802,1.8199218014854979,16.604338152081244,1.954894830608478,2.4671929924591045,5,"{""0"": 0.009344072027260905, ""1"": 0.011176811199208145, ""2"": 0.0058468802644720775, ""3"": 0.0011159679760376138, ""4"": 0.004922666905190639, ""5"": 0.003960024936535431}"
primary_gain,200,p0.05,nan,1.0,2,0.05,9.950000000000001,9.695,2,19,1939,1939,1.5529577225853046,120,0.29432568423306216,0.005886513684661244,4.293915985078472,16.65942639946818,1.9491307025475173,2.4509196881949484,5,"{""0"": 0.010385709106421571, ""1"": 0.009334905018881814, ""2"": 0.005018170240316594, ""3"": 0.000965094185571665, ""4"": 0.006153869877069741, ""5"": 0.0034613336797060775}"
primary_gain,200,p0.05,nan,1.0,2,0.05,9.950000000000001,9.695,2,19,1939,1939,1.5529577225853046,130,0.2891074882628737,0.005782149765257474,4.436411699981332,16.797579646567744,1.9594519623548416,2.4422531488248214,5,"{""0"": 0.010255265506237014, ""1"": 0.008913683893759029, ""2"": 0.004981932393006582, ""3"": 0.0009644060592787806, ""4"": 0.006204078572216011, ""5"": 0.003373532167047429}"
primary_gain,200,p0.05,nan,1.0,2,0.05,9.950000000000001,9.695,2,19,1939,1939,1.5529577225853046,140,0.2884293922975622,0.005768587845951245,3.1990626896564582,16.922095821230773,1.9648448372946792,2.4745300617922883,5,"{""0"": 0.00988053877768871, ""1"": 0.009624756793923276, ""2"": 0.004548364594787111, ""3"": 0.0008503755632037564, ""4"": 0.006718926570605554, ""5"": 0.0029885647754990625}"
primary_gain,200,p0.05,nan,1.0,2,0.05,9.950000000000001,9.695,2,19,1939,1939,1.5529577225853046,150,0.2935647548345967,0.005871295096691935,3.7092223440777414,17.067337566545756,1.9733975320114716,2.4749627766037934,5,"{""0"": 0.010595348522241884, ""1"": 0.009618343561183566, ""2"": 0.004162383289333651, ""3"": 0.0008835088567860132, ""4"": 0.007527138696875787, ""5"": 0.002441047653730711}"
primary_gain,200,p0.05,nan,1.0,2,0.05,9.950000000000001,9.695,2,19,1939,1939,1.5529577225853046,160,0.2931959189071602,0.005863918378143204,10.11884440292998,17.100947008025884,1.9773503967479769,2.4449281719268385,5,"{""0"": 0.01094364623510539, ""1"": 0.009704761837957765, ""2"": 0.004001300754216585, ""3"": 0.0010095828024282553, ""4"": 0.007115273286174192, ""5"": 0.0024089453529770413}"
primary_gain,200,p0.05,nan,1.0,2,0.05,9.950000000000001,9.695,2,19,1939,1939,1.5529577225853046,170,0.29981087959278696,0.0059962175918557405,3.0224647037736214,17.170598819123928,1.9766018925397504,2.4252607709451635,5,"{""0"": 0.010620088309711447, ""1"": 0.010193300976553358, ""2"": 0.004028607627883798, ""3"": 0.0017416862096316294, ""4"": 0.007033690121799964, ""5"": 0.002359932305554249}"
primary_gain,200,p0.05,nan,1.0,2,0.05,9.950000000000001,9.695,2,19,1939,1939,1.5529577225853046,180,0.29200887089186983,0.005840177417837398,23.00085242701699,17.21330017395162,1.9753332978105484,2.441138816306928,5,"{""0"": 0.009445170238519564, ""1"": 0.01060573214259251, ""2"": 0.00428860818113125, ""3"": 0.0019041108157787732, ""4"": 0.006200117919640506, ""5"": 0.002597325209361784}"
primary_gain,200,p0.05,nan,1.0,2,0.05,9.950000000000001,9.695,2,19,1939,1939,1.5529577225853046,190,0.2778630140111118,0.0055572602802222365,3.116846357338633,17.35338762705369,1.982682492148765,2.513793094640556,5,"{""0"": 0.008904190401264367, ""1"": 0.010738154265268383, ""2"": 0.003937014041787928, ""3"": 0.0009345917828036922, ""4"": 0.006599080376132356, ""5"": 0.0022305308140766985}"
primary_gain,200,p0.05,nan,1.0,2,0.05,9.950000000000001,9.695,2,19,1939,1939,1.5529577225853046,200,0.27209168258567673,0.005441833651713535,0.674424048511072,17.444408229601557,1.9768892011330301,2.5101786788595284,5,"{""0"": 0.008778304610367304, ""1"": 0.010122935398955688, ""2"": 0.003966177806706402, ""3"": 0.0008738401392043273, ""4"": 0.006719170055265664, ""5"": 0.002190573899781823}"
primary_gain,200,p0.10,nan,0.9416570296415376,2,0.1,19.900000000000002,20.31,8,36,4062,4062,1.552957722585306,0,0.9897013483469566,0.019794026966939136,nan,0.0,1.552957722585306,4.348484495941612,11,"{""0"": 0.0189388846249996, ""1"": 0.022957743571573316, ""2"": 0.021689632910928503, ""3"": 0.020540738876874565, ""4"": 0.01700597904896354, ""5"": 0.01763118276829528}"
primary_gain,200,p0.10,nan,0.9416570296415376,2,0.1,19.900000000000002,20.31,8,36,4062,4062,1.552957722585306,10,0.6287695193380268,0.012575390386760537,3.8116778765848363,11.465921377969796,2.1267341035348992,2.0555371736375556,4,"{""0"": 0.018336275748702547, ""1"": 0.001996727552300847, ""2"": 0.03298433520108672, ""3"": 0.0017576453544760676, ""4"": 0.009552664291191127, ""5"": 0.010824694172805918}"
primary_gain,200,p0.10,nan,0.9416570296415376,2,0.1,19.900000000000002,20.31,8,36,4062,4062,1.552957722585306,20,0.7726710358092579,0.015453420716185159,37.71108199535249,13.33024114054818,2.2042881935920042,2.326195910294047,6,"{""0"": 0.02023415034346674, ""1"": 0.0012572043037301982, ""2"": 0.048370098573624544, ""3"": 0.004885111988779353, ""4"": 0.006336253687729264, ""5"": 0.011637705399780868}"
primary_gain,200,p0.10,nan,0.9416570296415376,2,0.1,19.900000000000002,20.31,8,36,4062,4062,1.552957722585306,30,0.4785943480554951,0.009571886961109903,2.7632753165426602,14.873088083535725,2.0986138959076537,2.841298193362992,6,"{""0"": 0.0052798869031672425, ""1"": 0.014226392901917757, ""2"": 0.02642404522332139, ""3"": 0.002961719676466595, ""4"": 0.004430725442194365, ""5"": 0.004108551619592069}"
primary_gain,200,p0.10,nan,0.9416570296415376,2,0.1,19.900000000000002,20.31,8,36,4062,4062,1.552957722585306,40,0.45736609958559915,0.009147321991711985,2.09454870009352,15.377351652793411,2.0419385521999467,2.8196023735917253,6,"{""0"": 0.0010452284464655963, ""1"": 0.014747327545993385, ""2"": 0.025311042462698902, ""3"": 0.0010821343022028457, ""4"": 0.009814370895243825, ""5"": 0.002883828297667346}"
primary_gain,200,p0.10,nan,0.9416570296415376,2,0.1,19.900000000000002,20.31,8,36,4062,4062,1.552957722585306,50,0.2878609127640313,0.005757218255280627,5.9695519624032265,16.072838624162767,1.9084231187733454,2.982050485626603,6,"{""0"": 0.0016639843442062395, ""1"": 0.012470285007152498, ""2"": 0.0027132538247744372, ""3"": 0.005169959661804769, ""4"": 0.009934605892342883, ""5"": 0.002591220801402933}"
primary_gain,200,p0.10,nan,0.9416570296415376,2,0.1,19.900000000000002,20.31,8,36,4062,4062,1.552957722585306,60,0.2773489654696373,0.005546979309392746,1.7682157937956962,16.391688141711438,1.9200785728393068,2.9825712213634494,7,"{""0"": 0.0023285158027322316, ""1"": 0.013742349760862683, ""2"": 0.0022791786719738747, ""3"": 0.006649265947292082, ""4"": 0.005830860262949754, ""5"": 0.0024517054105458514}"
primary_gain,200,p0.10,nan,0.9416570296415376,2,0.1,19.900000000000002,20.31,8,36,4062,4062,1.552957722585306,70,0.2845183900476936,0.005690367800953872,5.532351887006656,16.347386998735864,1.9193336845262203,2.864112045053523,6,"{""0"": 0.004744415280298039, ""1"": 0.012016971376275002, ""2"": 0.0024600682341551646, ""3"": 0.009913452997904627, ""4"": 0.0038633487038335036, ""5"": 0.0011439502132568953}"
primary_gain,200,p0.10,nan,0.9416570296415376,2,0.1,19.900000000000002,20.31,8,36,4062,4062,1.552957722585306,80,0.23521551883821773,0.004704310376764356,0.5346431877710979,16.517352498691483,1.9361205722590293,3.085236467350918,7,"{""0"": 0.006462066174630192, ""1"": 0.013148074851249672, ""2"": 0.003258757515950577, ""3"": 0.0014857419168534832, ""4"": 0.002773640099282172, ""5"": 0.0010975817026200375}"
primary_gain,200,p0.10,nan,0.9416570296415376,2,0.1,19.900000000000002,20.31,8,36,4062,4062,1.552957722585306,90,0.2628962014739913,0.005257924029479826,1.3086068890777804,16.604671172063597,1.9247763162217661,3.0544158964576074,7,"{""0"": 0.00886744833257806, ""1"": 0.012389323034909527, ""2"": 0.0031200737748429018, ""3"": 0.002477021041987551, ""4"": 0.0033090155471789473, ""5"": 0.0013846624453819711}"
primary_gain,200,p0.10,nan,0.9416570296415376,2,0.1,19.900000000000002,20.31,8,36,4062,4062,1.552957722585306,100,0.23533751852372933,0.004706750370474587,0.6089907808430064,16.66004081482256,1.908394991383749,3.0625370325444337,7,"{""0"": 0.006217466527445875, ""1"": 0.012533352568529093, ""2"": 0.0033611241236480476, ""3"": 0.0012583005852400348, ""4"": 0.0035076573176982414, ""5"": 0.0013626011002862307}"
primary_gain,200,p0.10,nan,0.9416570296415376,2,0.1,19.900000000000002,20.31,8,36,4062,4062,1.552957722585306,110,0.24041531984535924,0.004808306396907186,12.907177829742972,16.770499324116646,1.9048450930492968,2.995543636544158,7,"{""0"": 0.006628541700128167, ""1"": 0.012898246877858626, ""2"": 0.00352684932300112, ""3"": 0.0014845723167106434, ""4"": 0.002864168467522751, ""5"": 0.0014474596962218023}"
primary_gain,200,p0.10,nan,0.9416570296415376,2,0.1,19.900000000000002,20.31,8,36,4062,4062,1.552957722585306,120,0.2140013272569729,0.004280026545139458,0.8720693239896236,16.875072195070825,1.8917826328203606,2.9515549520132534,6,"{""0"": 0.005174231226868939, ""1"": 0.013958495994791292, ""2"": 0.0018940192829504689, ""3"": 0.0010130258152153458, ""4"": 0.002801513695299912, ""5"": 0.0008388732557107895}"
primary_gain,200,p0.10,nan,0.9416570296415376,2,0.1,19.900000000000002,20.31,8,36,4062,4062,1.552957722585306,130,0.20185059120649126,0.004037011824129825,6.758306727813988,17.000130551061805,1.8979463834900139,2.9107351811826083,6,"{""0"": 0.006024243040418587, ""1"": 0.010642821947869715, ""2"": 0.002510830914294939, ""3"": 0.002475425731621684, ""4"": 0.0017450991423031542, ""5"": 0.0008236501682708727}"
primary_gain,200,p0.10,nan,0.9416570296415376,2,0.1,19.900000000000002,20.31,8,36,4062,4062,1.552957722585306,140,0.17421754039450327,0.003484350807890066,1.0001627338691195,17.057321919775823,1.8434653015577525,2.9036811748708806,6,"{""0"": 0.005216200213633174, ""1"": 0.009321108724626681, ""2"": 0.0023021051385022626, ""3"": 0.0018335739299704158, ""4"": 0.0016619125190296062, ""5"": 0.0005712043215782536}"
primary_gain,200,p0.10,nan,0.9416570296415376,2,0.1,19.900000000000002,20.31,8,36,4062,4062,1.552957722585306,150,0.15230213757755984,0.0030460427515511973,0.5929895634608722,17.121195649325593,1.8417657355183987,2.858009310293794,6,"{""0"": 0.0055815138858908925, ""1"": 0.006336798763663122, ""2"": 0.002558842350090975, ""3"": 0.0016536061149914933, ""4"": 0.001619804569021065, ""5"": 0.0005256908256496358}"
primary_gain,200,p0.10,nan,0.9416570296415376,2,0.1,19.900000000000002,20.31,8,36,4062,4062,1.552957722585306,160,0.14499969360591672,0.0028999938721183346,0.7225177937539528,17.168986702401988,1.8552454406642371,2.752477692566808,6,"{""0"": 0.005697639082287324, ""1"": 0.005018764192313613, ""2"": 0.0019749657555393364, ""3"": 0.0025810953731769813, ""4"": 0.0015786017174001046, ""5"": 0.0005488971119926505}"
primary_gain,200,p0.10,nan,0.9416570296415376,2,0.1,19.900000000000002,20.31,8,36,4062,4062,1.552957722585306,170,0.13087905303270267,0.002617581060654054,0.6993987785395182,17.183448568600838,1.918591170062506,2.7647978867363943,6,"{""0"": 0.004575685448010914, ""1"": 0.004932824049661778, ""2"": 0.0017758332606455153, ""3"": 0.0023307461969909763, ""4"": 0.0015525525583856997, ""5"": 0.0005378448502294435}"
primary_gain,200,p0.10,nan,0.9416570296415376,2,0.1,19.900000000000002,20.31,8,36,4062,4062,1.552957722585306,180,0.12755621416570603,0.002551124283314121,2.448081883888342,17.2550934783817,1.9094223249356663,2.7609433221906374,6,"{""0"": 0.004795461073385429, ""1"": 0.004721765052744237, ""2"": 0.0012970117156385363, ""3"": 0.0023914679513714165, ""4"": 0.0015833154497269925, ""5"": 0.0005177244570181136}"
primary_gain,200,p0.10,nan,0.9416570296415376,2,0.1,19.900000000000002,20.31,8,36,4062,4062,1.552957722585306,190,0.116600372074644,0.00233200744149288,6.9813565149365875,17.356570953193238,1.9214655871323858,2.7656916466258332,5,"{""0"": 0.004599907344743675, ""1"": 0.0038493291303315254, ""2"": 0.0007270829466917271, ""3"": 0.0025040543060279017, ""4"": 0.0018604983272550927, ""5"": 0.0004511725939073593}"
primary_gain,200,p0.10,nan,0.9416570296415376,2,0.1,19.900000000000002,20.31,8,36,4062,4062,1.552957722585306,200,0.09226085292103221,0.0018452170584206445,5.43737090234935,17.439125417672706,1.9625481921672667,2.8096938352365375,5,"{""0"": 0.003086190144598708, ""1"": 0.004117549285275241, ""2"": 0.0006673182183760805, ""3"": 0.0008980763028891084, ""4"": 0.0017275686760188115, ""5"": 0.0005745997233659192}"
primary_gain,200,p0.20,nan,0.9719855359559469,2,0.2,39.800000000000004,39.93,26,57,7986,7986,1.552957722585313,0,1.0098596806335651,0.020197193612671305,nan,0.0,1.552957722585313,3.407072510705638,12,"{""0"": 0.020039307783024218, ""1"": 0.020499313119365363, ""2"": 0.02025670904725252, ""3"": 0.022260549511083878, ""4"": 0.02015044554598821, ""5"": 0.017976836669313653}"
primary_gain,200,p0.20,nan,0.9719855359559469,2,0.2,39.800000000000004,39.93,26,57,7986,7986,1.552957722585313,10,0.46539341254691596,0.00930786825093832,1.1528438679677002,9.00800628580642,1.969009060677654,2.297143387906507,3,"{""0"": 0.01224138341394675, ""1"": 0.0005769157256879882, ""2"": 0.03492546241475262, ""3"": 0.0034500575739950584, ""4"": 0.0035304452488833975, ""5"": 0.0011229451283641136}"
primary_gain,200,p0.20,nan,0.9719855359559469,2,0.2,39.800000000000004,39.93,26,57,7986,7986,1.552957722585313,20,0.31192830618565975,0.006238566123713196,17.819989621165472,10.011998464734367,1.9572162354187768,2.3756902254207732,3,"{""0"": 0.0007260410151441302, ""1"": 0.00045236124447342396, ""2"": 0.03506352717212913, ""3"": 0.00040480543951254067, ""4"": 0.0005146358390519938, ""5"": 0.0002700260319679541}"
primary_gain,200,p0.20,nan,0.9719855359559469,2,0.2,39.800000000000004,39.93,26,57,7986,7986,1.552957722585313,30,0.11056068030480452,0.0022112136060960905,1.0351887082678954,11.13024372321438,1.9070922513526274,2.5572431919940133,3,"{""0"": 0.0010399519972955338, ""1"": 0.00215040536262213, ""2"": 0.0029321834670935727, ""3"": 0.00033601159470864034, ""4"": 0.0006061584594791939, ""5"": 0.006202570755377474}"
primary_gain,200,p0.20,nan,0.9719855359559469,2,0.2,39.800000000000004,39.93,26,57,7986,7986,1.552957722585313,40,0.09174980493548203,0.0018349960987096407,0.17478370280832992,11.642612622486753,1.821629305194183,2.5617779412940243,3,"{""0"": 0.0003271077039690164, ""1"": 0.0024979259367368138, ""2"": 0.0008625345948682124, ""3"": 0.0002958083965322594, ""4"": 0.000770301773904718, ""5"": 0.006256298186246826}"
primary_gain,200,p0.20,nan,0.9719855359559469,2,0.2,39.800000000000004,39.93,26,57,7986,7986,1.552957722585313,50,0.18409075452260393,0.003681815090452079,0.3127824501797644,12.413678712668323,1.9132334023307518,2.4669698822749915,3,"{""0"": 0.0006815146540482003, ""1"": 0.002882065485697048, ""2"": 0.006912971850123091, ""3"": 0.0008784177002775605, ""4"": 0.0006169649107514484, ""5"": 0.010118955941815128}"
primary_gain,200,p0.20,nan,0.9719855359559469,2,0.2,39.800000000000004,39.93,26,57,7986,7986,1.552957722585313,60,0.04814420754308142,0.0009628841508616285,0.2768165706477964,12.860960526666885,1.8523410697389255,2.6176787365906535,3,"{""0"": 0.0012972486212905869, ""1"": 0.0024517949937660115, ""2"": 0.0003921076474333603, ""3"": 0.000538413407785455, ""4"": 0.0006385942036845362, ""5"": 0.000459146031209822}"
primary_gain,200,p0.20,nan,0.9719855359559469,2,0.2,39.800000000000004,39.93,26,57,7986,7986,1.552957722585313,70,0.05591130666829925,0.0011182261333659853,0.15438979987697904,12.978192514815643,1.8437584901010475,2.6148999970389823,3,"{""0"": 0.001487932542965362, ""1"": 0.002115317646606929, ""2"": 0.0003498358287856486, ""3"": 0.0006135993065857207, ""4"": 0.0018916321577531294, ""5"": 0.0002510393174991207}"
primary_gain,200,p0.20,nan,0.9719855359559469,2,0.2,39.800000000000004,39.93,26,57,7986,7986,1.552957722585313,80,0.0357929832998653,0.000715859665997306,0.6660477062311523,13.287625728116113,1.874218804840775,2.6118939929333034,3,"{""0"": 0.001370150821885703, ""1"": 0.0014987243421408208, ""2"": 0.00032138977545204144, ""3"": 0.000409619224711084, ""4"": 0.0005027940771602901, ""5"": 0.00019247975463389656}"
primary_gain,200,p0.20,nan,0.9719855359559469,2,0.2,39.800000000000004,39.93,26,57,7986,7986,1.552957722585313,90,0.03903686052945947,0.0007807372105891894,0.469913459121815,13.579609492992532,1.8669207771038654,2.6118615002497583,3,"{""0"": 0.0008714903037801685, ""1"": 0.002435690857133921, ""2"": 0.0003070512759250036, ""3"": 0.0004573145374372414, ""4"": 0.00042422345859420877, ""5"": 0.0001886528306645942}"
primary_gain,200,p0.20,nan,0.9719855359559469,2,0.2,39.800000000000004,39.93,26,57,7986,7986,1.552957722585313,100,0.043216197801517045,0.0008643239560303411,0.822615457221657,13.737097497709739,1.8754687992790706,2.592334987385743,3,"{""0"": 0.0005378909114781777, ""1"": 0.0032709912679723618, ""2"": 0.0002638402134077302, ""3"": 0.0004155545178616221, ""4"": 0.0005110077917579171, ""5"": 0.0001866590337042372}"
primary_gain,200,p0.20,nan,0.9719855359559469,2,0.2,39.800000000000004,39.93,26,57,7986,7986,1.552957722585313,110,0.02811295234083788,0.0005622590468167577,0.13350676789513372,13.916060839690777,1.8784946149535418,2.580184423413563,3,"{""0"": 0.0004307444797863413, ""1"": 0.0017338269457372163, ""2"": 0.0002599084284410845, ""3"": 0.00038396390502281133, ""4"": 0.0003836003151837914, ""5"": 0.00018151020672930112}"
primary_gain,200,p0.20,nan,0.9719855359559469,2,0.2,39.800000000000004,39.93,26,57,7986,7986,1.552957722585313,120,0.036849188543640096,0.0007369837708728021,0.16299437880423828,14.005199814719004,1.8760773030159128,2.5782950057650877,3,"{""0"": 0.0003886177318056257, ""1"": 0.002778752133234707, ""2"": 0.00034310023520193545, ""3"": 0.0003387313600217649, ""4"": 0.0003974199512353614, ""5"": 0.00017528121373741812}"
primary_gain,200,p0.20,nan,0.9719855359559469,2,0.2,39.800000000000004,39.93,26,57,7986,7986,1.552957722585313,130,0.04048997064063762,0.0008097994128127525,0.2024589034260867,14.10937240016997,1.8501740649326848,2.5779440367655155,3,"{""0"": 0.00045821090125401295, ""1"": 0.0029081817357983165, ""2"": 0.0002541105305623177, ""3"": 0.0007068863431627393, ""4"": 0.00037175071048235303, ""5"": 0.00015965625561677467}"
primary_gain,200,p0.20,nan,0.9719855359559469,2,0.2,39.800000000000004,39.93,26,57,7986,7986,1.552957722585313,140,0.04071903303116992,0.0008143806606233986,0.7057944352263749,14.303087828893434,1.850750544899109,2.5701463235969046,3,"{""0"": 0.0004136067341359359, ""1"": 0.0032321384151629434, ""2"": 0.00023116368908659008, ""3"": 0.0005036511496029849, ""4"": 0.0003624427026761649, ""5"": 0.00014328127307577216}"
primary_gain,200,p0.20,nan,0.9719855359559469,2,0.2,39.800000000000004,39.93,26,57,7986,7986,1.552957722585313,150,0.05298616932211801,0.0010597233864423604,0.4337287699925381,14.486401906011587,1.8129926764275872,2.573096657709422,3,"{""0"": 0.0005602715234741113, ""1"": 0.002486744569333379, ""2"": 0.000167048025795943, ""3"": 0.0027115580923839787, ""4"": 0.0003148202448723835, ""5"": 0.00011789786279436625}"
primary_gain,200,p0.20,nan,0.9719855359559469,2,0.2,39.800000000000004,39.93,26,57,7986,7986,1.552957722585313,160,0.05468143534110031,0.0010936287068220064,0.7254826935789305,14.646868123999376,1.8092855202544218,2.5710363804482896,3,"{""0"": 0.0005692867411893599, ""1"": 0.0026785296962900224, ""2"": 0.0001613841753592262, ""3"": 0.0027511645577806597, ""4"": 0.000282987875248158, ""5"": 0.00011841919506461293}"
primary_gain,200,p0.20,nan,0.9719855359559469,2,0.2,39.800000000000004,39.93,26,57,7986,7986,1.552957722585313,170,0.05752009262774919,0.001150401852554984,0.04900204908008592,14.726168837032247,1.8153638718248286,2.561842258382103,3,"{""0"": 0.0004835492381738053, ""1"": 0.002765534743049316, ""2"": 0.00016193977954215803, ""3"": 0.003088246927219364, ""4"": 0.0002859786413122854, ""5"": 0.00011716178603297354}"
primary_gain,200,p0.20,nan,0.9719855359559469,2,0.2,39.800000000000004,39.93,26,57,7986,7986,1.552957722585313,180,0.04298487999877835,0.000859697599975567,0.3217641204825758,14.80698945621881,1.7783544845689114,2.5526801098742147,3,"{""0"": 0.0005996755380926842, ""1"": 0.00037096927013645874, ""2"": 0.00013183838554455885, ""3"": 0.0037060232015312354, ""4"": 0.00024595731344202796, ""5"": 0.00010372189110643688}"
primary_gain,200,p0.20,nan,0.9719855359559469,2,0.2,39.800000000000004,39.93,26,57,7986,7986,1.552957722585313,190,0.02329381711911953,0.0004658763423823907,0.04370478867661257,14.961855070527228,1.8005998705617925,2.579811331348708,3,"{""0"": 0.00046845591895481166, ""1"": 0.0003919129994650724, ""2"": 0.00011902075504226139, ""3"": 0.001446697742679567, ""4"": 0.0002480754417270803, ""5"": 0.00012109519642555124}"
primary_gain,200,p0.20,nan,0.9719855359559469,2,0.2,39.800000000000004,39.93,26,57,7986,7986,1.552957722585313,200,0.012932148031223287,0.0002586429606244658,2.9177715177410093,15.145365773293799,1.8220685386848625,2.579742442045895,3,"{""0"": 0.00044563340110647526, ""1"": 0.000384478340628281, ""2"": 0.00013619562537401544, ""3"": 0.00019767252383139973, ""4"": 0.00022150108457643145, ""5"": 0.00016637678823019198}"
primary_gain,200,p0.40,nan,0.9817616245752265,2,0.4,79.60000000000001,79.745,62,103,15949,15949,1.552957722585315,0,1.0320840446747397,0.020641680893494798,nan,0.0,1.552957722585315,6.441705977487677,12,"{""0"": 0.019987438064591478, ""1"": 0.02090250818682691, ""2"": 0.019932564953226598, ""3"": 0.02144781313838753, ""4"": 0.02022196035981996, ""5"": 0.021357800658116304}"
primary_gain,200,p0.40,nan,0.9817616245752265,2,0.4,79.60000000000001,79.745,62,103,15949,15949,1.552957722585315,10,0.6063735284922169,0.01212747056984434,0.3045804812796917,7.054371183390414,1.8703967141725955,2.5576330835299936,3,"{""0"": 0.006179571565600141, ""1"": 0.0063567711273427125, ""2"": 0.050652886347607284, ""3"": 0.0007507314756094982, ""4"": 0.008103116987474698, ""5"": 0.0007217459154316979}"
primary_gain,200,p0.40,nan,0.9817616245752265,2,0.4,79.60000000000001,79.745,62,103,15949,15949,1.552957722585315,20,0.5070875756397345,0.010141751512794693,1.6096714863076107,7.920141890390372,1.8954802242725133,2.4598924446710106,3,"{""0"": 0.00377435349976961, ""1"": 0.0014533757154363818, ""2"": 0.047911130721185566, ""3"": 0.002681851663938907, ""4"": 9.580447256458442e-05, ""5"": 0.0049339930038731035}"
primary_gain,200,p0.40,nan,0.9817616245752265,2,0.4,79.60000000000001,79.745,62,103,15949,15949,1.552957722585315,30,0.1925902042129744,0.0038518040842594886,0.18812973418974185,10.437306155701405,1.9292177826831653,2.4407209834744847,3,"{""0"": 0.0015891207852542731, ""1"": 0.0006806193278086413, ""2"": 0.0120058952061302, ""3"": 0.00033073774329459547, ""4"": 0.0002675398980119862, ""5"": 0.008236911545057235}"
primary_gain,200,p0.40,nan,0.9817616245752265,2,0.4,79.60000000000001,79.745,62,103,15949,15949,1.552957722585315,40,0.14257058179329435,0.002851411635865887,0.11673354821159829,11.506281754568755,1.9077267670978557,2.50042353703635,3,"{""0"": 0.0038881039983586054, ""1"": 0.0005914428930759464, ""2"": 0.003362529684455131, ""3"": 0.0002443556708171214, ""4"": 0.0004729177631028204, ""5"": 0.0085491198053857}"
primary_gain,200,p0.40,nan,0.9817616245752265,2,0.4,79.60000000000001,79.745,62,103,15949,15949,1.552957722585315,50,0.14388370133712408,0.0028776740267424817,0.11404511566827326,11.981141511143923,1.882350183797306,2.4556420423345435,3,"{""0"": 0.004000490935783909, ""1"": 0.00028122513988683483, ""2"": 0.0036741872162810918, ""3"": 0.00018613229633671855, ""4"": 0.00040163935952804353, ""5"": 0.008722369212638291}"
primary_gain,200,p0.40,nan,0.9817616245752265,2,0.4,79.60000000000001,79.745,62,103,15949,15949,1.552957722585315,60,0.09237869220178606,0.0018475738440357214,0.15630698891994557,12.49289238671003,1.8746745644121554,2.510188157265687,3,"{""0"": 0.004057093785237483, ""1"": 0.00021466360185576488, ""2"": 0.0001706139885200198, ""3"": 0.00033502598868881585, ""4"": 0.0003720171154358553, ""5"": 0.00593602858447639}"
primary_gain,200,p0.40,nan,0.9817616245752265,2,0.4,79.60000000000001,79.745,62,103,15949,15949,1.552957722585315,70,0.07034496713786388,0.001406899342757278,0.5819811262523322,12.686858446654501,1.8817813315603726,2.5013972515011726,3,"{""0"": 0.003987761354492281, ""1"": 0.00019911935099857638, ""2"": 0.0001579263420065833, ""3"": 0.00019708165461000544, ""4"": 0.00030353435025769725, ""5"": 0.0035959730041785236}"
primary_gain,200,p0.40,nan,0.9817616245752265,2,0.4,79.60000000000001,79.745,62,103,15949,15949,1.552957722585315,80,0.041018172088042495,0.00082036344176085,0.06005938522157743,13.099118275538222,1.8640817602008029,2.5141238833910333,3,"{""0"": 0.0007103350587432272, ""1"": 0.00026956156577104306, ""2"": 0.0002269075906183597, ""3"": 0.00019419324677004694, ""4"": 0.00015202522585825137, ""5"": 0.0033691579628041717}"
primary_gain,200,p0.40,nan,0.9817616245752265,2,0.4,79.60000000000001,79.745,62,103,15949,15949,1.552957722585315,90,0.03940533149446361,0.0007881066298892724,0.03595571964051503,13.26403306929791,1.8624014996559415,2.5108837197457325,3,"{""0"": 0.0005428386875452166, ""1"": 0.0002022556223384615, ""2"": 0.00019561618434348234, ""3"": 0.00016443154830014426, ""4"": 0.00016920438147794158, ""5"": 0.003454293355330388}"
primary_gain,200,p0.40,nan,0.9817616245752265,2,0.4,79.60000000000001,79.745,62,103,15949,15949,1.552957722585315,100,0.036511119475193844,0.0007302223895038771,1.823053232380067,13.525842123321851,1.8952559940587665,2.516963456228046,3,"{""0"": 0.00044878481523725154, ""1"": 0.00017376940689660427, ""2"": 0.0002342471880457272, ""3"": 0.00019959051624026262, ""4"": 0.00018087267156793361, ""5"": 0.0031440697390354836}"
primary_gain,200,p0.40,nan,0.9817616245752265,2,0.4,79.60000000000001,79.745,62,103,15949,15949,1.552957722585315,110,0.03714389784980664,0.0007428779569961328,0.6149384265360074,13.723189319903094,1.9045703105973748,2.520300460344521,3,"{""0"": 0.0004131309823630281, ""1"": 0.0001776121380527577, ""2"": 0.00021089373806227604, ""3"": 0.00020782022990939098, ""4"": 0.0001832313507998772, ""5"": 0.0032645793027894663}"
primary_gain,200,p0.40,nan,0.9817616245752265,2,0.4,79.60000000000001,79.745,62,103,15949,15949,1.552957722585315,120,0.03712769423744582,0.0007425538847489166,0.11956644670898653,13.855519476584998,1.898051620719357,2.521836161654624,3,"{""0"": 0.00043401780919057173, ""1"": 0.00020577906241924957, ""2"": 0.00021868998319034792, ""3"": 0.00017311111636193876, ""4"": 0.00017265401329817338, ""5"": 0.003251071324033217}"
primary_gain,200,p0.40,nan,0.9817616245752265,2,0.4,79.60000000000001,79.745,62,103,15949,15949,1.552957722585315,130,0.04001615715267057,0.0008003231430534115,1.133774512955287,14.183907354339214,1.9362600761431148,2.5145232129284967,3,"{""0"": 0.0004621287881831627, ""1"": 0.00019431103842941136, ""2"": 0.00018415728230570603, ""3"": 0.00020092458511503414, ""4"": 0.00014518195471716788, ""5"": 0.0036152352095699864}"
primary_gain,200,p0.40,nan,0.9817616245752265,2,0.4,79.60000000000001,79.745,62,103,15949,15949,1.552957722585315,140,0.03853823687688605,0.0007707647375377212,0.3112754410848361,14.325943298192428,1.9432057193455936,2.5210796644244993,3,"{""0"": 0.0004334717867656341, ""1"": 0.00019760363265147363, ""2"": 0.00018067115060774205, ""3"": 0.0002285211929048655, ""4"": 0.00013858269200507916, ""5"": 0.0034457379702915332}"
primary_gain,200,p0.40,nan,0.9817616245752265,2,0.4,79.60000000000001,79.745,62,103,15949,15949,1.552957722585315,150,0.03817214351594722,0.0007634428703189445,0.05599284026077552,14.417848676342164,1.936438617224638,2.5174084335209317,3,"{""0"": 0.0004331700590602118, ""1"": 0.0001938234239814238, ""2"": 0.00015781976666532808, ""3"": 0.00019043400372638835, ""4"": 0.0001361296608589829, ""5"": 0.0034692803076213316}"
primary_gain,200,p0.40,nan,0.9817616245752265,2,0.4,79.60000000000001,79.745,62,103,15949,15949,1.552957722585315,160,0.053878857599541155,0.0010775771519908233,0.631051034679069,14.608693971033158,1.952486159883943,2.5375875125969944,3,"{""0"": 0.0004533052309749799, ""1"": 0.002429446931018034, ""2"": 0.00016838782546718347, ""3"": 0.00020128410475391798, ""4"": 0.0001267691053777171, ""5"": 0.0030862697143531075}"
primary_gain,200,p0.40,nan,0.9817616245752265,2,0.4,79.60000000000001,79.745,62,103,15949,15949,1.552957722585315,170,0.06186002954179072,0.0012372005908358144,18.42017216697183,14.664513513441403,1.9481241459617071,2.5286708850553734,3,"{""0"": 0.0004324065803921103, ""1"": 0.0027719181530204955, ""2"": 0.00019683067789892425, ""3"": 0.00024269892701491257, ""4"": 0.00011426891414503324, ""5"": 0.003665080292543412}"
primary_gain,200,p0.40,nan,0.9817616245752265,2,0.4,79.60000000000001,79.745,62,103,15949,15949,1.552957722585315,180,0.06202721117277668,0.0012405442234555337,0.09333376900720923,14.742083717131734,1.9507935715761993,2.5306625345712135,3,"{""0"": 0.00043039544904201904, ""1"": 0.0027685793371266254, ""2"": 0.00019303760067364997, ""3"": 0.00026923746701960736, ""4"": 0.00010413488081042753, ""5"": 0.003677880606060874}"
primary_gain,200,p0.40,nan,0.9817616245752265,2,0.4,79.60000000000001,79.745,62,103,15949,15949,1.552957722585315,190,0.06345774853193739,0.001269154970638748,0.08712729860157031,15.00614341403019,1.9638992754431304,2.5327256784753844,3,"{""0"": 0.00040852358553019165, ""1"": 0.002849528167815222, ""2"": 0.00017017171651876386, ""3"": 0.0002831767592526936, ""4"": 0.0001005527001657105, ""5"": 0.003802976894549907}"
primary_gain,200,p0.40,nan,0.9817616245752265,2,0.4,79.60000000000001,79.745,62,103,15949,15949,1.552957722585315,200,0.06209285650869623,0.0012418571301739249,0.06024892653013954,15.129422413094789,1.964776245716031,2.5310736268740768,3,"{""0"": 0.0003422677805035572, ""1"": 0.0027872561452668967, ""2"": 0.00015655047154589273, ""3"": 0.00026880836832548306, ""4"": 0.00010126847635780946, ""5"": 0.0037949915390439112}"
primary_gain,200,p0.05,nan,1.0,3,0.05,9.950000000000001,10.375,3,17,2075,2075,1.6051902349827163,0,1.0278892165911495,0.020557784331822995,nan,0.0,1.6051902349827163,6.407318990656405,13,"{""0"": 0.015740632891306422, ""1"": 0.019036509573845888, ""2"": 0.022194516514126482, ""3"": 0.016653663394312828, ""4"": 0.02181204578539834, ""5"": 0.02790933783194801}"
primary_gain,200,p0.05,nan,1.0,3,0.05,9.950000000000001,10.375,3,17,2075,2075,1.6051902349827163,10,0.9029225197952425,0.01805845039590485,17.011691946076578,11.322948797783669,2.1237810756289877,2.0446381865246743,9,"{""0"": 0.0120723693972757, ""1"": 0.0034974535634950633, ""2"": 0.02235125142133727, ""3"": 0.017720711589306416, ""4"": 0.016073382174373523, ""5"": 0.03663553422964115}"
primary_gain,200,p0.05,nan,1.0,3,0.05,9.950000000000001,10.375,3,17,2075,2075,1.6051902349827163,20,0.7318070538114714,0.014636141076229429,4.511611770226654,14.295476752974919,2.2074529197388775,4.371664661969085,12,"{""0"": 0.015575494987750255, ""1"": 0.012277027279332591, ""2"": 0.0069045172543086035, ""3"": 0.0073477965726582665, ""4"": 0.018961544796713508, ""5"": 0.026750465566613358}"
primary_gain,200,p0.05,nan,1.0,3,0.05,9.950000000000001,10.375,3,17,2075,2075,1.6051902349827163,30,0.6699844584160443,0.013399689168320886,12.729243827499703,14.873764877597319,2.2172126499636944,3.7125170269894996,12,"{""0"": 0.010518623211529661, ""1"": 0.009031667461532394, ""2"": 0.008622467443317083, ""3"": 0.01302548879763834, ""4"": 0.013845762314253765, ""5"": 0.02535412578165409}"
primary_gain,200,p0.05,nan,1.0,3,0.05,9.950000000000001,10.375,3,17,2075,2075,1.6051902349827163,40,0.557768896122616,0.011155377922452322,42.426370371578535,15.021280231038457,2.081717235677699,3.3149953016262947,12,"{""0"": 0.00633533641642, ""1"": 0.011304337750509303, ""2"": 0.015401260753715462, ""3"": 0.007384555779189554, ""4"": 0.007226049888502386, ""5"": 0.01928072694637722}"
primary_gain,200,p0.05,nan,1.0,3,0.05,9.950000000000001,10.375,3,17,2075,2075,1.6051902349827163,50,0.5833381753934744,0.011666763507869491,14.897573538199552,15.627567248572436,2.0929920092262693,4.001201770261664,12,"{""0"": 0.008006010734331201, ""1"": 0.015721320731848697, ""2"": 0.018104882771143267, ""3"": 0.004709303925171909, ""4"": 0.009839461326211251, ""5"": 0.013619601558510632}"
primary_gain,200,p0.05,nan,1.0,3,0.05,9.950000000000001,10.375,3,17,2075,2075,1.6051902349827163,60,0.45981217842515487,0.009196243568503099,3.398532666973736,15.88099980605494,2.1299972350453684,3.7465277063564133,13,"{""0"": 0.009623437835402492, ""1"": 0.00400459478532564, ""2"": 0.014708926791454125, ""3"": 0.0043451977261182, ""4"": 0.007514410895248647, ""5"": 0.014980893377469487}"
primary_gain,200,p0.05,nan,1.0,3,0.05,9.950000000000001,10.375,3,17,2075,2075,1.6051902349827163,70,0.4912614787378266,0.009825229574756534,6.969967573025135,15.970820764179821,2.1292482363217498,3.5204479131904827,13,"{""0"": 0.012042874232315268, ""1"": 0.00399111566027881, ""2"": 0.014669599771440667, ""3"": 0.003895191115735193, ""4"": 0.005956363656354928, ""5"": 0.018396233012414328}"
primary_gain,200,p0.05,nan,1.0,3,0.05,9.950000000000001,10.375,3,17,2075,2075,1.6051902349827163,80,0.48466645233844585,0.009693329046768919,8.431545638083856,16.1653833672275,2.1189731915879593,3.1618207782772787,12,"{""0"": 0.009736378180587231, ""1"": 0.003964995844420456, ""2"": 0.01689388555444183, ""3"": 0.004097184260212179, ""4"": 0.005166853640444479, ""5"": 0.01830067680050733}"
primary_gain,200,p0.05,nan,1.0,3,0.05,9.950000000000001,10.375,3,17,2075,2075,1.6051902349827163,90,0.4680527385322567,0.009361054770645135,4.774045375240193,16.336501704656968,2.1092756166667335,3.233212697973765,12,"{""0"": 0.006606843074989271, ""1"": 0.00464348923490112, ""2"": 0.015960533335678366, ""3"": 0.003878070772903803, ""4"": 0.005831182243015349, ""5"": 0.01924620996238291}"
primary_gain,200,p0.05,nan,1.0,3,0.05,9.950000000000001,10.375,3,17,2075,2075,1.6051902349827163,100,0.47471943597854677,0.009494388719570937,14.11552881133521,16.345028469572373,2.11675255930131,3.2789835544179122,12,"{""0"": 0.006620304562916771, ""1"": 0.004576363551455917, ""2"": 0.01400094855398903, ""3"": 0.0037238130597954666, ""4"": 0.005864522638707704, ""5"": 0.022180379950560734}"
primary_gain,200,p0.05,nan,1.0,3,0.05,9.950000000000001,10.375,3,17,2075,2075,1.6051902349827163,110,0.4459462635015975,0.008918925270031951,17.10026014565279,16.53563123180171,2.1408697014419724,3.3447918011137077,12,"{""0"": 0.006900197363413384, ""1"": 0.0043690849790209586, ""2"": 0.013473993601641495, ""3"": 0.003767602227189258, ""4"": 0.005663289454877464, ""5"": 0.019339383994049143}"
primary_gain,200,p0.05,nan,1.0,3,0.05,9.950000000000001,10.375,3,17,2075,2075,1.6051902349827163,120,0.4587350461500676,0.009174700923001353,7.25773472058405,16.62923967116573,2.1429904192540596,3.2962149627560797,12,"{""0"": 0.007438475326337986, ""1"": 0.003983511890682906, ""2"": 0.011987179765426657, ""3"": 0.0037871756836722627, ""4"": 0.005482643786355533, ""5"": 0.022369219085532775}"
primary_gain,200,p0.05,nan,1.0,3,0.05,9.950000000000001,10.375,3,17,2075,2075,1.6051902349827163,130,0.47150424421317344,0.00943008488426347,7.0628807574384105,16.72985066086715,2.1441625616357256,3.1400427367137422,12,"{""0"": 0.007567241259724048, ""1"": 0.004141935024021438, ""2"": 0.013996280783225712, ""3"": 0.003685542722438358, ""4"": 0.005265772032927493, ""5"": 0.02192373748324377}"
primary_gain,200,p0.05,nan,1.0,3,0.05,9.950000000000001,10.375,3,17,2075,2075,1.6051902349827163,140,0.46426710465157134,0.009285342093031428,23.068599730282642,16.846592411424847,2.1539728631417363,3.3147433657264456,12,"{""0"": 0.00819418100930674, ""1"": 0.003981147412945095, ""2"": 0.011825330084805066, ""3"": 0.0037592019188789176, ""4"": 0.005102770217515451, ""5"": 0.0228494219147373}"
primary_gain,200,p0.05,nan,1.0,3,0.05,9.950000000000001,10.375,3,17,2075,2075,1.6051902349827163,150,0.4653156502563686,0.009306313005127374,5.2054891954442954,16.887779468127814,2.147149152911496,3.4152256730502777,12,"{""0"": 0.008728505847742363, ""1"": 0.004064547205126433, ""2"": 0.01094207986452629, ""3"": 0.0035608774738750786, ""4"": 0.005236598872348902, ""5"": 0.023305268767145174}"
primary_gain,200,p0.05,nan,1.0,3,0.05,9.950000000000001,10.375,3,17,2075,2075,1.6051902349827163,160,0.4567193399122729,0.00913438679824546,13.669507080431165,16.919831828545185,2.146671143062628,3.374583439518413,12,"{""0"": 0.007734947640623031, ""1"": 0.004001832459474877, ""2"": 0.010534057431052273, ""3"": 0.0035976683577923587, ""4"": 0.005319527061636261, ""5"": 0.023618287838893963}"
primary_gain,200,p0.05,nan,1.0,3,0.05,9.950000000000001,10.375,3,17,2075,2075,1.6051902349827163,170,0.41778867094704286,0.008355773418940858,5.945550663099619,17.0075192854731,2.1567462466248473,3.5153121319966414,12,"{""0"": 0.008147836309209632, ""1"": 0.003430578658454405, ""2"": 0.008188662257973574, ""3"": 0.0037197799986600152, ""4"": 0.004662599174333612, ""5"": 0.021985184115013906}"
primary_gain,200,p0.05,nan,1.0,3,0.05,9.950000000000001,10.375,3,17,2075,2075,1.6051902349827163,180,0.42006700147512777,0.008401340029502557,15.810095543130135,17.02670948919682,2.1457047659244535,3.532055915413836,12,"{""0"": 0.008447158085794168, ""1"": 0.0036057641555304306, ""2"": 0.008323751162404417, ""3"": 0.0038433473315390627, ""4"": 0.004632557869159427, ""5"": 0.021555461572587826}"
primary_gain,200,p0.05,nan,1.0,3,0.05,9.950000000000001,10.375,3,17,2075,2075,1.6051902349827163,190,0.40618134360337643,0.00812362687206753,3.0380067446135555,17.02326974624948,2.1513631383796525,3.4830260982547214,12,"{""0"": 0.007774209845065565, ""1"": 0.0034829502066709658, ""2"": 0.00803282254895394, ""3"": 0.004169466252852761, ""4"": 0.0041455521658377344, ""5"": 0.02113676021302421}"
primary_gain,200,p0.05,nan,1.0,3,0.05,9.950000000000001,10.375,3,17,2075,2075,1.6051902349827163,200,0.40759939537683804,0.008151987907536762,12.13841605477608,17.08397004638528,2.160080537048904,3.5347620564322138,12,"{""0"": 0.008422994500287193, ""1"": 0.003393213226498236, ""2"": 0.008067004019427408, ""3"": 0.004064014811013278, ""4"": 0.004164999873539283, ""5"": 0.020799701014455167}"
primary_gain,200,p0.10,nan,1.0552933380216967,3,0.1,19.900000000000002,20.3,8,30,4060,4060,1.605190234982719,0,1.0145644938086993,0.020291289876173988,nan,0.0,1.605190234982719,6.0551504598204335,14,"{""0"": 0.021191881279815274, ""1"": 0.01992208924430929, ""2"": 0.018519284681476206, ""3"": 0.02216359046857521, ""4"": 0.01913362266483427, ""5"": 0.020817270918033683}"
primary_gain,200,p0.10,nan,1.0552933380216967,3,0.1,19.900000000000002,20.3,8,30,4060,4060,1.605190234982719,10,1.216458435538716,0.024329168710774323,25.941696005550803,14.033411491206655,2.2467584404969556,2.2944152111366516,6,"{""0"": 0.01874652727704236, ""1"": 0.0055025684523254854, ""2"": 0.027876218573452922, ""3"": 0.03090244208102901, ""4"": 0.0142685408953299, ""5"": 0.04867871498546626}"
primary_gain,200,p0.10,nan,1.0552933380216967,3,0.1,19.900000000000002,20.3,8,30,4060,4060,1.605190234982719,20,0.6564317056373677,0.013128634112747357,1.4782270870508005,15.895894252610425,2.5357014895409637,2.6722921016097105,7,"{""0"": 0.008126921681539698, ""1"": 0.009310974860224894, ""2"": 0.021023788678341968, ""3"": 0.0009875917036340754, ""4"": 0.020381172945497482, ""5"": 0.01894135480724601}"
primary_gain,200,p0.10,nan,1.0552933380216967,3,0.1,19.900000000000002,20.3,8,30,4060,4060,1.605190234982719,30,0.6716687245320762,0.013433374490641525,23.12694507938566,17.187178457426057,2.4074071732156788,3.0601164977923276,9,"{""0"": 0.005413818826949766, ""1"": 0.007033438436828606, ""2"": 0.020722696275853072, ""3"": 0.013437951654321458, ""4"": 0.014846055738050142, ""5"": 0.0191462860118461}"
primary_gain,200,p0.10,nan,1.0552933380216967,3,0.1,19.900000000000002,20.3,8,30,4060,4060,1.605190234982719,40,0.6419893603390122,0.012839787206780248,2.6674545490507864,17.687112185889266,2.2581704387888695,3.461340520404967,10,"{""0"": 0.012228479182943537, ""1"": 0.007508406154863929, ""2"": 0.02344282859824049, ""3"": 0.005336391571730633, ""4"": 0.015821013978750114, ""5"": 0.012701603754152777}"
primary_gain,200,p0.10,nan,1.0552933380216967,3,0.1,19.900000000000002,20.3,8,30,4060,4060,1.605190234982719,50,0.5837780326370552,0.011675560652741106,1.649745444825088,17.819278985841468,2.2461234093393574,3.6006775651148484,11,"{""0"": 0.015324238634350765, ""1"": 0.009430146142799726, ""2"": 0.01271823935427965, ""3"": 0.009142874072244829, ""4"": 0.010129556317175709, ""5"": 0.013308309395595953}"
primary_gain,200,p0.10,nan,1.0552933380216967,3,0.1,19.900000000000002,20.3,8,30,4060,4060,1.605190234982719,60,0.5140568187280531,0.010281136374561062,11.719535462551532,18.054637771934278,2.245454063693502,3.1435280979491664,10,"{""0"": 0.014349080360468494, ""1"": 0.005912341120450524, ""2"": 0.015304967330410391, ""3"": 0.008613384039957182, ""4"": 0.004327437247931285, ""5"": 0.013179608148148508}"
primary_gain,200,p0.10,nan,1.0552933380216967,3,0.1,19.900000000000002,20.3,8,30,4060,4060,1.605190234982719,70,0.44082090974649196,0.00881641819492984,1.597593745357155,18.01231819933041,2.2724474756791935,2.862767142244463,9,"{""0"": 0.01036096585427228, ""1"": 0.0030458530737340226, ""2"": 0.012931893762300039, ""3"": 0.008694903728525685, ""4"": 0.0037534778642949428, ""5"": 0.014111414886452072}"
primary_gain,200,p0.10,nan,1.0552933380216967,3,0.1,19.900000000000002,20.3,8,30,4060,4060,1.605190234982719,80,0.38363397558329265,0.007672679511665854,1.8182916405636669,18.035840719551988,2.298731310966789,2.905236380866224,8,"{""0"": 0.008222264192154886, ""1"": 0.003121584479682093, ""2"": 0.01256930790503347, ""3"": 0.006304574908482345, ""4"": 0.004303540152436914, ""5"": 0.011514805432205417}"
primary_gain,200,p0.10,nan,1.0552933380216967,3,0.1,19.900000000000002,20.3,8,30,4060,4060,1.605190234982719,90,0.39479803625824966,0.007895960725164995,10.473895888112182,17.973180628226487,2.317374075327829,2.8137678630885423,8,"{""0"": 0.00736807121842332, ""1"": 0.0018452791875861816, ""2"": 0.012256167813130861, ""3"": 0.004463959459913602, ""4"": 0.004712529916811342, ""5"": 0.01672975675512465}"
primary_gain,200,p0.10,nan,1.0552933380216967,3,0.1,19.900000000000002,20.3,8,30,4060,4060,1.605190234982719,100,0.37791339832368237,0.007558267966473648,17.20642774776293,18.06368833804888,2.3088676631277543,2.8726729751173394,8,"{""0"": 0.007020891285509594, ""1"": 0.0016699069034024003, ""2"": 0.010883436845098793, ""3"": 0.004313562905362651, ""4"": 0.004386279046261703, ""5"": 0.017075530813206747}"
primary_gain,200,p0.10,nan,1.0552933380216967,3,0.1,19.900000000000002,20.3,8,30,4060,4060,1.605190234982719,110,0.3667238928860904,0.00733447785772181,21.162039500758222,18.156122862154717,2.2762275072083638,3.1384432062768983,9,"{""0"": 0.009642616959902529, ""1"": 0.0015057348993128782, ""2"": 0.009128003352944593, ""3"": 0.0035489771124931437, ""4"": 0.005592776363083645, ""5"": 0.014588758458594068}"
primary_gain,200,p0.10,nan,1.0552933380216967,3,0.1,19.900000000000002,20.3,8,30,4060,4060,1.605190234982719,120,0.3750643447974679,0.007501286895949359,1.0615876961590855,18.231254966548676,2.311727649187783,3.094277902282931,9,"{""0"": 0.012029697547848451, ""1"": 0.001240199617603506, ""2"": 0.009529864059844729, ""3"": 0.003184588771058815, ""4"": 0.004895132356388104, ""5"": 0.014128239022952552}"
primary_gain,200,p0.10,nan,1.0552933380216967,3,0.1,19.900000000000002,20.3,8,30,4060,4060,1.605190234982719,130,0.38335118822963415,0.0076670237645926845,2.8305709431877872,18.303392870222286,2.3145450239593934,3.0418328582456082,9,"{""0"": 0.012293664391221006, ""1"": 0.0011879698085943053, ""2"": 0.011034953657920295, ""3"": 0.0036588194318587326, ""4"": 0.00406668948955334, ""5"": 0.013760045808408427}"
primary_gain,200,p0.10,nan,1.0552933380216967,3,0.1,19.900000000000002,20.3,8,30,4060,4060,1.605190234982719,140,0.32628344805883314,0.006525668961176664,1.163347526467848,18.394060378720205,2.271329889250672,2.9336270158366315,9,"{""0"": 0.005341451727311133, ""1"": 0.0013889471988131222, ""2"": 0.010269589537520076, ""3"": 0.005088661435445464, ""4"": 0.0037012594520612055, ""5"": 0.013364104415908986}"
primary_gain,200,p0.10,nan,1.0552933380216967,3,0.1,19.900000000000002,20.3,8,30,4060,4060,1.605190234982719,150,0.30149032548788546,0.0060298065097577095,0.8819954171369244,18.42562397387915,2.2799187080051957,3.045300920132485,9,"{""0"": 0.004839266287425842, ""1"": 0.0011995481429017002, ""2"": 0.007927239538589696, ""3"": 0.004321989804928316, ""4"": 0.003929134361796541, ""5"": 0.013961660922904162}"
primary_gain,200,p0.10,nan,1.0552933380216967,3,0.1,19.900000000000002,20.3,8,30,4060,4060,1.605190234982719,160,0.3110407728665541,0.006220815457331084,2.7995994417875893,18.47065179088571,2.2686011371347,2.9301162638600404,9,"{""0"": 0.004904372531427985, ""1"": 0.0011580755005507818, ""2"": 0.0074916922830452854, ""3"": 0.00438930708380795, ""4"": 0.003918666860270337, ""5"": 0.01546277848488416}"
primary_gain,200,p0.10,nan,1.0552933380216967,3,0.1,19.900000000000002,20.3,8,30,4060,4060,1.605190234982719,170,0.2888940693194618,0.005777881386389237,1.7355281756373544,18.58126602427834,2.2705030694503225,3.0360073457599963,9,"{""0"": 0.00485179966671471, ""1"": 0.0011432881059463874, ""2"": 0.005742077376427727, ""3"": 0.0045706511266300895, ""4"": 0.004086411879047976, ""5"": 0.014273060163568533}"
primary_gain,200,p0.10,nan,1.0552933380216967,3,0.1,19.900000000000002,20.3,8,30,4060,4060,1.605190234982719,180,0.274778463104412,0.0054955692620882405,3.661202036728849,18.539880262811238,2.2658619808989875,3.0735184217049243,9,"{""0"": 0.004713409189787033, ""1"": 0.0019212155713151824, ""2"": 0.004239090696896751, ""3"": 0.004305237379795773, ""4"": 0.004278199074109569, ""5"": 0.013516263660625135}"
primary_gain,200,p0.10,nan,1.0552933380216967,3,0.1,19.900000000000002,20.3,8,30,4060,4060,1.605190234982719,190,0.21223793292031118,0.004244758658406224,0.9397743189974497,18.60036393785096,2.2719666067595314,3.143184832892454,9,"{""0"": 0.004698672247482268, ""1"": 0.0017584283107616515, ""2"": 0.0033834888491944674, ""3"": 0.004125544071298321, ""4"": 0.004293608004305479, ""5"": 0.0072088104673951586}"
primary_gain,200,p0.10,nan,1.0552933380216967,3,0.1,19.900000000000002,20.3,8,30,4060,4060,1.605190234982719,200,0.21539038272278613,0.004307807654455723,19.188916853882095,18.643318845810576,2.265430792387991,3.0401512462995295,9,"{""0"": 0.004565808492004458, ""1"": 0.0017546002662926035, ""2"": 0.004189078668700502, ""3"": 0.004082238390044833, ""4"": 0.004060013275149078, ""5"": 0.007195106834542863}"
primary_gain,200,p0.20,nan,1.0432315642813481,3,0.2,39.800000000000004,39.87,24,55,7974,7974,1.6051902349827138,0,1.00751874770393,0.020150374954078603,nan,0.0,1.6051902349827138,5.09256679561176,13,"{""0"": 0.020602562364111687, ""1"": 0.021733398932793628, ""2"": 0.018204492912319743, ""3"": 0.018097126987246505, ""4"": 0.022653040739754073, ""5"": 0.019611627788246}"
primary_gain,200,p0.20,nan,1.0432315642813481,3,0.2,39.800000000000004,39.87,24,55,7974,7974,1.6051902349827138,10,0.5349190637708516,0.010698381275417035,5.6124432454712005,10.307932377146672,2.0648609706302965,2.4020700370754864,3,"{""0"": 0.007743977824793144, ""1"": 0.011697157253044368, ""2"": 0.017747817055050692, ""3"": 0.0048778356357256055, ""4"": 0.015137831375001427, ""5"": 0.00698566850888697}"
primary_gain,200,p0.20,nan,1.0432315642813481,3,0.2,39.800000000000004,39.87,24,55,7974,7974,1.6051902349827138,20,0.8973100162938628,0.017946200325877258,0.13960976795122162,12.21216191811738,2.3238112819339554,2.710312168949576,4,"{""0"": 0.05118572397959241, ""1"": 0.005675645875544864, ""2"": 0.015907155716415752, ""3"": 0.0020891396969732108, ""4"": 0.011883634653178612, ""5"": 0.0209359020335587}"
primary_gain,200,p0.20,nan,1.0432315642813481,3,0.2,39.800000000000004,39.87,24,55,7974,7974,1.6051902349827138,30,0.5315981117408641,0.010631962234817284,0.15771612765897947,13.207197501027176,2.244617834358114,2.790919996944343,5,"{""0"": 0.015453932149416047, ""1"": 0.007467450481327659, ""2"": 0.008380894197894917, ""3"": 0.005480245947822758, ""4"": 0.012072880823595238, ""5"": 0.014936369808847078}"
primary_gain,200,p0.20,nan,1.0432315642813481,3,0.2,39.800000000000004,39.87,24,55,7974,7974,1.6051902349827138,40,0.4484332523173821,0.008968665046347643,4.323739429896713,14.027182566171517,1.9927492817564993,2.9683898476794033,6,"{""0"": 0.011530486241367485, ""1"": 0.009001016694526897, ""2"": 0.009197616809574679, ""3"": 0.01610092230498184, ""4"": 0.006581821585196152, ""5"": 0.0014001266424388135}"
primary_gain,200,p0.20,nan,1.0432315642813481,3,0.2,39.800000000000004,39.87,24,55,7974,7974,1.6051902349827138,50,0.4133113891506787,0.008266227783013575,1.1582821259513867,14.607770182353134,1.9782278034807352,2.8640135362414054,6,"{""0"": 0.007474262561252989, ""1"": 0.009809010144856545, ""2"": 0.009871595150852829, ""3"": 0.012974502476721475, ""4"": 0.00845805483029799, ""5"": 0.001009941534099623}"
primary_gain,200,p0.20,nan,1.0432315642813481,3,0.2,39.800000000000004,39.87,24,55,7974,7974,1.6051902349827138,60,0.38535459631300933,0.007707091926260188,0.5776480038714088,14.975184354853267,1.9928582678110922,2.670989960979386,5,"{""0"": 0.0076778916769222215, ""1"": 0.0024115019652785064, ""2"": 0.010921493184773878, ""3"": 0.01994973014781499, ""4"": 0.0021474189627759973, ""5"": 0.003134515619995527}"
primary_gain,200,p0.20,nan,1.0432315642813481,3,0.2,39.800000000000004,39.87,24,55,7974,7974,1.6051902349827138,70,0.37669604169541454,0.007533920833908293,2.49912966434455,15.265265158493033,1.9854656912531328,2.5659337495494237,5,"{""0"": 0.011507169378558578, ""1"": 0.0021011046605813135, ""2"": 0.010932879759941144, ""3"": 0.015128027064174838, ""4"": 0.0024144247306729563, ""5"": 0.003119919409520922}"
primary_gain,200,p0.20,nan,1.0432315642813481,3,0.2,39.800000000000004,39.87,24,55,7974,7974,1.6051902349827138,80,0.3601682207057971,0.007203364414115943,3.7531258073129448,15.538519766273167,1.9948373085925155,2.622612997624168,5,"{""0"": 0.0032279691743764423, ""1"": 0.0007315530791885549, ""2"": 0.011500059915916272, ""3"": 0.022623119451486075, ""4"": 0.0008549936122267236, ""5"": 0.0042824912515015984}"
primary_gain,200,p0.20,nan,1.0432315642813481,3,0.2,39.800000000000004,39.87,24,55,7974,7974,1.6051902349827138,90,0.2821744236019212,0.005643488472038424,0.7797668227703318,15.683434202893746,2.0349600164898227,2.7381057329426737,5,"{""0"": 0.0017332419358005277, ""1"": 0.0009272424583623356, ""2"": 0.011916363721359673, ""3"": 0.012129375542810506, ""4"": 0.0009573483587309282, ""5"": 0.006197358815166579}"
primary_gain,200,p0.20,nan,1.0432315642813481,3,0.2,39.800000000000004,39.87,24,55,7974,7974,1.6051902349827138,100,0.2369393940213138,0.0047387878804262765,28.460754557185915,15.884504392949932,2.0154443357849763,2.713564056234945,5,"{""0"": 0.0012007196538606623, ""1"": 0.0016459144963450422, ""2"": 0.0074758896694317204, ""3"": 0.008717593408781922, ""4"": 0.0007381783311336825, ""5"": 0.008654431723004632}"
primary_gain,200,p0.20,nan,1.0432315642813481,3,0.2,39.800000000000004,39.87,24,55,7974,7974,1.6051902349827138,110,0.208233401549948,0.00416466803099896,0.926597895026119,16.141731253187114,2.0300920933714846,2.812954223121835,5,"{""0"": 0.0025987775501121104, ""1"": 0.0010354451231294464, ""2"": 0.005851407790541124, ""3"": 0.0076498705110641056, ""4"": 0.0010172379979644477, ""5"": 0.0068352692131825234}"
primary_gain,200,p0.20,nan,1.0432315642813481,3,0.2,39.800000000000004,39.87,24,55,7974,7974,1.6051902349827138,120,0.15714855935785488,0.003142971187157098,0.2787761384333586,16.160803789926426,2.0194809181316207,2.7645513183193007,4,"{""0"": 0.002077531390494966, ""1"": 0.0007975311758947348, ""2"": 0.0021336264305985117, ""3"": 0.004970507564667607, ""4"": 0.0010597156441891872, ""5"": 0.007818914917097585}"
primary_gain,200,p0.20,nan,1.0432315642813481,3,0.2,39.800000000000004,39.87,24,55,7974,7974,1.6051902349827138,130,0.1438808087821932,0.0028776161756438644,2.192077549959849,16.218178865733222,2.0174220037576687,2.7317557024512125,4,"{""0"": 0.0020148330473037236, ""1"": 0.0007218618893898128, ""2"": 0.0013864604152624773, ""3"": 0.00472221215870705, ""4"": 0.0011175029449904273, ""5"": 0.007302826598209697}"
primary_gain,200,p0.20,nan,1.0432315642813481,3,0.2,39.800000000000004,39.87,24,55,7974,7974,1.6051902349827138,140,0.13783241778214098,0.00275664835564282,0.19308175762425042,16.339281048788624,2.0362697409986,2.76111268879964,4,"{""0"": 0.000870226284651409, ""1"": 0.0008118636147299241, ""2"": 0.0014652104705367157, ""3"": 0.004371324841957282, ""4"": 0.0013648524536810623, ""5"": 0.007656412468300525}"
primary_gain,200,p0.20,nan,1.0432315642813481,3,0.2,39.800000000000004,39.87,24,55,7974,7974,1.6051902349827138,150,0.12698261924811804,0.0025396523849623613,0.228284130954164,16.67507405430908,2.0119727067468656,2.8183465962509575,5,"{""0"": 0.002580208263373768, ""1"": 0.0009929364963613245, ""2"": 0.0012514085483690545, ""3"": 0.002552235935664898, ""4"": 0.0016824900842321376, ""5"": 0.006178634981772984}"
primary_gain,200,p0.20,nan,1.0432315642813481,3,0.2,39.800000000000004,39.87,24,55,7974,7974,1.6051902349827138,160,0.14465596964299338,0.002893119392859868,1.4819778673568456,16.779135849865224,2.0161925423342955,2.8042810903235527,5,"{""0"": 0.0011334088766274584, ""1"": 0.0010053995523690007, ""2"": 0.0036144422345184336, ""3"": 0.004358794147104619, ""4"": 0.0007687831479437697, ""5"": 0.006477888398595923}"
primary_gain,200,p0.20,nan,1.0432315642813481,3,0.2,39.800000000000004,39.87,24,55,7974,7974,1.6051902349827138,170,0.14152354814149812,0.0028304709628299628,0.15217413218211043,16.868408650889286,2.0319713221077826,2.784274804462548,5,"{""0"": 0.001811663017530157, ""1"": 0.0012136282433956526, ""2"": 0.0026360386510376416, ""3"": 0.004869137289572887, ""4"": 0.0007903109253209687, ""5"": 0.005662047650122471}"
primary_gain,200,p0.20,nan,1.0432315642813481,3,0.2,39.800000000000004,39.87,24,55,7974,7974,1.6051902349827138,180,0.11653906548691767,0.0023307813097383535,8.906206418989285,16.962578109774224,2.0242363355694093,2.8333753890379056,5,"{""0"": 0.002451215948069398, ""1"": 0.0025727001660447077, ""2"": 0.001439182379671728, ""3"": 0.0019702902259284513, ""4"": 0.0008095613235961672, ""5"": 0.004741737815119668}"
primary_gain,200,p0.20,nan,1.0432315642813481,3,0.2,39.800000000000004,39.87,24,55,7974,7974,1.6051902349827138,190,0.09935932828297842,0.001987186565659569,0.5974394179307073,16.989801969114918,2.0375873144896546,2.8299192658965717,5,"{""0"": 0.0024159298949322683, ""1"": 0.0023866411930980177, ""2"": 0.0009142492718622336, ""3"": 0.001733265991991656, ""4"": 0.0008623058311554397, ""5"": 0.0036107272109177947}"
primary_gain,200,p0.20,nan,1.0432315642813481,3,0.2,39.800000000000004,39.87,24,55,7974,7974,1.6051902349827138,200,0.11604501356625141,0.0023209002713250287,14.911682083229925,17.114753536157604,2.0358118651006087,2.7651228682457747,5,"{""0"": 0.0021506493345769297, ""1"": 0.001221753431904462, ""2"": 0.001346349296546787, ""3"": 0.004189855028112105, ""4"": 0.0008863498549700618, ""5"": 0.004130444681839826}"
primary_gain,200,p0.40,nan,0.9907733032914643,3,0.4,79.60000000000001,79.135,60,97,15827,15827,1.6051902349827234,0,0.9818871723234307,0.019637743446468615,nan,0.0,1.6051902349827234,7.664292217480331,14,"{""0"": 0.016545861837116364, ""1"": 0.02137153215470673, ""2"": 0.0199258986777814, ""3"": 0.020485670292548608, ""4"": 0.019185995292593204, ""5"": 0.020311502424065386}"
primary_gain,200,p0.40,nan,0.9907733032914643,3,0.4,79.60000000000001,79.135,60,97,15827,15827,1.6051902349827234,10,0.5225057361138705,0.010450114722277411,6.676598000926148,10.999322745343642,2.0863259424245233,2.4119606676438465,3,"{""0"": 0.008215345829274221, ""1"": 0.008637472951390165, ""2"": 0.001395267711535956, ""3"": 0.018437345655093855, ""4"": 0.023918003229584074, ""5"": 0.002097252956786189}"
primary_gain,200,p0.40,nan,0.9907733032914643,3,0.4,79.60000000000001,79.135,60,97,15827,15827,1.6051902349827234,20,0.3158058457506786,0.006316116915013573,0.8721005988902315,11.896826235693815,2.178125860037878,2.2251157032997013,3,"{""0"": 0.0016747991774130563, ""1"": 0.013290025946603074, ""2"": 0.0005657715293981046, ""3"": 0.003627145781523, ""4"": 0.014450673457677057, ""5"": 0.004288285597467153}"
primary_gain,200,p0.40,nan,0.9907733032914643,3,0.4,79.60000000000001,79.135,60,97,15827,15827,1.6051902349827234,30,0.3408124930118807,0.006816249860237615,0.15932879864685465,13.365140475210849,1.959591581549022,2.6847426256452285,4,"{""0"": 0.0034956942665927693, ""1"": 0.010228403935378093, ""2"": 0.0012285628767536782, ""3"": 0.015221579753434513, ""4"": 0.0005001337593888626, ""5"": 0.010223124569877768}"
primary_gain,200,p0.40,nan,0.9907733032914643,3,0.4,79.60000000000001,79.135,60,97,15827,15827,1.6051902349827234,40,0.251303027151047,0.005026060543020941,2.561000883525166,14.579273710996702,2.187364113428403,2.6134045210969883,3,"{""0"": 0.0032722092415545904, ""1"": 0.010412649788314438, ""2"": 0.0013763293601954975, ""3"": 0.010668503027547311, ""4"": 0.0038073163381217717, ""5"": 0.000619355502392042}"
primary_gain,200,p0.40,nan,0.9907733032914643,3,0.4,79.60000000000001,79.135,60,97,15827,15827,1.6051902349827234,50,0.33830300531439783,0.0067660601062879576,0.7288918504274297,15.521189568398084,2.170286186776567,2.605646858817708,4,"{""0"": 0.003828680219129956, ""1"": 0.011899225750858182, ""2"": 0.00035359260846637766, ""3"": 0.020708026331746506, ""4"": 0.003353323472361439, ""5"": 0.00045351225516528196}"
primary_gain,200,p0.40,nan,0.9907733032914643,3,0.4,79.60000000000001,79.135,60,97,15827,15827,1.6051902349827234,60,0.21541975236370772,0.0043083950472741555,0.07099927636486317,15.803251514341511,2.1455133619369233,2.5783004193333796,3,"{""0"": 0.004216342324212394, ""1"": 0.007752334472960374, ""2"": 0.00030866467784344625, ""3"": 0.01269547696579676, ""4"": 0.0004023078454333883, ""5"": 0.0004752439973985734}"
primary_gain,200,p0.40,nan,0.9907733032914643,3,0.4,79.60000000000001,79.135,60,97,15827,15827,1.6051902349827234,70,0.30765490771743415,0.006153098154348684,11.327520403962286,17.519843155430706,2.1686403268473495,2.5336942263105064,3,"{""0"": 0.012043912896327471, ""1"": 0.010961145131836322, ""2"": 0.007379336743924432, ""3"": 0.005681183208110533, ""4"": 0.0005324147887799492, ""5"": 0.00032059615711339806}"
primary_gain,200,p0.40,nan,0.9907733032914643,3,0.4,79.60000000000001,79.135,60,97,15827,15827,1.6051902349827234,80,0.26278769349396597,0.00525575386987932,0.6329012427952936,18.04841381744708,2.119097759110459,2.5107361588329624,3,"{""0"": 0.005177591782598275, ""1"": 0.008229104435588185, ""2"": 0.00961977018067363, ""3"": 0.007574029162265991, ""4"": 0.00039491028448238144, ""5"": 0.0005391173736674568}"
primary_gain,200,p0.40,nan,0.9907733032914643,3,0.4,79.60000000000001,79.135,60,97,15827,15827,1.6051902349827234,90,0.15111153728146634,0.003022230745629327,0.9839989484226416,18.861612409574825,2.122907338813182,2.5012834558758485,3,"{""0"": 0.00047151023794177703, ""1"": 0.01067436708284797, ""2"": 0.0006230473272310633, ""3"": 0.004914464806083163, ""4"": 0.0004467999948253267, ""5"": 0.0010031950248466604}"
primary_gain,200,p0.40,nan,0.9907733032914643,3,0.4,79.60000000000001,79.135,60,97,15827,15827,1.6051902349827234,100,0.14001719857919212,0.002800343971583843,0.7874023810481975,19.03781372230143,2.121535603752902,2.4871651437001243,3,"{""0"": 0.00045618659362853253, ""1"": 0.007571142783055958, ""2"": 0.003534691034040075, ""3"": 0.004072715302913927, ""4"": 0.00037763398584441494, ""5"": 0.0007896941300201509}"
primary_gain,200,p0.40,nan,0.9907733032914643,3,0.4,79.60000000000001,79.135,60,97,15827,15827,1.6051902349827234,110,0.09519558282555472,0.0019039116565110947,2.3191691516633655,19.237010789388673,2.1172433118799536,2.4785410602710405,3,"{""0"": 0.0003996792948475163, ""1"": 0.005612900692242184, ""2"": 0.0005187405778526437, ""3"": 0.00391266362151804, ""4"": 0.0003438292812090643, ""5"": 0.0006356564713971182}"
primary_gain,200,p0.40,nan,0.9907733032914643,3,0.4,79.60000000000001,79.135,60,97,15827,15827,1.6051902349827234,120,0.08371943708690871,0.0016743887417381743,1.4426581076537381,19.476936522614423,2.129122665572997,2.4941878139605973,3,"{""0"": 0.0003674716898146464, ""1"": 0.004157744377843273, ""2"": 0.0006327488819135141, ""3"": 0.003930230492203651, ""4"": 0.0003057609817888324, ""5"": 0.0006523760268651273}"
primary_gain,200,p0.40,nan,0.9907733032914643,3,0.4,79.60000000000001,79.135,60,97,15827,15827,1.6051902349827234,130,0.12867941334579977,0.0025735882669159957,0.8220006176300187,19.812191599591554,2.1338742846606293,2.509793967661049,3,"{""0"": 0.0003419934778127507, ""1"": 0.01030796779580733, ""2"": 0.0007707053868463683, ""3"": 0.003095870008106066, ""4"": 0.0002443207047545029, ""5"": 0.0006806722281689549}"
primary_gain,200,p0.40,nan,0.9907733032914643,3,0.4,79.60000000000001,79.135,60,97,15827,15827,1.6051902349827234,140,0.11007382450441751,0.0022014764900883505,6.080806915982946,20.133111025484844,2.1478644272626712,2.5178311498936408,3,"{""0"": 0.0002972464110604028, ""1"": 0.00931350159181806, ""2"": 0.0007054694577809655, ""3"": 0.0019807644686127743, ""4"": 0.0002569415903806504, ""5"": 0.0006549354208772479}"
primary_gain,200,p0.40,nan,0.9907733032914643,3,0.4,79.60000000000001,79.135,60,97,15827,15827,1.6051902349827234,150,0.09833474436934027,0.0019666948873868057,0.09636683006371301,20.461395785699267,2.148093148938173,2.5403568428767622,3,"{""0"": 0.00033038697820672526, ""1"": 0.005950839010528871, ""2"": 0.0008380860293127129, ""3"": 0.00377610155825445, ""4"": 0.0002686077397369008, ""5"": 0.0006361480082811724}"
primary_gain,200,p0.40,nan,0.9907733032914643,3,0.4,79.60000000000001,79.135,60,97,15827,15827,1.6051902349827234,160,0.1007575416179198,0.0020151508323583965,16.789743407281843,20.747042469568857,2.206031763388178,2.567657658175989,3,"{""0"": 0.00101132565271667, ""1"": 0.005208416876542459, ""2"": 0.0010288917881816372, ""3"": 0.00369094611317041, ""4"": 0.0003518940253239971, ""5"": 0.0007994305382152041}"
primary_gain,200,p0.40,nan,0.9907733032914643,3,0.4,79.60000000000001,79.135,60,97,15827,15827,1.6051902349827234,170,0.1215745605417242,0.0024314912108344845,0.25155368464183564,20.87051294214934,2.200939186085141,2.5906552674872976,3,"{""0"": 0.0026213395516423007, ""1"": 0.006082597777981322, ""2"": 0.0005575880171740174, ""3"": 0.004058752517720542, ""4"": 0.0003725809470380416, ""5"": 0.0008960884534506845}"
primary_gain,200,p0.40,nan,0.9907733032914643,3,0.4,79.60000000000001,79.135,60,97,15827,15827,1.6051902349827234,180,0.1189793442093258,0.002379586884186516,1.078293769935964,21.011919643927023,2.214741611690396,2.585773033212189,3,"{""0"": 0.0015300302299158057, ""1"": 0.006206432707765231, ""2"": 0.0011608519921788797, ""3"": 0.00392627677728955, ""4"": 0.0003774946985043236, ""5"": 0.001076434899465308}"
primary_gain,200,p0.40,nan,0.9907733032914643,3,0.4,79.60000000000001,79.135,60,97,15827,15827,1.6051902349827234,190,0.12444339296189234,0.002488867859237847,3.00822979223408,21.098164795685367,2.2206154361482717,2.546330051045815,3,"{""0"": 0.0004141071023500073, ""1"": 0.006043879168605025, ""2"": 0.0031481582266052145, ""3"": 0.003907113174895518, ""4"": 0.00043108702884482353, ""5"": 0.0009888624541264967}"
primary_gain,200,p0.40,nan,0.9907733032914643,3,0.4,79.60000000000001,79.135,60,97,15827,15827,1.6051902349827234,200,0.13137303980846218,0.002627460796169244,1.04305740424584,21.15585641204514,2.21994217885719,2.5552689329070146,3,"{""0"": 0.0004271606857446375, ""1"": 0.006648024699825385, ""2"": 0.0031762643927776245, ""3"": 0.004126710741965178, ""4"": 0.0004157482353875871, ""5"": 0.0009708560213150527}"
primary_gain,200,p0.05,nan,1.0,4,0.05,9.950000000000001,9.82,4,19,1964,1964,1.5874030774091823,0,1.0199343729069896,0.020398687458139792,nan,0.0,1.5874030774091823,5.437183027688483,13,"{""0"": 0.01978109192305775, ""1"": 0.019917645612646938, ""2"": 0.020663709362560186, ""3"": 0.020111114563705165, ""4"": 0.020346339013061616, ""5"": 0.02157222427380711}"
primary_gain,200,p0.05,nan,1.0,4,0.05,9.950000000000001,9.82,4,19,1964,1964,1.5874030774091823,10,0.6265445955163633,0.012530891910327269,17.93385511695875,13.128869821216801,1.8485438345778584,2.311245439773274,6,"{""0"": 0.008933769131511879, ""1"": 0.01875916020226561, ""2"": 0.005527566080878092, ""3"": 0.01688014217210484, ""4"": 0.02017109542056804, ""5"": 0.004913618454635137}"
primary_gain,200,p0.05,nan,1.0,4,0.05,9.950000000000001,9.82,4,19,1964,1964,1.5874030774091823,20,0.45504963883728267,0.009100992776745654,19.144019168533784,14.330500535079018,1.8345748929571541,2.4815428656922927,8,"{""0"": 0.007475807119215848, ""1"": 0.013974542416616793, ""2"": 0.006079958108264677, ""3"": 0.010128275141196932, ""4"": 0.01454336359072087, ""5"": 0.0024040102844588057}"
primary_gain,200,p0.05,nan,1.0,4,0.05,9.950000000000001,9.82,4,19,1964,1964,1.5874030774091823,30,0.36279759316131505,0.007255951863226302,3.0011117300473864,14.807482232726562,1.8743667336917973,2.923706305948734,7,"{""0"": 0.00525253182826365, ""1"": 0.005595741033821911, ""2"": 0.010513980797934159, ""3"": 0.010600616129040948, ""4"": 0.009575363068882535, ""5"": 0.001997478321414615}"
primary_gain,200,p0.05,nan,1.0,4,0.05,9.950000000000001,9.82,4,19,1964,1964,1.5874030774091823,40,0.3060444113879535,0.006120888227759071,2.972798004392198,15.391819803147115,1.9275224765428405,2.9693419681788096,7,"{""0"": 0.004448799766468893, ""1"": 0.0026522105787162333, ""2"": 0.008678764927957968, ""3"": 0.013553876104935586, ""4"": 0.005343221782371462, ""5"": 0.002048456206104279}"
primary_gain,200,p0.05,nan,1.0,4,0.05,9.950000000000001,9.82,4,19,1964,1964,1.5874030774091823,50,0.3188420581938061,0.006376841163876124,1.4055366629598027,15.814623924964708,1.9268096626693927,2.967189170025811,7,"{""0"": 0.0050133461576165154, ""1"": 0.002846917319859026, ""2"": 0.010968194502614256, ""3"": 0.011598009086388633, ""4"": 0.006361319079665565, ""5"": 0.001473260837112749}"
primary_gain,200,p0.05,nan,1.0,4,0.05,9.950000000000001,9.82,4,19,1964,1964,1.5874030774091823,60,0.32003463287629025,0.006400692657525806,43.64517902770189,16.41707007093477,1.9843991775691747,3.0664736686364966,8,"{""0"": 0.004335195859108659, ""1"": 0.005501116355203109, ""2"": 0.012186285970173651, ""3"": 0.0078123161157073445, ""4"": 0.006634503207149828, ""5"": 0.001934738437812248}"
primary_gain,200,p0.05,nan,1.0,4,0.05,9.950000000000001,9.82,4,19,1964,1964,1.5874030774091823,70,0.3068006119304266,0.006136012238608533,1.3894171137750493,16.57394984044669,1.9312996976726349,3.314181791658207,8,"{""0"": 0.002334684302868918, ""1"": 0.005101840624100454, ""2"": 0.01443949132385861, ""3"": 0.005956798083566863, ""4"": 0.006897243871209885, ""5"": 0.0020860152260464672}"
primary_gain,200,p0.05,nan,1.0,4,0.05,9.950000000000001,9.82,4,19,1964,1964,1.5874030774091823,80,0.3006898456747651,0.006013796913495302,4.0706778534540495,16.79637368187931,1.9598515147794218,3.327837452366908,8,"{""0"": 0.0020603207823379926, ""1"": 0.003975118756779004, ""2"": 0.015143648796801685, ""3"": 0.0066653904209300775, ""4"": 0.005962858708013507, ""5"": 0.002275444016109545}"
primary_gain,200,p0.05,nan,1.0,4,0.05,9.950000000000001,9.82,4,19,1964,1964,1.5874030774091823,90,0.31007578239067146,0.00620151564781343,1.1833908946616214,16.996629312175834,2.0207187325712597,3.3110029272656663,8,"{""0"": 0.003495044854493084, ""1"": 0.003815389399333321, ""2"": 0.015453616642850384, ""3"": 0.006611764749161121, ""4"": 0.005477281240632273, ""5"": 0.002355997000410402}"
primary_gain,200,p0.05,nan,1.0,4,0.05,9.950000000000001,9.82,4,19,1964,1964,1.5874030774091823,100,0.308931084034015,0.006178621680680301,1.2574785740720469,17.06660222804825,2.054778847744662,3.293016953215663,8,"{""0"": 0.003944341821226434, ""1"": 0.0024444460269813745, ""2"": 0.015484197835783347, ""3"": 0.007688442028252393, ""4"": 0.00550388403333852, ""5"": 0.0020064183384997337}"
primary_gain,200,p0.05,nan,1.0,4,0.05,9.950000000000001,9.82,4,19,1964,1964,1.5874030774091823,110,0.29269259865547215,0.005853851973109444,2.5572317609909607,17.181304097104604,1.9964085012917536,3.234052781511585,7,"{""0"": 0.0032081785907945733, ""1"": 0.001969504256269441, ""2"": 0.01473441723764122, ""3"": 0.007998296033915582, ""4"": 0.004993807834364937, ""5"": 0.002218907885670907}"
primary_gain,200,p0.05,nan,1.0,4,0.05,9.950000000000001,9.82,4,19,1964,1964,1.5874030774091823,120,0.2774300039785006,0.005548600079570013,1.593354256102693,17.165569119034398,2.002659402689024,3.1285007182263995,7,"{""0"": 0.003429197853115357, ""1"": 0.0013815388875661107, ""2"": 0.011500795125270264, ""3"": 0.010355295210338629, ""4"": 0.003944656599091259, ""5"": 0.0026801168020384536}"
primary_gain,200,p0.05,nan,1.0,4,0.05,9.950000000000001,9.82,4,19,1964,1964,1.5874030774091823,130,0.27927698743693535,0.005585539748738708,5.608200736962329,17.18316445291624,2.009602149091325,3.073624267613097,7,"{""0"": 0.0033769704472148415, ""1"": 0.00108020854295102, ""2"": 0.011353234973483993, ""3"": 0.011498343240111342, ""4"": 0.003407142892163398, ""5"": 0.0027973383965076547}"
primary_gain,200,p0.05,nan,1.0,4,0.05,9.950000000000001,9.82,4,19,1964,1964,1.5874030774091823,140,0.27603324636947923,0.005520664927389585,9.645908086243587,17.293361515920697,2.0090756742706284,3.0803484706819626,7,"{""0"": 0.0030753502391142745, ""1"": 0.0008882241468671108, ""2"": 0.011518480757827146, ""3"": 0.011265127492774144, ""4"": 0.003184724729811357, ""5"": 0.00319208219794348}"
primary_gain,200,p0.05,nan,1.0,4,0.05,9.950000000000001,9.82,4,19,1964,1964,1.5874030774091823,150,0.29175756946261827,0.005835151389252366,1.0858558024763574,17.42990053840986,2.011408863730376,3.12192844906725,7,"{""0"": 0.002404221520820462, ""1"": 0.000881116661347938, ""2"": 0.01366003596015034, ""3"": 0.011127823151681173, ""4"": 0.003431547113102591, ""5"": 0.0035061639284116896}"
primary_gain,200,p0.05,nan,1.0,4,0.05,9.950000000000001,9.82,4,19,1964,1964,1.5874030774091823,160,0.2766498645821634,0.005532997291643269,0.7214715817892257,17.391351646885408,2.0026464617260364,3.103733958530022,7,"{""0"": 0.002547773655854327, ""1"": 0.0009537354466794655, ""2"": 0.011977436262668685, ""3"": 0.011583226559236917, ""4"": 0.003099001535332959, ""5"": 0.0030368102900872602}"
primary_gain,200,p0.05,nan,1.0,4,0.05,9.950000000000001,9.82,4,19,1964,1964,1.5874030774091823,170,0.28651876823103134,0.005730375364620627,3.968883570704022,17.455821041546663,2.0106828972961073,3.1359043228278956,7,"{""0"": 0.0024718230578793907, ""1"": 0.0009761223322462369, ""2"": 0.013727422793051105, ""3"": 0.010858608099742371, ""4"": 0.003344122108500008, ""5"": 0.0030041537963046505}"
primary_gain,200,p0.05,nan,1.0,4,0.05,9.950000000000001,9.82,4,19,1964,1964,1.5874030774091823,180,0.2760932755792796,0.005521865511585592,7.923253189580457,17.509534898449584,2.0129995005070853,3.12749280183835,7,"{""0"": 0.002484207651850083, ""1"": 0.0010643838847133303, ""2"": 0.011259925990434511, ""3"": 0.011247082138085635, ""4"": 0.0037949278817830173, ""5"": 0.0032806655226469785}"
primary_gain,200,p0.05,nan,1.0,4,0.05,9.950000000000001,9.82,4,19,1964,1964,1.5874030774091823,190,0.26953647470893843,0.0053907294941787694,3.9969633288302746,17.622772683447057,2.0187577349968056,3.1176562082537957,7,"{""0"": 0.002425690736014232, ""1"": 0.0010514161859859778, ""2"": 0.011016839047463495, ""3"": 0.01060700693535617, ""4"": 0.003931320013819782, ""5"": 0.0033121040464329636}"
primary_gain,200,p0.05,nan,1.0,4,0.05,9.950000000000001,9.82,4,19,1964,1964,1.5874030774091823,200,0.2706458599473256,0.005412917198946513,6.599851001937111,17.69887607675572,2.0237514453746392,3.1291551703383584,7,"{""0"": 0.002502084565195731, ""1"": 0.0010877069587643502, ""2"": 0.011676733465214622, ""3"": 0.010078826315094196, ""4"": 0.003897020863798191, ""5"": 0.003235131025611986}"
primary_gain,200,p0.10,nan,1.0302470543200697,4,0.1,19.900000000000002,19.945,10,33,3989,3989,1.587403077409184,0,1.034940880871027,0.02069881761742054,nan,0.0,1.587403077409184,7.250775684634329,13,"{""0"": 0.01963193207165418, ""1"": 0.02250446653785105, ""2"": 0.02061311086546161, ""3"": 0.019524288107140405, ""4"": 0.022008990735727235, ""5"": 0.01991011738668877}"
primary_gain,200,p0.10,nan,1.0302470543200697,4,0.1,19.900000000000002,19.945,10,33,3989,3989,1.587403077409184,10,0.809686356971393,0.016193727139427863,16.3846902464159,12.923648528600326,1.9573648870817195,2.972755725905982,7,"{""0"": 0.030671660815850387, ""1"": 0.005357404218796437, ""2"": 0.0018334539023862485, ""3"": 0.02051433869393742, ""4"": 0.01533444977685271, ""5"": 0.023451055428743976}"
primary_gain,200,p0.10,nan,1.0302470543200697,4,0.1,19.900000000000002,19.945,10,33,3989,3989,1.587403077409184,20,0.3385400694766424,0.006770801389532849,0.9722762927159062,14.515847646539672,1.8561132401609821,2.890760097449286,6,"{""0"": 0.003545894704734616, ""1"": 0.0031055281774969743, ""2"": 0.005376816930120725, ""3"": 0.0045282017321594745, ""4"": 0.018498181201199837, ""5"": 0.005570185591485468}"
primary_gain,200,p0.10,nan,1.0302470543200697,4,0.1,19.900000000000002,19.945,10,33,3989,3989,1.587403077409184,30,0.3289071201823811,0.006578142403647623,16.201513457106955,15.237667830673132,1.9322833855944965,3.0188813936237775,7,"{""0"": 0.005994378264985833, ""1"": 0.0023083144824414584, ""2"": 0.007254139413305573, ""3"": 0.0026731835423230445, ""4"": 0.014721321315773906, ""5"": 0.006517517403055924}"
primary_gain,200,p0.10,nan,1.0302470543200697,4,0.1,19.900000000000002,19.945,10,33,3989,3989,1.587403077409184,40,0.3330469612972428,0.006660939225944857,0.41237615300626185,15.590773911091762,1.941415768555679,2.8167699647697613,6,"{""0"": 0.003910997970774424, ""1"": 0.008780812511433018, ""2"": 0.005498777589456374, ""3"": 0.0030000211659342796, ""4"": 0.015871768727890076, ""5"": 0.0029032573901809767}"
primary_gain,200,p0.10,nan,1.0302470543200697,4,0.1,19.900000000000002,19.945,10,33,3989,3989,1.587403077409184,50,0.3585390216466734,0.007170780432933469,4.712293865942033,15.963109170990666,1.9393765955194315,2.666648529425218,7,"{""0"": 0.004278882389995939, ""1"": 0.00978131320565943, ""2"": 0.003773208558794216, ""3"": 0.006524634838367381, ""4"": 0.017366788960368813, ""5"": 0.0012998546444150261}"
primary_gain,200,p0.10,nan,1.0302470543200697,4,0.1,19.900000000000002,19.945,10,33,3989,3989,1.587403077409184,60,0.3578355997646441,0.007156711995292883,5.324442977798241,16.187718499065436,1.961998616154037,2.9771325227490544,8,"{""0"": 0.003871580678756903, ""1"": 0.013250156232900958, ""2"": 0.004936297708760999, ""3"": 0.0035604295098039347, ""4"": 0.011925048688226575, ""5"": 0.005396759153307925}"
primary_gain,200,p0.10,nan,1.0302470543200697,4,0.1,19.900000000000002,19.945,10,33,3989,3989,1.587403077409184,70,0.3926739003302226,0.007853478006604452,1.7498561593288828,16.46321958737904,2.0023438206335538,2.976066722772657,8,"{""0"": 0.003974593932285033, ""1"": 0.013342787929742191, ""2"": 0.003653985214053211, ""3"": 0.0022893281877903143, ""4"": 0.014048438365645986, ""5"": 0.00981173441010998}"
primary_gain,200,p0.10,nan,1.0302470543200697,4,0.1,19.900000000000002,19.945,10,33,3989,3989,1.587403077409184,80,0.31831857406478814,0.006366371481295764,11.313442889859173,16.800149714278792,1.963974521618482,3.126614673507445,8,"{""0"": 0.004051557542137331, ""1"": 0.007715331924730571, ""2"": 0.005770988922505792, ""3"": 0.00236165408531697, ""4"": 0.008788768276013733, ""5"": 0.009509928137070186}"
primary_gain,200,p0.10,nan,1.0302470543200697,4,0.1,19.900000000000002,19.945,10,33,3989,3989,1.587403077409184,90,0.29865957170394075,0.0059731914340788155,0.1048585355402257,16.842836392698523,1.9880237785287336,3.0419751479416774,8,"{""0"": 0.003930588926466942, ""1"": 0.009468962349209447, ""2"": 0.004195848845472913, ""3"": 0.0023816172432774103, ""4"": 0.0096887695931373, ""5"": 0.006173361646908879}"
primary_gain,200,p0.10,nan,1.0302470543200697,4,0.1,19.900000000000002,19.945,10,33,3989,3989,1.587403077409184,100,0.31686083871224185,0.006337216774244838,3.078469164248592,16.914693872946067,1.987386174692703,3.02817240573851,8,"{""0"": 0.0035286909098220507, ""1"": 0.009458861698986309, ""2"": 0.005236154568378802, ""3"": 0.001890788818547554, ""4"": 0.01126301904163646, ""5"": 0.006645785608097856}"
primary_gain,200,p0.10,nan,1.0302470543200697,4,0.1,19.900000000000002,19.945,10,33,3989,3989,1.587403077409184,110,0.2872065457024885,0.005744130914049771,4.791677067618266,16.938344640322565,1.9939577197766791,3.0832605471473227,8,"{""0"": 0.003715984990678999, ""1"": 0.009112467885519256, ""2"": 0.0062981419151466825, ""3"": 0.002031552187679059, ""4"": 0.007994663946811826, ""5"": 0.0053119745584628}"
primary_gain,200,p0.10,nan,1.0302470543200697,4,0.1,19.900000000000002,19.945,10,33,3989,3989,1.587403077409184,120,0.28184730107659556,0.005636946021531912,1.549137008823968,17.076388673465814,2.020330429969348,3.1027695918368017,8,"{""0"": 0.003705403182455385, ""1"": 0.00830324556522426, ""2"": 0.006679408770564337, ""3"": 0.0019251315100867424, ""4"": 0.007446100049616306, ""5"": 0.005762387051244441}"
primary_gain,200,p0.10,nan,1.0302470543200697,4,0.1,19.900000000000002,19.945,10,33,3989,3989,1.587403077409184,130,0.2797899025503409,0.0055957980510068185,34.75779163846555,17.103278473418133,2.0253476241634227,3.141186208005782,8,"{""0"": 0.003706637721129937, ""1"": 0.006813890390736567, ""2"": 0.006993243111440765, ""3"": 0.0018666959121385561, ""4"": 0.007917041623880135, ""5"": 0.0062772795467149495}"
primary_gain,200,p0.10,nan,1.0302470543200697,4,0.1,19.900000000000002,19.945,10,33,3989,3989,1.587403077409184,140,0.23359742986735754,0.004671948597347151,0.6380083751393198,17.16693534704648,2.0487863536450326,3.1776292875314796,8,"{""0"": 0.0028050178012391904, ""1"": 0.006059938303982376, ""2"": 0.006412133398414187, ""3"": 0.001685668922151385, ""4"": 0.005997530564473039, ""5"": 0.005071402593822735}"
primary_gain,200,p0.10,nan,1.0302470543200697,4,0.1,19.900000000000002,19.945,10,33,3989,3989,1.587403077409184,150,0.2592558591870044,0.005185117183740088,0.5601371384461488,17.22389362809132,2.0563980508548023,3.1533805695832426,8,"{""0"": 0.0032347865950252443, ""1"": 0.005711981823368209, ""2"": 0.006850071659523839, ""3"": 0.001303702368139385, ""4"": 0.005529142040930876, ""5"": 0.008481018615452978}"
primary_gain,200,p0.10,nan,1.0302470543200697,4,0.1,19.900000000000002,19.945,10,33,3989,3989,1.587403077409184,160,0.2578522439705947,0.005157044879411894,0.8887984007150271,17.30328250470457,2.057741240631,3.1087592447885135,8,"{""0"": 0.003287103021176943, ""1"": 0.004860435651779911, ""2"": 0.007392404101656818, ""3"": 0.0014634166851527403, ""4"": 0.0042726784796621245, ""5"": 0.009666231337042827}"
primary_gain,200,p0.10,nan,1.0302470543200697,4,0.1,19.900000000000002,19.945,10,33,3989,3989,1.587403077409184,170,0.24937709876156933,0.004987541975231387,4.032077659577195,17.32011765595761,2.067398402800043,3.147639680526666,8,"{""0"": 0.0030614436271207196, ""1"": 0.0055916696995973285, ""2"": 0.00687764550821567, ""3"": 0.0013377646086319267, ""4"": 0.004475217841876629, ""5"": 0.008581510565946051}"
primary_gain,200,p0.10,nan,1.0302470543200697,4,0.1,19.900000000000002,19.945,10,33,3989,3989,1.587403077409184,180,0.25104426448479744,0.005020885289695949,5.294094114025091,17.357541101557985,2.0760546648538165,3.1548180132919446,8,"{""0"": 0.0029568775370353443, ""1"": 0.0063327107476677845, ""2"": 0.006628437471481273, ""3"": 0.0012281895613902916, ""4"": 0.0050732214194366045, ""5"": 0.0079058750011644}"
primary_gain,200,p0.10,nan,1.0302470543200697,4,0.1,19.900000000000002,19.945,10,33,3989,3989,1.587403077409184,190,0.26915668659179987,0.005383133731835998,2.2491996860790984,17.437888588028148,2.0818416104348794,3.171960304616886,8,"{""0"": 0.003126216737952088, ""1"": 0.007103734992375546, ""2"": 0.0058436882472777596, ""3"": 0.001249284698480809, ""4"": 0.00657282762954169, ""5"": 0.008403050085388096}"
primary_gain,200,p0.10,nan,1.0302470543200697,4,0.1,19.900000000000002,19.945,10,33,3989,3989,1.587403077409184,200,0.2674131052398205,0.005348262104796411,2.2510631978898363,17.491755968270343,2.09002579060116,3.1463403003628705,8,"{""0"": 0.00278845049511946, ""1"": 0.007488095535602135, ""2"": 0.005572739219657499, ""3"": 0.0011601324218631355, ""4"": 0.006734635452323746, ""5"": 0.008345519504212485}"
primary_gain,200,p0.20,nan,1.0299087656673627,4,0.2,39.800000000000004,39.95,26,58,7990,7990,1.5874030774091736,0,1.0023287648057915,0.020046575296115834,nan,0.0,1.5874030774091736,6.300779592770009,15,"{""0"": 0.02120223115148846, ""1"": 0.018456153826074347, ""2"": 0.020719756791231666, ""3"": 0.01919376297432801, ""4"": 0.021893612012091647, ""5"": 0.018813935021480876}"
primary_gain,200,p0.20,nan,1.0299087656673627,4,0.2,39.800000000000004,39.95,26,58,7990,7990,1.5874030774091736,10,0.5894382479132555,0.011788764958265112,10.800300876264046,12.767159147572967,1.9020095168698283,2.4879795436373056,4,"{""0"": 0.038398781698249645, ""1"": 0.008032531847363253, ""2"": 0.000615611754873304, ""3"": 0.00969374517648474, ""4"": 0.007844236609999135, ""5"": 0.006147682662620584}"
primary_gain,200,p0.20,nan,1.0299087656673627,4,0.2,39.800000000000004,39.95,26,58,7990,7990,1.5874030774091736,20,0.2796077188044826,0.005592154376089653,1.082504739790276,16.168402449185905,2.1282662640372236,2.7579545913730534,6,"{""0"": 0.009262943396627506, ""1"": 0.002497406257473821, ""2"": 0.013333324370483323, ""3"": 0.0017538111815962887, ""4"": 0.002367139860889085, ""5"": 0.004338301189467904}"
primary_gain,200,p0.20,nan,1.0299087656673627,4,0.2,39.800000000000004,39.95,26,58,7990,7990,1.5874030774091736,30,0.3156909986093882,0.006313819972187765,0.6057955962684289,17.073247671858276,2.164353429454766,2.785454430058568,6,"{""0"": 0.008219764559103499, ""1"": 0.004811015862066597, ""2"": 0.014325893493565764, ""3"": 0.0012429912680790684, ""4"": 0.0016776498289135377, ""5"": 0.007605604821398127}"
primary_gain,200,p0.20,nan,1.0299087656673627,4,0.2,39.800000000000004,39.95,26,58,7990,7990,1.5874030774091736,40,0.35533954101814874,0.007106790820362976,1.7918022182479687,17.43233184830299,2.162524927202519,2.7038941514191173,6,"{""0"": 0.006123090051102684, ""1"": 0.004605238889484517, ""2"": 0.016463515486915242, ""3"": 0.01337193752378556, ""4"": 0.001564924260433399, ""5"": 0.0005120387104564498}"
primary_gain,200,p0.20,nan,1.0299087656673627,4,0.2,39.800000000000004,39.95,26,58,7990,7990,1.5874030774091736,50,0.2981753552586232,0.005963507105172465,0.24378278079582813,17.622068926439354,2.141142141853849,2.691646781811369,5,"{""0"": 0.00423031744340476, ""1"": 0.005793633119976573, ""2"": 0.00980937017205196, ""3"": 0.013386442427945983, ""4"": 0.0020060854676731826, ""5"": 0.0005551939999823243}"
primary_gain,200,p0.20,nan,1.0299087656673627,4,0.2,39.800000000000004,39.95,26,58,7990,7990,1.5874030774091736,60,0.18768762050372823,0.003753752410074565,0.852455765395628,18.07156008471022,2.113835366843556,2.7352608511066725,5,"{""0"": 0.0010406364289685974, ""1"": 0.005196656638934949, ""2"": 0.011157560731233775, ""3"": 0.0034753198240956586, ""4"": 0.0011176163324656124, ""5"": 0.0005347245047487943}"
primary_gain,200,p0.20,nan,1.0299087656673627,4,0.2,39.800000000000004,39.95,26,58,7990,7990,1.5874030774091736,70,0.15301087813772216,0.0030602175627544434,0.16359868459646823,18.292393628935827,2.1184238507618516,2.7218732875026466,4,"{""0"": 0.0009971639201264496, ""1"": 0.005141911087782869, ""2"": 0.00930182192263279, ""3"": 0.0005842731568160254, ""4"": 0.001745686053477364, ""5"": 0.0005904492356911635}"
primary_gain,200,p0.20,nan,1.0299087656673627,4,0.2,39.800000000000004,39.95,26,58,7990,7990,1.5874030774091736,80,0.12370471192508983,0.002474094238501797,11.0160506930347,18.31364433998446,2.126519700430347,2.7395194672109233,5,"{""0"": 0.0017685993709757384, ""1"": 0.003167652319899889, ""2"": 0.007685017591255889, ""3"": 0.0007951602720755048, ""4"": 0.0009337003866464773, ""5"": 0.000494435490157284}"
primary_gain,200,p0.20,nan,1.0299087656673627,4,0.2,39.800000000000004,39.95,26,58,7990,7990,1.5874030774091736,90,0.10719055739937407,0.002143811147987482,0.4271558593883938,18.41212088425704,2.1226394045428036,2.7393248932449996,5,"{""0"": 0.0016325387276481021, ""1"": 0.003272983452365156, ""2"": 0.005766769663209115, ""3"": 0.0007596301527483612, ""4"": 0.0009598746384501252, ""5"": 0.0004710702535040312}"
primary_gain,200,p0.20,nan,1.0299087656673627,4,0.2,39.800000000000004,39.95,26,58,7990,7990,1.5874030774091736,100,0.11092946856091898,0.00221858937121838,11.705884984623713,18.550256073993506,2.1207054958198652,2.7225244013394354,4,"{""0"": 0.00137639538637243, ""1"": 0.0032579971741645876, ""2"": 0.006564625260245699, ""3"": 0.0008156808303452827, ""4"": 0.0008815059369926576, ""5"": 0.0004153316391896232}"
primary_gain,200,p0.20,nan,1.0299087656673627,4,0.2,39.800000000000004,39.95,26,58,7990,7990,1.5874030774091736,110,0.11218547935175058,0.0022437095870350117,0.446921954429018,18.56745842814793,2.1249019392642463,2.7123794508710186,4,"{""0"": 0.002072695196294647, ""1"": 0.0019009692041856551, ""2"": 0.007394147065523495, ""3"": 0.0008614778514643986, ""4"": 0.0008187071811283102, ""5"": 0.00041426102361356577}"
primary_gain,200,p0.20,nan,1.0299087656673627,4,0.2,39.800000000000004,39.95,26,58,7990,7990,1.5874030774091736,120,0.14110327174875542,0.002822065434975109,3.989093919054071,18.63332083759776,2.127959975867725,2.7214745192905188,5,"{""0"": 0.002870310766984191, ""1"": 0.001440875271048919, ""2"": 0.01069501203955789, ""3"": 0.0007732695284285082, ""4"": 0.0007494252219672606, ""5"": 0.0004034997818638818}"
primary_gain,200,p0.20,nan,1.0299087656673627,4,0.2,39.800000000000004,39.95,26,58,7990,7990,1.5874030774091736,130,0.12609479884885355,0.002521895976977071,0.14614349801267112,18.792380709581487,2.1521769658248795,2.7262947328408886,5,"{""0"": 0.005261375873977691, ""1"": 0.0013301356245623674, ""2"": 0.006153453104510055, ""3"": 0.0011512503123911053, ""4"": 0.0008732185052472684, ""5"": 0.00036194244117393904}"
primary_gain,200,p0.20,nan,1.0299087656673627,4,0.2,39.800000000000004,39.95,26,58,7990,7990,1.5874030774091736,140,0.11909764345240494,0.002381952869048099,0.28083583096677506,18.89606591887561,2.1551319029962195,2.7072628064674893,4,"{""0"": 0.004315437220747128, ""1"": 0.0014091051008530368, ""2"": 0.006581635758184145, ""3"": 0.0005218977892024518, ""4"": 0.0010868303226369998, ""5"": 0.00037681102266482955}"
primary_gain,200,p0.20,nan,1.0299087656673627,4,0.2,39.800000000000004,39.95,26,58,7990,7990,1.5874030774091736,150,0.10168829375676798,0.00203376587513536,0.5586790415819526,19.00837326157067,2.165397953395341,2.7047636159371775,4,"{""0"": 0.001749202383198379, ""1"": 0.0014960384133469438, ""2"": 0.007037799233605017, ""3"": 0.0003904758548793252, ""4"": 0.0011082524281635791, ""5"": 0.0004208269376189135}"
primary_gain,200,p0.20,nan,1.0299087656673627,4,0.2,39.800000000000004,39.95,26,58,7990,7990,1.5874030774091736,160,0.11556191691315586,0.002311238338263118,1.0082607106372525,19.0889858701344,2.1593822633023825,2.6991326729025933,4,"{""0"": 0.002642577221892318, ""1"": 0.001149193866871111, ""2"": 0.006778269085156802, ""3"": 0.00043906458730813374, ""4"": 0.0012026147350702229, ""5"": 0.0016557105332801164}"
primary_gain,200,p0.20,nan,1.0299087656673627,4,0.2,39.800000000000004,39.95,26,58,7990,7990,1.5874030774091736,170,0.10135232701894727,0.002027046540378946,0.19047826183921057,19.16267786314214,2.154057634135345,2.707121416826011,4,"{""0"": 0.0019773758525550326, ""1"": 0.0013275334924627525, ""2"": 0.00669790126902339, ""3"": 0.00042775253155182913, ""4"": 0.001252562081596849, ""5"": 0.00047915401508382153}"
primary_gain,200,p0.20,nan,1.0299087656673627,4,0.2,39.800000000000004,39.95,26,58,7990,7990,1.5874030774091736,180,0.09745154664541811,0.0019490309329083624,0.5268287920917178,19.339419929049956,2.160669661614173,2.7250139582013135,4,"{""0"": 0.001735617559472092, ""1"": 0.001391254942249449, ""2"": 0.006605862612089987, ""3"": 0.0004395187772005347, ""4"": 0.0012274603921735218, ""5"": 0.0002944713142645919}"
primary_gain,200,p0.20,nan,1.0299087656673627,4,0.2,39.800000000000004,39.95,26,58,7990,7990,1.5874030774091736,190,0.09769599673305353,0.001953919934661071,0.6711510382115026,19.41692192019729,2.162211021803566,2.7221177844793316,4,"{""0"": 0.0019451523118009656, ""1"": 0.0013786877210987417, ""2"": 0.0066712822014651, ""3"": 0.00043545492852954063, ""4"": 0.0009955076471770453, ""5"": 0.0002974347978950295}"
primary_gain,200,p0.20,nan,1.0299087656673627,4,0.2,39.800000000000004,39.95,26,58,7990,7990,1.5874030774091736,200,0.10210695565956078,0.002042139113191216,0.784838048326071,19.440015753013068,2.1777368071628747,2.715804201491586,4,"{""0"": 0.0017020240288355911, ""1"": 0.0013531843139081, ""2"": 0.00735179206009709, ""3"": 0.0004173459165112239, ""4"": 0.0011141003674718204, ""5"": 0.00031438799232346934}"
primary_gain,200,p0.40,nan,1.0089771502640732,4,0.4,79.60000000000001,79.915,61,98,15983,15983,1.5874030774091843,0,1.0525028014840936,0.021050056029681876,nan,0.0,1.5874030774091843,6.978524691660461,14,"{""0"": 0.021799001942782205, ""1"": 0.01812562272748845, ""2"": 0.022490783824406634, ""3"": 0.020197891684673452, ""4"": 0.022570537823159847, ""5"": 0.021116498175580672}"
primary_gain,200,p0.40,nan,1.0089771502640732,4,0.4,79.60000000000001,79.915,61,98,15983,15983,1.5874030774091843,10,0.3997362987522372,0.007994725975044746,3.2486931519986224,10.257756819636656,1.8730535101603667,2.002343359696208,3,"{""0"": 0.0037251153116369825, ""1"": 0.013295346262154461, ""2"": 0.0009093039883095505, ""3"": 0.012187727901214184, ""4"": 0.017433909022291093, ""5"": 0.00041695336466220236}"
primary_gain,200,p0.40,nan,1.0089771502640732,4,0.4,79.60000000000001,79.915,61,98,15983,15983,1.5874030774091843,20,0.13287217844268912,0.0026574435688537824,0.13594199465625117,12.67320891055677,1.9461714009850208,2.5467723939950417,3,"{""0"": 0.006791843852423579, ""1"": 0.00023613878275611068, ""2"": 0.0010903449975485527, ""3"": 0.0030818915429178537, ""4"": 0.00035615210676094556, ""5"": 0.004388290130715651}"
primary_gain,200,p0.40,nan,1.0089771502640732,4,0.4,79.60000000000001,79.915,61,98,15983,15983,1.5874030774091843,30,0.07553212991309487,0.0015106425982618977,0.13171884446173185,13.324174845227363,1.9428991592620548,2.5468220402944075,3,"{""0"": 0.003517378338449127, ""1"": 0.00021938027413711576, ""2"": 0.0008227309208486552, ""3"": 0.0006316017642823544, ""4"": 0.0002907530439626672, ""5"": 0.003582011247891466}"
primary_gain,200,p0.40,nan,1.0089771502640732,4,0.4,79.60000000000001,79.915,61,98,15983,15983,1.5874030774091843,40,0.10533985767676236,0.0021067971535352475,0.08126885599545895,13.805668787578671,1.9639920229350392,2.5634896294795886,3,"{""0"": 0.007490984747499596, ""1"": 0.00026387902254164017, ""2"": 0.0006361971916214453, ""3"": 0.003343164088340738, ""4"": 0.0003134947291799736, ""5"": 0.0005930631420280948}"
primary_gain,200,p0.40,nan,1.0089771502640732,4,0.4,79.60000000000001,79.915,61,98,15983,15983,1.5874030774091843,50,0.09901615158119785,0.0019803230316239573,0.19813118978164554,14.645035359754045,1.9453507833550412,2.5389300603443896,3,"{""0"": 0.007063564533617344, ""1"": 0.0003717101469537433, ""2"": 0.00032315146177138625, ""3"": 0.003495596712660825, ""4"": 0.00031448934705592425, ""5"": 0.00031342598768451945}"
primary_gain,200,p0.40,nan,1.0089771502640732,4,0.4,79.60000000000001,79.915,61,98,15983,15983,1.5874030774091843,60,0.06739286720191931,0.0013478573440383864,1.8313306808219323,15.498273834271092,1.9856303314791288,2.5152663325518763,3,"{""0"": 0.0004807748431092119, ""1"": 0.0002658981314462607, ""2"": 0.0003395586694619668, ""3"": 0.0006935576006566553, ""4"": 0.00032339269790260554, ""5"": 0.005983962121653617}"
primary_gain,200,p0.40,nan,1.0089771502640732,4,0.4,79.60000000000001,79.915,61,98,15983,15983,1.5874030774091843,70,0.035196282413283334,0.0007039256482656668,0.022496019499689622,15.9058477633562,1.9859276210316825,2.5190313601931664,3,"{""0"": 0.0002738207688283487, ""1"": 0.0002567178191408431, ""2"": 0.0003038127026327217, ""3"": 0.0004941076950781649, ""4"": 0.0003502111750994747, ""5"": 0.002544883728814447}"
primary_gain,200,p0.40,nan,1.0089771502640732,4,0.4,79.60000000000001,79.915,61,98,15983,15983,1.5874030774091843,80,0.01838878507397036,0.00036777570147940726,0.17159579196704944,16.354828696632907,2.0060643625319656,2.518258192492186,3,"{""0"": 0.0003013330855009059, ""1"": 0.00018484116380488146, ""2"": 0.00023601286455653868, ""3"": 0.00044216874313767146, ""4"": 0.0005802247265246725, ""5"": 0.00046207362535177364}"
primary_gain,200,p0.40,nan,1.0089771502640732,4,0.4,79.60000000000001,79.915,61,98,15983,15983,1.5874030774091843,90,0.04097684484794024,0.0008195368969588048,2.6930086875024597,16.737638769548592,2.042494501136416,2.525333369671191,3,"{""0"": 0.000427176817237566, ""1"": 0.00019098992902316712, ""2"": 0.00026335428363111234, ""3"": 0.0003830458555207644, ""4"": 0.003226745500533516, ""5"": 0.0004259089958067035}"
primary_gain,200,p0.40,nan,1.0089771502640732,4,0.4,79.60000000000001,79.915,61,98,15983,15983,1.5874030774091843,100,0.017593816904033686,0.00035187633808067374,2.1417632041595063,17.06229978226842,2.165479483189973,2.5137281245911005,3,"{""0"": 0.0002779162362623091, ""1"": 0.00013453081064661735, ""2"": 0.0002448719761740238, ""3"": 0.0008036179857634837, ""4"": 0.00045390013547443, ""5"": 0.00019642088416317832}"
primary_gain,200,p0.40,nan,1.0089771502640732,4,0.4,79.60000000000001,79.915,61,98,15983,15983,1.5874030774091843,110,0.02016024979798214,0.0004032049959596429,0.7291180157898111,17.341379351852737,2.1474300803457664,2.505807903587896,3,"{""0"": 0.0002407016863611576, ""1"": 0.0001364065346486629, ""2"": 0.0002801698730921753, ""3"": 0.0004356378600500167, ""4"": 0.0003642229547958305, ""5"": 0.0009620910668100143}"
primary_gain,200,p0.40,nan,1.0089771502640732,4,0.4,79.60000000000001,79.915,61,98,15983,15983,1.5874030774091843,120,0.017926695198072305,0.0003585339039614462,0.18014764519012394,17.517749015914816,2.1306198256094167,2.502533112978565,3,"{""0"": 0.0002841633566767501, ""1"": 0.00013370100465068417, ""2"": 0.00023377961534894933, ""3"": 0.00037462170866605683, ""4"": 0.00030682682306459793, ""5"": 0.0008181109153616387}"
primary_gain,200,p0.40,nan,1.0089771502640732,4,0.4,79.60000000000001,79.915,61,98,15983,15983,1.5874030774091843,130,0.017816257631659786,0.00035632515263319574,0.21499680661745002,17.65022934433483,2.1030565697338917,2.5018092224945367,3,"{""0"": 0.00029128128070175736, ""1"": 0.00011319756281706115, ""2"": 0.00025336017686171397, ""3"": 0.0004394724523275499, ""4"": 0.0003147732125085523, ""5"": 0.0007258662305825397}"
primary_gain,200,p0.40,nan,1.0089771502640732,4,0.4,79.60000000000001,79.915,61,98,15983,15983,1.5874030774091843,140,0.04515532998232028,0.0009031065996464058,0.2392493759311785,17.962286221566973,2.066014023608799,2.5118737948156067,3,"{""0"": 0.00022977044519219264, ""1"": 0.00017815969458426746, ""2"": 0.00032736838565444374, ""3"": 0.0004212068856082454, ""4"": 0.0003843324375462714, ""5"": 0.003877801749293014}"
primary_gain,200,p0.40,nan,1.0089771502640732,4,0.4,79.60000000000001,79.915,61,98,15983,15983,1.5874030774091843,150,0.08653685735961618,0.0017307371471923239,7.184597968330059,18.367064946343927,2.0706401522111157,2.523034236340467,3,"{""0"": 0.00017034063558702176, ""1"": 0.0001813354352097531, ""2"": 0.0003184713333038751, ""3"": 0.0021419358066610827, ""4"": 0.0035527244206234065, ""5"": 0.0040196152517688035}"
primary_gain,200,p0.40,nan,1.0089771502640732,4,0.4,79.60000000000001,79.915,61,98,15983,15983,1.5874030774091843,160,0.08140847676584823,0.0016281695353169646,0.06769578679889944,18.586216422866205,2.0268594273002183,2.506499122047926,3,"{""0"": 0.00018320918888648134, ""1"": 0.00012102092361381091, ""2"": 0.002979173021244486, ""3"": 0.0017928077183755465, ""4"": 0.0004146105505738562, ""5"": 0.004278195809207605}"
primary_gain,200,p0.40,nan,1.0089771502640732,4,0.4,79.60000000000001,79.915,61,98,15983,15983,1.5874030774091843,170,0.05217410925739137,0.0010434821851478275,0.35107781050932685,18.704177822333275,2.0389296306432367,2.506925228643727,3,"{""0"": 0.00019472068225558043, ""1"": 0.00012736153185847075, ""2"": 0.002669940023558886, ""3"": 0.0005765001385945851, ""4"": 0.000353688976067095, ""5"": 0.002338681758552347}"
primary_gain,200,p0.40,nan,1.0089771502640732,4,0.4,79.60000000000001,79.915,61,98,15983,15983,1.5874030774091843,180,0.02578494090732688,0.0005156988181465377,2.1164697267595867,18.90345302660341,2.0436597727870507,2.514526813907249,3,"{""0"": 0.00017620337979570925, ""1"": 0.00012637793471526116, ""2"": 0.00032623239722932477, ""3"": 0.0004903067292130165, ""4"": 0.0006210766465826079, ""5"": 0.0013539958213433065}"
primary_gain,200,p0.40,nan,1.0089771502640732,4,0.4,79.60000000000001,79.915,61,98,15983,15983,1.5874030774091843,190,0.03706474142805577,0.0007412948285611155,0.07098781733262732,19.14384604495239,2.0399172481223617,2.4994372533672577,3,"{""0"": 0.00017833867001975143, ""1"": 0.00014622843313532474, ""2"": 0.00036138880934936886, ""3"": 0.000541731533733605, ""4"": 0.00034279657026457187, ""5"": 0.002877284954864071}"
primary_gain,200,p0.40,nan,1.0089771502640732,4,0.4,79.60000000000001,79.915,61,98,15983,15983,1.5874030774091843,200,0.05410737045212414,0.001082147409042483,0.4109167376813119,19.242633519338273,2.0497603153606248,2.5128516179402487,3,"{""0"": 0.00016815074277459354, ""1"": 0.00014375277628374906, ""2"": 0.00036751319395207156, ""3"": 0.0028339271622528413, ""4"": 0.00042896807552715463, ""5"": 0.002550572503464488}"
primary_gain,200,p0.05,nan,1.0,5,0.05,9.950000000000001,10.57,4,19,2114,2114,1.6184323054031027,0,0.9914212077969902,0.019828424155939807,nan,0.0,1.6184323054031027,7.328597600559711,14,"{""0"": 0.018875214787918305, ""1"": 0.02041795363000278, ""2"": 0.01958417690431877, ""3"": 0.019560928704669737, ""4"": 0.021122179967733065, ""5"": 0.01941009094099618}"
primary_gain,200,p0.05,nan,1.0,5,0.05,9.950000000000001,10.57,4,19,2114,2114,1.6184323054031027,10,1.2872751947339638,0.02574550389467928,0.3026898166883767,14.1397394101474,2.3024771904806736,3.1253426174851113,8,"{""0"": 0.0030127495402385534, ""1"": 0.05872327947875953, ""2"": 0.02737145610674354, ""3"": 0.014875854388029297, ""4"": 0.021339323000065122, ""5"": 0.02915036085423966}"
primary_gain,200,p0.05,nan,1.0,5,0.05,9.950000000000001,10.57,4,19,2114,2114,1.6184323054031027,20,0.5596226275455295,0.01119245255091059,3.1474524667617354,15.919957341726942,2.2824875318190134,3.5059871175976567,12,"{""0"": 0.005226679277644021, ""1"": 0.01929285543076395, ""2"": 0.008079276364346822, ""3"": 0.009763616204836513, ""4"": 0.017516139838736622, ""5"": 0.007276148189135617}"
primary_gain,200,p0.05,nan,1.0,5,0.05,9.950000000000001,10.57,4,19,2114,2114,1.6184323054031027,30,0.4785595869736088,0.009571191739472178,13.74389921863523,15.848023047635243,2.2068112110212015,3.7791039879204673,12,"{""0"": 0.002999735305706505, ""1"": 0.011846821902613044, ""2"": 0.009709818078439476, ""3"": 0.009184592751434992, ""4"": 0.017113531702890376, ""5"": 0.006572650695748676}"
primary_gain,200,p0.05,nan,1.0,5,0.05,9.950000000000001,10.57,4,19,2114,2114,1.6184323054031027,40,0.5041493578282084,0.01008298715656417,32.03726598945351,16.51558721367211,2.111857403624808,3.537026304447611,12,"{""0"": 0.0027196484795507284, ""1"": 0.01112862852770085, ""2"": 0.011652186976358937, ""3"": 0.010311774494835274, ""4"": 0.019135981825778567, ""5"": 0.0055497026351606586}"
primary_gain,200,p0.05,nan,1.0,5,0.05,9.950000000000001,10.57,4,19,2114,2114,1.6184323054031027,50,0.4237866336642127,0.008475732673284254,12.481394739649282,16.731734044729812,2.073864947333173,3.868556653125728,12,"{""0"": 0.0025982259908358986, ""1"": 0.008903628896576813, ""2"": 0.008362299364659955, ""3"": 0.010406587922581288, ""4"": 0.01655921467043476, ""5"": 0.004024439194616815}"
primary_gain,200,p0.05,nan,1.0,5,0.05,9.950000000000001,10.57,4,19,2114,2114,1.6184323054031027,60,0.45678320493264024,0.009135664098652806,13.309863176648363,16.737678072876726,2.0516377375578925,3.979046163869927,13,"{""0"": 0.00636157238143093, ""1"": 0.009138753063813674, ""2"": 0.00942940237244264, ""3"": 0.012280818888242642, ""4"": 0.014146239948582051, ""5"": 0.003457197937404905}"
primary_gain,200,p0.05,nan,1.0,5,0.05,9.950000000000001,10.57,4,19,2114,2114,1.6184323054031027,70,0.44764244017910615,0.008952848803582124,3.4536402930990477,16.803054711851544,2.0154322652865577,3.8815478257120413,12,"{""0"": 0.00689971935370053, ""1"": 0.007622980880008808, ""2"": 0.009089396099514369, ""3"": 0.014879057863876676, ""4"": 0.01150291022705034, ""5"": 0.003723028397342018}"
primary_gain,200,p0.05,nan,1.0,5,0.05,9.950000000000001,10.57,4,19,2114,2114,1.6184323054031027,80,0.43487694595649695,0.00869753891912994,3.5291069481508353,16.987929394555792,2.070775841371023,3.6267862870789327,11,"{""0"": 0.00746686593663787, ""1"": 0.006526535736188638, ""2"": 0.00853345598047191, ""3"": 0.014185563050172078, ""4"": 0.011820790738229617, ""5"": 0.0036520220730795277}"
primary_gain,200,p0.05,nan,1.0,5,0.05,9.950000000000001,10.57,4,19,2114,2114,1.6184323054031027,90,0.43184335831132936,0.00863686716622659,24.441954226934943,16.93831234930334,2.1019427160114272,3.636464603905267,12,"{""0"": 0.0067824823103994816, ""1"": 0.007579635994108427, ""2"": 0.008418472846566192, ""3"": 0.013265380310644465, ""4"": 0.013252805346071794, ""5"": 0.0025224261895691754}"
primary_gain,200,p0.05,nan,1.0,5,0.05,9.950000000000001,10.57,4,19,2114,2114,1.6184323054031027,100,0.421040752639154,0.008420815052783082,5.5686557972328625,16.93343868988364,2.1259763594432077,3.630303261846457,12,"{""0"": 0.0068762492766861905, ""1"": 0.007365127340831465, ""2"": 0.007856325158336359, ""3"": 0.013354073561813878, ""4"": 0.012629459788079186, ""5"": 0.002443655190951406}"
primary_gain,200,p0.05,nan,1.0,5,0.05,9.950000000000001,10.57,4,19,2114,2114,1.6184323054031027,110,0.37023851256718293,0.007404770251343659,5.421190343285858,16.977237021978134,2.1321061022174694,3.8167633348297834,12,"{""0"": 0.0023640452090401423, ""1"": 0.006755990086692422, ""2"": 0.007436930393054475, ""3"": 0.012746588802249052, ""4"": 0.012261417529341812, ""5"": 0.00286364948768405}"
primary_gain,200,p0.05,nan,1.0,5,0.05,9.950000000000001,10.57,4,19,2114,2114,1.6184323054031027,120,0.3708784322770373,0.007417568645540748,1.2213401907781423,17.043035023621062,2.13093898468676,3.8898284209347476,12,"{""0"": 0.0019066797297698894, ""1"": 0.006195570852601069, ""2"": 0.008183607491536661, ""3"": 0.012621923687454666, ""4"": 0.012691562364825357, ""5"": 0.0029060677470568496}"
primary_gain,200,p0.05,nan,1.0,5,0.05,9.950000000000001,10.57,4,19,2114,2114,1.6184323054031027,130,0.3639361387012611,0.007278722774025223,0.9776813237370016,17.13906470863967,2.142709656363063,3.821425029481867,11,"{""0"": 0.0018415963120647634, ""1"": 0.005666117224980054, ""2"": 0.008186983946565071, ""3"": 0.012524472016689192, ""4"": 0.012238781103889476, ""5"": 0.003214386039962786}"
primary_gain,200,p0.05,nan,1.0,5,0.05,9.950000000000001,10.57,4,19,2114,2114,1.6184323054031027,140,0.3646912811047811,0.007293825622095623,3.1137786553704485,17.266526810204347,2.1278275643372395,3.77575070716164,11,"{""0"": 0.0019667768448787632, ""1"": 0.004985423923869152, ""2"": 0.008970566862020388, ""3"": 0.013266268999674197, ""4"": 0.010953030405822036, ""5"": 0.003620886696309203}"
primary_gain,200,p0.05,nan,1.0,5,0.05,9.950000000000001,10.57,4,19,2114,2114,1.6184323054031027,150,0.3434237262739486,0.006868474525478974,3.8742170247482037,17.27911756701177,2.151029231549649,3.7902838692211382,11,"{""0"": 0.0018447173994932966, ""1"": 0.004964421378783035, ""2"": 0.008729256657507335, ""3"": 0.011680371296318371, ""4"": 0.01028677114841735, ""5"": 0.0037053092723544553}"
primary_gain,200,p0.05,nan,1.0,5,0.05,9.950000000000001,10.57,4,19,2114,2114,1.6184323054031027,160,0.31226214404805847,0.00624524288096117,0.9814341095337865,17.307865037573336,2.1578417395593297,3.8214161985679165,11,"{""0"": 0.001914601344274325, ""1"": 0.004847004517267611, ""2"": 0.008622571476901549, ""3"": 0.01063801158037998, ""4"": 0.007740332291635672, ""5"": 0.0037089360753078857}"
primary_gain,200,p0.05,nan,1.0,5,0.05,9.950000000000001,10.57,4,19,2114,2114,1.6184323054031027,170,0.3117343712382378,0.006234687424764756,4.269832638732089,17.385542991156843,2.166367105633528,3.751358558597856,11,"{""0"": 0.001941530065128698, ""1"": 0.0046167709454841095, ""2"": 0.008335177901918699, ""3"": 0.010830890421325725, ""4"": 0.008239449060779424, ""5"": 0.003444306153951881}"
primary_gain,200,p0.05,nan,1.0,5,0.05,9.950000000000001,10.57,4,19,2114,2114,1.6184323054031027,180,0.32282108148391586,0.0064564216296783185,0.6730608906197917,17.47465160604023,2.1677672944927355,3.7227777921143015,11,"{""0"": 0.0019127985582467351, ""1"": 0.004400034569411366, ""2"": 0.008503017361216829, ""3"": 0.011248618432928978, ""4"": 0.009259650391140446, ""5"": 0.0034144104651255497}"
primary_gain,200,p0.05,nan,1.0,5,0.05,9.950000000000001,10.57,4,19,2114,2114,1.6184323054031027,190,0.3250131442947268,0.006500262885894537,1.9664705841515575,17.493627119753732,2.1753863848469743,3.67446305481177,11,"{""0"": 0.0019128928198584832, ""1"": 0.0048175598687117595, ""2"": 0.00803793740347641, ""3"": 0.01137425593769929, ""4"": 0.009854249787639857, ""5"": 0.00300468149798142}"
primary_gain,200,p0.05,nan,1.0,5,0.05,9.950000000000001,10.57,4,19,2114,2114,1.6184323054031027,200,0.3080093485332542,0.0061601869706650846,8.646378725504388,17.54303988655585,2.179078047240924,3.6402374797602053,11,"{""0"": 0.0019138868979626904, ""1"": 0.005606242470867889, ""2"": 0.007723540922924913, ""3"": 0.0110625444156059, ""4"": 0.00767506279028517, ""5"": 0.0029798443263439455}"
primary_gain,200,p0.10,nan,1.0160470015168268,5,0.1,19.900000000000002,20.535,9,35,4107,4107,1.6184323054031071,0,1.0496061231652747,0.020992122463305497,nan,0.0,1.6184323054031071,7.238434101250743,15,"{""0"": 0.018030865412454807, ""1"": 0.0232639693187307, ""2"": 0.022851082110116237, ""3"": 0.01884460626429672, ""4"": 0.022129467328026918, ""5"": 0.020832744346207598}"
primary_gain,200,p0.10,nan,1.0160470015168268,5,0.1,19.900000000000002,20.535,9,35,4107,4107,1.6184323054031071,10,0.751924979024654,0.015038499580493084,6.429056764528561,12.925445735891762,2.0294258095409283,2.4048834301064677,5,"{""0"": 0.00029781234938852, ""1"": 0.04580286872154836, ""2"": 0.003536484472374957, ""3"": 0.010882019686770448, ""4"": 0.010368592883129428, ""5"": 0.01934321936974679}"
primary_gain,200,p0.10,nan,1.0160470015168268,5,0.1,19.900000000000002,20.535,9,35,4107,4107,1.6184323054031071,20,0.5833374420767713,0.011666748841535428,2.429964153431872,14.858141486121122,1.8691506779898637,2.6381500296046894,5,"{""0"": 0.0006928563833026443, ""1"": 0.007216536857108638, ""2"": 0.0009934925610073538, ""3"": 0.03189017913923426, ""4"": 0.017044940728616256, ""5"": 0.012162487379943424}"
primary_gain,200,p0.10,nan,1.0160470015168268,5,0.1,19.900000000000002,20.535,9,35,4107,4107,1.6184323054031071,30,0.3959517801096452,0.007919035602192905,6.327766009042368,15.41715384927221,1.960521979708544,2.999533978903531,7,"{""0"": 0.0010446570422711092, ""1"": 0.0031192991086890103, ""2"": 0.0034549176556498786, ""3"": 0.01920982597907962, ""4"": 0.012875676787961398, ""5"": 0.007809837039506415}"
primary_gain,200,p0.10,nan,1.0160470015168268,5,0.1,19.900000000000002,20.535,9,35,4107,4107,1.6184323054031071,40,0.3636300864891381,0.007272601729782763,3.4504337525051447,15.900875096046258,2.0406500923810813,2.9000859220042776,7,"{""0"": 0.0015305987491043439, ""1"": 0.0020168495659117418, ""2"": 0.005277620307285901, ""3"": 0.013292429641911787, ""4"": 0.01179640136694339, ""5"": 0.009721710747539409}"
primary_gain,200,p0.10,nan,1.0160470015168268,5,0.1,19.900000000000002,20.535,9,35,4107,4107,1.6184323054031071,50,0.3551719453630273,0.007103438907260548,0.5570705840509016,15.80293929026717,1.9449253516575378,2.72313465488727,7,"{""0"": 0.000951751304331689, ""1"": 0.0031107348494216003, ""2"": 0.0030938426593365774, ""3"": 0.008193260082634659, ""4"": 0.015808399408263018, ""5"": 0.011462645139575744}"
primary_gain,200,p0.10,nan,1.0160470015168268,5,0.1,19.900000000000002,20.535,9,35,4107,4107,1.6184323054031071,60,0.4691461179981769,0.00938292235996354,22.130535044101947,15.98280696314158,1.9257932723800664,2.9332328698484442,7,"{""0"": 0.0008924568777999057, ""1"": 0.0039031988329201795, ""2"": 0.0030844956139433354, ""3"": 0.014076235544125085, ""4"": 0.015489187077668576, ""5"": 0.018851960213324144}"
primary_gain,200,p0.10,nan,1.0160470015168268,5,0.1,19.900000000000002,20.535,9,35,4107,4107,1.6184323054031071,70,0.3426422099341577,0.006852844198683155,6.238393890173297,16.267471760935297,1.961763303708189,2.9414767134168214,7,"{""0"": 0.0021329803891229127, ""1"": 0.00359019152190193, ""2"": 0.0030428660679610595, ""3"": 0.012702027370506675, ""4"": 0.006240121460170584, ""5"": 0.013408878382435773}"
primary_gain,200,p0.10,nan,1.0160470015168268,5,0.1,19.900000000000002,20.535,9,35,4107,4107,1.6184323054031071,80,0.24747591296256152,0.004949518259251231,5.306837114398305,16.35852042176163,1.9655871885276275,2.816066887258633,7,"{""0"": 0.0033583445878282324, ""1"": 0.003914290747182525, ""2"": 0.0019819418366937517, ""3"": 0.008267502382312341, ""4"": 0.0047119619485123925, ""5"": 0.007463068052978139}"
primary_gain,200,p0.10,nan,1.0160470015168268,5,0.1,19.900000000000002,20.535,9,35,4107,4107,1.6184323054031071,90,0.23721143894123523,0.004744228778824705,0.4710088961153534,16.624311852398012,1.9721428798730174,2.7427842374923017,7,"{""0"": 0.002380380440056296, ""1"": 0.004692152887866675, ""2"": 0.0024038718749942968, ""3"": 0.007229473112657819, ""4"": 0.005415837966139422, ""5"": 0.006343656391233722}"
primary_gain,200,p0.10,nan,1.0160470015168268,5,0.1,19.900000000000002,20.535,9,35,4107,4107,1.6184323054031071,100,0.19146315575182088,0.003829263115036418,1.5370525222360476,16.69336127385818,2.016850356163465,2.654872811830712,6,"{""0"": 0.002015115615021614, ""1"": 0.005012274173735096, ""2"": 0.0027401304484645657, ""3"": 0.004159018623838816, ""4"": 0.0042969607690702075, ""5"": 0.004752079060088209}"
primary_gain,200,p0.10,nan,1.0160470015168268,5,0.1,19.900000000000002,20.535,9,35,4107,4107,1.6184323054031071,110,0.1785917040073131,0.0035718340801462627,0.3061024561153907,16.832152654458966,2.022970140447417,2.652561963978176,6,"{""0"": 0.0016521503024973124, ""1"": 0.005053437933324709, ""2"": 0.0031436623304607982, ""3"": 0.0041022511492347065, ""4"": 0.00423188166464738, ""5"": 0.003247621100712668}"
primary_gain,200,p0.10,nan,1.0160470015168268,5,0.1,19.900000000000002,20.535,9,35,4107,4107,1.6184323054031071,120,0.1799378473215364,0.0035987569464307283,0.2269620158306679,16.945685517571068,2.0280532120769377,2.699129055077499,6,"{""0"": 0.0005146301863561362, ""1"": 0.005346398868052784, ""2"": 0.003783351099090097, ""3"": 0.003986234566089897, ""4"": 0.004242260064273009, ""5"": 0.0037196668947224463}"
primary_gain,200,p0.10,nan,1.0160470015168268,5,0.1,19.900000000000002,20.535,9,35,4107,4107,1.6184323054031071,130,0.18223056562471315,0.003644611312494264,0.70218071014451,17.022959917838246,2.0372834139572658,2.680274515055174,6,"{""0"": 0.0005668532546166902, ""1"": 0.005396301707765478, ""2"": 0.0031913207542648044, ""3"": 0.0039727402730374076, ""4"": 0.0057740409222953905, ""5"": 0.0029664109629858096}"
primary_gain,200,p0.10,nan,1.0160470015168268,5,0.1,19.900000000000002,20.535,9,35,4107,4107,1.6184323054031071,140,0.16616470468908193,0.0033232940937816388,2.6673868929174183,17.142086747878945,2.0395028798881896,2.7174398342088186,6,"{""0"": 0.0006736507218612467, ""1"": 0.005213272949212169, ""2"": 0.0031816505094022967, ""3"": 0.00453986759515582, ""4"": 0.00404602369399733, ""5"": 0.002285299093060975}"
primary_gain,200,p0.10,nan,1.0160470015168268,5,0.1,19.900000000000002,20.535,9,35,4107,4107,1.6184323054031071,150,0.15990681107631033,0.003198136221526207,14.268871803070958,17.194545611527676,2.0303426597831686,2.652729505918429,6,"{""0"": 0.0011024723094189993, ""1"": 0.005401573719881415, ""2"": 0.0025588063658570927, ""3"": 0.003870578326317825, ""4"": 0.0036045367004077554, ""5"": 0.002650849907274151}"
primary_gain,200,p0.10,nan,1.0160470015168268,5,0.1,19.900000000000002,20.535,9,35,4107,4107,1.6184323054031071,160,0.15839333826516377,0.0031678667653032757,0.3727546734436368,17.275339848547688,2.0294215274396423,2.650350031621398,5,"{""0"": 0.002248008917672733, ""1"": 0.0049231578442808545, ""2"": 0.003493084896738805, ""3"": 0.0021105539457602256, ""4"": 0.0031689168459607285, ""5"": 0.0030634781414063074}"
primary_gain,200,p0.10,nan,1.0160470015168268,5,0.1,19.900000000000002,20.535,9,35,4107,4107,1.6184323054031071,170,0.1569169742508621,0.003138339485017242,0.8760863176408833,17.327007984526404,2.0325901121222656,2.6339773838408576,5,"{""0"": 0.002033186603941778, ""1"": 0.005456701926072947, ""2"": 0.0031676575276363035, ""3"": 0.002199308638970851, ""4"": 0.0032066302693510825, ""5"": 0.0027665519441304872}"
primary_gain,200,p0.10,nan,1.0160470015168268,5,0.1,19.900000000000002,20.535,9,35,4107,4107,1.6184323054031071,180,0.14593433144271242,0.002918686628854249,0.11409112380500606,17.365540721711195,2.0311024082706783,2.66772231053047,5,"{""0"": 0.001120775078025276, ""1"": 0.005202721604944472, ""2"": 0.003528704194213626, ""3"": 0.0021167156225392727, ""4"": 0.0024659013024494235, ""5"": 0.0030773019709534237}"
primary_gain,200,p0.10,nan,1.0160470015168268,5,0.1,19.900000000000002,20.535,9,35,4107,4107,1.6184323054031071,190,0.14362634765163537,0.0028725269530327077,0.13974868844811342,17.36668073435422,2.031431723085302,2.6688301607002445,5,"{""0"": 0.002099387985550337, ""1"": 0.004808232220789298, ""2"": 0.0028299429216543624, ""3"": 0.0020476863303610627, ""4"": 0.002847040697564655, ""5"": 0.0026028715622765305}"
primary_gain,200,p0.10,nan,1.0160470015168268,5,0.1,19.900000000000002,20.535,9,35,4107,4107,1.6184323054031071,200,0.13867064278957003,0.002773412855791401,2.0868874390085512,17.455087968240203,2.0402609937579825,2.685079708220587,5,"{""0"": 0.0020946800753936603, ""1"": 0.004799202221518051, ""2"": 0.0027972202507009244, ""3"": 0.0019888768332767793, ""4"": 0.0026358747975514735, ""5"": 0.002324622956307516}"
primary_gain,200,p0.20,nan,1.0072802463076367,5,0.2,39.800000000000004,40.175,26,53,8035,8035,1.6184323054031058,0,1.0438386471844423,0.02087677294368885,nan,0.0,1.6184323054031058,4.436031942530383,12,"{""0"": 0.022851783344825048, ""1"": 0.02132187862790431, ""2"": 0.020179274264954937, ""3"": 0.020754404271834635, ""4"": 0.02019167578037257, ""5"": 0.019961621372241604}"
primary_gain,200,p0.20,nan,1.0072802463076367,5,0.2,39.800000000000004,40.175,26,53,8035,8035,1.6184323054031058,10,0.5153732203911464,0.01030746440782293,0.39662664386068214,10.383198623201858,2.0638111458563104,2.6706426516803923,4,"{""0"": 0.0061927464544735775, ""1"": 0.02878054590484287, ""2"": 0.012159554134247704, ""3"": 7.382183286309507e-05, ""4"": 0.003514733294514946, ""5"": 0.011123384825995388}"
primary_gain,200,p0.20,nan,1.0072802463076367,5,0.2,39.800000000000004,40.175,26,53,8035,8035,1.6184323054031058,20,0.44299712041196154,0.008859942408239231,0.9923827342696474,12.076918287463572,2.0684978807809933,2.538638920958868,4,"{""0"": 0.010514067678274142, ""1"": 0.014957477902134045, ""2"": 0.0030401058414816573, ""3"": 0.013025129693536067, ""4"": 0.0021426797684370854, ""5"": 0.009480193565572396}"
primary_gain,200,p0.20,nan,1.0072802463076367,5,0.2,39.800000000000004,40.175,26,53,8035,8035,1.6184323054031058,30,0.3662822011041008,0.007325644022082018,14.391068030544512,13.356077555305063,2.06943388964715,2.8078724443302043,5,"{""0"": 0.016453263511833488, ""1"": 0.01505540823143028, ""2"": 0.00045203375751407145, ""3"": 0.0009877256718198878, ""4"": 0.0028722981014484444, ""5"": 0.008133134858445929}"
primary_gain,200,p0.20,nan,1.0072802463076367,5,0.2,39.800000000000004,40.175,26,53,8035,8035,1.6184323054031058,40,0.3130069972263719,0.0062601399445274385,1.4545337307242796,14.274233756428956,2.008980871616516,2.790591094055501,5,"{""0"": 0.020494363907565292, ""1"": 0.0012178187568746386, ""2"": 0.0005832524350862101, ""3"": 0.0016255091523386359, ""4"": 0.0023134155151985176, ""5"": 0.011326479900101336}"
primary_gain,200,p0.20,nan,1.0072802463076367,5,0.2,39.800000000000004,40.175,26,53,8035,8035,1.6184323054031058,50,0.2864573783127711,0.005729147566255423,2.1096271587409055,15.410770913086655,1.9063518830099557,2.813755380527919,5,"{""0"": 0.007933388381273913, ""1"": 0.0017590546934007259, ""2"": 0.0006610678781460089, ""3"": 0.001382205583628583, ""4"": 0.011687882150065873, ""5"": 0.010951286711017433}"
primary_gain,200,p0.20,nan,1.0072802463076367,5,0.2,39.800000000000004,40.175,26,53,8035,8035,1.6184323054031058,60,0.43696822536536145,0.00873936450730723,1.51658627424659,16.079376505182122,1.9299679243314727,2.829199608492672,5,"{""0"": 0.01722854670458967, ""1"": 0.001387127307992501, ""2"": 0.004925030385227767, ""3"": 0.0012432243824547814, ""4"": 0.017277263198947172, ""5"": 0.010374995064631487}"
primary_gain,200,p0.20,nan,1.0072802463076367,5,0.2,39.800000000000004,40.175,26,53,8035,8035,1.6184323054031058,70,0.4094893716368152,0.008189787432736306,0.1126205597519145,16.088834648099564,1.9648460478089989,2.8058550122294346,5,"{""0"": 0.016963271391785592, ""1"": 0.0011893773549160572, ""2"": 0.004770004790412889, ""3"": 0.001314383073847828, ""4"": 0.013933237618057311, ""5"": 0.010968450367398162}"
primary_gain,200,p0.20,nan,1.0072802463076367,5,0.2,39.800000000000004,40.175,26,53,8035,8035,1.6184323054031058,80,0.2803385063749294,0.005606770127498589,0.12109223556059069,16.447961199987507,1.971270090503923,2.846611047758112,6,"{""0"": 0.014864275747023212, ""1"": 0.001421983429476126, ""2"": 0.007032439297545487, ""3"": 0.001628300720944643, ""4"": 0.004482176536491063, ""5"": 0.004211445033511001}"
primary_gain,200,p0.20,nan,1.0072802463076367,5,0.2,39.800000000000004,40.175,26,53,8035,8035,1.6184323054031058,90,0.289305727585144,0.0057861145517028815,0.22724280952221032,16.704447908671,1.9804265157347438,2.8310880267800207,5,"{""0"": 0.01459035204578336, ""1"": 0.001432701647241744, ""2"": 0.006745020055529108, ""3"": 0.0009647834390029532, ""4"": 0.00619199094170123, ""5"": 0.004791839180958891}"
primary_gain,200,p0.20,nan,1.0072802463076367,5,0.2,39.800000000000004,40.175,26,53,8035,8035,1.6184323054031058,100,0.3037628448816291,0.006075256897632582,0.2989878910302061,16.85069111879794,1.9948285082237818,2.8131342226728893,5,"{""0"": 0.016540187809771564, ""1"": 0.001310329312363246, ""2"": 0.007951539730770275, ""3"": 0.0008313519759542698, ""4"": 0.00544386833221532, ""5"": 0.004374264224720822}"
primary_gain,200,p0.20,nan,1.0072802463076367,5,0.2,39.800000000000004,40.175,26,53,8035,8035,1.6184323054031058,110,0.34096325458527427,0.006819265091705486,3.3614527705645236,17.229692462004305,2.056112249339142,2.8372365022404553,5,"{""0"": 0.01450948578500492, ""1"": 0.0013906082265443766, ""2"": 0.0072670400829815875, ""3"": 0.0005681049761586097, ""4"": 0.011760765948332454, ""5"": 0.005419585531210974}"
primary_gain,200,p0.20,nan,1.0072802463076367,5,0.2,39.800000000000004,40.175,26,53,8035,8035,1.6184323054031058,120,0.37114911276658613,0.0074229822553317235,1.0765499746529312,17.489421279009047,2.079490341103994,2.8389666023544677,5,"{""0"": 0.012156829795514416, ""1"": 0.0014170882715873571, ""2"": 0.007499843202271454, ""3"": 0.0005362831288191481, ""4"": 0.016651384779052848, ""5"": 0.006276464354745122}"
primary_gain,200,p0.20,nan,1.0072802463076367,5,0.2,39.800000000000004,40.175,26,53,8035,8035,1.6184323054031058,130,0.40925995034384427,0.008185199006876887,0.20647683396029645,17.510971507870842,2.0999352539659175,2.8145033341524988,5,"{""0"": 0.010648839962251631, ""1"": 0.0012602206375125046, ""2"": 0.008762538252608077, ""3"": 0.0005056207046011433, ""4"": 0.01969392871811037, ""5"": 0.008240045766177597}"
primary_gain,200,p0.20,nan,1.0072802463076367,5,0.2,39.800000000000004,40.175,26,53,8035,8035,1.6184323054031058,140,0.4243669357298602,0.008487338714597205,0.22331522494462838,17.62107690210628,2.1150718437154414,2.770824093390853,5,"{""0"": 0.012026954153418281, ""1"": 0.0011235414598484276, ""2"": 0.009074064457983606, ""3"": 0.0005222699194607433, ""4"": 0.019384454472577486, ""5"": 0.008792747824294678}"
primary_gain,200,p0.20,nan,1.0072802463076367,5,0.2,39.800000000000004,40.175,26,53,8035,8035,1.6184323054031058,150,0.3774115995124702,0.007548231990249406,0.7105050418997072,17.834495808037712,2.0947851153299055,2.74626736964812,5,"{""0"": 0.012697376611291819, ""1"": 0.0011843128564825761, ""2"": 0.007228280956260434, ""3"": 0.00048324315884940304, ""4"": 0.01556130365729801, ""5"": 0.008134874701314196}"
primary_gain,200,p0.20,nan,1.0072802463076367,5,0.2,39.800000000000004,40.175,26,53,8035,8035,1.6184323054031058,160,0.3760161794998496,0.007520323589996994,0.1705683834701259,17.97860415447179,2.1028463594656612,2.7920412020760534,5,"{""0"": 0.011418884384887834, ""1"": 0.0013541046186333946, ""2"": 0.006792607539720068, ""3"": 0.00042184806082335607, ""4"": 0.01738856040031306, ""5"": 0.007745936535604248}"
primary_gain,200,p0.20,nan,1.0072802463076367,5,0.2,39.800000000000004,40.175,26,53,8035,8035,1.6184323054031058,170,0.2573359655822645,0.005146719311645291,0.6197478902096016,18.04739701169624,2.065146057690613,2.7373351614835637,5,"{""0"": 0.010428635854189405, ""1"": 0.0026334703147418725, ""2"": 0.006597468455766214, ""3"": 0.00045526938023705973, ""4"": 0.0032688036084359434, ""5"": 0.0074966682565012505}"
primary_gain,200,p0.20,nan,1.0072802463076367,5,0.2,39.800000000000004,40.175,26,53,8035,8035,1.6184323054031058,180,0.26868156992786235,0.005373631398557247,0.2128745457553574,18.18986911101378,2.125290354107194,2.750952245994859,5,"{""0"": 0.010017971672769377, ""1"": 0.0011682155362044385, ""2"": 0.0069144126902390985, ""3"": 0.00039220894772291133, ""4"": 0.005561669415034688, ""5"": 0.008187310129372969}"
primary_gain,200,p0.20,nan,1.0072802463076367,5,0.2,39.800000000000004,40.175,26,53,8035,8035,1.6184323054031058,190,0.27265709698986196,0.00545314193979724,19.152384895868437,18.297601612982234,2.1401851485509242,2.786683923258915,5,"{""0"": 0.011790598935359938, ""1"": 0.002865907079272919, ""2"": 0.006218453074421435, ""3"": 0.00040897098441817093, ""4"": 0.0034785831531293637, ""5"": 0.007956338412181614}"
primary_gain,200,p0.20,nan,1.0072802463076367,5,0.2,39.800000000000004,40.175,26,53,8035,8035,1.6184323054031058,200,0.2615657805351394,0.005231315610702788,0.19117529885986217,18.324017147990244,2.150728637457095,2.7793861152651838,5,"{""0"": 0.010917466235247975, ""1"": 0.0032532188030227572, ""2"": 0.005753621277721017, ""3"": 0.00038848868190660745, ""4"": 0.003722910002211894, ""5"": 0.007352188664106482}"
primary_gain,200,p0.40,nan,1.0700349468309827,5,0.4,79.60000000000001,79.915,63,96,15983,15983,1.6184323054031122,0,0.9972184626712094,0.01994436925342419,nan,0.0,1.6184323054031122,4.6781058580075445,14,"{""0"": 0.02039183268148545, ""1"": 0.01914434276034464, ""2"": 0.022859940079878682, ""3"": 0.01755496300664814, ""4"": 0.021353546178645273, ""5"": 0.01836159081354296}"
primary_gain,200,p0.40,nan,1.0700349468309827,5,0.4,79.60000000000001,79.915,63,96,15983,15983,1.6184323054031122,10,1.1177305340718013,0.02235461068143603,0.395872345867692,11.46107432966882,2.382423301002665,2.5730556069439605,3,"{""0"": 0.024693316588263375, ""1"": 0.05944760300104981, ""2"": 0.01724508487017087, ""3"": 0.005700475452734562, ""4"": 0.000629050450117094, ""5"": 0.026412133726280446}"
primary_gain,200,p0.40,nan,1.0700349468309827,5,0.4,79.60000000000001,79.915,63,96,15983,15983,1.6184323054031122,20,0.6868900708052115,0.013737801416104232,0.2451859215869358,15.174540427755968,2.6621634285433187,2.11194258565148,4,"{""0"": 0.018358853487627228, ""1"": 0.022910479245950733, ""2"": 0.0005931378338163129, ""3"": 0.016505024727576218, ""4"": 0.010105924030531085, ""5"": 0.013953389171123825}"
primary_gain,200,p0.40,nan,1.0700349468309827,5,0.4,79.60000000000001,79.915,63,96,15983,15983,1.6184323054031122,30,0.5549395393076654,0.01109879078615331,1.8294913239992618,17.673186413580265,2.5456367266373796,2.720884882877261,5,"{""0"": 0.017237600873333044, ""1"": 0.02612416190620015, ""2"": 0.0058977926088260154, ""3"": 0.0006158324044112144, ""4"": 0.008163838781278552, ""5"": 0.008553518142870874}"
primary_gain,200,p0.40,nan,1.0700349468309827,5,0.4,79.60000000000001,79.915,63,96,15983,15983,1.6184323054031122,40,0.287786505411987,0.005755730108239741,11.536416791647675,18.365801096972284,2.4695468648178664,2.6273461357366177,4,"{""0"": 0.014694954556817958, ""1"": 0.00758815725500524, ""2"": 0.0046206054636096444, ""3"": 0.0005553887735185224, ""4"": 0.00025734579321461164, ""5"": 0.006817928807272463}"
primary_gain,200,p0.40,nan,1.0700349468309827,5,0.4,79.60000000000001,79.915,63,96,15983,15983,1.6184323054031122,50,0.176103114743269,0.0035220622948653807,4.148402721130977,18.983447281497714,2.4686119173247585,2.4859198533391655,3,"{""0"": 0.008078807305138465, ""1"": 0.005358247371588792, ""2"": 0.0023234100901869687, ""3"": 0.0005767858535615184, ""4"": 0.00017163736680985087, ""5"": 0.00462348578190669}"
primary_gain,200,p0.40,nan,1.0700349468309827,5,0.4,79.60000000000001,79.915,63,96,15983,15983,1.6184323054031122,60,0.16537372374663212,0.0033074744749326426,15.381847903054032,19.666937086847547,2.4427762238804367,2.6411144859714466,3,"{""0"": 0.012567452552708991, ""1"": 0.0011474266757103475, ""2"": 0.0002846995989704587, ""3"": 0.0032620510085602803, ""4"": 0.00024253044316331526, ""5"": 0.0023406865704824627}"
primary_gain,200,p0.40,nan,1.0700349468309827,5,0.4,79.60000000000001,79.915,63,96,15983,15983,1.6184323054031122,70,0.2307024921600703,0.0046140498432014065,6.22746745682823,20.01309300884864,2.4703655291060453,2.533023111779603,3,"{""0"": 0.01367386877083097, ""1"": 0.00869265985495184, ""2"": 0.0004957008443535801, ""3"": 0.0034863855167191517, ""4"": 0.00021443724709859047, ""5"": 0.001121246825254298}"
primary_gain,200,p0.40,nan,1.0700349468309827,5,0.4,79.60000000000001,79.915,63,96,15983,15983,1.6184323054031122,80,0.2630846704810936,0.0052616934096218725,12.913819416866152,20.473370694877552,2.5211815083211158,2.556686141803594,4,"{""0"": 0.012787370005646023, ""1"": 0.009553206355638574, ""2"": 0.00038361632773579476, ""3"": 0.005315433219928682, ""4"": 0.002675547933786081, ""5"": 0.0008549866149960766}"
primary_gain,200,p0.40,nan,1.0700349468309827,5,0.4,79.60000000000001,79.915,63,96,15983,15983,1.6184323054031122,90,0.23888724609815043,0.004777744921963009,0.34543983976504233,20.760261478911556,2.4918845148980653,2.699916704541861,5,"{""0"": 0.011856581323819278, ""1"": 0.00894806643567386, ""2"": 0.0003363718866474709, ""3"": 0.005219257759562645, ""4"": 0.001545499470046426, ""5"": 0.0007606926560283721}"
primary_gain,200,p0.40,nan,1.0700349468309827,5,0.4,79.60000000000001,79.915,63,96,15983,15983,1.6184323054031122,100,0.23968781866278138,0.004793756373255628,0.23815516646875132,21.13948287123336,2.4620105233110956,2.54627265094838,4,"{""0"": 0.010150421989598656, ""1"": 0.00993756757197736, ""2"": 0.0005955250163574863, ""3"": 0.0038587472255779192, ""4"": 0.0033512690235118735, ""5"": 0.0008690074125104705}"
primary_gain,200,p0.40,nan,1.0700349468309827,5,0.4,79.60000000000001,79.915,63,96,15983,15983,1.6184323054031122,110,0.2175231230438649,0.004350462460877298,0.43540525933474006,21.705348151661198,2.4336956794987117,2.712866122525216,5,"{""0"": 0.009187138998620599, ""1"": 0.009111933374739953, ""2"": 0.000963427050636623, ""3"": 0.0021480939134954176, ""4"": 0.00307785131052754, ""5"": 0.001614330117243662}"
primary_gain,200,p0.40,nan,1.0700349468309827,5,0.4,79.60000000000001,79.915,63,96,15983,15983,1.6184323054031122,120,0.23549646469352742,0.004709929293870549,0.6559594271032376,21.96938301967442,2.4492168446993556,2.645353358029587,4,"{""0"": 0.0062676112387506, ""1"": 0.009683550909848076, ""2"": 0.0040436235343578476, ""3"": 0.0031597639026984996, ""4"": 0.002966395084669911, ""5"": 0.0021386310928983615}"
primary_gain,200,p0.40,nan,1.0700349468309827,5,0.4,79.60000000000001,79.915,63,96,15983,15983,1.6184323054031122,130,0.2101589008677069,0.004203178017354138,2.9509918259516996,22.22754743077817,2.4530102789729877,2.6384702206639696,4,"{""0"": 0.005539928726356646, ""1"": 0.008017812683039294, ""2"": 0.004648999199299892, ""3"": 0.0013450052665154016, ""4"": 0.003359206538042734, ""5"": 0.0023081156908708596}"
primary_gain,200,p0.40,nan,1.0700349468309827,5,0.4,79.60000000000001,79.915,63,96,15983,15983,1.6184323054031122,140,0.1968529526867087,0.003937059053734174,0.7400447499032036,22.695985724264215,2.484799008607069,2.702179297944606,4,"{""0"": 0.00538804224392994, ""1"": 0.010031632297645868, ""2"": 0.0020361837558691112, ""3"": 0.0012235025061501557, ""4"": 0.0005064727355190544, ""5"": 0.004436520783290917}"
primary_gain,200,p0.40,nan,1.0700349468309827,5,0.4,79.60000000000001,79.915,63,96,15983,15983,1.6184323054031122,150,0.21493136936736726,0.004298627387347346,13.530603954524524,22.85516956456997,2.479514593990978,2.7171641170217735,4,"{""0"": 0.005681585352049554, ""1"": 0.01014785384164674, ""2"": 0.004195087726482709, ""3"": 0.0013259718754741877, ""4"": 0.0006892232380127444, ""5"": 0.0037520422904181406}"
primary_gain,200,p0.40,nan,1.0700349468309827,5,0.4,79.60000000000001,79.915,63,96,15983,15983,1.6184323054031122,160,0.18949137869144506,0.003789827573828902,0.3497835608695634,22.9521409495049,2.465670070534581,2.6232223398312087,3,"{""0"": 0.005196506857196704, ""1"": 0.009832076326910936, ""2"": 0.0036159754685107922, ""3"": 0.0009242940203870124, ""4"": 0.00017200956469152912, ""5"": 0.002998103205276434}"
primary_gain,200,p0.40,nan,1.0700349468309827,5,0.4,79.60000000000001,79.915,63,96,15983,15983,1.6184323054031122,170,0.1838339683243255,0.0036766793664865104,0.23877935853061819,23.016749284159747,2.4463401090504306,2.598660448335908,3,"{""0"": 0.005109521783751273, ""1"": 0.009633400923365726, ""2"": 0.0038705489912794497, ""3"": 0.000830571404670906, ""4"": 0.00018572648833050122, ""5"": 0.002430306607521206}"
primary_gain,200,p0.40,nan,1.0700349468309827,5,0.4,79.60000000000001,79.915,63,96,15983,15983,1.6184323054031122,180,0.15401976796119338,0.003080395359223868,1.1789135717184727,23.054275385069726,2.468014708043354,2.618205966823167,3,"{""0"": 0.005118383426002944, ""1"": 0.009810627812792858, ""2"": 0.001883770294652709, ""3"": 0.0007769632634842965, ""4"": 0.00018219731120626545, ""5"": 0.0007104300472041326}"
primary_gain,200,p0.40,nan,1.0700349468309827,5,0.4,79.60000000000001,79.915,63,96,15983,15983,1.6184323054031122,190,0.14530186763783845,0.0029060373527567697,0.281285749549811,23.1979358883386,2.5126978051510895,2.582844240658872,3,"{""0"": 0.004695641188292172, ""1"": 0.005754094519737297, ""2"": 0.0039179433721513515, ""3"": 0.0007077064553905899, ""4"": 0.00013818520992699973, ""5"": 0.0022226533710422098}"
primary_gain,200,p0.40,nan,1.0700349468309827,5,0.4,79.60000000000001,79.915,63,96,15983,15983,1.6184323054031122,200,0.1107718477922151,0.0022154369558443025,0.8251496468756714,23.365073721340206,2.4955232303453303,2.6300405015605164,4,"{""0"": 0.004660693700006451, ""1"": 0.0049343562889940535, ""2"": 0.0019949444987573304, ""3"": 0.0007703149447686115, ""4"": 0.00012480786695770381, ""5"": 0.0008075044355816648}"
primary_gain,200,p0.05,nan,1.0,6,0.05,9.950000000000001,9.645,3,19,1929,1929,1.6288936480071088,0,1.0180392025818665,0.020360784051637333,nan,0.0,1.6288936480071088,4.221653609262846,10,"{""0"": 0.021042746703955405, ""1"": 0.022083740105811888, ""2"": 0.020055885576885424, ""3"": 0.020150901470946468, ""4"": 0.020274926695060497, ""5"": 0.01855650375716432}"
primary_gain,200,p0.05,nan,1.0,6,0.05,9.950000000000001,9.645,3,19,1929,1929,1.6288936480071088,10,1.4054463390024359,0.02810892678004872,9.220843425173054,13.59904702882172,1.840669496274149,2.921441005795863,9,"{""0"": 0.012839905191444512, ""1"": 0.03281430037983325, ""2"": 0.022403324634370815, ""3"": 0.04110900680783673, ""4"": 0.02726320371763429, ""5"": 0.03222381994917271}"
primary_gain,200,p0.05,nan,1.0,6,0.05,9.950000000000001,9.645,3,19,1929,1929,1.6288936480071088,20,0.7215874633992839,0.014431749267985681,13.633290599461702,14.862868052997523,1.9419128802802825,3.397287022364031,9,"{""0"": 0.009040571491745766, ""1"": 0.010976986122614727, ""2"": 0.009923764005216112, ""3"": 0.010550293856383341, ""4"": 0.02363119627946093, ""5"": 0.022467683852493196}"
primary_gain,200,p0.05,nan,1.0,6,0.05,9.950000000000001,9.645,3,19,1929,1929,1.6288936480071088,30,0.5634364616481892,0.011268729232963785,14.425674790136819,15.274198502097361,1.959447722241978,3.7670570400385723,10,"{""0"": 0.008039340552202436, ""1"": 0.015476850465125794, ""2"": 0.006009719859056857, ""3"": 0.010993384715847685, ""4"": 0.01271772918617406, ""5"": 0.014375350619375879}"
primary_gain,200,p0.05,nan,1.0,6,0.05,9.950000000000001,9.645,3,19,1929,1929,1.6288936480071088,40,0.45393493978453925,0.009078698795690787,9.036792469829438,15.621960934412838,1.9560299922481015,3.6311850487181254,9,"{""0"": 0.007231547508591511, ""1"": 0.012553441823051566, ""2"": 0.007972703828415598, ""3"": 0.005638363368262134, ""4"": 0.00742944400620772, ""5"": 0.013646692239616186}"
primary_gain,200,p0.05,nan,1.0,6,0.05,9.950000000000001,9.645,3,19,1929,1929,1.6288936480071088,50,0.3990344651188302,0.007980689302376606,1.1362638127710458,15.97246797206418,1.965925402212779,3.46438104511989,8,"{""0"": 0.007194780878076269, ""1"": 0.009822638764529643, ""2"": 0.007175815177758863, ""3"": 0.005775634426062016, ""4"": 0.004260567998717605, ""5"": 0.013654698569115237}"
primary_gain,200,p0.05,nan,1.0,6,0.05,9.950000000000001,9.645,3,19,1929,1929,1.6288936480071088,60,0.36851292069301556,0.007370258413860312,3.836484399526804,16.07816042215657,1.9305560560309083,3.436597619253085,9,"{""0"": 0.0061045265343227535, ""1"": 0.008048423368574018, ""2"": 0.006710143802800457, ""3"": 0.003477415001543832, ""4"": 0.005859156053941481, ""5"": 0.014021885721979332}"
primary_gain,200,p0.05,nan,1.0,6,0.05,9.950000000000001,9.645,3,19,1929,1929,1.6288936480071088,70,0.3324321310794469,0.006648642621588939,7.066933857839227,16.249820146559806,1.9330114446316782,3.5261950776030435,9,"{""0"": 0.0055276103804407836, ""1"": 0.00884772592213313, ""2"": 0.004270696859171038, ""3"": 0.003998042771602483, ""4"": 0.004079626425022391, ""5"": 0.01316815337116381}"
primary_gain,200,p0.05,nan,1.0,6,0.05,9.950000000000001,9.645,3,19,1929,1929,1.6288936480071088,80,0.3171200906800116,0.006342401813600233,6.235559769421766,16.488202895233115,1.9231352432878486,3.460748260321317,9,"{""0"": 0.004682664863080178, ""1"": 0.008266753767593444, ""2"": 0.003922664184018011, ""3"": 0.0034394398908216576, ""4"": 0.004830995343805799, ""5"": 0.012911892832282312}"
primary_gain,200,p0.05,nan,1.0,6,0.05,9.950000000000001,9.645,3,19,1929,1929,1.6288936480071088,90,0.29426643974188477,0.005885328794837696,8.534321485180163,16.601117517021855,1.9390024578585858,3.528894359534934,9,"{""0"": 0.005319423104335223, ""1"": 0.008396282081960825, ""2"": 0.004309355862448334, ""3"": 0.0026083328134303787, ""4"": 0.006532661109013319, ""5"": 0.0081459177978381}"
primary_gain,200,p0.05,nan,1.0,6,0.05,9.950000000000001,9.645,3,19,1929,1929,1.6288936480071088,100,0.27886019294619363,0.005577203858923874,6.159105898485169,16.721600490469058,1.9558916073486288,3.4900323933979402,9,"{""0"": 0.005417121301827355, ""1"": 0.0075349884257614064, ""2"": 0.004681773878447559, ""3"": 0.0025883483718662755, ""4"": 0.005355743068352343, ""5"": 0.007885248107288306}"
primary_gain,200,p0.05,nan,1.0,6,0.05,9.950000000000001,9.645,3,19,1929,1929,1.6288936480071088,110,0.2778497697256868,0.005556995394513737,2.7174547361289765,16.86570863025261,1.966645475017859,3.4414148123485315,9,"{""0"": 0.004813435484030463, ""1"": 0.007972048083002291, ""2"": 0.004103952461239252, ""3"": 0.0025660431857651837, ""4"": 0.005677145959218854, ""5"": 0.008209347193826388}"
primary_gain,200,p0.05,nan,1.0,6,0.05,9.950000000000001,9.645,3,19,1929,1929,1.6288936480071088,120,0.26559564601474395,0.0053119129202948805,20.18824306407046,16.979946903190154,1.9766104788972092,3.4206313482715056,9,"{""0"": 0.005020014480559385, ""1"": 0.007853542680654576, ""2"": 0.003733594945157919, ""3"": 0.0026263509250131463, ""4"": 0.005080462366149914, ""5"": 0.007557512124234343}"
primary_gain,200,p0.05,nan,1.0,6,0.05,9.950000000000001,9.645,3,19,1929,1929,1.6288936480071088,130,0.26576600323985716,0.0053153200647971435,1.4163061794615928,17.08180310626848,1.970008349164715,3.3865668081413114,8,"{""0"": 0.0049612654501042346, ""1"": 0.007547996586686055, ""2"": 0.004041936855339842, ""3"": 0.002331808065437313, ""4"": 0.004739173455773396, ""5"": 0.008269739975442026}"
primary_gain,200,p0.05,nan,1.0,6,0.05,9.950000000000001,9.645,3,19,1929,1929,1.6288936480071088,140,0.26328065179697324,0.0052656130359394655,2.5444827718418486,17.137107748583592,1.9708000645126031,3.338179190712915,8,"{""0"": 0.005032499845246974, ""1"": 0.007501255082436184, ""2"": 0.004397389760251997, ""3"": 0.002346934893774449, ""4"": 0.004013978636459906, ""5"": 0.008301619997467282}"
primary_gain,200,p0.05,nan,1.0,6,0.05,9.950000000000001,9.645,3,19,1929,1929,1.6288936480071088,150,0.2497480418650999,0.004994960837301999,2.926656359108135,17.22350630543624,1.9948675936408802,3.4209755062555423,8,"{""0"": 0.005608008832096887, ""1"": 0.006757548375962766, ""2"": 0.003953233174443396, ""3"": 0.00257035030870367, ""4"": 0.0037820548371871607, ""5"": 0.00729856949541811}"
primary_gain,200,p0.05,nan,1.0,6,0.05,9.950000000000001,9.645,3,19,1929,1929,1.6288936480071088,160,0.23530305247996672,0.004706061049599335,9.506459599666396,17.288300258208267,2.0003475941151145,3.3758846979132975,8,"{""0"": 0.006142022013909142, ""1"": 0.005348179697272422, ""2"": 0.004081369048056327, ""3"": 0.0027474106405238285, ""4"": 0.0033440744367591764, ""5"": 0.006573310461075116}"
primary_gain,200,p0.05,nan,1.0,6,0.05,9.950000000000001,9.645,3,19,1929,1929,1.6288936480071088,170,0.23006302202435963,0.004601260440487194,4.007679198810917,17.3802836525112,2.005126202438898,3.3400391919214933,8,"{""0"": 0.006142604355711371, ""1"": 0.00530652698355196, ""2"": 0.00419746225269669, ""3"": 0.0025896245597151523, ""4"": 0.0031599863968434423, ""5"": 0.006211358094404546}"
primary_gain,200,p0.05,nan,1.0,6,0.05,9.950000000000001,9.645,3,19,1929,1929,1.6288936480071088,180,0.2131253851903149,0.004262507703806298,3.9262075299175176,17.493632454485752,2.001583335777555,3.3143561940531217,8,"{""0"": 0.00512280625805799, ""1"": 0.005690279862056675, ""2"": 0.0033392353998772683, ""3"": 0.0025843065372639037, ""4"": 0.0025954128714072025, ""5"": 0.006243005294174753}"
primary_gain,200,p0.05,nan,1.0,6,0.05,9.950000000000001,9.645,3,19,1929,1929,1.6288936480071088,190,0.21446970783954558,0.004289394156790912,5.032052625681235,17.562808917445885,1.997491288761719,3.2971082300284,8,"{""0"": 0.0046971155795482175, ""1"": 0.005740964263760198, ""2"": 0.003409839901205962, ""3"": 0.0024252929092438355, ""4"": 0.0026098608667954036, ""5"": 0.006853291420191854}"
primary_gain,200,p0.05,nan,1.0,6,0.05,9.950000000000001,9.645,3,19,1929,1929,1.6288936480071088,200,0.2145095407279849,0.0042901908145596985,4.546223730858179,17.610068300446233,1.9954964944886318,3.2798983142474856,8,"{""0"": 0.004573966161137318, ""1"": 0.0058193654414636165, ""2"": 0.0034242868432753587, ""3"": 0.002412419615162847, ""4"": 0.0023619004579634333, ""5"": 0.00714920636835562}"
primary_gain,200,p0.10,nan,1.067492426554765,6,0.1,19.900000000000002,19.865,11,31,3973,3973,1.6288936480071052,0,1.0127137492797464,0.02025427498559493,nan,0.0,1.6288936480071052,6.705700857339806,13,"{""0"": 0.02334126974021973, ""1"": 0.01797709727431853, ""2"": 0.018388955605245602, ""3"": 0.01888639089105624, ""4"": 0.02257579810094449, ""5"": 0.020356138301784996}"
primary_gain,200,p0.10,nan,1.067492426554765,6,0.1,19.900000000000002,19.865,11,31,3973,3973,1.6288936480071052,10,0.7871283553661761,0.015742567107323524,2.4468642300218177,11.250572218726678,2.192278401970877,2.8200028273533886,5,"{""0"": 0.01857538710494725, ""1"": 0.009570096667351025, ""2"": 0.011481284093630664, ""3"": 0.011076975710440319, ""4"": 0.015913256325378954, ""5"": 0.027838402742192923}"
primary_gain,200,p0.10,nan,1.067492426554765,6,0.1,19.900000000000002,19.865,11,31,3973,3973,1.6288936480071052,20,1.0724648179207141,0.021449296358414287,13.556024936255927,14.239675596321124,2.117359936492913,3.2851282592700763,8,"{""0"": 0.029549367525594183, ""1"": 0.020193234878442805, ""2"": 0.02062695880715815, ""3"": 0.009418587156217382, ""4"": 0.007497639408686983, ""5"": 0.04140999037438622}"
primary_gain,200,p0.10,nan,1.067492426554765,6,0.1,19.900000000000002,19.865,11,31,3973,3973,1.6288936480071052,30,0.8434330824761135,0.016868661649522273,38.582989581578154,15.931519776508924,2.0591753269570012,2.5303776765365833,8,"{""0"": 0.03072619089130408, ""1"": 0.03561839624786227, ""2"": 0.005826187481970458, ""3"": 0.006883929869483846, ""4"": 0.019273133831755718, ""5"": 0.002884131574757246}"
primary_gain,200,p0.10,nan,1.067492426554765,6,0.1,19.900000000000002,19.865,11,31,3973,3973,1.6288936480071052,40,0.6295903890398248,0.012591807780796497,9.6632901724261,16.77264475307197,2.207199573808957,2.8509975443444477,10,"{""0"": 0.00677816383259861, ""1"": 0.032428666041364615, ""2"": 0.0068531250182809825, ""3"": 0.006275402787521924, ""4"": 0.01802789952988051, ""5"": 0.005187589475132351}"
primary_gain,200,p0.10,nan,1.067492426554765,6,0.1,19.900000000000002,19.865,11,31,3973,3973,1.6288936480071052,50,0.6200878573074844,0.012401757146149689,26.359348776431396,16.895028498606813,2.0643049175349826,3.2965712458882948,11,"{""0"": 0.012523961085317786, ""1"": 0.03363685903110798, ""2"": 0.005352971955996632, ""3"": 0.013088840193561801, ""4"": 0.006053896721468337, ""5"": 0.0037540138894455984}"
primary_gain,200,p0.10,nan,1.067492426554765,6,0.1,19.900000000000002,19.865,11,31,3973,3973,1.6288936480071052,60,0.6489969922395412,0.012979939844790825,38.011352355013024,17.161483667212597,2.0694983216054053,3.4330157620884267,13,"{""0"": 0.012174150960589436, ""1"": 0.033538656865361983, ""2"": 0.009974470825734189, ""3"": 0.004846017510220653, ""4"": 0.013237012651017574, ""5"": 0.0041093302558211165}"
primary_gain,200,p0.10,nan,1.067492426554765,6,0.1,19.900000000000002,19.865,11,31,3973,3973,1.6288936480071052,70,0.5903149634620213,0.011806299269240428,6.637311663334038,17.456281605290624,2.0598434824467073,3.4827722270391495,13,"{""0"": 0.0127959956116501, ""1"": 0.032228192020757086, ""2"": 0.008058646876258086, ""3"": 0.006278938358905431, ""4"": 0.00826364902045241, ""5"": 0.0032123737274194625}"
primary_gain,200,p0.10,nan,1.067492426554765,6,0.1,19.900000000000002,19.865,11,31,3973,3973,1.6288936480071052,80,0.5480786966809607,0.010961573933619215,5.48947810878363,17.586180517565605,2.1055032129603184,3.572548996334975,12,"{""0"": 0.012436387353942858, ""1"": 0.026910918601046024, ""2"": 0.008901456317726824, ""3"": 0.005350055810245572, ""4"": 0.008657164876800091, ""5"": 0.0035134606419539244}"
primary_gain,200,p0.10,nan,1.067492426554765,6,0.1,19.900000000000002,19.865,11,31,3973,3973,1.6288936480071052,90,0.5627151767289912,0.011254303534579825,10.073454920033306,17.748237714171395,2.1219485641879374,3.429579471162133,12,"{""0"": 0.011888801686640868, ""1"": 0.02687959874046695, ""2"": 0.011686946240573004, ""3"": 0.005468852826368885, ""4"": 0.008451226799100603, ""5"": 0.0031503949143286422}"
primary_gain,200,p0.10,nan,1.067492426554765,6,0.1,19.900000000000002,19.865,11,31,3973,3973,1.6288936480071052,100,0.6388092993751289,0.012776185987502579,2.146861010213163,17.89711028022926,2.0941116502887307,3.573603272188641,12,"{""0"": 0.012974691413892857, ""1"": 0.024989552717959294, ""2"": 0.019226383084203307, ""3"": 0.00734785802062822, ""4"": 0.008667008674295037, ""5"": 0.003451622014036734}"
primary_gain,200,p0.10,nan,1.067492426554765,6,0.1,19.900000000000002,19.865,11,31,3973,3973,1.6288936480071052,110,0.5918378405466136,0.011836756810932275,4.059525830119705,17.864606418807526,2.102430612347671,3.483746589748749,12,"{""0"": 0.012432925036958972, ""1"": 0.023954522900190726, ""2"": 0.014345286892445441, ""3"": 0.009033277337010029, ""4"": 0.007954034246315167, ""5"": 0.0033004944526733174}"
primary_gain,200,p0.10,nan,1.067492426554765,6,0.1,19.900000000000002,19.865,11,31,3973,3973,1.6288936480071052,120,0.591740703149686,0.01183481406299372,3.6235435231937427,17.775533278136546,2.094184183137623,3.6184123436852706,12,"{""0"": 0.011621773888725474, ""1"": 0.022835202363261115, ""2"": 0.015992354164854276, ""3"": 0.008889361855255233, ""4"": 0.008543323370378721, ""5"": 0.003126868735487494}"
primary_gain,200,p0.10,nan,1.067492426554765,6,0.1,19.900000000000002,19.865,11,31,3973,3973,1.6288936480071052,130,0.5526868787435283,0.011053737574870569,1.315856739280598,17.873989326231264,2.0957812737640658,3.5062243134845925,12,"{""0"": 0.012029546922546663, ""1"": 0.018227282910270454, ""2"": 0.01559184992359101, ""3"": 0.0089877641529405, ""4"": 0.008357588002557221, ""5"": 0.0031283935373175656}"
primary_gain,200,p0.10,nan,1.067492426554765,6,0.1,19.900000000000002,19.865,11,31,3973,3973,1.6288936480071052,140,0.5022218515624502,0.010044437031249005,15.124600066779067,18.02863145672935,2.1063476411836755,3.488523896893272,12,"{""0"": 0.012927614298444417, ""1"": 0.016271442086835914, ""2"": 0.011985707077611355, ""3"": 0.008712602956944331, ""4"": 0.007340184475523539, ""5"": 0.003029071292134471}"
primary_gain,200,p0.10,nan,1.067492426554765,6,0.1,19.900000000000002,19.865,11,31,3973,3973,1.6288936480071052,150,0.5021025715385111,0.010042051430770223,3.490810383699128,18.062379687121993,2.112432885382908,3.503780289327641,12,"{""0"": 0.012624006416495637, ""1"": 0.016621959454304922, ""2"": 0.011466536982201113, ""3"": 0.009396170895054349, ""4"": 0.007373856422579914, ""5"": 0.0027697784139854064}"
primary_gain,200,p0.10,nan,1.067492426554765,6,0.1,19.900000000000002,19.865,11,31,3973,3973,1.6288936480071052,160,0.47056128036942263,0.009411225607388454,3.1669671264332937,18.124890826936817,2.1285974421163285,3.484924090605807,11,"{""0"": 0.01252891109399544, ""1"": 0.01438425929434407, ""2"": 0.011373842742257521, ""3"": 0.009654183406359046, ""4"": 0.00592022546126147, ""5"": 0.0026059316461131818}"
primary_gain,200,p0.10,nan,1.067492426554765,6,0.1,19.900000000000002,19.865,11,31,3973,3973,1.6288936480071052,170,0.4656760823180614,0.009313521646361228,4.488556438590766,18.168490711723056,2.122529070664236,3.5251476867212146,11,"{""0"": 0.012122984642080593, ""1"": 0.014140677134278915, ""2"": 0.012911265130069544, ""3"": 0.009392947034315887, ""4"": 0.0047243873433152, ""5"": 0.002588868594107231}"
primary_gain,200,p0.10,nan,1.067492426554765,6,0.1,19.900000000000002,19.865,11,31,3973,3973,1.6288936480071052,180,0.4698844438503218,0.009397688877006437,2.2081823938855365,18.350205873019664,2.118580999629787,3.474857179464941,11,"{""0"": 0.011582908481197151, ""1"": 0.01446136886258396, ""2"": 0.013620364219462769, ""3"": 0.00946596779668334, ""4"": 0.004687850855367518, ""5"": 0.0025676730467438843}"
primary_gain,200,p0.10,nan,1.067492426554765,6,0.1,19.900000000000002,19.865,11,31,3973,3973,1.6288936480071052,190,0.4557654895790904,0.009115309791581809,2.466909210022233,18.39605571158354,2.1169284625754394,3.518334975086733,11,"{""0"": 0.010822338654769422, ""1"": 0.013673564635151413, ""2"": 0.013570857507958955, ""3"": 0.009447888263610817, ""4"": 0.004558608914570271, ""5"": 0.0026186007734299776}"
primary_gain,200,p0.10,nan,1.067492426554765,6,0.1,19.900000000000002,19.865,11,31,3973,3973,1.6288936480071052,200,0.4751373421707505,0.00950274684341501,16.219870091971597,18.463913311465046,2.1182886001228396,3.5012258264407845,11,"{""0"": 0.012360353538823799, ""1"": 0.013724496329956249, ""2"": 0.013824753853489052, ""3"": 0.010057699218679939, ""4"": 0.004694703684058786, ""5"": 0.002354474435482233}"
primary_gain,200,p0.20,nan,1.0800995065250136,6,0.2,39.800000000000004,40.06,25,60,8012,8012,1.6288936480071128,0,0.9935517420500672,0.019871034841001348,nan,0.0,1.6288936480071128,6.882602997331145,16,"{""0"": 0.020053330418741744, ""1"": 0.021046482794586187, ""2"": 0.020097328945936802, ""3"": 0.019048648635976835, ""4"": 0.020348714708554958, ""5"": 0.018631703542211546}"
primary_gain,200,p0.20,nan,1.0800995065250136,6,0.2,39.800000000000004,40.06,25,60,8012,8012,1.6288936480071128,10,0.5868886731161749,0.011737773462323499,5.151627509283957,11.380987236774075,2.212756954719325,2.8752873003731723,5,"{""0"": 0.011502331898114577, ""1"": 0.0028873591901223965, ""2"": 0.0009957841614755367, ""3"": 0.01093667120877316, ""4"": 0.026831346318051313, ""5"": 0.017273147997404016}"
primary_gain,200,p0.20,nan,1.0800995065250136,6,0.2,39.800000000000004,40.06,25,60,8012,8012,1.6288936480071128,20,0.487675843044885,0.0097535168608977,6.137461689688084,13.92882495442354,2.066431245940842,2.206790647969074,5,"{""0"": 0.011193927838532576, ""1"": 0.0005285875130255091, ""2"": 0.009535252623912579, ""3"": 0.008889156359980246, ""4"": 0.0029566543194965403, ""5"": 0.025417522510438755}"
primary_gain,200,p0.20,nan,1.0800995065250136,6,0.2,39.800000000000004,40.06,25,60,8012,8012,1.6288936480071128,30,0.36391705346017345,0.00727834106920347,11.917960682156767,14.876409120360739,2.1728477631138983,2.727053856601509,5,"{""0"": 0.005413989796020744, ""1"": 0.01372257479063839, ""2"": 0.005065464721221733, ""3"": 0.012960737765355095, ""4"": 0.0021098278177427822, ""5"": 0.00439745152424208}"
primary_gain,200,p0.20,nan,1.0800995065250136,6,0.2,39.800000000000004,40.06,25,60,8012,8012,1.6288936480071128,40,0.3918675180245572,0.007837350360491145,5.089361061876938,16.56968687639336,2.14751126063165,2.471715646012121,5,"{""0"": 0.0020246076459001687, ""1"": 0.01014058243115858, ""2"": 0.015963887599292903, ""3"": 0.005018615290564592, ""4"": 0.004750602550631608, ""5"": 0.009125806645399017}"
primary_gain,200,p0.20,nan,1.0800995065250136,6,0.2,39.800000000000004,40.06,25,60,8012,8012,1.6288936480071128,50,0.5114578666236238,0.010229157332472478,16.628677214847546,17.568647592862412,2.162768063963765,3.0903588739768724,7,"{""0"": 0.001019496078589794, ""1"": 0.01789088706219369, ""2"": 0.008464140804951906, ""3"": 0.021417089694696294, ""4"": 0.009465081040237544, ""5"": 0.003118249314165639}"
primary_gain,200,p0.20,nan,1.0800995065250136,6,0.2,39.800000000000004,40.06,25,60,8012,8012,1.6288936480071128,60,0.33381436229165573,0.0066762872458331155,1.199267614470918,18.35012529926628,2.183280810957212,3.2483198430822444,8,"{""0"": 0.001828513563463605, ""1"": 0.0045153582379198805, ""2"": 0.012342277926290522, ""3"": 0.010441397662485653, ""4"": 0.007303607663719946, ""5"": 0.0036265684211190864}"
primary_gain,200,p0.20,nan,1.0800995065250136,6,0.2,39.800000000000004,40.06,25,60,8012,8012,1.6288936480071128,70,0.32955184828152734,0.0065910369656305475,1.2840111261767493,18.575921266503755,2.1837559121067196,3.1658386679015162,8,"{""0"": 0.002490668964826047, ""1"": 0.004605385928684683, ""2"": 0.009558767525050273, ""3"": 0.011406417729122518, ""4"": 0.006374711565238937, ""5"": 0.00511027008086083}"
primary_gain,200,p0.20,nan,1.0800995065250136,6,0.2,39.800000000000004,40.06,25,60,8012,8012,1.6288936480071128,80,0.26323767579724433,0.005264753515944887,8.65024393914642,18.877119266098383,2.197717585999121,3.0888999711649774,7,"{""0"": 0.0034744018615408996, ""1"": 0.0031657150507841472, ""2"": 0.008178060130614905, ""3"": 0.010683538796475081, ""4"": 0.004742310921648839, ""5"": 0.0013444943346054483}"
primary_gain,200,p0.20,nan,1.0800995065250136,6,0.2,39.800000000000004,40.06,25,60,8012,8012,1.6288936480071128,90,0.251001389238625,0.0050200277847725,0.9772577902639162,19.08615782201554,2.2437660941451303,3.0652959620427205,7,"{""0"": 0.001524796617050224, ""1"": 0.00305376333979076, ""2"": 0.010948745385295819, ""3"": 0.009226303375692331, ""4"": 0.0036032904986076073, ""5"": 0.0017632674921982609}"
primary_gain,200,p0.20,nan,1.0800995065250136,6,0.2,39.800000000000004,40.06,25,60,8012,8012,1.6288936480071128,100,0.27788749934962786,0.005557749986992559,0.3862411723329666,19.244421403887078,2.2422064158777975,3.096050217416124,8,"{""0"": 0.0018456065294464009, ""1"": 0.0028538264890293165, ""2"": 0.012126065887108158, ""3"": 0.009897883424274775, ""4"": 0.004452060197114914, ""5"": 0.0021710573949817883}"
primary_gain,200,p0.20,nan,1.0800995065250136,6,0.2,39.800000000000004,40.06,25,60,8012,8012,1.6288936480071128,110,0.30650274890522994,0.006130054978104599,3.1574485009321216,19.45273948843174,2.264322970360867,3.1200613730354676,8,"{""0"": 0.001086859037864898, ""1"": 0.0050534835371277564, ""2"": 0.011587825205777471, ""3"": 0.010271056012281784, ""4"": 0.0058122660561279165, ""5"": 0.0029688400194477697}"
primary_gain,200,p0.20,nan,1.0800995065250136,6,0.2,39.800000000000004,40.06,25,60,8012,8012,1.6288936480071128,120,0.3137154513476824,0.006274309026953649,0.8677781327705001,19.558262658441354,2.255915746335736,3.200079498757884,8,"{""0"": 0.0011272598341391282, ""1"": 0.005120144795320072, ""2"": 0.010944228067909175, ""3"": 0.01384733770010034, ""4"": 0.004085688132917381, ""5"": 0.002521195631335792}"
primary_gain,200,p0.20,nan,1.0800995065250136,6,0.2,39.800000000000004,40.06,25,60,8012,8012,1.6288936480071128,130,0.23467528208120272,0.004693505641624056,0.6402209244309988,19.810600922875476,2.2999160053641643,3.069340382107191,7,"{""0"": 0.0008962057377996262, ""1"": 0.004967694581350745, ""2"": 0.007943056317278254, ""3"": 0.00920941903094311, ""4"": 0.003044978891625982, ""5"": 0.0020996792907466135}"
primary_gain,200,p0.20,nan,1.0800995065250136,6,0.2,39.800000000000004,40.06,25,60,8012,8012,1.6288936480071128,140,0.261054602728237,0.005221092054564741,0.41478003987200357,19.84800769584302,2.3316494874281974,3.0176629347510877,7,"{""0"": 0.0010842182174759, ""1"": 0.004246540096772815, ""2"": 0.007586307743655695, ""3"": 0.007520451209663567, ""4"": 0.0028205988546535386, ""5"": 0.008068436205166932}"
primary_gain,200,p0.20,nan,1.0800995065250136,6,0.2,39.800000000000004,40.06,25,60,8012,8012,1.6288936480071128,150,0.2531826811017744,0.005063653622035489,11.142879555580596,19.993111695818204,2.3538145705082067,3.0737181182421844,8,"{""0"": 0.0017551026937301759, ""1"": 0.0033763506827841306, ""2"": 0.007698426360367615, ""3"": 0.008706772631317222, ""4"": 0.002438744735201907, ""5"": 0.006406524628811881}"
primary_gain,200,p0.20,nan,1.0800995065250136,6,0.2,39.800000000000004,40.06,25,60,8012,8012,1.6288936480071128,160,0.20558716076363526,0.004111743215272705,0.05144800008416329,20.035250469696116,2.357879180077064,3.114878424535109,7,"{""0"": 0.0018339118292731577, ""1"": 0.003257446121488336, ""2"": 0.00443831356497355, ""3"": 0.008941438982387783, ""4"": 0.0022908165687168785, ""5"": 0.003908532224796526}"
primary_gain,200,p0.20,nan,1.0800995065250136,6,0.2,39.800000000000004,40.06,25,60,8012,8012,1.6288936480071128,170,0.2537567194318696,0.005075134388637393,1.7796061370504876,20.146137775778865,2.3535738310372074,3.072192992785191,7,"{""0"": 0.00237036885033384, ""1"": 0.0038730087220469034, ""2"": 0.007215810469487651, ""3"": 0.009210854907800613, ""4"": 0.0024692931343713994, ""5"": 0.0053114702477839535}"
primary_gain,200,p0.20,nan,1.0800995065250136,6,0.2,39.800000000000004,40.06,25,60,8012,8012,1.6288936480071128,180,0.22526342282339526,0.004505268456467906,1.8802769520536182,20.250063204700616,2.3598046480936494,3.049029387714006,7,"{""0"": 0.0020581044271283373, ""1"": 0.004031082281950313, ""2"": 0.007240522125152272, ""3"": 0.008944545467894397, ""4"": 0.0026734563227415182, ""5"": 0.0020839001139405975}"
primary_gain,200,p0.20,nan,1.0800995065250136,6,0.2,39.800000000000004,40.06,25,60,8012,8012,1.6288936480071128,190,0.23238287147111011,0.004647657429422203,0.22609038657938446,20.31015494833857,2.3611352800764442,3.031306093416049,7,"{""0"": 0.002041857932950228, ""1"": 0.0036363599482648716, ""2"": 0.007305860089722627, ""3"": 0.008927921142002592, ""4"": 0.002733194973373842, ""5"": 0.0032407504902190556}"
primary_gain,200,p0.20,nan,1.0800995065250136,6,0.2,39.800000000000004,40.06,25,60,8012,8012,1.6288936480071128,200,0.19806239174428447,0.00396124783488569,0.711740252614103,20.367622146421493,2.3573016477007496,3.0456148536135577,7,"{""0"": 0.0020189925526123793, ""1"": 0.003436856911338436, ""2"": 0.004694486836504678, ""3"": 0.008756617227825768, ""4"": 0.0027342378668485977, ""5"": 0.0021262956141842792}"
primary_gain,200,p0.40,nan,1.0317404989324683,6,0.4,79.60000000000001,80.155,59,98,16031,16031,1.6288936480071206,0,0.9670403991753885,0.019340807983507773,nan,0.0,1.6288936480071206,6.068374909681994,14,"{""0"": 0.01934141942978263, ""1"": 0.020579278023083396, ""2"": 0.018864471023963672, ""3"": 0.019598281066292557, ""4"": 0.019191812216953277, ""5"": 0.0184695861409711}"
primary_gain,200,p0.40,nan,1.0317404989324683,6,0.4,79.60000000000001,80.155,59,98,16031,16031,1.6288936480071206,10,0.5441090933143659,0.010882181866287317,4.928247623165794,8.91796327566327,2.292050099196394,1.7897311081942475,2,"{""0"": 0.01502354755276914, ""1"": 0.01289972261699166, ""2"": 0.0008126649332323294, ""3"": 0.02053422638238044, ""4"": 0.015454286905595475, ""5"": 0.0005686428067548648}"
primary_gain,200,p0.40,nan,1.0317404989324683,6,0.4,79.60000000000001,80.155,59,98,16031,16031,1.6288936480071206,20,0.4852710633258957,0.009705421266517914,7.804745114247495,12.331067433646881,2.0929863790025087,2.4170543407309704,3,"{""0"": 0.005310156942257315, ""1"": 0.002085208399774322, ""2"": 0.010599810667315652, ""3"": 0.004055020351148212, ""4"": 0.0072885159767865915, ""5"": 0.0288938152618254}"
primary_gain,200,p0.40,nan,1.0317404989324683,6,0.4,79.60000000000001,80.155,59,98,16031,16031,1.6288936480071206,30,0.20705503774186343,0.004141100754837269,5.628934540050262,14.36180449418574,2.205765822320711,2.407496853826857,3,"{""0"": 0.011089245041982599, ""1"": 0.0031091165016350368, ""2"": 0.0005889491996954815, ""3"": 0.006093996203152624, ""4"": 0.003667678580839285, ""5"": 0.00029761900171859185}"
primary_gain,200,p0.40,nan,1.0317404989324683,6,0.4,79.60000000000001,80.155,59,98,16031,16031,1.6288936480071206,40,0.3093601465479805,0.006187202930959611,0.710063092877768,16.135777967333453,2.235462875145726,2.4726055341434297,3,"{""0"": 0.0021088832573048152, ""1"": 0.0039862492072265466, ""2"": 0.012396988702039414, ""3"": 0.0009139717496307595, ""4"": 0.011846217013024312, ""5"": 0.005870907656531815}"
primary_gain,200,p0.40,nan,1.0317404989324683,6,0.4,79.60000000000001,80.155,59,98,16031,16031,1.6288936480071206,50,0.3133361537836953,0.0062667230756739065,8.640276787770786,17.198012149326324,2.241024972989213,2.4676395854650166,3,"{""0"": 0.005786506973936393, ""1"": 0.004554451411438152, ""2"": 0.009366671649215879, ""3"": 0.0036265028888424074, ""4"": 0.012331439323898921, ""5"": 0.0019347662067116852}"
primary_gain,200,p0.40,nan,1.0317404989324683,6,0.4,79.60000000000001,80.155,59,98,16031,16031,1.6288936480071206,60,0.2826361183742127,0.005652722367484255,0.7143606858369552,17.830384258025305,2.19718283296209,2.5316231024544464,3,"{""0"": 0.005959731754887131, ""1"": 0.00417428585408504, ""2"": 0.009074599403489494, ""3"": 0.003862249364290881, ""4"": 0.010050532697877337, ""5"": 0.0007949351302756425}"
primary_gain,200,p0.40,nan,1.0317404989324683,6,0.4,79.60000000000001,80.155,59,98,16031,16031,1.6288936480071206,70,0.272725978728446,0.005454519574568921,15.651354628916579,18.09324006023135,2.256105904983084,2.527320359264484,3,"{""0"": 0.004970445443189642, ""1"": 0.005110453658366698, ""2"": 0.0065322946190802976, ""3"": 0.00683763070020319, ""4"": 0.009036516968656195, ""5"": 0.0002397760579175052}"
primary_gain,200,p0.40,nan,1.0317404989324683,6,0.4,79.60000000000001,80.155,59,98,16031,16031,1.6288936480071206,80,0.2622308998005403,0.005244617996010807,0.24663731049743043,18.453845824412337,2.242085922220587,2.5412911845177826,3,"{""0"": 0.004258881505654976, ""1"": 0.0034662796760258825, ""2"": 0.006079938733303739, ""3"": 0.006527307711100977, ""4"": 0.01094689398073036, ""5"": 0.00018840636924891057}"
primary_gain,200,p0.40,nan,1.0317404989324683,6,0.4,79.60000000000001,80.155,59,98,16031,16031,1.6288936480071206,90,0.2786110188863497,0.005572220377726995,0.14356264610947575,18.673544230937225,2.2184141585091934,2.562911548341411,3,"{""0"": 0.005344749816005803, ""1"": 0.005304377390949395, ""2"": 0.006319643172828111, ""3"": 0.005125563451002917, ""4"": 0.011136004242070074, ""5"": 0.00020298419350566737}"
primary_gain,200,p0.40,nan,1.0317404989324683,6,0.4,79.60000000000001,80.155,59,98,16031,16031,1.6288936480071206,100,0.25108898488638176,0.005021779697727636,0.37958930055127205,19.00976535143006,2.263253431138619,2.575137408634769,3,"{""0"": 0.005167930063306805, ""1"": 0.004189943329117919, ""2"": 0.008680085877348457, ""3"": 0.005132227397968773, ""4"": 0.006757982812686926, ""5"": 0.00020250870593694256}"
primary_gain,200,p0.40,nan,1.0317404989324683,6,0.4,79.60000000000001,80.155,59,98,16031,16031,1.6288936480071206,110,0.2226531929595696,0.004453063859191393,0.2886038385135084,19.220848542934192,2.232568828095237,2.5697579981276033,3,"{""0"": 0.00501159186126012, ""1"": 0.003206762090729861, ""2"": 0.005256136819869619, ""3"": 0.007336302161931055, ""4"": 0.00570403644227243, ""5"": 0.00020355377908527227}"
primary_gain,200,p0.40,nan,1.0317404989324683,6,0.4,79.60000000000001,80.155,59,98,16031,16031,1.6288936480071206,120,0.18912387158459332,0.003782477431691867,0.09541371435248829,19.44834280284765,2.2266193402684893,2.5792437843812235,3,"{""0"": 0.005289712161715299, ""1"": 0.0026666906529885914, ""2"": 0.004560849871574107, ""3"": 0.004210713038479186, ""4"": 0.005776509507133792, ""5"": 0.00019038935826022765}"
primary_gain,200,p0.40,nan,1.0317404989324683,6,0.4,79.60000000000001,80.155,59,98,16031,16031,1.6288936480071206,130,0.19548528671391224,0.003909705734278245,9.817793779182507,19.83150272548174,2.2463049019451757,2.5483718991289273,3,"{""0"": 0.006588288292327433, ""1"": 0.0021920371378805776, ""2"": 0.004678467181291648, ""3"": 0.004041942593293302, ""4"": 0.005800907871801081, ""5"": 0.0001565913290754342}"
primary_gain,200,p0.40,nan,1.0317404989324683,6,0.4,79.60000000000001,80.155,59,98,16031,16031,1.6288936480071206,140,0.18948163148539363,0.003789632629707873,0.6794632670248225,20.115131467559422,2.2409750081252455,2.5565363411830804,3,"{""0"": 0.006718144145636908, ""1"": 0.002020771704708074, ""2"": 0.004771821303057434, ""3"": 0.003535889727121537, ""4"": 0.005538055875980311, ""5"": 0.00015311302174297417}"
primary_gain,200,p0.40,nan,1.0317404989324683,6,0.4,79.60000000000001,80.155,59,98,16031,16031,1.6288936480071206,150,0.17282795780629598,0.00345655915612592,1.7525487039089005,20.575157669819593,2.31660276275612,2.570500744578868,3,"{""0"": 0.006137127755968078, ""1"": 0.0017428972166548535, ""2"": 0.003258816425620428, ""3"": 0.0031425941247061303, ""4"": 0.006289018432656708, ""5"": 0.0001689009811493203}"
primary_gain,200,p0.40,nan,1.0317404989324683,6,0.4,79.60000000000001,80.155,59,98,16031,16031,1.6288936480071206,160,0.21914751295411886,0.004382950259082378,20.848707306612493,20.998091289128418,2.376573005392316,2.550200867548185,3,"{""0"": 0.006578248143762437, ""1"": 0.001617345630933386, ""2"": 0.005334940239929191, ""3"": 0.006393367660779696, ""4"": 0.006190977407674836, ""5"": 0.00018282247141471756}"
primary_gain,200,p0.40,nan,1.0317404989324683,6,0.4,79.60000000000001,80.155,59,98,16031,16031,1.6288936480071206,170,0.183924412131151,0.00367848824262302,6.553671843967697,21.119842574215486,2.3680365613195886,2.5906101920413542,3,"{""0"": 0.004795360054454263, ""1"": 0.0020648925712281286, ""2"": 0.0038898301072639793, ""3"": 0.005267007631394148, ""4"": 0.0058639782693262026, ""5"": 0.00018986082207139856}"
primary_gain,200,p0.40,nan,1.0317404989324683,6,0.4,79.60000000000001,80.155,59,98,16031,16031,1.6288936480071206,180,0.16950258901782017,0.003390051780356404,0.5662384791904599,21.211108850492437,2.3574610290866773,2.6068882172658836,3,"{""0"": 0.0034863628038004934, ""1"": 0.0017735603994160915, ""2"": 0.003918678222978344, ""3"": 0.005395218311941254, ""4"": 0.005559429652454632, ""5"": 0.00020706129154760174}"
primary_gain,200,p0.40,nan,1.0317404989324683,6,0.4,79.60000000000001,80.155,59,98,16031,16031,1.6288936480071206,190,0.1619265318059157,0.0032385306361183146,3.3785640254933593,21.419166389946,2.3650858888562953,2.59210332505616,3,"{""0"": 0.003198802828596259, ""1"": 0.0014772579368102785, ""2"": 0.003617994362309131, ""3"": 0.005655350211111477, ""4"": 0.005280192183118451, ""5"": 0.00020158629476429087}"
primary_gain,200,p0.40,nan,1.0317404989324683,6,0.4,79.60000000000001,80.155,59,98,16031,16031,1.6288936480071206,200,0.17160733744823392,0.003432146748964679,0.44038419280461844,21.493637647861693,2.3645787163356022,2.564547070825947,3,"{""0"": 0.003753546836335348, ""1"": 0.00130097606491885, ""2"": 0.0036840540230907446, ""3"": 0.007080945774478044, ""4"": 0.004554258394971664, ""5"": 0.000219099399993422}"
primary_gain,200,p0.05,nan,1.0,7,0.05,9.950000000000001,9.81,0,19,1962,1962,1.4770066984621855,0,1.0244906414802457,0.020489812829604916,nan,0.0,1.4770066984621855,5.963283485494877,12,"{""0"": 0.02060026471051805, ""1"": 0.018985712838809753, ""2"": 0.024199824857126438, ""3"": 0.019410386408741452, ""4"": 0.018164459294674373, ""5"": 0.02157822886775943}"
primary_gain,200,p0.05,nan,1.0,7,0.05,9.950000000000001,9.81,0,19,1962,1962,1.4770066984621855,10,1.1635658336593089,0.023271316673186184,2.9998860120677073,14.831671286661692,1.9322375337697766,3.4394930684173715,10,"{""0"": 0.0253640226109891, ""1"": 0.03725248287309679, ""2"": 0.005144950580200045, ""3"": 0.023398438222856647, ""4"": 0.04259242326427189, ""5"": 0.005875582487702623}"
primary_gain,200,p0.05,nan,1.0,7,0.05,9.950000000000001,9.81,0,19,1962,1962,1.4770066984621855,20,0.8964281422662541,0.017928562845325083,16.3420618385905,15.49833697375386,1.9355920918316398,4.255666152390314,12,"{""0"": 0.007837859057235221, ""1"": 0.047857894302454476, ""2"": 0.007548392162778092, ""3"": 0.018538373762675548, ""4"": 0.010643271768729548, ""5"": 0.015145586018077611}"
primary_gain,200,p0.05,nan,1.0,7,0.05,9.950000000000001,9.81,0,19,1962,1962,1.4770066984621855,30,0.6178904912919762,0.012357809825839526,13.349157894330691,15.888565343083231,2.0171029617483516,4.494934372167213,12,"{""0"": 0.007926146807991287, ""1"": 0.01934934588702446, ""2"": 0.006117719972872415, ""3"": 0.02114238800470424, ""4"": 0.011537854607844324, ""5"": 0.008073403674600431}"
primary_gain,200,p0.05,nan,1.0,7,0.05,9.950000000000001,9.81,0,19,1962,1962,1.4770066984621855,40,0.5692505364727778,0.011385010729455558,10.224677756686173,16.44201092875639,2.020534661839375,3.9775051148646647,12,"{""0"": 0.005881356452127058, ""1"": 0.01763125436547569, ""2"": 0.007110349083531762, ""3"": 0.02254675971775854, ""4"": 0.009097359704034944, ""5"": 0.006042985053805366}"
primary_gain,200,p0.05,nan,1.0,7,0.05,9.950000000000001,9.81,0,19,1962,1962,1.4770066984621855,50,0.5271733305920235,0.010543466611840472,4.38452088298868,16.722114494302293,2.043377072908678,4.268933378947745,12,"{""0"": 0.004039699742234214, ""1"": 0.010153919090613292, ""2"": 0.010378980928515342, ""3"": 0.01901800808111999, ""4"": 0.015243755383080421, ""5"": 0.0044264364454795774}"
primary_gain,200,p0.05,nan,1.0,7,0.05,9.950000000000001,9.81,0,19,1962,1962,1.4770066984621855,60,0.5193994394945145,0.010387988789890291,5.788854642887107,16.904549754300977,2.056927248250895,3.7074896693291293,11,"{""0"": 0.0031439669229879307, ""1"": 0.01511180052018003, ""2"": 0.004094652612335901, ""3"": 0.021291177171340374, ""4"": 0.01467930153550367, ""5"": 0.004007033976993845}"
primary_gain,200,p0.05,nan,1.0,7,0.05,9.950000000000001,9.81,0,19,1962,1962,1.4770066984621855,70,0.43506832672976187,0.008701366534595238,38.97679437731813,17.120297413694257,2.063718126856845,3.9158452985670125,12,"{""0"": 0.0026307591513371853, ""1"": 0.008759842971793759, ""2"": 0.0035548341506541634, ""3"": 0.016626586747549025, ""4"": 0.01658461900109032, ""5"": 0.004051557185146976}"
primary_gain,200,p0.05,nan,1.0,7,0.05,9.950000000000001,9.81,0,19,1962,1962,1.4770066984621855,80,0.4360748084077454,0.008721496168154909,2.073914826356786,17.349333283362554,2.06620375514868,3.7041096428302547,11,"{""0"": 0.002304261206317775, ""1"": 0.009506650598442617, ""2"": 0.0030798008652469454, ""3"": 0.01695963109669578, ""4"": 0.016524533521596274, ""5"": 0.003954099720630059}"
primary_gain,200,p0.05,nan,1.0,7,0.05,9.950000000000001,9.81,0,19,1962,1962,1.4770066984621855,90,0.43803641378200486,0.008760728275640098,5.346195449454073,17.414286974782993,2.069331274063451,3.7428504241079934,11,"{""0"": 0.0029724640645760565, ""1"": 0.008124215822406813, ""2"": 0.0048164578400591625, ""3"": 0.01647000041717945, ""4"": 0.016220892560570802, ""5"": 0.0039603389490483025}"
primary_gain,200,p0.05,nan,1.0,7,0.05,9.950000000000001,9.81,0,19,1962,1962,1.4770066984621855,100,0.44629669026521623,0.008925933805304325,3.4543235687564757,17.597769894808664,2.077168305597775,3.7121336902626663,12,"{""0"": 0.0032946836002509194, ""1"": 0.00683450963034925, ""2"": 0.005858070423498162, ""3"": 0.01723274821122958, ""4"": 0.01639545415193682, ""5"": 0.003940136814561226}"
primary_gain,200,p0.05,nan,1.0,7,0.05,9.950000000000001,9.81,0,19,1962,1962,1.4770066984621855,110,0.4427409679912533,0.008854819359825067,11.46026347106456,17.85729618554206,2.085236704269207,3.657811213878723,12,"{""0"": 0.004258485739016709, ""1"": 0.005771993720094034, ""2"": 0.005383657060205252, ""3"": 0.01782332872826257, ""4"": 0.015526274618991993, ""5"": 0.004365176292379847}"
primary_gain,200,p0.05,nan,1.0,7,0.05,9.950000000000001,9.81,0,19,1962,1962,1.4770066984621855,120,0.4494247784783314,0.008988495569566629,5.898499778167621,17.970305932560937,2.093942949205773,3.456648469312471,11,"{""0"": 0.005813318766291308, ""1"": 0.005659415637403593, ""2"": 0.0037570097963586027, ""3"": 0.019398322880522414, ""4"": 0.014995272486566003, ""5"": 0.0043076338502578485}"
primary_gain,200,p0.05,nan,1.0,7,0.05,9.950000000000001,9.81,0,19,1962,1962,1.4770066984621855,130,0.4180590500481663,0.008361181000963327,4.213286791574666,18.12770885642841,2.093334556574575,3.642076304195222,12,"{""0"": 0.004700076954822168, ""1"": 0.005598599830506453, ""2"": 0.004131454927469995, ""3"": 0.021105749876031938, ""4"": 0.0104085204411678, ""5"": 0.004222683975781617}"
primary_gain,200,p0.05,nan,1.0,7,0.05,9.950000000000001,9.81,0,19,1962,1962,1.4770066984621855,140,0.4195992406892677,0.008391984813785355,3.414300640293071,18.281349150355645,2.097254732048092,3.6733784394818483,12,"{""0"": 0.005154850966921759, ""1"": 0.005388522318470875, ""2"": 0.0034174699904378366, ""3"": 0.02165906829541959, ""4"": 0.01067016556947038, ""5"": 0.004061831741991687}"
primary_gain,200,p0.05,nan,1.0,7,0.05,9.950000000000001,9.81,0,19,1962,1962,1.4770066984621855,150,0.4174880284846963,0.008349760569693927,3.98556742828124,18.476233864316686,2.1076358751938264,3.645012286984183,12,"{""0"": 0.004493737612664436, ""1"": 0.005261143761245576, ""2"": 0.0033108113285722483, ""3"": 0.022489874739138965, ""4"": 0.01050580657332048, ""5"": 0.004037189403221864}"
primary_gain,200,p0.05,nan,1.0,7,0.05,9.950000000000001,9.81,0,19,1962,1962,1.4770066984621855,160,0.4208171946997645,0.00841634389399529,4.048942012334534,18.513416836537225,2.1158057359037157,3.8628460998874568,12,"{""0"": 0.003531167512819158, ""1"": 0.005816117244994834, ""2"": 0.0035442921063591456, ""3"": 0.022631606809396205, ""4"": 0.010882259235079142, ""5"": 0.0040926204553232625}"
primary_gain,200,p0.05,nan,1.0,7,0.05,9.950000000000001,9.81,0,19,1962,1962,1.4770066984621855,170,0.4239171366324576,0.008478342732649153,2.814734627918353,18.64427547570508,2.124537948142124,3.8540254037402915,12,"{""0"": 0.003598732622827952, ""1"": 0.0058397874068583005, ""2"": 0.0032632200749317572, ""3"": 0.02315155030789337, ""4"": 0.011086294451653041, ""5"": 0.003930471531730498}"
primary_gain,200,p0.05,nan,1.0,7,0.05,9.950000000000001,9.81,0,19,1962,1962,1.4770066984621855,180,0.42553842411543014,0.008510768482308603,5.663582625028169,18.828525590499186,2.1294472535601754,3.8429282560636313,12,"{""0"": 0.003757909165461231, ""1"": 0.005000642508217421, ""2"": 0.003612864352330503, ""3"": 0.023774659357525284, ""4"": 0.010631191456169368, ""5"": 0.004287344054147813}"
primary_gain,200,p0.05,nan,1.0,7,0.05,9.950000000000001,9.81,0,19,1962,1962,1.4770066984621855,190,0.4571695116783508,0.009143390233567016,4.543531321110604,18.95225703829211,2.129192854307121,3.9846155506779475,12,"{""0"": 0.0035687734175272367, ""1"": 0.004954307495672633, ""2"": 0.007022668385514319, ""3"": 0.024310964734448787, ""4"": 0.010664850402216422, ""5"": 0.004338776966022714}"
primary_gain,200,p0.05,nan,1.0,7,0.05,9.950000000000001,9.81,0,19,1962,1962,1.4770066984621855,200,0.44982025835021294,0.00899640516700426,2.899195356247054,19.00605356019907,2.1390156118308368,4.010072976252368,12,"{""0"": 0.003357677555928108, ""1"": 0.005086673435207437, ""2"": 0.005864579369159367, ""3"": 0.024289310512134073, ""4"": 0.011111300950125422, ""5"": 0.004268889179471153}"
primary_gain,200,p0.10,nan,0.9351846116450417,7,0.1,19.900000000000002,19.62,8,30,3924,3924,1.4770066984621886,0,1.0408688240432487,0.020817376480864975,nan,0.0,1.4770066984621886,6.790652236543615,13,"{""0"": 0.01988838100887963, ""1"": 0.021433705008690664, ""2"": 0.020859270456741047, ""3"": 0.020824447829712305, ""4"": 0.020720577701716876, ""5"": 0.021177876879449328}"
primary_gain,200,p0.10,nan,0.9351846116450417,7,0.1,19.900000000000002,19.62,8,30,3924,3924,1.4770066984621886,10,0.792458910399035,0.015849178207980704,2.6025304507602574,11.71449296786985,2.0074088893829085,2.640237565709989,4,"{""0"": 0.0009224894577503671, ""1"": 0.059678570776017834, ""2"": 0.0015970752268383332, ""3"": 0.004850652146268563, ""4"": 0.009320629705148872, ""5"": 0.018725651935860236}"
primary_gain,200,p0.10,nan,0.9351846116450417,7,0.1,19.900000000000002,19.62,8,30,3924,3924,1.4770066984621886,20,0.7154085198853888,0.014308170397707777,11.393787767787124,12.804103000790088,2.0334402247864123,2.6444145930685,4,"{""0"": 0.0010285539039542294, ""1"": 0.0688807935408122, ""2"": 0.003474509005203662, ""3"": 0.00612999917474774, ""4"": 0.0008458616805682368, ""5"": 0.005489305080960596}"
primary_gain,200,p0.10,nan,0.9351846116450417,7,0.1,19.900000000000002,19.62,8,30,3924,3924,1.4770066984621886,30,0.31953764472517165,0.0063907528945034335,0.8234413103673165,13.923645994208124,2.0064660495447786,2.3813503477861184,4,"{""0"": 0.0007563694453064289, ""1"": 0.006163035526286614, ""2"": 0.004518741764804023, ""3"": 0.016795740616747778, ""4"": 0.0005507159386053378, ""5"": 0.009559914075270423}"
primary_gain,200,p0.10,nan,0.9351846116450417,7,0.1,19.900000000000002,19.62,8,30,3924,3924,1.4770066984621886,40,0.23937860786640894,0.0047875721573281795,0.5221097762186849,14.198046146779395,2.018130017378486,2.1982294799757898,4,"{""0"": 0.002447977979530969, ""1"": 0.0027678083753863575, ""2"": 0.0045643206792726244, ""3"": 0.010237307441325436, ""4"": 0.000460723672997586, ""5"": 0.008247294795456111}"
primary_gain,200,p0.10,nan,0.9351846116450417,7,0.1,19.900000000000002,19.62,8,30,3924,3924,1.4770066984621886,50,0.1855425237494427,0.003710850474988854,1.879300761557943,14.672299278415332,2.0234353016259243,2.389273453285972,4,"{""0"": 0.0009022895142229232, ""1"": 0.002178426105863109, ""2"": 0.00329897346444069, ""3"": 0.008768616624747792, ""4"": 0.0005859637545656312, ""5"": 0.0065308333860929785}"
primary_gain,200,p0.10,nan,0.9351846116450417,7,0.1,19.900000000000002,19.62,8,30,3924,3924,1.4770066984621886,60,0.18560497353834562,0.0037120994707669133,16.10144761005701,15.141022153253797,2.0201298353334955,2.374736483438479,4,"{""0"": 0.0008785685613628127, ""1"": 0.0016385201452985252, ""2"": 0.0013990053750468252, ""3"": 0.012811936869629895, ""4"": 0.0005432382783036643, ""5"": 0.0050013275949597575}"
primary_gain,200,p0.10,nan,0.9351846116450417,7,0.1,19.900000000000002,19.62,8,30,3924,3924,1.4770066984621886,70,0.20089808970838338,0.004017961794167668,0.9992278363874592,15.3752988494805,2.0230475829789394,2.4617662399008697,4,"{""0"": 0.0008176681993098872, ""1"": 0.0013022598499667598, ""2"": 0.0009313627996041813, ""3"": 0.016203720671141168, ""4"": 0.0005191882892767493, ""5"": 0.004333570955707261}"
primary_gain,200,p0.10,nan,0.9351846116450417,7,0.1,19.900000000000002,19.62,8,30,3924,3924,1.4770066984621886,80,0.1831657759851465,0.0036633155197029303,1.2513351394930285,15.56196381350453,2.0209672802164627,2.5220390024534476,4,"{""0"": 0.0007981419274916432, ""1"": 0.0013987059973440536, ""2"": 0.0007400663475876565, ""3"": 0.013937978056943143, ""4"": 0.0005465530060127911, ""5"": 0.004558447782838296}"
primary_gain,200,p0.10,nan,0.9351846116450417,7,0.1,19.900000000000002,19.62,8,30,3924,3924,1.4770066984621886,90,0.18624463038645322,0.003724892607729065,0.5217584702148961,15.80227993346054,2.0237559444923034,2.5352562423971836,4,"{""0"": 0.0007685609499523185, ""1"": 0.0015033437241383815, ""2"": 0.0006556373625600849, ""3"": 0.014427678753024694, ""4"": 0.0005324882977611879, ""5"": 0.004461646558937725}"
primary_gain,200,p0.10,nan,0.9351846116450417,7,0.1,19.900000000000002,19.62,8,30,3924,3924,1.4770066984621886,100,0.16825591857172748,0.0033651183714345496,1.2144642928722167,16.04421733167896,2.03054827078517,2.565889394472168,4,"{""0"": 0.0007551199786862349, ""1"": 0.0013703429156007765, ""2"": 0.0005866113605176998, ""3"": 0.012318142212520597, ""4"": 0.0005563558284918172, ""5"": 0.004604137932790174}"
primary_gain,200,p0.10,nan,0.9351846116450417,7,0.1,19.900000000000002,19.62,8,30,3924,3924,1.4770066984621886,110,0.1305271991103924,0.002610543982207848,0.770001562915662,16.22413995672547,2.0506904804294197,2.5593157706615077,4,"{""0"": 0.0008475442260753733, ""1"": 0.0012654545107083717, ""2"": 0.00060979378284953, ""3"": 0.007657999612735085, ""4"": 0.0005423429272287058, ""5"": 0.004740128833650022}"
primary_gain,200,p0.10,nan,0.9351846116450417,7,0.1,19.900000000000002,19.62,8,30,3924,3924,1.4770066984621886,120,0.16107532014042228,0.0032215064028084457,2.706401358217342,16.398556941212075,2.059017258186371,2.5745814174012294,4,"{""0"": 0.0008294066684593497, ""1"": 0.0011186264717763818, ""2"": 0.0005596192194852675, ""3"": 0.011394101103685947, ""4"": 0.0005368924301716366, ""5"": 0.0048903925232720935}"
primary_gain,200,p0.10,nan,0.9351846116450417,7,0.1,19.900000000000002,19.62,8,30,3924,3924,1.4770066984621886,130,0.12121844986917676,0.0024243689973835357,0.10301186677424452,16.5760635959295,2.054867727443795,2.6284261190505744,5,"{""0"": 0.0011807454483367113, ""1"": 0.000766220766764654, ""2"": 0.0006807400111227688, ""3"": 0.005981369251247785, ""4"": 0.0005681811588676199, ""5"": 0.005368957347961675}"
primary_gain,200,p0.10,nan,0.9351846116450417,7,0.1,19.900000000000002,19.62,8,30,3924,3924,1.4770066984621886,140,0.12247470850257222,0.0024494941700514447,0.5722540095594384,16.636072483559175,2.055622601194382,2.619414511013894,4,"{""0"": 0.0010939557600331642, ""1"": 0.0009397252918436578, ""2"": 0.0006059680733668746, ""3"": 0.005987652171932783, ""4"": 0.000614926992939723, ""5"": 0.0054547367301924655}"
primary_gain,200,p0.10,nan,0.9351846116450417,7,0.1,19.900000000000002,19.62,8,30,3924,3924,1.4770066984621886,150,0.12008283365580796,0.0024016566731161594,7.134313476251623,16.742157495897022,2.0539193805505565,2.614301142353597,4,"{""0"": 0.0010781106328862067, ""1"": 0.0008362911155958946, ""2"": 0.0006951108780995875, ""3"": 0.005803881699744355, ""4"": 0.0005772729375757098, ""5"": 0.005419272774795205}"
primary_gain,200,p0.10,nan,0.9351846116450417,7,0.1,19.900000000000002,19.62,8,30,3924,3924,1.4770066984621886,160,0.1382704895785182,0.0027654097915703643,1.645740983110416,16.903596442520666,2.0552839111162906,2.622695664096847,4,"{""0"": 0.0006300508318367393, ""1"": 0.0008233277899450913, ""2"": 0.0005756507478926836, ""3"": 0.008960180844581517, ""4"": 0.0007416346184302284, ""5"": 0.004861613916735924}"
primary_gain,200,p0.10,nan,0.9351846116450417,7,0.1,19.900000000000002,19.62,8,30,3924,3924,1.4770066984621886,170,0.12608447634037478,0.002521689526807496,0.22305795952855995,17.008903517038377,2.06001844527923,2.6370938483836164,4,"{""0"": 0.0006167077771414755, ""1"": 0.0008092230448745796, ""2"": 0.0005575275576942943, ""3"": 0.007584151526516076, ""4"": 0.0007510924030739826, ""5"": 0.004811434851544569}"
primary_gain,200,p0.10,nan,0.9351846116450417,7,0.1,19.900000000000002,19.62,8,30,3924,3924,1.4770066984621886,180,0.12521252307889144,0.0025042504615778293,0.17160806654493044,17.11952315068409,2.05875591777563,2.6133458665872533,4,"{""0"": 0.000614743716886126, ""1"": 0.0007586380802438676, ""2"": 0.0006657893230577101, ""3"": 0.007454609830409578, ""4"": 0.0006900736787995609, ""5"": 0.004841648140070134}"
primary_gain,200,p0.10,nan,0.9351846116450417,7,0.1,19.900000000000002,19.62,8,30,3924,3924,1.4770066984621886,190,0.11066996781275638,0.002213399356255128,1.4599367372589271,17.20715857874999,2.052614992313911,2.6466544179838563,4,"{""0"": 0.0005944497012238261, ""1"": 0.0007377289134241414, ""2"": 0.0007620674110711682, ""3"": 0.005730585062944852, ""4"": 0.000683897875174161, ""5"": 0.0047716671736926205}"
primary_gain,200,p0.10,nan,0.9351846116450417,7,0.1,19.900000000000002,19.62,8,30,3924,3924,1.4770066984621886,200,0.11078908226540482,0.002215781645308097,0.253527226163473,17.27851980942851,2.055709754934955,2.6454517008732803,4,"{""0"": 0.0005834000165800013, ""1"": 0.0007529492944152436, ""2"": 0.0007572971082038863, ""3"": 0.0057709801157049155, ""4"": 0.000683034057756719, ""5"": 0.004747029279187814}"
primary_gain,200,p0.20,nan,0.9125372656456526,7,0.2,39.800000000000004,39.33,23,55,7866,7866,1.4770066984621946,0,0.9657807339326067,0.019315614678652136,nan,0.0,1.4770066984621946,5.452778502806441,11,"{""0"": 0.018449650783237154, ""1"": 0.01737043927412233, ""2"": 0.022382071166005386, ""3"": 0.021949142628567495, ""4"": 0.01691060152170794, ""5"": 0.018831782698272508}"
primary_gain,200,p0.20,nan,0.9125372656456526,7,0.2,39.800000000000004,39.33,23,55,7866,7866,1.4770066984621946,10,0.7744504257188023,0.015489008514376047,0.0918467415441601,8.738635845535544,1.8892675394216083,2.3086185019893515,3,"{""0"": 0.0020484256697785525, ""1"": 0.06431072989500705, ""2"": 0.0056357715447419, ""3"": 0.000114640701661775, ""4"": 0.017452116573429894, ""5"": 0.003372366701637116}"
primary_gain,200,p0.20,nan,0.9125372656456526,7,0.2,39.800000000000004,39.33,23,55,7866,7866,1.4770066984621946,20,0.6777077814732326,0.013554155629464654,0.4786070286252966,10.317988829852744,1.7732351260604333,2.3193200711873683,3,"{""0"": 0.00023375582031642055, ""1"": 0.06578832445514993, ""2"": 0.0011396728736772818, ""3"": 0.00021196484086077102, ""4"": 0.005067153438748575, ""5"": 0.008884062348034925}"
primary_gain,200,p0.20,nan,0.9125372656456526,7,0.2,39.800000000000004,39.33,23,55,7866,7866,1.4770066984621946,30,0.16915797762698395,0.0033831595525396795,0.2733544912591051,12.079011327790568,1.772686629059267,2.4745742425277184,3,"{""0"": 0.0004217525941791281, ""1"": 0.004460201687250598, ""2"": 0.0055891913967219785, ""3"": 0.0004499486584268312, ""4"": 0.001354015170274081, ""5"": 0.008023847808385456}"
primary_gain,200,p0.20,nan,0.9125372656456526,7,0.2,39.800000000000004,39.33,23,55,7866,7866,1.4770066984621946,40,0.19340152173806321,0.0038680304347612645,0.9897252807390758,13.156032465854201,1.7448783926388414,2.5727573403641384,4,"{""0"": 0.007916610213035512, ""1"": 0.0012046875990168663, ""2"": 0.0043463291197534245, ""3"": 0.002402015984208736, ""4"": 0.0011490947811545911, ""5"": 0.006189444911398454}"
primary_gain,200,p0.20,nan,0.9125372656456526,7,0.2,39.800000000000004,39.33,23,55,7866,7866,1.4770066984621946,50,0.2684855881980751,0.005369711763961503,3.4017632172827055,14.132731029104063,1.751884644081098,2.6853196723631654,4,"{""0"": 0.0108274702144601, ""1"": 0.010679950659637748, ""2"": 0.007232467823052735, ""3"": 0.0009435809821631825, ""4"": 0.0011628910912906015, ""5"": 0.0013719098131646547}"
primary_gain,200,p0.20,nan,0.9125372656456526,7,0.2,39.800000000000004,39.33,23,55,7866,7866,1.4770066984621946,60,0.3915970090615364,0.007831940181230729,2.3378980621837053,14.9428264777936,1.9169672815945413,2.5876654942200843,4,"{""0"": 0.01392612365805886, ""1"": 0.016875374183939387, ""2"": 0.010013166998114553, ""3"": 0.004696301168205817, ""4"": 0.00044419320666847005, ""5"": 0.0010364818723972945}"
primary_gain,200,p0.20,nan,0.9125372656456526,7,0.2,39.800000000000004,39.33,23,55,7866,7866,1.4770066984621946,70,0.23311357433423244,0.004662271486684649,2.0496881871919514,15.755200669147582,1.9168612055769814,2.4336607085279294,3,"{""0"": 0.005816300279096278, ""1"": 0.0017090176888847415, ""2"": 0.014591861139594372, ""3"": 0.003095131214419025, ""4"": 0.0005413095495337018, ""5"": 0.0022200090485797763}"
primary_gain,200,p0.20,nan,0.9125372656456526,7,0.2,39.800000000000004,39.33,23,55,7866,7866,1.4770066984621946,80,0.21929917791934317,0.004385983558386864,1.7255517259412365,16.103009289982356,1.9534561427032746,2.442330335788108,3,"{""0"": 0.005252226497495064, ""1"": 0.0025198695279099745, ""2"": 0.0124489265119229, ""3"": 0.002193258730850316, ""4"": 0.0004679217205553874, ""5"": 0.0034336983615875422}"
primary_gain,200,p0.20,nan,0.9125372656456526,7,0.2,39.800000000000004,39.33,23,55,7866,7866,1.4770066984621946,90,0.24845935468379088,0.004969187093675818,0.7608929769290622,16.330158711582033,1.9668628370126726,2.5373345588549228,3,"{""0"": 0.0038490932135735673, ""1"": 0.009497560082769117, ""2"": 0.01140892643205416, ""3"": 0.0008035483484641835, ""4"": 0.0008649406484094256, ""5"": 0.0033910538367844614}"
primary_gain,200,p0.20,nan,0.9125372656456526,7,0.2,39.800000000000004,39.33,23,55,7866,7866,1.4770066984621946,100,0.20307807872570927,0.004061561574514185,0.8883242333478338,16.563991243797464,1.9669169029323461,2.5486029095871956,3,"{""0"": 0.0033743578945225226, ""1"": 0.007506351286194238, ""2"": 0.010644933476085292, ""3"": 0.0007788965986643393, ""4"": 0.0007772480768294534, ""5"": 0.0012875821147892725}"
primary_gain,200,p0.20,nan,0.9125372656456526,7,0.2,39.800000000000004,39.33,23,55,7866,7866,1.4770066984621946,110,0.16059968400644162,0.0032119936801288324,23.976640435541313,16.786022660421946,1.9462857136228393,2.514019823184731,3,"{""0"": 0.004482333641177435, ""1"": 0.004941154248204954, ""2"": 0.008062027560300647, ""3"": 0.0005812778060053953, ""4"": 0.0006313499714552171, ""5"": 0.0005738188536293457}"
primary_gain,200,p0.20,nan,0.9125372656456526,7,0.2,39.800000000000004,39.33,23,55,7866,7866,1.4770066984621946,120,0.15248797923879853,0.0030497595847759707,1.8193748117731015,16.84546684935865,1.9364483034150721,2.5268029686072455,3,"{""0"": 0.0037434984040186324, ""1"": 0.005172334761945124, ""2"": 0.0075380959041150995, ""3"": 0.0005979894218844102, ""4"": 0.0007237964506674595, ""5"": 0.0005228425660250982}"
primary_gain,200,p0.20,nan,0.9125372656456526,7,0.2,39.800000000000004,39.33,23,55,7866,7866,1.4770066984621946,130,0.15408444735277502,0.003081688947055501,0.6626338076634719,17.03129034731655,1.9220259430161826,2.5444097042933684,3,"{""0"": 0.004085181307570878, ""1"": 0.005376640963705451, ""2"": 0.007248158103356198, ""3"": 0.0005216240491286975, ""4"": 0.0007299746720243938, ""5"": 0.0005285545865473869}"
primary_gain,200,p0.20,nan,0.9125372656456526,7,0.2,39.800000000000004,39.33,23,55,7866,7866,1.4770066984621946,140,0.15854560037680354,0.0031709120075360713,1.3829539560000237,17.26850946537966,1.9002039966431807,2.5669623613479726,3,"{""0"": 0.0032288139744420553, ""1"": 0.006019591567541702, ""2"": 0.006476248763907932, ""3"": 0.0005348483110137492, ""4"": 0.0023323222007799573, ""5"": 0.0004336472275310274}"
primary_gain,200,p0.20,nan,0.9125372656456526,7,0.2,39.800000000000004,39.33,23,55,7866,7866,1.4770066984621946,150,0.1556307373163134,0.0031126147463262687,0.5200339705311378,17.488003115020202,1.911680536084242,2.561155362628017,3,"{""0"": 0.0035916651521954216, ""1"": 0.0054801997594987086, ""2"": 0.00671930682539888, ""3"": 0.0005016913373763514, ""4"": 0.0020126966419111757, ""5"": 0.0003701287615770734}"
primary_gain,200,p0.20,nan,0.9125372656456526,7,0.2,39.800000000000004,39.33,23,55,7866,7866,1.4770066984621946,160,0.15233833753406284,0.0030467667506812574,0.37863413652224914,17.57483211286498,1.9134524849276833,2.5584531717649837,3,"{""0"": 0.0032417418823318194, ""1"": 0.006603011486534578, ""2"": 0.005386427510115959, ""3"": 0.0004524730489161883, ""4"": 0.0022121223817336507, ""5"": 0.0003848241944553481}"
primary_gain,200,p0.20,nan,0.9125372656456526,7,0.2,39.800000000000004,39.33,23,55,7866,7866,1.4770066984621946,170,0.15278419067781795,0.0030556838135563594,0.2791032408068508,17.70605600378067,1.921956185026254,2.514580405536474,3,"{""0"": 0.0016856002825498227, ""1"": 0.008734726577829867, ""2"": 0.004789532711584535, ""3"": 0.00043708677939147903, ""4"": 0.0023829255164127586, ""5"": 0.0003042310135696975}"
primary_gain,200,p0.20,nan,0.9125372656456526,7,0.2,39.800000000000004,39.33,23,55,7866,7866,1.4770066984621946,180,0.12419857728444776,0.0024839715456889556,0.13912401466531588,17.792898674841886,1.9147946763816361,2.5282782951019094,3,"{""0"": 0.0021859441760058943, ""1"": 0.006547170136975498, ""2"": 0.004033271946370929, ""3"": 0.0004054904873971725, ""4"": 0.0013899004944194445, ""5"": 0.00034205203296479574}"
primary_gain,200,p0.20,nan,0.9125372656456526,7,0.2,39.800000000000004,39.33,23,55,7866,7866,1.4770066984621946,190,0.12402545428321601,0.002480509085664321,0.22411817455625957,17.89667808327506,1.9180501536463928,2.522946083586672,3,"{""0"": 0.001955957039518402, ""1"": 0.006916170125293428, ""2"": 0.0039031314046189696, ""3"": 0.0003742695196104461, ""4"": 0.0013652375418190432, ""5"": 0.0003682888831256396}"
primary_gain,200,p0.20,nan,0.9125372656456526,7,0.2,39.800000000000004,39.33,23,55,7866,7866,1.4770066984621946,200,0.1346184491919786,0.0026923689838395724,0.4407760478485238,17.98444869182584,1.9208208648231142,2.5136093934664854,3,"{""0"": 0.0015510569302703225, ""1"": 0.007741345945338337, ""2"": 0.0038336640650853287, ""3"": 0.00037756723456266723, ""4"": 0.002281627843715027, ""5"": 0.00036895188406575193}"
primary_gain,200,p0.40,nan,0.9237726818168654,7,0.4,79.60000000000001,79.595,58,97,15919,15919,1.47700669846219,0,1.0269338643335006,0.020538677286670012,nan,0.0,1.47700669846219,5.356801854184852,11,"{""0"": 0.019883349283021396, ""1"": 0.01933501919480321, ""2"": 0.02258258203394157, ""3"": 0.022531388697365592, ""4"": 0.020598369185429476, ""5"": 0.018301355325458853}"
primary_gain,200,p0.40,nan,0.9237726818168654,7,0.4,79.60000000000001,79.595,58,97,15919,15919,1.47700669846219,10,0.8593488132176884,0.01718697626435377,0.0945398801396998,8.825449457741739,2.1172888603650426,2.102877724143075,3,"{""0"": 0.008951517368987182, ""1"": 0.06196522509879361, ""2"": 0.00029882760087608857, ""3"": 0.008407941785870439, ""4"": 0.022867037894036126, ""5"": 0.0006313078375591623}"
primary_gain,200,p0.40,nan,0.9237726818168654,7,0.4,79.60000000000001,79.595,58,97,15919,15919,1.47700669846219,20,0.7012498608251707,0.014024997216503415,0.39422075677681473,10.45196818218814,2.072297884226326,2.1728036588653574,3,"{""0"": 0.0005471895353234555, ""1"": 0.057282756960396496, ""2"": 0.00036661864429686584, ""3"": 0.008829593361695401, ""4"": 0.010400447952708355, ""5"": 0.006723376844599905}"
primary_gain,200,p0.40,nan,0.9237726818168654,7,0.4,79.60000000000001,79.595,58,97,15919,15919,1.47700669846219,30,0.1376382799370616,0.0027527655987412323,0.6021281892295361,12.73419332205552,1.967154220630795,2.4875832959414197,3,"{""0"": 0.0003432636720436958, ""1"": 0.0003265654049546678, ""2"": 0.0004318434786148204, ""3"": 0.010152414469687237, ""4"": 0.0011754717641601603, ""5"": 0.0040870348029868105}"
primary_gain,200,p0.40,nan,0.9237726818168654,7,0.4,79.60000000000001,79.595,58,97,15919,15919,1.47700669846219,40,0.10898667490619816,0.0021797334981239636,0.2521076532069869,13.517007438957144,2.0227384460736255,2.469853212538619,3,"{""0"": 0.0002421435473599672, ""1"": 0.00028911518897218886, ""2"": 0.0005856083851753311, ""3"": 0.00726925128047839, ""4"": 0.0006855100227946755, ""5"": 0.004006772563963228}"
primary_gain,200,p0.40,nan,0.9237726818168654,7,0.4,79.60000000000001,79.595,58,97,15919,15919,1.47700669846219,50,0.08614781947976864,0.0017229563895953732,0.09670105949580968,14.406742050454014,2.012908555174597,2.3998684017262324,3,"{""0"": 0.00019305629488679683, ""1"": 0.0015018078813973349, ""2"": 0.0036353501187780016, ""3"": 0.0004647802737902661, ""4"": 0.0007636315414248871, ""5"": 0.0037791122272949505}"
primary_gain,200,p0.40,nan,0.9237726818168654,7,0.4,79.60000000000001,79.595,58,97,15919,15919,1.47700669846219,60,0.05905318078845335,0.0011810636157690672,1.3328746842281793,15.11221255197461,2.076215608472573,2.44629871201512,3,"{""0"": 0.0002290110257961501, ""1"": 0.005152523113574671, ""2"": 0.00031856803427068175, ""3"": 0.0002485922833686863, ""4"": 0.0007827681079071001, ""5"": 0.00035491912969711186}"
primary_gain,200,p0.40,nan,0.9237726818168654,7,0.4,79.60000000000001,79.595,58,97,15919,15919,1.47700669846219,70,0.019514748696484483,0.00039029497392968973,0.585128294130492,15.433542828116044,2.088417684765554,2.458364248539447,3,"{""0"": 0.00025252232696816183, ""1"": 0.0003121278032057678, ""2"": 0.00039259153518142757, ""3"": 0.0003939233510370124, ""4"": 0.0006855778850504996, ""5"": 0.00030502694213526907}"
primary_gain,200,p0.40,nan,0.9237726818168654,7,0.4,79.60000000000001,79.595,58,97,15919,15919,1.47700669846219,80,0.019586183762494623,0.0003917236752498925,0.1086236188457163,15.646842810600482,2.089173711481968,2.4565062440942014,3,"{""0"": 0.00025597332175068897, ""1"": 0.0003572343312476046, ""2"": 0.0003306307181911381, ""3"": 0.0004655082365908524, ""4"": 0.0006351876626646196, ""5"": 0.000305807781054451}"
primary_gain,200,p0.40,nan,0.9237726818168654,7,0.4,79.60000000000001,79.595,58,97,15919,15919,1.47700669846219,90,0.017615892010823052,0.0003523178402164611,0.08896939574285252,15.90762407419522,2.1184518435739212,2.4569195328396787,3,"{""0"": 0.0002813254671242381, ""1"": 0.0002926847923261608, ""2"": 0.00027417825109451435, ""3"": 0.00041858445607338105, ""4"": 0.000595858551212789, ""5"": 0.00025127552346768366}"
primary_gain,200,p0.40,nan,0.9237726818168654,7,0.4,79.60000000000001,79.595,58,97,15919,15919,1.47700669846219,100,0.04077753085513207,0.0008155506171026414,0.08909877281043004,16.366077238345294,2.1462077371170283,2.471271617487257,3,"{""0"": 0.00021401566533410724, ""1"": 0.00022968675222109544, ""2"": 0.000276715084788992, ""3"": 0.0035330263422125438, ""4"": 0.0003904390103969304, ""5"": 0.00024942084766217947}"
primary_gain,200,p0.40,nan,0.9237726818168654,7,0.4,79.60000000000001,79.595,58,97,15919,15919,1.47700669846219,110,0.031665628727564184,0.0006333125745512837,0.28379183074232306,16.743293991466416,2.139663823930684,2.4649594676360445,3,"{""0"": 0.00020431375364754248, ""1"": 0.00018833943308313637, ""2"": 0.0003367738874137518, ""3"": 0.002411562050226857, ""4"": 0.00042360942092752247, ""5"": 0.00023527690200889195}"
primary_gain,200,p0.40,nan,0.9237726818168654,7,0.4,79.60000000000001,79.595,58,97,15919,15919,1.47700669846219,120,0.02210807794423374,0.00044216155888467486,0.40430055001063653,16.99561804873311,2.1573936194602643,2.467768093060738,3,"{""0"": 0.000196694550932113, ""1"": 0.00018879715994059727, ""2"": 0.0003506377675865828, ""3"": 0.0012950891273343476, ""4"": 0.00039832530546447126, ""5"": 0.00022342544204993764}"
primary_gain,200,p0.40,nan,0.9237726818168654,7,0.4,79.60000000000001,79.595,58,97,15919,15919,1.47700669846219,130,0.05839566569538144,0.0011679133139076289,0.0446343879342982,17.268967170126935,2.1626732903933843,2.473064574184497,3,"{""0"": 0.0001652638995332295, ""1"": 0.00017257546943539372, ""2"": 0.0039680872204301745, ""3"": 0.0021050143869366994, ""4"": 0.0003681940720404456, ""5"": 0.00022834483506982937}"
primary_gain,200,p0.40,nan,0.9237726818168654,7,0.4,79.60000000000001,79.595,58,97,15919,15919,1.47700669846219,140,0.016505139380931774,0.0003301027876186355,0.24554114595712298,17.619266334138644,2.1552471535834212,2.4581145812176954,3,"{""0"": 0.00018048461708909406, ""1"": 0.00023871917174309067, ""2"": 0.0002579628568072273, ""3"": 0.0007669910191900425, ""4"": 0.0002930485572480377, ""5"": 0.00024341050363432083}"
primary_gain,200,p0.40,nan,0.9237726818168654,7,0.4,79.60000000000001,79.595,58,97,15919,15919,1.47700669846219,150,0.016371061238850758,0.0003274212247770152,0.047849313583125455,17.83319548589282,2.1624576364588126,2.4563646833343995,3,"{""0"": 0.00016416278530876114, ""1"": 0.0002406512012992123, ""2"": 0.00024900108983047465, ""3"": 0.0007794099775579172, ""4"": 0.0002885301111100702, ""5"": 0.00024277218355565574}"
primary_gain,200,p0.40,nan,0.9237726818168654,7,0.4,79.60000000000001,79.595,58,97,15919,15919,1.47700669846219,160,0.014370220134178081,0.0002874044026835617,0.11559871810297669,18.008182054487037,2.1704675557927873,2.4542052623498436,3,"{""0"": 0.0001347639751158215, ""1"": 0.00022778768519616952, ""2"": 0.00021757227156808868, ""3"": 0.0005879608612768448, ""4"": 0.00032491470418152796, ""5"": 0.00023142691876291773}"
primary_gain,200,p0.40,nan,0.9237726818168654,7,0.4,79.60000000000001,79.595,58,97,15919,15919,1.47700669846219,170,0.02056873863432289,0.00041137477268645784,0.083841420715564,18.23070984080762,2.2003303446147786,2.472243815518094,3,"{""0"": 0.0001831003600670661, ""1"": 0.00023720107520473944, ""2"": 0.000263389965418189, ""3"": 0.001269654821221706, ""4"": 0.00029338985902361485, ""5"": 0.00022151255518343204}"
primary_gain,200,p0.40,nan,0.9237726818168654,7,0.4,79.60000000000001,79.595,58,97,15919,15919,1.47700669846219,180,0.016479476424189718,0.0003295895284837944,2.3546188120245426,18.45936793198449,2.2124697713991024,2.4657639787630634,3,"{""0"": 0.0001846229019638653, ""1"": 0.00020924104601920918, ""2"": 0.00023608236711974038, ""3"": 0.000821336525328944, ""4"": 0.0002889921116480369, ""5"": 0.00023726221882297048}"
primary_gain,200,p0.40,nan,0.9237726818168654,7,0.4,79.60000000000001,79.595,58,97,15919,15919,1.47700669846219,190,0.032954423071342304,0.0006590884614268462,0.18937255826610058,18.727432375021305,2.2116682279179716,2.490958786241608,3,"{""0"": 0.0002484859038247925, ""1"": 0.0001870944145094746, ""2"": 0.00025815241621466423, ""3"": 0.0027405981141303357, ""4"": 0.0002904383530381655, ""5"": 0.00022976156684364435}"
primary_gain,200,p0.40,nan,0.9237726818168654,7,0.4,79.60000000000001,79.595,58,97,15919,15919,1.47700669846219,200,0.028313338299499273,0.0005662667659899856,0.46907751697270805,18.803355594605797,2.212879576323058,2.4832853341210024,3,"{""0"": 0.00018159459930001633, ""1"": 0.00017868946570427302, ""2"": 0.0002497845650749595, ""3"": 0.002252491020861514, ""4"": 0.00030891552838374815, ""5"": 0.00022612541661540245}"
