seed,h1_contrast,h2_contrast
0.0,-0.026099541574472807,0.030651777225948584
1.0,-0.1170385077112065,0.19699814408607508
2.0,-0.06383126100154635,0.10298225704855946
