arm,n_units,condition,frozen_fraction,gain_scale,seed,p_value,expected_in_degree,realized_degree_mean,realized_degree_min,realized_degree_max,synapse_count,plastic_weight_count,initial_spectral_radius,checkpoint_trial,heldout_nmse,heldout_raw_mse,online_feedback_loss,weight_change_fro,spectral_radius,d_pr,d90,per_target_mse_json
primary,200,p0.05,nan,1.0,0,0.05,9.950000000000001,9.87,3,19,1974,1974,1.495341793531799,0,1.0081604579000314,0.02016320915800063,nan,0.0,1.495341793531799,4.161438724175539,12,"{""0"": 0.01939779880024295, ""1"": 0.022245084165017248, ""2"": 0.020246737073061342, ""3"": 0.01993216135145297, ""4"": 0.02001185359295906, ""5"": 0.019145619965270207}"
primary,200,p0.05,nan,1.0,0,0.05,9.950000000000001,9.87,3,19,1974,1974,1.495341793531799,10,1.180356017374984,0.023607120347499684,11.050069910499218,13.928758970629447,2.247259938965362,3.7739602090698936,10,"{""0"": 0.022807611081391517, ""1"": 0.03459377392142185, ""2"": 0.03581020738473513, ""3"": 0.03195730401199266, ""4"": 0.010063220585534747, ""5"": 0.0064106050999222074}"
primary,200,p0.05,nan,1.0,0,0.05,9.950000000000001,9.87,3,19,1974,1974,1.495341793531799,20,0.7560539281628684,0.015121078563257371,3.9234081543252186,14.903176318564695,2.1722464939139723,4.003472172317492,11,"{""0"": 0.02164851254959317, ""1"": 0.01768900714823226, ""2"": 0.020784255477740453, ""3"": 0.017898745674068423, ""4"": 0.004231604352582267, ""5"": 0.00847434617732765}"
primary,200,p0.05,nan,1.0,0,0.05,9.950000000000001,9.87,3,19,1974,1974,1.495341793531799,30,0.7198663458109611,0.014397326916219224,9.862731631085717,15.274979955253864,2.1494713686036224,4.0352733122376065,11,"{""0"": 0.01883714174025015, ""1"": 0.02356591251108635, ""2"": 0.012630733253720276, ""3"": 0.020076013109942906, ""4"": 0.004798039086692492, ""5"": 0.00647612179562318}"
primary,200,p0.05,nan,1.0,0,0.05,9.950000000000001,9.87,3,19,1974,1974,1.495341793531799,40,0.6759291213575508,0.013518582427151019,38.67002717546034,15.765316798103003,2.114906158042944,4.2418061619255845,12,"{""0"": 0.02299107296170357, ""1"": 0.015385108802018007, ""2"": 0.020926078997237047, ""3"": 0.012985022633830293, ""4"": 0.005302592588993947, ""5"": 0.0035216185791232396}"
primary,200,p0.05,nan,1.0,0,0.05,9.950000000000001,9.87,3,19,1974,1974,1.495341793531799,50,0.6421715357415051,0.012843430714830104,6.066526118680222,16.19394470078475,2.1880798265092176,4.2573384615231795,12,"{""0"": 0.022523658040518254, ""1"": 0.013367237128687637, ""2"": 0.023432740561388214, ""3"": 0.008797825831880084, ""4"": 0.005269980613094265, ""5"": 0.0036691421134121814}"
primary,200,p0.05,nan,1.0,0,0.05,9.950000000000001,9.87,3,19,1974,1974,1.495341793531799,60,0.5189435324746011,0.010378870649492025,3.5663066437374247,16.62670539762944,2.1862046721254034,4.3676444877400575,12,"{""0"": 0.018463337581738, ""1"": 0.012851931588760671, ""2"": 0.013502806118506128, ""3"": 0.008061088917446628, ""4"": 0.003963165357203943, ""5"": 0.005430894333296775}"
primary,200,p0.05,nan,1.0,0,0.05,9.950000000000001,9.87,3,19,1974,1974,1.495341793531799,70,0.5288086209630474,0.010576172419260949,16.62456330251238,16.8433627207541,2.166190933818961,4.532070756767844,12,"{""0"": 0.01643374907695908, ""1"": 0.012970498321481014, ""2"": 0.01688777537281847, ""3"": 0.007906967387752071, ""4"": 0.004390862244467025, ""5"": 0.004867182112088019}"
primary,200,p0.05,nan,1.0,0,0.05,9.950000000000001,9.87,3,19,1974,1974,1.495341793531799,80,0.4826566039288082,0.009653132078576166,4.171401761527156,17.003261538485127,2.135871813065067,4.465138350593812,12,"{""0"": 0.018836272932439446, ""1"": 0.011962846434965108, ""2"": 0.011305100244331607, ""3"": 0.00792759578183842, ""4"": 0.003766391898834042, ""5"": 0.004120585179048378}"
primary,200,p0.05,nan,1.0,0,0.05,9.950000000000001,9.87,3,19,1974,1974,1.495341793531799,90,0.48770041674293824,0.009754008334858765,1.9458025197721773,17.161747884875314,2.1407722133961737,4.382526668591099,12,"{""0"": 0.0192920470868645, ""1"": 0.012924203174733192, ""2"": 0.01095633449845563, ""3"": 0.008025372249060737, ""4"": 0.003085135748870264, ""5"": 0.004240957251168271}"
primary,200,p0.05,nan,1.0,0,0.05,9.950000000000001,9.87,3,19,1974,1974,1.495341793531799,100,0.5176352333740952,0.010352704667481906,22.773438924968797,17.304091996581416,2.1426841741966336,4.270572472744021,12,"{""0"": 0.018215118342179475, ""1"": 0.013322154378978579, ""2"": 0.01598827926958655, ""3"": 0.006988754106152306, ""4"": 0.0032086008535522916, ""5"": 0.004393321054442232}"
primary,200,p0.05,nan,1.0,0,0.05,9.950000000000001,9.87,3,19,1974,1974,1.495341793531799,110,0.466370883871679,0.009327417677433582,3.4832691443487787,17.35850843247145,2.1386659250437408,4.193045771239537,12,"{""0"": 0.017118874536701533, ""1"": 0.012324734735820192, ""2"": 0.012669640535904211, ""3"": 0.006734453241784445, ""4"": 0.002846812441394712, ""5"": 0.004269990572996396}"
primary,200,p0.05,nan,1.0,0,0.05,9.950000000000001,9.87,3,19,1974,1974,1.495341793531799,120,0.4478773032126825,0.008957546064253651,3.216733348190722,17.34860475804547,2.1519474625687542,4.062848843654238,12,"{""0"": 0.016003311253643494, ""1"": 0.01145381562894963, ""2"": 0.01276988717109496, ""3"": 0.006261507061110494, ""4"": 0.0027845019669914756, ""5"": 0.004472253303731856}"
primary,200,p0.05,nan,1.0,0,0.05,9.950000000000001,9.87,3,19,1974,1974,1.495341793531799,130,0.45078547141096986,0.0090157094282194,2.4749281488910477,17.46907601313288,2.160285838768348,3.992947237963068,12,"{""0"": 0.016106602663607677, ""1"": 0.0119597762118966, ""2"": 0.01308120234488661, ""3"": 0.00584391632320713, ""4"": 0.0026937716570850415, ""5"": 0.00440898736863334}"
primary,200,p0.05,nan,1.0,0,0.05,9.950000000000001,9.87,3,19,1974,1974,1.495341793531799,140,0.46297844151866013,0.009259568830373203,1.6117824974970694,17.599135696957187,2.1648372029650926,4.0575366555605745,12,"{""0"": 0.017283229596967535, ""1"": 0.013210523249966136, ""2"": 0.01274272534782489, ""3"": 0.0055953471332226305, ""4"": 0.002690146732614861, ""5"": 0.004035440921643178}"
primary,200,p0.05,nan,1.0,0,0.05,9.950000000000001,9.87,3,19,1974,1974,1.495341793531799,150,0.43630555950129707,0.008726111190025943,3.735535510121231,17.615317744816853,2.1629979061144535,4.132027098032647,12,"{""0"": 0.01748783861504725, ""1"": 0.01101512685469877, ""2"": 0.011968556877746405, ""3"": 0.005627159939332259, ""4"": 0.0023596983077875024, ""5"": 0.0038982865455434628}"
primary,200,p0.05,nan,1.0,0,0.05,9.950000000000001,9.87,3,19,1974,1974,1.495341793531799,160,0.4553014962413228,0.009106029924826457,7.057958744546184,17.730447258582885,2.1539494251397016,4.3527244489728885,13,"{""0"": 0.019684749847384227, ""1"": 0.012171555088378761, ""2"": 0.011202839693421892, ""3"": 0.005615412395554341, ""4"": 0.0024417557363304995, ""5"": 0.0035198667878890214}"
primary,200,p0.05,nan,1.0,0,0.05,9.950000000000001,9.87,3,19,1974,1974,1.495341793531799,170,0.4601382325857817,0.009202764651715635,4.0918469806800495,17.79250530009773,2.1492128795453063,4.306955475620485,13,"{""0"": 0.0204427805139612, ""1"": 0.011747689665281424, ""2"": 0.011465952143378325, ""3"": 0.005669694129770781, ""4"": 0.0024235555360616634, ""5"": 0.0034669159218404175}"
primary,200,p0.05,nan,1.0,0,0.05,9.950000000000001,9.87,3,19,1974,1974,1.495341793531799,180,0.43367718136732203,0.008673543627346443,6.461981472895557,17.84273085216599,2.1503141759633966,4.320503076619579,13,"{""0"": 0.01859969059246245, ""1"": 0.011179448120665283, ""2"": 0.010917352850608384, ""3"": 0.005705541824006578, ""4"": 0.0023379059171299435, ""5"": 0.003301322459206009}"
primary,200,p0.05,nan,1.0,0,0.05,9.950000000000001,9.87,3,19,1974,1974,1.495341793531799,190,0.4412486505609646,0.008824973011219293,15.098140296237828,17.92675788192049,2.1420560037671947,4.299533424248731,13,"{""0"": 0.018584223319594376, ""1"": 0.011669149274008379, ""2"": 0.011425506611185805, ""3"": 0.0056425164272360774, ""4"": 0.0023421856703280106, ""5"": 0.0032862567649631176}"
primary,200,p0.05,nan,1.0,0,0.05,9.950000000000001,9.87,3,19,1974,1974,1.495341793531799,200,0.45477199643865907,0.009095439928773182,29.574200435065478,17.994926303220137,2.1315800189093834,4.2744331839764325,13,"{""0"": 0.01759116100499616, ""1"": 0.013950065592264495, ""2"": 0.011450854751421147, ""3"": 0.005890888131592531, ""4"": 0.0024148348550898074, ""5"": 0.0032748352372749547}"
primary,200,p0.10,nan,1.0,0,0.1,19.900000000000002,20.28,10,31,4056,4056,1.5261308668644236,0,1.0523654394979627,0.02104730878995926,nan,0.0,1.5261308668644236,5.037788459565855,14,"{""0"": 0.02007256460092364, ""1"": 0.022345534935921542, ""2"": 0.02208188591723994, ""3"": 0.02120786429648141, ""4"": 0.021529426763822964, ""5"": 0.019046576225366048}"
primary,200,p0.10,nan,1.0,0,0.1,19.900000000000002,20.28,10,31,4056,4056,1.5261308668644236,10,1.5357949732077012,0.030715899464154026,13.260745361875117,15.590538189198703,1.936438741135311,3.197704651652939,10,"{""0"": 0.03631997201580366, ""1"": 0.03675561175796936, ""2"": 0.04507345869478567, ""3"": 0.021740853243137945, ""4"": 0.022406131698576408, ""5"": 0.021999369374651117}"
primary,200,p0.10,nan,1.0,0,0.1,19.900000000000002,20.28,10,31,4056,4056,1.5261308668644236,20,0.8161260497059939,0.01632252099411988,16.87874800896387,17.76277923728174,2.104432764050321,2.717196863985927,13,"{""0"": 0.02347133677622739, ""1"": 0.019935848540226696, ""2"": 0.02491004870768037, ""3"": 0.011774059380886538, ""4"": 0.0027933889003866684, ""5"": 0.01505044365931162}"
primary,200,p0.10,nan,1.0,0,0.1,19.900000000000002,20.28,10,31,4056,4056,1.5261308668644236,30,0.7261315995966581,0.014522631991933163,18.122577951578684,18.321122157377413,2.0962607240140265,2.426305934771814,10,"{""0"": 0.023582750128161727, ""1"": 0.026390781491067505, ""2"": 0.005877846339117121, ""3"": 0.017065019527058665, ""4"": 0.0037914310961314, ""5"": 0.010427963370062568}"
primary,200,p0.10,nan,1.0,0,0.1,19.900000000000002,20.28,10,31,4056,4056,1.5261308668644236,40,0.6118093503574507,0.012236187007149017,12.123254983705644,18.602370555231882,2.040874847884006,3.2570164929585412,12,"{""0"": 0.018249262864638894, ""1"": 0.022219366155217444, ""2"": 0.005591428609543975, ""3"": 0.014724336587402149, ""4"": 0.005332947934416998, ""5"": 0.007299779891674629}"
primary,200,p0.10,nan,1.0,0,0.1,19.900000000000002,20.28,10,31,4056,4056,1.5261308668644236,50,0.49890293459005775,0.009978058691801156,6.743730585208522,18.874799161990712,2.036306804303206,3.931956494410149,14,"{""0"": 0.01376514583159573, ""1"": 0.020443646270820286, ""2"": 0.00569734217619576, ""3"": 0.0060856358493055545, ""4"": 0.005770872471383114, ""5"": 0.008105709551506489}"
primary,200,p0.10,nan,1.0,0,0.1,19.900000000000002,20.28,10,31,4056,4056,1.5261308668644236,60,0.4349415792809806,0.008698831585619612,6.832111335810261,19.146907698854932,1.9594712883728986,3.8081426089624912,13,"{""0"": 0.011220747511738256, ""1"": 0.018081258784657106, ""2"": 0.004744030681734077, ""3"": 0.004959056247869565, ""4"": 0.005580777075386, ""5"": 0.007607119212332665}"
primary,200,p0.10,nan,1.0,0,0.1,19.900000000000002,20.28,10,31,4056,4056,1.5261308668644236,70,0.43043481538749717,0.008608696307749944,21.213075079654388,19.17096348158638,1.9745785856115958,3.64883620464233,12,"{""0"": 0.00965966067407785, ""1"": 0.017721310104538996, ""2"": 0.00393107134833681, ""3"": 0.005935896848179818, ""4"": 0.005308523269957886, ""5"": 0.009095715601408308}"
primary,200,p0.10,nan,1.0,0,0.1,19.900000000000002,20.28,10,31,4056,4056,1.5261308668644236,80,0.44596275041712413,0.008919255008342484,1.6209394499094152,19.462328319585144,1.991176734323137,3.4024892420732473,12,"{""0"": 0.012724694925785878, ""1"": 0.011653623194495399, ""2"": 0.003496800157531807, ""3"": 0.009785462007687235, ""4"": 0.006232633936059424, ""5"": 0.009622315828495156}"
primary,200,p0.10,nan,1.0,0,0.1,19.900000000000002,20.28,10,31,4056,4056,1.5261308668644236,90,0.4228226598310759,0.00845645319662152,3.1261264501924795,19.549523631735912,1.9925515562332567,3.358401134130193,12,"{""0"": 0.011708915258899246, ""1"": 0.008658343287942436, ""2"": 0.002486549236945134, ""3"": 0.011041683324481895, ""4"": 0.0053126030693645245, ""5"": 0.011530625002095885}"
primary,200,p0.10,nan,1.0,0,0.1,19.900000000000002,20.28,10,31,4056,4056,1.5261308668644236,100,0.4425479778042292,0.008850959556084587,5.71778636047624,19.600196363957465,1.986241580215763,3.5084689418058255,13,"{""0"": 0.010638042188142363, ""1"": 0.013428126696942044, ""2"": 0.0037027828095956908, ""3"": 0.008195280420072955, ""4"": 0.0042986024947783376, ""5"": 0.01284292272697612}"
primary,200,p0.10,nan,1.0,0,0.1,19.900000000000002,20.28,10,31,4056,4056,1.5261308668644236,110,0.43437708038805767,0.008687541607761154,3.648233184744386,19.773713890557314,2.006029790857663,3.7089053779112033,13,"{""0"": 0.009878413378609466, ""1"": 0.012615329485266133, ""2"": 0.004143049024492436, ""3"": 0.007751491660973039, ""4"": 0.005371706575989145, ""5"": 0.012365259521236707}"
primary,200,p0.10,nan,1.0,0,0.1,19.900000000000002,20.28,10,31,4056,4056,1.5261308668644236,120,0.4303872480093745,0.00860774496018749,7.607635775002691,19.88421931806788,2.0165426163822295,3.5577669581812166,13,"{""0"": 0.010383059666642488, ""1"": 0.010464709826662815, ""2"": 0.00651309450865833, ""3"": 0.007158663555672027, ""4"": 0.003560661636579316, ""5"": 0.013566280566909972}"
primary,200,p0.10,nan,1.0,0,0.1,19.900000000000002,20.28,10,31,4056,4056,1.5261308668644236,130,0.4113123840376186,0.008226247680752374,4.259572699391329,19.933342191901286,2.0194183554057696,3.6621251135008466,13,"{""0"": 0.009631641643712132, ""1"": 0.009631472195248975, ""2"": 0.005611057547571316, ""3"": 0.005761615064019827, ""4"": 0.0036861759963573845, ""5"": 0.015035523637604603}"
primary,200,p0.10,nan,1.0,0,0.1,19.900000000000002,20.28,10,31,4056,4056,1.5261308668644236,140,0.4102252835350499,0.008204505670700999,9.792232235204729,20.018747605112466,2.0302051534394163,3.6823768203607172,13,"{""0"": 0.011025765839217636, ""1"": 0.010089150103950593, ""2"": 0.0066667910532671095, ""3"": 0.004199336502489032, ""4"": 0.004699948594793526, ""5"": 0.012546041930488106}"
primary,200,p0.10,nan,1.0,0,0.1,19.900000000000002,20.28,10,31,4056,4056,1.5261308668644236,150,0.4109950853660184,0.00821990170732037,3.9180552728893665,20.087007726373063,2.0444641627323334,3.6474229073061744,12,"{""0"": 0.00988208320453128, ""1"": 0.010270205865964546, ""2"": 0.006778574321521155, ""3"": 0.003998202653973378, ""4"": 0.003979170773158109, ""5"": 0.014411173424773752}"
primary,200,p0.10,nan,1.0,0,0.1,19.900000000000002,20.28,10,31,4056,4056,1.5261308668644236,160,0.38308624750409936,0.007661724950081988,42.29062705660474,20.156219514088292,2.029736843558279,3.7063825794102248,13,"{""0"": 0.010742055927436812, ""1"": 0.009844640899338087, ""2"": 0.006289184136071638, ""3"": 0.0038277713721710286, ""4"": 0.004063933904852419, ""5"": 0.011202763460621951}"
primary,200,p0.10,nan,1.0,0,0.1,19.900000000000002,20.28,10,31,4056,4056,1.5261308668644236,170,0.3746926835048757,0.007493853670097516,2.752295184321662,20.19277534940697,2.034587352983243,3.740513097482908,13,"{""0"": 0.009707677691521569, ""1"": 0.009934124883565102, ""2"": 0.005719848832374465, ""3"": 0.003887940129502814, ""4"": 0.004044896835614525, ""5"": 0.011668633648006625}"
primary,200,p0.10,nan,1.0,0,0.1,19.900000000000002,20.28,10,31,4056,4056,1.5261308668644236,180,0.36687913834737373,0.007337582766947476,0.976082082979528,20.244385525066434,2.0450845039160757,3.7384454048865163,12,"{""0"": 0.00906230145125353, ""1"": 0.009443003113926257, ""2"": 0.006795964635764526, ""3"": 0.00433568323680388, ""4"": 0.003973851981497553, ""5"": 0.010414692182439107}"
primary,200,p0.10,nan,1.0,0,0.1,19.900000000000002,20.28,10,31,4056,4056,1.5261308668644236,190,0.3528779477874474,0.007057558955748949,19.222102897482234,20.285646457244084,2.042030554107101,3.6482633894555327,12,"{""0"": 0.008552362175097519, ""1"": 0.008709855508950402, ""2"": 0.005900101471587241, ""3"": 0.004868709880211704, ""4"": 0.003874689214850049, ""5"": 0.010439635483796773}"
primary,200,p0.10,nan,1.0,0,0.1,19.900000000000002,20.28,10,31,4056,4056,1.5261308668644236,200,0.32646480906108694,0.00652929618122174,25.364785017600454,20.299002942857385,2.043509403258988,3.5704886962144013,12,"{""0"": 0.008623496167181603, ""1"": 0.008377263123170072, ""2"": 0.005095840508407544, ""3"": 0.004440809510967647, ""4"": 0.0032386236285265276, ""5"": 0.009399744149077049}"
primary,200,p0.20,nan,1.0,0,0.2,39.800000000000004,39.795,28,55,7959,7959,1.5902336701522826,0,1.0176576351735855,0.02035315270347171,nan,0.0,1.5902336701522826,8.048727102259546,14,"{""0"": 0.01969692597644666, ""1"": 0.021540779339664, ""2"": 0.02186483368514875, ""3"": 0.01872077793697389, ""4"": 0.021926254624579405, ""5"": 0.01836934465801757}"
primary,200,p0.20,nan,1.0,0,0.2,39.800000000000004,39.795,28,55,7959,7959,1.5902336701522826,10,0.38791329016898213,0.0077582658033796435,0.8990837547282807,10.399591267036099,1.8319513646651278,2.79517802830596,4,"{""0"": 0.017586216940753404, ""1"": 0.012266393633376827, ""2"": 0.014305846738172107, ""3"": 0.0009487789133191038, ""4"": 0.0007578605292321479, ""5"": 0.0006844980654242791}"
primary,200,p0.20,nan,1.0,0,0.2,39.800000000000004,39.795,28,55,7959,7959,1.5902336701522826,20,0.32221073106466624,0.006444214621293326,3.473604761756277,11.35199301639328,1.9335623641268054,2.4755052844350227,4,"{""0"": 0.005072177814395151, ""1"": 0.014346780927821382, ""2"": 0.014854570186594546, ""3"": 0.0003535075742975275, ""4"": 0.0007928339259708628, ""5"": 0.0032454172986804823}"
primary,200,p0.20,nan,1.0,0,0.2,39.800000000000004,39.795,28,55,7959,7959,1.5902336701522826,30,0.35955007431195674,0.007191001486239136,0.6475812545106235,12.999788696278621,1.9060091089242999,2.7615433206582427,4,"{""0"": 0.005386425229158355, ""1"": 0.03224629665717334, ""2"": 0.0012147379726525306, ""3"": 0.002711949463286227, ""4"": 0.001361080798202355, ""5"": 0.00022551879696199408}"
primary,200,p0.20,nan,1.0,0,0.2,39.800000000000004,39.795,28,55,7959,7959,1.5902336701522826,40,0.309936506348653,0.006198730126973061,0.3873339562344424,13.51861705265435,1.8851344737145608,2.8032891247634755,4,"{""0"": 0.003798682439648377, ""1"": 0.027646308877254888, ""2"": 0.0008969849027837774, ""3"": 0.003711179954734385, ""4"": 0.0009077233215785778, ""5"": 0.00023150126583835275}"
primary,200,p0.20,nan,1.0,0,0.2,39.800000000000004,39.795,28,55,7959,7959,1.5902336701522826,50,0.31885892306014335,0.006377178461202868,0.27460233261280304,13.888760258788555,1.8756057447990664,2.759000092499116,4,"{""0"": 0.003717550067799907, ""1"": 0.031381113658124106, ""2"": 0.0013721265300069238, ""3"": 0.0007045143100830418, ""4"": 0.000929130680874402, ""5"": 0.00015863552032882263}"
primary,200,p0.20,nan,1.0,0,0.2,39.800000000000004,39.795,28,55,7959,7959,1.5902336701522826,60,0.3319298251595473,0.0066385965031909465,1.3060194631850888,15.06672144162809,1.881408196025181,2.538498215028966,4,"{""0"": 0.001217714020346795, ""1"": 0.026762224066664182, ""2"": 0.002319387206251325, ""3"": 0.00043155361842666057, ""4"": 0.008105203736047391, ""5"": 0.0009954963714093373}"
primary,200,p0.20,nan,1.0,0,0.2,39.800000000000004,39.795,28,55,7959,7959,1.5902336701522826,70,0.34649310020769974,0.006929862004153996,0.42761721201559166,15.276831375640873,1.9141720096073174,2.4684258362399127,4,"{""0"": 0.0008534614895709596, ""1"": 0.028267679529307817, ""2"": 0.002038996696970466, ""3"": 0.0002869834421469023, ""4"": 0.009485512528020521, ""5"": 0.0006465383389073164}"
primary,200,p0.20,nan,1.0,0,0.2,39.800000000000004,39.795,28,55,7959,7959,1.5902336701522826,80,0.24600406609928277,0.004920081321985656,0.18734775737120704,15.610496828711305,1.927245714311345,2.6397014805786885,4,"{""0"": 0.0013472230651191898, ""1"": 0.021448076344809434, ""2"": 0.0012019282804310862, ""3"": 0.0004000221939548373, ""4"": 0.004897117439245375, ""5"": 0.00022612060835401266}"
primary,200,p0.20,nan,1.0,0,0.2,39.800000000000004,39.795,28,55,7959,7959,1.5902336701522826,90,0.25130218547828015,0.005026043709565604,0.6379226184601118,15.868976570964312,1.9553056952916545,2.6194259065250685,4,"{""0"": 0.0013042249741030043, ""1"": 0.020745126571615462, ""2"": 0.002248059100861597, ""3"": 0.0009132139867501496, ""4"": 0.0043924286055329, ""5"": 0.0005532090185305069}"
primary,200,p0.20,nan,1.0,0,0.2,39.800000000000004,39.795,28,55,7959,7959,1.5902336701522826,100,0.2526104214560348,0.005052208429120697,0.15010739561136022,15.881332444296527,1.9623790405026589,2.585545058454935,4,"{""0"": 0.0009473742349786088, ""1"": 0.020946367813889286, ""2"": 0.002300379289642177, ""3"": 0.0005127124414396371, ""4"": 0.004993292401032679, ""5"": 0.0006131243937417937}"
primary,200,p0.20,nan,1.0,0,0.2,39.800000000000004,39.795,28,55,7959,7959,1.5902336701522826,110,0.2302460515542369,0.004604921031084739,1.1299109137966572,16.135882999561016,1.9800608953857648,2.660850711149027,4,"{""0"": 0.0012575605624923652, ""1"": 0.020057403943333416, ""2"": 0.0018063171416287257, ""3"": 0.0006907410188035788, ""4"": 0.0033955181625422272, ""5"": 0.0004219853577081195}"
primary,200,p0.20,nan,1.0,0,0.2,39.800000000000004,39.795,28,55,7959,7959,1.5902336701522826,120,0.2351893148271312,0.004703786296542624,0.6874454901828195,16.29236431858915,1.969120052199333,2.6602678033220966,4,"{""0"": 0.0013284794577575593, ""1"": 0.019926603583691558, ""2"": 0.0016359212547527636, ""3"": 0.00045867735680262396, ""4"": 0.004602136905163577, ""5"": 0.0002708992210876725}"
primary,200,p0.20,nan,1.0,0,0.2,39.800000000000004,39.795,28,55,7959,7959,1.5902336701522826,130,0.2851999348327808,0.005703998696655617,1.5380663515212354,16.4009266404289,1.9684141377686915,2.5838918827476083,4,"{""0"": 0.0010775157086435685, ""1"": 0.026000856807957867, ""2"": 0.0016218596695070024, ""3"": 0.00031533009524452305, ""4"": 0.004803437004119839, ""5"": 0.00040499289446090016}"
primary,200,p0.20,nan,1.0,0,0.2,39.800000000000004,39.795,28,55,7959,7959,1.5902336701522826,140,0.2944047148806884,0.005888094297613769,0.6339349928831982,16.699819475160947,1.9626636503616262,2.678588545555794,5,"{""0"": 0.0018680451179048188, ""1"": 0.027578681910722595, ""2"": 0.0017496574618335215, ""3"": 0.0004834515384813491, ""4"": 0.0033737159878358394, ""5"": 0.0002750137689044883}"
primary,200,p0.20,nan,1.0,0,0.2,39.800000000000004,39.795,28,55,7959,7959,1.5902336701522826,150,0.2399302009553699,0.0047986040191073985,0.09942453729518205,16.778308952396035,1.9590270695511867,2.726061948692174,5,"{""0"": 0.002053142546828074, ""1"": 0.023050688478731502, ""2"": 0.0017017153451370872, ""3"": 0.0006922878687822383, ""4"": 0.0009609589051794568, ""5"": 0.0003328309699860362}"
primary,200,p0.20,nan,1.0,0,0.2,39.800000000000004,39.795,28,55,7959,7959,1.5902336701522826,160,0.2558696947964455,0.0051173938959289105,0.18599838062466,17.04595178254003,1.9462601501702015,2.8469110652215175,5,"{""0"": 0.002668271659436077, ""1"": 0.02427622601316487, ""2"": 0.0007791507574133754, ""3"": 0.0006903843225281131, ""4"": 0.0019923970844440675, ""5"": 0.00029793353858696486}"
primary,200,p0.20,nan,1.0,0,0.2,39.800000000000004,39.795,28,55,7959,7959,1.5902336701522826,170,0.31038364082049236,0.006207672816409849,1.2381018831399162,17.256039502904414,1.9484705540586027,2.7858352771545536,4,"{""0"": 0.0020075377778635806, ""1"": 0.03277593964872247, ""2"": 0.0006567519409618863, ""3"": 0.0006644635882141211, ""4"": 0.0007273105807419971, ""5"": 0.00041403336195503757}"
primary,200,p0.20,nan,1.0,0,0.2,39.800000000000004,39.795,28,55,7959,7959,1.5902336701522826,180,0.2985822045359872,0.005971644090719745,19.07542392403457,17.510491371509783,1.9714801849641395,2.827120456123533,4,"{""0"": 0.0024678799782361168, ""1"": 0.03113783428962998, ""2"": 0.000473330522971874, ""3"": 0.0005720066569493634, ""4"": 0.0008521447897265264, ""5"": 0.0003266683068046159}"
primary,200,p0.20,nan,1.0,0,0.2,39.800000000000004,39.795,28,55,7959,7959,1.5902336701522826,190,0.29310418784809805,0.0058620837569619616,0.4919041784650011,17.60621083808617,1.983532768560661,2.809979478068898,4,"{""0"": 0.002856252946745667, ""1"": 0.030233166466489287, ""2"": 0.0004462528520464934, ""3"": 0.00046194998440911614, ""4"": 0.0008446359707090717, ""5"": 0.0003302443213721388}"
primary,200,p0.20,nan,1.0,0,0.2,39.800000000000004,39.795,28,55,7959,7959,1.5902336701522826,200,0.29510354306086745,0.00590207086121735,0.8207688749562184,17.65113619844401,1.9905913245091453,2.795018553463524,4,"{""0"": 0.002779503674005195, ""1"": 0.030632957944389694, ""2"": 0.0004311829106042117, ""3"": 0.00042124717913735515, ""4"": 0.0008068943834602554, ""5"": 0.0003406390757073911}"
primary,200,p0.40,nan,1.0,0,0.4,79.60000000000001,78.5,62,99,15700,15700,1.5151767461185657,0,1.0450936388463186,0.020901872776926376,nan,0.0,1.5151767461185657,6.912337638893103,14,"{""0"": 0.021179222478623434, ""1"": 0.02360072100230136, ""2"": 0.02207776956274894, ""3"": 0.01921949830960586, ""4"": 0.021678779972830475, ""5"": 0.017655245335448173}"
primary,200,p0.40,nan,1.0,0,0.4,79.60000000000001,78.5,62,99,15700,15700,1.5151767461185657,10,0.8079565816493234,0.01615913163298647,5.12511532771233,11.371838749246647,1.9002407522317517,2.646182608890809,4,"{""0"": 0.01383190967761809, ""1"": 0.009261185202733434, ""2"": 0.040937149772861094, ""3"": 0.011799900934336964, ""4"": 0.00854256348620199, ""5"": 0.012582080724167246}"
primary,200,p0.40,nan,1.0,0,0.4,79.60000000000001,78.5,62,99,15700,15700,1.5151767461185657,20,0.2750495575142796,0.005500991150285593,1.5972979462257033,14.623295171058732,2.0397917677887594,2.538567030440891,3,"{""0"": 0.005970573232594789, ""1"": 0.01016759455003202, ""2"": 0.0008424219076071237, ""3"": 0.0005849165649334522, ""4"": 0.004493241411529353, ""5"": 0.01094719923501682}"
primary,200,p0.40,nan,1.0,0,0.4,79.60000000000001,78.5,62,99,15700,15700,1.5151767461185657,30,0.2862868170598647,0.005725736341197295,2.6006192032915783,16.243804083651487,2.1590156107105356,2.6050360913598944,3,"{""0"": 0.011021274531871529, ""1"": 0.009824659948057235, ""2"": 0.00045918159620476716, ""3"": 0.0063004837903422204, ""4"": 0.0034245597243349407, ""5"": 0.0033242584563730735}"
primary,200,p0.40,nan,1.0,0,0.4,79.60000000000001,78.5,62,99,15700,15700,1.5151767461185657,40,0.14372203319470947,0.00287444066389419,1.2104192134711307,17.140927213207878,2.1868089293775035,2.619259857795928,3,"{""0"": 0.011153668941741775, ""1"": 0.0012216398406191308, ""2"": 0.0004764823805626723, ""3"": 0.0030829765937965495, ""4"": 0.0010283400532183024, ""5"": 0.0002835361734267073}"
primary,200,p0.40,nan,1.0,0,0.4,79.60000000000001,78.5,62,99,15700,15700,1.5151767461185657,50,0.22380982026428808,0.004476196405285762,0.30126572200371987,18.334614457069677,2.2804381461358383,2.683422519298627,4,"{""0"": 0.011387048459723974, ""1"": 0.003912026788444622, ""2"": 0.0008219370101346581, ""3"": 0.003939929313888623, ""4"": 0.006445679015621318, ""5"": 0.0003505578439013743}"
primary,200,p0.40,nan,1.0,0,0.4,79.60000000000001,78.5,62,99,15700,15700,1.5151767461185657,60,0.21425902222095158,0.004285180444419032,2.585396779472995,19.258152456947748,2.334722146818204,2.726206309729438,4,"{""0"": 0.012459005792887024, ""1"": 0.0053638622097615125, ""2"": 0.0006943129958477194, ""3"": 0.0016213364330856198, ""4"": 0.0003797141138626652, ""5"": 0.005192851121069655}"
primary,200,p0.40,nan,1.0,0,0.4,79.60000000000001,78.5,62,99,15700,15700,1.5151767461185657,70,0.18651935717728546,0.00373038714354571,0.18080804893709,19.68763951364507,2.376739916428134,2.7070348928777537,4,"{""0"": 0.011995789493750502, ""1"": 0.0043837872993071165, ""2"": 0.0006728161174842093, ""3"": 0.0006809119798662502, ""4"": 0.0004350447919856471, ""5"": 0.004213973178880538}"
primary,200,p0.40,nan,1.0,0,0.4,79.60000000000001,78.5,62,99,15700,15700,1.5151767461185657,80,0.2479721760323102,0.004959443520646205,0.13848544874493535,20.11287275933439,2.3501132999027785,2.663480443901113,3,"{""0"": 0.01601212041043835, ""1"": 0.0008872120669172146, ""2"": 0.0024551700507626424, ""3"": 0.0006217900584699974, ""4"": 0.003987175987323266, ""5"": 0.0057931925499657535}"
primary,200,p0.40,nan,1.0,0,0.4,79.60000000000001,78.5,62,99,15700,15700,1.5151767461185657,90,0.20715949025126038,0.004143189805025208,0.3214238256671532,20.18505351342816,2.3281475230689295,2.68496078338133,3,"{""0"": 0.012012385135962955, ""1"": 0.0010546911104334627, ""2"": 0.003164548841703184, ""3"": 0.00064841341866777, ""4"": 0.0038300779463689765, ""5"": 0.004149022377014902}"
primary,200,p0.40,nan,1.0,0,0.4,79.60000000000001,78.5,62,99,15700,15700,1.5151767461185657,100,0.19936229678956555,0.003987245935791312,1.4255569626195068,20.470576980542834,2.3606982244262986,2.685176239642364,3,"{""0"": 0.011659867072951196, ""1"": 0.0008981044848099731, ""2"": 0.003230599870495037, ""3"": 0.0007104478205959886, ""4"": 0.0038607084225355205, ""5"": 0.0035637479433601516}"
primary,200,p0.40,nan,1.0,0,0.4,79.60000000000001,78.5,62,99,15700,15700,1.5151767461185657,110,0.19507605734801292,0.003901521146960259,12.117679516876786,20.571935961964392,2.356087652733471,2.6847707499868303,3,"{""0"": 0.011515499089277055, ""1"": 0.0011620100708583346, ""2"": 0.0021241194841141965, ""3"": 0.0008706308201961816, ""4"": 0.0037380250994193745, ""5"": 0.003998842317896413}"
primary,200,p0.40,nan,1.0,0,0.4,79.60000000000001,78.5,62,99,15700,15700,1.5151767461185657,120,0.19719029285299755,0.0039438058570599515,0.23762521904604045,20.628374051328286,2.3461883946570605,2.681058740901081,3,"{""0"": 0.011137003468248833, ""1"": 0.0009514971860733838, ""2"": 0.0023857892689639324, ""3"": 0.0015915354181372143, ""4"": 0.003652366215470333, ""5"": 0.0039446435854660076}"
primary,200,p0.40,nan,1.0,0,0.4,79.60000000000001,78.5,62,99,15700,15700,1.5151767461185657,130,0.15732955255973802,0.003146591051194761,0.2940330484486018,20.825374881519217,2.316504726636563,2.663271719555726,3,"{""0"": 0.011453977987160437, ""1"": 0.0013663502665559057, ""2"": 0.0011253206871434545, ""3"": 0.00038761852483461663, ""4"": 0.000493789192305984, ""5"": 0.004052489649168165}"
primary,200,p0.40,nan,1.0,0,0.4,79.60000000000001,78.5,62,99,15700,15700,1.5151767461185657,140,0.19458646792850742,0.003891729358570149,0.15631280627427419,21.09409494599565,2.2953486102798517,2.6981679033535886,3,"{""0"": 0.011002623893127277, ""1"": 0.0030794134559268545, ""2"": 0.0016874121869837112, ""3"": 0.0003252083334398043, ""4"": 0.0033397127937569845, ""5"": 0.003916005488186267}"
primary,200,p0.40,nan,1.0,0,0.4,79.60000000000001,78.5,62,99,15700,15700,1.5151767461185657,150,0.18739465951321335,0.0037478931902642674,0.21416400767549656,21.12287093132719,2.2984518354952828,2.696829848796461,3,"{""0"": 0.010152753058218762, ""1"": 0.00260979482101439, ""2"": 0.0021109296208973293, ""3"": 0.0003312898232716296, ""4"": 0.0033376087048536895, ""5"": 0.0039449831133298065}"
primary,200,p0.40,nan,1.0,0,0.4,79.60000000000001,78.5,62,99,15700,15700,1.5151767461185657,160,0.16737254286859032,0.003347450857371807,1.0181323597063674,21.265782514797625,2.274880398802163,2.701303586616363,3,"{""0"": 0.011082655765003297, ""1"": 0.00250102850797928, ""2"": 0.0028119586762197037, ""3"": 0.00031425378039488095, ""4"": 0.0003898299735910947, ""5"": 0.002984978441042585}"
primary,200,p0.40,nan,1.0,0,0.4,79.60000000000001,78.5,62,99,15700,15700,1.5151767461185657,170,0.15932628207637164,0.003186525641527433,0.32009530684701787,21.44248646124172,2.3045954458077045,2.695575517735331,3,"{""0"": 0.010471043103079634, ""1"": 0.0029730554261497757, ""2"": 0.002070592667917014, ""3"": 0.0003132453298864012, ""4"": 0.0004993528763505289, ""5"": 0.0027918644457812425}"
primary,200,p0.40,nan,1.0,0,0.4,79.60000000000001,78.5,62,99,15700,15700,1.5151767461185657,180,0.15348750265490022,0.0030697500530980047,0.29987194245335796,21.607490623103594,2.3327855322764193,2.7002297138227065,3,"{""0"": 0.01105004980929681, ""1"": 0.0035439114597045933, ""2"": 0.000969153569967869, ""3"": 0.0003722267507129624, ""4"": 0.001144669599575491, ""5"": 0.0013384891293303}"
primary,200,p0.40,nan,1.0,0,0.4,79.60000000000001,78.5,62,99,15700,15700,1.5151767461185657,190,0.08669997811920883,0.001733999562384177,0.32150093208358504,21.80567598700182,2.3418410231893847,2.688183064390922,4,"{""0"": 0.0030204200861089054, ""1"": 0.0045237768058793305, ""2"": 0.000850754153126514, ""3"": 0.0003095879769772094, ""4"": 0.000496999103769495, ""5"": 0.0012024592484436091}"
primary,200,p0.40,nan,1.0,0,0.4,79.60000000000001,78.5,62,99,15700,15700,1.5151767461185657,200,0.13089703080774187,0.002617940616154838,0.7362408158651628,21.831071103393114,2.3503137055850023,2.67865374623369,3,"{""0"": 0.00901707889468173, ""1"": 0.004292865684262036, ""2"": 0.0008794949710290991, ""3"": 0.0003256093587403369, ""4"": 0.0006741192888630135, ""5"": 0.0005184754993528129}"
primary,200,p0.05,nan,1.0,1,0.05,9.950000000000001,10.085,3,18,2017,2017,1.5728289312089911,0,1.0056922488731515,0.020113844977463033,nan,0.0,1.5728289312089911,9.017494177381023,15,"{""0"": 0.019589279637901674, ""1"": 0.021530409628966792, ""2"": 0.02097978551770173, ""3"": 0.02057059765250226, ""4"": 0.018966450511192598, ""5"": 0.019046546916513137}"
primary,200,p0.05,nan,1.0,1,0.05,9.950000000000001,10.085,3,18,2017,2017,1.5728289312089911,10,1.2173863369083187,0.024347726738166375,4.413293058939342,15.029192974912647,1.960534939760324,2.2603616937568396,10,"{""0"": 0.025444449860591644, ""1"": 0.0541453574082853, ""2"": 0.029171199653009572, ""3"": 0.024606222297550807, ""4"": 0.0032247174467637425, ""5"": 0.009494413762797183}"
primary,200,p0.05,nan,1.0,1,0.05,9.950000000000001,10.085,3,18,2017,2017,1.5728289312089911,20,0.7764697291270589,0.015529394582541179,23.841541225727266,15.260510335135539,1.91085701066471,2.3011423412289798,11,"{""0"": 0.02046670791467692, ""1"": 0.0041789115096565, ""2"": 0.03735614266275635, ""3"": 0.01764116335238093, ""4"": 0.002211103604039214, ""5"": 0.011322338451737158}"
primary,200,p0.05,nan,1.0,1,0.05,9.950000000000001,10.085,3,18,2017,2017,1.5728289312089911,30,0.6215222456655091,0.012430444913310183,13.746651657611224,15.630319038869063,1.9302833623537112,2.6075265536957435,11,"{""0"": 0.01270755124560034, ""1"": 0.004189596087831269, ""2"": 0.029540088693413874, ""3"": 0.011364571311723557, ""4"": 0.002424470091320247, ""5"": 0.014356392049971814}"
primary,200,p0.05,nan,1.0,1,0.05,9.950000000000001,10.085,3,18,2017,2017,1.5728289312089911,40,0.406972983638724,0.00813945967277448,4.470525113086777,16.171516571301705,2.0065619873464193,3.381473340232181,11,"{""0"": 0.002533875404433097, ""1"": 0.005317653742284135, ""2"": 0.012903568727698395, ""3"": 0.0038234853541252037, ""4"": 0.006430686373048285, ""5"": 0.01782748843505777}"
primary,200,p0.05,nan,1.0,1,0.05,9.950000000000001,10.085,3,18,2017,2017,1.5728289312089911,50,0.36453359204497365,0.007290671840899474,7.365432248663214,16.38290942970029,1.988243871997927,3.6263770432498945,11,"{""0"": 0.002696499441918887, ""1"": 0.005517851150699934, ""2"": 0.010513608332775063, ""3"": 0.004161281057616177, ""4"": 0.00515696843367063, ""5"": 0.015697822628716145}"
primary,200,p0.05,nan,1.0,1,0.05,9.950000000000001,10.085,3,18,2017,2017,1.5728289312089911,60,0.3536939466990168,0.007073878933980337,2.821444893009256,16.62455287654254,2.015153848954239,3.5187330636871383,10,"{""0"": 0.002510719946110754, ""1"": 0.005365796696154253, ""2"": 0.014631431583631633, ""3"": 0.004891636808097579, ""4"": 0.0033536333632621872, ""5"": 0.011690055206625617}"
primary,200,p0.05,nan,1.0,1,0.05,9.950000000000001,10.085,3,18,2017,2017,1.5728289312089911,70,0.36329432743445156,0.007265886548689033,15.953502516933055,16.817997280264958,2.041721358478937,3.4605884548613033,10,"{""0"": 0.0027654976578772106, ""1"": 0.004935884037848071, ""2"": 0.01617986084562736, ""3"": 0.006158529342521793, ""4"": 0.0030419211574909933, ""5"": 0.010513626250768762}"
primary,200,p0.05,nan,1.0,1,0.05,9.950000000000001,10.085,3,18,2017,2017,1.5728289312089911,80,0.36494376844754683,0.007298875368950938,22.860271877213407,17.1999652783011,2.014356373785967,3.50156798258716,10,"{""0"": 0.003266377230250752, ""1"": 0.004348218913466127, ""2"": 0.01475553026934021, ""3"": 0.007097378530045793, ""4"": 0.0031111046855286503, ""5"": 0.011214642585074102}"
primary,200,p0.05,nan,1.0,1,0.05,9.950000000000001,10.085,3,18,2017,2017,1.5728289312089911,90,0.3317869454058829,0.006635738908117659,2.4166973520554573,17.32674176170839,2.0112553493877927,3.544298109315508,10,"{""0"": 0.0032431267186629766, ""1"": 0.005029486226631251, ""2"": 0.0105927636614058, ""3"": 0.0069082110547705935, ""4"": 0.0032071919784891524, ""5"": 0.010833653808746187}"
primary,200,p0.05,nan,1.0,1,0.05,9.950000000000001,10.085,3,18,2017,2017,1.5728289312089911,100,0.34485419029672776,0.006897083805934556,12.358041023464056,17.444154807678338,2.0457139736990055,3.4993029195047263,10,"{""0"": 0.002877822012650087, ""1"": 0.004699600201851744, ""2"": 0.012162043397883834, ""3"": 0.007969450559549989, ""4"": 0.002748818077341936, ""5"": 0.010924768586329745}"
primary,200,p0.05,nan,1.0,1,0.05,9.950000000000001,10.085,3,18,2017,2017,1.5728289312089911,110,0.33798919684945533,0.006759783936989107,3.5481932743959352,17.55988448214949,2.05266818255995,3.46112231700423,10,"{""0"": 0.0029467494087953125, ""1"": 0.0042596824956441974, ""2"": 0.011871833489995449, ""3"": 0.0076956914188957394, ""4"": 0.0026897470903528933, ""5"": 0.01109499971825105}"
primary,200,p0.05,nan,1.0,1,0.05,9.950000000000001,10.085,3,18,2017,2017,1.5728289312089911,120,0.3312728639276372,0.0066254572785527455,9.514505827653553,17.605967824223928,2.062932176823836,3.4915138371105097,10,"{""0"": 0.003010701997099455, ""1"": 0.004467401518714846, ""2"": 0.011062377617167638, ""3"": 0.006921983730083377, ""4"": 0.0030470285076928333, ""5"": 0.011243250300558321}"
primary,200,p0.05,nan,1.0,1,0.05,9.950000000000001,10.085,3,18,2017,2017,1.5728289312089911,130,0.32064329758893045,0.006412865951778609,5.1948685406594945,17.766869937718745,2.0643471674392693,3.415342156086928,10,"{""0"": 0.0029734166642798043, ""1"": 0.004273788622954844, ""2"": 0.009558053339732486, ""3"": 0.006884865714345862, ""4"": 0.003263810588801478, ""5"": 0.011523260780557178}"
primary,200,p0.05,nan,1.0,1,0.05,9.950000000000001,10.085,3,18,2017,2017,1.5728289312089911,140,0.3198243265282542,0.006396486530565086,1.6031534784049,17.854629602239783,2.068732812260011,3.43796601237222,10,"{""0"": 0.002887176080600581, ""1"": 0.004598169033665403, ""2"": 0.009016786414190747, ""3"": 0.007512809342151344, ""4"": 0.003338871296840423, ""5"": 0.011025107015942014}"
primary,200,p0.05,nan,1.0,1,0.05,9.950000000000001,10.085,3,18,2017,2017,1.5728289312089911,150,0.31417565634902184,0.006283513126980438,2.1496494659463234,17.894979310523336,2.06775230432119,3.44839264990888,10,"{""0"": 0.003059434902868121, ""1"": 0.004671562473438101, ""2"": 0.0085995139497245, ""3"": 0.007230841659781826, ""4"": 0.003249635757718758, ""5"": 0.010890090018351317}"
primary,200,p0.05,nan,1.0,1,0.05,9.950000000000001,10.085,3,18,2017,2017,1.5728289312089911,160,0.30267963016089616,0.0060535926032179235,1.8088487981965335,17.982291162086764,2.069704912108143,3.4383365908480625,9,"{""0"": 0.003135023204134104, ""1"": 0.004498820865205563, ""2"": 0.007883529984590295, ""3"": 0.007008679138810614, ""4"": 0.0029046518450848886, ""5"": 0.010890850581482073}"
primary,200,p0.05,nan,1.0,1,0.05,9.950000000000001,10.085,3,18,2017,2017,1.5728289312089911,170,0.29756914747681273,0.005951382949536255,29.95935567406368,18.035811321999024,2.071954239991742,3.428228552416221,9,"{""0"": 0.003154684833650353, ""1"": 0.004192410584274761, ""2"": 0.007612049495100579, ""3"": 0.006716419250850925, ""4"": 0.002684447044841145, ""5"": 0.011348286488499764}"
primary,200,p0.05,nan,1.0,1,0.05,9.950000000000001,10.085,3,18,2017,2017,1.5728289312089911,180,0.2934482677199638,0.005868965354399277,5.579374722990844,18.119125289968547,2.0714986012391443,3.4229886944976182,9,"{""0"": 0.003128386840834938, ""1"": 0.004279443819247107, ""2"": 0.007259852005727828, ""3"": 0.006643855424922698, ""4"": 0.0027095572557407108, ""5"": 0.011192696779922379}"
primary,200,p0.05,nan,1.0,1,0.05,9.950000000000001,10.085,3,18,2017,2017,1.5728289312089911,190,0.29051504008320395,0.00581030080166408,1.3515863184519925,18.20759315544565,2.077678219116149,3.4148362357995623,9,"{""0"": 0.003165814686914862, ""1"": 0.004590188085626242, ""2"": 0.0067635941171353565, ""3"": 0.007292419979843269, ""4"": 0.002566912522347622, ""5"": 0.01048287541811713}"
primary,200,p0.05,nan,1.0,1,0.05,9.950000000000001,10.085,3,18,2017,2017,1.5728289312089911,200,0.2922935401598116,0.005845870803196234,2.7775769693728587,18.25330973623692,2.087053036611324,3.4031941154277714,9,"{""0"": 0.0032547927408555, ""1"": 0.004693017239124575, ""2"": 0.006821464004744209, ""3"": 0.0074239169975086035, ""4"": 0.002451239481712717, ""5"": 0.010430794355231796}"
primary,200,p0.10,nan,1.0,1,0.1,19.900000000000002,19.93,9,32,3986,3986,1.603557616202743,0,1.0524690486935206,0.021049380973870414,nan,0.0,1.603557616202743,7.291282270547948,13,"{""0"": 0.024188435967635796, ""1"": 0.023118991178607537, ""2"": 0.01917383689437413, ""3"": 0.02004825302635919, ""4"": 0.016982797970570084, ""5"": 0.022783970805675773}"
primary,200,p0.10,nan,1.0,1,0.1,19.900000000000002,19.93,9,32,3986,3986,1.603557616202743,10,1.1739063902393159,0.023478127804786322,1.026023005681822,14.311105580616555,2.069874167758502,2.787579474471959,7,"{""0"": 0.029192494576999278, ""1"": 0.053613532650210904, ""2"": 0.008775149861823393, ""3"": 0.030830499515365685, ""4"": 0.0008030990236417148, ""5"": 0.017653991200676965}"
primary,200,p0.10,nan,1.0,1,0.1,19.900000000000002,19.93,9,32,3986,3986,1.603557616202743,20,0.5317691205930716,0.010635382411861433,13.539081447408314,16.45564278291879,2.0401478222656486,2.448396532647077,8,"{""0"": 0.02625930664773901, ""1"": 0.0031052490357828446, ""2"": 0.00800755747520568, ""3"": 0.011142715713413413, ""4"": 0.0009007908149849051, ""5"": 0.014396674784042735}"
primary,200,p0.10,nan,1.0,1,0.1,19.900000000000002,19.93,9,32,3986,3986,1.603557616202743,30,0.43436630763850487,0.008687326152770099,8.045955856188117,17.974204662695133,2.020805806781126,3.3297673481388013,11,"{""0"": 0.022647103933225544, ""1"": 0.002267041232341029, ""2"": 0.004776942364865816, ""3"": 0.011956812401782951, ""4"": 0.0007318708533579299, ""5"": 0.00974418613104732}"
primary,200,p0.10,nan,1.0,1,0.1,19.900000000000002,19.93,9,32,3986,3986,1.603557616202743,40,0.31507585868212984,0.006301517173642597,25.099137496431343,18.675984905342606,2.031331713994699,3.401694537089858,11,"{""0"": 0.015115771265320951, ""1"": 0.0037307568952869422, ""2"": 0.0031749673349426243, ""3"": 0.0032845806438582792, ""4"": 0.0008698187940877107, ""5"": 0.011633208108359066}"
primary,200,p0.10,nan,1.0,1,0.1,19.900000000000002,19.93,9,32,3986,3986,1.603557616202743,50,0.3081553684818824,0.006163107369637649,9.11404205000026,18.864477845035864,2.0559979902881707,3.5416665746066065,11,"{""0"": 0.010717872752626293, ""1"": 0.005290452602227335, ""2"": 0.0022865234284838707, ""3"": 0.007991833810606929, ""4"": 0.001782619925940219, ""5"": 0.008909341697941253}"
primary,200,p0.10,nan,1.0,1,0.1,19.900000000000002,19.93,9,32,3986,3986,1.603557616202743,60,0.20269961614946796,0.00405399232298936,2.4415965411926637,19.119461074016748,2.0152291696169655,3.274293570140084,9,"{""0"": 0.009673615792937306, ""1"": 0.004102236855209667, ""2"": 0.0017219188305748387, ""3"": 0.0014139931410296757, ""4"": 0.0012069873830307595, ""5"": 0.006205201935153913}"
primary,200,p0.10,nan,1.0,1,0.1,19.900000000000002,19.93,9,32,3986,3986,1.603557616202743,70,0.17329044654079936,0.0034658089308159876,4.446937132514639,19.23506160600868,2.0236062820640113,3.0921235384872077,8,"{""0"": 0.0061298033824392405, ""1"": 0.0035190190522040123, ""2"": 0.00384694570728496, ""3"": 0.0009111451955931285, ""4"": 0.0006802433580676032, ""5"": 0.005707696889306979}"
primary,200,p0.10,nan,1.0,1,0.1,19.900000000000002,19.93,9,32,3986,3986,1.603557616202743,80,0.1441362643329379,0.002882725286658759,27.947552532825895,19.293485440470395,2.0304323787264793,3.1590100038229414,8,"{""0"": 0.0067282515689227424, ""1"": 0.001617850287843296, ""2"": 0.004010591063859645, ""3"": 0.0008517317359199138, ""4"": 0.0005912490473698418, ""5"": 0.003496678016037113}"
primary,200,p0.10,nan,1.0,1,0.1,19.900000000000002,19.93,9,32,3986,3986,1.603557616202743,90,0.2026777992713864,0.0040535559854277285,7.668286751502967,19.314252350317286,2.0225877911419645,3.2556925205039198,8,"{""0"": 0.00752652579317474, ""1"": 0.003575296979144521, ""2"": 0.0078006016290849784, ""3"": 0.0009483232897163355, ""4"": 0.0007319713545633116, ""5"": 0.003738616866882485}"
primary,200,p0.10,nan,1.0,1,0.1,19.900000000000002,19.93,9,32,3986,3986,1.603557616202743,100,0.19067810156804263,0.003813562031360853,0.9192540249808613,19.401293465637007,2.0157922588248662,3.2223631518841303,8,"{""0"": 0.007179121319473099, ""1"": 0.0036270071471781406, ""2"": 0.006754097439114856, ""3"": 0.0009593962373403975, ""4"": 0.0005840395276018218, ""5"": 0.003777710517456804}"
primary,200,p0.10,nan,1.0,1,0.1,19.900000000000002,19.93,9,32,3986,3986,1.603557616202743,110,0.1751120389630048,0.0035022407792600963,13.187029734418665,19.513132733354208,2.030390782595077,3.103864867634741,8,"{""0"": 0.009738518635351145, ""1"": 0.001974752913978764, ""2"": 0.0016597991848840833, ""3"": 0.0008831597207136062, ""4"": 0.0011403223802843574, ""5"": 0.005616891840348625}"
primary,200,p0.10,nan,1.0,1,0.1,19.900000000000002,19.93,9,32,3986,3986,1.603557616202743,120,0.15780737132210854,0.0031561474264421713,2.1203277278986783,19.52165006660731,2.0250350111877293,3.118446980547746,8,"{""0"": 0.0069108270035968785, ""1"": 0.002571652189397379, ""2"": 0.0018930973250171328, ""3"": 0.0008322417874703274, ""4"": 0.0013758511442353068, ""5"": 0.005353215108936001}"
primary,200,p0.10,nan,1.0,1,0.1,19.900000000000002,19.93,9,32,3986,3986,1.603557616202743,130,0.18011663427289348,0.0036023326854578703,1.1650915579673513,19.63538004278005,2.0490330201336926,3.0890330910235044,8,"{""0"": 0.010162346057833208, ""1"": 0.002309809048797174, ""2"": 0.0017380653565844926, ""3"": 0.0008109560941622117, ""4"": 0.0011136083891977405, ""5"": 0.0054792111661723965}"
primary,200,p0.10,nan,1.0,1,0.1,19.900000000000002,19.93,9,32,3986,3986,1.603557616202743,140,0.16088266366072312,0.003217653273214463,0.9254128046898624,19.62040066105523,2.0486642824960466,3.1112023641719824,8,"{""0"": 0.007923842235663735, ""1"": 0.002676990404148479, ""2"": 0.0019365347034401563, ""3"": 0.0007530284618154036, ""4"": 0.0014205636812113127, ""5"": 0.00459496015300769}"
primary,200,p0.10,nan,1.0,1,0.1,19.900000000000002,19.93,9,32,3986,3986,1.603557616202743,150,0.15379866932774208,0.003075973386554842,0.4325248064252788,19.662884417027563,2.0479809027252456,3.109960798909268,8,"{""0"": 0.007727494390102549, ""1"": 0.0023067802138855846, ""2"": 0.0019427350675429815, ""3"": 0.0007247590571347285, ""4"": 0.0014088782430278063, ""5"": 0.0043451933476354055}"
primary,200,p0.10,nan,1.0,1,0.1,19.900000000000002,19.93,9,32,3986,3986,1.603557616202743,160,0.1636302101107652,0.0032726042022153045,0.6787016044225231,19.670128477547816,2.03487978597371,3.085541629952008,7,"{""0"": 0.008251241378260738, ""1"": 0.0034496820822132526, ""2"": 0.0012021097967881017, ""3"": 0.0008042077777405922, ""4"": 0.0009558582707272238, ""5"": 0.004972525907561917}"
primary,200,p0.10,nan,1.0,1,0.1,19.900000000000002,19.93,9,32,3986,3986,1.603557616202743,170,0.17001118517188965,0.0034002237034377932,13.970717349089846,19.734223218965745,2.037655858879694,3.0500444982418307,7,"{""0"": 0.008819470754618629, ""1"": 0.0033875796266039414, ""2"": 0.0010331294401586474, ""3"": 0.0008361475044429042, ""4"": 0.0011565921986259444, ""5"": 0.005168422696176695}"
primary,200,p0.10,nan,1.0,1,0.1,19.900000000000002,19.93,9,32,3986,3986,1.603557616202743,180,0.16193000702249155,0.0032386001404498314,19.05538270080976,19.79304901268198,2.036719689907195,3.070157178615899,7,"{""0"": 0.007383211864312259, ""1"": 0.003334824173501327, ""2"": 0.0011350163809807495, ""3"": 0.000776866707696826, ""4"": 0.0016831822136339214, ""5"": 0.005118499502573906}"
primary,200,p0.10,nan,1.0,1,0.1,19.900000000000002,19.93,9,32,3986,3986,1.603557616202743,190,0.14936914761686715,0.0029873829523373433,0.6748665582211345,19.880393576365762,2.0225550513712354,3.11517644994509,8,"{""0"": 0.005859958132716397, ""1"": 0.003112101258137853, ""2"": 0.0015546087794630476, ""3"": 0.0007445189318253458, ""4"": 0.0019963278275331574, ""5"": 0.004656782784348257}"
primary,200,p0.10,nan,1.0,1,0.1,19.900000000000002,19.93,9,32,3986,3986,1.603557616202743,200,0.1333443805690625,0.0026668876113812505,2.71993877042873,19.859251150716954,2.00682164559434,3.0887116728863244,7,"{""0"": 0.005004053077185102, ""1"": 0.0033066066050044278, ""2"": 0.0014670489971551604, ""3"": 0.0006895738769216879, ""4"": 0.0017344541086190004, ""5"": 0.0037995890034021257}"
primary,200,p0.20,nan,1.0,1,0.2,39.800000000000004,39.615,25,56,7923,7923,1.5317698468983543,0,0.9831727627453121,0.019663455254906245,nan,0.0,1.5317698468983543,4.863353534487965,13,"{""0"": 0.02258790882530328, ""1"": 0.020672563193969425, ""2"": 0.017728101923834606, ""3"": 0.020015908262824917, ""4"": 0.01852352644258307, ""5"": 0.018452722880922184}"
primary,200,p0.20,nan,1.0,1,0.2,39.800000000000004,39.615,25,56,7923,7923,1.5317698468983543,10,0.6633925359772297,0.013267850719544595,0.14316808162234984,9.535383947192104,2.116280903540199,2.4266602486562636,4,"{""0"": 0.004615721656085293, ""1"": 0.03593902449307947, ""2"": 0.013592496435029192, ""3"": 0.014517843485844886, ""4"": 0.00039051769414463484, ""5"": 0.010551500553084117}"
primary,200,p0.20,nan,1.0,1,0.2,39.800000000000004,39.615,25,56,7923,7923,1.5317698468983543,20,0.20249610725398445,0.00404992214507969,5.339383306616408,11.52168980416149,2.077624370771713,2.4929440867791794,4,"{""0"": 0.011672874737584564, ""1"": 0.002092757443172746, ""2"": 0.001592241830946959, ""3"": 0.004167588835321906, ""4"": 0.00016988826143986505, ""5"": 0.004604181762012096}"
primary,200,p0.20,nan,1.0,1,0.2,39.800000000000004,39.615,25,56,7923,7923,1.5317698468983543,30,0.19377456259960696,0.0038754912519921394,1.7472480346305608,12.474004388130163,2.091442831258412,2.5397179802825,3,"{""0"": 0.010553167955621412, ""1"": 0.0040386808100249605, ""2"": 0.0008049661553212386, ""3"": 0.0007579022260875768, ""4"": 0.0011938439928935128, ""5"": 0.005904386372004134}"
primary,200,p0.20,nan,1.0,1,0.2,39.800000000000004,39.615,25,56,7923,7923,1.5317698468983543,40,0.1882897839226424,0.0037657956784528483,2.257955095562059,13.034686388112501,2.08406628652204,2.5733292548487645,3,"{""0"": 0.011100047653483375, ""1"": 0.002354756379474354, ""2"": 0.0005311813535876562, ""3"": 0.0005533187875792628, ""4"": 0.0010829867741451776, ""5"": 0.006972483122447262}"
primary,200,p0.20,nan,1.0,1,0.2,39.800000000000004,39.615,25,56,7923,7923,1.5317698468983543,50,0.1970562858875035,0.0039411257177500705,11.769529761996555,13.584474035592933,2.0514948184400312,2.5930828368717056,3,"{""0"": 0.012513697770269713, ""1"": 0.0020517790401900888, ""2"": 0.0006372078329597133, ""3"": 0.003420569522000456, ""4"": 0.00019238350825040023, ""5"": 0.004831116632830048}"
primary,200,p0.20,nan,1.0,1,0.2,39.800000000000004,39.615,25,56,7923,7923,1.5317698468983543,60,0.1846999536735949,0.003693999073471898,0.31076432376592616,14.09833150860114,2.071582730973544,2.5899987601762047,3,"{""0"": 0.010420684911840757, ""1"": 0.0020561419569483388, ""2"": 0.0015798519569285823, ""3"": 0.0014212048355648876, ""4"": 0.00022243544022208312, ""5"": 0.006463675339326744}"
primary,200,p0.20,nan,1.0,1,0.2,39.800000000000004,39.615,25,56,7923,7923,1.5317698468983543,70,0.19330229379837258,0.003866045875967452,14.397924523257315,14.28779643911623,2.0598411591829593,2.6773022355283502,3,"{""0"": 0.010931531811361214, ""1"": 0.0032000236801734785, ""2"": 0.0013969979102413932, ""3"": 0.0022013715769511346, ""4"": 0.00025297425312767496, ""5"": 0.0052133760239498235}"
primary,200,p0.20,nan,1.0,1,0.2,39.800000000000004,39.615,25,56,7923,7923,1.5317698468983543,80,0.19919411606274143,0.003983882321254829,0.7051068160151714,14.601524213297472,2.0368838137200744,2.6857722463037135,4,"{""0"": 0.010184599701118527, ""1"": 0.003382731368442094, ""2"": 0.0013521257681303638, ""3"": 0.0020963210628247215, ""4"": 0.0004906441229140449, ""5"": 0.006396871904099222}"
primary,200,p0.20,nan,1.0,1,0.2,39.800000000000004,39.615,25,56,7923,7923,1.5317698468983543,90,0.15829886191338866,0.0031659772382677735,0.14387990974868792,14.710355995595002,2.0894730351789685,2.676577213575851,4,"{""0"": 0.010296759154758545, ""1"": 0.0005563605004637782, ""2"": 0.000643464485362906, ""3"": 0.003480291613284127, ""4"": 0.0002548185860015442, ""5"": 0.0037641690897357353}"
primary,200,p0.20,nan,1.0,1,0.2,39.800000000000004,39.615,25,56,7923,7923,1.5317698468983543,100,0.14675531304899433,0.002935106260979887,0.1885627400204143,14.805252028559403,2.090517453651314,2.6437184913223892,3,"{""0"": 0.00975699934365757, ""1"": 0.0005644422386303741, ""2"": 0.0006574371226141619, ""3"": 0.0023189706987437582, ""4"": 0.00023951929744113297, ""5"": 0.004073268864792328}"
primary,200,p0.20,nan,1.0,1,0.2,39.800000000000004,39.615,25,56,7923,7923,1.5317698468983543,110,0.16104871480025068,0.003220974296005014,0.31334452777938343,14.943208601293948,2.0963409172442495,2.626420318391106,3,"{""0"": 0.009841796549935607, ""1"": 0.002597626800166058, ""2"": 0.0004873001125124475, ""3"": 0.0012306295537020061, ""4"": 0.0002604340103679979, ""5"": 0.004908058749345965}"
primary,200,p0.20,nan,1.0,1,0.2,39.800000000000004,39.615,25,56,7923,7923,1.5317698468983543,120,0.15225568425974328,0.003045113685194866,0.034619133314595055,15.064029397432842,2.0990177445267135,2.6639239996778508,3,"{""0"": 0.010233030183541497, ""1"": 0.002087858985858937, ""2"": 0.0004982880547583724, ""3"": 0.001416367193523967, ""4"": 0.00025234295394350916, ""5"": 0.003782794739542912}"
primary,200,p0.20,nan,1.0,1,0.2,39.800000000000004,39.615,25,56,7923,7923,1.5317698468983543,130,0.14884183506625365,0.0029768367013250736,0.6685986905744713,15.312509336213257,2.0666014348025725,2.6155960679085,3,"{""0"": 0.009227628795900068, ""1"": 0.0014868684843695628, ""2"": 0.0007552470695500039, ""3"": 0.0010334095275673111, ""4"": 0.00027043435779077786, ""5"": 0.005087431972772715}"
primary,200,p0.20,nan,1.0,1,0.2,39.800000000000004,39.615,25,56,7923,7923,1.5317698468983543,140,0.13605461625357368,0.002721092325071474,0.1218285626387411,15.454114477631167,1.9951211331852874,2.624872260742339,3,"{""0"": 0.010184342045906129, ""1"": 0.000823789369499375, ""2"": 0.0007888472518290581, ""3"": 0.0006253351519143023, ""4"": 0.0005016882166796756, ""5"": 0.003402551914600302}"
primary,200,p0.20,nan,1.0,1,0.2,39.800000000000004,39.615,25,56,7923,7923,1.5317698468983543,150,0.14115499311940163,0.002823099862388033,0.6723174864013266,15.587659696235436,1.9726413122712894,2.6195752214406745,3,"{""0"": 0.009264209568613294, ""1"": 0.00122328601691739, ""2"": 0.000733942234355617, ""3"": 0.0005743558167540738, ""4"": 0.0007679131680398337, ""5"": 0.004374892369647989}"
primary,200,p0.20,nan,1.0,1,0.2,39.800000000000004,39.615,25,56,7923,7923,1.5317698468983543,160,0.1412355356613359,0.0028247107132267184,0.1428530908151804,15.66796540265667,1.978879776169788,2.632816240774054,3,"{""0"": 0.009312029461624155, ""1"": 0.0014404169762687706, ""2"": 0.0006868660177912674, ""3"": 0.0005780627493678477, ""4"": 0.0010609341688503778, ""5"": 0.0038699549054578954}"
primary,200,p0.20,nan,1.0,1,0.2,39.800000000000004,39.615,25,56,7923,7923,1.5317698468983543,170,0.1287079513991597,0.0025741590279831942,0.21078858077377577,15.749903791814875,1.9815340777680195,2.6187530990632255,3,"{""0"": 0.009325486485789323, ""1"": 0.0006530158439796342, ""2"": 0.0007791535680149723, ""3"": 0.0005255569527820602, ""4"": 0.0007277625747769938, ""5"": 0.0034339787425561818}"
primary,200,p0.20,nan,1.0,1,0.2,39.800000000000004,39.615,25,56,7923,7923,1.5317698468983543,180,0.12273404396841875,0.0024546808793683753,0.3264866692584752,15.838661957380397,1.9846505096664524,2.646913590366302,3,"{""0"": 0.009198433421947221, ""1"": 0.000759026526710035, ""2"": 0.00073656347480051, ""3"": 0.0005784864471217097, ""4"": 0.0008016696918610658, ""5"": 0.0026539057137697076}"
primary,200,p0.20,nan,1.0,1,0.2,39.800000000000004,39.615,25,56,7923,7923,1.5317698468983543,190,0.11770488824339669,0.002354097764867934,1.0769320745964905,15.951426924028045,1.9891809127223716,2.659476535411664,3,"{""0"": 0.00941972685459876, ""1"": 0.0007556584625213695, ""2"": 0.0004369363277441989, ""3"": 0.0006506584533336921, ""4"": 0.0007720088406173529, ""5"": 0.0020895976503922296}"
primary,200,p0.20,nan,1.0,1,0.2,39.800000000000004,39.615,25,56,7923,7923,1.5317698468983543,200,0.11584785802055617,0.0023169571604111238,0.1003549255989066,16.019080494572638,1.9935733345982345,2.6526770054669115,3,"{""0"": 0.009646621007412915, ""1"": 0.0007858787987776292, ""2"": 0.00041007945300290774, ""3"": 0.0006253581615462764, ""4"": 0.0006986351550669765, ""5"": 0.0017351703866600367}"
primary,200,p0.40,nan,1.0,1,0.4,79.60000000000001,79.945,59,97,15989,15989,1.6359988786176312,0,1.0142706913107706,0.020285413826215414,nan,0.0,1.6359988786176312,4.9136798548249,12,"{""0"": 0.02063481392131883, ""1"": 0.021314897917630797, ""2"": 0.020156575925944678, ""3"": 0.020092854068084913, ""4"": 0.02012214322624366, ""5"": 0.019391197898069607}"
primary,200,p0.40,nan,1.0,1,0.4,79.60000000000001,79.945,59,97,15989,15989,1.6359988786176312,10,0.569922238131768,0.011398444762635362,0.11484655867293338,7.646764137467487,2.109193263013853,2.6916896814366895,4,"{""0"": 0.010136948274702564, ""1"": 0.04719270907834881, ""2"": 0.004298727869070952, ""3"": 0.006265566466812094, ""4"": 0.0002265064987940002, ""5"": 0.00027021038808373865}"
primary,200,p0.40,nan,1.0,1,0.4,79.60000000000001,79.945,59,97,15989,15989,1.6359988786176312,20,0.29802111590189034,0.005960422318037808,0.9053746621465744,9.827761813664084,2.027855527975001,2.153003863070634,3,"{""0"": 0.011024087651323337, ""1"": 0.0002376999111648233, ""2"": 0.010334893049854693, ""3"": 0.013870790049060755, ""4"": 6.464732772110684e-05, ""5"": 0.0002304159191021358}"
primary,200,p0.40,nan,1.0,1,0.4,79.60000000000001,79.945,59,97,15989,15989,1.6359988786176312,30,0.13533550475892728,0.002706710095178546,0.6355962379225019,11.539949709817757,1.7474277999716274,2.2664630445868865,3,"{""0"": 0.01003191526998892, ""1"": 0.00027267652608074365, ""2"": 0.00052316601543795, ""3"": 0.004990965718759751, ""4"": 5.7003458315916505e-05, ""5"": 0.0003645335824879918}"
primary,200,p0.40,nan,1.0,1,0.4,79.60000000000001,79.945,59,97,15989,15989,1.6359988786176312,40,0.032704454937491044,0.0006540890987498209,0.07514148036090704,12.760296941977773,1.8992222916758346,2.4968545461150673,3,"{""0"": 0.0008922830887896615, ""1"": 0.00022403174642077607, ""2"": 0.00018651073168981816, ""3"": 0.0021762685673925083, ""4"": 6.91239365489365e-05, ""5"": 0.0003763165216572247}"
primary,200,p0.40,nan,1.0,1,0.4,79.60000000000001,79.945,59,97,15989,15989,1.6359988786176312,50,0.012640085421186859,0.0002528017084237372,0.18715576667589026,13.206270210323968,1.9135584539453694,2.507164919114761,3,"{""0"": 0.0004207790954862204, ""1"": 0.00014180088333839476, ""2"": 0.00016996188564964555, ""3"": 0.0003794826097049806, ""4"": 9.428078908323087e-05, ""5"": 0.000310504987279951}"
primary,200,p0.40,nan,1.0,1,0.4,79.60000000000001,79.945,59,97,15989,15989,1.6359988786176312,60,0.013741627414774901,0.00027483254829549806,0.574892893215173,13.753684224992439,1.9223949390703006,2.5127164051695243,3,"{""0"": 0.00038102554857894703, ""1"": 0.00019913581252651932, ""2"": 0.0002520505343217389, ""3"": 0.0004318669431384381, ""4"": 0.00013429716706298613, ""5"": 0.0002506192841443586}"
primary,200,p0.40,nan,1.0,1,0.4,79.60000000000001,79.945,59,97,15989,15989,1.6359988786176312,70,0.011463199357153895,0.00022926398714307795,0.352884743389313,13.946406580094123,1.8913423598343877,2.5091553308257244,3,"{""0"": 0.0003285577708222903, ""1"": 0.00020533002908807802, ""2"": 0.00021082448584027074, ""3"": 0.0003106434663988725, ""4"": 0.00015246404378225887, ""5"": 0.00016776412692669717}"
primary,200,p0.40,nan,1.0,1,0.4,79.60000000000001,79.945,59,97,15989,15989,1.6359988786176312,80,0.010026247048988444,0.0002005249409797689,0.3784742957937132,14.299769166117583,1.907421914711235,2.4998408536998626,3,"{""0"": 0.00027390439849870967, ""1"": 0.00017001570703142218, ""2"": 0.00020561049989785738, ""3"": 0.00023701858365808302, ""4"": 0.00017936021386732242, ""5"": 0.0001372402429252188}"
primary,200,p0.40,nan,1.0,1,0.4,79.60000000000001,79.945,59,97,15989,15989,1.6359988786176312,90,0.009385719200075544,0.00018771438400151089,0.0729475596516596,14.525668506094021,1.9040054162877273,2.499732952332997,3,"{""0"": 0.0002903110291391905, ""1"": 0.00017249039952280963, ""2"": 0.00019047314922194172, ""3"": 0.00025646100457747667, ""4"": 9.760703553382822e-05, ""5"": 0.00011894368601381845}"
primary,200,p0.40,nan,1.0,1,0.4,79.60000000000001,79.945,59,97,15989,15989,1.6359988786176312,100,0.009211946459792357,0.00018423892919584717,0.09682561826697722,14.638946497160989,1.9049899449718712,2.499829284084447,3,"{""0"": 0.0002906189640519253, ""1"": 0.000163558847008917, ""2"": 0.00019394801285713627, ""3"": 0.0002594909175097223, ""4"": 8.275681704145167e-05, ""5"": 0.00011506001670593042}"
primary,200,p0.40,nan,1.0,1,0.4,79.60000000000001,79.945,59,97,15989,15989,1.6359988786176312,110,0.008612887173965304,0.00017225774347930608,1.2646231202975244,14.941130982289472,1.8780666600304927,2.493565172919437,3,"{""0"": 0.00024249013306372743, ""1"": 0.00010704064936090099, ""2"": 0.00017632730983357218, ""3"": 0.000284251817293238, ""4"": 0.00010621524218264156, ""5"": 0.00011722130914175647}"
primary,200,p0.40,nan,1.0,1,0.4,79.60000000000001,79.945,59,97,15989,15989,1.6359988786176312,120,0.008277393223325838,0.00016554786446651678,0.10656764478700345,15.091283212010909,1.8861273039767932,2.492575321255339,3,"{""0"": 0.0002338839871969288, ""1"": 0.00011519345325219364, ""2"": 0.0001710042761906199, ""3"": 0.0002460506315698575, ""4"": 0.00011653441495341454, ""5"": 0.00011062042363608627}"
primary,200,p0.40,nan,1.0,1,0.4,79.60000000000001,79.945,59,97,15989,15989,1.6359988786176312,130,0.008505349541672851,0.00017010699083345703,0.01492932389983208,15.189401438937207,1.8877910279156649,2.491582296463025,3,"{""0"": 0.0002336007674031684, ""1"": 0.00011787892463415758, ""2"": 0.00017312230954644186, ""3"": 0.0002655722191076517, ""4"": 0.00012056450437081397, ""5"": 0.00010990321993850879}"
primary,200,p0.40,nan,1.0,1,0.4,79.60000000000001,79.945,59,97,15989,15989,1.6359988786176312,140,0.008196428349583606,0.00016392856699167213,0.05806531085657604,15.388767348709836,1.9046374875916878,2.492684690265633,3,"{""0"": 0.00021133706598630152, ""1"": 0.00011711642371569141, ""2"": 0.00018287415367549147, ""3"": 0.00025580227754960815, ""4"": 0.00011779894001832838, ""5"": 9.864254100461182e-05}"
primary,200,p0.40,nan,1.0,1,0.4,79.60000000000001,79.945,59,97,15989,15989,1.6359988786176312,150,0.008145228212261798,0.00016290456424523597,0.22932749684034048,15.56937244359728,1.9150315200204873,2.490023259821195,3,"{""0"": 0.00020924543977946073, ""1"": 0.00011752003655509527, ""2"": 0.00017796753232800021, ""3"": 0.00023968307053287425, ""4"": 0.0001408761133247234, ""5"": 9.213519295126193e-05}"
primary,200,p0.40,nan,1.0,1,0.4,79.60000000000001,79.945,59,97,15989,15989,1.6359988786176312,160,0.007867757120642766,0.00015735514241285535,0.06709984641373906,15.819461968755267,1.9723209914610906,2.490269917310164,3,"{""0"": 0.00021781230209124114, ""1"": 0.00011373111796012173, ""2"": 0.00017297563457939304, ""3"": 0.00019707831897849813, ""4"": 0.0001526083494483406, ""5"": 8.992513141953737e-05}"
primary,200,p0.40,nan,1.0,1,0.4,79.60000000000001,79.945,59,97,15989,15989,1.6359988786176312,170,0.007548949449975971,0.00015097898899951942,0.08560479140806969,15.919438240442343,1.9787900885227707,2.4893376941486287,3,"{""0"": 0.00021236010417464632, ""1"": 0.00011792413295802228, ""2"": 0.00014961390491682777, ""3"": 0.0001887860408970401, ""4"": 0.00014924466875540672, ""5"": 8.794508229517332e-05}"
primary,200,p0.40,nan,1.0,1,0.4,79.60000000000001,79.945,59,97,15989,15989,1.6359988786176312,180,0.0075326212790265265,0.00015065242558053057,0.1970975875105395,16.02112290533075,1.9918734396358808,2.488601458709562,3,"{""0"": 0.00019397352035534847, ""1"": 0.00011482743207713543, ""2"": 0.0001409609894440338, ""3"": 0.00019206212629719778, ""4"": 0.00017483709753514877, ""5"": 8.72533877743192e-05}"
primary,200,p0.40,nan,1.0,1,0.4,79.60000000000001,79.945,59,97,15989,15989,1.6359988786176312,190,0.0075036008525193355,0.00015007201705038672,0.07591057185286784,16.176744672270473,2.010268579553742,2.4860668271133752,3,"{""0"": 0.00018185026599132838, ""1"": 0.00012101898666460261, ""2"": 0.000150874645866108, ""3"": 0.0001756523573439245, ""4"": 0.0001751568335982528, ""5"": 9.587901283810403e-05}"
primary,200,p0.40,nan,1.0,1,0.4,79.60000000000001,79.945,59,97,15989,15989,1.6359988786176312,200,0.007513894880640609,0.00015027789761281221,0.038304655954379846,16.298968499121933,2.043055485448052,2.485383820058354,3,"{""0"": 0.00017659038515306034, ""1"": 0.00011308888252190225, ""2"": 0.00020031403757741627, ""3"": 0.0001562740201161853, ""4"": 0.0001805484896584121, ""5"": 7.4851570649897e-05}"
primary,200,p0.05,nan,1.0,2,0.05,9.950000000000001,9.695,2,19,1939,1939,1.5529577225853046,0,1.033719400438695,0.0206743880087739,nan,0.0,1.5529577225853046,4.164212407727731,11,"{""0"": 0.01899551693111618, ""1"": 0.02051666120646168, ""2"": 0.02159289160117658, ""3"": 0.02097402951756729, ""4"": 0.021960888921615768, ""5"": 0.020006339874705924}"
primary,200,p0.05,nan,1.0,2,0.05,9.950000000000001,9.695,2,19,1939,1939,1.5529577225853046,10,0.6207302656243879,0.01241460531248776,5.31542141251756,12.839212245412286,1.8813840892060776,2.3070099812502276,5,"{""0"": 0.03337213081334995, ""1"": 0.015306514484656595, ""2"": 0.004765532872669771, ""3"": 0.006075071869807979, ""4"": 0.011372440691442559, ""5"": 0.003595941142999716}"
primary,200,p0.05,nan,1.0,2,0.05,9.950000000000001,9.695,2,19,1939,1939,1.5529577225853046,20,0.3976208971074361,0.007952417942148723,16.6786536835965,13.935542611958867,1.9635028405211221,2.203232010836792,5,"{""0"": 0.0186897636967475, ""1"": 0.004297232686052777, ""2"": 0.004833076198602068, ""3"": 0.0052318055843818476, ""4"": 0.010797913725421396, ""5"": 0.0038647157616867474}"
primary,200,p0.05,nan,1.0,2,0.05,9.950000000000001,9.695,2,19,1939,1939,1.5529577225853046,30,0.38132338945771715,0.007626467789154344,9.286304848381588,14.509954631723748,1.939873071687816,2.4048801813691902,5,"{""0"": 0.0172650596587347, ""1"": 0.006807280065289028, ""2"": 0.0028286915808603064, ""3"": 0.0017760197760072795, ""4"": 0.014262222693855613, ""5"": 0.002819532960179128}"
primary,200,p0.05,nan,1.0,2,0.05,9.950000000000001,9.695,2,19,1939,1939,1.5529577225853046,40,0.3776558997174156,0.007553117994348313,4.515036904627027,15.40165798380614,1.8853709545470314,2.6109453723423894,5,"{""0"": 0.011341540920824823, ""1"": 0.011928300984758534, ""2"": 0.004236995750784698, ""3"": 0.0013376705779543992, ""4"": 0.012716211820551576, ""5"": 0.0037579879112158445}"
primary,200,p0.05,nan,1.0,2,0.05,9.950000000000001,9.695,2,19,1939,1939,1.5529577225853046,50,0.4039502925096924,0.008079005850193848,9.166705894531765,15.732106571469373,1.9385225107506274,2.461528828727706,5,"{""0"": 0.011322857470409231, ""1"": 0.014517289132488209, ""2"": 0.004073506926032038, ""3"": 0.002804072469159498, ""4"": 0.011867480753216234, ""5"": 0.0038888283498578783}"
primary,200,p0.05,nan,1.0,2,0.05,9.950000000000001,9.695,2,19,1939,1939,1.5529577225853046,60,0.3954463497635375,0.00790892699527075,3.114252977302641,15.8442073751031,1.9492135636609862,2.400009369663687,5,"{""0"": 0.011716331228524826, ""1"": 0.014433090489585257, ""2"": 0.003758856197643801, ""3"": 0.0035796432290063135, ""4"": 0.010481356056409834, ""5"": 0.0034842847704544726}"
primary,200,p0.05,nan,1.0,2,0.05,9.950000000000001,9.695,2,19,1939,1939,1.5529577225853046,70,0.3810495362420279,0.007620990724840559,4.491473028261315,15.995206978339446,1.9850637385363497,2.3629120735610987,5,"{""0"": 0.013914807454041372, ""1"": 0.011050742232350884, ""2"": 0.0032260132088638574, ""3"": 0.002826290814992736, ""4"": 0.012128753343958522, ""5"": 0.0025793372948359813}"
primary,200,p0.05,nan,1.0,2,0.05,9.950000000000001,9.695,2,19,1939,1939,1.5529577225853046,80,0.3469976503055035,0.00693995300611007,3.092543978733848,16.130297211363512,1.9631660818523557,2.297469216085076,5,"{""0"": 0.014001555871415338, ""1"": 0.010667374095151956, ""2"": 0.0044151422304099545, ""3"": 0.002337809027530666, ""4"": 0.006703129554254712, ""5"": 0.003514707257897799}"
primary,200,p0.05,nan,1.0,2,0.05,9.950000000000001,9.695,2,19,1939,1939,1.5529577225853046,90,0.3129120292327206,0.0062582405846544125,4.040025017754908,16.33188746878009,1.956140727274471,2.396423583790478,5,"{""0"": 0.012295381563634187, ""1"": 0.009890709811621207, ""2"": 0.005286509054688607, ""3"": 0.001179489343983339, ""4"": 0.0051718220907918735, ""5"": 0.00372553164320726}"
primary,200,p0.05,nan,1.0,2,0.05,9.950000000000001,9.695,2,19,1939,1939,1.5529577225853046,100,0.3050629252836586,0.006101258505673173,2.255610785521827,16.581834928672674,1.9529597612126217,2.501604403858491,5,"{""0"": 0.009174912800097898, ""1"": 0.01155013348994664, ""2"": 0.006069939613846389, ""3"": 0.0011882705907435532, ""4"": 0.00457974636397069, ""5"": 0.004044548175433865}"
primary,200,p0.05,nan,1.0,2,0.05,9.950000000000001,9.695,2,19,1939,1939,1.5529577225853046,110,0.30305352757254006,0.006061070551450802,1.8199218014854979,16.604338152081244,1.954894830608478,2.4671929924591045,5,"{""0"": 0.009344072027260905, ""1"": 0.011176811199208145, ""2"": 0.0058468802644720775, ""3"": 0.0011159679760376138, ""4"": 0.004922666905190639, ""5"": 0.003960024936535431}"
primary,200,p0.05,nan,1.0,2,0.05,9.950000000000001,9.695,2,19,1939,1939,1.5529577225853046,120,0.29432568423306216,0.005886513684661244,4.293915985078472,16.65942639946818,1.9491307025475173,2.4509196881949484,5,"{""0"": 0.010385709106421571, ""1"": 0.009334905018881814, ""2"": 0.005018170240316594, ""3"": 0.000965094185571665, ""4"": 0.006153869877069741, ""5"": 0.0034613336797060775}"
primary,200,p0.05,nan,1.0,2,0.05,9.950000000000001,9.695,2,19,1939,1939,1.5529577225853046,130,0.2891074882628737,0.005782149765257474,4.436411699981332,16.797579646567744,1.9594519623548416,2.4422531488248214,5,"{""0"": 0.010255265506237014, ""1"": 0.008913683893759029, ""2"": 0.004981932393006582, ""3"": 0.0009644060592787806, ""4"": 0.006204078572216011, ""5"": 0.003373532167047429}"
primary,200,p0.05,nan,1.0,2,0.05,9.950000000000001,9.695,2,19,1939,1939,1.5529577225853046,140,0.2884293922975622,0.005768587845951245,3.1990626896564582,16.922095821230773,1.9648448372946792,2.4745300617922883,5,"{""0"": 0.00988053877768871, ""1"": 0.009624756793923276, ""2"": 0.004548364594787111, ""3"": 0.0008503755632037564, ""4"": 0.006718926570605554, ""5"": 0.0029885647754990625}"
primary,200,p0.05,nan,1.0,2,0.05,9.950000000000001,9.695,2,19,1939,1939,1.5529577225853046,150,0.2935647548345967,0.005871295096691935,3.7092223440777414,17.067337566545756,1.9733975320114716,2.4749627766037934,5,"{""0"": 0.010595348522241884, ""1"": 0.009618343561183566, ""2"": 0.004162383289333651, ""3"": 0.0008835088567860132, ""4"": 0.007527138696875787, ""5"": 0.002441047653730711}"
primary,200,p0.05,nan,1.0,2,0.05,9.950000000000001,9.695,2,19,1939,1939,1.5529577225853046,160,0.2931959189071602,0.005863918378143204,10.11884440292998,17.100947008025884,1.9773503967479769,2.4449281719268385,5,"{""0"": 0.01094364623510539, ""1"": 0.009704761837957765, ""2"": 0.004001300754216585, ""3"": 0.0010095828024282553, ""4"": 0.007115273286174192, ""5"": 0.0024089453529770413}"
primary,200,p0.05,nan,1.0,2,0.05,9.950000000000001,9.695,2,19,1939,1939,1.5529577225853046,170,0.29981087959278696,0.0059962175918557405,3.0224647037736214,17.170598819123928,1.9766018925397504,2.4252607709451635,5,"{""0"": 0.010620088309711447, ""1"": 0.010193300976553358, ""2"": 0.004028607627883798, ""3"": 0.0017416862096316294, ""4"": 0.007033690121799964, ""5"": 0.002359932305554249}"
primary,200,p0.05,nan,1.0,2,0.05,9.950000000000001,9.695,2,19,1939,1939,1.5529577225853046,180,0.29200887089186983,0.005840177417837398,23.00085242701699,17.21330017395162,1.9753332978105484,2.441138816306928,5,"{""0"": 0.009445170238519564, ""1"": 0.01060573214259251, ""2"": 0.00428860818113125, ""3"": 0.0019041108157787732, ""4"": 0.006200117919640506, ""5"": 0.002597325209361784}"
primary,200,p0.05,nan,1.0,2,0.05,9.950000000000001,9.695,2,19,1939,1939,1.5529577225853046,190,0.2778630140111118,0.0055572602802222365,3.116846357338633,17.35338762705369,1.982682492148765,2.513793094640556,5,"{""0"": 0.008904190401264367, ""1"": 0.010738154265268383, ""2"": 0.003937014041787928, ""3"": 0.0009345917828036922, ""4"": 0.006599080376132356, ""5"": 0.0022305308140766985}"
primary,200,p0.05,nan,1.0,2,0.05,9.950000000000001,9.695,2,19,1939,1939,1.5529577225853046,200,0.27209168258567673,0.005441833651713535,0.674424048511072,17.444408229601557,1.9768892011330301,2.5101786788595284,5,"{""0"": 0.008778304610367304, ""1"": 0.010122935398955688, ""2"": 0.003966177806706402, ""3"": 0.0008738401392043273, ""4"": 0.006719170055265664, ""5"": 0.002190573899781823}"
primary,200,p0.10,nan,1.0,2,0.1,19.900000000000002,20.31,8,36,4062,4062,1.6491755211305246,0,0.994095095126016,0.019881901902520323,nan,0.0,1.6491755211305246,4.467702222753579,12,"{""0"": 0.018921664004925006, ""1"": 0.022974574248080033, ""2"": 0.021882511795236363, ""3"": 0.020634378431852653, ""4"": 0.017115382616010227, ""5"": 0.017762900319017654}"
primary,200,p0.10,nan,1.0,2,0.1,19.900000000000002,20.31,8,36,4062,4062,1.6491755211305246,10,0.535193704679874,0.01070387409359748,7.494611322351499,12.195150674537475,2.371437653241495,2.7672410483299887,7,"{""0"": 0.012933987466911148, ""1"": 0.00831622032454168, ""2"": 0.02136306020341501, ""3"": 0.0022467831309224374, ""4"": 0.014265666273209684, ""5"": 0.0050975271625849335}"
primary,200,p0.10,nan,1.0,2,0.1,19.900000000000002,20.31,8,36,4062,4062,1.6491755211305246,20,0.8005920840623618,0.016011841681247238,11.532865353160886,13.84728359138888,2.3488080517186223,3.2899766446161802,8,"{""0"": 0.019709938443833484, ""1"": 0.011317762056121778, ""2"": 0.039155589228381776, ""3"": 0.001232118596764898, ""4"": 0.020013700364777315, ""5"": 0.004641941397604194}"
primary,200,p0.10,nan,1.0,2,0.1,19.900000000000002,20.31,8,36,4062,4062,1.6491755211305246,30,0.32593719565646845,0.00651874391312937,2.6414495010838674,14.68607294281178,2.3330934749868875,2.7566242141772546,6,"{""0"": 0.006024326871854238, ""1"": 0.008170331043237253, ""2"": 0.01635156782752779, ""3"": 0.0017902494902715272, ""4"": 0.002731807934888396, ""5"": 0.004044180310997011}"
primary,200,p0.10,nan,1.0,2,0.1,19.900000000000002,20.31,8,36,4062,4062,1.6491755211305246,40,0.37513544517281355,0.007502708903456272,1.4083628872764635,15.204765510038392,2.3046242609098457,2.9459105060262587,7,"{""0"": 0.0054293397336355135, ""1"": 0.014288773146467083, ""2"": 0.01584502754464537, ""3"": 0.0009098870261177122, ""4"": 0.0074540051364468, ""5"": 0.0010892208334251645}"
primary,200,p0.10,nan,1.0,2,0.1,19.900000000000002,20.31,8,36,4062,4062,1.6491755211305246,50,0.24325777661383557,0.004865155532276712,6.875837144562421,16.083604046193905,2.1232212158750494,3.1733311715125976,8,"{""0"": 0.002896827192670951, ""1"": 0.011814296169107738, ""2"": 0.00285349715246855, ""3"": 0.00277627331461579, ""4"": 0.0070515314846566115, ""5"": 0.001798507880140629}"
primary,200,p0.10,nan,1.0,2,0.1,19.900000000000002,20.31,8,36,4062,4062,1.6491755211305246,60,0.2220920105812502,0.004441840211625005,0.9545873812285793,16.319192455332864,2.0713494008322884,2.999454086488836,7,"{""0"": 0.004680919293694011, ""1"": 0.007473278187543957, ""2"": 0.001726548942553625, ""3"": 0.005388045842200683, ""4"": 0.006329704074813069, ""5"": 0.0010525449289446834}"
primary,200,p0.10,nan,1.0,2,0.1,19.900000000000002,20.31,8,36,4062,4062,1.6491755211305246,70,0.20159813986591527,0.004031962797318305,0.8553842194697062,16.433672938995617,2.12200817206878,2.944810308637695,6,"{""0"": 0.005604018013900905, ""1"": 0.006780667639910157, ""2"": 0.0017594422123906194, ""3"": 0.004600817560710008, ""4"": 0.00471481589409606, ""5"": 0.0007320154629020839}"
primary,200,p0.10,nan,1.0,2,0.1,19.900000000000002,20.31,8,36,4062,4062,1.6491755211305246,80,0.15492656658852022,0.003098531331770405,0.574829323675284,16.520879649527718,2.192124301902404,2.9196945732085475,6,"{""0"": 0.004755005271612015, ""1"": 0.006202147608144605, ""2"": 0.003340270768688472, ""3"": 0.0023671252217474666, ""4"": 0.0013035271759894186, ""5"": 0.0006231119444404552}"
primary,200,p0.10,nan,1.0,2,0.1,19.900000000000002,20.31,8,36,4062,4062,1.6491755211305246,90,0.15520580962459776,0.0031041161924919556,0.3735392117520156,16.732944707388608,2.244455319820668,2.9107581289962683,6,"{""0"": 0.005313863198241741, ""1"": 0.005979446510946099, ""2"": 0.003505075770517979, ""3"": 0.001956962235781762, ""4"": 0.001086693379720337, ""5"": 0.000782656059743816}"
primary,200,p0.10,nan,1.0,2,0.1,19.900000000000002,20.31,8,36,4062,4062,1.6491755211305246,100,0.17675504046480084,0.003535100809296017,0.9159335032076837,16.921102739897904,2.162031066437305,2.8885970272216936,6,"{""0"": 0.007039513324911864, ""1"": 0.007466001615178071, ""2"": 0.0029219613763442776, ""3"": 0.0017831240233613579, ""4"": 0.001291977498144126, ""5"": 0.0007080270178364061}"
primary,200,p0.10,nan,1.0,2,0.1,19.900000000000002,20.31,8,36,4062,4062,1.6491755211305246,110,0.15604571645759654,0.003120914329151931,18.172817509364357,16.998774001392928,2.150513015830035,2.873264965057269,6,"{""0"": 0.005459183809715525, ""1"": 0.006762309770188301, ""2"": 0.0028035043472412896, ""3"": 0.0018668890645507144, ""4"": 0.0011707436460263395, ""5"": 0.0006628553371894161}"
primary,200,p0.10,nan,1.0,2,0.1,19.900000000000002,20.31,8,36,4062,4062,1.6491755211305246,120,0.13325836588944664,0.0026651673177889336,1.662672474362363,17.151023999987146,2.133823715596148,2.8511319241492887,6,"{""0"": 0.005756045818955253, ""1"": 0.005800231281209682, ""2"": 0.0011935171420475454, ""3"": 0.001444072833790347, ""4"": 0.0011958091757299212, ""5"": 0.000601327655000855}"
primary,200,p0.10,nan,1.0,2,0.1,19.900000000000002,20.31,8,36,4062,4062,1.6491755211305246,130,0.1373759057856603,0.0027475181157132064,9.315741783488988,17.246698691252885,2.1537248067225896,2.7541372687674115,6,"{""0"": 0.007162882600591183, ""1"": 0.003998296936602679, ""2"": 0.0020164353896158856, ""3"": 0.0016891705186225878, ""4"": 0.0009859650296475272, ""5"": 0.0006323582191993755}"
primary,200,p0.10,nan,1.0,2,0.1,19.900000000000002,20.31,8,36,4062,4062,1.6491755211305246,140,0.12761948457770417,0.002552389691554084,1.2984518726843144,17.27308517938827,2.143343387750143,2.747186725064317,6,"{""0"": 0.006202927282061815, ""1"": 0.0035598155894236263, ""2"": 0.002353186691873384, ""3"": 0.001557428924924131, ""4"": 0.001056675233649691, ""5"": 0.0005843044273918565}"
primary,200,p0.10,nan,1.0,2,0.1,19.900000000000002,20.31,8,36,4062,4062,1.6491755211305246,150,0.11851754864469402,0.0023703509728938807,1.4473143435280909,17.326379177040373,2.1475132881974317,2.74012209424259,6,"{""0"": 0.006524265221490551, ""1"": 0.002808583309485515, ""2"": 0.0011472813113950723, ""3"": 0.002193965863119357, ""4"": 0.0010440844827830358, ""5"": 0.0005039256490897545}"
primary,200,p0.10,nan,1.0,2,0.1,19.900000000000002,20.31,8,36,4062,4062,1.6491755211305246,160,0.11734947656651047,0.0023469895313302097,0.7041692347917349,17.375725224858748,2.1330107280226334,2.7409745951087356,6,"{""0"": 0.006432077750066533, ""1"": 0.002675722704086725, ""2"": 0.0013517830142499643, ""3"": 0.002092172713059794, ""4"": 0.0010364807953076856, ""5"": 0.0004937002112105607}"
primary,200,p0.10,nan,1.0,2,0.1,19.900000000000002,20.31,8,36,4062,4062,1.6491755211305246,170,0.11726406704117567,0.002345281340823514,0.4651749415442748,17.43649402907245,2.125987373793192,2.7674101674053904,6,"{""0"": 0.006264132171911417, ""1"": 0.002942643775883009, ""2"": 0.0011823720780077117, ""3"": 0.0019498850153927927, ""4"": 0.0012431655113505711, ""5"": 0.0004894894923955804}"
primary,200,p0.10,nan,1.0,2,0.1,19.900000000000002,20.31,8,36,4062,4062,1.6491755211305246,180,0.11581539573641116,0.0023163079147282234,11.853403538091536,17.472706537385957,2.1256252349219706,2.7852037364795543,6,"{""0"": 0.005499045509363568, ""1"": 0.0029702435496703566, ""2"": 0.001244056962584289, ""3"": 0.001983568543143536, ""4"": 0.0017292721457795456, ""5"": 0.0004716607778280438}"
primary,200,p0.10,nan,1.0,2,0.1,19.900000000000002,20.31,8,36,4062,4062,1.6491755211305246,190,0.11843302635097055,0.0023686605270194115,8.309973425195073,17.540397422871294,2.0848805706392946,2.8307866280175724,6,"{""0"": 0.004822398862395095, ""1"": 0.0032833985640995447, ""2"": 0.000822855664205213, ""3"": 0.0021956482412770263, ""4"": 0.002583543241232678, ""5"": 0.0005041185889069085}"
primary,200,p0.10,nan,1.0,2,0.1,19.900000000000002,20.31,8,36,4062,4062,1.6491755211305246,200,0.11943368572588656,0.0023886737145177315,10.132867748069708,17.66433837683112,2.054894186591523,2.8587502508817124,6,"{""0"": 0.0050724447288948505, ""1"": 0.003285885131286802, ""2"": 0.0007827090743638473, ""3"": 0.0015049359471451633, ""4"": 0.00234434853860485, ""5"": 0.0013417188668108776}"
primary,200,p0.20,nan,1.0,2,0.2,39.800000000000004,39.93,26,57,7986,7986,1.5977169053837534,0,1.0092899650524063,0.020185799301048128,nan,0.0,1.5977169053837534,3.4671706501423096,12,"{""0"": 0.01997945585700836, ""1"": 0.02047887130660556, ""2"": 0.020322748298307564, ""3"": 0.022339788068431975, ""4"": 0.020040678687925924, ""5"": 0.017953253588009383}"
primary,200,p0.20,nan,1.0,2,0.2,39.800000000000004,39.93,26,57,7986,7986,1.5977169053837534,10,0.4575927423084264,0.00915185484616853,1.3910385177959923,9.260534506258645,2.009395837136098,2.325830041178764,4,"{""0"": 0.0122418344914875, ""1"": 0.000664546516959207, ""2"": 0.03160883764520825, ""3"": 0.004975183866938861, ""4"": 0.0036414631141295077, ""5"": 0.0017792634422878588}"
primary,200,p0.20,nan,1.0,2,0.2,39.800000000000004,39.93,26,57,7986,7986,1.5977169053837534,20,0.2719370911145373,0.005438741822290746,16.716193897553797,10.385168872977038,1.9877309174096596,2.393391456492754,4,"{""0"": 0.0012116727950133308, ""1"": 0.001286140521533603, ""2"": 0.028715449456462604, ""3"": 0.0006487490723635211, ""4"": 0.0004668006445253771, ""5"": 0.00030363844384603676}"
primary,200,p0.20,nan,1.0,2,0.2,39.800000000000004,39.93,26,57,7986,7986,1.5977169053837534,30,0.11705606773528714,0.002341121354705743,0.9668516262869332,11.443937124818483,1.8789849644820973,2.6021676925599273,3,"{""0"": 0.0011398822319875516, ""1"": 0.002878325525715102, ""2"": 0.002560396247275857, ""3"": 0.000587140879953781, ""4"": 0.0006844910268278537, ""5"": 0.006196492216474314}"
primary,200,p0.20,nan,1.0,2,0.2,39.800000000000004,39.93,26,57,7986,7986,1.5977169053837534,40,0.10104632724421074,0.002020926544884215,0.12389731101034039,11.92547891072972,1.852552720115138,2.603760583377262,3,"{""0"": 0.0003687065900014405, ""1"": 0.0031211155076516345, ""2"": 0.0010200175387600438, ""3"": 0.000324172734090489, ""4"": 0.0009512253268887298, ""5"": 0.006340321571912952}"
primary,200,p0.20,nan,1.0,2,0.2,39.800000000000004,39.93,26,57,7986,7986,1.5977169053837534,50,0.1851284519852662,0.0037025690397053247,0.29743259112319376,12.794192020814862,1.9721888982378486,2.621988055557745,3,"{""0"": 0.0010021356398346184, ""1"": 0.005762085467720636, ""2"": 0.00674234560313154, ""3"": 0.0015218812267130315, ""4"": 0.0009371635163541383, ""5"": 0.006249802784477983}"
primary,200,p0.20,nan,1.0,2,0.2,39.800000000000004,39.93,26,57,7986,7986,1.5977169053837534,60,0.10158357719949818,0.002031671543989964,0.2724897875034304,13.23287110976605,1.922739324304755,2.647834646260976,3,"{""0"": 0.005119303822473711, ""1"": 0.0025145110444320497, ""2"": 0.0007689915940254696, ""3"": 0.00277532650479124, ""4"": 0.0005585942155212365, ""5"": 0.0004533020826960778}"
primary,200,p0.20,nan,1.0,2,0.2,39.800000000000004,39.93,26,57,7986,7986,1.5977169053837534,70,0.10860635291575522,0.0021721270583151047,0.057874923190478066,13.368513290627881,1.9172962394745634,2.613977403445071,3,"{""0"": 0.0051552812640014555, ""1"": 0.0020238152701667262, ""2"": 0.0006124303934945365, ""3"": 0.0036784470519842863, ""4"": 0.0012862729663815297, ""5"": 0.0002765154038620949}"
primary,200,p0.20,nan,1.0,2,0.2,39.800000000000004,39.93,26,57,7986,7986,1.5977169053837534,80,0.057653360358150864,0.0011530672071630175,0.6615795152079279,13.633522036722066,1.8942116196103302,2.6238423886071955,3,"{""0"": 0.004493375499365001, ""1"": 0.000589092845668153, ""2"": 0.0006122560051635683, ""3"": 0.0005579173957658845, ""4"": 0.000454205130515118, ""5"": 0.00021155636650038015}"
primary,200,p0.20,nan,1.0,2,0.2,39.800000000000004,39.93,26,57,7986,7986,1.5977169053837534,90,0.0625005670614837,0.0012500113412296742,0.38942198484525203,13.893952369850362,1.8761434159840125,2.638950912045987,3,"{""0"": 0.0040928129762388505, ""1"": 0.0008664673017590125, ""2"": 0.0005340863753066215, ""3"": 0.0014122251399004597, ""4"": 0.00038309810391245705, ""5"": 0.00021137815026064398}"
primary,200,p0.20,nan,1.0,2,0.2,39.800000000000004,39.93,26,57,7986,7986,1.5977169053837534,100,0.050040727943921955,0.0010008145588784392,0.7666421397813284,14.054550916988346,1.894596519606819,2.6437819972589596,3,"{""0"": 0.00125867746966765, ""1"": 0.002875354232552295, ""2"": 0.0004392255306319865, ""3"": 0.0008054037901890404, ""4"": 0.0004218040040878006, ""5"": 0.00020442232614186398}"
primary,200,p0.20,nan,1.0,2,0.2,39.800000000000004,39.93,26,57,7986,7986,1.5977169053837534,110,0.021449672532392834,0.0004289934506478567,0.1923776708717568,14.254538803164817,1.894504774391806,2.606051700357716,3,"{""0"": 0.0005418158475382934, ""1"": 0.0005682533899385369, ""2"": 0.00040348682180604384, ""3"": 0.0005340200065836063, ""4"": 0.0003270207037970637, ""5"": 0.00019936393422359628}"
primary,200,p0.20,nan,1.0,2,0.2,39.800000000000004,39.93,26,57,7986,7986,1.5977169053837534,120,0.03424357795467302,0.0006848715590934605,0.1808092277239861,14.353761381925061,1.8919193404422054,2.620326720504511,3,"{""0"": 0.00048377956634569434, ""1"": 0.002077240357085247, ""2"": 0.0005970111117791814, ""3"": 0.0004132557520118077, ""4"": 0.00034686958469808246, ""5"": 0.00019107298264075024}"
primary,200,p0.20,nan,1.0,2,0.2,39.800000000000004,39.93,26,57,7986,7986,1.5977169053837534,130,0.019757907243194945,0.000395158144863899,0.34435760706250473,14.481881321036242,1.8883612211245462,2.5976685302232063,3,"{""0"": 0.00044976214813905537, ""1"": 0.000482170426178828, ""2"": 0.0003903076244926803, ""3"": 0.0005591708733141971, ""4"": 0.00030748053204203153, ""5"": 0.00018205726501660134}"
primary,200,p0.20,nan,1.0,2,0.2,39.800000000000004,39.93,26,57,7986,7986,1.5977169053837534,140,0.03915314405854579,0.0007830628811709159,0.6045719470457205,14.639454017193932,1.8825496267394555,2.5990063843275615,3,"{""0"": 0.0004453583278034551, ""1"": 0.0029998387245744012, ""2"": 0.000279151750088387, ""3"": 0.00045676758133144664, ""4"": 0.0003486202623108253, ""5"": 0.00016864064091697911}"
primary,200,p0.20,nan,1.0,2,0.2,39.800000000000004,39.93,26,57,7986,7986,1.5977169053837534,150,0.025824622344111037,0.0005164924468822208,0.40365634173864884,14.746050417703364,1.8689295313587193,2.6071572818777473,3,"{""0"": 0.00039465333525403375, ""1"": 0.0015621034238218708, ""2"": 0.00023750463250042357, ""3"": 0.0004753726493845447, ""4"": 0.00030372838053724187, ""5"": 0.0001255922597952093}"
primary,200,p0.20,nan,1.0,2,0.2,39.800000000000004,39.93,26,57,7986,7986,1.5977169053837534,160,0.037105191734817515,0.0007421038346963505,0.6233497355668922,14.91598491374981,1.8564871412537016,2.6079526573465004,3,"{""0"": 0.00042719487860257306, ""1"": 0.0027246174526281003, ""2"": 0.0002259490978841217, ""3"": 0.0006798197379536494, ""4"": 0.00027192161603523807, ""5"": 0.00012312022507442096}"
primary,200,p0.20,nan,1.0,2,0.2,39.800000000000004,39.93,26,57,7986,7986,1.5977169053837534,170,0.05709109104359268,0.001141821820871854,0.06614064910277377,15.004502098146693,1.8610274179913953,2.5948625418158127,3,"{""0"": 0.00038954173028753604, ""1"": 0.002892295150166132, ""2"": 0.000233625844791508, ""3"": 0.002939156718525741, ""4"": 0.00027473498796263374, ""5"": 0.00012157649349757239}"
primary,200,p0.20,nan,1.0,2,0.2,39.800000000000004,39.93,26,57,7986,7986,1.5977169053837534,180,0.04456233235264571,0.0008912466470529143,0.14012275957192774,15.044416694743648,1.859301953498429,2.5829961738234313,3,"{""0"": 0.00046288744457038765, ""1"": 0.00047755537717169465, ""2"": 0.00019922135402899557, ""3"": 0.003852620729622656, ""4"": 0.00024731168254602117, ""5"": 0.0001078832943777302}"
primary,200,p0.20,nan,1.0,2,0.2,39.800000000000004,39.93,26,57,7986,7986,1.5977169053837534,190,0.021279641497003173,0.0004255928299400635,0.041935530301423815,15.200267135808653,1.8740791621843114,2.622907520665949,3,"{""0"": 0.00041519163512551227, ""1"": 0.0005616049405874077, ""2"": 0.0001670696806960131, ""3"": 0.0010176704536817458, ""4"": 0.0002519211547002038, ""5"": 0.00014009911484949827}"
primary,200,p0.20,nan,1.0,2,0.2,39.800000000000004,39.93,26,57,7986,7986,1.5977169053837534,200,0.015427793904851135,0.00030855587809702274,0.692080005324999,15.327903991043085,1.8781745145950521,2.6179590565774,3,"{""0"": 0.00039839553314396697, ""1"": 0.0006144096688989673, ""2"": 0.00016031271415675862, ""3"": 0.0002358951825397128, ""4"": 0.00025755011342699376, ""5"": 0.00018477205641573717}"
primary,200,p0.40,nan,1.0,2,0.4,79.60000000000001,79.745,62,103,15949,15949,1.5818073183062278,0,1.0318583539091764,0.020637167078183527,nan,0.0,1.5818073183062278,6.582827422889766,13,"{""0"": 0.01995403800037384, ""1"": 0.020814599282594447, ""2"": 0.01995931435371224, ""3"": 0.021462767443114955, ""4"": 0.020267077411114658, ""5"": 0.02136520597819104}"
primary,200,p0.40,nan,1.0,2,0.4,79.60000000000001,79.745,62,103,15949,15949,1.5818073183062278,10,0.6103480631938971,0.012206961263877944,0.32315040717651106,7.1903709017315185,1.840070847854606,2.5992734239186523,3,"{""0"": 0.006370084281081439, ""1"": 0.0062319009912573985, ""2"": 0.05047015097194298, ""3"": 0.001158090593528573, ""4"": 0.008201297448162332, ""5"": 0.0008102432972949264}"
primary,200,p0.40,nan,1.0,2,0.4,79.60000000000001,79.745,62,103,15949,15949,1.5818073183062278,20,0.5212611164792419,0.010425222329584838,1.6907541297112942,8.092335503012615,1.9219317062208963,2.503127055234733,3,"{""0"": 0.0037813961747013834, ""1"": 0.0023272332162965837, ""2"": 0.047808991064655325, ""3"": 0.002948033865478996, ""4"": 0.00010667840436727186, ""5"": 0.005579001252009474}"
primary,200,p0.40,nan,1.0,2,0.4,79.60000000000001,79.745,62,103,15949,15949,1.5818073183062278,30,0.19961439542944867,0.003992287908588974,0.22798980252784995,10.659251752560587,1.9570571972720088,2.4471645773750503,3,"{""0"": 0.0013285075585765709, ""1"": 0.0005979526309151248, ""2"": 0.013019626045078525, ""3"": 0.0003414402889530888, ""4"": 0.00032420389867497917, ""5"": 0.008341997029335552}"
primary,200,p0.40,nan,1.0,2,0.4,79.60000000000001,79.745,62,103,15949,15949,1.5818073183062278,40,0.1313694920098091,0.0026273898401961825,0.15224950623025557,11.757266007629331,1.9460977315696812,2.5324064636747257,3,"{""0"": 0.0020096914053390424, ""1"": 0.0005892526494982287, ""2"": 0.003458257167047456, ""3"": 0.00027919777352351024, ""4"": 0.0005955014523690977, ""5"": 0.008832438593399758}"
primary,200,p0.40,nan,1.0,2,0.4,79.60000000000001,79.745,62,103,15949,15949,1.5818073183062278,50,0.14674776228458,0.0029349552456916007,0.11518661175353447,12.249126985670857,1.9201068329066227,2.4801781705834114,3,"{""0"": 0.0037544010246851724, ""1"": 0.00026431694168175927, ""2"": 0.0037771024362374056, ""3"": 0.00020942865297811372, ""4"": 0.0005191137544498755, ""5"": 0.009085368664117278}"
primary,200,p0.40,nan,1.0,2,0.4,79.60000000000001,79.745,62,103,15949,15949,1.5818073183062278,60,0.06247649040891842,0.0012495298081783685,0.18383368410737289,12.832222848210318,1.9265699126795592,2.5649656637087723,3,"{""0"": 0.0038830407999727464, ""1"": 0.00019410223983352788, ""2"": 0.00016919712229143715, ""3"": 0.0004317003799582817, ""4"": 0.00043694015066019626, ""5"": 0.002382198156354021}"
primary,200,p0.40,nan,1.0,2,0.4,79.60000000000001,79.745,62,103,15949,15949,1.5818073183062278,70,0.09187168851248527,0.0018374337702497055,2.384822569743019,13.080085536967122,1.925382228366916,2.507949236543872,3,"{""0"": 0.006891119371016415, ""1"": 0.0001994874135314449, ""2"": 0.00017308643687141993, ""3"": 0.0002520463249992714, ""4"": 0.0004525791474710507, ""5"": 0.0030562839276086318}"
primary,200,p0.40,nan,1.0,2,0.4,79.60000000000001,79.745,62,103,15949,15949,1.5818073183062278,80,0.04099339857076452,0.0008198679714152905,0.06937051884534631,13.465629346368868,1.919669914041275,2.5386736376115793,3,"{""0"": 0.0008353770390623601, ""1"": 0.0002383573200865026, ""2"": 0.000245419991433643, ""3"": 0.00022737848666337326, ""4"": 0.0001870000246219746, ""5"": 0.00318567496662389}"
primary,200,p0.40,nan,1.0,2,0.4,79.60000000000001,79.745,62,103,15949,15949,1.5818073183062278,90,0.039149163929737704,0.0007829832785947543,0.051596262135891496,13.640193149114904,1.9167226662626726,2.532917594797015,3,"{""0"": 0.00059168025313045, ""1"": 0.00018788797063219037, ""2"": 0.0002058529233565128, ""3"": 0.00018921343028027653, ""4"": 0.00019524791635814584, ""5"": 0.003328017177810949}"
primary,200,p0.40,nan,1.0,2,0.4,79.60000000000001,79.745,62,103,15949,15949,1.5818073183062278,100,0.01957897031609872,0.0003915794063219745,1.6072963237660653,13.93344924538371,1.9549097400984152,2.5552212008790915,3,"{""0"": 0.0004461922746062185, ""1"": 0.00017152853310197657, ""2"": 0.00024866778113427575, ""3"": 0.00023488048224654763, ""4"": 0.0002050153159428466, ""5"": 0.001043192050899982}"
primary,200,p0.40,nan,1.0,2,0.4,79.60000000000001,79.745,62,103,15949,15949,1.5818073183062278,110,0.032648291022774945,0.000652965820455499,0.5673819954237953,14.128486564460923,1.9617107313224127,2.5629321803706464,3,"{""0"": 0.0004067650847973476, ""1"": 0.00017758259954899898, ""2"": 0.0002265312941629542, ""3"": 0.00024989103001170837, ""4"": 0.00019868728579468096, ""5"": 0.002658337628417304}"
primary,200,p0.40,nan,1.0,2,0.4,79.60000000000001,79.745,62,103,15949,15949,1.5818073183062278,120,0.03844306396756642,0.0007688612793513286,0.2026269288774699,14.26704936586315,1.9707233900635805,2.5827757486499525,3,"{""0"": 0.0005009721035489853, ""1"": 0.0018669359324785654, ""2"": 0.00023020441279645356, ""3"": 0.000204399383525554, ""4"": 0.00019254233822678913, ""5"": 0.0016181135055316233}"
primary,200,p0.40,nan,1.0,2,0.4,79.60000000000001,79.745,62,103,15949,15949,1.5818073183062278,130,0.05367667855333806,0.0010735335710667614,1.3338041612988398,14.578399556317441,2.0045697863537613,2.5559672044952473,3,"{""0"": 0.0005430727312450352, ""1"": 0.0017866379464537765, ""2"": 0.00018697686098206857, ""3"": 0.00023685646028083298, ""4"": 0.0001639613912364147, ""5"": 0.003523696036202441}"
primary,200,p0.40,nan,1.0,2,0.4,79.60000000000001,79.745,62,103,15949,15949,1.5818073183062278,140,0.0533729302450297,0.001067458604900594,0.37882885611760453,14.71987562948125,2.011058064458298,2.5662145650391808,3,"{""0"": 0.0005142377875352196, ""1"": 0.0020147135303998217, ""2"": 0.0001832049801909742, ""3"": 0.0002761534046309584, ""4"": 0.00015640815014984218, ""5"": 0.003260033776496747}"
primary,200,p0.40,nan,1.0,2,0.4,79.60000000000001,79.745,62,103,15949,15949,1.5818073183062278,150,0.0559253564411181,0.0011185071288223622,0.07503817320533762,14.802663975966514,2.0040238169117415,2.5593792210514206,3,"{""0"": 0.0005082405705449155, ""1"": 0.0022951452875931673, ""2"": 0.00016270844126454635, ""3"": 0.0002366509662117385, ""4"": 0.0001515737501907136, ""5"": 0.003356723757129092}"
primary,200,p0.40,nan,1.0,2,0.4,79.60000000000001,79.745,62,103,15949,15949,1.5818073183062278,160,0.04456109617424458,0.0008912219234848916,4.46233445298983,14.984307917595661,2.0026690607762427,2.5758205120733004,3,"{""0"": 0.00044629151807938216, ""1"": 0.0026667729072325326, ""2"": 0.00017742755624310658, ""3"": 0.00023008224635282626, ""4"": 0.00014748104268859358, ""5"": 0.001679276270312909}"
primary,200,p0.40,nan,1.0,2,0.4,79.60000000000001,79.745,62,103,15949,15949,1.5818073183062278,170,0.06334033504356056,0.0012668067008712112,17.77954645949563,15.037865024528427,1.9969291399822902,2.551011854044169,3,"{""0"": 0.0004344258046853512, ""1"": 0.002894886144740961, ""2"": 0.0002138201639158658, ""3"": 0.00028054705986216776, ""4"": 0.00013483390905074587, ""5"": 0.003642327122972176}"
primary,200,p0.40,nan,1.0,2,0.4,79.60000000000001,79.745,62,103,15949,15949,1.5818073183062278,180,0.06332600142473707,0.0012665200284947417,0.10523360638977572,15.096634243997928,1.9973768323182626,2.5525917890677996,3,"{""0"": 0.00042692659753479286, ""1"": 0.0028972433067726037, ""2"": 0.00021308881749300176, ""3"": 0.0003035385691725341, ""4"": 0.00012320768896346979, ""5"": 0.003635115191032048}"
primary,200,p0.40,nan,1.0,2,0.4,79.60000000000001,79.745,62,103,15949,15949,1.5818073183062278,190,0.0649851472037463,0.0012997029440749261,0.115937329333296,15.364767547639024,2.006636982347324,2.554898776465134,3,"{""0"": 0.00040665355340494035, ""1"": 0.0029726236820533975, ""2"": 0.00017769874012363637, ""3"": 0.0003619257616514791, ""4"": 0.00012225369291162815, ""5"": 0.0037570622343044762}"
primary,200,p0.40,nan,1.0,2,0.4,79.60000000000001,79.745,62,103,15949,15949,1.5818073183062278,200,0.06424193237093258,0.0012848386474186516,0.054481803688777995,15.490868711958383,2.0070479361156535,2.553474146462804,3,"{""0"": 0.00033573556019843905, ""1"": 0.0029588466370857333, ""2"": 0.00016522661087125455, ""3"": 0.00034696128572555234, ""4"": 0.00012127238019352242, ""5"": 0.003780989410437409}"
primary,200,p0.05,nan,1.0,3,0.05,9.950000000000001,10.375,3,17,2075,2075,1.6051902349827163,0,1.0278892165911495,0.020557784331822995,nan,0.0,1.6051902349827163,6.407318990656405,13,"{""0"": 0.015740632891306422, ""1"": 0.019036509573845888, ""2"": 0.022194516514126482, ""3"": 0.016653663394312828, ""4"": 0.02181204578539834, ""5"": 0.02790933783194801}"
primary,200,p0.05,nan,1.0,3,0.05,9.950000000000001,10.375,3,17,2075,2075,1.6051902349827163,10,0.9029225197952425,0.01805845039590485,17.011691946076578,11.322948797783669,2.1237810756289877,2.0446381865246743,9,"{""0"": 0.0120723693972757, ""1"": 0.0034974535634950633, ""2"": 0.02235125142133727, ""3"": 0.017720711589306416, ""4"": 0.016073382174373523, ""5"": 0.03663553422964115}"
primary,200,p0.05,nan,1.0,3,0.05,9.950000000000001,10.375,3,17,2075,2075,1.6051902349827163,20,0.7318070538114714,0.014636141076229429,4.511611770226654,14.295476752974919,2.2074529197388775,4.371664661969085,12,"{""0"": 0.015575494987750255, ""1"": 0.012277027279332591, ""2"": 0.0069045172543086035, ""3"": 0.0073477965726582665, ""4"": 0.018961544796713508, ""5"": 0.026750465566613358}"
primary,200,p0.05,nan,1.0,3,0.05,9.950000000000001,10.375,3,17,2075,2075,1.6051902349827163,30,0.6699844584160443,0.013399689168320886,12.729243827499703,14.873764877597319,2.2172126499636944,3.7125170269894996,12,"{""0"": 0.010518623211529661, ""1"": 0.009031667461532394, ""2"": 0.008622467443317083, ""3"": 0.01302548879763834, ""4"": 0.013845762314253765, ""5"": 0.02535412578165409}"
primary,200,p0.05,nan,1.0,3,0.05,9.950000000000001,10.375,3,17,2075,2075,1.6051902349827163,40,0.557768896122616,0.011155377922452322,42.426370371578535,15.021280231038457,2.081717235677699,3.3149953016262947,12,"{""0"": 0.00633533641642, ""1"": 0.011304337750509303, ""2"": 0.015401260753715462, ""3"": 0.007384555779189554, ""4"": 0.007226049888502386, ""5"": 0.01928072694637722}"
primary,200,p0.05,nan,1.0,3,0.05,9.950000000000001,10.375,3,17,2075,2075,1.6051902349827163,50,0.5833381753934744,0.011666763507869491,14.897573538199552,15.627567248572436,2.0929920092262693,4.001201770261664,12,"{""0"": 0.008006010734331201, ""1"": 0.015721320731848697, ""2"": 0.018104882771143267, ""3"": 0.004709303925171909, ""4"": 0.009839461326211251, ""5"": 0.013619601558510632}"
primary,200,p0.05,nan,1.0,3,0.05,9.950000000000001,10.375,3,17,2075,2075,1.6051902349827163,60,0.45981217842515487,0.009196243568503099,3.398532666973736,15.88099980605494,2.1299972350453684,3.7465277063564133,13,"{""0"": 0.009623437835402492, ""1"": 0.00400459478532564, ""2"": 0.014708926791454125, ""3"": 0.0043451977261182, ""4"": 0.007514410895248647, ""5"": 0.014980893377469487}"
primary,200,p0.05,nan,1.0,3,0.05,9.950000000000001,10.375,3,17,2075,2075,1.6051902349827163,70,0.4912614787378266,0.009825229574756534,6.969967573025135,15.970820764179821,2.1292482363217498,3.5204479131904827,13,"{""0"": 0.012042874232315268, ""1"": 0.00399111566027881, ""2"": 0.014669599771440667, ""3"": 0.003895191115735193, ""4"": 0.005956363656354928, ""5"": 0.018396233012414328}"
primary,200,p0.05,nan,1.0,3,0.05,9.950000000000001,10.375,3,17,2075,2075,1.6051902349827163,80,0.48466645233844585,0.009693329046768919,8.431545638083856,16.1653833672275,2.1189731915879593,3.1618207782772787,12,"{""0"": 0.009736378180587231, ""1"": 0.003964995844420456, ""2"": 0.01689388555444183, ""3"": 0.004097184260212179, ""4"": 0.005166853640444479, ""5"": 0.01830067680050733}"
primary,200,p0.05,nan,1.0,3,0.05,9.950000000000001,10.375,3,17,2075,2075,1.6051902349827163,90,0.4680527385322567,0.009361054770645135,4.774045375240193,16.336501704656968,2.1092756166667335,3.233212697973765,12,"{""0"": 0.006606843074989271, ""1"": 0.00464348923490112, ""2"": 0.015960533335678366, ""3"": 0.003878070772903803, ""4"": 0.005831182243015349, ""5"": 0.01924620996238291}"
primary,200,p0.05,nan,1.0,3,0.05,9.950000000000001,10.375,3,17,2075,2075,1.6051902349827163,100,0.47471943597854677,0.009494388719570937,14.11552881133521,16.345028469572373,2.11675255930131,3.2789835544179122,12,"{""0"": 0.006620304562916771, ""1"": 0.004576363551455917, ""2"": 0.01400094855398903, ""3"": 0.0037238130597954666, ""4"": 0.005864522638707704, ""5"": 0.022180379950560734}"
primary,200,p0.05,nan,1.0,3,0.05,9.950000000000001,10.375,3,17,2075,2075,1.6051902349827163,110,0.4459462635015975,0.008918925270031951,17.10026014565279,16.53563123180171,2.1408697014419724,3.3447918011137077,12,"{""0"": 0.006900197363413384, ""1"": 0.0043690849790209586, ""2"": 0.013473993601641495, ""3"": 0.003767602227189258, ""4"": 0.005663289454877464, ""5"": 0.019339383994049143}"
primary,200,p0.05,nan,1.0,3,0.05,9.950000000000001,10.375,3,17,2075,2075,1.6051902349827163,120,0.4587350461500676,0.009174700923001353,7.25773472058405,16.62923967116573,2.1429904192540596,3.2962149627560797,12,"{""0"": 0.007438475326337986, ""1"": 0.003983511890682906, ""2"": 0.011987179765426657, ""3"": 0.0037871756836722627, ""4"": 0.005482643786355533, ""5"": 0.022369219085532775}"
primary,200,p0.05,nan,1.0,3,0.05,9.950000000000001,10.375,3,17,2075,2075,1.6051902349827163,130,0.47150424421317344,0.00943008488426347,7.0628807574384105,16.72985066086715,2.1441625616357256,3.1400427367137422,12,"{""0"": 0.007567241259724048, ""1"": 0.004141935024021438, ""2"": 0.013996280783225712, ""3"": 0.003685542722438358, ""4"": 0.005265772032927493, ""5"": 0.02192373748324377}"
primary,200,p0.05,nan,1.0,3,0.05,9.950000000000001,10.375,3,17,2075,2075,1.6051902349827163,140,0.46426710465157134,0.009285342093031428,23.068599730282642,16.846592411424847,2.1539728631417363,3.3147433657264456,12,"{""0"": 0.00819418100930674, ""1"": 0.003981147412945095, ""2"": 0.011825330084805066, ""3"": 0.0037592019188789176, ""4"": 0.005102770217515451, ""5"": 0.0228494219147373}"
primary,200,p0.05,nan,1.0,3,0.05,9.950000000000001,10.375,3,17,2075,2075,1.6051902349827163,150,0.4653156502563686,0.009306313005127374,5.2054891954442954,16.887779468127814,2.147149152911496,3.4152256730502777,12,"{""0"": 0.008728505847742363, ""1"": 0.004064547205126433, ""2"": 0.01094207986452629, ""3"": 0.0035608774738750786, ""4"": 0.005236598872348902, ""5"": 0.023305268767145174}"
primary,200,p0.05,nan,1.0,3,0.05,9.950000000000001,10.375,3,17,2075,2075,1.6051902349827163,160,0.4567193399122729,0.00913438679824546,13.669507080431165,16.919831828545185,2.146671143062628,3.374583439518413,12,"{""0"": 0.007734947640623031, ""1"": 0.004001832459474877, ""2"": 0.010534057431052273, ""3"": 0.0035976683577923587, ""4"": 0.005319527061636261, ""5"": 0.023618287838893963}"
primary,200,p0.05,nan,1.0,3,0.05,9.950000000000001,10.375,3,17,2075,2075,1.6051902349827163,170,0.41778867094704286,0.008355773418940858,5.945550663099619,17.0075192854731,2.1567462466248473,3.5153121319966414,12,"{""0"": 0.008147836309209632, ""1"": 0.003430578658454405, ""2"": 0.008188662257973574, ""3"": 0.0037197799986600152, ""4"": 0.004662599174333612, ""5"": 0.021985184115013906}"
primary,200,p0.05,nan,1.0,3,0.05,9.950000000000001,10.375,3,17,2075,2075,1.6051902349827163,180,0.42006700147512777,0.008401340029502557,15.810095543130135,17.02670948919682,2.1457047659244535,3.532055915413836,12,"{""0"": 0.008447158085794168, ""1"": 0.0036057641555304306, ""2"": 0.008323751162404417, ""3"": 0.0038433473315390627, ""4"": 0.004632557869159427, ""5"": 0.021555461572587826}"
primary,200,p0.05,nan,1.0,3,0.05,9.950000000000001,10.375,3,17,2075,2075,1.6051902349827163,190,0.40618134360337643,0.00812362687206753,3.0380067446135555,17.02326974624948,2.1513631383796525,3.4830260982547214,12,"{""0"": 0.007774209845065565, ""1"": 0.0034829502066709658, ""2"": 0.00803282254895394, ""3"": 0.004169466252852761, ""4"": 0.0041455521658377344, ""5"": 0.02113676021302421}"
primary,200,p0.05,nan,1.0,3,0.05,9.950000000000001,10.375,3,17,2075,2075,1.6051902349827163,200,0.40759939537683804,0.008151987907536762,12.13841605477608,17.08397004638528,2.160080537048904,3.5347620564322138,12,"{""0"": 0.008422994500287193, ""1"": 0.003393213226498236, ""2"": 0.008067004019427408, ""3"": 0.004064014811013278, ""4"": 0.004164999873539283, ""5"": 0.020799701014455167}"
primary,200,p0.10,nan,1.0,3,0.1,19.900000000000002,20.3,8,30,4060,4060,1.5210844010366658,0,1.0107069702675244,0.020214139405350492,nan,0.0,1.5210844010366658,5.71642180945894,13,"{""0"": 0.021096903805746647, ""1"": 0.019903112850135123, ""2"": 0.018335758746592615, ""3"": 0.022048621421798056, ""4"": 0.01911112547450603, ""5"": 0.0207893141333245}"
primary,200,p0.10,nan,1.0,3,0.1,19.900000000000002,20.3,8,30,4060,4060,1.5210844010366658,10,1.0521326107514009,0.02104265221502802,20.267047579097852,13.57575097998625,2.1151412447357876,2.0796834110689937,5,"{""0"": 0.015543459896847366, ""1"": 0.0015208545363458712, ""2"": 0.031484588359847986, ""3"": 0.01910662293733189, ""4"": 0.00883018311822822, ""5"": 0.04977020444156678}"
primary,200,p0.10,nan,1.0,3,0.1,19.900000000000002,20.3,8,30,4060,4060,1.5210844010366658,20,0.6576483050577939,0.01315296610115588,1.5345575786858836,15.192046090863094,2.392067387466571,2.8280739425512027,7,"{""0"": 0.018200660217565265, ""1"": 0.009720907062967963, ""2"": 0.01744942399030205, ""3"": 0.0011251454850450563, ""4"": 0.01925141667709006, ""5"": 0.013170243173964886}"
primary,200,p0.10,nan,1.0,3,0.1,19.900000000000002,20.3,8,30,4060,4060,1.5210844010366658,30,0.5953258554838574,0.01190651710967715,14.644997402703371,16.670760179655716,2.307031790534012,3.069884729779769,8,"{""0"": 0.008897368320255042, ""1"": 0.008087251692459442, ""2"": 0.009563138682968741, ""3"": 0.009136663413749637, ""4"": 0.016356554518540123, ""5"": 0.019398126030089925}"
primary,200,p0.10,nan,1.0,3,0.1,19.900000000000002,20.3,8,30,4060,4060,1.5210844010366658,40,0.5941296957583232,0.011882593915166466,5.268767364506994,17.283257045403683,2.1303729698417113,3.617726702497451,11,"{""0"": 0.010706274826331519, ""1"": 0.009447940562654057, ""2"": 0.022814621922449645, ""3"": 0.01447695081695149, ""4"": 0.00854413009018686, ""5"": 0.00530564527242523}"
primary,200,p0.10,nan,1.0,3,0.1,19.900000000000002,20.3,8,30,4060,4060,1.5210844010366658,50,0.5185602219265888,0.010371204438531777,1.040387590961019,17.340124841002975,2.085149880623338,3.3439429086236454,10,"{""0"": 0.020145822076667857, ""1"": 0.010276531667067004, ""2"": 0.012767271223022824, ""3"": 0.006197356115835696, ""4"": 0.0069232592022574115, ""5"": 0.0059169863463398665}"
primary,200,p0.10,nan,1.0,3,0.1,19.900000000000002,20.3,8,30,4060,4060,1.5210844010366658,60,0.4628100658473882,0.009256201316947765,11.41520223815996,17.509945137120116,2.078470578822258,3.059156511385397,9,"{""0"": 0.021213607029065794, ""1"": 0.003924292704772054, ""2"": 0.016875851208232623, ""3"": 0.004959785602077881, ""4"": 0.0033653310435865814, ""5"": 0.0051983403139516556}"
primary,200,p0.10,nan,1.0,3,0.1,19.900000000000002,20.3,8,30,4060,4060,1.5210844010366658,70,0.404606355900606,0.00809212711801212,1.8315400383358038,17.637622340496968,2.141444277404235,2.72573349720059,8,"{""0"": 0.008907630577252917, ""1"": 0.002842015046736492, ""2"": 0.015920506787708545, ""3"": 0.01056725666170329, ""4"": 0.001985712775813429, ""5"": 0.008329640858858048}"
primary,200,p0.10,nan,1.0,3,0.1,19.900000000000002,20.3,8,30,4060,4060,1.5210844010366658,80,0.39851440809047317,0.007970288161809464,1.942413473825626,17.80695204218354,2.124496155074208,2.571266873903638,8,"{""0"": 0.0077249520185386725, ""1"": 0.002379221826432469, ""2"": 0.018938317993170133, ""3"": 0.009786891216256883, ""4"": 0.0018090265068723206, ""5"": 0.0071833194095863055}"
primary,200,p0.10,nan,1.0,3,0.1,19.900000000000002,20.3,8,30,4060,4060,1.5210844010366658,90,0.36314994724826816,0.0072629989449653634,2.607776033184276,17.839830556211574,2.129767178448914,2.5960806265265535,7,"{""0"": 0.004221849424115592, ""1"": 0.0029895525382533155, ""2"": 0.020307759520066766, ""3"": 0.005773025930621595, ""4"": 0.002664863491501411, ""5"": 0.007620942765233507}"
primary,200,p0.10,nan,1.0,3,0.1,19.900000000000002,20.3,8,30,4060,4060,1.5210844010366658,100,0.3017198425642808,0.006034396851285617,14.117358013427797,17.98727145528427,2.1306704174992035,2.489065302078893,7,"{""0"": 0.0040342572080607885, ""1"": 0.0028121965278273156, ""2"": 0.014583002574930112, ""3"": 0.004756035485122778, ""4"": 0.0026688658043303322, ""5"": 0.007352023507442374}"
primary,200,p0.10,nan,1.0,3,0.1,19.900000000000002,20.3,8,30,4060,4060,1.5210844010366658,110,0.28232824293403935,0.005646564858680788,18.1906397464155,18.067127840875028,2.149079698162933,2.7030635302698798,8,"{""0"": 0.004035086650282107, ""1"": 0.0023570828417985717, ""2"": 0.012578238702146301, ""3"": 0.005663645692777675, ""4"": 0.002930425516391922, ""5"": 0.006314909748688156}"
primary,200,p0.10,nan,1.0,3,0.1,19.900000000000002,20.3,8,30,4060,4060,1.5210844010366658,120,0.29210092392440207,0.005842018478488043,1.253459650066435,18.153700927598567,2.1528284371737882,2.6091197737257934,7,"{""0"": 0.0042675169295957015, ""1"": 0.002021498549131755, ""2"": 0.013411982221989954, ""3"": 0.006473018177060516, ""4"": 0.0028049896158148704, ""5"": 0.00607310537733546}"
primary,200,p0.10,nan,1.0,3,0.1,19.900000000000002,20.3,8,30,4060,4060,1.5210844010366658,130,0.2861264994032974,0.005722529988065948,4.1947424654582735,18.248882086794424,2.1255694803230383,2.5836098206687836,7,"{""0"": 0.003992129327722765, ""1"": 0.0019431084067582688, ""2"": 0.013363891505467912, ""3"": 0.006622681271455359, ""4"": 0.002052798335773889, ""5"": 0.006360571081217495}"
primary,200,p0.10,nan,1.0,3,0.1,19.900000000000002,20.3,8,30,4060,4060,1.5210844010366658,140,0.27976128943950873,0.005595225788790175,0.6560709611530662,18.42439445090162,2.1417050689624055,2.5402629526384395,7,"{""0"": 0.003712638885367655, ""1"": 0.001856963030180931, ""2"": 0.013874914150406831, ""3"": 0.006539767187095419, ""4"": 0.0017307342977531414, ""5"": 0.005856337181937075}"
primary,200,p0.10,nan,1.0,3,0.1,19.900000000000002,20.3,8,30,4060,4060,1.5210844010366658,150,0.26060360936370014,0.005212072187274004,0.5382024344738277,18.422142134794132,2.120630723678487,2.613137108705603,7,"{""0"": 0.0032619585377204074, ""1"": 0.0020248933983869656, ""2"": 0.012865768075981016, ""3"": 0.005066446358995639, ""4"": 0.002177086844710808, ""5"": 0.005876279907849184}"
primary,200,p0.10,nan,1.0,3,0.1,19.900000000000002,20.3,8,30,4060,4060,1.5210844010366658,160,0.2549469236240797,0.0050989384724815946,4.118414473310856,18.473407095174267,2.1253719473347776,2.525667791350339,7,"{""0"": 0.0032656109039921393, ""1"": 0.0018275696486618608, ""2"": 0.011906769632921775, ""3"": 0.0046525940909490126, ""4"": 0.0027574281979695896, ""5"": 0.006183658360395191}"
primary,200,p0.10,nan,1.0,3,0.1,19.900000000000002,20.3,8,30,4060,4060,1.5210844010366658,170,0.20997771923560474,0.004199554384712096,0.7776462658547284,18.619331669426757,2.1349401690495156,2.7111321213992605,7,"{""0"": 0.0034223207464228675, ""1"": 0.0018232285712192673, ""2"": 0.0063941484518904, ""3"": 0.004874112890894205, ""4"": 0.0032192353848571735, ""5"": 0.005464280262988659}"
primary,200,p0.10,nan,1.0,3,0.1,19.900000000000002,20.3,8,30,4060,4060,1.5210844010366658,180,0.20334604779993715,0.004066920955998744,2.285432961865216,18.652038836234816,2.139110730939057,2.75679077643533,7,"{""0"": 0.00327995305486723, ""1"": 0.002353032451083834, ""2"": 0.0055686940801531705, ""3"": 0.004430107369087713, ""4"": 0.0036103828013475726, ""5"": 0.005159355979452945}"
primary,200,p0.10,nan,1.0,3,0.1,19.900000000000002,20.3,8,30,4060,4060,1.5210844010366658,190,0.2138942754519654,0.0042778855090393085,0.9803530099921891,18.707202069923,2.140649665369904,2.721900637229506,7,"{""0"": 0.0032785558630711808, ""1"": 0.002164457354899935, ""2"": 0.006300383941507543, ""3"": 0.005101821130113642, ""4"": 0.003692040479073411, ""5"": 0.005130054285570138}"
primary,200,p0.10,nan,1.0,3,0.1,19.900000000000002,20.3,8,30,4060,4060,1.5210844010366658,200,0.20431166356372013,0.004086233271274403,4.564996324637223,18.83940745920668,2.146474031662715,2.667904970662519,7,"{""0"": 0.0032160617315667274, ""1"": 0.0024941852539208413, ""2"": 0.006610173697748226, ""3"": 0.00439789181687966, ""4"": 0.0025166564698889263, ""5"": 0.005282430657642039}"
primary,200,p0.20,nan,1.0,3,0.2,39.800000000000004,39.87,24,55,7974,7974,1.5386710773925683,0,1.0066999229471827,0.020133998458943658,nan,0.0,1.5386710773925683,4.917804883290379,12,"{""0"": 0.02059791465420443, ""1"": 0.021629025662257155, ""2"": 0.018163129245565533, ""3"": 0.01819889971166405, ""4"": 0.022586830807414925, ""5"": 0.01962819067255584}"
primary,200,p0.20,nan,1.0,3,0.2,39.800000000000004,39.87,24,55,7974,7974,1.5386710773925683,10,0.5178935091001534,0.010357870182003069,5.739047443665544,10.366743683273995,1.920572276131812,2.40031266182681,3,"{""0"": 0.006470042187870502, ""1"": 0.01016409308443412, ""2"": 0.018150165413007176, ""3"": 0.0048663591413928295, ""4"": 0.015791069728508175, ""5"": 0.0067054915368056165}"
primary,200,p0.20,nan,1.0,3,0.2,39.800000000000004,39.87,24,55,7974,7974,1.5386710773925683,20,0.8465235918746734,0.01693047183749347,0.15027855920965114,12.163151767114714,2.257041269931747,2.5964212595943903,4,"{""0"": 0.04765635913809644, ""1"": 0.004873785931265566, ""2"": 0.013290339264391673, ""3"": 0.0024386673465659676, ""4"": 0.012304330348253702, ""5"": 0.021019348996387473}"
primary,200,p0.20,nan,1.0,3,0.2,39.800000000000004,39.87,24,55,7974,7974,1.5386710773925683,30,0.555718451354432,0.011114369027088641,0.10773302245354291,13.332844575506185,2.180960851928682,2.6788917238182925,5,"{""0"": 0.013471327473098312, ""1"": 0.01020406609250149, ""2"": 0.008139376113666408, ""3"": 0.005235884567360393, ""4"": 0.014515620097255193, ""5"": 0.015119939818650046}"
primary,200,p0.20,nan,1.0,3,0.2,39.800000000000004,39.87,24,55,7974,7974,1.5386710773925683,40,0.520065230381881,0.010401304607637621,3.019752613619648,14.306092048749456,1.9169529029667072,2.8450935701567537,5,"{""0"": 0.004599954954450237, ""1"": 0.010591592369697696, ""2"": 0.01737031519461315, ""3"": 0.02055936866534181, ""4"": 0.007938562693748099, ""5"": 0.0013480337679747417}"
primary,200,p0.20,nan,1.0,3,0.2,39.800000000000004,39.87,24,55,7974,7974,1.5386710773925683,50,0.32401273068315506,0.006480254613663102,1.004535329632583,15.003314793673985,1.9213975284479432,2.7314333702072626,5,"{""0"": 0.0033312069299906944, ""1"": 0.011034706045653483, ""2"": 0.004206114758922131, ""3"": 0.00884429875397921, ""4"": 0.010676610263456038, ""5"": 0.0007885909299770528}"
primary,200,p0.20,nan,1.0,3,0.2,39.800000000000004,39.87,24,55,7974,7974,1.5386710773925683,60,0.3742239297044718,0.0074844785940894375,0.5223978802132813,15.344678341429315,1.9673026471018367,2.703284152216022,5,"{""0"": 0.006468977427750923, ""1"": 0.005044278797743865, ""2"": 0.011577796658776887, ""3"": 0.0153995452809171, ""4"": 0.0041227144435614866, ""5"": 0.002293558955786367}"
primary,200,p0.20,nan,1.0,3,0.2,39.800000000000004,39.87,24,55,7974,7974,1.5386710773925683,70,0.3300596018692296,0.006601192037384593,3.671892873072753,15.736655986880816,1.949775295377699,2.516117337551088,4,"{""0"": 0.006514319692249528, ""1"": 0.001922015203798214, ""2"": 0.012134275601250372, ""3"": 0.012253625702035848, ""4"": 0.0035091766870317454, ""5"": 0.0032737393379418493}"
primary,200,p0.20,nan,1.0,3,0.2,39.800000000000004,39.87,24,55,7974,7974,1.5386710773925683,80,0.37770550065310643,0.00755411001306213,9.280545025574991,15.953818808673502,1.981669684381072,2.6595166139475586,5,"{""0"": 0.0038712609945654257, ""1"": 0.001164288732450906, ""2"": 0.019798064936959982, ""3"": 0.013646682291872306, ""4"": 0.001651311382989483, ""5"": 0.0051930517395346815}"
primary,200,p0.20,nan,1.0,3,0.2,39.800000000000004,39.87,24,55,7974,7974,1.5386710773925683,90,0.3500069846615074,0.007000139693230149,0.8668308118513499,16.037006255620483,2.03863360668257,2.662454884758912,5,"{""0"": 0.003178260411339195, ""1"": 0.0009484985459831585, ""2"": 0.019238015340636783, ""3"": 0.01194218892025688, ""4"": 0.0013569513600057224, ""5"": 0.005336923581159151}"
primary,200,p0.20,nan,1.0,3,0.2,39.800000000000004,39.87,24,55,7974,7974,1.5386710773925683,100,0.2803183829887274,0.005606367659774549,26.231768562718003,16.440038865046507,2.030803878908514,2.7408623848281337,5,"{""0"": 0.003928953365904259, ""1"": 0.0013570618163764156, ""2"": 0.01763754261467313, ""3"": 0.005467012087107654, ""4"": 0.0005604562649474912, ""5"": 0.004687179809638347}"
primary,200,p0.20,nan,1.0,3,0.2,39.800000000000004,39.87,24,55,7974,7974,1.5386710773925683,110,0.2223547541209012,0.0044470950824180245,0.2673973336067743,17.04771457936914,1.9908567467465907,2.8121071465123273,5,"{""0"": 0.004471020616586666, ""1"": 0.001283101866682359, ""2"": 0.012328473631250886, ""3"": 0.003045392919707094, ""4"": 0.0019319134511246398, ""5"": 0.0036226680091565066}"
primary,200,p0.20,nan,1.0,3,0.2,39.800000000000004,39.87,24,55,7974,7974,1.5386710773925683,120,0.20387213926291417,0.0040774427852582834,0.1438325995532112,17.150923723621474,1.9803880382117325,2.7539464788669608,5,"{""0"": 0.004344887868629297, ""1"": 0.0010541244077868928, ""2"": 0.011993599689626714, ""3"": 0.00200306968485246, ""4"": 0.0012267191587343278, ""5"": 0.003842255901920009}"
primary,200,p0.20,nan,1.0,3,0.2,39.800000000000004,39.87,24,55,7974,7974,1.5386710773925683,130,0.20365172031074918,0.004073034406214984,2.6150995410524436,17.26952257031861,1.987701127433389,2.753665079394044,5,"{""0"": 0.0042362829015540025, ""1"": 0.0011903275350489955, ""2"": 0.011915291861525453, ""3"": 0.002157183225663209, ""4"": 0.0007160260463825808, ""5"": 0.004223094867115672}"
primary,200,p0.20,nan,1.0,3,0.2,39.800000000000004,39.87,24,55,7974,7974,1.5386710773925683,140,0.18244190055260032,0.0036488380110520067,0.6822896362995738,17.510260356804363,2.021105111456907,2.793328704349432,5,"{""0"": 0.0031567658822616246, ""1"": 0.0014939520685772947, ""2"": 0.01123446718607151, ""3"": 0.0020303216635099643, ""4"": 0.0012528965114305603, ""5"": 0.0027246247544610875}"
primary,200,p0.20,nan,1.0,3,0.2,39.800000000000004,39.87,24,55,7974,7974,1.5386710773925683,150,0.14609659287608445,0.002921931857521689,0.5674162104199132,17.70931602249752,1.9955068786625434,2.83342342481853,5,"{""0"": 0.003649505588954135, ""1"": 0.0009729343039714622, ""2"": 0.007110181588533218, ""3"": 0.0023470224504053773, ""4"": 0.0017005088063691653, ""5"": 0.0017514384068967764}"
primary,200,p0.20,nan,1.0,3,0.2,39.800000000000004,39.87,24,55,7974,7974,1.5386710773925683,160,0.16097049577454167,0.0032194099154908336,0.5477987943031817,17.846271218418583,1.989660700925218,2.8269560385348322,5,"{""0"": 0.003050970676889876, ""1"": 0.0009786990796281044, ""2"": 0.009804524842377243, ""3"": 0.0024147198104801978, ""4"": 0.0018873689355404992, ""5"": 0.0011801761480290847}"
primary,200,p0.20,nan,1.0,3,0.2,39.800000000000004,39.87,24,55,7974,7974,1.5386710773925683,170,0.14549130349083444,0.0029098260698166892,0.11647975104425944,17.919730156757538,1.972178728039248,2.8600089093684367,5,"{""0"": 0.0032889698105055903, ""1"": 0.0010381212525770167, ""2"": 0.007267602785584833, ""3"": 0.002437430531995135, ""4"": 0.0023152830615782724, ""5"": 0.0011115489766592896}"
primary,200,p0.20,nan,1.0,3,0.2,39.800000000000004,39.87,24,55,7974,7974,1.5386710773925683,180,0.1532601280252087,0.0030652025605041743,5.5513139878565525,17.987492633130437,1.9914266368047011,2.860971043560829,5,"{""0"": 0.00332724054275233, ""1"": 0.0012783169441566093, ""2"": 0.007267610462640928, ""3"": 0.0023662310801005693, ""4"": 0.0029090991545045073, ""5"": 0.0012427171788700995}"
primary,200,p0.20,nan,1.0,3,0.2,39.800000000000004,39.87,24,55,7974,7974,1.5386710773925683,190,0.15287954161210127,0.0030575908322420255,0.5687880209072986,18.066346884317863,1.9890544595659956,2.86636848058616,5,"{""0"": 0.003357859764383162, ""1"": 0.0012960820328920893, ""2"": 0.0068849214459345024, ""3"": 0.00233131277491477, ""4"": 0.003320659658192312, ""5"": 0.0011547093171353179}"
primary,200,p0.20,nan,1.0,3,0.2,39.800000000000004,39.87,24,55,7974,7974,1.5386710773925683,200,0.17931979139492274,0.003586395827898455,28.37456073509793,18.108224578584913,1.9737817524563974,2.844479367156984,5,"{""0"": 0.0037169532174450696, ""1"": 0.0012638039312872409, ""2"": 0.009754412654779535, ""3"": 0.0027887643318163183, ""4"": 0.0030889094331500613, ""5"": 0.0009055313989125054}"
primary,200,p0.40,nan,1.0,3,0.4,79.60000000000001,79.135,60,97,15827,15827,1.6201387639837361,0,0.9818430657069699,0.0196368613141394,nan,0.0,1.6201387639837361,7.709489428035659,14,"{""0"": 0.016513334541243138, ""1"": 0.021396501662154205, ""2"": 0.01991888544752144, ""3"": 0.020485591946657618, ""4"": 0.019168914877194253, ""5"": 0.02033793941006575}"
primary,200,p0.40,nan,1.0,3,0.4,79.60000000000001,79.135,60,97,15827,15827,1.6201387639837361,10,0.5421915152141904,0.010843830304283809,6.628341281887141,11.012013957137235,2.1001916820664523,2.4484717502440065,3,"{""0"": 0.007210686180106221, ""1"": 0.008807860373817618, ""2"": 0.00418061167778299, ""3"": 0.018413143197963493, ""4"": 0.024310967976636212, ""5"": 0.002139712419396314}"
primary,200,p0.40,nan,1.0,3,0.4,79.60000000000001,79.135,60,97,15827,15827,1.6201387639837361,20,0.34921458928367227,0.0069842917856734466,0.87796772766944,11.950754640254223,2.199757281861607,2.243641717849866,3,"{""0"": 0.001739764517718624, ""1"": 0.01384638663699014, ""2"": 0.0007036959895498199, ""3"": 0.006918925904307769, ""4"": 0.014161977335953316, ""5"": 0.004535000329521005}"
primary,200,p0.40,nan,1.0,3,0.4,79.60000000000001,79.135,60,97,15827,15827,1.6201387639837361,30,0.3664805635340691,0.007329611270681383,0.17286644989046143,13.43451609508769,1.9189950420112352,2.692598754385181,4,"{""0"": 0.0036585510134992554, ""1"": 0.010228488784930989, ""2"": 0.003103951241482064, ""3"": 0.01549291880989039, ""4"": 0.0005068012263801887, ""5"": 0.010986956547905406}"
primary,200,p0.40,nan,1.0,3,0.4,79.60000000000001,79.135,60,97,15827,15827,1.6201387639837361,40,0.26806383931548444,0.005361276786309689,2.7368105321299323,14.67028527704599,2.1862351566562808,2.6546951886733847,4,"{""0"": 0.003538976061955597, ""1"": 0.010312443727136491, ""2"": 0.0019089763880813277, ""3"": 0.011873802507630055, ""4"": 0.0038535383845122438, ""5"": 0.0006799236485424198}"
primary,200,p0.40,nan,1.0,3,0.4,79.60000000000001,79.135,60,97,15827,15827,1.6201387639837361,50,0.34455379966802535,0.0068910759933605075,0.8403414418635097,15.629513406090718,2.1733801180852512,2.595010832561193,4,"{""0"": 0.003989510385475125, ""1"": 0.011036620534070202, ""2"": 0.000357648074925109, ""3"": 0.022108137069901185, ""4"": 0.0034008946434280762, ""5"": 0.00045364525236334596}"
primary,200,p0.40,nan,1.0,3,0.4,79.60000000000001,79.135,60,97,15827,15827,1.6201387639837361,60,0.23863750908096293,0.00477275018161926,0.08170960844391816,15.91022475064226,2.142667348077503,2.5854242494100923,3,"{""0"": 0.004271511150338732, ""1"": 0.007455532263705583, ""2"": 0.0003048536964037663, ""3"": 0.0157120352673144, ""4"": 0.00042004287594107887, ""5"": 0.00047252583601199553}"
primary,200,p0.40,nan,1.0,3,0.4,79.60000000000001,79.135,60,97,15827,15827,1.6201387639837361,70,0.2537228271177023,0.005074456542354046,9.345115967977925,17.38941285020207,2.1591028778146066,2.5516003509128278,3,"{""0"": 0.007317956250231383, ""1"": 0.011668498558595034, ""2"": 0.007697741192378958, ""3"": 0.002982200825458016, ""4"": 0.00048683865790851555, ""5"": 0.0002935037695523628}"
primary,200,p0.40,nan,1.0,3,0.4,79.60000000000001,79.135,60,97,15827,15827,1.6201387639837361,80,0.2526706671310229,0.005053413342620459,0.5781485109261858,17.919709734934898,2.1025611921306626,2.4785384997814885,3,"{""0"": 0.006414520363683981, ""1"": 0.00970642797596517, ""2"": 0.009371183892463244, ""3"": 0.0038646312357746362, ""4"": 0.0003642250018708185, ""5"": 0.0005994915859649014}"
primary,200,p0.40,nan,1.0,3,0.4,79.60000000000001,79.135,60,97,15827,15827,1.6201387639837361,90,0.15301811156446243,0.003060362231289249,0.56753886806295,18.293890864446432,2.0930291442099125,2.5675351098787544,3,"{""0"": 0.0005067402858443501, ""1"": 0.007350730240793539, ""2"": 0.005464461655205948, ""3"": 0.003983049518808259, ""4"": 0.0003204334225113518, ""5"": 0.0007367582645720441}"
primary,200,p0.40,nan,1.0,3,0.4,79.60000000000001,79.135,60,97,15827,15827,1.6201387639837361,100,0.1317982110109121,0.0026359642202182423,0.19357424005764773,18.491851564716914,2.0594151782250147,2.5544912038827006,3,"{""0"": 0.0005285915997942758, ""1"": 0.006640189224775278, ""2"": 0.00363123280689655, ""3"": 0.003976290467974979, ""4"": 0.00034210783458282133, ""5"": 0.0006973733872855505}"
primary,200,p0.40,nan,1.0,3,0.4,79.60000000000001,79.135,60,97,15827,15827,1.6201387639837361,110,0.13115194195147517,0.0026230388390295037,1.6121504473505741,18.815037443458586,2.0807462077336254,2.5321980785146763,3,"{""0"": 0.0004794713508976428, ""1"": 0.004444462282076204, ""2"": 0.00587346111318873, ""3"": 0.004031541984814322, ""4"": 0.00036439406267150496, ""5"": 0.0005449022405286209}"
primary,200,p0.40,nan,1.0,3,0.4,79.60000000000001,79.135,60,97,15827,15827,1.6201387639837361,120,0.13036928595026692,0.0026073857190053386,0.29878130452751034,19.018426806296972,2.0834523686797586,2.5400136021231967,3,"{""0"": 0.0005611082090890443, ""1"": 0.004208001574609894, ""2"": 0.005817358201871162, ""3"": 0.0041233235353972785, ""4"": 0.0003342638485373187, ""5"": 0.0006002589445273342}"
primary,200,p0.40,nan,1.0,3,0.4,79.60000000000001,79.135,60,97,15827,15827,1.6201387639837361,130,0.13588804521809414,0.002717760904361883,0.4623698155085577,19.10806454694843,2.1296485053472627,2.5456598912896,3,"{""0"": 0.0005178353742530815, ""1"": 0.004456564988067439, ""2"": 0.006354789687792853, ""3"": 0.004006424904090251, ""4"": 0.00028829180270813345, ""5"": 0.0006826586692595386}"
primary,200,p0.40,nan,1.0,3,0.4,79.60000000000001,79.135,60,97,15827,15827,1.6201387639837361,140,0.14408790074148448,0.00288175801482969,0.8961273691738401,19.357123426849334,2.128749452002458,2.558362725481108,3,"{""0"": 0.0017822952174185312, ""1"": 0.004061820356342361, ""2"": 0.006419336861769387, ""3"": 0.003999867385859774, ""4"": 0.00029883050183205094, ""5"": 0.000728397765756033}"
primary,200,p0.40,nan,1.0,3,0.4,79.60000000000001,79.135,60,97,15827,15827,1.6201387639837361,150,0.09609934240714227,0.0019219868481428458,0.10677651540191678,19.593842837499363,2.1435404905840496,2.573792954270937,3,"{""0"": 0.0017565351017218734, ""1"": 0.004099228318682363, ""2"": 0.0007383650065368402, ""3"": 0.003991886261114508, ""4"": 0.00029866316285740194, ""5"": 0.0006472432379440862}"
primary,200,p0.40,nan,1.0,3,0.4,79.60000000000001,79.135,60,97,15827,15827,1.6201387639837361,160,0.13912982356481357,0.0027825964712962716,15.905243930443502,19.91160308389924,2.1756494059894815,2.5451040032629586,3,"{""0"": 0.0007057136037275072, ""1"": 0.00400479354795813, ""2"": 0.006815658873745264, ""3"": 0.004039988392045452, ""4"": 0.0003349538252422698, ""5"": 0.0007944705850590067}"
primary,200,p0.40,nan,1.0,3,0.4,79.60000000000001,79.135,60,97,15827,15827,1.6201387639837361,170,0.14204676002207633,0.0028409352004415273,0.11567950734197233,20.27452229980033,2.1968260245105635,2.5776034205198695,3,"{""0"": 0.0015968561292386927, ""1"": 0.004242983208841488, ""2"": 0.0061239931434004646, ""3"": 0.0040529047026401244, ""4"": 0.0003500931142814361, ""5"": 0.0006787809042469597}"
primary,200,p0.40,nan,1.0,3,0.4,79.60000000000001,79.135,60,97,15827,15827,1.6201387639837361,180,0.14376606141357767,0.0028753212282715537,0.37070232628494026,20.365524035422354,2.2020148262112764,2.572901721347415,3,"{""0"": 0.0016674783519969754, ""1"": 0.004179338575212082, ""2"": 0.0063724841821245605, ""3"": 0.004033534741146987, ""4"": 0.0003482137480912416, ""5"": 0.000650877771057474}"
primary,200,p0.40,nan,1.0,3,0.4,79.60000000000001,79.135,60,97,15827,15827,1.6201387639837361,190,0.13267353773761983,0.0026534707547523967,2.292383513620221,20.407801248930117,2.206930078463142,2.572777235372314,3,"{""0"": 0.0017551926916968652, ""1"": 0.004113630553614339, ""2"": 0.004854094689683016, ""3"": 0.004053941658420284, ""4"": 0.00036862999026988897, ""5"": 0.0007753349448299862}"
primary,200,p0.40,nan,1.0,3,0.4,79.60000000000001,79.135,60,97,15827,15827,1.6201387639837361,200,0.11380844409611497,0.0022761688819223,0.4113324180539704,20.499151170456,2.225945171065525,2.5406375792333593,3,"{""0"": 0.0006331442686429145, ""1"": 0.004092465536702861, ""2"": 0.0036734640423192765, ""3"": 0.00391300080292681, ""4"": 0.0003687932441469888, ""5"": 0.000976145396794949}"
primary,200,p0.05,nan,1.0,4,0.05,9.950000000000001,9.82,4,19,1964,1964,1.5874030774091823,0,1.0199343729069896,0.020398687458139792,nan,0.0,1.5874030774091823,5.437183027688483,13,"{""0"": 0.01978109192305775, ""1"": 0.019917645612646938, ""2"": 0.020663709362560186, ""3"": 0.020111114563705165, ""4"": 0.020346339013061616, ""5"": 0.02157222427380711}"
primary,200,p0.05,nan,1.0,4,0.05,9.950000000000001,9.82,4,19,1964,1964,1.5874030774091823,10,0.6265445955163633,0.012530891910327269,17.93385511695875,13.128869821216801,1.8485438345778584,2.311245439773274,6,"{""0"": 0.008933769131511879, ""1"": 0.01875916020226561, ""2"": 0.005527566080878092, ""3"": 0.01688014217210484, ""4"": 0.02017109542056804, ""5"": 0.004913618454635137}"
primary,200,p0.05,nan,1.0,4,0.05,9.950000000000001,9.82,4,19,1964,1964,1.5874030774091823,20,0.45504963883728267,0.009100992776745654,19.144019168533784,14.330500535079018,1.8345748929571541,2.4815428656922927,8,"{""0"": 0.007475807119215848, ""1"": 0.013974542416616793, ""2"": 0.006079958108264677, ""3"": 0.010128275141196932, ""4"": 0.01454336359072087, ""5"": 0.0024040102844588057}"
primary,200,p0.05,nan,1.0,4,0.05,9.950000000000001,9.82,4,19,1964,1964,1.5874030774091823,30,0.36279759316131505,0.007255951863226302,3.0011117300473864,14.807482232726562,1.8743667336917973,2.923706305948734,7,"{""0"": 0.00525253182826365, ""1"": 0.005595741033821911, ""2"": 0.010513980797934159, ""3"": 0.010600616129040948, ""4"": 0.009575363068882535, ""5"": 0.001997478321414615}"
primary,200,p0.05,nan,1.0,4,0.05,9.950000000000001,9.82,4,19,1964,1964,1.5874030774091823,40,0.3060444113879535,0.006120888227759071,2.972798004392198,15.391819803147115,1.9275224765428405,2.9693419681788096,7,"{""0"": 0.004448799766468893, ""1"": 0.0026522105787162333, ""2"": 0.008678764927957968, ""3"": 0.013553876104935586, ""4"": 0.005343221782371462, ""5"": 0.002048456206104279}"
primary,200,p0.05,nan,1.0,4,0.05,9.950000000000001,9.82,4,19,1964,1964,1.5874030774091823,50,0.3188420581938061,0.006376841163876124,1.4055366629598027,15.814623924964708,1.9268096626693927,2.967189170025811,7,"{""0"": 0.0050133461576165154, ""1"": 0.002846917319859026, ""2"": 0.010968194502614256, ""3"": 0.011598009086388633, ""4"": 0.006361319079665565, ""5"": 0.001473260837112749}"
primary,200,p0.05,nan,1.0,4,0.05,9.950000000000001,9.82,4,19,1964,1964,1.5874030774091823,60,0.32003463287629025,0.006400692657525806,43.64517902770189,16.41707007093477,1.9843991775691747,3.0664736686364966,8,"{""0"": 0.004335195859108659, ""1"": 0.005501116355203109, ""2"": 0.012186285970173651, ""3"": 0.0078123161157073445, ""4"": 0.006634503207149828, ""5"": 0.001934738437812248}"
primary,200,p0.05,nan,1.0,4,0.05,9.950000000000001,9.82,4,19,1964,1964,1.5874030774091823,70,0.3068006119304266,0.006136012238608533,1.3894171137750493,16.57394984044669,1.9312996976726349,3.314181791658207,8,"{""0"": 0.002334684302868918, ""1"": 0.005101840624100454, ""2"": 0.01443949132385861, ""3"": 0.005956798083566863, ""4"": 0.006897243871209885, ""5"": 0.0020860152260464672}"
primary,200,p0.05,nan,1.0,4,0.05,9.950000000000001,9.82,4,19,1964,1964,1.5874030774091823,80,0.3006898456747651,0.006013796913495302,4.0706778534540495,16.79637368187931,1.9598515147794218,3.327837452366908,8,"{""0"": 0.0020603207823379926, ""1"": 0.003975118756779004, ""2"": 0.015143648796801685, ""3"": 0.0066653904209300775, ""4"": 0.005962858708013507, ""5"": 0.002275444016109545}"
primary,200,p0.05,nan,1.0,4,0.05,9.950000000000001,9.82,4,19,1964,1964,1.5874030774091823,90,0.31007578239067146,0.00620151564781343,1.1833908946616214,16.996629312175834,2.0207187325712597,3.3110029272656663,8,"{""0"": 0.003495044854493084, ""1"": 0.003815389399333321, ""2"": 0.015453616642850384, ""3"": 0.006611764749161121, ""4"": 0.005477281240632273, ""5"": 0.002355997000410402}"
primary,200,p0.05,nan,1.0,4,0.05,9.950000000000001,9.82,4,19,1964,1964,1.5874030774091823,100,0.308931084034015,0.006178621680680301,1.2574785740720469,17.06660222804825,2.054778847744662,3.293016953215663,8,"{""0"": 0.003944341821226434, ""1"": 0.0024444460269813745, ""2"": 0.015484197835783347, ""3"": 0.007688442028252393, ""4"": 0.00550388403333852, ""5"": 0.0020064183384997337}"
primary,200,p0.05,nan,1.0,4,0.05,9.950000000000001,9.82,4,19,1964,1964,1.5874030774091823,110,0.29269259865547215,0.005853851973109444,2.5572317609909607,17.181304097104604,1.9964085012917536,3.234052781511585,7,"{""0"": 0.0032081785907945733, ""1"": 0.001969504256269441, ""2"": 0.01473441723764122, ""3"": 0.007998296033915582, ""4"": 0.004993807834364937, ""5"": 0.002218907885670907}"
primary,200,p0.05,nan,1.0,4,0.05,9.950000000000001,9.82,4,19,1964,1964,1.5874030774091823,120,0.2774300039785006,0.005548600079570013,1.593354256102693,17.165569119034398,2.002659402689024,3.1285007182263995,7,"{""0"": 0.003429197853115357, ""1"": 0.0013815388875661107, ""2"": 0.011500795125270264, ""3"": 0.010355295210338629, ""4"": 0.003944656599091259, ""5"": 0.0026801168020384536}"
primary,200,p0.05,nan,1.0,4,0.05,9.950000000000001,9.82,4,19,1964,1964,1.5874030774091823,130,0.27927698743693535,0.005585539748738708,5.608200736962329,17.18316445291624,2.009602149091325,3.073624267613097,7,"{""0"": 0.0033769704472148415, ""1"": 0.00108020854295102, ""2"": 0.011353234973483993, ""3"": 0.011498343240111342, ""4"": 0.003407142892163398, ""5"": 0.0027973383965076547}"
primary,200,p0.05,nan,1.0,4,0.05,9.950000000000001,9.82,4,19,1964,1964,1.5874030774091823,140,0.27603324636947923,0.005520664927389585,9.645908086243587,17.293361515920697,2.0090756742706284,3.0803484706819626,7,"{""0"": 0.0030753502391142745, ""1"": 0.0008882241468671108, ""2"": 0.011518480757827146, ""3"": 0.011265127492774144, ""4"": 0.003184724729811357, ""5"": 0.00319208219794348}"
primary,200,p0.05,nan,1.0,4,0.05,9.950000000000001,9.82,4,19,1964,1964,1.5874030774091823,150,0.29175756946261827,0.005835151389252366,1.0858558024763574,17.42990053840986,2.011408863730376,3.12192844906725,7,"{""0"": 0.002404221520820462, ""1"": 0.000881116661347938, ""2"": 0.01366003596015034, ""3"": 0.011127823151681173, ""4"": 0.003431547113102591, ""5"": 0.0035061639284116896}"
primary,200,p0.05,nan,1.0,4,0.05,9.950000000000001,9.82,4,19,1964,1964,1.5874030774091823,160,0.2766498645821634,0.005532997291643269,0.7214715817892257,17.391351646885408,2.0026464617260364,3.103733958530022,7,"{""0"": 0.002547773655854327, ""1"": 0.0009537354466794655, ""2"": 0.011977436262668685, ""3"": 0.011583226559236917, ""4"": 0.003099001535332959, ""5"": 0.0030368102900872602}"
primary,200,p0.05,nan,1.0,4,0.05,9.950000000000001,9.82,4,19,1964,1964,1.5874030774091823,170,0.28651876823103134,0.005730375364620627,3.968883570704022,17.455821041546663,2.0106828972961073,3.1359043228278956,7,"{""0"": 0.0024718230578793907, ""1"": 0.0009761223322462369, ""2"": 0.013727422793051105, ""3"": 0.010858608099742371, ""4"": 0.003344122108500008, ""5"": 0.0030041537963046505}"
primary,200,p0.05,nan,1.0,4,0.05,9.950000000000001,9.82,4,19,1964,1964,1.5874030774091823,180,0.2760932755792796,0.005521865511585592,7.923253189580457,17.509534898449584,2.0129995005070853,3.12749280183835,7,"{""0"": 0.002484207651850083, ""1"": 0.0010643838847133303, ""2"": 0.011259925990434511, ""3"": 0.011247082138085635, ""4"": 0.0037949278817830173, ""5"": 0.0032806655226469785}"
primary,200,p0.05,nan,1.0,4,0.05,9.950000000000001,9.82,4,19,1964,1964,1.5874030774091823,190,0.26953647470893843,0.0053907294941787694,3.9969633288302746,17.622772683447057,2.0187577349968056,3.1176562082537957,7,"{""0"": 0.002425690736014232, ""1"": 0.0010514161859859778, ""2"": 0.011016839047463495, ""3"": 0.01060700693535617, ""4"": 0.003931320013819782, ""5"": 0.0033121040464329636}"
primary,200,p0.05,nan,1.0,4,0.05,9.950000000000001,9.82,4,19,1964,1964,1.5874030774091823,200,0.2706458599473256,0.005412917198946513,6.599851001937111,17.69887607675572,2.0237514453746392,3.1291551703383584,7,"{""0"": 0.002502084565195731, ""1"": 0.0010877069587643502, ""2"": 0.011676733465214622, ""3"": 0.010078826315094196, ""4"": 0.003897020863798191, ""5"": 0.003235131025611986}"
primary,200,p0.10,nan,1.0,4,0.1,19.900000000000002,19.945,10,33,3989,3989,1.5407984626142104,0,1.0334750290352899,0.020669500580705803,nan,0.0,1.5407984626142104,7.063485995364253,13,"{""0"": 0.01961395606904374, ""1"": 0.022328662277193892, ""2"": 0.020573006660262617, ""3"": 0.019524534021371994, ""4"": 0.022013533453406144, ""5"": 0.01996331100295643}"
primary,200,p0.10,nan,1.0,4,0.1,19.900000000000002,19.945,10,33,3989,3989,1.5407984626142104,10,0.8003892837341474,0.016007785674682952,15.737271014545193,12.837988024342575,1.9784380266352828,2.9012100285649685,6,"{""0"": 0.03194447780135824, ""1"": 0.005430797303337511, ""2"": 0.002009054709713929, ""3"": 0.019176185924152912, ""4"": 0.013974198108854557, ""5"": 0.023512000200680543}"
primary,200,p0.10,nan,1.0,4,0.1,19.900000000000002,19.945,10,33,3989,3989,1.5407984626142104,20,0.32415166121502886,0.006483033224300579,0.6778094161567542,14.320033568038049,1.8819279876074584,2.9292993344755525,7,"{""0"": 0.006272075442132277, ""1"": 0.00546620137053891, ""2"": 0.001702803195473996, ""3"": 0.003218515388587335, ""4"": 0.013902735650028784, ""5"": 0.008335868299042173}"
primary,200,p0.10,nan,1.0,4,0.1,19.900000000000002,19.945,10,33,3989,3989,1.5407984626142104,30,0.2734213085173538,0.005468426170347077,24.580433659653533,15.17795181896039,1.923092144352713,2.804555648868634,6,"{""0"": 0.0030522799894749076, ""1"": 0.0063893013148614035, ""2"": 0.006170216248617236, ""3"": 0.0036370623902804147, ""4"": 0.010241678405045218, ""5"": 0.0033200186738032767}"
primary,200,p0.10,nan,1.0,4,0.1,19.900000000000002,19.945,10,33,3989,3989,1.5407984626142104,40,0.26014636631044263,0.005202927326208853,8.704928586458822,15.525609890559805,1.8875844494017568,2.7135014794309433,6,"{""0"": 0.0030075071004015018, ""1"": 0.00838315073902424, ""2"": 0.003331100537133885, ""3"": 0.005146095761790373, ""4"": 0.007880274921251314, ""5"": 0.0034694348976518027}"
primary,200,p0.10,nan,1.0,4,0.1,19.900000000000002,19.945,10,33,3989,3989,1.5407984626142104,50,0.32746640690866463,0.006549328138173294,3.7073925255913966,15.712019263539062,1.8927359055012465,2.599480900623799,6,"{""0"": 0.005154241812440853, ""1"": 0.0077277447083414705, ""2"": 0.0022047695210453484, ""3"": 0.01070387966051368, ""4"": 0.011900106873323452, ""5"": 0.001605226253374953}"
primary,200,p0.10,nan,1.0,4,0.1,19.900000000000002,19.945,10,33,3989,3989,1.5407984626142104,60,0.28348922663005827,0.005669784532601166,9.902909070868809,15.822239431000872,1.844893985661354,2.7181718562387247,7,"{""0"": 0.004203561856405237, ""1"": 0.010265094905714202, ""2"": 0.002336486275414875, ""3"": 0.003692614166155372, ""4"": 0.010468929909124137, ""5"": 0.0030520200827931715}"
primary,200,p0.10,nan,1.0,4,0.1,19.900000000000002,19.945,10,33,3989,3989,1.5407984626142104,70,0.26649374663359493,0.0053298749326719,2.806748093334579,16.140250707349953,1.859652324392521,2.8447175895322063,7,"{""0"": 0.0039817791063271645, ""1"": 0.008726544330798731, ""2"": 0.002600826843382733, ""3"": 0.0012557217439713659, ""4"": 0.009261219596461546, ""5"": 0.006153157975089855}"
primary,200,p0.10,nan,1.0,4,0.1,19.900000000000002,19.945,10,33,3989,3989,1.5407984626142104,80,0.238610961402767,0.0047722192280553405,28.34950222382853,16.31888389219286,1.870641400989791,3.0177594775041183,7,"{""0"": 0.004651629956821153, ""1"": 0.004105329722744779, ""2"": 0.002546749028093557, ""3"": 0.001080422169163027, ""4"": 0.008319577911024162, ""5"": 0.007929606580485363}"
primary,200,p0.10,nan,1.0,4,0.1,19.900000000000002,19.945,10,33,3989,3989,1.5407984626142104,90,0.22770724477852336,0.004554144895570468,0.12349712964412195,16.426087228575785,1.8736070848531474,2.9691717548138064,7,"{""0"": 0.004083293696965466, ""1"": 0.004863114774299362, ""2"": 0.001843792757440592, ""3"": 0.0012390152952794936, ""4"": 0.009034496349396008, ""5"": 0.006261156500041884}"
primary,200,p0.10,nan,1.0,4,0.1,19.900000000000002,19.945,10,33,3989,3989,1.5407984626142104,100,0.19995761936434936,0.003999152387286988,6.787840387968734,16.488846156515645,1.8817770133606264,2.925302800054602,7,"{""0"": 0.0017885502433814741, ""1"": 0.004344810444245109, ""2"": 0.002626874339204011, ""3"": 0.0010092335488804285, ""4"": 0.007142184233197913, ""5"": 0.007083261514812993}"
primary,200,p0.10,nan,1.0,4,0.1,19.900000000000002,19.945,10,33,3989,3989,1.5407984626142104,110,0.14339109269936262,0.002867821853987253,0.6872213432975789,16.606232533648768,1.8877275284099087,2.9877268804514197,7,"{""0"": 0.0011311826639212558, ""1"": 0.0022800751894677096, ""2"": 0.0022886167332958887, ""3"": 0.0009052716828928033, ""4"": 0.00414853133963093, ""5"": 0.0064532535147149295}"
primary,200,p0.10,nan,1.0,4,0.1,19.900000000000002,19.945,10,33,3989,3989,1.5407984626142104,120,0.13745830347988322,0.002749166069597665,0.5092594874660794,16.680934923554332,1.894969829599513,2.993625199390901,7,"{""0"": 0.0010948784477444753, ""1"": 0.002029872256120228, ""2"": 0.0022660782209395387, ""3"": 0.0008341465199880842, ""4"": 0.0036719460853276487, ""5"": 0.0065980748874660145}"
primary,200,p0.10,nan,1.0,4,0.1,19.900000000000002,19.945,10,33,3989,3989,1.5407984626142104,130,0.14018049398712257,0.0028036098797424515,14.160815520937954,16.68179602594568,1.8956853765484651,3.020477166872678,7,"{""0"": 0.0010982293678109111, ""1"": 0.0016737470367436398, ""2"": 0.0031807267981654426, ""3"": 0.0009001555890731317, ""4"": 0.002918902568301252, ""5"": 0.007049897918360333}"
primary,200,p0.10,nan,1.0,4,0.1,19.900000000000002,19.945,10,33,3989,3989,1.5407984626142104,140,0.14429973701998708,0.002885994740399742,0.5783358133227174,16.70759874415509,1.8883667691929615,2.9927749805478356,6,"{""0"": 0.0008472662152447395, ""1"": 0.0015431788526025355, ""2"": 0.005047534076080306, ""3"": 0.000759369562658117, ""4"": 0.0028229780727091363, ""5"": 0.006295641663103621}"
primary,200,p0.10,nan,1.0,4,0.1,19.900000000000002,19.945,10,33,3989,3989,1.5407984626142104,150,0.17012273089246907,0.003402454617849382,0.27637019535158786,16.737989557609424,1.9012289221329215,2.9187992969629253,6,"{""0"": 0.0006576966964197757, ""1"": 0.0009947740206934952, ""2"": 0.005996744123858527, ""3"": 0.0006600039306559538, ""4"": 0.0033816801355170123, ""5"": 0.008723828799951528}"
primary,200,p0.10,nan,1.0,4,0.1,19.900000000000002,19.945,10,33,3989,3989,1.5407984626142104,160,0.16975292925447077,0.003395058585089416,0.4483832659396439,16.810577942093573,1.906768363561549,2.8562042783481427,6,"{""0"": 0.0007328535833091959, ""1"": 0.0007404098757295759, ""2"": 0.006740783717234668, ""3"": 0.0006892095830970423, ""4"": 0.00134689309598632, ""5"": 0.010120201655179696}"
primary,200,p0.10,nan,1.0,4,0.1,19.900000000000002,19.945,10,33,3989,3989,1.5407984626142104,170,0.15888808383920647,0.00317776167678413,0.5881355244167104,16.83780370927589,1.9062855771152767,2.880566873847969,6,"{""0"": 0.0007198938877731074, ""1"": 0.0008138587865450981, ""2"": 0.0065588785553574985, ""3"": 0.0006582185299753965, ""4"": 0.0014581469381949974, ""5"": 0.008857573362858685}"
primary,200,p0.10,nan,1.0,4,0.1,19.900000000000002,19.945,10,33,3989,3989,1.5407984626142104,180,0.14328690675335068,0.002865738135067014,0.6806629077981928,16.891846621014924,1.9069115582419356,2.9243717515966345,6,"{""0"": 0.0006932669217361842, ""1"": 0.000844622205916147, ""2"": 0.006178101713302159, ""3"": 0.0006663643658635279, ""4"": 0.0016906028521321656, ""5"": 0.0071214707514519}"
primary,200,p0.10,nan,1.0,4,0.1,19.900000000000002,19.945,10,33,3989,3989,1.5407984626142104,190,0.12956971749805885,0.0025913943499611776,2.0389713778318552,16.99166919844863,1.9216152620462097,2.98113331720369,6,"{""0"": 0.0009362287440403636, ""1"": 0.0007243465233993951, ""2"": 0.0045173960055026, ""3"": 0.0007752500902896856, ""4"": 0.001691936801219884, ""5"": 0.006903207935315134}"
primary,200,p0.10,nan,1.0,4,0.1,19.900000000000002,19.945,10,33,3989,3989,1.5407984626142104,200,0.12675352035153403,0.002535070407030681,0.7985490663553174,17.07006479949056,1.9281766588073534,2.989960201455125,6,"{""0"": 0.0007720692448441116, ""1"": 0.0007039743913636452, ""2"": 0.004387714396649017, ""3"": 0.0007199635718076497, ""4"": 0.001788222746671203, ""5"": 0.006838478090848458}"
primary,200,p0.20,nan,1.0,4,0.2,39.800000000000004,39.95,26,58,7990,7990,1.5413045604875235,0,1.0012088844196154,0.020024177688392313,nan,0.0,1.5413045604875235,6.154317292034307,14,"{""0"": 0.021185906433211978, ""1"": 0.018437708730557962, ""2"": 0.020627070742194248, ""3"": 0.01916629024201969, ""4"": 0.02186230435688079, ""5"": 0.018865785625489215}"
primary,200,p0.20,nan,1.0,4,0.2,39.800000000000004,39.95,26,58,7990,7990,1.5413045604875235,10,0.5003471983471581,0.010006943966943163,12.507612323959377,12.280196576109416,1.813851510170846,2.4521894731786222,3,"{""0"": 0.031790233703767136, ""1"": 0.0056074929639732245, ""2"": 0.0006316193516944275, ""3"": 0.009655775575937109, ""4"": 0.005412841479301203, ""5"": 0.0069437007269858835}"
primary,200,p0.20,nan,1.0,4,0.2,39.800000000000004,39.95,26,58,7990,7990,1.5413045604875235,20,0.32948499003637755,0.006589699800727552,1.7061975859740954,15.466575965599956,2.013604680827976,2.4852074510649462,6,"{""0"": 0.007603407911012111, ""1"": 0.0036623246561658883, ""2"": 0.011692223386751018, ""3"": 0.0018000619558287384, ""4"": 0.001992947661215544, ""5"": 0.012787233233392018}"
primary,200,p0.20,nan,1.0,4,0.2,39.800000000000004,39.95,26,58,7990,7990,1.5413045604875235,30,0.26517429518177443,0.0053034859036354895,0.8842511872398588,16.086568989061664,1.976436436655699,2.7764955564780966,5,"{""0"": 0.003426764130935079, ""1"": 0.005042777077764344, ""2"": 0.015462804964436683, ""3"": 0.0020519461802319242, ""4"": 0.002762222219216647, ""5"": 0.003074400849228262}"
primary,200,p0.20,nan,1.0,4,0.2,39.800000000000004,39.95,26,58,7990,7990,1.5413045604875235,40,0.3458545036114199,0.006917090072228399,3.221490699279775,16.371441076748464,1.982262702937272,2.6927583282798526,4,"{""0"": 0.0012944023582073954, ""1"": 0.006091144208537272, ""2"": 0.02119346513409394, ""3"": 0.00805294363554414, ""4"": 0.00437874995769576, ""5"": 0.0004918351392918907}"
primary,200,p0.20,nan,1.0,4,0.2,39.800000000000004,39.95,26,58,7990,7990,1.5413045604875235,50,0.16175654591431546,0.00323513091828631,0.18738811039060457,16.76251093709752,2.0125314081523853,2.671173537900312,5,"{""0"": 0.0015390576717018187, ""1"": 0.004938089470317291, ""2"": 0.007099810374958976, ""3"": 0.0014403675715523893, ""4"": 0.002177795615112716, ""5"": 0.0022156648060746645}"
primary,200,p0.20,nan,1.0,4,0.2,39.800000000000004,39.95,26,58,7990,7990,1.5413045604875235,60,0.14477960918889773,0.002895592183777955,0.436532269803393,17.017415320421275,2.0232530881803013,2.6703911941227267,5,"{""0"": 0.0021006489094484377, ""1"": 0.0025156127758771767, ""2"": 0.006556738861049544, ""3"": 0.0005573491253884612, ""4"": 0.0028679927577229696, ""5"": 0.0027752106731811416}"
primary,200,p0.20,nan,1.0,4,0.2,39.800000000000004,39.95,26,58,7990,7990,1.5413045604875235,70,0.09276472778289624,0.001855294555657925,0.758272885273132,17.202729366581053,2.0509000245288123,2.6592975399383487,4,"{""0"": 0.002797246818623921, ""1"": 0.0027228682970671493, ""2"": 0.00299762038610847, ""3"": 0.0004849610529795866, ""4"": 0.001592384829586784, ""5"": 0.0005366859495816382}"
primary,200,p0.20,nan,1.0,4,0.2,39.800000000000004,39.95,26,58,7990,7990,1.5413045604875235,80,0.10380431808835078,0.0020760863617670156,0.8555370728837901,17.37682788658999,2.0719514915483224,2.652974873900432,4,"{""0"": 0.0023011037519847293, ""1"": 0.0023422830381238085, ""2"": 0.005345846234472169, ""3"": 0.0005030767455264567, ""4"": 0.001394239150980442, ""5"": 0.0005699692495144898}"
primary,200,p0.20,nan,1.0,4,0.2,39.800000000000004,39.95,26,58,7990,7990,1.5413045604875235,90,0.09444209198997439,0.001888841839799488,0.6722086333374611,17.46816673656188,2.09324873770615,2.635144772335364,4,"{""0"": 0.002464479068819337, ""1"": 0.0025168265369976805, ""2"": 0.004064758238168763, ""3"": 0.0007916294688247434, ""4"": 0.0011408565528965215, ""5"": 0.00035450117308988077}"
primary,200,p0.20,nan,1.0,4,0.2,39.800000000000004,39.95,26,58,7990,7990,1.5413045604875235,100,0.08285396170479369,0.0016570792340958739,15.412215144566845,17.56768229619599,2.0725870638821076,2.639096137703194,3,"{""0"": 0.00125747294476371, ""1"": 0.0026253300315116084, ""2"": 0.004178338781559868, ""3"": 0.0006839199466476946, ""4"": 0.0007895906238207849, ""5"": 0.00040782307627157735}"
primary,200,p0.20,nan,1.0,4,0.2,39.800000000000004,39.95,26,58,7990,7990,1.5413045604875235,110,0.07978647881847933,0.001595729576369587,0.2773026382824029,17.66870974956952,2.0896864216410833,2.6333128428069696,3,"{""0"": 0.0011565353375168302, ""1"": 0.00230768561992938, ""2"": 0.004684230142815844, ""3"": 0.0004928693790594324, ""4"": 0.0005323392707557706, ""5"": 0.0004007177081402631}"
primary,200,p0.20,nan,1.0,4,0.2,39.800000000000004,39.95,26,58,7990,7990,1.5413045604875235,120,0.08097008698219806,0.0016194017396439612,0.8064260497475929,17.73735167987712,2.101332807728405,2.6302723062519613,3,"{""0"": 0.0012413033707659982, ""1"": 0.0021490972727741878, ""2"": 0.004941043857713109, ""3"": 0.0004745755109925794, ""4"": 0.0005468738571503329, ""5"": 0.00036351656846755973}"
primary,200,p0.20,nan,1.0,4,0.2,39.800000000000004,39.95,26,58,7990,7990,1.5413045604875235,130,0.09091717783496021,0.0018183435566992046,0.8224826262628415,17.77170166502025,2.1063076126049247,2.6410755812124043,4,"{""0"": 0.002132724581708669, ""1"": 0.0016590189104207383, ""2"": 0.005553092562871852, ""3"": 0.0004843030248749392, ""4"": 0.0005566523951366979, ""5"": 0.0005242698651823311}"
primary,200,p0.20,nan,1.0,4,0.2,39.800000000000004,39.95,26,58,7990,7990,1.5413045604875235,140,0.08917725314361663,0.0017835450628723329,0.2669330258786456,17.87983451016292,2.1103493301994494,2.631084378124577,3,"{""0"": 0.0016320020447938358, ""1"": 0.0014448835491993298, ""2"": 0.005920408536620903, ""3"": 0.0004062981687494487, ""4"": 0.0006088299372831272, ""5"": 0.0006888481405873526}"
primary,200,p0.20,nan,1.0,4,0.2,39.800000000000004,39.95,26,58,7990,7990,1.5413045604875235,150,0.09481517718125568,0.0018963035436251137,0.14182640490826398,17.98002810861891,2.1198837551557035,2.623747969715203,3,"{""0"": 0.0012078005678237166, ""1"": 0.001368752030598536, ""2"": 0.006940919638288859, ""3"": 0.00030611386749228157, ""4"": 0.0005946986171969894, ""5"": 0.0009595365403502985}"
primary,200,p0.20,nan,1.0,4,0.2,39.800000000000004,39.95,26,58,7990,7990,1.5413045604875235,160,0.09150002165182976,0.0018300004330365955,0.8432577645776416,18.12492032309192,2.1285159549622237,2.6355776626861513,3,"{""0"": 0.0015408954604781235, ""1"": 0.001252396251360833, ""2"": 0.006612333440379601, ""3"": 0.00024891886932088746, ""4"": 0.0005252372148344302, ""5"": 0.0008002213618456992}"
primary,200,p0.20,nan,1.0,4,0.2,39.800000000000004,39.95,26,58,7990,7990,1.5413045604875235,170,0.08203179945176647,0.0016406359890353299,0.08930656700342732,18.20229647920873,2.135243524973712,2.6452746406551535,3,"{""0"": 0.0012990997985269132, ""1"": 0.0014673479408874425, ""2"": 0.005990472824550092, ""3"": 0.00024718911420545367, ""4"": 0.0005428600684875661, ""5"": 0.0002968461875545086}"
primary,200,p0.20,nan,1.0,4,0.2,39.800000000000004,39.95,26,58,7990,7990,1.5413045604875235,180,0.08192617559075546,0.0016385235118151094,3.9602129327047666,18.294778571692007,2.139932727183571,2.6470350192851413,3,"{""0"": 0.001124493446158517, ""1"": 0.001618405391405051, ""2"": 0.005942429022034649, ""3"": 0.0002550628900007925, ""4"": 0.0006444364763800842, ""5"": 0.0002463138449115635}"
primary,200,p0.20,nan,1.0,4,0.2,39.800000000000004,39.95,26,58,7990,7990,1.5413045604875235,190,0.08504054244827088,0.0017008108489654178,0.5799415805506333,18.379393574712743,2.148393921512865,2.6412445558379445,3,"{""0"": 0.0012006537766323113, ""1"": 0.0017051156650823625, ""2"": 0.006252612537340975, ""3"": 0.00025700272783060133, ""4"": 0.0005678560743944017, ""5"": 0.0002216243125118561}"
primary,200,p0.20,nan,1.0,4,0.2,39.800000000000004,39.95,26,58,7990,7990,1.5413045604875235,200,0.08952634042988801,0.0017905268085977603,0.12078287910264676,18.409734319529083,2.149113836336416,2.6332162002416233,3,"{""0"": 0.0009696956194747017, ""1"": 0.002526835272670864, ""2"": 0.006194343661562415, ""3"": 0.00024650712805831236, ""4"": 0.0005866171253377796, ""5"": 0.00021916204448248889}"
primary,200,p0.40,nan,1.0,4,0.4,79.60000000000001,79.915,61,98,15983,15983,1.5732795108330466,0,1.0517112580884054,0.02103422516176811,nan,0.0,1.5732795108330466,6.881399716232632,14,"{""0"": 0.02177431419621115, ""1"": 0.018129461717344277, ""2"": 0.02247837361190693, ""3"": 0.020198393374471657, ""4"": 0.022506768769662667, ""5"": 0.021118039301011977}"
primary,200,p0.40,nan,1.0,4,0.4,79.60000000000001,79.915,61,98,15983,15983,1.5732795108330466,10,0.3973458238469855,0.007946916476939712,3.1112822225299754,10.210540372680237,1.8533647140551255,1.9802619397455505,3,"{""0"": 0.0037402616974959732, ""1"": 0.013204888850524916, ""2"": 0.0008540823258080873, ""3"": 0.012100647681235385, ""4"": 0.01737790127286163, ""5"": 0.0004037170337122806}"
primary,200,p0.40,nan,1.0,4,0.4,79.60000000000001,79.915,61,98,15983,15983,1.5732795108330466,20,0.10821436138389862,0.002164287227677973,0.12404169353289728,12.440665604602659,1.9522111454376327,2.5290242153049123,3,"{""0"": 0.004031041067134968, ""1"": 0.00022512713734830158, ""2"": 0.0010036948179142416, ""3"": 0.003074218411831512, ""4"": 0.00030935603964770645, ""5"": 0.004342285892191105}"
primary,200,p0.40,nan,1.0,4,0.4,79.60000000000001,79.915,61,98,15983,15983,1.5732795108330466,30,0.06422760417580761,0.0012845520835161523,0.1214879260828815,13.084472644791697,1.9430382616980566,2.5415824466488064,3,"{""0"": 0.0021894139494502704, ""1"": 0.00022249635827569568, ""2"": 0.0008000626365977954, ""3"": 0.0005240819095358422, ""4"": 0.0002524383817609771, ""5"": 0.0037188192654763327}"
primary,200,p0.40,nan,1.0,4,0.4,79.60000000000001,79.915,61,98,15983,15983,1.5732795108330466,40,0.10138784625269967,0.0020277569250539934,0.0819768064637162,13.577273343665752,1.9714409429591264,2.5414776420129392,3,"{""0"": 0.007162223820989462, ""1"": 0.0002636938312920446, ""2"": 0.0006422551179940826, ""3"": 0.0032225349401753998, ""4"": 0.000263239533758236, ""5"": 0.0006125943061147389}"
primary,200,p0.40,nan,1.0,4,0.4,79.60000000000001,79.915,61,98,15983,15983,1.5732795108330466,50,0.08004813269382552,0.0016009626538765105,0.21274520579449113,14.425219001854181,1.916291684044759,2.532215386685667,3,"{""0"": 0.004804319736269786, ""1"": 0.0004430858957084098, ""2"": 0.0003332638559964401, ""3"": 0.0034658308104030173, ""4"": 0.0002715090492202031, ""5"": 0.00028776657566120605}"
primary,200,p0.40,nan,1.0,4,0.4,79.60000000000001,79.915,61,98,15983,15983,1.5732795108330466,60,0.05925710191418472,0.0011851420382836945,1.7817860048206913,15.291150153113009,1.957648250419353,2.5146027955918613,3,"{""0"": 0.000440129648181306, ""1"": 0.0003854346853847981, ""2"": 0.00040314396214932507, ""3"": 0.0005495370621147066, ""4"": 0.0003201225637220266, ""5"": 0.005012484308150005}"
primary,200,p0.40,nan,1.0,4,0.4,79.60000000000001,79.915,61,98,15983,15983,1.5732795108330466,70,0.026091409138040998,0.00052182818276082,0.01676013605827979,15.705213641564574,1.960307992308797,2.5147398742797566,3,"{""0"": 0.00023252997323132524, ""1"": 0.00030583420163784287, ""2"": 0.0003730401826960982, ""3"": 0.0004120833550247691, ""4"": 0.0003638452320831921, ""5"": 0.0014436361518916922}"
primary,200,p0.40,nan,1.0,4,0.4,79.60000000000001,79.915,61,98,15983,15983,1.5732795108330466,80,0.017187711376754553,0.00034375422753509107,0.167247150430775,16.142671188662614,1.9793630688159431,2.506131181261056,3,"{""0"": 0.0002625031301167679, ""1"": 0.00020995765277629857, ""2"": 0.0002469707162846875, ""3"": 0.00037394105993920977, ""4"": 0.0005610513748136608, ""5"": 0.0004081014312799218}"
primary,200,p0.40,nan,1.0,4,0.4,79.60000000000001,79.915,61,98,15983,15983,1.5732795108330466,90,0.040362132007381514,0.0008072426401476304,2.1667978982417697,16.499264976167066,1.999625376684191,2.5091500439321295,3,"{""0"": 0.0003833339315172918, ""1"": 0.00019204143113078027, ""2"": 0.0002510425286930275, ""3"": 0.00032129855882637734, ""4"": 0.0033563157138068274, ""5"": 0.0003394236769114775}"
primary,200,p0.40,nan,1.0,4,0.4,79.60000000000001,79.915,61,98,15983,15983,1.5732795108330466,100,0.01702634782893125,0.000340526956578625,2.131756929826453,16.821930891316903,2.0937997854814716,2.502013212862009,3,"{""0"": 0.00029414085528931043, ""1"": 0.00014287213259162195, ""2"": 0.00022503365705397197, ""3"": 0.0008036976141032914, ""4"": 0.0004140366191657959, ""5"": 0.00016338086126775855}"
primary,200,p0.40,nan,1.0,4,0.4,79.60000000000001,79.915,61,98,15983,15983,1.5732795108330466,110,0.014909882369984471,0.00029819764739968946,0.49054848796806766,17.054046485568854,2.089223227996154,2.498860532118426,3,"{""0"": 0.00028072030577801715, ""1"": 0.000139078718086844, ""2"": 0.00023736299366267167, ""3"": 0.0004977758749590849, ""4"": 0.00038742870971269236, ""5"": 0.0002468192821988268}"
primary,200,p0.40,nan,1.0,4,0.4,79.60000000000001,79.915,61,98,15983,15983,1.5732795108330466,120,0.013469748730526263,0.0002693949746105253,0.20906905521236752,17.242909648004996,2.0548677586123234,2.492965254733001,3,"{""0"": 0.0003409583954567937, ""1"": 0.00012900126494780323, ""2"": 0.00020764109543081402, ""3"": 0.0003895638861933818, ""4"": 0.0003196599828585195, ""5"": 0.00022954522277583977}"
primary,200,p0.40,nan,1.0,4,0.4,79.60000000000001,79.915,61,98,15983,15983,1.5732795108330466,130,0.01440259683193729,0.00028805193663874584,0.20146429538542585,17.375841722864077,2.0349002311236664,2.4921467607519023,3,"{""0"": 0.0003681151180192283, ""1"": 0.0001067374652299093, ""2"": 0.00022805932493184764, ""3"": 0.0004708554514346539, ""4"": 0.0003334651028423905, ""5"": 0.00022107915737444554}"
primary,200,p0.40,nan,1.0,4,0.4,79.60000000000001,79.915,61,98,15983,15983,1.5732795108330466,140,0.03985541962760879,0.0007971083925521758,0.22308584708442983,17.728670527890678,2.001933995288587,2.509513622129298,3,"{""0"": 0.00026054495320059043, ""1"": 0.0001787920893630394, ""2"": 0.00031186094232145325, ""3"": 0.0005353027361446091, ""4"": 0.00038036393581606645, ""5"": 0.003115785698467297}"
primary,200,p0.40,nan,1.0,4,0.4,79.60000000000001,79.915,61,98,15983,15983,1.5732795108330466,150,0.04094135212458107,0.0008188270424916215,3.487507697894745,18.106862261403894,2.0014329470245684,2.5053876356314206,3,"{""0"": 0.00018825427136348914, ""1"": 0.00015097673429767473, ""2"": 0.0003322060886998646, ""3"": 0.00036041728775820916, ""4"": 0.000504928591930566, ""5"": 0.0033761792808999257}"
primary,200,p0.40,nan,1.0,4,0.4,79.60000000000001,79.915,61,98,15983,15983,1.5732795108330466,160,0.03939969240677763,0.0007879938481355527,0.062270986508825656,18.371410769481187,1.9991651114250346,2.5103361830721993,3,"{""0"": 0.00019349873818101781, ""1"": 0.00011192007241200302, ""2"": 0.0004231231000143392, ""3"": 0.0009422962738815743, ""4"": 0.0004101383489967217, ""5"": 0.0026469865553276615}"
primary,200,p0.40,nan,1.0,4,0.4,79.60000000000001,79.915,61,98,15983,15983,1.5732795108330466,170,0.030351540074501224,0.0006070308014900246,0.2798561605992383,18.48048161869747,1.997159957828597,2.5064507056971106,3,"{""0"": 0.00019009787106593219, ""1"": 0.00012890867346318434, ""2"": 0.0003139120018247478, ""3"": 0.0011714537592640612, ""4"": 0.0003658270594909972, ""5"": 0.0014719854438312251}"
primary,200,p0.40,nan,1.0,4,0.4,79.60000000000001,79.915,61,98,15983,15983,1.5732795108330466,180,0.024153932354778154,0.0004830786470955631,1.9370449222864343,18.67504475590788,2.0028378454987354,2.505726339107083,3,"{""0"": 0.00016897587247897817, ""1"": 0.00013302466273844562, ""2"": 0.0003006567746910096, ""3"": 0.0008643030625534503, ""4"": 0.00041746655242176015, ""5"": 0.0010140449576897348}"
primary,200,p0.40,nan,1.0,4,0.4,79.60000000000001,79.915,61,98,15983,15983,1.5732795108330466,190,0.024012913710205672,0.00048025827420411347,0.06995014837108053,18.88489212687713,2.0031834080790496,2.5036264869911684,3,"{""0"": 0.00017786505528025428, ""1"": 0.00015331078882113537, ""2"": 0.00030775699058146176, ""3"": 0.0009024277180741012, ""4"": 0.00036053515166015177, ""5"": 0.0009796539408075762}"
primary,200,p0.40,nan,1.0,4,0.4,79.60000000000001,79.915,61,98,15983,15983,1.5732795108330466,200,0.02705478725738756,0.0005410957451477512,0.27640950697221034,18.999634315589997,2.011451728723042,2.5104890652471523,3,"{""0"": 0.0001698218091316437, ""1"": 0.00015627817158003827, ""2"": 0.0002933356554166188, ""3"": 0.0013896091695218406, ""4"": 0.00043818972002223857, ""5"": 0.0007993399452141274}"
primary,200,p0.05,nan,1.0,5,0.05,9.950000000000001,10.57,4,19,2114,2114,1.6184323054031027,0,0.9914212077969902,0.019828424155939807,nan,0.0,1.6184323054031027,7.328597600559711,14,"{""0"": 0.018875214787918305, ""1"": 0.02041795363000278, ""2"": 0.01958417690431877, ""3"": 0.019560928704669737, ""4"": 0.021122179967733065, ""5"": 0.01941009094099618}"
primary,200,p0.05,nan,1.0,5,0.05,9.950000000000001,10.57,4,19,2114,2114,1.6184323054031027,10,1.2872751947339638,0.02574550389467928,0.3026898166883767,14.1397394101474,2.3024771904806736,3.1253426174851113,8,"{""0"": 0.0030127495402385534, ""1"": 0.05872327947875953, ""2"": 0.02737145610674354, ""3"": 0.014875854388029297, ""4"": 0.021339323000065122, ""5"": 0.02915036085423966}"
primary,200,p0.05,nan,1.0,5,0.05,9.950000000000001,10.57,4,19,2114,2114,1.6184323054031027,20,0.5596226275455295,0.01119245255091059,3.1474524667617354,15.919957341726942,2.2824875318190134,3.5059871175976567,12,"{""0"": 0.005226679277644021, ""1"": 0.01929285543076395, ""2"": 0.008079276364346822, ""3"": 0.009763616204836513, ""4"": 0.017516139838736622, ""5"": 0.007276148189135617}"
primary,200,p0.05,nan,1.0,5,0.05,9.950000000000001,10.57,4,19,2114,2114,1.6184323054031027,30,0.4785595869736088,0.009571191739472178,13.74389921863523,15.848023047635243,2.2068112110212015,3.7791039879204673,12,"{""0"": 0.002999735305706505, ""1"": 0.011846821902613044, ""2"": 0.009709818078439476, ""3"": 0.009184592751434992, ""4"": 0.017113531702890376, ""5"": 0.006572650695748676}"
primary,200,p0.05,nan,1.0,5,0.05,9.950000000000001,10.57,4,19,2114,2114,1.6184323054031027,40,0.5041493578282084,0.01008298715656417,32.03726598945351,16.51558721367211,2.111857403624808,3.537026304447611,12,"{""0"": 0.0027196484795507284, ""1"": 0.01112862852770085, ""2"": 0.011652186976358937, ""3"": 0.010311774494835274, ""4"": 0.019135981825778567, ""5"": 0.0055497026351606586}"
primary,200,p0.05,nan,1.0,5,0.05,9.950000000000001,10.57,4,19,2114,2114,1.6184323054031027,50,0.4237866336642127,0.008475732673284254,12.481394739649282,16.731734044729812,2.073864947333173,3.868556653125728,12,"{""0"": 0.0025982259908358986, ""1"": 0.008903628896576813, ""2"": 0.008362299364659955, ""3"": 0.010406587922581288, ""4"": 0.01655921467043476, ""5"": 0.004024439194616815}"
primary,200,p0.05,nan,1.0,5,0.05,9.950000000000001,10.57,4,19,2114,2114,1.6184323054031027,60,0.45678320493264024,0.009135664098652806,13.309863176648363,16.737678072876726,2.0516377375578925,3.979046163869927,13,"{""0"": 0.00636157238143093, ""1"": 0.009138753063813674, ""2"": 0.00942940237244264, ""3"": 0.012280818888242642, ""4"": 0.014146239948582051, ""5"": 0.003457197937404905}"
primary,200,p0.05,nan,1.0,5,0.05,9.950000000000001,10.57,4,19,2114,2114,1.6184323054031027,70,0.44764244017910615,0.008952848803582124,3.4536402930990477,16.803054711851544,2.0154322652865577,3.8815478257120413,12,"{""0"": 0.00689971935370053, ""1"": 0.007622980880008808, ""2"": 0.009089396099514369, ""3"": 0.014879057863876676, ""4"": 0.01150291022705034, ""5"": 0.003723028397342018}"
primary,200,p0.05,nan,1.0,5,0.05,9.950000000000001,10.57,4,19,2114,2114,1.6184323054031027,80,0.43487694595649695,0.00869753891912994,3.5291069481508353,16.987929394555792,2.070775841371023,3.6267862870789327,11,"{""0"": 0.00746686593663787, ""1"": 0.006526535736188638, ""2"": 0.00853345598047191, ""3"": 0.014185563050172078, ""4"": 0.011820790738229617, ""5"": 0.0036520220730795277}"
primary,200,p0.05,nan,1.0,5,0.05,9.950000000000001,10.57,4,19,2114,2114,1.6184323054031027,90,0.43184335831132936,0.00863686716622659,24.441954226934943,16.93831234930334,2.1019427160114272,3.636464603905267,12,"{""0"": 0.0067824823103994816, ""1"": 0.007579635994108427, ""2"": 0.008418472846566192, ""3"": 0.013265380310644465, ""4"": 0.013252805346071794, ""5"": 0.0025224261895691754}"
primary,200,p0.05,nan,1.0,5,0.05,9.950000000000001,10.57,4,19,2114,2114,1.6184323054031027,100,0.421040752639154,0.008420815052783082,5.5686557972328625,16.93343868988364,2.1259763594432077,3.630303261846457,12,"{""0"": 0.0068762492766861905, ""1"": 0.007365127340831465, ""2"": 0.007856325158336359, ""3"": 0.013354073561813878, ""4"": 0.012629459788079186, ""5"": 0.002443655190951406}"
primary,200,p0.05,nan,1.0,5,0.05,9.950000000000001,10.57,4,19,2114,2114,1.6184323054031027,110,0.37023851256718293,0.007404770251343659,5.421190343285858,16.977237021978134,2.1321061022174694,3.8167633348297834,12,"{""0"": 0.0023640452090401423, ""1"": 0.006755990086692422, ""2"": 0.007436930393054475, ""3"": 0.012746588802249052, ""4"": 0.012261417529341812, ""5"": 0.00286364948768405}"
primary,200,p0.05,nan,1.0,5,0.05,9.950000000000001,10.57,4,19,2114,2114,1.6184323054031027,120,0.3708784322770373,0.007417568645540748,1.2213401907781423,17.043035023621062,2.13093898468676,3.8898284209347476,12,"{""0"": 0.0019066797297698894, ""1"": 0.006195570852601069, ""2"": 0.008183607491536661, ""3"": 0.012621923687454666, ""4"": 0.012691562364825357, ""5"": 0.0029060677470568496}"
primary,200,p0.05,nan,1.0,5,0.05,9.950000000000001,10.57,4,19,2114,2114,1.6184323054031027,130,0.3639361387012611,0.007278722774025223,0.9776813237370016,17.13906470863967,2.142709656363063,3.821425029481867,11,"{""0"": 0.0018415963120647634, ""1"": 0.005666117224980054, ""2"": 0.008186983946565071, ""3"": 0.012524472016689192, ""4"": 0.012238781103889476, ""5"": 0.003214386039962786}"
primary,200,p0.05,nan,1.0,5,0.05,9.950000000000001,10.57,4,19,2114,2114,1.6184323054031027,140,0.3646912811047811,0.007293825622095623,3.1137786553704485,17.266526810204347,2.1278275643372395,3.77575070716164,11,"{""0"": 0.0019667768448787632, ""1"": 0.004985423923869152, ""2"": 0.008970566862020388, ""3"": 0.013266268999674197, ""4"": 0.010953030405822036, ""5"": 0.003620886696309203}"
primary,200,p0.05,nan,1.0,5,0.05,9.950000000000001,10.57,4,19,2114,2114,1.6184323054031027,150,0.3434237262739486,0.006868474525478974,3.8742170247482037,17.27911756701177,2.151029231549649,3.7902838692211382,11,"{""0"": 0.0018447173994932966, ""1"": 0.004964421378783035, ""2"": 0.008729256657507335, ""3"": 0.011680371296318371, ""4"": 0.01028677114841735, ""5"": 0.0037053092723544553}"
primary,200,p0.05,nan,1.0,5,0.05,9.950000000000001,10.57,4,19,2114,2114,1.6184323054031027,160,0.31226214404805847,0.00624524288096117,0.9814341095337865,17.307865037573336,2.1578417395593297,3.8214161985679165,11,"{""0"": 0.001914601344274325, ""1"": 0.004847004517267611, ""2"": 0.008622571476901549, ""3"": 0.01063801158037998, ""4"": 0.007740332291635672, ""5"": 0.0037089360753078857}"
primary,200,p0.05,nan,1.0,5,0.05,9.950000000000001,10.57,4,19,2114,2114,1.6184323054031027,170,0.3117343712382378,0.006234687424764756,4.269832638732089,17.385542991156843,2.166367105633528,3.751358558597856,11,"{""0"": 0.001941530065128698, ""1"": 0.0046167709454841095, ""2"": 0.008335177901918699, ""3"": 0.010830890421325725, ""4"": 0.008239449060779424, ""5"": 0.003444306153951881}"
primary,200,p0.05,nan,1.0,5,0.05,9.950000000000001,10.57,4,19,2114,2114,1.6184323054031027,180,0.32282108148391586,0.0064564216296783185,0.6730608906197917,17.47465160604023,2.1677672944927355,3.7227777921143015,11,"{""0"": 0.0019127985582467351, ""1"": 0.004400034569411366, ""2"": 0.008503017361216829, ""3"": 0.011248618432928978, ""4"": 0.009259650391140446, ""5"": 0.0034144104651255497}"
primary,200,p0.05,nan,1.0,5,0.05,9.950000000000001,10.57,4,19,2114,2114,1.6184323054031027,190,0.3250131442947268,0.006500262885894537,1.9664705841515575,17.493627119753732,2.1753863848469743,3.67446305481177,11,"{""0"": 0.0019128928198584832, ""1"": 0.0048175598687117595, ""2"": 0.00803793740347641, ""3"": 0.01137425593769929, ""4"": 0.009854249787639857, ""5"": 0.00300468149798142}"
primary,200,p0.05,nan,1.0,5,0.05,9.950000000000001,10.57,4,19,2114,2114,1.6184323054031027,200,0.3080093485332542,0.0061601869706650846,8.646378725504388,17.54303988655585,2.179078047240924,3.6402374797602053,11,"{""0"": 0.0019138868979626904, ""1"": 0.005606242470867889, ""2"": 0.007723540922924913, ""3"": 0.0110625444156059, ""4"": 0.00767506279028517, ""5"": 0.0029798443263439455}"
primary,200,p0.10,nan,1.0,5,0.1,19.900000000000002,20.535,9,35,4107,4107,1.5928714941208355,0,1.0508063284550297,0.0210161265691006,nan,0.0,1.5928714941208355,7.045092612081992,15,"{""0"": 0.018055137416823165, ""1"": 0.023315946761390295, ""2"": 0.022838015473579127, ""3"": 0.018860622241604025, ""4"": 0.02214086938239155, ""5"": 0.02088616813881543}"
primary,200,p0.10,nan,1.0,5,0.1,19.900000000000002,20.535,9,35,4107,4107,1.5928714941208355,10,0.7617087567482045,0.015234175134964093,5.872222848475584,12.936167387474072,2.001243182062833,2.3743535840579204,5,"{""0"": 0.00033720859602375306, ""1"": 0.04704760737033697, ""2"": 0.0033097587909574474, ""3"": 0.009881665516826019, ""4"": 0.010639316652744193, ""5"": 0.02018949388289617}"
primary,200,p0.10,nan,1.0,5,0.1,19.900000000000002,20.535,9,35,4107,4107,1.5928714941208355,20,0.6431505181126262,0.012863010362252528,1.7393313968984399,14.897917974682366,1.896611300290945,2.622971876341336,5,"{""0"": 0.0014467082445148382, ""1"": 0.007432468082614526, ""2"": 0.0008371389423639774, ""3"": 0.03328009283772838, ""4"": 0.01722234500257075, ""5"": 0.016959309063722703}"
primary,200,p0.10,nan,1.0,5,0.1,19.900000000000002,20.535,9,35,4107,4107,1.5928714941208355,30,0.37141937371570055,0.0074283874743140115,3.217904304160908,15.336236961203275,2.024184400450841,2.9300174546380386,7,"{""0"": 0.0034272520960781324, ""1"": 0.0055885428840665, ""2"": 0.0027594099972579186, ""3"": 0.013167796623161854, ""4"": 0.012205823374217746, ""5"": 0.007421499871101915}"
primary,200,p0.10,nan,1.0,5,0.1,19.900000000000002,20.535,9,35,4107,4107,1.5928714941208355,40,0.38712623826696685,0.007742524765339338,4.1001281006156765,15.728089884496793,1.9021436788733195,2.734216802967902,6,"{""0"": 0.0025332633941556695, ""1"": 0.005735967145440988, ""2"": 0.00641772646452343, ""3"": 0.013460299583438553, ""4"": 0.00938410923573237, ""5"": 0.008923782768745017}"
primary,200,p0.10,nan,1.0,5,0.1,19.900000000000002,20.535,9,35,4107,4107,1.5928714941208355,50,0.33024419174240743,0.00660488383484815,0.7705838226816185,15.715900783985369,1.8709599547802935,2.5589823681925377,6,"{""0"": 0.0007063886016369988, ""1"": 0.005564800805793944, ""2"": 0.005214621027218066, ""3"": 0.00386552713647965, ""4"": 0.014108206650073599, ""5"": 0.010169758787886635}"
primary,200,p0.10,nan,1.0,5,0.1,19.900000000000002,20.535,9,35,4107,4107,1.5928714941208355,60,0.4277940389083234,0.008555880778166469,14.985601239372075,15.834498246192908,1.9165743731451803,2.8465820414604974,7,"{""0"": 0.0023409089174937416, ""1"": 0.003961496098607528, ""2"": 0.003880463185167205, ""3"": 0.013419891079021867, ""4"": 0.018267491585913218, ""5"": 0.009465033802795255}"
primary,200,p0.10,nan,1.0,5,0.1,19.900000000000002,20.535,9,35,4107,4107,1.5928714941208355,70,0.33509384420757204,0.006701876884151441,4.914737695327075,16.2109150771534,1.9133681658818351,2.9813280746714557,8,"{""0"": 0.003203791177142347, ""1"": 0.004747662508497004, ""2"": 0.0028549126713448866, ""3"": 0.01950887841728644, ""4"": 0.003519852817419082, ""5"": 0.006376163713218888}"
primary,200,p0.10,nan,1.0,5,0.1,19.900000000000002,20.535,9,35,4107,4107,1.5928714941208355,80,0.30087297847826744,0.006017459569565349,3.9843041460709263,16.352896877359242,1.9048850267948259,2.854681947512936,7,"{""0"": 0.0034316152148017635, ""1"": 0.004854265321981215, ""2"": 0.0023602877364316934, ""3"": 0.01784357165214293, ""4"": 0.0032896006724683602, ""5"": 0.004325416819566141}"
primary,200,p0.10,nan,1.0,5,0.1,19.900000000000002,20.535,9,35,4107,4107,1.5928714941208355,90,0.23380625284100748,0.00467612505682015,0.4031839447855706,16.479357845915494,2.0143998181269844,2.786439564347935,7,"{""0"": 0.0019939015568764948, ""1"": 0.005948131689783952, ""2"": 0.0032552187629779064, ""3"": 0.010884798514350268, ""4"": 0.0025189165540693433, ""5"": 0.003455783262862939}"
primary,200,p0.10,nan,1.0,5,0.1,19.900000000000002,20.535,9,35,4107,4107,1.5928714941208355,100,0.21112253742734,0.0042224507485468,0.684985579603841,16.603843966105458,2.014060720743729,2.688485393404898,7,"{""0"": 0.0025702627473001617, ""1"": 0.0038672947118701647, ""2"": 0.002382479782336578, ""3"": 0.009519550648529215, ""4"": 0.004064837461607343, ""5"": 0.00293027913963734}"
primary,200,p0.10,nan,1.0,5,0.1,19.900000000000002,20.535,9,35,4107,4107,1.5928714941208355,110,0.2106134600744606,0.004212269201489213,0.18521464196081255,16.687598987566236,2.025291059188208,2.6034316327536944,7,"{""0"": 0.0023658531238883625, ""1"": 0.004328730238144044, ""2"": 0.003369930354869976, ""3"": 0.008097743062810471, ""4"": 0.00459324828129842, ""5"": 0.0025181101479240012}"
primary,200,p0.10,nan,1.0,5,0.1,19.900000000000002,20.535,9,35,4107,4107,1.5928714941208355,120,0.17684788554943845,0.0035369577109887695,0.13564943090144177,16.783038539588702,2.0122228261328154,2.6963171990795285,6,"{""0"": 0.001097449158782851, ""1"": 0.003573067979431377, ""2"": 0.0035027204097294443, ""3"": 0.006612689617358056, ""4"": 0.0030937595441871153, ""5"": 0.0033420595564437757}"
primary,200,p0.10,nan,1.0,5,0.1,19.900000000000002,20.535,9,35,4107,4107,1.5928714941208355,130,0.17464947165716924,0.003492989433143385,0.946835748850572,16.828366812479914,2.0452554218091845,2.6742962999747855,6,"{""0"": 0.001620538083859723, ""1"": 0.004154632368368038, ""2"": 0.0032288379490268042, ""3"": 0.006090693873219877, ""4"": 0.0032725790804580485, ""5"": 0.0025906552439278205}"
primary,200,p0.10,nan,1.0,5,0.1,19.900000000000002,20.535,9,35,4107,4107,1.5928714941208355,140,0.18237781225802677,0.0036475562451605357,2.693658546125386,16.94206479996266,2.0430399530198238,2.7164132516623547,6,"{""0"": 0.002427122141275445, ""1"": 0.0043798794493622485, ""2"": 0.0034536541414530346, ""3"": 0.007392997407181062, ""4"": 0.002122673564036272, ""5"": 0.002109010767655149}"
primary,200,p0.10,nan,1.0,5,0.1,19.900000000000002,20.535,9,35,4107,4107,1.5928714941208355,150,0.17628959508237207,0.0035257919016474424,7.55313533690887,17.049887378704817,2.0452436699597403,2.7269657391837168,6,"{""0"": 0.002644175031429772, ""1"": 0.004491188666149866, ""2"": 0.00415942040112644, ""3"": 0.0062080023019371695, ""4"": 0.0016293779689953985, ""5"": 0.002022587040246008}"
primary,200,p0.10,nan,1.0,5,0.1,19.900000000000002,20.535,9,35,4107,4107,1.5928714941208355,160,0.16485682306686716,0.0032971364613373438,0.966744318151264,17.126393472884903,2.023016553539893,2.7683830978701796,6,"{""0"": 0.002528481215983575, ""1"": 0.003913111791710807, ""2"": 0.004479861004867247, ""3"": 0.004573940827894004, ""4"": 0.0015717641009975823, ""5"": 0.002715659826570846}"
primary,200,p0.10,nan,1.0,5,0.1,19.900000000000002,20.535,9,35,4107,4107,1.5928714941208355,170,0.16209460153774713,0.003241892030754943,0.8126307460444369,17.16386802086534,2.0082936247322754,2.7688295726553713,6,"{""0"": 0.0024808132236316537, ""1"": 0.004320608158003383, ""2"": 0.003807891102584516, ""3"": 0.004646950688305558, ""4"": 0.0016600509343037057, ""5"": 0.002535038077700845}"
primary,200,p0.10,nan,1.0,5,0.1,19.900000000000002,20.535,9,35,4107,4107,1.5928714941208355,180,0.15828576318394294,0.0031657152636788595,0.29237299473682704,17.228157882337435,2.0067021676863384,2.789217671780252,6,"{""0"": 0.001883102436199898, ""1"": 0.004179479576652897, ""2"": 0.003939278713717247, ""3"": 0.004520654888450973, ""4"": 0.0015280065804291428, ""5"": 0.0029437693866229955}"
primary,200,p0.10,nan,1.0,5,0.1,19.900000000000002,20.535,9,35,4107,4107,1.5928714941208355,190,0.14063693719169484,0.0028127387438338976,1.3477740363622341,17.259115645526656,2.000252836942993,2.7746476216331755,6,"{""0"": 0.0019412222688513863, ""1"": 0.001794646678116439, ""2"": 0.003479683978890495, ""3"": 0.003969552518762326, ""4"": 0.0025307128094846773, ""5"": 0.003160614208898062}"
primary,200,p0.10,nan,1.0,5,0.1,19.900000000000002,20.535,9,35,4107,4107,1.5928714941208355,200,0.13531274929915438,0.0027062549859830877,0.6451921042036134,17.320220231293693,2.000176527298951,2.7857586113015356,6,"{""0"": 0.001856972955704444, ""1"": 0.0017817850121807856, ""2"": 0.0034653097917736395, ""3"": 0.003784690492675662, ""4"": 0.0022597220167534854, ""5"": 0.0030890496468105105}"
primary,200,p0.20,nan,1.0,5,0.2,39.800000000000004,40.175,26,53,8035,8035,1.6067348797276146,0,1.0436561656226313,0.020873123312452627,nan,0.0,1.6067348797276146,4.4114083335921475,12,"{""0"": 0.022832243849462513, ""1"": 0.021323613016223965, ""2"": 0.02017119125226745, ""3"": 0.020751051055237245, ""4"": 0.020189230721011114, ""5"": 0.019971409980513482}"
primary,200,p0.20,nan,1.0,5,0.2,39.800000000000004,40.175,26,53,8035,8035,1.6067348797276146,10,0.5356140700837903,0.010712281401675806,0.41430397408549413,10.388064844806868,2.0568777326364343,2.6812117758996536,4,"{""0"": 0.005820464515036612, ""1"": 0.032089248452491954, ""2"": 0.011911908064047752, ""3"": 6.917088193856595e-05, ""4"": 0.003372245567847347, ""5"": 0.011010650928692611}"
primary,200,p0.20,nan,1.0,5,0.2,39.800000000000004,40.175,26,53,8035,8035,1.6067348797276146,20,0.4531292532516274,0.009062585065032549,0.9474683063265695,12.080618239037687,2.0601170682269543,2.525793353226049,3,"{""0"": 0.010477068358535336, ""1"": 0.016291272577281978, ""2"": 0.003197666395563007, ""3"": 0.012867782815780512, ""4"": 0.0021569013760248347, ""5"": 0.009384818867009625}"
primary,200,p0.20,nan,1.0,5,0.2,39.800000000000004,40.175,26,53,8035,8035,1.6067348797276146,30,0.4244513854779494,0.00848902770955899,13.95687612205359,13.216166132395276,2.044311936854999,2.6645422479468794,5,"{""0"": 0.013119227824639767, ""1"": 0.015762316296361538, ""2"": 0.0004185488827368096, ""3"": 0.0024324260906868843, ""4"": 0.002853335998225269, ""5"": 0.01634831116470366}"
primary,200,p0.20,nan,1.0,5,0.2,39.800000000000004,40.175,26,53,8035,8035,1.6067348797276146,40,0.2897353906907662,0.005794707813815325,1.1428234079293993,14.119953677770969,1.960760059481541,2.818338454465751,5,"{""0"": 0.017170574501052815, ""1"": 0.0015401867501533364, ""2"": 0.0005143339428688358, ""3"": 0.0012061783240707852, ""4"": 0.0027791615436041943, ""5"": 0.011557811821141982}"
primary,200,p0.20,nan,1.0,5,0.2,39.800000000000004,40.175,26,53,8035,8035,1.6067348797276146,50,0.2786601459213807,0.005573202918427615,1.9439146831371008,15.015019916409354,1.902452594127406,2.7849358290399118,5,"{""0"": 0.006956732557787337, ""1"": 0.0031574320018298665, ""2"": 0.000500783809980281, ""3"": 0.0014807410269043499, ""4"": 0.011199991958360958, ""5"": 0.0101435361557029}"
primary,200,p0.20,nan,1.0,5,0.2,39.800000000000004,40.175,26,53,8035,8035,1.6067348797276146,60,0.3328478373906204,0.0066569567478124095,1.1170599750610923,15.570646183868893,1.8830541984438964,2.816993326990275,4,"{""0"": 0.014301867709462795, ""1"": 0.0013122951325364417, ""2"": 0.004788823206051238, ""3"": 0.0009176659998637058, ""4"": 0.01160367719230818, ""5"": 0.007017411246652096}"
primary,200,p0.20,nan,1.0,5,0.2,39.800000000000004,40.175,26,53,8035,8035,1.6067348797276146,70,0.2112609819867944,0.004225219639735889,0.10865185088831908,15.64310357631463,1.8824083413740718,2.80580565733411,4,"{""0"": 0.005375287321421075, ""1"": 0.0013280487752943128, ""2"": 0.00485016028794976, ""3"": 0.0008674577689444758, ""4"": 0.006648332385412123, ""5"": 0.006282031299393587}"
primary,200,p0.20,nan,1.0,5,0.2,39.800000000000004,40.175,26,53,8035,8035,1.6067348797276146,80,0.23439906272180014,0.0046879812544360034,0.20623173426965352,16.055335859187807,1.8973720421359597,2.8160137196588044,5,"{""0"": 0.011456465812990793, ""1"": 0.0016185295286444035, ""2"": 0.005987334808125375, ""3"": 0.0010095583533712503, ""4"": 0.0031370708470759025, ""5"": 0.004918928176408294}"
primary,200,p0.20,nan,1.0,5,0.2,39.800000000000004,40.175,26,53,8035,8035,1.6067348797276146,90,0.22657148757325696,0.004531429751465139,0.19848682911991075,16.293101087345093,1.9137595035375707,2.776660251774177,5,"{""0"": 0.010848171938675459, ""1"": 0.0017093914111226463, ""2"": 0.006560911956647035, ""3"": 0.0007804028959479476, ""4"": 0.002913454164085124, ""5"": 0.004376246142312628}"
primary,200,p0.20,nan,1.0,5,0.2,39.800000000000004,40.175,26,53,8035,8035,1.6067348797276146,100,0.23573587730769563,0.004714717546153913,0.2112721718812634,16.419029739253855,1.928526554965745,2.7750032026634233,5,"{""0"": 0.010725888703428854, ""1"": 0.001359542368425047, ""2"": 0.00740434537967523, ""3"": 0.0007579430269728236, ""4"": 0.002610457886084148, ""5"": 0.005430127912337379}"
primary,200,p0.20,nan,1.0,5,0.2,39.800000000000004,40.175,26,53,8035,8035,1.6067348797276146,110,0.2698360682104723,0.005396721364209446,4.1636642875748615,16.82219008248677,1.9965142288592397,2.796105900678034,5,"{""0"": 0.011407691538614416, ""1"": 0.0010714424399852162, ""2"": 0.009435517834873949, ""3"": 0.0005574580639408908, ""4"": 0.004270930012156781, ""5"": 0.005637288295685415}"
primary,200,p0.20,nan,1.0,5,0.2,39.800000000000004,40.175,26,53,8035,8035,1.6067348797276146,120,0.21007806421875103,0.004201561284375021,0.2351575641922865,16.989974653701307,2.0010062935618054,2.7909815198814183,5,"{""0"": 0.004743873189554759, ""1"": 0.0009317497898596995, ""2"": 0.009489750256665956, ""3"": 0.0006591799747631234, ""4"": 0.003060396232014991, ""5"": 0.0063244182633916}"
primary,200,p0.20,nan,1.0,5,0.2,39.800000000000004,40.175,26,53,8035,8035,1.6067348797276146,130,0.31540596937622023,0.006308119387524406,0.3022000410247473,17.00279373190686,2.027064516598404,2.8031224503719248,5,"{""0"": 0.010135769599015469, ""1"": 0.0008079738486251583, ""2"": 0.009426576403126516, ""3"": 0.0006074259313435483, ""4"": 0.007652397139691125, ""5"": 0.009218573403344619}"
primary,200,p0.20,nan,1.0,5,0.2,39.800000000000004,40.175,26,53,8035,8035,1.6067348797276146,140,0.26258461374503334,0.005251692274900668,0.24013810876380642,17.13151392797912,2.0332183895694143,2.7779202777982994,5,"{""0"": 0.005437634387095112, ""1"": 0.0006131468600066941, ""2"": 0.009945220994451517, ""3"": 0.0007104324350472094, ""4"": 0.005321345711975759, ""5"": 0.009482373260827714}"
primary,200,p0.20,nan,1.0,5,0.2,39.800000000000004,40.175,26,53,8035,8035,1.6067348797276146,150,0.2213244121857405,0.004426488243714811,0.8859674549087994,17.381274570113188,2.009380294574124,2.7532503021900463,5,"{""0"": 0.006015125428191581, ""1"": 0.0007273860178284499, ""2"": 0.008791123587557247, ""3"": 0.0006149973956836938, ""4"": 0.0023843976293105424, ""5"": 0.008025899403717349}"
primary,200,p0.20,nan,1.0,5,0.2,39.800000000000004,40.175,26,53,8035,8035,1.6067348797276146,160,0.20945570843700054,0.004189114168740011,0.16310723942737473,17.551829342891914,2.0367467310972147,2.7485994532017934,5,"{""0"": 0.005696699927401639, ""1"": 0.0007939469824906084, ""2"": 0.008783442571586714, ""3"": 0.00046447756234588875, ""4"": 0.0025494603643109797, ""5"": 0.006846657604304243}"
primary,200,p0.20,nan,1.0,5,0.2,39.800000000000004,40.175,26,53,8035,8035,1.6067348797276146,170,0.2262488566290298,0.004524977132580597,11.700101171196067,17.642934603219384,2.0072021346168745,2.743805490147968,4,"{""0"": 0.011577854914847665, ""1"": 0.0009245293665624616, ""2"": 0.006961130323285642, ""3"": 0.0005118910465904331, ""4"": 0.0021941481868197853, ""5"": 0.004980308957377595}"
primary,200,p0.20,nan,1.0,5,0.2,39.800000000000004,40.175,26,53,8035,8035,1.6067348797276146,180,0.2352272036425901,0.0047045440728518025,0.24626016098563383,17.790068585795776,2.0452378271160474,2.718514184627111,4,"{""0"": 0.010754403227880058, ""1"": 0.000798793464897391, ""2"": 0.007233191404704133, ""3"": 0.00043997058947521764, ""4"": 0.002358553294371577, ""5"": 0.006642352455782437}"
primary,200,p0.20,nan,1.0,5,0.2,39.800000000000004,40.175,26,53,8035,8035,1.6067348797276146,190,0.21009174154952345,0.00420183483099047,18.227711323300902,17.917432953395295,2.0588710608673724,2.76260763078602,4,"{""0"": 0.01074152769611562, ""1"": 0.0008584304491409487, ""2"": 0.006256426702165807, ""3"": 0.0004405880925691526, ""4"": 0.0018970224732158566, ""5"": 0.00501701357273543}"
primary,200,p0.20,nan,1.0,5,0.2,39.800000000000004,40.175,26,53,8035,8035,1.6067348797276146,200,0.26452596162962216,0.005290519232592444,0.21488122740864452,18.01532479477153,2.0667918362055535,2.7967710500029415,4,"{""0"": 0.013088330322039068, ""1"": 0.0007232136070451935, ""2"": 0.005989682339043168, ""3"": 0.0004136935356810178, ""4"": 0.005479362296087548, ""5"": 0.006048833295658673}"
primary,200,p0.40,nan,1.0,5,0.4,79.60000000000001,79.915,63,96,15983,15983,1.5125041571737956,0,1.0011255252856457,0.020022510505712916,nan,0.0,1.5125041571737956,4.688383002255485,13,"{""0"": 0.02025909830270551, ""1"": 0.019554337266063163, ""2"": 0.02273436253248364, ""3"": 0.01785465861417663, ""4"": 0.0212512677604658, ""5"": 0.01848133855838275}"
primary,200,p0.40,nan,1.0,5,0.4,79.60000000000001,79.915,63,96,15983,15983,1.5125041571737956,10,1.0938561693929107,0.021877123387858216,0.47301380223483286,10.914121915340935,2.2161424581890867,2.544375121357408,3,"{""0"": 0.021743358103373217, ""1"": 0.06690392224991155, ""2"": 0.009999694903070403, ""3"": 0.004535874306060246, ""4"": 0.0004249636639450733, ""5"": 0.027654927100788818}"
primary,200,p0.40,nan,1.0,5,0.4,79.60000000000001,79.915,63,96,15983,15983,1.5125041571737956,20,0.5709118769266094,0.011418237538532189,0.4236398844148531,14.420573159820172,2.5220893055116687,2.217160310299846,3,"{""0"": 0.015220028259455967, ""1"": 0.023448322428461774, ""2"": 0.0021512459035499076, ""3"": 0.014685722877810276, ""4"": 0.011874017373774559, ""5"": 0.001130088388140653}"
primary,200,p0.40,nan,1.0,5,0.4,79.60000000000001,79.915,63,96,15983,15983,1.5125041571737956,30,0.4508565536958246,0.009017131073916494,0.6660879060590967,16.880102130156864,2.465155387997227,2.523383279755246,3,"{""0"": 0.017733725832920412, ""1"": 0.013342011947428631, ""2"": 0.010482845602885944, ""3"": 0.0033370200626375427, ""4"": 0.00019907883815245957, ""5"": 0.009008104159473965}"
primary,200,p0.40,nan,1.0,5,0.4,79.60000000000001,79.915,63,96,15983,15983,1.5125041571737956,40,0.2569336125872843,0.005138672251745687,3.640418365343665,17.759399824970615,2.436034064913602,2.4446786897198605,3,"{""0"": 0.014040895744972356, ""1"": 0.012445035595410051, ""2"": 0.0012923119929847445, ""3"": 0.0008510862743660134, ""4"": 0.000262180111329179, ""5"": 0.00194052379141178}"
primary,200,p0.40,nan,1.0,5,0.4,79.60000000000001,79.915,63,96,15983,15983,1.5125041571737956,50,0.21780813360072027,0.004356162672014406,1.7641387220334281,18.049556553344058,2.4888535197744637,2.511401652181895,3,"{""0"": 0.013592845125365936, ""1"": 0.005243908443336656, ""2"": 0.0013126342694746661, ""3"": 0.0007508814010720494, ""4"": 0.00016193447802558892, ""5"": 0.005074772314811537}"
primary,200,p0.40,nan,1.0,5,0.4,79.60000000000001,79.915,63,96,15983,15983,1.5125041571737956,60,0.20530894890985818,0.004106178978197164,16.09591061783779,18.587340997521554,2.462141654734368,2.577668848100049,3,"{""0"": 0.015527634220125253, ""1"": 0.002880232798034221, ""2"": 0.0008467039977029134, ""3"": 0.001042187112246003, ""4"": 0.00014217853420389024, ""5"": 0.004198137206870703}"
primary,200,p0.40,nan,1.0,5,0.4,79.60000000000001,79.915,63,96,15983,15983,1.5125041571737956,70,0.16463410755294522,0.003292682151058905,0.6114514713519448,18.728763536324667,2.445628577645295,2.4909281718142906,3,"{""0"": 0.0147255300679733, ""1"": 0.002419092734077373, ""2"": 0.0005401140732250347, ""3"": 0.0008656377085525969, ""4"": 0.00011787971467900989, ""5"": 0.0010878386078461135}"
primary,200,p0.40,nan,1.0,5,0.4,79.60000000000001,79.915,63,96,15983,15983,1.5125041571737956,80,0.19734586572192622,0.003946917314438525,2.4334666189020435,18.974467892957655,2.442598003879625,2.4576094509803497,3,"{""0"": 0.014226663013943108, ""1"": 0.004736584181493856, ""2"": 0.000608846113361279, ""3"": 0.001005014703798496, ""4"": 0.00013647108547990683, ""5"": 0.0029679247885545045}"
primary,200,p0.40,nan,1.0,5,0.4,79.60000000000001,79.915,63,96,15983,15983,1.5125041571737956,90,0.14916035093746566,0.0029832070187493136,0.24752542055058924,19.100832445077597,2.4499743988987497,2.521757766608212,3,"{""0"": 0.0019016992422973195, ""1"": 0.0058972032129733535, ""2"": 0.006936275877123081, ""3"": 0.0006822327945392037, ""4"": 0.00016415319784138506, ""5"": 0.002317677787721539}"
primary,200,p0.40,nan,1.0,5,0.4,79.60000000000001,79.915,63,96,15983,15983,1.5125041571737956,100,0.20508555966740175,0.004101711193348036,0.14888673212628367,19.215285321656207,2.4565682853840003,2.4878837358669372,3,"{""0"": 0.003862840550144935, ""1"": 0.011532646651460846, ""2"": 0.006904963018792992, ""3"": 0.00070704885971293, ""4"": 0.0001573728314243736, ""5"": 0.0014453952485521397}"
primary,200,p0.40,nan,1.0,5,0.4,79.60000000000001,79.915,63,96,15983,15983,1.5125041571737956,110,0.06513080235384998,0.0013026160470769998,0.6917658202179527,19.65292802232933,2.450706656911865,2.5047294121422574,3,"{""0"": 0.0011363060093903352, ""1"": 0.000900527113374569, ""2"": 0.0025795184213073118, ""3"": 0.0011337584168359077, ""4"": 0.0001436418271713054, ""5"": 0.0019219444943825701}"
primary,200,p0.40,nan,1.0,5,0.4,79.60000000000001,79.915,63,96,15983,15983,1.5125041571737956,120,0.04797987954158843,0.0009595975908317687,0.491675703445631,19.9832028123378,2.4584335431246913,2.4552080693247573,3,"{""0"": 0.0008928410466333036, ""1"": 0.0010420421611005612, ""2"": 0.0005532258111521438, ""3"": 0.0008849657575259941, ""4"": 0.00013787505052844127, ""5"": 0.0022466357180501687}"
primary,200,p0.40,nan,1.0,5,0.4,79.60000000000001,79.915,63,96,15983,15983,1.5125041571737956,130,0.04846908348076026,0.0009693816696152054,2.2657270042465467,20.266053701933743,2.465054564552387,2.4759181910890184,3,"{""0"": 0.0007680658742216542, ""1"": 0.0012328574893718538, ""2"": 0.0005561473670238402, ""3"": 0.0007948905699067789, ""4"": 0.00013544351400094495, ""5"": 0.0023288852031661594}"
primary,200,p0.40,nan,1.0,5,0.4,79.60000000000001,79.915,63,96,15983,15983,1.5125041571737956,140,0.10047251737667522,0.0020094503475335044,0.16997708092991162,20.482082295306284,2.459382684143043,2.575576030927243,3,"{""0"": 0.0009149321273210862, ""1"": 0.004212287513870301, ""2"": 0.000575115207042851, ""3"": 0.0005421024158479986, ""4"": 0.00012889631757756256, ""5"": 0.005683368503541228}"
primary,200,p0.40,nan,1.0,5,0.4,79.60000000000001,79.915,63,96,15983,15983,1.5125041571737956,150,0.09420218890376267,0.0018840437780752535,0.12302856751494783,20.579600803501524,2.4588901151175406,2.5753376397025662,3,"{""0"": 0.000784383436243522, ""1"": 0.004300025251774902, ""2"": 0.0005654772626557018, ""3"": 0.0005861593401681949, ""4"": 0.00012496180318832497, ""5"": 0.004943255574420878}"
primary,200,p0.40,nan,1.0,5,0.4,79.60000000000001,79.915,63,96,15983,15983,1.5125041571737956,160,0.09646830977125465,0.0019293661954250933,0.19678829104139062,20.719142724553034,2.433000481420301,2.575917061762086,3,"{""0"": 0.0007319767102168248, ""1"": 0.004359978325176808, ""2"": 0.0005844360043212536, ""3"": 0.0005533525815933599, ""4"": 0.00012216326225658928, ""5"": 0.0052242902889857255}"
primary,200,p0.40,nan,1.0,5,0.4,79.60000000000001,79.915,63,96,15983,15983,1.5125041571737956,170,0.11801942751319366,0.0023603885502638737,0.1563210020189444,20.980130457828825,2.4451386594237268,2.606658196047827,3,"{""0"": 0.0007918873585628531, ""1"": 0.004559693030395971, ""2"": 0.00046710437097772573, ""3"": 0.000562483229955085, ""4"": 0.00012152608350263404, ""5"": 0.007659637228188972}"
primary,200,p0.40,nan,1.0,5,0.4,79.60000000000001,79.915,63,96,15983,15983,1.5125041571737956,180,0.11658496403850137,0.0023316992807700275,0.23505996600982623,21.02251803390238,2.439713925794927,2.6104916241003044,3,"{""0"": 0.0007494445747958259, ""1"": 0.0038176161722637747, ""2"": 0.00046602002298217117, ""3"": 0.0005216811908105743, ""4"": 0.00011999955536059416, ""5"": 0.008315434168407226}"
primary,200,p0.40,nan,1.0,5,0.4,79.60000000000001,79.915,63,96,15983,15983,1.5125041571737956,190,0.10700706595730197,0.00214014131914604,0.2836302591472695,21.159851041721268,2.443294603611095,2.5938627362342883,3,"{""0"": 0.000689349050541548, ""1"": 0.0011913214624110573, ""2"": 0.0004301617345747178, ""3"": 0.0006101112366313756, ""4"": 0.00011986493819623976, ""5"": 0.009800039492521301}"
primary,200,p0.40,nan,1.0,5,0.4,79.60000000000001,79.915,63,96,15983,15983,1.5125041571737956,200,0.1228607943275488,0.0024572158865509763,0.7531675067521147,21.24767256353485,2.436857915106299,2.589502440361151,3,"{""0"": 0.0006900667909533915, ""1"": 0.0009357279950322362, ""2"": 0.0004314527717584683, ""3"": 0.0006124650222572212, ""4"": 0.00012014601894335636, ""5"": 0.011953436720361187}"
primary,200,p0.05,nan,1.0,6,0.05,9.950000000000001,9.645,3,19,1929,1929,1.6288936480071088,0,1.0180392025818665,0.020360784051637333,nan,0.0,1.6288936480071088,4.221653609262846,10,"{""0"": 0.021042746703955405, ""1"": 0.022083740105811888, ""2"": 0.020055885576885424, ""3"": 0.020150901470946468, ""4"": 0.020274926695060497, ""5"": 0.01855650375716432}"
primary,200,p0.05,nan,1.0,6,0.05,9.950000000000001,9.645,3,19,1929,1929,1.6288936480071088,10,1.4054463390024359,0.02810892678004872,9.220843425173054,13.59904702882172,1.840669496274149,2.921441005795863,9,"{""0"": 0.012839905191444512, ""1"": 0.03281430037983325, ""2"": 0.022403324634370815, ""3"": 0.04110900680783673, ""4"": 0.02726320371763429, ""5"": 0.03222381994917271}"
primary,200,p0.05,nan,1.0,6,0.05,9.950000000000001,9.645,3,19,1929,1929,1.6288936480071088,20,0.7215874633992839,0.014431749267985681,13.633290599461702,14.862868052997523,1.9419128802802825,3.397287022364031,9,"{""0"": 0.009040571491745766, ""1"": 0.010976986122614727, ""2"": 0.009923764005216112, ""3"": 0.010550293856383341, ""4"": 0.02363119627946093, ""5"": 0.022467683852493196}"
primary,200,p0.05,nan,1.0,6,0.05,9.950000000000001,9.645,3,19,1929,1929,1.6288936480071088,30,0.5634364616481892,0.011268729232963785,14.425674790136819,15.274198502097361,1.959447722241978,3.7670570400385723,10,"{""0"": 0.008039340552202436, ""1"": 0.015476850465125794, ""2"": 0.006009719859056857, ""3"": 0.010993384715847685, ""4"": 0.01271772918617406, ""5"": 0.014375350619375879}"
primary,200,p0.05,nan,1.0,6,0.05,9.950000000000001,9.645,3,19,1929,1929,1.6288936480071088,40,0.45393493978453925,0.009078698795690787,9.036792469829438,15.621960934412838,1.9560299922481015,3.6311850487181254,9,"{""0"": 0.007231547508591511, ""1"": 0.012553441823051566, ""2"": 0.007972703828415598, ""3"": 0.005638363368262134, ""4"": 0.00742944400620772, ""5"": 0.013646692239616186}"
primary,200,p0.05,nan,1.0,6,0.05,9.950000000000001,9.645,3,19,1929,1929,1.6288936480071088,50,0.3990344651188302,0.007980689302376606,1.1362638127710458,15.97246797206418,1.965925402212779,3.46438104511989,8,"{""0"": 0.007194780878076269, ""1"": 0.009822638764529643, ""2"": 0.007175815177758863, ""3"": 0.005775634426062016, ""4"": 0.004260567998717605, ""5"": 0.013654698569115237}"
primary,200,p0.05,nan,1.0,6,0.05,9.950000000000001,9.645,3,19,1929,1929,1.6288936480071088,60,0.36851292069301556,0.007370258413860312,3.836484399526804,16.07816042215657,1.9305560560309083,3.436597619253085,9,"{""0"": 0.0061045265343227535, ""1"": 0.008048423368574018, ""2"": 0.006710143802800457, ""3"": 0.003477415001543832, ""4"": 0.005859156053941481, ""5"": 0.014021885721979332}"
primary,200,p0.05,nan,1.0,6,0.05,9.950000000000001,9.645,3,19,1929,1929,1.6288936480071088,70,0.3324321310794469,0.006648642621588939,7.066933857839227,16.249820146559806,1.9330114446316782,3.5261950776030435,9,"{""0"": 0.0055276103804407836, ""1"": 0.00884772592213313, ""2"": 0.004270696859171038, ""3"": 0.003998042771602483, ""4"": 0.004079626425022391, ""5"": 0.01316815337116381}"
primary,200,p0.05,nan,1.0,6,0.05,9.950000000000001,9.645,3,19,1929,1929,1.6288936480071088,80,0.3171200906800116,0.006342401813600233,6.235559769421766,16.488202895233115,1.9231352432878486,3.460748260321317,9,"{""0"": 0.004682664863080178, ""1"": 0.008266753767593444, ""2"": 0.003922664184018011, ""3"": 0.0034394398908216576, ""4"": 0.004830995343805799, ""5"": 0.012911892832282312}"
primary,200,p0.05,nan,1.0,6,0.05,9.950000000000001,9.645,3,19,1929,1929,1.6288936480071088,90,0.29426643974188477,0.005885328794837696,8.534321485180163,16.601117517021855,1.9390024578585858,3.528894359534934,9,"{""0"": 0.005319423104335223, ""1"": 0.008396282081960825, ""2"": 0.004309355862448334, ""3"": 0.0026083328134303787, ""4"": 0.006532661109013319, ""5"": 0.0081459177978381}"
primary,200,p0.05,nan,1.0,6,0.05,9.950000000000001,9.645,3,19,1929,1929,1.6288936480071088,100,0.27886019294619363,0.005577203858923874,6.159105898485169,16.721600490469058,1.9558916073486288,3.4900323933979402,9,"{""0"": 0.005417121301827355, ""1"": 0.0075349884257614064, ""2"": 0.004681773878447559, ""3"": 0.0025883483718662755, ""4"": 0.005355743068352343, ""5"": 0.007885248107288306}"
primary,200,p0.05,nan,1.0,6,0.05,9.950000000000001,9.645,3,19,1929,1929,1.6288936480071088,110,0.2778497697256868,0.005556995394513737,2.7174547361289765,16.86570863025261,1.966645475017859,3.4414148123485315,9,"{""0"": 0.004813435484030463, ""1"": 0.007972048083002291, ""2"": 0.004103952461239252, ""3"": 0.0025660431857651837, ""4"": 0.005677145959218854, ""5"": 0.008209347193826388}"
primary,200,p0.05,nan,1.0,6,0.05,9.950000000000001,9.645,3,19,1929,1929,1.6288936480071088,120,0.26559564601474395,0.0053119129202948805,20.18824306407046,16.979946903190154,1.9766104788972092,3.4206313482715056,9,"{""0"": 0.005020014480559385, ""1"": 0.007853542680654576, ""2"": 0.003733594945157919, ""3"": 0.0026263509250131463, ""4"": 0.005080462366149914, ""5"": 0.007557512124234343}"
primary,200,p0.05,nan,1.0,6,0.05,9.950000000000001,9.645,3,19,1929,1929,1.6288936480071088,130,0.26576600323985716,0.0053153200647971435,1.4163061794615928,17.08180310626848,1.970008349164715,3.3865668081413114,8,"{""0"": 0.0049612654501042346, ""1"": 0.007547996586686055, ""2"": 0.004041936855339842, ""3"": 0.002331808065437313, ""4"": 0.004739173455773396, ""5"": 0.008269739975442026}"
primary,200,p0.05,nan,1.0,6,0.05,9.950000000000001,9.645,3,19,1929,1929,1.6288936480071088,140,0.26328065179697324,0.0052656130359394655,2.5444827718418486,17.137107748583592,1.9708000645126031,3.338179190712915,8,"{""0"": 0.005032499845246974, ""1"": 0.007501255082436184, ""2"": 0.004397389760251997, ""3"": 0.002346934893774449, ""4"": 0.004013978636459906, ""5"": 0.008301619997467282}"
primary,200,p0.05,nan,1.0,6,0.05,9.950000000000001,9.645,3,19,1929,1929,1.6288936480071088,150,0.2497480418650999,0.004994960837301999,2.926656359108135,17.22350630543624,1.9948675936408802,3.4209755062555423,8,"{""0"": 0.005608008832096887, ""1"": 0.006757548375962766, ""2"": 0.003953233174443396, ""3"": 0.00257035030870367, ""4"": 0.0037820548371871607, ""5"": 0.00729856949541811}"
primary,200,p0.05,nan,1.0,6,0.05,9.950000000000001,9.645,3,19,1929,1929,1.6288936480071088,160,0.23530305247996672,0.004706061049599335,9.506459599666396,17.288300258208267,2.0003475941151145,3.3758846979132975,8,"{""0"": 0.006142022013909142, ""1"": 0.005348179697272422, ""2"": 0.004081369048056327, ""3"": 0.0027474106405238285, ""4"": 0.0033440744367591764, ""5"": 0.006573310461075116}"
primary,200,p0.05,nan,1.0,6,0.05,9.950000000000001,9.645,3,19,1929,1929,1.6288936480071088,170,0.23006302202435963,0.004601260440487194,4.007679198810917,17.3802836525112,2.005126202438898,3.3400391919214933,8,"{""0"": 0.006142604355711371, ""1"": 0.00530652698355196, ""2"": 0.00419746225269669, ""3"": 0.0025896245597151523, ""4"": 0.0031599863968434423, ""5"": 0.006211358094404546}"
primary,200,p0.05,nan,1.0,6,0.05,9.950000000000001,9.645,3,19,1929,1929,1.6288936480071088,180,0.2131253851903149,0.004262507703806298,3.9262075299175176,17.493632454485752,2.001583335777555,3.3143561940531217,8,"{""0"": 0.00512280625805799, ""1"": 0.005690279862056675, ""2"": 0.0033392353998772683, ""3"": 0.0025843065372639037, ""4"": 0.0025954128714072025, ""5"": 0.006243005294174753}"
primary,200,p0.05,nan,1.0,6,0.05,9.950000000000001,9.645,3,19,1929,1929,1.6288936480071088,190,0.21446970783954558,0.004289394156790912,5.032052625681235,17.562808917445885,1.997491288761719,3.2971082300284,8,"{""0"": 0.0046971155795482175, ""1"": 0.005740964263760198, ""2"": 0.003409839901205962, ""3"": 0.0024252929092438355, ""4"": 0.0026098608667954036, ""5"": 0.006853291420191854}"
primary,200,p0.05,nan,1.0,6,0.05,9.950000000000001,9.645,3,19,1929,1929,1.6288936480071088,200,0.2145095407279849,0.0042901908145596985,4.546223730858179,17.610068300446233,1.9954964944886318,3.2798983142474856,8,"{""0"": 0.004573966161137318, ""1"": 0.0058193654414636165, ""2"": 0.0034242868432753587, ""3"": 0.002412419615162847, ""4"": 0.0023619004579634333, ""5"": 0.00714920636835562}"
primary,200,p0.10,nan,1.0,6,0.1,19.900000000000002,19.865,11,31,3973,3973,1.5259065146384367,0,1.00905197754349,0.020181039550869806,nan,0.0,1.5259065146384367,6.447727661462857,12,"{""0"": 0.02292527654338982, ""1"": 0.018162952713886366, ""2"": 0.01837866857730142, ""3"": 0.01885300614450581, ""4"": 0.022633509592074424, ""5"": 0.02013282373406099}"
primary,200,p0.10,nan,1.0,6,0.1,19.900000000000002,19.865,11,31,3973,3973,1.5259065146384367,10,0.9125495967092683,0.01825099193418537,7.458750211122553,11.723954510152616,2.1411986416691495,2.532465454957858,4,"{""0"": 0.022868303256880634, ""1"": 0.01241049278772322, ""2"": 0.011410473882190925, ""3"": 0.011105088356182253, ""4"": 0.020895830677597815, ""5"": 0.030815762644537358}"
primary,200,p0.10,nan,1.0,6,0.1,19.900000000000002,19.865,11,31,3973,3973,1.5259065146384367,20,0.654199573591799,0.013083991471835981,19.378352363255274,13.341508040218622,2.199783545932657,2.495386566302461,4,"{""0"": 0.023622959386683774, ""1"": 0.01767837317405862, ""2"": 0.01239950306745755, ""3"": 0.01189284529206847, ""4"": 0.0009822868348447226, ""5"": 0.011927981075902773}"
primary,200,p0.10,nan,1.0,6,0.1,19.900000000000002,19.865,11,31,3973,3973,1.5259065146384367,30,0.455650983942928,0.009113019678858561,2.7148946425872014,15.195439747929923,2.2121276597058936,2.450840735967555,4,"{""0"": 0.018651514474730804, ""1"": 0.014933155827505873, ""2"": 0.009813028665210144, ""3"": 0.005029016352377113, ""4"": 0.00501294565882204, ""5"": 0.0012384570945053943}"
primary,200,p0.10,nan,1.0,6,0.1,19.900000000000002,19.865,11,31,3973,3973,1.5259065146384367,40,0.33763682297676695,0.00675273645953534,0.22312343450888794,15.911149545891659,2.1951548300240153,2.8846709245744733,5,"{""0"": 0.017183819509184975, ""1"": 0.006094526099486485, ""2"": 0.009405758712140732, ""3"": 0.003689062301259602, ""4"": 0.002023147258956663, ""5"": 0.002120104876183576}"
primary,200,p0.10,nan,1.0,6,0.1,19.900000000000002,19.865,11,31,3973,3973,1.5259065146384367,50,0.36297964542097205,0.007259592908419442,3.2504835317103953,16.331071205275464,2.1107157741742446,2.959617331004327,6,"{""0"": 0.01300556616980578, ""1"": 0.007047218787049775, ""2"": 0.0076277399056043724, ""3"": 0.010193464747860594, ""4"": 0.004783318451467254, ""5"": 0.0009002493887288746}"
primary,200,p0.10,nan,1.0,6,0.1,19.900000000000002,19.865,11,31,3973,3973,1.5259065146384367,60,0.3451675973950052,0.006903351947900105,4.308964720492538,16.50347893968568,2.089409384499228,2.9245568722965327,6,"{""0"": 0.010125344912957253, ""1"": 0.010143866162359549, ""2"": 0.005960380552716949, ""3"": 0.007944299785135635, ""4"": 0.005271152240001375, ""5"": 0.001975068034229871}"
primary,200,p0.10,nan,1.0,6,0.1,19.900000000000002,19.865,11,31,3973,3973,1.5259065146384367,70,0.25149316592055715,0.005029863318411143,1.3506638177743766,16.714765735967838,2.1112561574963546,2.912845823490603,6,"{""0"": 0.006479472737518452, ""1"": 0.0071754476927617964, ""2"": 0.005168699452275232, ""3"": 0.0060468992897465, ""4"": 0.0035778828221140397, ""5"": 0.0017307779160508374}"
primary,200,p0.10,nan,1.0,6,0.1,19.900000000000002,19.865,11,31,3973,3973,1.5259065146384367,80,0.24010627303864,0.0048021254607728,2.3960496590547913,16.91807294374423,2.1312833229215316,2.9563323815345033,6,"{""0"": 0.00684954824051384, ""1"": 0.005746865560716413, ""2"": 0.008254342373706628, ""3"": 0.004023879302261344, ""4"": 0.001764160309815853, ""5"": 0.002173956977622719}"
primary,200,p0.10,nan,1.0,6,0.1,19.900000000000002,19.865,11,31,3973,3973,1.5259065146384367,90,0.25464617804954065,0.005092923560990814,1.184427699754175,16.943891593561098,2.1408837940666308,2.9361869001021503,6,"{""0"": 0.005397502308357965, ""1"": 0.01198071815110318, ""2"": 0.006263785645351866, ""3"": 0.004451424358641607, ""4"": 0.0017356987489971845, ""5"": 0.0007284121534930773}"
primary,200,p0.10,nan,1.0,6,0.1,19.900000000000002,19.865,11,31,3973,3973,1.5259065146384367,100,0.24892069684747217,0.004978413936949444,4.474183059731735,17.084352443514103,2.160826916480895,2.9489600950331067,6,"{""0"": 0.00585626116136272, ""1"": 0.009163390826094249, ""2"": 0.007194637909413939, ""3"": 0.004753567400754616, ""4"": 0.002318625233439249, ""5"": 0.0005840010906318879}"
primary,200,p0.10,nan,1.0,6,0.1,19.900000000000002,19.865,11,31,3973,3973,1.5259065146384367,110,0.27524049950728624,0.005504809990145726,2.430474931262603,17.231674092863475,2.1687778681344483,2.978466931282867,6,"{""0"": 0.005780002923838603, ""1"": 0.012769758633967917, ""2"": 0.006172857279312214, ""3"": 0.005083515189493197, ""4"": 0.0027248665362809726, ""5"": 0.0004978593779814512}"
primary,200,p0.10,nan,1.0,6,0.1,19.900000000000002,19.865,11,31,3973,3973,1.5259065146384367,120,0.23710771002744055,0.004742154200548812,0.2806389272982848,17.384121776791243,2.1046999000752633,2.87705197723183,6,"{""0"": 0.002240860487825154, ""1"": 0.012962868610928014, ""2"": 0.005292433883795479, ""3"": 0.004886162772621838, ""4"": 0.002482484285296126, ""5"": 0.0005881151628262615}"
primary,200,p0.10,nan,1.0,6,0.1,19.900000000000002,19.865,11,31,3973,3973,1.5259065146384367,130,0.22042493039696076,0.004408498607939216,1.0537676936206848,17.501643827257695,2.096472997956837,2.8691351663414943,5,"{""0"": 0.001825987958557615, ""1"": 0.013055691328745279, ""2"": 0.005104327131908832, ""3"": 0.004287568186410043, ""4"": 0.0015980823421128756, ""5"": 0.0005793346999006509}"
primary,200,p0.10,nan,1.0,6,0.1,19.900000000000002,19.865,11,31,3973,3973,1.5259065146384367,140,0.21405596112781602,0.004281119222556321,1.0610025636252207,17.57248266225672,2.0919745710545103,2.874262182912489,5,"{""0"": 0.0018002487551757238, ""1"": 0.012555866229004745, ""2"": 0.005095214594099978, ""3"": 0.00422696182428906, ""4"": 0.001434288485725779, ""5"": 0.0005741354470426409}"
primary,200,p0.10,nan,1.0,6,0.1,19.900000000000002,19.865,11,31,3973,3973,1.5259065146384367,150,0.2380132526609959,0.0047602650532199186,0.8326400551060322,17.630494255823848,2.1175842063732344,2.9344620566917436,6,"{""0"": 0.001629918931170649, ""1"": 0.014698238406853342, ""2"": 0.004901747882524553, ""3"": 0.005289672776397853, ""4"": 0.0015252114651713709, ""5"": 0.0005168008572017437}"
primary,200,p0.10,nan,1.0,6,0.1,19.900000000000002,19.865,11,31,3973,3973,1.5259065146384367,160,0.20764511450273038,0.004152902290054608,2.4119572345509064,17.60625956364375,2.0972805862155317,2.9697740910872055,6,"{""0"": 0.0016641511677349592, ""1"": 0.011052946774002662, ""2"": 0.004836449539222516, ""3"": 0.004923574168406594, ""4"": 0.001909810562543086, ""5"": 0.0005304815284178248}"
primary,200,p0.10,nan,1.0,6,0.1,19.900000000000002,19.865,11,31,3973,3973,1.5259065146384367,170,0.19887927031741748,0.00397758540634835,1.5205695465748124,17.72518372044138,2.100681016048236,2.920067774779322,6,"{""0"": 0.0017033468891251991, ""1"": 0.009919178957086877, ""2"": 0.004744236632770392, ""3"": 0.004874906466931879, ""4"": 0.0021073284654506293, ""5"": 0.0005165150267251217}"
primary,200,p0.10,nan,1.0,6,0.1,19.900000000000002,19.865,11,31,3973,3973,1.5259065146384367,180,0.22493970460109403,0.004498794092021881,0.4164696832635964,17.828183523102012,1.9881050139570902,2.9164453936242607,6,"{""0"": 0.003933475904255728, ""1"": 0.011266963239266726, ""2"": 0.004140113950271786, ""3"": 0.005457393799012054, ""4"": 0.00162372695285854, ""5"": 0.0005710907064664536}"
primary,200,p0.10,nan,1.0,6,0.1,19.900000000000002,19.865,11,31,3973,3973,1.5259065146384367,190,0.18810366558342298,0.0037620733116684605,0.7702276116282625,17.840228467406106,1.9865647704839469,2.9131080371201445,6,"{""0"": 0.0036643389366847016, ""1"": 0.006949965742306334, ""2"": 0.004179698181032602, ""3"": 0.005310557845195243, ""4"": 0.001832015286509028, ""5"": 0.0006358638782828568}"
primary,200,p0.10,nan,1.0,6,0.1,19.900000000000002,19.865,11,31,3973,3973,1.5259065146384367,200,0.1883163093114292,0.0037663261862285846,0.4455909109593267,17.77471610016404,1.9903109444659752,2.921730712016918,6,"{""0"": 0.004336584494088436, ""1"": 0.006424337071584385, ""2"": 0.003952695208166929, ""3"": 0.005341476509073008, ""4"": 0.0018432305076062326, ""5"": 0.0006996333268525135}"
primary,200,p0.20,nan,1.0,6,0.2,39.800000000000004,40.06,25,60,8012,8012,1.5080959098367905,0,0.9888105015782805,0.019776210031565614,nan,0.0,1.5080959098367905,6.344756265732125,14,"{""0"": 0.020100211658130147, ""1"": 0.02099418546796098, ""2"": 0.019900212135677456, ""3"": 0.019139849899501953, ""4"": 0.020108045167283393, ""5"": 0.018414755860839748}"
primary,200,p0.20,nan,1.0,6,0.2,39.800000000000004,40.06,25,60,8012,8012,1.5080959098367905,10,0.444477427648134,0.008889548552962681,3.824622057549438,11.084158751374803,2.0602931012995707,2.618123594978652,4,"{""0"": 0.004186364580901496, ""1"": 0.0025219857751915473, ""2"": 0.0009489744306072645, ""3"": 0.009932536116106432, ""4"": 0.019215501194660162, ""5"": 0.01653192922030919}"
primary,200,p0.20,nan,1.0,6,0.2,39.800000000000004,40.06,25,60,8012,8012,1.5080959098367905,20,0.41728476106023715,0.008345695221204744,4.417105354972186,13.407202525785438,1.94092960154054,2.049070422876981,4,"{""0"": 0.011679585623789419, ""1"": 0.0005379648318531553, ""2"": 0.008352386393294534, ""3"": 0.008784705354842957, ""4"": 0.0032075518156464726, ""5"": 0.017511977307801928}"
primary,200,p0.20,nan,1.0,6,0.2,39.800000000000004,40.06,25,60,8012,8012,1.5080959098367905,30,0.28005746103320783,0.005601149220664157,5.761937515642968,14.599397179698407,1.9876128489751936,2.5546073087318333,4,"{""0"": 0.005879176741069987, ""1"": 0.005738922139944839, ""2"": 0.0026586753606199225, ""3"": 0.010815992871082892, ""4"": 0.004119851523012455, ""5"": 0.004394276688254846}"
primary,200,p0.20,nan,1.0,6,0.2,39.800000000000004,40.06,25,60,8012,8012,1.5080959098367905,40,0.2851103103364476,0.005702206206728953,0.9188962435080219,15.422261181887867,2.03796601588607,2.765995247885008,5,"{""0"": 0.004166197583534783, ""1"": 0.006617537183034311, ""2"": 0.005112689378965314, ""3"": 0.007498557787848257, ""4"": 0.004826539001011669, ""5"": 0.005991716305979382}"
primary,200,p0.20,nan,1.0,6,0.2,39.800000000000004,40.06,25,60,8012,8012,1.5080959098367905,50,0.24763953771069874,0.0049527907542139754,0.43284394358132755,16.078364240275384,2.0246706854269414,2.610172375718803,4,"{""0"": 0.0005132258794297074, ""1"": 0.004604458681156011, ""2"": 0.008799885318411402, ""3"": 0.006980285349177934, ""4"": 0.00434045779587462, ""5"": 0.004478431501234175}"
primary,200,p0.20,nan,1.0,6,0.2,39.800000000000004,40.06,25,60,8012,8012,1.5080959098367905,60,0.32231497289298966,0.006446299457859794,0.2661138888491665,16.31235810845912,2.004923614173573,2.41937796234842,4,"{""0"": 0.00042289857802499316, ""1"": 0.009975896755329037, ""2"": 0.01599350272969271, ""3"": 0.0012042035534622336, ""4"": 0.0069074192838584295, ""5"": 0.004173875846791366}"
primary,200,p0.20,nan,1.0,6,0.2,39.800000000000004,40.06,25,60,8012,8012,1.5080959098367905,70,0.2746422314014156,0.005492844628028313,0.9898480767738083,16.71053576069932,2.0088990779818063,2.6254388477198356,4,"{""0"": 0.0005187818421566534, ""1"": 0.012756790348957808, ""2"": 0.009235727395674898, ""3"": 0.0017759676144449622, ""4"": 0.004417602177815062, ""5"": 0.00425219838912049}"
primary,200,p0.20,nan,1.0,6,0.2,39.800000000000004,40.06,25,60,8012,8012,1.5080959098367905,80,0.23057578882315402,0.004611515776463081,0.26769638414868124,17.19531244901888,2.0034185663111113,2.577069175663161,4,"{""0"": 0.00043656421417758215, ""1"": 0.007374398552432007, ""2"": 0.010603198353006112, ""3"": 0.000731387635203271, ""4"": 0.004599985794636874, ""5"": 0.0039235601093226425}"
primary,200,p0.20,nan,1.0,6,0.2,39.800000000000004,40.06,25,60,8012,8012,1.5080959098367905,90,0.23460175622556081,0.004692035124511216,0.5411361524121573,17.324812363348453,2.019071312100637,2.552766887119805,4,"{""0"": 0.0003350480289615439, ""1"": 0.006980435997785819, ""2"": 0.010615699617063556, ""3"": 0.0005795218421155556, ""4"": 0.005373798713265146, ""5"": 0.0042677065478756784}"
primary,200,p0.20,nan,1.0,6,0.2,39.800000000000004,40.06,25,60,8012,8012,1.5080959098367905,100,0.21446521549799152,0.004289304309959831,0.23926717244158793,17.488503660309235,2.0301033055326365,2.57599363011141,4,"{""0"": 0.0003144128992821536, ""1"": 0.006769033072376478, ""2"": 0.00889016819789969, ""3"": 0.0006586702363295076, ""4"": 0.004966989936381625, ""5"": 0.004136551517489533}"
primary,200,p0.20,nan,1.0,6,0.2,39.800000000000004,40.06,25,60,8012,8012,1.5080959098367905,110,0.22109103022263477,0.004421820604452696,0.28288370501574667,17.54736747093497,2.017187625726936,2.5530066910994793,4,"{""0"": 0.00022670874858810247, ""1"": 0.006107927198311766, ""2"": 0.010868612430972547, ""3"": 0.0005367699238278515, ""4"": 0.004708547407218105, ""5"": 0.004082357917797803}"
primary,200,p0.20,nan,1.0,6,0.2,39.800000000000004,40.06,25,60,8012,8012,1.5080959098367905,120,0.23072814300312078,0.004614562860062416,0.16155416500691783,17.721745076786217,2.03198964194436,2.5467197906331673,4,"{""0"": 0.00023043736600234914, ""1"": 0.006486528303247556, ""2"": 0.011388782291285367, ""3"": 0.0008370084960228318, ""4"": 0.0046339324858209775, ""5"": 0.0041106882179954155}"
primary,200,p0.20,nan,1.0,6,0.2,39.800000000000004,40.06,25,60,8012,8012,1.5080959098367905,130,0.22101688744792805,0.004420337748958562,0.31489742520061736,17.892304198168215,2.0449634572184565,2.560483339384212,4,"{""0"": 0.0002327400598476946, ""1"": 0.0060832329254154795, ""2"": 0.010986068878991282, ""3"": 0.0005062822235791478, ""4"": 0.004581100391490581, ""5"": 0.004132602014427181}"
primary,200,p0.20,nan,1.0,6,0.2,39.800000000000004,40.06,25,60,8012,8012,1.5080959098367905,140,0.19340900055090327,0.003868180011018066,0.5947745672769574,18.112788276509654,2.0625317583292397,2.5823151580833565,4,"{""0"": 0.0002378490846390217, ""1"": 0.005555109815575372, ""2"": 0.008045864525071934, ""3"": 0.000466902626197217, ""4"": 0.004766141980253644, ""5"": 0.004137212034371206}"
primary,200,p0.20,nan,1.0,6,0.2,39.800000000000004,40.06,25,60,8012,8012,1.5080959098367905,150,0.19650775639562806,0.003930155127912562,14.086692621201257,18.251161298534246,2.0683125707325707,2.6113282649352008,4,"{""0"": 0.00028289488326844114, ""1"": 0.005220021769171149, ""2"": 0.007860783188373516, ""3"": 0.001309444181004384, ""4"": 0.004771344910534003, ""5"": 0.004136441835123878}"
primary,200,p0.20,nan,1.0,6,0.2,39.800000000000004,40.06,25,60,8012,8012,1.5080959098367905,160,0.2000093976877788,0.004000187953755577,0.07511746420199834,18.313498584553194,2.066459841005902,2.635946495602359,4,"{""0"": 0.00032129727731665706, ""1"": 0.005637455140131306, ""2"": 0.007335226963271701, ""3"": 0.0018229765666258218, ""4"": 0.005145003002353692, ""5"": 0.0037391687728342794}"
primary,200,p0.20,nan,1.0,6,0.2,39.800000000000004,40.06,25,60,8012,8012,1.5080959098367905,170,0.18739739594674767,0.003747947918934954,5.258683902544566,18.70466976338314,2.069406105338833,2.68788742290803,4,"{""0"": 0.0005759148253968311, ""1"": 0.005716248582908678, ""2"": 0.006542959144011597, ""3"": 0.0015845374182062797, ""4"": 0.005511678761532257, ""5"": 0.002556348781554082}"
primary,200,p0.20,nan,1.0,6,0.2,39.800000000000004,40.06,25,60,8012,8012,1.5080959098367905,180,0.15485762786980511,0.0030971525573961025,0.5997843281522504,18.794971560550785,2.0672610353386056,2.7198065054953657,4,"{""0"": 0.0005119257453705272, ""1"": 0.006071047481566294, ""2"": 0.00441332897616196, ""3"": 0.001332158891201804, ""4"": 0.004612465496326727, ""5"": 0.0016419887537493035}"
primary,200,p0.20,nan,1.0,6,0.2,39.800000000000004,40.06,25,60,8012,8012,1.5080959098367905,190,0.15590858682209827,0.003118171736441966,0.250239473215706,18.88700945490758,2.070286646447164,2.7630019913204005,5,"{""0"": 0.0004549917920871124, ""1"": 0.005485033187323745, ""2"": 0.00418038505494614, ""3"": 0.002316280650516245, ""4"": 0.004628317644621591, ""5"": 0.0016440220891569615}"
primary,200,p0.20,nan,1.0,6,0.2,39.800000000000004,40.06,25,60,8012,8012,1.5080959098367905,200,0.14225693474928605,0.0028451386949857214,0.7189657698468761,18.95143700335096,2.07090785601564,2.803715729920868,5,"{""0"": 0.00046691328976706023, ""1"": 0.0055383611493323584, ""2"": 0.0021234318592449506, ""3"": 0.002944841134263559, ""4"": 0.004510426181800109, ""5"": 0.0014868585555062902}"
primary,200,p0.40,nan,1.0,6,0.4,79.60000000000001,80.155,59,98,16031,16031,1.578782309788662,0,0.9671687957772023,0.01934337591554405,nan,0.0,1.578782309788662,5.896486072001465,13,"{""0"": 0.01928380622971087, ""1"": 0.02053989424258399, ""2"": 0.018875809051220837, ""3"": 0.01966896259210747, ""4"": 0.019192372425670196, ""5"": 0.018499410951970937}"
primary,200,p0.40,nan,1.0,6,0.4,79.60000000000001,80.155,59,98,16031,16031,1.578782309788662,10,0.5428782057795177,0.010857564115590355,4.760953244977575,8.770496326588592,2.234385389721884,1.7731955854165105,2,"{""0"": 0.014881419493329448, ""1"": 0.013064699433997315, ""2"": 0.0007223920078817333, ""3"": 0.020464888969602704, ""4"": 0.015412016819442358, ""5"": 0.0005999679692885666}"
primary,200,p0.40,nan,1.0,6,0.4,79.60000000000001,80.155,59,98,16031,16031,1.578782309788662,20,0.39858327245104125,0.007971665449020827,7.37248049125951,12.202864162764508,1.9868346216760757,2.417099312450557,3,"{""0"": 0.0050725247700826636, ""1"": 0.0019165148738350683, ""2"": 0.006083272105358041, ""3"": 0.0023749050237160257, ""4"": 0.009305485796764278, ""5"": 0.023077290124368877}"
primary,200,p0.40,nan,1.0,6,0.4,79.60000000000001,80.155,59,98,16031,16031,1.578782309788662,30,0.2050581607815285,0.00410116321563057,5.645921060827496,14.137274952775005,2.1525223005513316,2.412823763483537,3,"{""0"": 0.010175752138125917, ""1"": 0.003712015018927662, ""2"": 0.0005734765954690329, ""3"": 0.005329553668611831, ""4"": 0.004298672628517278, ""5"": 0.0005175092441317035}"
primary,200,p0.40,nan,1.0,6,0.4,79.60000000000001,80.155,59,98,16031,16031,1.578782309788662,40,0.1106192205631302,0.0022123844112626042,0.6390781848637137,15.42804040407375,2.1709965295870015,2.455634970382734,3,"{""0"": 0.004125173064866028, ""1"": 0.0028513287346530617, ""2"": 0.0038426481033256694, ""3"": 0.001232893022026647, ""4"": 0.0008690302309117116, ""5"": 0.0003532333117925063}"
primary,200,p0.40,nan,1.0,6,0.4,79.60000000000001,80.155,59,98,16031,16031,1.578782309788662,50,0.1574435057226386,0.0031488701144527726,5.978729098798324,16.538694432691287,2.19051613927125,2.4549027912570867,3,"{""0"": 0.0071157613946142995, ""1"": 0.003945164787615577, ""2"": 0.004273516952789087, ""3"": 0.0011935826792985591, ""4"": 0.002065910061667481, ""5"": 0.00029928481073163377}"
primary,200,p0.40,nan,1.0,6,0.4,79.60000000000001,80.155,59,98,16031,16031,1.578782309788662,60,0.14821033885239795,0.00296420677704796,2.9987793427434797,17.354542653662296,2.1972638874370873,2.461776553528851,3,"{""0"": 0.006820848062581002, ""1"": 0.003033798615226021, ""2"": 0.0042973862602644205, ""3"": 0.0019543710259299586, ""4"": 0.0013469158954957316, ""5"": 0.00033192080279062194}"
primary,200,p0.40,nan,1.0,6,0.4,79.60000000000001,80.155,59,98,16031,16031,1.578782309788662,70,0.08537038634776324,0.001707407726955265,2.052083380912996,17.754940374874977,2.214870202135666,2.492040392608076,3,"{""0"": 0.004065956889312801, ""1"": 0.002562588622279114, ""2"": 0.000464351179317642, ""3"": 0.0018865012901011842, ""4"": 0.0010750310042361533, ""5"": 0.0001900173764846954}"
primary,200,p0.40,nan,1.0,6,0.4,79.60000000000001,80.155,59,98,16031,16031,1.578782309788662,80,0.08264134016486546,0.0016528268032973093,0.8752978497542855,18.087956613573017,2.153560628640587,2.4913082509932183,3,"{""0"": 0.0019827792677211634, ""1"": 0.0014264819801193835, ""2"": 0.0035288363343739513, ""3"": 0.0022830865039715482, ""4"": 0.0005137398297998462, ""5"": 0.00018203690379796388}"
primary,200,p0.40,nan,1.0,6,0.4,79.60000000000001,80.155,59,98,16031,16031,1.578782309788662,90,0.0685566994438761,0.0013711339888775223,0.11763973020904048,18.467442683239188,2.137950577156512,2.5063292236845425,3,"{""0"": 0.0022294482149963894, ""1"": 0.0012963398235188114, ""2"": 0.0036846572661277236, ""3"": 0.00039921984605526044, ""4"": 0.0003884244116758773, ""5"": 0.00022871437089107193}"
primary,200,p0.40,nan,1.0,6,0.4,79.60000000000001,80.155,59,98,16031,16031,1.578782309788662,100,0.030727820403558058,0.0006145564080711612,0.26398728727304743,18.72625164375307,2.150705139022512,2.508234851510739,3,"{""0"": 0.0010125182927201474, ""1"": 0.0012168937885533163, ""2"": 0.00039613117192908293, ""3"": 0.00040487935904150104, ""4"": 0.0004246793581175232, ""5"": 0.00023223647806539603}"
primary,200,p0.40,nan,1.0,6,0.4,79.60000000000001,80.155,59,98,16031,16031,1.578782309788662,110,0.026238048063093017,0.0005247609612618603,2.6772676006238654,19.0250816945562,2.129388636473811,2.4939158138214683,3,"{""0"": 0.0007524457093969407, ""1"": 0.0009349216874882065, ""2"": 0.00031240928781855283, ""3"": 0.0004428519935297293, ""4"": 0.0004748274912701223, ""5"": 0.00023110959806761053}"
primary,200,p0.40,nan,1.0,6,0.4,79.60000000000001,80.155,59,98,16031,16031,1.578782309788662,120,0.021736238051876116,0.0004347247610375224,0.024348023113001025,19.365668550099265,2.1702365371070007,2.4930185548993617,3,"{""0"": 0.0008702395197664796, ""1"": 0.0006414568255217014, ""2"": 0.0002742340601980313, ""3"": 0.000349813395291125, ""4"": 0.00026740373671675844, ""5"": 0.00020520102873103867}"
primary,200,p0.40,nan,1.0,6,0.4,79.60000000000001,80.155,59,98,16031,16031,1.578782309788662,130,0.04691849228217858,0.0009383698456435716,1.6619942101192107,19.75006582412132,2.1426205907865827,2.484843781671245,3,"{""0"": 0.0014517120314617063, ""1"": 0.0006217137939076931, ""2"": 0.00025694771457544346, ""3"": 0.0002353354359936173, ""4"": 0.002894651787945629, ""5"": 0.0001698583099773408}"
primary,200,p0.40,nan,1.0,6,0.4,79.60000000000001,80.155,59,98,16031,16031,1.578782309788662,140,0.04129770221247047,0.0008259540442494095,0.2581577061648052,19.88970976166837,2.139854891440684,2.488447436470017,3,"{""0"": 0.0010275107312206768, ""1"": 0.0006335008916059609, ""2"": 0.00027663975865209044, ""3"": 0.0001900859357761551, ""4"": 0.0026681670311421526, ""5"": 0.00015981991709942124}"
primary,200,p0.40,nan,1.0,6,0.4,79.60000000000001,80.155,59,98,16031,16031,1.578782309788662,150,0.05071694317633629,0.001014338863526726,0.566711986808687,20.116741203396185,2.1860457295566382,2.4858157007676103,3,"{""0"": 0.0012793838716094845, ""1"": 0.0006124057218776517, ""2"": 0.00021449322977615918, ""3"": 0.00020288156266375345, ""4"": 0.003609585590344421, ""5"": 0.00016728320488888524}"
primary,200,p0.40,nan,1.0,6,0.4,79.60000000000001,80.155,59,98,16031,16031,1.578782309788662,160,0.051511425586366344,0.001030228511727327,0.6644018622656434,20.416665833673306,2.1912427349042165,2.4842979340975946,3,"{""0"": 0.0014484706898825557, ""1"": 0.0004929459449337697, ""2"": 0.00020779116503627146, ""3"": 0.00023438043942591567, ""4"": 0.0036601816445820863, ""5"": 0.00013760118650336272}"
primary,200,p0.40,nan,1.0,6,0.4,79.60000000000001,80.155,59,98,16031,16031,1.578782309788662,170,0.04171450098115723,0.0008342900196231448,0.5506745662827595,20.407197149565807,2.221472778498046,2.4759104436453336,3,"{""0"": 0.0008557587711917113, ""1"": 0.0005089479070848012, ""2"": 0.00020106026885849198, ""3"": 0.00022679308359246122, ""4"": 0.0030995617939562937, ""5"": 0.00011361829305510837}"
primary,200,p0.40,nan,1.0,6,0.4,79.60000000000001,80.155,59,98,16031,16031,1.578782309788662,180,0.01827881737232831,0.0003655763474465662,0.5752391320780983,20.550641361890452,2.256236579004104,2.4837558792006744,3,"{""0"": 0.0007554262407266413, ""1"": 0.0005194487123617133, ""2"": 0.00018718628856501644, ""3"": 0.0002629968621386745, ""4"": 0.0003610100243314566, ""5"": 0.00010738995655589509}"
primary,200,p0.40,nan,1.0,6,0.4,79.60000000000001,80.155,59,98,16031,16031,1.578782309788662,190,0.028752024220880495,0.0005750404844176099,0.5677220294680524,20.82835722730101,2.259815093995242,2.478828985022094,3,"{""0"": 0.0006700932767297817, ""1"": 0.0005080116064604117, ""2"": 0.000211396941081738, ""3"": 0.0003245880148245561, ""4"": 0.0016216972197054369, ""5"": 0.00011445584770373592}"
primary,200,p0.40,nan,1.0,6,0.4,79.60000000000001,80.155,59,98,16031,16031,1.578782309788662,200,0.020808497252574,0.00041616994505148003,0.4582036630484337,21.0302024629097,2.2846872217588996,2.4855862092462377,3,"{""0"": 0.0012307564827376536, ""1"": 0.000502979390026579, ""2"": 0.00017525116934631233, ""3"": 0.0002698087013350075, ""4"": 0.00021621906961085665, ""5"": 0.00010200485725247073}"
primary,200,p0.05,nan,1.0,7,0.05,9.950000000000001,9.81,0,19,1962,1962,1.4770066984621855,0,1.0244906414802457,0.020489812829604916,nan,0.0,1.4770066984621855,5.963283485494877,12,"{""0"": 0.02060026471051805, ""1"": 0.018985712838809753, ""2"": 0.024199824857126438, ""3"": 0.019410386408741452, ""4"": 0.018164459294674373, ""5"": 0.02157822886775943}"
primary,200,p0.05,nan,1.0,7,0.05,9.950000000000001,9.81,0,19,1962,1962,1.4770066984621855,10,1.1635658336593089,0.023271316673186184,2.9998860120677073,14.831671286661692,1.9322375337697766,3.4394930684173715,10,"{""0"": 0.0253640226109891, ""1"": 0.03725248287309679, ""2"": 0.005144950580200045, ""3"": 0.023398438222856647, ""4"": 0.04259242326427189, ""5"": 0.005875582487702623}"
primary,200,p0.05,nan,1.0,7,0.05,9.950000000000001,9.81,0,19,1962,1962,1.4770066984621855,20,0.8964281422662541,0.017928562845325083,16.3420618385905,15.49833697375386,1.9355920918316398,4.255666152390314,12,"{""0"": 0.007837859057235221, ""1"": 0.047857894302454476, ""2"": 0.007548392162778092, ""3"": 0.018538373762675548, ""4"": 0.010643271768729548, ""5"": 0.015145586018077611}"
primary,200,p0.05,nan,1.0,7,0.05,9.950000000000001,9.81,0,19,1962,1962,1.4770066984621855,30,0.6178904912919762,0.012357809825839526,13.349157894330691,15.888565343083231,2.0171029617483516,4.494934372167213,12,"{""0"": 0.007926146807991287, ""1"": 0.01934934588702446, ""2"": 0.006117719972872415, ""3"": 0.02114238800470424, ""4"": 0.011537854607844324, ""5"": 0.008073403674600431}"
primary,200,p0.05,nan,1.0,7,0.05,9.950000000000001,9.81,0,19,1962,1962,1.4770066984621855,40,0.5692505364727778,0.011385010729455558,10.224677756686173,16.44201092875639,2.020534661839375,3.9775051148646647,12,"{""0"": 0.005881356452127058, ""1"": 0.01763125436547569, ""2"": 0.007110349083531762, ""3"": 0.02254675971775854, ""4"": 0.009097359704034944, ""5"": 0.006042985053805366}"
primary,200,p0.05,nan,1.0,7,0.05,9.950000000000001,9.81,0,19,1962,1962,1.4770066984621855,50,0.5271733305920235,0.010543466611840472,4.38452088298868,16.722114494302293,2.043377072908678,4.268933378947745,12,"{""0"": 0.004039699742234214, ""1"": 0.010153919090613292, ""2"": 0.010378980928515342, ""3"": 0.01901800808111999, ""4"": 0.015243755383080421, ""5"": 0.0044264364454795774}"
primary,200,p0.05,nan,1.0,7,0.05,9.950000000000001,9.81,0,19,1962,1962,1.4770066984621855,60,0.5193994394945145,0.010387988789890291,5.788854642887107,16.904549754300977,2.056927248250895,3.7074896693291293,11,"{""0"": 0.0031439669229879307, ""1"": 0.01511180052018003, ""2"": 0.004094652612335901, ""3"": 0.021291177171340374, ""4"": 0.01467930153550367, ""5"": 0.004007033976993845}"
primary,200,p0.05,nan,1.0,7,0.05,9.950000000000001,9.81,0,19,1962,1962,1.4770066984621855,70,0.43506832672976187,0.008701366534595238,38.97679437731813,17.120297413694257,2.063718126856845,3.9158452985670125,12,"{""0"": 0.0026307591513371853, ""1"": 0.008759842971793759, ""2"": 0.0035548341506541634, ""3"": 0.016626586747549025, ""4"": 0.01658461900109032, ""5"": 0.004051557185146976}"
primary,200,p0.05,nan,1.0,7,0.05,9.950000000000001,9.81,0,19,1962,1962,1.4770066984621855,80,0.4360748084077454,0.008721496168154909,2.073914826356786,17.349333283362554,2.06620375514868,3.7041096428302547,11,"{""0"": 0.002304261206317775, ""1"": 0.009506650598442617, ""2"": 0.0030798008652469454, ""3"": 0.01695963109669578, ""4"": 0.016524533521596274, ""5"": 0.003954099720630059}"
primary,200,p0.05,nan,1.0,7,0.05,9.950000000000001,9.81,0,19,1962,1962,1.4770066984621855,90,0.43803641378200486,0.008760728275640098,5.346195449454073,17.414286974782993,2.069331274063451,3.7428504241079934,11,"{""0"": 0.0029724640645760565, ""1"": 0.008124215822406813, ""2"": 0.0048164578400591625, ""3"": 0.01647000041717945, ""4"": 0.016220892560570802, ""5"": 0.0039603389490483025}"
primary,200,p0.05,nan,1.0,7,0.05,9.950000000000001,9.81,0,19,1962,1962,1.4770066984621855,100,0.44629669026521623,0.008925933805304325,3.4543235687564757,17.597769894808664,2.077168305597775,3.7121336902626663,12,"{""0"": 0.0032946836002509194, ""1"": 0.00683450963034925, ""2"": 0.005858070423498162, ""3"": 0.01723274821122958, ""4"": 0.01639545415193682, ""5"": 0.003940136814561226}"
primary,200,p0.05,nan,1.0,7,0.05,9.950000000000001,9.81,0,19,1962,1962,1.4770066984621855,110,0.4427409679912533,0.008854819359825067,11.46026347106456,17.85729618554206,2.085236704269207,3.657811213878723,12,"{""0"": 0.004258485739016709, ""1"": 0.005771993720094034, ""2"": 0.005383657060205252, ""3"": 0.01782332872826257, ""4"": 0.015526274618991993, ""5"": 0.004365176292379847}"
primary,200,p0.05,nan,1.0,7,0.05,9.950000000000001,9.81,0,19,1962,1962,1.4770066984621855,120,0.4494247784783314,0.008988495569566629,5.898499778167621,17.970305932560937,2.093942949205773,3.456648469312471,11,"{""0"": 0.005813318766291308, ""1"": 0.005659415637403593, ""2"": 0.0037570097963586027, ""3"": 0.019398322880522414, ""4"": 0.014995272486566003, ""5"": 0.0043076338502578485}"
primary,200,p0.05,nan,1.0,7,0.05,9.950000000000001,9.81,0,19,1962,1962,1.4770066984621855,130,0.4180590500481663,0.008361181000963327,4.213286791574666,18.12770885642841,2.093334556574575,3.642076304195222,12,"{""0"": 0.004700076954822168, ""1"": 0.005598599830506453, ""2"": 0.004131454927469995, ""3"": 0.021105749876031938, ""4"": 0.0104085204411678, ""5"": 0.004222683975781617}"
primary,200,p0.05,nan,1.0,7,0.05,9.950000000000001,9.81,0,19,1962,1962,1.4770066984621855,140,0.4195992406892677,0.008391984813785355,3.414300640293071,18.281349150355645,2.097254732048092,3.6733784394818483,12,"{""0"": 0.005154850966921759, ""1"": 0.005388522318470875, ""2"": 0.0034174699904378366, ""3"": 0.02165906829541959, ""4"": 0.01067016556947038, ""5"": 0.004061831741991687}"
primary,200,p0.05,nan,1.0,7,0.05,9.950000000000001,9.81,0,19,1962,1962,1.4770066984621855,150,0.4174880284846963,0.008349760569693927,3.98556742828124,18.476233864316686,2.1076358751938264,3.645012286984183,12,"{""0"": 0.004493737612664436, ""1"": 0.005261143761245576, ""2"": 0.0033108113285722483, ""3"": 0.022489874739138965, ""4"": 0.01050580657332048, ""5"": 0.004037189403221864}"
primary,200,p0.05,nan,1.0,7,0.05,9.950000000000001,9.81,0,19,1962,1962,1.4770066984621855,160,0.4208171946997645,0.00841634389399529,4.048942012334534,18.513416836537225,2.1158057359037157,3.8628460998874568,12,"{""0"": 0.003531167512819158, ""1"": 0.005816117244994834, ""2"": 0.0035442921063591456, ""3"": 0.022631606809396205, ""4"": 0.010882259235079142, ""5"": 0.0040926204553232625}"
primary,200,p0.05,nan,1.0,7,0.05,9.950000000000001,9.81,0,19,1962,1962,1.4770066984621855,170,0.4239171366324576,0.008478342732649153,2.814734627918353,18.64427547570508,2.124537948142124,3.8540254037402915,12,"{""0"": 0.003598732622827952, ""1"": 0.0058397874068583005, ""2"": 0.0032632200749317572, ""3"": 0.02315155030789337, ""4"": 0.011086294451653041, ""5"": 0.003930471531730498}"
primary,200,p0.05,nan,1.0,7,0.05,9.950000000000001,9.81,0,19,1962,1962,1.4770066984621855,180,0.42553842411543014,0.008510768482308603,5.663582625028169,18.828525590499186,2.1294472535601754,3.8429282560636313,12,"{""0"": 0.003757909165461231, ""1"": 0.005000642508217421, ""2"": 0.003612864352330503, ""3"": 0.023774659357525284, ""4"": 0.010631191456169368, ""5"": 0.004287344054147813}"
primary,200,p0.05,nan,1.0,7,0.05,9.950000000000001,9.81,0,19,1962,1962,1.4770066984621855,190,0.4571695116783508,0.009143390233567016,4.543531321110604,18.95225703829211,2.129192854307121,3.9846155506779475,12,"{""0"": 0.0035687734175272367, ""1"": 0.004954307495672633, ""2"": 0.007022668385514319, ""3"": 0.024310964734448787, ""4"": 0.010664850402216422, ""5"": 0.004338776966022714}"
primary,200,p0.05,nan,1.0,7,0.05,9.950000000000001,9.81,0,19,1962,1962,1.4770066984621855,200,0.44982025835021294,0.00899640516700426,2.899195356247054,19.00605356019907,2.1390156118308368,4.010072976252368,12,"{""0"": 0.003357677555928108, ""1"": 0.005086673435207437, ""2"": 0.005864579369159367, ""3"": 0.024289310512134073, ""4"": 0.011111300950125422, ""5"": 0.004268889179471153}"
primary,200,p0.10,nan,1.0,7,0.1,19.900000000000002,19.62,8,30,3924,3924,1.579374467960982,0,1.0449532229188299,0.0208990644583766,nan,0.0,1.579374467960982,7.189724566845599,14,"{""0"": 0.019838365113586203, ""1"": 0.021609509927562612, ""2"": 0.020892979149897, ""3"": 0.020930415692487752, ""4"": 0.02090879121094363, ""5"": 0.02121432565578239}"
primary,200,p0.10,nan,1.0,7,0.1,19.900000000000002,19.62,8,30,3924,3924,1.579374467960982,10,0.8158142861254406,0.016316285722508816,26.130056438684782,12.871058726435761,2.081591453447688,2.5544413506526227,5,"{""0"": 0.0018226315715694761, ""1"": 0.053945861130841745, ""2"": 0.003469685030258398, ""3"": 0.0077370421434614, ""4"": 0.01796056639518765, ""5"": 0.01296192806373422}"
primary,200,p0.10,nan,1.0,7,0.1,19.900000000000002,19.62,8,30,3924,3924,1.579374467960982,20,0.7357756651610897,0.014715513303221796,1.5203807353409038,13.702804902491192,2.0846558521894023,2.8169186479623267,5,"{""0"": 0.0013151475446222755, ""1"": 0.049937263752295194, ""2"": 0.0021687082304020578, ""3"": 0.008342158524362441, ""4"": 0.005446481291357363, ""5"": 0.02108332047629144}"
primary,200,p0.10,nan,1.0,7,0.1,19.900000000000002,19.62,8,30,3924,3924,1.579374467960982,30,0.6353861761484859,0.012707723522969719,8.493278198327669,15.340039433608904,2.1887401808011684,3.0616483345829026,7,"{""0"": 0.0023414142768475843, ""1"": 0.028216364335211148, ""2"": 0.0019951582115727137, ""3"": 0.019173675612459404, ""4"": 0.010543547362865302, ""5"": 0.01397618133886215}"
primary,200,p0.10,nan,1.0,7,0.1,19.900000000000002,19.62,8,30,3924,3924,1.579374467960982,40,0.428303368883219,0.00856606737766438,33.63275350994111,15.902063022054637,2.048675942147805,2.8862620398634924,8,"{""0"": 0.00565208926509257, ""1"": 0.006302263271735459, ""2"": 0.005845001625102723, ""3"": 0.018508174008060797, ""4"": 0.0031408266749289233, ""5"": 0.011948049421065818}"
primary,200,p0.10,nan,1.0,7,0.1,19.900000000000002,19.62,8,30,3924,3924,1.579374467960982,50,0.3754685919060043,0.007509371838120086,2.917992636853801,16.108817051410604,2.059817568716226,3.1028115991804848,7,"{""0"": 0.0013218891252646634, ""1"": 0.010053719594174748, ""2"": 0.008301676000113141, ""3"": 0.014768618099392694, ""4"": 0.0036753188403895374, ""5"": 0.0069350093693857345}"
primary,200,p0.10,nan,1.0,7,0.1,19.900000000000002,19.62,8,30,3924,3924,1.579374467960982,60,0.2682719428253521,0.0053654388565070425,5.550654827000151,16.22582677193651,1.9877214214339125,2.9219372861603485,7,"{""0"": 0.0012901141386055827, ""1"": 0.003366869719911258, ""2"": 0.006945795019339694, ""3"": 0.015842722481898885, ""4"": 0.002129128631176686, ""5"": 0.0026180031481101524}"
primary,200,p0.10,nan,1.0,7,0.1,19.900000000000002,19.62,8,30,3924,3924,1.579374467960982,70,0.27103294183793464,0.005420658836758694,3.079742601712949,16.374431358571947,2.0192584037259915,2.789066855679084,7,"{""0"": 0.0020771431444433232, ""1"": 0.0032081609823901825, ""2"": 0.003732437075105676, ""3"": 0.018270529958334277, ""4"": 0.0030087811163032815, ""5"": 0.00222690074397542}"
primary,200,p0.10,nan,1.0,7,0.1,19.900000000000002,19.62,8,30,3924,3924,1.579374467960982,80,0.2714116126740749,0.005428232253481499,4.005426507922868,16.54571445987133,2.035356572392055,2.869311252068725,7,"{""0"": 0.0015197776292486171, ""1"": 0.004321317746449674, ""2"": 0.0023644501352985715, ""3"": 0.018809914594881016, ""4"": 0.0037352882025963375, ""5"": 0.0018186452124147746}"
primary,200,p0.10,nan,1.0,7,0.1,19.900000000000002,19.62,8,30,3924,3924,1.579374467960982,90,0.27498389822800734,0.005499677964560148,4.052669037176424,16.74482426712959,2.0528824801817143,2.854304625584696,7,"{""0"": 0.0026378916258475637, ""1"": 0.00402592619908778, ""2"": 0.0026286892918178178, ""3"": 0.018030401702303356, ""4"": 0.004145547931763907, ""5"": 0.0015296110365404633}"
primary,200,p0.10,nan,1.0,7,0.1,19.900000000000002,19.62,8,30,3924,3924,1.579374467960982,100,0.28414658481226646,0.00568293169624533,9.283449477118308,16.90997853657581,2.0697623385882298,2.8176522945667557,7,"{""0"": 0.0033364122454282536, ""1"": 0.004243528334904818, ""2"": 0.0021687727688857075, ""3"": 0.019192067251448418, ""4"": 0.0036684036770649395, ""5"": 0.0014884058997398479}"
primary,200,p0.10,nan,1.0,7,0.1,19.900000000000002,19.62,8,30,3924,3924,1.579374467960982,110,0.2523073220538104,0.005046146441076209,0.8276680756904902,17.066235398690253,2.070902088531288,2.831065877532143,7,"{""0"": 0.0025820014575491756, ""1"": 0.0031242060323897086, ""2"": 0.0032316303361901314, ""3"": 0.017436091475947206, ""4"": 0.002238704722867049, ""5"": 0.001664244621513987}"
primary,200,p0.10,nan,1.0,7,0.1,19.900000000000002,19.62,8,30,3924,3924,1.579374467960982,120,0.25642268710558486,0.0051284537421116974,1.6361431658977386,17.20871886505477,2.0827822575442574,2.762647765261853,7,"{""0"": 0.0029339092694134123, ""1"": 0.0030223405377698773, ""2"": 0.004025986507764336, ""3"": 0.017117860280219208, ""4"": 0.0021437354412105957, ""5"": 0.0015268904162927537}"
primary,200,p0.10,nan,1.0,7,0.1,19.900000000000002,19.62,8,30,3924,3924,1.579374467960982,130,0.22258381723278275,0.0044516763446556555,0.3794524787835103,17.2614919741265,2.093089963154381,2.8031999827132394,7,"{""0"": 0.0024829546903388953, ""1"": 0.003903307020980211, ""2"": 0.003273873459214479, ""3"": 0.012213748414549112, ""4"": 0.003523868677911659, ""5"": 0.0013123058049395765}"
primary,200,p0.10,nan,1.0,7,0.1,19.900000000000002,19.62,8,30,3924,3924,1.579374467960982,140,0.23074685095312347,0.00461493701906247,2.083503654134925,17.346518006217362,2.090983629175197,2.7844795081695035,7,"{""0"": 0.0025075025081301707, ""1"": 0.004147346958858422, ""2"": 0.003095619844218538, ""3"": 0.012977917180014408, ""4"": 0.0037650642407950573, ""5"": 0.0011961713823582204}"
primary,200,p0.10,nan,1.0,7,0.1,19.900000000000002,19.62,8,30,3924,3924,1.579374467960982,150,0.2073169642010268,0.004146339284020536,7.133786180975274,17.4187695596639,2.0839605526551606,2.7876127445297754,7,"{""0"": 0.0013052894186580967, ""1"": 0.003649144633880299, ""2"": 0.002558690085677678, ""3"": 0.012874768191018435, ""4"": 0.0033511175168584157, ""5"": 0.001139025858030298}"
primary,200,p0.10,nan,1.0,7,0.1,19.900000000000002,19.62,8,30,3924,3924,1.579374467960982,160,0.20713182444422007,0.004142636488884402,6.280281304077028,17.500005818667013,2.088570195414798,2.809165824547503,6,"{""0"": 0.0011789461166609226, ""1"": 0.0041933300473537645, ""2"": 0.002499425691649138, ""3"": 0.01243243428619339, ""4"": 0.0035299772639494063, ""5"": 0.0010217055274997881}"
primary,200,p0.10,nan,1.0,7,0.1,19.900000000000002,19.62,8,30,3924,3924,1.579374467960982,170,0.20318109082082475,0.004063621816416495,0.3983373871652737,17.582222146774697,2.095074185682646,2.830796211749826,6,"{""0"": 0.0010283539008498267, ""1"": 0.004407990398175202, ""2"": 0.0028624550218989747, ""3"": 0.011587128751581088, ""4"": 0.0034984680848599834, ""5"": 0.0009973347411338976}"
primary,200,p0.10,nan,1.0,7,0.1,19.900000000000002,19.62,8,30,3924,3924,1.579374467960982,180,0.1893965953104493,0.0037879319062089868,0.6826172240464247,17.725417273440225,2.102803036389011,2.841218897088127,7,"{""0"": 0.0009935670876697676, ""1"": 0.0033640066082624097, ""2"": 0.0023237347149696755, ""3"": 0.012063793290983947, ""4"": 0.0028434566500848747, ""5"": 0.0011390330852832438}"
primary,200,p0.10,nan,1.0,7,0.1,19.900000000000002,19.62,8,30,3924,3924,1.579374467960982,190,0.17407412868123467,0.003481482573624694,3.703916238543203,17.80201071023375,2.0944153589887327,2.893928666171571,7,"{""0"": 0.0010995498983267145, ""1"": 0.0027943095125561967, ""2"": 0.002093878327279139, ""3"": 0.0108741187630682, ""4"": 0.002725525217874622, ""5"": 0.0013015137226432933}"
primary,200,p0.10,nan,1.0,7,0.1,19.900000000000002,19.62,8,30,3924,3924,1.579374467960982,200,0.16972434829877708,0.003394486965975542,12.590244911607854,17.843834051908544,2.09355794345584,2.945946963300319,7,"{""0"": 0.001006397492991568, ""1"": 0.003073756811590745, ""2"": 0.0018065259616973095, ""3"": 0.010449820754487376, ""4"": 0.0028467358349426024, ""5"": 0.0011836849401436536}"
primary,200,p0.20,nan,1.0,7,0.2,39.800000000000004,39.33,23,55,7866,7866,1.6185713768271706,0,0.9671595660899497,0.019343191321798996,nan,0.0,1.6185713768271706,6.023250080160993,13,"{""0"": 0.018406708441091345, ""1"": 0.0170209443917339, ""2"": 0.022734562145377144, ""3"": 0.022347663555866478, ""4"": 0.01676395870103444, ""5"": 0.018785310695690664}"
primary,200,p0.20,nan,1.0,7,0.2,39.800000000000004,39.33,23,55,7866,7866,1.6185713768271706,10,0.8551477322299046,0.017102954644598094,0.13976595545018589,8.957896045248779,2.0446803889567926,2.4877400745715628,5,"{""0"": 0.002255446254894283, ""1"": 0.06405569414461418, ""2"": 0.006557718052334849, ""3"": 0.0001393589041616033, ""4"": 0.017913374823648513, ""5"": 0.011696135687935098}"
primary,200,p0.20,nan,1.0,7,0.2,39.800000000000004,39.33,23,55,7866,7866,1.6185713768271706,20,0.7422548596190685,0.014845097192381371,0.8440659064416642,10.819800934809667,1.9055389669800065,2.3747094293157454,4,"{""0"": 0.00032371127560863673, ""1"": 0.06356132381125641, ""2"": 0.008026651791644903, ""3"": 0.00026207979619866106, ""4"": 0.009791473617259334, ""5"": 0.007105342862320274}"
primary,200,p0.20,nan,1.0,7,0.2,39.800000000000004,39.33,23,55,7866,7866,1.6185713768271706,30,0.24885760116127978,0.004977152023225596,0.5862704519182392,12.932792024250224,1.846920926158804,2.490433642688906,4,"{""0"": 0.0004076187759265514, ""1"": 0.009233714867709292, ""2"": 0.008289919927935898, ""3"": 0.000994055693356997, ""4"": 0.0031218746725320814, ""5"": 0.00781572820189276}"
primary,200,p0.20,nan,1.0,7,0.2,39.800000000000004,39.33,23,55,7866,7866,1.6185713768271706,40,0.2311515956557168,0.004623031913114336,1.3560462398304907,13.67379584309429,1.9676803632526392,2.6942131950537824,4,"{""0"": 0.0005365446329516219, ""1"": 0.006020310978254151, ""2"": 0.006889125493264684, ""3"": 0.009890889600087747, ""4"": 0.0015664763270690346, ""5"": 0.0028348444470587828}"
primary,200,p0.20,nan,1.0,7,0.2,39.800000000000004,39.33,23,55,7866,7866,1.6185713768271706,50,0.2982793919352917,0.0059655878387058344,7.826447381977964,14.495102700679634,1.913225544689047,2.7527437711661924,4,"{""0"": 0.002862470979614532, ""1"": 0.007529143779401426, ""2"": 0.006784677713111928, ""3"": 0.009172470050007344, ""4"": 0.008370672896664594, ""5"": 0.0010740916134351767}"
primary,200,p0.20,nan,1.0,7,0.2,39.800000000000004,39.33,23,55,7866,7866,1.6185713768271706,60,0.4172255670137285,0.008344511340274571,1.0075180362100191,14.866271382703465,1.9289776670712753,2.8200458920369402,5,"{""0"": 0.006650319615423987, ""1"": 0.01603418992428269, ""2"": 0.007313782242865802, ""3"": 0.015802794185780716, ""4"": 0.0035864821748682516, ""5"": 0.0006794998984259911}"
primary,200,p0.20,nan,1.0,7,0.2,39.800000000000004,39.33,23,55,7866,7866,1.6185713768271706,70,0.25595808112777296,0.00511916162255546,6.07461813810017,15.409358421600768,1.987977237295521,2.7807853413884454,5,"{""0"": 0.007564541808333561, ""1"": 0.004242254925262245, ""2"": 0.009254130496929379, ""3"": 0.006285493537175532, ""4"": 0.0028476728393907387, ""5"": 0.0005208761282413015}"
primary,200,p0.20,nan,1.0,7,0.2,39.800000000000004,39.33,23,55,7866,7866,1.6185713768271706,80,0.2072740281932875,0.004145480563865751,0.42388465082638216,15.770659356574779,2.044468018599523,2.8415956065945145,5,"{""0"": 0.0053701685257238705, ""1"": 0.006334206447065588, ""2"": 0.0049940970047482715, ""3"": 0.004953835618064692, ""4"": 0.0026722501557744794, ""5"": 0.0005483256318176018}"
primary,200,p0.20,nan,1.0,7,0.2,39.800000000000004,39.33,23,55,7866,7866,1.6185713768271706,90,0.22297197757840678,0.004459439551568137,1.0389005706675736,15.92082129252087,2.055446386250894,2.850816174871781,6,"{""0"": 0.00434313828652797, ""1"": 0.007105725114895846, ""2"": 0.004568861684960299, ""3"": 0.004664041770826714, ""4"": 0.0056668354147601544, ""5"": 0.0004080350374378339}"
primary,200,p0.20,nan,1.0,7,0.2,39.800000000000004,39.33,23,55,7866,7866,1.6185713768271706,100,0.21140855039251283,0.004228171007850257,0.6662044047548566,16.158763402296582,2.0364926260937035,2.7546676145627274,4,"{""0"": 0.007014832490997223, ""1"": 0.0035766606307155897, ""2"": 0.0047087348372265685, ""3"": 0.006820666367763887, ""4"": 0.0028238613952365947, ""5"": 0.00042427032516168103}"
primary,200,p0.20,nan,1.0,7,0.2,39.800000000000004,39.33,23,55,7866,7866,1.6185713768271706,110,0.1835181171377558,0.0036703623427551163,19.00304198222944,16.496577302887037,2.019769373110915,2.8074426859617327,5,"{""0"": 0.004458843405087561, ""1"": 0.0032852312741021225, ""2"": 0.006020749353987276, ""3"": 0.006840394786228369, ""4"": 0.0008362776839231556, ""5"": 0.0005806775532022149}"
primary,200,p0.20,nan,1.0,7,0.2,39.800000000000004,39.33,23,55,7866,7866,1.6185713768271706,120,0.17642510863402516,0.0035285021726805038,5.998878813002194,16.648221315230856,2.015267485979219,2.7411927536527667,4,"{""0"": 0.005139476069151456, ""1"": 0.002406284564741346, ""2"": 0.005423322235848727, ""3"": 0.006808227033144511, ""4"": 0.0008133073171045101, ""5"": 0.0005803958160924716}"
primary,200,p0.20,nan,1.0,7,0.2,39.800000000000004,39.33,23,55,7866,7866,1.6185713768271706,130,0.16511004818585318,0.0033022009637170635,0.9844713972395085,16.800248059109418,1.9939636703031243,2.7448332550116374,4,"{""0"": 0.004581181291981521, ""1"": 0.002450031276360417, ""2"": 0.005192065726267294, ""3"": 0.006297645772131061, ""4"": 0.0007515400789968065, ""5"": 0.00054074163656528}"
primary,200,p0.20,nan,1.0,7,0.2,39.800000000000004,39.33,23,55,7866,7866,1.6185713768271706,140,0.14417715971628967,0.002883543194325794,1.5887917961496967,16.953649098101028,2.0025445699042606,2.7233264852595913,4,"{""0"": 0.003375389121627352, ""1"": 0.0031011883860605893, ""2"": 0.004909729316064662, ""3"": 0.004684341669561826, ""4"": 0.0007535367036438722, ""5"": 0.00047707396899646077}"
primary,200,p0.20,nan,1.0,7,0.2,39.800000000000004,39.33,23,55,7866,7866,1.6185713768271706,150,0.139332493974958,0.0027866498794991605,0.09308660250913735,17.048191464187795,1.9938587620871675,2.703952502139986,4,"{""0"": 0.004181186642108111, ""1"": 0.0028601158139617633, ""2"": 0.0048627984581399225, ""3"": 0.003659576011599873, ""4"": 0.0006852030617503248, ""5"": 0.0004710192894349701}"
primary,200,p0.20,nan,1.0,7,0.2,39.800000000000004,39.33,23,55,7866,7866,1.6185713768271706,160,0.13226156651183596,0.002645231330236719,6.105787819535067,17.04793808617992,1.9671673660535614,2.708688978997194,4,"{""0"": 0.003033486441908516, ""1"": 0.00483271313782614, ""2"": 0.004771633237336141, ""3"": 0.0019996739618850365, ""4"": 0.0007398436301471218, ""5"": 0.0004940375723173596}"
primary,200,p0.20,nan,1.0,7,0.2,39.800000000000004,39.33,23,55,7866,7866,1.6185713768271706,170,0.13734699298642072,0.002746939859728415,0.2533300281097508,17.120433184309906,1.9714504297013478,2.7262985940713187,4,"{""0"": 0.002316858933108043, ""1"": 0.00569904382724832, ""2"": 0.004719579116963172, ""3"": 0.0024678139792703646, ""4"": 0.0008137580849140593, ""5"": 0.0004645852168665311}"
primary,200,p0.20,nan,1.0,7,0.2,39.800000000000004,39.33,23,55,7866,7866,1.6185713768271706,180,0.1293652080831462,0.0025873041616629243,0.2801025844589399,17.20466762014188,1.9686077244241456,2.7051717842940826,4,"{""0"": 0.0027913388275573846, ""1"": 0.004388630948671061, ""2"": 0.0045989021174698465, ""3"": 0.002683565309205903, ""4"": 0.0005295187756666314, ""5"": 0.0005318689914067195}"
primary,200,p0.20,nan,1.0,7,0.2,39.800000000000004,39.33,23,55,7866,7866,1.6185713768271706,190,0.13400337251122735,0.0026800674502245473,0.9540273849750737,17.354656165144515,1.9747076591047372,2.7218347942400536,4,"{""0"": 0.00277866623541073, ""1"": 0.0042938478023036, ""2"": 0.004810261357673541, ""3"": 0.0030802255166662304, ""4"": 0.0004028017088982647, ""5"": 0.0007146020803949186}"
primary,200,p0.20,nan,1.0,7,0.2,39.800000000000004,39.33,23,55,7866,7866,1.6185713768271706,200,0.1316508999316125,0.0026330179986322503,0.3171444070879945,17.385914122976114,1.9803956336913298,2.7246911854821194,4,"{""0"": 0.001654177268769887, ""1"": 0.005410246277748758, ""2"": 0.004647194777616345, ""3"": 0.003026242425523822, ""4"": 0.0004267610577534213, ""5"": 0.0006334861843812684}"
primary,200,p0.40,nan,1.0,7,0.4,79.60000000000001,79.595,58,97,15919,15919,1.5988854482655037,0,1.0270640764011567,0.020541281528023137,nan,0.0,1.5988854482655037,5.82359165993671,12,"{""0"": 0.01957788411944437, ""1"": 0.019386546521786237, ""2"": 0.02262078634353308, ""3"": 0.02265712317361748, ""4"": 0.02069898526192212, ""5"": 0.01830636374783554}"
primary,200,p0.40,nan,1.0,7,0.4,79.60000000000001,79.595,58,97,15919,15919,1.5988854482655037,10,1.0336997126880845,0.020673994253761693,0.06406220058518083,8.544959425519544,2.254705940002156,2.1855740360066243,3,"{""0"": 0.019609804212657157, ""1"": 0.0619092980934917, ""2"": 0.000501207088602175, ""3"": 0.007456424146394915, ""4"": 0.03343669363809885, ""5"": 0.0011305383433253603}"
primary,200,p0.40,nan,1.0,7,0.4,79.60000000000001,79.595,58,97,15919,15919,1.5988854482655037,20,0.8457661707320108,0.016915323414640217,0.4837501610644684,10.287919555281892,2.2782540275907857,2.2207232715005567,3,"{""0"": 0.0006782233873772446, ""1"": 0.0601197865917993, ""2"": 0.001081734630530832, ""3"": 0.0058762392092678115, ""4"": 0.02631294940214348, ""5"": 0.007423007266722641}"
primary,200,p0.40,nan,1.0,7,0.4,79.60000000000001,79.595,58,97,15919,15919,1.5988854482655037,30,0.21436470016103307,0.004287294003220662,0.6616564365760653,13.220549478951737,2.1036879321609883,2.573722564159506,3,"{""0"": 0.00047804030406694913, ""1"": 0.00044983457290619447, ""2"": 0.0037247716765358924, ""3"": 0.010165980219625203, ""4"": 0.0034233342120514507, ""5"": 0.007481803034138282}"
primary,200,p0.40,nan,1.0,7,0.4,79.60000000000001,79.595,58,97,15919,15919,1.5988854482655037,40,0.24671341683040424,0.0049342683366080855,0.06141399269999859,14.185665290247979,2.1424108325481224,2.544456290528795,3,"{""0"": 0.0003559065273094829, ""1"": 0.0002231881798352965, ""2"": 0.0036680279594763906, ""3"": 0.013594367736131412, ""4"": 0.004473391585082103, ""5"": 0.007290728031813823}"
primary,200,p0.40,nan,1.0,7,0.4,79.60000000000001,79.595,58,97,15919,15919,1.5988854482655037,50,0.23962688928437897,0.0047925377856875805,0.10439944643655451,15.344172374318958,2.122840125213733,2.4948483636138885,3,"{""0"": 0.000259214168761454, ""1"": 0.00030059685302751704, ""2"": 0.010342709201479023, ""3"": 0.006991203424080853, ""4"": 0.007260476183117271, ""5"": 0.0036010268836593625}"
primary,200,p0.40,nan,1.0,7,0.4,79.60000000000001,79.595,58,97,15919,15919,1.5988854482655037,60,0.1257778638041834,0.0025155572760836684,2.089865240701818,15.96070653142229,2.1674185651708724,2.5007657229773135,3,"{""0"": 0.0003896246357850392, ""1"": 0.0003146159698431613, ""2"": 0.0004079482473668255, ""3"": 0.007169253903341988, ""4"": 0.006479936664503319, ""5"": 0.0003319642356616763}"
primary,200,p0.40,nan,1.0,7,0.4,79.60000000000001,79.595,58,97,15919,15919,1.5988854482655037,70,0.1071739641616286,0.002143479283232572,0.48736767264276964,16.455169018338538,2.1798342071486756,2.5580218712450793,3,"{""0"": 0.00040839408309450466, ""1"": 0.0002781013439430997, ""2"": 0.0005537604113738854, ""3"": 0.007603777569145912, ""4"": 0.0036817788754484144, ""5"": 0.00033506341638961964}"
primary,200,p0.40,nan,1.0,7,0.4,79.60000000000001,79.595,58,97,15919,15919,1.5988854482655037,80,0.11425997563402206,0.0022851995126804414,0.1921894167511431,16.80287681541127,2.1766098380917627,2.5383550462232973,3,"{""0"": 0.0004116499724756514, ""1"": 0.00028386900233808867, ""2"": 0.0005777047812418525, ""3"": 0.004364378710506943, ""4"": 0.007709619659662906, ""5"": 0.00036397494985720947}"
primary,200,p0.40,nan,1.0,7,0.4,79.60000000000001,79.595,58,97,15919,15919,1.5988854482655037,90,0.10970895352832127,0.0021941790705664256,0.13887144956223213,17.014029296850783,2.2120959655102803,2.5246275805304315,3,"{""0"": 0.0004282872587367516, ""1"": 0.0002546750237837244, ""2"": 0.00046712125627701846, ""3"": 0.003597055215469825, ""4"": 0.008115167555659178, ""5"": 0.0003027681134720593}"
primary,200,p0.40,nan,1.0,7,0.4,79.60000000000001,79.595,58,97,15919,15919,1.5988854482655037,100,0.14899984627518964,0.0029799969255037933,0.09732084637596322,17.959841722512763,2.1907171469428945,2.6187284228943404,3,"{""0"": 0.0002467406323055424, ""1"": 0.002037393574395305, ""2"": 0.0038696328904027125, ""3"": 0.006099783425937136, ""4"": 0.00534615289808649, ""5"": 0.000280278131895575}"
primary,200,p0.40,nan,1.0,7,0.4,79.60000000000001,79.595,58,97,15919,15919,1.5988854482655037,110,0.18344604164554149,0.00366892083291083,9.323860011733128,18.363454858825612,2.228131505688101,2.5344359997228336,3,"{""0"": 0.00027186052277850486, ""1"": 0.00015809023499727142, ""2"": 0.011051495353311371, ""3"": 0.008276022835033906, ""4"": 0.0018727176060916242, ""5"": 0.00038333844525230464}"
primary,200,p0.40,nan,1.0,7,0.4,79.60000000000001,79.595,58,97,15919,15919,1.5988854482655037,120,0.18690344267706496,0.0037380688535413,1.055928895601643,18.718155564301394,2.234499335583967,2.6151085937928205,3,"{""0"": 0.00027490839321538205, ""1"": 0.00016683594193672705, ""2"": 0.004374409780874848, ""3"": 0.016608430328168725, ""4"": 0.0007565783060707428, ""5"": 0.00024725037098136967}"
primary,200,p0.40,nan,1.0,7,0.4,79.60000000000001,79.595,58,97,15919,15919,1.5988854482655037,130,0.24702083755682783,0.004940416751136557,0.10128563454208239,18.876792817378796,2.252694789194892,2.480684211687549,3,"{""0"": 0.00025290184098526204, ""1"": 0.00016831795596907364, ""2"": 0.012012323652620203, ""3"": 0.013478241074867257, ""4"": 0.0006501280127195221, ""5"": 0.00308058796965803}"
primary,200,p0.40,nan,1.0,7,0.4,79.60000000000001,79.595,58,97,15919,15919,1.5988854482655037,140,0.19168224377252996,0.0038336448754506,0.17723215330667744,19.162238436131712,2.2375476321045524,2.581420426595429,3,"{""0"": 0.00023739986442648673, ""1"": 0.00018449738709764435, ""2"": 0.010441431279444465, ""3"": 0.011235768591891484, ""4"": 0.0005640964287666101, ""5"": 0.00033867570107690614}"
primary,200,p0.40,nan,1.0,7,0.4,79.60000000000001,79.595,58,97,15919,15919,1.5988854482655037,150,0.12340683393333274,0.002468136678666655,0.10297656443072371,19.481445673719204,2.2158256207182117,2.5983124130219823,3,"{""0"": 0.0004333073047645884, ""1"": 0.00020060233204909718, ""2"": 0.0041692236344168946, ""3"": 0.009170695416959324, ""4"": 0.0005494296214364016, ""5"": 0.00028556176237362564}"
primary,200,p0.40,nan,1.0,7,0.4,79.60000000000001,79.595,58,97,15919,15919,1.5988854482655037,160,0.1407432356055965,0.0028148647121119304,0.15345592156103263,19.696643025969454,2.2313645339735744,2.6313272616246643,3,"{""0"": 0.0002405344034664145, ""1"": 0.00020225016997130652, ""2"": 0.0040750294045724875, ""3"": 0.011545887943750438, ""4"": 0.000541645846032314, ""5"": 0.00028384050487862127}"
primary,200,p0.40,nan,1.0,7,0.4,79.60000000000001,79.595,58,97,15919,15919,1.5988854482655037,170,0.12904688003036438,0.002580937600607288,0.1570167670930657,19.780067786130527,2.2353196645465507,2.6337194802740345,3,"{""0"": 0.00021994708648995649, ""1"": 0.00020313916124288853, ""2"": 0.00406205340727571, ""3"": 0.010260008161497908, ""4"": 0.0004917071308268002, ""5"": 0.00024877065631046777}"
primary,200,p0.40,nan,1.0,7,0.4,79.60000000000001,79.595,58,97,15919,15919,1.5988854482655037,180,0.1336917243047371,0.0026738344860947425,0.2941787348682568,19.839882347658115,2.2100987296066394,2.611720942667181,3,"{""0"": 0.0001863284405720362, ""1"": 0.00019006628066872076, ""2"": 0.003991932967224396, ""3"": 0.00964069752207123, ""4"": 0.00042733837283002253, ""5"": 0.0016066433332020465}"
primary,200,p0.40,nan,1.0,7,0.4,79.60000000000001,79.595,58,97,15919,15919,1.5988854482655037,190,0.16929065558856563,0.0033858131117713132,0.0963730918684968,20.21311046459937,2.2270689763404383,2.6094161552872035,3,"{""0"": 0.00016281792834938364, ""1"": 0.000249086566932527, ""2"": 0.007169806415749727, ""3"": 0.010804481875739935, ""4"": 0.00045270062126369375, ""5"": 0.001475985262592613}"
primary,200,p0.40,nan,1.0,7,0.4,79.60000000000001,79.595,58,97,15919,15919,1.5988854482655037,200,0.09932542178602621,0.0019865084357205244,2.078419445680053,20.29031357424847,2.2253034905523865,2.566534646029382,3,"{""0"": 0.00014351530239556967, ""1"": 0.00022778601621310131, ""2"": 0.0037000806821428137, ""3"": 0.006909226268876458, ""4"": 0.0004704871824816784, ""5"": 0.0004679551622135252}"
primary,200,p0.05,nan,1.0,8,0.05,9.950000000000001,9.85,2,21,1970,1970,1.5012948255887297,0,1.0247235278196312,0.020494470556392624,nan,0.0,1.5012948255887297,3.5229675845146318,11,"{""0"": 0.017946901447759588, ""1"": 0.021284717622702766, ""2"": 0.021128240674433436, ""3"": 0.022014069666818292, ""4"": 0.01932090929782119, ""5"": 0.021271984628820483}"
primary,200,p0.05,nan,1.0,8,0.05,9.950000000000001,9.85,2,21,1970,1970,1.5012948255887297,10,0.8967866031860899,0.0179357320637218,4.510060087476637,15.185659788922678,1.9304408586113815,1.908943543017735,7,"{""0"": 0.0352103828616037, ""1"": 0.014612479996273676, ""2"": 0.020377550888711914, ""3"": 0.014189091271465639, ""4"": 0.002660023304131917, ""5"": 0.02056486406014394}"
primary,200,p0.05,nan,1.0,8,0.05,9.950000000000001,9.85,2,21,1970,1970,1.5012948255887297,20,0.653085775282368,0.01306171550564736,2.7084168993063105,16.23190146659513,2.1782890395257026,3.5014069276337776,11,"{""0"": 0.019846953695364693, ""1"": 0.009470309290624198, ""2"": 0.011090975743840631, ""3"": 0.016092053392120435, ""4"": 0.007300294915188863, ""5"": 0.014569705996745346}"
primary,200,p0.05,nan,1.0,8,0.05,9.950000000000001,9.85,2,21,1970,1970,1.5012948255887297,30,0.5853215352448833,0.011706430704897667,8.863742481401806,16.856982610906794,2.1233093293841074,3.515405235455002,11,"{""0"": 0.016664267785970726, ""1"": 0.01223458495816486, ""2"": 0.007296532521873342, ""3"": 0.02107717798193699, ""4"": 0.005672884042004585, ""5"": 0.007293136939435485}"
primary,200,p0.05,nan,1.0,8,0.05,9.950000000000001,9.85,2,21,1970,1970,1.5012948255887297,40,0.6297726540160129,0.012595453080320259,17.56265498398513,16.659231488407627,2.134776782214032,3.542667830784922,10,"{""0"": 0.018007248933687253, ""1"": 0.02050993505562225, ""2"": 0.006288509953272198, ""3"": 0.017430590636623743, ""4"": 0.00831609371269231, ""5"": 0.005020340190023802}"
primary,200,p0.05,nan,1.0,8,0.05,9.950000000000001,9.85,2,21,1970,1970,1.5012948255887297,50,0.4875753582972616,0.009751507165945233,15.552930589666964,16.825339104395866,2.1193808518674095,3.663687672287251,11,"{""0"": 0.015801291376018097, ""1"": 0.008392683938879479, ""2"": 0.0072365830527723355, ""3"": 0.013697235191499702, ""4"": 0.008150429199002971, ""5"": 0.0052308202374988155}"
primary,200,p0.05,nan,1.0,8,0.05,9.950000000000001,9.85,2,21,1970,1970,1.5012948255887297,60,0.4516992887123195,0.009033985774246392,3.1543818754804946,17.19811107057526,2.086483751297999,3.7313148855188136,11,"{""0"": 0.01161985671113805, ""1"": 0.00916876729932713, ""2"": 0.00917994919743623, ""3"": 0.013813913997102042, ""4"": 0.005929431292141381, ""5"": 0.004491996148333522}"
primary,200,p0.05,nan,1.0,8,0.05,9.950000000000001,9.85,2,21,1970,1970,1.5012948255887297,70,0.40429857847357675,0.008085971569471535,3.0555490456871373,17.38115839970912,2.0643241225195847,3.7287065275069438,10,"{""0"": 0.007790945413734605, ""1"": 0.008711528100250058, ""2"": 0.009219934459794792, ""3"": 0.013440708588640026, ""4"": 0.005289103406298104, ""5"": 0.004063609448111625}"
primary,200,p0.05,nan,1.0,8,0.05,9.950000000000001,9.85,2,21,1970,1970,1.5012948255887297,80,0.36258445119896004,0.007251689023979202,3.11080109266372,17.55019351288842,2.040619454500412,3.83207511654557,10,"{""0"": 0.005344514866209453, ""1"": 0.008074819451688356, ""2"": 0.008749741652394949, ""3"": 0.011249170584933726, ""4"": 0.0065053718891889215, ""5"": 0.0035865156994598036}"
primary,200,p0.05,nan,1.0,8,0.05,9.950000000000001,9.85,2,21,1970,1970,1.5012948255887297,90,0.32528069925023867,0.006505613985004773,2.994694886470826,17.710906106506638,2.0350782242381804,3.6751100703874906,10,"{""0"": 0.005465057793446099, ""1"": 0.010083784399955551, ""2"": 0.008047689935583496, ""3"": 0.005554175094091655, ""4"": 0.006238648170898753, ""5"": 0.003644328516053089}"
primary,200,p0.05,nan,1.0,8,0.05,9.950000000000001,9.85,2,21,1970,1970,1.5012948255887297,100,0.28798694159607685,0.005759738831921538,26.47101001290757,17.810452859169306,2.0840648037082596,3.575743874431576,10,"{""0"": 0.005512861541699497, ""1"": 0.008974269170032226, ""2"": 0.00797494296803373, ""3"": 0.003028681060194471, ""4"": 0.005530467109128282, ""5"": 0.0035372111424410236}"
primary,200,p0.05,nan,1.0,8,0.05,9.950000000000001,9.85,2,21,1970,1970,1.5012948255887297,110,0.29471934776048603,0.005894386955209722,2.5420943235778273,17.932005279389653,2.118367861469295,3.5746746684505677,9,"{""0"": 0.0061573923086283055, ""1"": 0.010531301450018725, ""2"": 0.006935143128882669, ""3"": 0.002477125861139639, ""4"": 0.005965072003067603, ""5"": 0.0033002869795213893}"
primary,200,p0.05,nan,1.0,8,0.05,9.950000000000001,9.85,2,21,1970,1970,1.5012948255887297,120,0.29625195843214086,0.0059250391686428185,1.9169398994248645,18.00906143808524,2.140571413660132,3.578576172181747,9,"{""0"": 0.0062094880061973, ""1"": 0.01145190144114348, ""2"": 0.005692415324903292, ""3"": 0.002388682131599506, ""4"": 0.0066432117597307674, ""5"": 0.003164536348282563}"
primary,200,p0.05,nan,1.0,8,0.05,9.950000000000001,9.85,2,21,1970,1970,1.5012948255887297,130,0.292463810067446,0.005849276201348921,6.752581897914977,18.094167263787618,2.1549326841829366,3.4962028891723427,9,"{""0"": 0.005428514347846636, ""1"": 0.011911853947105838, ""2"": 0.006103388425886052, ""3"": 0.0020700679012005813, ""4"": 0.0061523392878857055, ""5"": 0.0034294932981687115}"
primary,200,p0.05,nan,1.0,8,0.05,9.950000000000001,9.85,2,21,1970,1970,1.5012948255887297,140,0.28221711383032394,0.00564434227660648,0.9723043750998501,18.16655229309158,2.184795852594939,3.4959321204357057,9,"{""0"": 0.006069126104243738, ""1"": 0.011608997369616425, ""2"": 0.00463816386465043, ""3"": 0.0018695943763268352, ""4"": 0.006114025393503246, ""5"": 0.0035661465512982055}"
primary,200,p0.05,nan,1.0,8,0.05,9.950000000000001,9.85,2,21,1970,1970,1.5012948255887297,150,0.26514770920470515,0.005302954184094103,11.960340870853386,18.2712245104231,2.1887436748438844,3.459278560473748,9,"{""0"": 0.006657702560169501, ""1"": 0.00937822113380243, ""2"": 0.00466471172640834, ""3"": 0.0018689238512765026, ""4"": 0.00525117468771104, ""5"": 0.003996991145196807}"
primary,200,p0.05,nan,1.0,8,0.05,9.950000000000001,9.85,2,21,1970,1970,1.5012948255887297,160,0.27820174821143157,0.005564034964228632,34.22005839447998,18.273699498082028,2.195111067078609,3.4020876229867425,9,"{""0"": 0.006501480355162631, ""1"": 0.009646732202263992, ""2"": 0.005783296227527915, ""3"": 0.0017546696608039592, ""4"": 0.005164607620684524, ""5"": 0.004533423718928767}"
primary,200,p0.05,nan,1.0,8,0.05,9.950000000000001,9.85,2,21,1970,1970,1.5012948255887297,170,0.2714144988806932,0.005428289977613865,1.9441300504558778,18.373411769210094,2.2053920543694003,3.441464905078139,9,"{""0"": 0.007105729842487656, ""1"": 0.00949976473403367, ""2"": 0.0041377951096157675, ""3"": 0.001955259371769563, ""4"": 0.005621576601275035, ""5"": 0.0042496142065015004}"
primary,200,p0.05,nan,1.0,8,0.05,9.950000000000001,9.85,2,21,1970,1970,1.5012948255887297,180,0.27304163868309733,0.0054608327736619475,1.0849301707891292,18.381518543365996,2.223324019646887,3.4629156397118246,8,"{""0"": 0.007034597086256962, ""1"": 0.009343628884105285, ""2"": 0.003698346686581492, ""3"": 0.0018696745042896424, ""4"": 0.006464542280700236, ""5"": 0.0043542072000380735}"
primary,200,p0.05,nan,1.0,8,0.05,9.950000000000001,9.85,2,21,1970,1970,1.5012948255887297,190,0.2752207933278487,0.005504415866556975,18.455177218678386,18.473447708960812,2.2283737733125717,3.4399190322176754,8,"{""0"": 0.0067605656023898685, ""1"": 0.009342305881246371, ""2"": 0.004446363911826961, ""3"": 0.0017422789026651068, ""4"": 0.006320911332169823, ""5"": 0.004414069569043714}"
primary,200,p0.05,nan,1.0,8,0.05,9.950000000000001,9.85,2,21,1970,1970,1.5012948255887297,200,0.2604222969230078,0.005208445938460157,35.14136135934923,18.54649240793384,2.231866434992681,3.4586148015572538,9,"{""0"": 0.00698800455419535, ""1"": 0.008515762659623062, ""2"": 0.003374857065659991, ""3"": 0.001607263047127528, ""4"": 0.00639117465311501, ""5"": 0.004373613651039996}"
primary,200,p0.10,nan,1.0,8,0.1,19.900000000000002,19.91,6,32,3982,3982,1.572872729793257,0,0.9841001403192708,0.01968200280638542,nan,0.0,1.572872729793257,5.423495014226025,12,"{""0"": 0.01596510667597247, ""1"": 0.017019859854724925, ""2"": 0.021257699868332026, ""3"": 0.02465316193635915, ""4"": 0.018608964794549567, ""5"": 0.020587223708374392}"
primary,200,p0.10,nan,1.0,8,0.1,19.900000000000002,19.91,6,32,3982,3982,1.572872729793257,10,0.7892706133390256,0.015785412266780513,5.184390320316945,12.680716050670021,2.2243128646683124,2.1323872190449737,5,"{""0"": 0.010652871507428826, ""1"": 0.00921324494748131, ""2"": 0.026928771076384566, ""3"": 0.02733389823501608, ""4"": 0.004789299571701345, ""5"": 0.01579438826267096}"
primary,200,p0.10,nan,1.0,8,0.1,19.900000000000002,19.91,6,32,3982,3982,1.572872729793257,20,0.6071729897391506,0.012143459794783014,1.8475034228775513,13.810552536271533,2.1103664386063032,3.16294765201182,7,"{""0"": 0.007638047378727855, ""1"": 0.002457762319260782, ""2"": 0.011881761868235644, ""3"": 0.04042677629401174, ""4"": 0.00838120250242103, ""5"": 0.0020752084060410275}"
primary,200,p0.10,nan,1.0,8,0.1,19.900000000000002,19.91,6,32,3982,3982,1.572872729793257,30,0.36704225423200065,0.007340845084640014,8.83214754362216,15.113915121282297,2.1654864354261076,2.9872753904255673,7,"{""0"": 0.005809178547547572, ""1"": 0.012800980427317667, ""2"": 0.0015918250208343504, ""3"": 0.011040344698086239, ""4"": 0.006977949927763824, ""5"": 0.005824791886290428}"
primary,200,p0.10,nan,1.0,8,0.1,19.900000000000002,19.91,6,32,3982,3982,1.572872729793257,40,0.44793433343528827,0.008958686668705767,2.526400861673206,15.594769383089092,2.2056420087830686,2.7896838504697823,7,"{""0"": 0.009164068130822071, ""1"": 0.02003349537376623, ""2"": 0.0013310840816531575, ""3"": 0.007313237320361335, ""4"": 0.011464433224795102, ""5"": 0.004445801880836701}"
primary,200,p0.10,nan,1.0,8,0.1,19.900000000000002,19.91,6,32,3982,3982,1.572872729793257,50,0.3257047640217599,0.0065140952804351995,5.491154159084807,16.20401890595753,2.2433171207388725,3.16180389496308,7,"{""0"": 0.01264413614760353, ""1"": 0.00450455473230576, ""2"": 0.009013256276368422, ""3"": 0.002095729378352467, ""4"": 0.004787108742905899, ""5"": 0.006039786405075116}"
primary,200,p0.10,nan,1.0,8,0.1,19.900000000000002,19.91,6,32,3982,3982,1.572872729793257,60,0.2892541227041737,0.005785082454083475,14.956218967020487,16.46977389674866,2.2988389289122337,2.9972960767247994,7,"{""0"": 0.007340309224220841, ""1"": 0.0026644956792490973, ""2"": 0.009793893105867703, ""3"": 0.0022406019428306374, ""4"": 0.002876993259985717, ""5"": 0.009794201512346853}"
primary,200,p0.10,nan,1.0,8,0.1,19.900000000000002,19.91,6,32,3982,3982,1.572872729793257,70,0.2972323446386701,0.0059446468927734026,1.1120035710664524,16.466015765364265,2.338253844072785,2.9097334190267,7,"{""0"": 0.007676282647935849, ""1"": 0.002383573750100832, ""2"": 0.01064894591931743, ""3"": 0.0027855670263349187, ""4"": 0.0029330054177942495, ""5"": 0.009240506595157136}"
primary,200,p0.10,nan,1.0,8,0.1,19.900000000000002,19.91,6,32,3982,3982,1.572872729793257,80,0.3140956961212462,0.006281913922424925,2.1804999843028656,16.60085071321891,2.305029325752364,2.9329935304468777,7,"{""0"": 0.009651412368976427, ""1"": 0.0023992359186491676, ""2"": 0.00911012484990905, ""3"": 0.0017437140341151236, ""4"": 0.005181005419727913, ""5"": 0.009605990943171872}"
primary,200,p0.10,nan,1.0,8,0.1,19.900000000000002,19.91,6,32,3982,3982,1.572872729793257,90,0.30037421708391754,0.006007484341678351,0.33604910891532697,16.730273602976656,2.3131358248043257,2.868239696127307,6,"{""0"": 0.009611418722842689, ""1"": 0.002470803588568906, ""2"": 0.008901130905675323, ""3"": 0.0015194830684622342, ""4"": 0.004287897658537237, ""5"": 0.009254172105983722}"
primary,200,p0.10,nan,1.0,8,0.1,19.900000000000002,19.91,6,32,3982,3982,1.572872729793257,100,0.2769679025893823,0.0055393580517876465,2.4932028606800394,16.817687938045392,2.3122741216063076,2.871338744474815,6,"{""0"": 0.009379959268210173, ""1"": 0.0024858212375489905, ""2"": 0.007863286075614867, ""3"": 0.001502846742192866, ""4"": 0.003609360735726185, ""5"": 0.008394874251432798}"
primary,200,p0.10,nan,1.0,8,0.1,19.900000000000002,19.91,6,32,3982,3982,1.572872729793257,110,0.2698196550119307,0.005396393100238615,1.4256478464264952,16.90374088672967,2.2977871252085227,2.9412350083493473,6,"{""0"": 0.009828611810170161, ""1"": 0.002571246021927386, ""2"": 0.0056477712286067475, ""3"": 0.0015240735462430867, ""4"": 0.005097299559642427, ""5"": 0.007709356434841881}"
primary,200,p0.10,nan,1.0,8,0.1,19.900000000000002,19.91,6,32,3982,3982,1.572872729793257,120,0.256345326249035,0.005126906524980701,1.578702031657375,17.038213235528058,2.257087658196167,2.9696751042348386,6,"{""0"": 0.009421906935567478, ""1"": 0.003282151610465845, ""2"": 0.004252577559869704, ""3"": 0.0017855645809647183, ""4"": 0.006752058081838363, ""5"": 0.005267180381178098}"
primary,200,p0.10,nan,1.0,8,0.1,19.900000000000002,19.91,6,32,3982,3982,1.572872729793257,130,0.25411107268921745,0.00508222145378435,52.61030970553353,17.05825524580458,2.2690637180782236,3.018053831438624,7,"{""0"": 0.0072505946456921325, ""1"": 0.0034918531067751842, ""2"": 0.0045706199389989694, ""3"": 0.0038442106212195253, ""4"": 0.004396995898754008, ""5"": 0.006939054511266281}"
primary,200,p0.10,nan,1.0,8,0.1,19.900000000000002,19.91,6,32,3982,3982,1.572872729793257,140,0.22942558893714654,0.004588511778742931,2.09122975613526,17.12071095713079,2.272173397077455,3.0522515723328634,7,"{""0"": 0.007501930178147899, ""1"": 0.0031686827853384643, ""2"": 0.003920174979142018, ""3"": 0.002271312445004726, ""4"": 0.00457852537555723, ""5"": 0.006090444909267256}"
primary,200,p0.10,nan,1.0,8,0.1,19.900000000000002,19.91,6,32,3982,3982,1.572872729793257,150,0.27001219011010213,0.0054002438022020425,0.6870893901744334,17.189871817928985,2.2840471373164384,3.0188476182676074,7,"{""0"": 0.008655109682693032, ""1"": 0.0023499620144501383, ""2"": 0.0034722455741545226, ""3"": 0.004075494554836101, ""4"": 0.0034907399500405793, ""5"": 0.010357911037037888}"
primary,200,p0.10,nan,1.0,8,0.1,19.900000000000002,19.91,6,32,3982,3982,1.572872729793257,160,0.24035341150494366,0.004807068230098873,2.1270232023988025,17.27614055191343,2.2800270384500054,2.9940681436062033,7,"{""0"": 0.007653984241066775, ""1"": 0.0018144639787890902, ""2"": 0.003978586405463311, ""3"": 0.003749595401849006, ""4"": 0.0031616084270565357, ""5"": 0.008484170926368523}"
primary,200,p0.10,nan,1.0,8,0.1,19.900000000000002,19.91,6,32,3982,3982,1.572872729793257,170,0.21943992627862258,0.004388798525572452,0.59275485020258,17.2627294076008,2.2903328555445603,2.964997466039086,6,"{""0"": 0.006809067787934971, ""1"": 0.0017908491892670206, ""2"": 0.004171076374922521, ""3"": 0.0037951836292217296, ""4"": 0.0029430095092133346, ""5"": 0.0068236046628751355}"
primary,200,p0.10,nan,1.0,8,0.1,19.900000000000002,19.91,6,32,3982,3982,1.572872729793257,180,0.1821057134213517,0.003642114268427034,3.214064363051544,17.270294953450108,2.284679829634307,2.993033679491001,6,"{""0"": 0.007092532279311762, ""1"": 0.0016520847843836499, ""2"": 0.003199491037408256, ""3"": 0.002351002543569443, ""4"": 0.0027858295845220996, ""5"": 0.004771745381366995}"
primary,200,p0.10,nan,1.0,8,0.1,19.900000000000002,19.91,6,32,3982,3982,1.572872729793257,190,0.16144147271680118,0.0032288294543360236,2.9835813953452752,17.33542924007114,2.290047868034623,2.981304321389911,6,"{""0"": 0.006549737025397959, ""1"": 0.0015130692143788906, ""2"": 0.0030756988232649124, ""3"": 0.002183662757987806, ""4"": 0.002451915134908543, ""5"": 0.0035988937700780306}"
primary,200,p0.10,nan,1.0,8,0.1,19.900000000000002,19.91,6,32,3982,3982,1.572872729793257,200,0.1743492031064626,0.0034869840621292525,18.15755532600097,17.395595512039193,2.3045109382761004,2.9790385619523296,6,"{""0"": 0.006911479525957595, ""1"": 0.001653384676177531, ""2"": 0.0033344022772345216, ""3"": 0.002301062345917553, ""4"": 0.002801768515924241, ""5"": 0.003919807031564072}"
primary,200,p0.20,nan,1.0,8,0.2,39.800000000000004,39.53,23,60,7906,7906,1.7570515935405577,0,0.9261780920160354,0.01852356184032071,nan,0.0,1.7570515935405577,2.734366310535652,10,"{""0"": 0.016546595824435392, ""1"": 0.016879346402820086, ""2"": 0.01962678464699783, ""3"": 0.020016873897720448, ""4"": 0.018464825776475187, ""5"": 0.01960694449347531}"
primary,200,p0.20,nan,1.0,8,0.2,39.800000000000004,39.53,23,60,7906,7906,1.7570515935405577,10,0.4336872327810484,0.00867374465562097,0.42882788779185593,11.35891780009455,2.038394631793563,2.6300063068925805,5,"{""0"": 0.014456142960874097, ""1"": 0.006372373395536567, ""2"": 0.005851418099753967, ""3"": 0.007229278801687539, ""4"": 0.007526299729267194, ""5"": 0.01060695494660645}"
primary,200,p0.20,nan,1.0,8,0.2,39.800000000000004,39.53,23,60,7906,7906,1.7570515935405577,20,0.3272457735617919,0.0065449154712358395,0.6584474335790098,13.136739115140424,2.1166157454227803,2.647970817486373,4,"{""0"": 0.007346242636658053, ""1"": 0.005702749476304939, ""2"": 0.004466681729273257, ""3"": 0.01271189402893234, ""4"": 0.007493404947002402, ""5"": 0.0015485200092440448}"
primary,200,p0.20,nan,1.0,8,0.2,39.800000000000004,39.53,23,60,7906,7906,1.7570515935405577,30,0.44079863193460006,0.008815972638692002,46.347182352225964,15.570354268360775,2.018395022856969,2.575499185906943,5,"{""0"": 0.018506492552586146, ""1"": 0.021933210889492426, ""2"": 0.000825929574114968, ""3"": 0.00823634453648529, ""4"": 0.002296346552615369, ""5"": 0.00109751172685782}"
primary,200,p0.20,nan,1.0,8,0.2,39.800000000000004,39.53,23,60,7906,7906,1.7570515935405577,40,0.32754495998577016,0.006550899199715405,1.0925857426000865,16.183379492890932,1.9517458470147326,2.3921887958708767,4,"{""0"": 0.01614055450930501, ""1"": 0.010591695473083607, ""2"": 0.0004288520081867142, ""3"": 0.0068373182327653576, ""4"": 0.004177706102544068, ""5"": 0.0011292688724076736}"
primary,200,p0.20,nan,1.0,8,0.2,39.800000000000004,39.53,23,60,7906,7906,1.7570515935405577,50,0.2196508374461631,0.004393016748923262,0.41635912906031386,16.825327585281165,2.008658167816636,2.6352253803520784,4,"{""0"": 0.011947286318179097, ""1"": 0.002861418583121976, ""2"": 0.00040045853098866316, ""3"": 0.006089298847652082, ""4"": 0.0023813835303212586, ""5"": 0.002678254683276496}"
primary,200,p0.20,nan,1.0,8,0.2,39.800000000000004,39.53,23,60,7906,7906,1.7570515935405577,60,0.29346636190943653,0.0058693272381887315,3.9694604935059146,17.73896766218003,2.077016830203308,2.657489670118759,5,"{""0"": 0.01163043801471804, ""1"": 0.011068309305350583, ""2"": 0.0007431180033182595, ""3"": 0.0058560189327734585, ""4"": 0.004120379905380118, ""5"": 0.0017976992675919259}"
primary,200,p0.20,nan,1.0,8,0.2,39.800000000000004,39.53,23,60,7906,7906,1.7570515935405577,70,0.3051885040846322,0.006103770081692645,19.095093742616182,17.877271207770942,2.046659164798501,2.8386499852906297,6,"{""0"": 0.01174592875982566, ""1"": 0.012147557849945772, ""2"": 0.0013311400130877106, ""3"": 0.006113264552084161, ""4"": 0.0019425972060286571, ""5"": 0.0033421321091839104}"
primary,200,p0.20,nan,1.0,8,0.2,39.800000000000004,39.53,23,60,7906,7906,1.7570515935405577,80,0.35190914703112725,0.007038182940622546,1.4470666534082168,18.14975462092799,2.040626327681933,2.8988885928109625,6,"{""0"": 0.009442118563332089, ""1"": 0.021160345426901296, ""2"": 0.002099630703314554, ""3"": 0.0025407954097029814, ""4"": 0.004695311410079202, ""5"": 0.002290896130405154}"
primary,200,p0.20,nan,1.0,8,0.2,39.800000000000004,39.53,23,60,7906,7906,1.7570515935405577,90,0.4546936526336719,0.009093873052673439,0.4190621735005752,18.404945336412194,2.132636775812355,2.7768251304661242,7,"{""0"": 0.029674836885292506, ""1"": 0.01513433511024254, ""2"": 0.0006620381118628945, ""3"": 0.0004625640801899925, ""4"": 0.0064217719894629445, ""5"": 0.0022076921389897605}"
primary,200,p0.20,nan,1.0,8,0.2,39.800000000000004,39.53,23,60,7906,7906,1.7570515935405577,100,0.4480699806857543,0.008961399613715088,13.919213902172642,18.61839294960916,2.1360061295689334,2.7558832723072446,7,"{""0"": 0.02627459604955984, ""1"": 0.020503689739477964, ""2"": 0.0009261654499019385, ""3"": 0.0005806387371962089, ""4"": 0.0033880736076679846, ""5"": 0.0020952340984865905}"
primary,200,p0.20,nan,1.0,8,0.2,39.800000000000004,39.53,23,60,7906,7906,1.7570515935405577,110,0.3757706445300638,0.007515412890601278,0.2453892990899527,18.71719772030291,2.1281901416837017,2.647051240887845,6,"{""0"": 0.022408836587591168, ""1"": 0.015240130043821113, ""2"": 0.0006230967287796518, ""3"": 0.0006694903432205126, ""4"": 0.0040181591156499535, ""5"": 0.002132764524545265}"
primary,200,p0.20,nan,1.0,8,0.2,39.800000000000004,39.53,23,60,7906,7906,1.7570515935405577,120,0.3294651016665343,0.006589302033330687,0.20468744461840818,18.9240085660525,2.1457802192935618,2.6516894555858777,6,"{""0"": 0.016821636884020514, ""1"": 0.013545736306075168, ""2"": 0.0005427820260029264, ""3"": 0.0006361699899311983, ""4"": 0.0062428532617880145, ""5"": 0.0017466337321663003}"
primary,200,p0.20,nan,1.0,8,0.2,39.800000000000004,39.53,23,60,7906,7906,1.7570515935405577,130,0.38272780381639276,0.007654556076327856,0.48072715261234056,19.044513731496714,2.160199577078815,2.7676749926250346,7,"{""0"": 0.013031748337981434, ""1"": 0.017970367433878576, ""2"": 0.000992947767622041, ""3"": 0.004783659812313438, ""4"": 0.006195224795202653, ""5"": 0.0029533883109689974}"
primary,200,p0.20,nan,1.0,8,0.2,39.800000000000004,39.53,23,60,7906,7906,1.7570515935405577,140,0.34738042283497544,0.00694760845669951,2.6394970435837646,19.040884844924307,2.1455050827249855,2.6326879646419767,6,"{""0"": 0.011430912993813425, ""1"": 0.015337249307642953, ""2"": 0.0005766796994764149, ""3"": 0.005388048008729386, ""4"": 0.006961559525529392, ""5"": 0.00199120120500549}"
primary,200,p0.20,nan,1.0,8,0.2,39.800000000000004,39.53,23,60,7906,7906,1.7570515935405577,150,0.29968740342375294,0.005993748068475059,0.6220357451676768,19.344796760093754,2.140744790744169,2.7087183430843496,6,"{""0"": 0.011045703776435156, ""1"": 0.01008326379297458, ""2"": 0.0006788182479160139, ""3"": 0.008054139302988778, ""4"": 0.0037905844022316565, ""5"": 0.002309978888304168}"
primary,200,p0.20,nan,1.0,8,0.2,39.800000000000004,39.53,23,60,7906,7906,1.7570515935405577,160,0.2742615548857088,0.005485231097714176,4.306370650732058,19.472851060820062,2.128260717188335,2.750388669021478,6,"{""0"": 0.008956006196318084, ""1"": 0.010654950986420202, ""2"": 0.0008309232123742367, ""3"": 0.0074129232398417195, ""4"": 0.003866673355491989, ""5"": 0.001189909595838829}"
primary,200,p0.20,nan,1.0,8,0.2,39.800000000000004,39.53,23,60,7906,7906,1.7570515935405577,170,0.2474708636598134,0.004949417273196269,0.10927862388052052,19.520033496586702,2.1306913041987543,2.8015445414855358,7,"{""0"": 0.008164718065072183, ""1"": 0.008292149145975185, ""2"": 0.0007218638403988044, ""3"": 0.0079128826631114, ""4"": 0.003498924860486604, ""5"": 0.0011059650641334364}"
primary,200,p0.20,nan,1.0,8,0.2,39.800000000000004,39.53,23,60,7906,7906,1.7570515935405577,180,0.24478208051009626,0.004895641610201926,12.23276104972655,19.546972590413464,2.1344866052009053,2.8242882878900555,7,"{""0"": 0.005740393329188978, ""1"": 0.009285013884803066, ""2"": 0.0005399754828544019, ""3"": 0.008670658304222484, ""4"": 0.003879741698803435, ""5"": 0.0012580669613391866}"
primary,200,p0.20,nan,1.0,8,0.2,39.800000000000004,39.53,23,60,7906,7906,1.7570515935405577,190,0.24257418375514864,0.004851483675102974,0.2977040210217472,19.547134685937,2.1343226001256106,2.875041694309674,7,"{""0"": 0.004019986553574291, ""1"": 0.007624703997328885, ""2"": 0.0006300045145727283, ""3"": 0.012028014509637476, ""4"": 0.003663662359951457, ""5"": 0.001142530115553002}"
primary,200,p0.20,nan,1.0,8,0.2,39.800000000000004,39.53,23,60,7906,7906,1.7570515935405577,200,0.2465934750523443,0.0049318695010468865,5.571930798298278,19.686358881071065,2.1414262818291685,2.910730563314566,7,"{""0"": 0.005419428604593951, ""1"": 0.004728697017837408, ""2"": 0.0006194592299634592, ""3"": 0.012971456819105462, ""4"": 0.004420273744796101, ""5"": 0.001431901589984937}"
primary,200,p0.40,nan,1.0,8,0.4,79.60000000000001,78.99,64,99,15798,15798,1.5490364005144506,0,0.9707531136254992,0.019415062272509987,nan,0.0,1.5490364005144506,4.768208001483257,13,"{""0"": 0.018743329002327946, ""1"": 0.01984317293301633, ""2"": 0.019379975259744896, ""3"": 0.018997151460362113, ""4"": 0.020571844894259228, ""5"": 0.0189549000853494}"
primary,200,p0.40,nan,1.0,8,0.4,79.60000000000001,78.99,64,99,15798,15798,1.5490364005144506,10,0.4412476694322772,0.008824953388645545,0.21607802585887947,9.05996703604492,2.185730039963532,2.461669974936482,3,"{""0"": 0.010902077732224015, ""1"": 0.0003520865069815571, ""2"": 0.004816290773616552, ""3"": 0.011415678349553144, ""4"": 0.0021190585625834573, ""5"": 0.023344528406914557}"
primary,200,p0.40,nan,1.0,8,0.4,79.60000000000001,78.99,64,99,15798,15798,1.5490364005144506,20,0.22742091148383725,0.004548418229676746,0.8884312647385977,10.705434760197434,2.251375198915298,2.243257171271395,3,"{""0"": 0.008233209544137511, ""1"": 0.000503503622199936, ""2"": 0.00019524953156067665, ""3"": 0.01473387948567938, ""4"": 0.001105355112594777, ""5"": 0.0025193120818881977}"
primary,200,p0.40,nan,1.0,8,0.4,79.60000000000001,78.99,64,99,15798,15798,1.5490364005144506,30,0.32959927042618553,0.006591985408523712,0.8545889974661188,12.072515551263473,2.2763221491007215,2.5259953087885942,3,"{""0"": 0.0003225299652788444, ""1"": 0.009117794551370424, ""2"": 0.009178360210538266, ""3"": 0.00800859460339523, ""4"": 0.004863491139649355, ""5"": 0.008061141980910149}"
primary,200,p0.40,nan,1.0,8,0.4,79.60000000000001,78.99,64,99,15798,15798,1.5490364005144506,40,0.23298440806474924,0.0046596881612949856,0.28219165411621244,13.047783132383024,2.2075340751260164,2.5157997215217796,3,"{""0"": 0.00261623131493634, ""1"": 0.004508744109766182, ""2"": 0.008487756244755746, ""3"": 0.007930154174531797, ""4"": 0.0005491127580052881, ""5"": 0.0038661303657745545}"
primary,200,p0.40,nan,1.0,8,0.4,79.60000000000001,78.99,64,99,15798,15798,1.5490364005144506,50,0.2668015356893838,0.005336030713787676,0.11563730904820514,13.740485414914113,2.22257996194814,2.4070383670246063,3,"{""0"": 0.004007991923345686, ""1"": 0.004348816536620814, ""2"": 0.004635867704518267, ""3"": 0.012355212192958435, ""4"": 0.0004133346901557361, ""5"": 0.00625496123512712}"
primary,200,p0.40,nan,1.0,8,0.4,79.60000000000001,78.99,64,99,15798,15798,1.5490364005144506,60,0.133138647367521,0.0026627729473504206,5.488909552560537,14.555069501867981,2.237730090801646,2.571321884287339,3,"{""0"": 0.003219321362289509, ""1"": 0.004447472019956532, ""2"": 0.005291337189202963, ""3"": 0.0016670126653194992, ""4"": 0.0009910770814728828, ""5"": 0.00036041736586113666}"
primary,200,p0.40,nan,1.0,8,0.4,79.60000000000001,78.99,64,99,15798,15798,1.5490364005144506,70,0.10097053803301691,0.0020194107606603382,0.03258254323848041,14.865672026166504,2.2903195481187875,2.571923205824792,3,"{""0"": 0.001163985716677995, ""1"": 0.004245215210700004, ""2"": 0.00425456110522322, ""3"": 0.0014259248528101568, ""4"": 0.0006386065045425671, ""5"": 0.000388171174008087}"
primary,200,p0.40,nan,1.0,8,0.4,79.60000000000001,78.99,64,99,15798,15798,1.5490364005144506,80,0.30802177900350847,0.00616043558007017,16.41510638233281,16.120817870595697,2.0598669954198816,2.622960803907285,3,"{""0"": 0.0035440387233682986, ""1"": 0.007852319632386476, ""2"": 0.003064066384243424, ""3"": 0.008463577781362131, ""4"": 0.008084768143812341, ""5"": 0.005953842815248353}"
primary,200,p0.40,nan,1.0,8,0.4,79.60000000000001,78.99,64,99,15798,15798,1.5490364005144506,90,0.2411396343883755,0.004822792687767511,0.20387571023994333,16.80329332157822,2.1112878156979367,2.7087980479716967,3,"{""0"": 0.0050478425975890254, ""1"": 0.0023482020225122258, ""2"": 0.004059336590490173, ""3"": 0.0041358855568103346, ""4"": 0.009221061692555401, ""5"": 0.004124427666647905}"
primary,200,p0.40,nan,1.0,8,0.4,79.60000000000001,78.99,64,99,15798,15798,1.5490364005144506,100,0.3201455740050146,0.006402911480100293,2.6644456619754964,17.01928928589801,2.157933026247373,2.6400009316273287,3,"{""0"": 0.0028848320003828348, ""1"": 0.004816321641361759, ""2"": 0.0028000196774722414, ""3"": 0.005611279209381031, ""4"": 0.015281312582856806, ""5"": 0.00702370376914708}"
primary,200,p0.40,nan,1.0,8,0.4,79.60000000000001,78.99,64,99,15798,15798,1.5490364005144506,110,0.28927469904203507,0.005785493980840702,0.37359396988043125,17.344906470040183,2.1435597979256027,2.635700201630519,3,"{""0"": 0.00870165803324015, ""1"": 0.004585649042233133, ""2"": 0.001768730751191086, ""3"": 0.0037748402693093784, ""4"": 0.012666162545647322, ""5"": 0.003215923243423141}"
primary,200,p0.40,nan,1.0,8,0.4,79.60000000000001,78.99,64,99,15798,15798,1.5490364005144506,120,0.3545931171325391,0.007091862342650783,0.10812457670991463,17.429283011930597,2.1207667380293977,2.603580502992229,3,"{""0"": 0.0032846069720599467, ""1"": 0.006740051286453458, ""2"": 0.006668010634651561, ""3"": 0.006149374033241324, ""4"": 0.013755523994691831, ""5"": 0.0059536071348065735}"
primary,200,p0.40,nan,1.0,8,0.4,79.60000000000001,78.99,64,99,15798,15798,1.5490364005144506,130,0.22149292009276275,0.004429858401855256,0.03242909046405492,17.717229525924576,2.1323308504913565,2.606640530043784,3,"{""0"": 0.0004861291124963151, ""1"": 0.0005582764018151787, ""2"": 0.006375207384734514, ""3"": 0.007001851561164984, ""4"": 0.011337827618116783, ""5"": 0.0008198583328037577}"
primary,200,p0.40,nan,1.0,8,0.4,79.60000000000001,78.99,64,99,15798,15798,1.5490364005144506,140,0.15400488902704038,0.003080097780540808,0.6206888688736418,18.163513177564322,2.17536189456924,2.5767500322160997,3,"{""0"": 0.00039640779523133384, ""1"": 0.0004811793623856238, ""2"": 0.0018409827242043444, ""3"": 0.003057775845998944, ""4"": 0.0112283393435932, ""5"": 0.0014759016118314034}"
primary,200,p0.40,nan,1.0,8,0.4,79.60000000000001,78.99,64,99,15798,15798,1.5490364005144506,150,0.18969794731213585,0.0037939589462427175,0.11946286172438872,18.469266362927634,2.1991814090442148,2.553655905340423,3,"{""0"": 0.0005021504694986947, ""1"": 0.0004707421621937517, ""2"": 0.004182824595024412, ""3"": 0.0033361195543646035, ""4"": 0.01380053374837924, ""5"": 0.0004713831479956039}"
primary,200,p0.40,nan,1.0,8,0.4,79.60000000000001,78.99,64,99,15798,15798,1.5490364005144506,160,0.16647749527934677,0.003329549905586936,0.16727714841998628,18.65076530158008,2.231885412819841,2.561601950442766,3,"{""0"": 0.00042428182694966086, ""1"": 0.0005443879466565688, ""2"": 0.004179359240092736, ""3"": 0.0036815867535918735, ""4"": 0.010873027187286307, ""5"": 0.0002746564789444667}"
primary,200,p0.40,nan,1.0,8,0.4,79.60000000000001,78.99,64,99,15798,15798,1.5490364005144506,170,0.14015609488866093,0.002803121897773219,0.13815876906559585,19.081791215864918,2.236548593199913,2.550173626867038,3,"{""0"": 0.00043119928825661785, ""1"": 0.0006603601879690843, ""2"": 0.003558733753581117, ""3"": 0.0033928236082865224, ""4"": 0.008539407847641723, ""5"": 0.00023620670090424885}"
primary,200,p0.40,nan,1.0,8,0.4,79.60000000000001,78.99,64,99,15798,15798,1.5490364005144506,180,0.13673324732211653,0.0027346649464423307,7.720208347826847,19.367055719407038,2.257872092510561,2.5472580874816964,3,"{""0"": 0.00026985668227152727, ""1"": 0.0003694537689190005, ""2"": 0.003061880373150698, ""3"": 0.003576307555919538, ""4"": 0.008912707890487717, ""5"": 0.00021778340790550406}"
primary,200,p0.40,nan,1.0,8,0.4,79.60000000000001,78.99,64,99,15798,15798,1.5490364005144506,190,0.11139172095386188,0.002227834419077238,0.28049451151927396,19.46266736390064,2.2622977558479214,2.554274974546274,3,"{""0"": 0.0002540940960844907, ""1"": 0.0003291295113300968, ""2"": 0.0030775780174624448, ""3"": 0.003459101502100493, ""4"": 0.006022340096455895, ""5"": 0.00022476329103000668}"
primary,200,p0.40,nan,1.0,8,0.4,79.60000000000001,78.99,64,99,15798,15798,1.5490364005144506,200,0.10797592220209873,0.0021595184440419747,0.061155544085284445,19.612027753863035,2.2571483933732246,2.5530657694477736,3,"{""0"": 0.000320657428937683, ""1"": 0.00031070985304342235, ""2"": 0.003153189378747651, ""3"": 0.003480613510032364, ""4"": 0.005421759459294825, ""5"": 0.0002701810341959045}"
primary,200,p0.05,nan,1.0,9,0.05,9.950000000000001,10.095,1,20,2019,2019,1.5442232059857186,0,0.95729374527333,0.0191458749054666,nan,0.0,1.5442232059857186,4.460980282838637,11,"{""0"": 0.014725902988746481, ""1"": 0.01747003133813644, ""2"": 0.019456947839376564, ""3"": 0.02350754638093369, ""4"": 0.019167393817231683, ""5"": 0.020547427068374754}"
primary,200,p0.05,nan,1.0,9,0.05,9.950000000000001,10.095,1,20,2019,2019,1.5442232059857186,10,0.9293196339839538,0.018586392679679077,10.700173770225641,11.91797286832513,1.922850259604984,3.073874115743439,7,"{""0"": 0.003631301484323381, ""1"": 0.017143308031900405, ""2"": 0.01751026615901272, ""3"": 0.051296023463932874, ""4"": 0.003844588907194553, ""5"": 0.018092868031710535}"
primary,200,p0.05,nan,1.0,9,0.05,9.950000000000001,10.095,1,20,2019,2019,1.5442232059857186,20,0.5420417771295123,0.010840835542590249,10.68720702996935,13.67726600594589,1.918277812556808,3.2577319972611583,8,"{""0"": 0.0033215551754167314, ""1"": 0.008644786477312828, ""2"": 0.007762716088597149, ""3"": 0.02439367890981408, ""4"": 0.0034382424617524416, ""5"": 0.01748403414264827}"
primary,200,p0.05,nan,1.0,9,0.05,9.950000000000001,10.095,1,20,2019,2019,1.5442232059857186,30,0.506991846791128,0.01013983693582256,3.258485773851668,14.32559592696398,1.9383106739711107,3.037656767063038,8,"{""0"": 0.0028932887625615794, ""1"": 0.009873608680715525, ""2"": 0.008312271211171797, ""3"": 0.0285582462712148, ""4"": 0.002260466896066289, ""5"": 0.008941139793205372}"
primary,200,p0.05,nan,1.0,9,0.05,9.950000000000001,10.095,1,20,2019,2019,1.5442232059857186,40,0.4341542319830336,0.008683084639660674,26.014243857702898,14.700805188856805,2.0085560578732142,3.0302967320008687,7,"{""0"": 0.004661036941528878, ""1"": 0.006329897174417563, ""2"": 0.006023576173552836, ""3"": 0.027992683508016196, ""4"": 0.0018654456970935145, ""5"": 0.005225868343355048}"
primary,200,p0.05,nan,1.0,9,0.05,9.950000000000001,10.095,1,20,2019,2019,1.5442232059857186,50,0.319548849921534,0.006390976998430681,17.085843667045815,15.231067636201866,1.993664107898596,3.058124688833788,7,"{""0"": 0.0032706083070146883, ""1"": 0.00822188256308793, ""2"": 0.004360446849364282, ""3"": 0.012485386810650435, ""4"": 0.003239990727540082, ""5"": 0.006767546732926672}"
primary,200,p0.05,nan,1.0,9,0.05,9.950000000000001,10.095,1,20,2019,2019,1.5442232059857186,60,0.36268473668016576,0.007253694733603316,9.322451968587234,15.792452363053055,2.044987344653101,2.958230380049947,7,"{""0"": 0.007897163737742888, ""1"": 0.01026282936502059, ""2"": 0.006470263413370318, ""3"": 0.007788829564746649, ""4"": 0.006771502040796891, ""5"": 0.0043315802799425655}"
primary,200,p0.05,nan,1.0,9,0.05,9.950000000000001,10.095,1,20,2019,2019,1.5442232059857186,70,0.3720803934189952,0.007441607868379905,1.671237372656292,16.011988108145154,2.0402767681266676,2.994462269518633,7,"{""0"": 0.008313550424724925, ""1"": 0.010557118939735204, ""2"": 0.007987422884465929, ""3"": 0.007323097659559319, ""4"": 0.005981992100725565, ""5"": 0.0044864652010684946}"
primary,200,p0.05,nan,1.0,9,0.05,9.950000000000001,10.095,1,20,2019,2019,1.5442232059857186,80,0.3233275120719649,0.0064665502414393,1.6366022447416084,16.341051205358415,2.085588067027337,2.7680193535995516,7,"{""0"": 0.0063505827352996775, ""1"": 0.009835062185294775, ""2"": 0.003812089387792668, ""3"": 0.006887138678971274, ""4"": 0.007575834701232418, ""5"": 0.004338593760044978}"
primary,200,p0.05,nan,1.0,9,0.05,9.950000000000001,10.095,1,20,2019,2019,1.5442232059857186,90,0.2998671199884517,0.005997342399769035,4.538910617708546,16.425469420281697,2.0947148355011045,2.82903026033593,7,"{""0"": 0.005972180058035158, ""1"": 0.008412767917294327, ""2"": 0.004245422232630494, ""3"": 0.007375394772459659, ""4"": 0.004806534714227392, ""5"": 0.005171754703967182}"
primary,200,p0.05,nan,1.0,9,0.05,9.950000000000001,10.095,1,20,2019,2019,1.5442232059857186,100,0.28738207204438465,0.005747641440887693,21.61798180849975,16.639538268951473,2.0952221097021893,2.698671972906284,7,"{""0"": 0.005687055044319318, ""1"": 0.007770198222431654, ""2"": 0.003183436164560334, ""3"": 0.007808905831390235, ""4"": 0.004764983403820411, ""5"": 0.0052712699788042125}"
primary,200,p0.05,nan,1.0,9,0.05,9.950000000000001,10.095,1,20,2019,2019,1.5442232059857186,110,0.241505105297422,0.00483010210594844,8.057400455196756,16.779935143373674,2.0846678455559964,2.8683549085622437,7,"{""0"": 0.0039764626888180565, ""1"": 0.006771471011624591, ""2"": 0.003967027612490936, ""3"": 0.00616010167577052, ""4"": 0.0024626695111620773, ""5"": 0.005642880135824464}"
primary,200,p0.05,nan,1.0,9,0.05,9.950000000000001,10.095,1,20,2019,2019,1.5442232059857186,120,0.24448165431810867,0.004889633086362174,4.597212587577324,16.96534335974513,2.084025362787918,2.92899299893192,7,"{""0"": 0.0036416034706058856, ""1"": 0.006452831014336127, ""2"": 0.005377993726793343, ""3"": 0.005791290133528376, ""4"": 0.0017437585866755347, ""5"": 0.006330321586233772}"
primary,200,p0.05,nan,1.0,9,0.05,9.950000000000001,10.095,1,20,2019,2019,1.5442232059857186,130,0.2494207655586193,0.004988415311172387,0.758110263330078,17.067675369245634,2.087106170343937,2.946353626374681,7,"{""0"": 0.0037395732244162178, ""1"": 0.005982461356721448, ""2"": 0.006470214362831894, ""3"": 0.005314346782241144, ""4"": 0.0012585776293714671, ""5"": 0.00716531851145215}"
primary,200,p0.05,nan,1.0,9,0.05,9.950000000000001,10.095,1,20,2019,2019,1.5442232059857186,140,0.2476350715245946,0.0049527014304918925,8.77892776404419,17.19761623720835,2.0848098178347527,2.932839244780879,7,"{""0"": 0.003545948291136617, ""1"": 0.006154706000183107, ""2"": 0.005999058482304787, ""3"": 0.005266808047504465, ""4"": 0.0013281518177699723, ""5"": 0.007421535944052406}"
primary,200,p0.05,nan,1.0,9,0.05,9.950000000000001,10.095,1,20,2019,2019,1.5442232059857186,150,0.24486569762564545,0.004897313952512909,2.708199004755302,17.30352939036912,2.0859793634220707,2.9076310890278307,7,"{""0"": 0.0035156636674941607, ""1"": 0.006291700251336571, ""2"": 0.0057197900911425004, ""3"": 0.0052045921946579105, ""4"": 0.0014617775498120236, ""5"": 0.00719035996063429}"
primary,200,p0.05,nan,1.0,9,0.05,9.950000000000001,10.095,1,20,2019,2019,1.5442232059857186,160,0.24706283315114888,0.004941256663022978,2.1721816798149445,17.410655021456687,2.0856732231036172,2.9374483342648894,7,"{""0"": 0.0027914434627371045, ""1"": 0.006429046358775059, ""2"": 0.005978357592678368, ""3"": 0.0046851897772330385, ""4"": 0.0014141539378091507, ""5"": 0.00834934884890515}"
primary,200,p0.05,nan,1.0,9,0.05,9.950000000000001,10.095,1,20,2019,2019,1.5442232059857186,170,0.24583032041155145,0.004916606408231029,6.25900303461772,17.545711330634912,2.087123567327576,2.922589568121771,7,"{""0"": 0.002476108698774874, ""1"": 0.006510484313827658, ""2"": 0.005691873383011795, ""3"": 0.004631177562123391, ""4"": 0.001556764033556057, ""5"": 0.008633230458092401}"
primary,200,p0.05,nan,1.0,9,0.05,9.950000000000001,10.095,1,20,2019,2019,1.5442232059857186,180,0.24009920502360077,0.004801984100472016,4.029331572177233,17.618515882642043,2.0885909545503383,2.925917132515018,7,"{""0"": 0.0024241823438231136, ""1"": 0.006354104106594133, ""2"": 0.005752875447035991, ""3"": 0.0047135375685096485, ""4"": 0.001501116443187594, ""5"": 0.008066088693681618}"
primary,200,p0.05,nan,1.0,9,0.05,9.950000000000001,10.095,1,20,2019,2019,1.5442232059857186,190,0.23361533927168077,0.004672306785433616,3.505299870525635,17.67511027315424,2.0938997586975683,2.8948235948131638,7,"{""0"": 0.0026442451598986073, ""1"": 0.006225590387411098, ""2"": 0.005405342403917917, ""3"": 0.005026848733407548, ""4"": 0.001483391561910851, ""5"": 0.007248422466055678}"
primary,200,p0.05,nan,1.0,9,0.05,9.950000000000001,10.095,1,20,2019,2019,1.5442232059857186,200,0.23016022449553583,0.0046032044899107175,1.9863170611924137,17.73715105022323,2.0963405734287357,2.8566642913654414,7,"{""0"": 0.0025968729870094035, ""1"": 0.006495057394298132, ""2"": 0.005018058766449889, ""3"": 0.005049042807703062, ""4"": 0.0016700988697253359, ""5"": 0.006790096114278485}"
primary,200,p0.10,nan,1.0,9,0.1,19.900000000000002,20.025,9,33,4005,4005,1.5574610548329286,0,1.0269833519818814,0.020539667039637628,nan,0.0,1.5574610548329286,6.271648288832789,13,"{""0"": 0.020929644034970718, ""1"": 0.019944777873161786, ""2"": 0.019057860883476233, ""3"": 0.021035581208277802, ""4"": 0.021245892720405953, ""5"": 0.021024245517533284}"
primary,200,p0.10,nan,1.0,9,0.1,19.900000000000002,20.025,9,33,4005,4005,1.5574610548329286,10,1.1357567327931306,0.022715134655862616,9.80173613351073,13.80619371790658,2.0170969468804145,2.7307519584257984,10,"{""0"": 0.0325022276582075, ""1"": 0.02667493479905031, ""2"": 0.027592206041489886, ""3"": 0.033346366950702665, ""4"": 0.009538506734410855, ""5"": 0.006636565751314469}"
primary,200,p0.10,nan,1.0,9,0.1,19.900000000000002,20.025,9,33,4005,4005,1.5574610548329286,20,0.3940125186966792,0.007880250373933586,1.818577438280054,15.537090715413747,2.3813936962683417,3.1206017128057293,8,"{""0"": 0.0007580612290718555, ""1"": 0.01081508759661507, ""2"": 0.009440575521296677, ""3"": 0.0014824249261604764, ""4"": 0.007202044143459904, ""5"": 0.01758330882699751}"
primary,200,p0.10,nan,1.0,9,0.1,19.900000000000002,20.025,9,33,4005,4005,1.5574610548329286,30,0.39916931802964223,0.007983386360592846,2.520090365345233,16.699053685486145,2.3109597322837194,3.380379321379258,10,"{""0"": 0.008205356514895148, ""1"": 0.012248104962939259, ""2"": 0.009999023226114416, ""3"": 0.0037172882906335246, ""4"": 0.003907012188973614, ""5"": 0.009823532980001107}"
primary,200,p0.10,nan,1.0,9,0.1,19.900000000000002,20.025,9,33,4005,4005,1.5574610548329286,40,0.36946848695773,0.007389369739154601,1.6615025696623222,16.956519459795754,2.3333962565170134,3.141337070438052,9,"{""0"": 0.006160184866060191, ""1"": 0.010918667751095007, ""2"": 0.013708436168093707, ""3"": 0.0021164403361802406, ""4"": 0.0034061809952891362, ""5"": 0.008026308318209321}"
primary,200,p0.10,nan,1.0,9,0.1,19.900000000000002,20.025,9,33,4005,4005,1.5574610548329286,50,0.3825980462591126,0.007651960925182253,6.323163872393976,17.33315188206654,2.3558039076327577,2.8740083620840116,9,"{""0"": 0.006506582033076408, ""1"": 0.01094378418720257, ""2"": 0.003933370054737515, ""3"": 0.007048284951797559, ""4"": 0.006841337330621196, ""5"": 0.010638406993658273}"
primary,200,p0.10,nan,1.0,9,0.1,19.900000000000002,20.025,9,33,4005,4005,1.5574610548329286,60,0.29503019572768574,0.005900603914553716,1.3521381730335336,17.304847910476365,2.3343280331479614,3.2005085359831953,9,"{""0"": 0.006433122442376872, ""1"": 0.007689693283463429, ""2"": 0.0033783749704074267, ""3"": 0.005624476066234975, ""4"": 0.003758236749278725, ""5"": 0.00851971997556087}"
primary,200,p0.10,nan,1.0,9,0.1,19.900000000000002,20.025,9,33,4005,4005,1.5574610548329286,70,0.27570223525618365,0.005514044705123674,4.0777866716295135,17.391160916333583,2.3054883037578673,3.0775710022107083,9,"{""0"": 0.007652700682498381, ""1"": 0.005367000011758833, ""2"": 0.003498961724162283, ""3"": 0.004719904690429729, ""4"": 0.002799339855522357, ""5"": 0.00904636126637046}"
primary,200,p0.10,nan,1.0,9,0.1,19.900000000000002,20.025,9,33,4005,4005,1.5574610548329286,80,0.2679273905880469,0.005358547811760938,1.1639573371124576,17.48735746925281,2.3140078525354193,3.066141020575408,9,"{""0"": 0.008268945073596783, ""1"": 0.005714567318173205, ""2"": 0.0032542524202309104, ""3"": 0.004268508951277176, ""4"": 0.0028638210923318318, ""5"": 0.007781192014955714}"
primary,200,p0.10,nan,1.0,9,0.1,19.900000000000002,20.025,9,33,4005,4005,1.5574610548329286,90,0.2978163247371858,0.005956326494743716,5.516218765616262,17.63817001018157,2.3113602256512733,3.100427507998914,10,"{""0"": 0.00784058813727585, ""1"": 0.004602941024779012, ""2"": 0.0058672253891562925, ""3"": 0.00674454974477965, ""4"": 0.0027366838431188067, ""5"": 0.007945970829352686}"
primary,200,p0.10,nan,1.0,9,0.1,19.900000000000002,20.025,9,33,4005,4005,1.5574610548329286,100,0.29484026714371736,0.005896805342874348,4.346724504690545,17.874218737090466,2.313271848178135,3.0784132376278612,10,"{""0"": 0.007971607020630506, ""1"": 0.004975364656707163, ""2"": 0.004369899578543484, ""3"": 0.008866539279135374, ""4"": 0.002531984316707846, ""5"": 0.006665437205521714}"
primary,200,p0.10,nan,1.0,9,0.1,19.900000000000002,20.025,9,33,4005,4005,1.5574610548329286,110,0.28613591010625705,0.005722718202125142,7.631691904227052,17.897878536986887,2.245578124648474,3.196010919692236,10,"{""0"": 0.007253204187965767, ""1"": 0.004426398250971765, ""2"": 0.005228618842579737, ""3"": 0.006779348601670681, ""4"": 0.0035118979523233646, ""5"": 0.007136841377239539}"
primary,200,p0.10,nan,1.0,9,0.1,19.900000000000002,20.025,9,33,4005,4005,1.5574610548329286,120,0.2665122405083731,0.005330244810167462,0.8882849289875895,17.970680697863404,2.236400607167654,3.3036042781098143,10,"{""0"": 0.007876904347588988, ""1"": 0.005650987260600096, ""2"": 0.005849569759119483, ""3"": 0.002173064408066659, ""4"": 0.0031361311960775027, ""5"": 0.007294811889552046}"
primary,200,p0.10,nan,1.0,9,0.1,19.900000000000002,20.025,9,33,4005,4005,1.5574610548329286,130,0.26586573663661195,0.0053173147327322395,0.9399783117016888,18.012298444015485,2.228879706676467,3.2860053678388064,9,"{""0"": 0.007012583378032296, ""1"": 0.005488898144435862, ""2"": 0.006586025898409194, ""3"": 0.0020569417434833466, ""4"": 0.0033707773194432077, ""5"": 0.007388661912589536}"
primary,200,p0.10,nan,1.0,9,0.1,19.900000000000002,20.025,9,33,4005,4005,1.5574610548329286,140,0.2654036158463308,0.005308072316926617,0.69785613325865,18.058941960646766,2.215111906395409,3.2653838896226186,9,"{""0"": 0.007252018005009212, ""1"": 0.006157588689771192, ""2"": 0.006311211805516481, ""3"": 0.0014376288342764713, ""4"": 0.004644855740030091, ""5"": 0.006045130826956255}"
primary,200,p0.10,nan,1.0,9,0.1,19.900000000000002,20.025,9,33,4005,4005,1.5574610548329286,150,0.2585764159080804,0.005171528318161608,5.566526616014521,18.08969622712201,2.202341416844284,3.2334031622806196,9,"{""0"": 0.007841380210172331, ""1"": 0.005613872854344441, ""2"": 0.006080592810537572, ""3"": 0.0014087888868518652, ""4"": 0.00458183490002533, ""5"": 0.00550270024703811}"
primary,200,p0.10,nan,1.0,9,0.1,19.900000000000002,20.025,9,33,4005,4005,1.5574610548329286,160,0.252666195001861,0.005053323900037221,1.8549876656088347,18.07669381476819,2.1857566870993623,3.2463566782888478,9,"{""0"": 0.007266908526136496, ""1"": 0.005792607359081981, ""2"": 0.004724948416098973, ""3"": 0.0013180597694296904, ""4"": 0.0054223205543491556, ""5"": 0.005795098775127032}"
primary,200,p0.10,nan,1.0,9,0.1,19.900000000000002,20.025,9,33,4005,4005,1.5574610548329286,170,0.25892141673848,0.005178428334769601,3.2973953504522155,18.09803193018087,2.2011903268863864,3.2953901874983895,9,"{""0"": 0.006045500556180193, ""1"": 0.006385476219947006, ""2"": 0.005339606823563528, ""3"": 0.00127110488726638, ""4"": 0.004283189193350835, ""5"": 0.007745692328309664}"
primary,200,p0.10,nan,1.0,9,0.1,19.900000000000002,20.025,9,33,4005,4005,1.5574610548329286,180,0.23912149881518713,0.004782429976303743,2.4187086381838965,18.1397054281886,2.1904298185057214,3.296237549317629,9,"{""0"": 0.005541533522126746, ""1"": 0.006277527540565197, ""2"": 0.004441991904755993, ""3"": 0.0015058322807050683, ""4"": 0.0035585521762919806, ""5"": 0.007369142433377472}"
primary,200,p0.10,nan,1.0,9,0.1,19.900000000000002,20.025,9,33,4005,4005,1.5574610548329286,190,0.21887931468761831,0.004377586293752367,1.4121238320142673,18.213431773378467,2.18383321850642,3.2649821654168902,9,"{""0"": 0.0049917654980855125, ""1"": 0.006252019768951881, ""2"": 0.0033886091432721527, ""3"": 0.0013160259864103967, ""4"": 0.003237841572246755, ""5"": 0.007079255793547507}"
primary,200,p0.10,nan,1.0,9,0.1,19.900000000000002,20.025,9,33,4005,4005,1.5574610548329286,200,0.20565080657738646,0.00411301613154773,3.0653193130780556,18.24569084473104,2.1813388263292905,3.217875331960433,9,"{""0"": 0.005415997629521137, ""1"": 0.005626792065036375, ""2"": 0.0029243311348995903, ""3"": 0.0016443452461004072, ""4"": 0.0031035419811856644, ""5"": 0.005963088732543207}"
primary,200,p0.20,nan,1.0,9,0.2,39.800000000000004,40.19,26,59,8038,8038,1.6023630152012693,0,1.0063397248711445,0.020126794497422894,nan,0.0,1.6023630152012693,6.085513835299136,13,"{""0"": 0.018379050721359487, ""1"": 0.01771186658050492, ""2"": 0.018135538477318077, ""3"": 0.02170706674343617, ""4"": 0.022004922338812634, ""5"": 0.02282232212310607}"
primary,200,p0.20,nan,1.0,9,0.2,39.800000000000004,40.19,26,59,8038,8038,1.6023630152012693,10,0.6788812599055003,0.013577625198110007,8.008213436505729,11.737381394107814,2.0764549758980837,2.8935588299639643,6,"{""0"": 0.018776825013623825, ""1"": 0.021344388114451374, ""2"": 0.002568908339267563, ""3"": 0.009197165982589368, ""4"": 0.002034004236958424, ""5"": 0.0275444595017695}"
primary,200,p0.20,nan,1.0,9,0.2,39.800000000000004,40.19,26,59,8038,8038,1.6023630152012693,20,0.573162337866764,0.011463246757335281,0.36561131487552984,13.479015513424178,2.2412465913991007,2.8128123159056146,5,"{""0"": 0.021308073122914516, ""1"": 0.012410340680233143, ""2"": 0.002362836450429169, ""3"": 0.0004553381919428476, ""4"": 0.0030305241469393202, ""5"": 0.029212367951552687}"
primary,200,p0.20,nan,1.0,9,0.2,39.800000000000004,40.19,26,59,8038,8038,1.6023630152012693,30,0.33971894966722477,0.006794378993344497,0.1283981043314359,14.914550836036216,2.174148904010387,2.7935753735195443,5,"{""0"": 0.014303548799303603, ""1"": 0.001276212883916004, ""2"": 0.005522200027997068, ""3"": 0.0014331472254062402, ""4"": 0.0009021617870787972, ""5"": 0.017329003236365277}"
primary,200,p0.20,nan,1.0,9,0.2,39.800000000000004,40.19,26,59,8038,8038,1.6023630152012693,40,0.22008781137518843,0.004401756227503769,1.1866355387917398,15.501310302132481,2.1467580542569458,2.783574335375918,4,"{""0"": 0.013591200258626025, ""1"": 0.001312417803520564, ""2"": 0.005706789960245364, ""3"": 0.0009331063739308152, ""4"": 0.0009116789362065279, ""5"": 0.003955344032493322}"
primary,200,p0.20,nan,1.0,9,0.2,39.800000000000004,40.19,26,59,8038,8038,1.6023630152012693,50,0.2514326558282274,0.005028653116564548,10.134108532813846,16.914557830749505,2.0699193272588965,2.638922416771268,4,"{""0"": 0.013243691567823998, ""1"": 0.0024544431316468216, ""2"": 0.0010771843478550266, ""3"": 0.00433912068998721, ""4"": 0.00045621211987786095, ""5"": 0.008601266842196371}"
primary,200,p0.20,nan,1.0,9,0.2,39.800000000000004,40.19,26,59,8038,8038,1.6023630152012693,60,0.20420912808951724,0.004084182561790346,3.846274609793253,17.46496167792351,2.016080695765518,2.8164339421185662,5,"{""0"": 0.011148787381072257, ""1"": 0.001286221538535292, ""2"": 0.002584036069678515, ""3"": 0.0010766498045796167, ""4"": 0.00044431749861695654, ""5"": 0.007965083078259435}"
primary,200,p0.20,nan,1.0,9,0.2,39.800000000000004,40.19,26,59,8038,8038,1.6023630152012693,70,0.2914834924998101,0.005829669849996203,3.9623553645948735,17.987915691021,2.0539617336618305,2.859095232830937,5,"{""0"": 0.02005677161517914, ""1"": 0.0010308682231499767, ""2"": 0.004319373312101299, ""3"": 0.0021012939108500366, ""4"": 0.0004020168666402569, ""5"": 0.007067695172056507}"
primary,200,p0.20,nan,1.0,9,0.2,39.800000000000004,40.19,26,59,8038,8038,1.6023630152012693,80,0.274735732332214,0.00549471464664428,0.7402318566213476,18.043871494124247,2.0331969913526016,2.906912524524532,5,"{""0"": 0.019941054924490116, ""1"": 0.0009837370132537656, ""2"": 0.004106379221350057, ""3"": 0.002302528373321718, ""4"": 0.00038342166405930115, ""5"": 0.005251166683390733}"
primary,200,p0.20,nan,1.0,9,0.2,39.800000000000004,40.19,26,59,8038,8038,1.6023630152012693,90,0.2755010649840954,0.005510021299681908,0.7343517522903581,18.088504054241156,2.0312096130504034,2.933434322375418,5,"{""0"": 0.019714732405608067, ""1"": 0.0008207368744110177, ""2"": 0.00450447817321364, ""3"": 0.0018459495804453406, ""4"": 0.00033535907154289793, ""5"": 0.0058388716928704865}"
primary,200,p0.20,nan,1.0,9,0.2,39.800000000000004,40.19,26,59,8038,8038,1.6023630152012693,100,0.2005736273477295,0.00401147254695459,4.036470604386161,18.486157469201306,2.034835374100967,2.886693376010748,5,"{""0"": 0.011751953605463598, ""1"": 0.0010099693688162949, ""2"": 0.00473673179558105, ""3"": 0.0006356034174355653, ""4"": 0.000333619948812055, ""5"": 0.005600957145618974}"
primary,200,p0.20,nan,1.0,9,0.2,39.800000000000004,40.19,26,59,8038,8038,1.6023630152012693,110,0.19684019398349603,0.003936803879669921,3.4912238847520918,18.653083280740272,2.0739099241602243,2.850422584056651,5,"{""0"": 0.01030309822393073, ""1"": 0.000914215715204632, ""2"": 0.006528991381089892, ""3"": 0.0004481187187068774, ""4"": 0.00037813700912377597, ""5"": 0.005048262229963624}"
primary,200,p0.20,nan,1.0,9,0.2,39.800000000000004,40.19,26,59,8038,8038,1.6023630152012693,120,0.1820512586990761,0.0036410251739815228,0.6390008505532545,18.77328495672005,2.102795221057748,2.9044228500413327,5,"{""0"": 0.010402373128184695, ""1"": 0.0007795332687298257, ""2"": 0.004338732199682857, ""3"": 0.00041346476321566623, ""4"": 0.0011002102894501018, ""5"": 0.004811837394625992}"
primary,200,p0.20,nan,1.0,9,0.2,39.800000000000004,40.19,26,59,8038,8038,1.6023630152012693,130,0.1753935754489518,0.0035078715089790365,1.154079487118743,18.908342940951187,2.1170887524324757,2.8316146647113163,5,"{""0"": 0.00953558657541359, ""1"": 0.0007226026861319458, ""2"": 0.004341568564788282, ""3"": 0.0005667510055964609, ""4"": 0.0010557058996329993, ""5"": 0.004825014322310939}"
primary,200,p0.20,nan,1.0,9,0.2,39.800000000000004,40.19,26,59,8038,8038,1.6023630152012693,140,0.1728849108703964,0.003457698217407928,0.3934540886893113,18.99027722246914,2.121734171553221,2.8192131409882246,4,"{""0"": 0.00999852870902163, ""1"": 0.0007216341082218458, ""2"": 0.004130684539794271, ""3"": 0.00040099512917778356, ""4"": 0.001228795160933142, ""5"": 0.004265551657298902}"
primary,200,p0.20,nan,1.0,9,0.2,39.800000000000004,40.19,26,59,8038,8038,1.6023630152012693,150,0.17793510764291032,0.003558702152858207,0.6358047882466118,19.12395599884645,2.146836418455457,2.875651353114099,5,"{""0"": 0.01113968026994647, ""1"": 0.0008241352172522866, ""2"": 0.00386448998966187, ""3"": 0.0004788853891517417, ""4"": 0.0005738794401337382, ""5"": 0.004471142611003135}"
primary,200,p0.20,nan,1.0,9,0.2,39.800000000000004,40.19,26,59,8038,8038,1.6023630152012693,160,0.1634606349266436,0.0032692126985328722,4.455861732603219,19.232345102175657,2.1565226751172943,2.8642383576739876,5,"{""0"": 0.009194927375240565, ""1"": 0.0007753230125352716, ""2"": 0.003947399331859847, ""3"": 0.00030856152449159496, ""4"": 0.000632856829722048, ""5"": 0.004756208117347905}"
primary,200,p0.20,nan,1.0,9,0.2,39.800000000000004,40.19,26,59,8038,8038,1.6023630152012693,170,0.15644932866772945,0.0031289865733545893,14.83730515086706,19.367171382674368,2.1928889466641253,2.8198590257936798,5,"{""0"": 0.008740060696332822, ""1"": 0.0009460432191225434, ""2"": 0.003709373694825301, ""3"": 0.00027680504837607667, ""4"": 0.0006409748824430237, ""5"": 0.004460661899027766}"
primary,200,p0.20,nan,1.0,9,0.2,39.800000000000004,40.19,26,59,8038,8038,1.6023630152012693,180,0.16506092590013505,0.0033012185180027014,10.297556777230966,19.509659722368326,2.2090406857984557,2.847480417838054,5,"{""0"": 0.009167105834652313, ""1"": 0.000987371137527706, ""2"": 0.0037076598330861646, ""3"": 0.0002758137141715546, ""4"": 0.0005590433232376692, ""5"": 0.005110317265340805}"
primary,200,p0.20,nan,1.0,9,0.2,39.800000000000004,40.19,26,59,8038,8038,1.6023630152012693,190,0.158341306672482,0.00316682613344964,0.7301261414278539,19.58870613014361,2.226563018936149,2.812094914834728,5,"{""0"": 0.009178058659318544, ""1"": 0.0008273264172868396, ""2"": 0.0035923268909174603, ""3"": 0.0003237874388204061, ""4"": 0.0003668646219803785, ""5"": 0.00471259277237421}"
primary,200,p0.20,nan,1.0,9,0.2,39.800000000000004,40.19,26,59,8038,8038,1.6023630152012693,200,0.148125723294669,0.0029625144658933806,0.43228673256417594,19.69759642874479,2.2086157287525365,2.7873470926709683,4,"{""0"": 0.00886350277618607, ""1"": 0.0008012874181312025, ""2"": 0.0035346616204503926, ""3"": 0.0002918619408306263, ""4"": 0.00040936318299277164, ""5"": 0.003874409856769219}"
primary,200,p0.40,nan,1.0,9,0.4,79.60000000000001,80.03,62,98,16006,16006,1.592345332418745,0,1.0035901461108314,0.02007180292221663,nan,0.0,1.592345332418745,6.889647317837797,14,"{""0"": 0.019445951408837862, ""1"": 0.02020987070770894, ""2"": 0.020628606357061773, ""3"": 0.019094206083195807, ""4"": 0.0196241583246025, ""5"": 0.02142802465189289}"
primary,200,p0.40,nan,1.0,9,0.4,79.60000000000001,80.03,62,98,16006,16006,1.592345332418745,10,0.45150499342622147,0.009030099868524431,1.0015230491068348,8.602895817424924,1.9195460442058097,2.3537281863156823,3,"{""0"": 0.0005834843607377002, ""1"": 0.014281577071804264, ""2"": 0.007919066894026298, ""3"": 0.011103288775398235, ""4"": 0.0046229661398548266, ""5"": 0.015670215969325257}"
primary,200,p0.40,nan,1.0,9,0.4,79.60000000000001,80.03,62,98,16006,16006,1.592345332418745,20,0.14648733784351203,0.002929746756870241,0.4332218311870451,10.646799366787885,2.04132425520565,2.4680522053772487,3,"{""0"": 0.00350825406477686, ""1"": 0.008052679201430431, ""2"": 0.004975123025715757, ""3"": 0.000355866204556949, ""4"": 0.000365846728167437, ""5"": 0.0003207113165740111}"
primary,200,p0.40,nan,1.0,9,0.4,79.60000000000001,80.03,62,98,16006,16006,1.592345332418745,30,0.0860038774553559,0.001720077549107118,0.2045993939811637,11.571765106115718,2.1167814440521395,2.4681691162028554,3,"{""0"": 0.0006432917909862355, ""1"": 0.004387215596512416, ""2"": 0.004331275298752754, ""3"": 0.0003721754501962905, ""4"": 0.00022643315122511227, ""5"": 0.0003600740069698993}"
primary,200,p0.40,nan,1.0,9,0.4,79.60000000000001,80.03,62,98,16006,16006,1.592345332418745,40,0.11366733581683205,0.0022733467163366414,0.28498043177271304,12.217199445483475,2.052828906130694,2.4928896552356288,3,"{""0"": 0.001747474880741918, ""1"": 0.003307073228511976, ""2"": 0.0037723528047803275, ""3"": 0.004468793865557598, ""4"": 0.0001960362980058401, ""5"": 0.0001483492204221879}"
primary,200,p0.40,nan,1.0,9,0.4,79.60000000000001,80.03,62,98,16006,16006,1.592345332418745,50,0.14197393187127294,0.002839478637425459,0.15261426249980883,12.686680936669498,2.059692431477093,2.490147290749012,3,"{""0"": 0.004951184992262528, ""1"": 0.003427372745792999, ""2"": 0.0036804126690812324, ""3"": 0.004672902005136778, ""4"": 0.00016033338969421589, ""5"": 0.00014466602258500125}"
primary,200,p0.40,nan,1.0,9,0.4,79.60000000000001,80.03,62,98,16006,16006,1.592345332418745,60,0.09447215606109832,0.0018894431212219665,1.7153839206323416,13.288738870318218,2.0708597551543138,2.5109811061794423,3,"{""0"": 0.0035095222035590895, ""1"": 0.0007082608259787799, ""2"": 0.0035838957457967856, ""3"": 0.0031209972053784897, ""4"": 0.00015938931098961697, ""5"": 0.0002545934356290363}"
primary,200,p0.40,nan,1.0,9,0.4,79.60000000000001,80.03,62,98,16006,16006,1.592345332418745,70,0.0982562476923824,0.0019651249538476484,0.19807873056670583,13.68238915353387,2.0830061090153107,2.5094805214748415,3,"{""0"": 0.0033681917325836448, ""1"": 0.00042311412442746474, ""2"": 0.004446753454769926, ""3"": 0.003160766919701958, ""4"": 0.00013074064406213136, ""5"": 0.0002611828475407647}"
primary,200,p0.40,nan,1.0,9,0.4,79.60000000000001,80.03,62,98,16006,16006,1.592345332418745,80,0.07658780716456269,0.001531756143291254,0.33120290041638556,14.28845118349224,1.8807883954362663,2.503861541774015,3,"{""0"": 0.0008253422065758185, ""1"": 0.00045960496490014694, ""2"": 0.0037512064391460034, ""3"": 0.0037280790665560697, ""4"": 0.00015950391858144932, ""5"": 0.00026680026398803725}"
primary,200,p0.40,nan,1.0,9,0.4,79.60000000000001,80.03,62,98,16006,16006,1.592345332418745,90,0.08883026741200124,0.001776605348240025,0.34763286018124556,14.680107800995804,1.8725947399837775,2.5150320854455868,3,"{""0"": 0.0007346633059528661, ""1"": 0.0005796946030096451, ""2"": 0.005694139170259711, ""3"": 0.0032248208553175167, ""4"": 0.00014601946127904808, ""5"": 0.0002802946936213655}"
primary,200,p0.40,nan,1.0,9,0.4,79.60000000000001,80.03,62,98,16006,16006,1.592345332418745,100,0.09104895034128918,0.001820979006825784,0.3212710535469367,14.963283470312449,1.9005307831866036,2.5134879046226266,3,"{""0"": 0.0008033488202150713, ""1"": 0.0006169283753738391, ""2"": 0.006075493071934851, ""3"": 0.0030609606225459607, ""4"": 0.0001335438794967706, ""5"": 0.00023559927138821127}"
primary,200,p0.40,nan,1.0,9,0.4,79.60000000000001,80.03,62,98,16006,16006,1.592345332418745,110,0.09057207967849512,0.0018114415935699027,0.11111824851238304,15.161121221624715,1.8656711082034967,2.509684961277894,3,"{""0"": 0.0007919757085134725, ""1"": 0.0005972410323306198, ""2"": 0.0059662242140963336, ""3"": 0.0031424411630656124, ""4"": 0.00012722446318921208, ""5"": 0.00024354298022416526}"
primary,200,p0.40,nan,1.0,9,0.4,79.60000000000001,80.03,62,98,16006,16006,1.592345332418745,120,0.07708078538591544,0.001541615707718309,2.000998633124122,15.520533168939146,1.8595330418937703,2.506024899800302,3,"{""0"": 0.0008118231095953492, ""1"": 0.00047209317109206454, ""2"": 0.0038830443109551006, ""3"": 0.0036724479871458487, ""4"": 0.00010574818736958152, ""5"": 0.0003045374801519104}"
primary,200,p0.40,nan,1.0,9,0.4,79.60000000000001,80.03,62,98,16006,16006,1.592345332418745,130,0.0771554999306101,0.0015431099986122025,0.4868034173114032,15.746266812695765,1.913508802072686,2.505056264128526,3,"{""0"": 0.0007125521781699005, ""1"": 0.0004059450959268057, ""2"": 0.0039911265472998515, ""3"": 0.0037483162919307667, ""4"": 0.0001164412918508745, ""5"": 0.00028427858649501635}"
primary,200,p0.40,nan,1.0,9,0.4,79.60000000000001,80.03,62,98,16006,16006,1.592345332418745,140,0.07286418627217472,0.0014572837254434947,0.3085666910495736,15.929023483061187,1.9249379951471841,2.5068059417052813,3,"{""0"": 0.0007849794953493982, ""1"": 0.00041925677714473535, ""2"": 0.003452350419013684, ""3"": 0.00367833238245839, ""4"": 0.00012051462253537676, ""5"": 0.0002882686561593838}"
primary,200,p0.40,nan,1.0,9,0.4,79.60000000000001,80.03,62,98,16006,16006,1.592345332418745,150,0.0789303799544101,0.001578607599088202,0.3716596318016145,16.050819459103337,1.921091153299675,2.5139376943247043,3,"{""0"": 0.0016255862164095997, ""1"": 0.00040123673518019127, ""2"": 0.003371488227875761, ""3"": 0.003695301203034061, ""4"": 0.00011056057607139574, ""5"": 0.00026747263595820297}"
primary,200,p0.40,nan,1.0,9,0.4,79.60000000000001,80.03,62,98,16006,16006,1.592345332418745,160,0.08893922059122081,0.0017787844118244164,0.14150423330807632,16.12250148666844,1.9293280125576528,2.5025160005570526,3,"{""0"": 0.0029120416590927845, ""1"": 0.00038721570277636894, ""2"": 0.003326172692835367, ""3"": 0.0036983787623419808, ""4"": 0.00010700665561335927, ""5"": 0.00024189099828663942}"
primary,200,p0.40,nan,1.0,9,0.4,79.60000000000001,80.03,62,98,16006,16006,1.592345332418745,170,0.0833838709166998,0.0016676774183339964,0.1338540726027735,16.242362116350655,1.9420986882090319,2.50429550915206,3,"{""0"": 0.0024260005527844894, ""1"": 0.00037285637699538735, ""2"": 0.0031757546345389832, ""3"": 0.003714698085282243, ""4"": 0.00010216129680124515, ""5"": 0.0002145935636016289}"
primary,200,p0.40,nan,1.0,9,0.4,79.60000000000001,80.03,62,98,16006,16006,1.592345332418745,180,0.08514936992457854,0.0017029873984915711,0.4958238772884801,16.460837529693823,1.9561839879040315,2.499979170890177,3,"{""0"": 0.0026791890349149583, ""1"": 0.0003464243991546279, ""2"": 0.003181513967695132, ""3"": 0.003737636174148617, ""4"": 0.00010196339492315443, ""5"": 0.0001711974201129402}"
primary,200,p0.40,nan,1.0,9,0.4,79.60000000000001,80.03,62,98,16006,16006,1.592345332418745,190,0.06327591885199008,0.0012655183770398017,0.12464449247616054,16.582848176181187,1.956723948851926,2.4769006263401696,3,"{""0"": 0.0030722101083073424, ""1"": 0.0003272735946029795, ""2"": 0.00022235886243694106, ""3"": 0.0037036106027631835, ""4"": 0.00010230860512157437, ""5"": 0.0001653484890067882}"
primary,200,p0.40,nan,1.0,9,0.4,79.60000000000001,80.03,62,98,16006,16006,1.592345332418745,200,0.05000613005886042,0.0010001226011772085,0.4263917984287572,16.719089463880668,1.963929069571212,2.4951733509618608,3,"{""0"": 0.00143117500561162, ""1"": 0.0002968473286555364, ""2"": 0.00028366460973195523, ""3"": 0.003757412163348482, ""4"": 0.00010206553945982205, ""5"": 0.00012957096025583602}"
primary,200,p0.05,nan,1.0,10,0.05,9.950000000000001,9.65,3,18,1930,1930,1.6004467644631526,0,0.9400314953771648,0.018800629907543297,nan,0.0,1.6004467644631526,6.233823172808147,12,"{""0"": 0.016858676654577485, ""1"": 0.01633160401691394, ""2"": 0.020840427679226323, ""3"": 0.018531921858469025, ""4"": 0.019307240026044902, ""5"": 0.020933909210028107}"
primary,200,p0.05,nan,1.0,10,0.05,9.950000000000001,9.65,3,18,1930,1930,1.6004467644631526,10,0.709144220503821,0.01418288441007642,2.0610334147820693,11.083870057436446,2.2842233203763636,2.5963712560203756,7,"{""0"": 0.01636136742095238, ""1"": 0.002016599265477808, ""2"": 0.020049062605098165, ""3"": 0.024922322114477563, ""4"": 0.002464252175076867, ""5"": 0.019283702879375742}"
primary,200,p0.05,nan,1.0,10,0.05,9.950000000000001,9.65,3,18,1930,1930,1.6004467644631526,20,0.7977629479968817,0.015955258959937636,3.825066528062178,13.219010392143424,2.222774300575584,2.7374026683166277,7,"{""0"": 0.0036951457233908316, ""1"": 0.012205736361746882, ""2"": 0.0331210726763561, ""3"": 0.016556469789730122, ""4"": 0.00932222382629724, ""5"": 0.020830905382104626}"
primary,200,p0.05,nan,1.0,10,0.05,9.950000000000001,9.65,3,18,1930,1930,1.6004467644631526,30,0.6698844404133167,0.013397688808266337,7.5957964679788335,14.009478272866277,2.1826759601988375,2.8793777765390014,7,"{""0"": 0.003527894222274833, ""1"": 0.012294661730028678, ""2"": 0.028584617691369524, ""3"": 0.017126501630802676, ""4"": 0.01202271582641964, ""5"": 0.00682974174870266}"
primary,200,p0.05,nan,1.0,10,0.05,9.950000000000001,9.65,3,18,1930,1930,1.6004467644631526,40,0.5547948591054055,0.01109589718210811,9.876207108757477,14.141390094043041,2.088824618368,3.1017995562124496,8,"{""0"": 0.0029675047196009025, ""1"": 0.0066463846596256345, ""2"": 0.023441716514449172, ""3"": 0.023352712831031498, ""4"": 0.004554349889972664, ""5"": 0.00561271447796879}"
primary,200,p0.05,nan,1.0,10,0.05,9.950000000000001,9.65,3,18,1930,1930,1.6004467644631526,50,0.6269317690054232,0.012538635380108467,3.2943909666605453,14.629414370529563,2.1328401756483726,2.8854619241896398,7,"{""0"": 0.0025607232280016744, ""1"": 0.005796779955697337, ""2"": 0.03171003557752269, ""3"": 0.024051049566694967, ""4"": 0.005631956153049837, ""5"": 0.005481267799684298}"
primary,200,p0.05,nan,1.0,10,0.05,9.950000000000001,9.65,3,18,1930,1930,1.6004467644631526,60,0.6047186840448505,0.012094373680897011,3.950305524476877,14.75104230539789,2.15789809191249,2.989334959245917,7,"{""0"": 0.003087098619399312, ""1"": 0.0038854544350410735, ""2"": 0.033409849458971644, ""3"": 0.023835127405552443, ""4"": 0.0045493234454814626, ""5"": 0.0037993887209361228}"
primary,200,p0.05,nan,1.0,10,0.05,9.950000000000001,9.65,3,18,1930,1930,1.6004467644631526,70,0.518250451599894,0.010365009031997881,49.439513067507875,15.000950541158648,2.1546233689422243,3.098949069554031,8,"{""0"": 0.0032783220636062394, ""1"": 0.003919733954026441, ""2"": 0.024782826912674548, ""3"": 0.021937287887470906, ""4"": 0.0035318504634607195, ""5"": 0.004740032910748441}"
primary,200,p0.05,nan,1.0,10,0.05,9.950000000000001,9.65,3,18,1930,1930,1.6004467644631526,80,0.4952098603250634,0.009904197206501271,6.778824471175336,15.212179842383929,2.152913905529379,3.174067482951065,8,"{""0"": 0.003434687610001303, ""1"": 0.003334503154872074, ""2"": 0.02633015631210043, ""3"": 0.018719781072266583, ""4"": 0.0034900977212118656, ""5"": 0.0041159573685553685}"
primary,200,p0.05,nan,1.0,10,0.05,9.950000000000001,9.65,3,18,1930,1930,1.6004467644631526,90,0.49558014273279044,0.00991160285465581,4.095998472349623,15.537370929563714,2.172216720224659,2.9861252555736866,8,"{""0"": 0.0027452725004201073, ""1"": 0.004088496363675503, ""2"": 0.027263659107446138, ""3"": 0.01741030428165285, ""4"": 0.003955876607317754, ""5"": 0.0040060082674224975}"
primary,200,p0.05,nan,1.0,10,0.05,9.950000000000001,9.65,3,18,1930,1930,1.6004467644631526,100,0.43085913205369747,0.00861718264107395,6.00247436870929,15.684608103772309,2.170504445031907,3.1151712770950755,8,"{""0"": 0.003058318248304423, ""1"": 0.002817022912180824, ""2"": 0.022912420964307324, ""3"": 0.015787267309205606, ""4"": 0.003392161214697239, ""5"": 0.003735905197748282}"
primary,200,p0.05,nan,1.0,10,0.05,9.950000000000001,9.65,3,18,1930,1930,1.6004467644631526,110,0.4017438018005718,0.008034876036011437,34.04650144326767,15.944534888975857,2.147090534662535,3.1709123503837566,8,"{""0"": 0.0030961687775757905, ""1"": 0.003925430068514914, ""2"": 0.02249341277014407, ""3"": 0.01157313446394174, ""4"": 0.0034602338421960677, ""5"": 0.003660876293696041}"
primary,200,p0.05,nan,1.0,10,0.05,9.950000000000001,9.65,3,18,1930,1930,1.6004467644631526,120,0.3853153614948014,0.007706307229896029,4.590554414839793,16.026446083099096,2.1484281077017373,3.207507953701809,8,"{""0"": 0.003537467415368748, ""1"": 0.0037244925188022722, ""2"": 0.021727540996345773, ""3"": 0.010848204782320448, ""4"": 0.0032277022814974875, ""5"": 0.003172435385041456}"
primary,200,p0.05,nan,1.0,10,0.05,9.950000000000001,9.65,3,18,1930,1930,1.6004467644631526,130,0.3832001764558643,0.007664003529117286,1.468588250515074,16.373178669327704,2.1431521586863846,3.235907297951059,8,"{""0"": 0.004082547397318273, ""1"": 0.004836343704631586, ""2"": 0.021741549575037385, ""3"": 0.009041029520578888, ""4"": 0.0032582515555428177, ""5"": 0.003024299421594763}"
primary,200,p0.05,nan,1.0,10,0.05,9.950000000000001,9.65,3,18,1930,1930,1.6004467644631526,140,0.37464259918660053,0.0074928519837320125,7.184931537255341,16.465164774646617,2.1396736554250584,3.2149936054658004,8,"{""0"": 0.004373560531264412, ""1"": 0.004956254489814202, ""2"": 0.0208739330788297, ""3"": 0.00849533343327155, ""4"": 0.002935881543650749, ""5"": 0.003322148825561454}"
primary,200,p0.05,nan,1.0,10,0.05,9.950000000000001,9.65,3,18,1930,1930,1.6004467644631526,150,0.3720542863999717,0.007441085727999434,3.345696494013957,16.639504558041192,2.137541806877592,3.213664023262813,8,"{""0"": 0.004585208037944015, ""1"": 0.004632823104196325, ""2"": 0.021240830046388316, ""3"": 0.008155655050100925, ""4"": 0.0030771890221063707, ""5"": 0.0029548091072606596}"
primary,200,p0.05,nan,1.0,10,0.05,9.950000000000001,9.65,3,18,1930,1930,1.6004467644631526,160,0.36879997155727834,0.007375999431145568,4.2563248395029465,16.791566442160082,2.147122538473456,3.179658347504885,8,"{""0"": 0.004594072384864714, ""1"": 0.0051796675623914405, ""2"": 0.02133242453383228, ""3"": 0.006945658701143683, ""4"": 0.0032138575750013756, ""5"": 0.0029903158296399183}"
primary,200,p0.05,nan,1.0,10,0.05,9.950000000000001,9.65,3,18,1930,1930,1.6004467644631526,170,0.36868005321485725,0.007373601064297146,13.671044664552364,16.997297402079123,2.1332106747364774,3.152705101409038,9,"{""0"": 0.004388119425056283, ""1"": 0.005620302923362302, ""2"": 0.021180929253718513, ""3"": 0.006573054578870445, ""4"": 0.0035341993281961747, ""5"": 0.0029450008765791566}"
primary,200,p0.05,nan,1.0,10,0.05,9.950000000000001,9.65,3,18,1930,1930,1.6004467644631526,180,0.35776757869275194,0.00715535157385504,5.0812871437651905,17.137100236771573,2.13480919135521,3.116612519409646,8,"{""0"": 0.004296163583164624, ""1"": 0.00624829283121067, ""2"": 0.01946754491030913, ""3"": 0.006207557788949989, ""4"": 0.003737946743971157, ""5"": 0.002974603585524667}"
primary,200,p0.05,nan,1.0,10,0.05,9.950000000000001,9.65,3,18,1930,1930,1.6004467644631526,190,0.3370829588739645,0.006741659177479291,32.373201327317716,17.264535040516503,2.131818508793631,3.099404518035576,8,"{""0"": 0.004895813904250479, ""1"": 0.0056245557068831204, ""2"": 0.017059059931591514, ""3"": 0.0065303864650846895, ""4"": 0.0035366915442230406, ""5"": 0.0028034475128429067}"
primary,200,p0.05,nan,1.0,10,0.05,9.950000000000001,9.65,3,18,1930,1930,1.6004467644631526,200,0.3321196840336218,0.006642393680672436,1.3058148148794784,17.370797729520717,2.1388081502823875,3.047379721280878,8,"{""0"": 0.004436459619743571, ""1"": 0.005658509768557841, ""2"": 0.017040973704445194, ""3"": 0.006213286380784543, ""4"": 0.003473407502773041, ""5"": 0.0030317251077304277}"
primary,200,p0.10,nan,1.0,10,0.1,19.900000000000002,19.7,9,33,3940,3940,1.5400323056203642,0,1.0222901684748147,0.020445803369496297,nan,0.0,1.5400323056203642,5.440237893370059,12,"{""0"": 0.0187734788196846, ""1"": 0.019197753414271854, ""2"": 0.021758972758163762, ""3"": 0.019278392752328028, ""4"": 0.019765049685502488, ""5"": 0.023901172787027043}"
primary,200,p0.10,nan,1.0,10,0.1,19.900000000000002,19.7,9,33,3940,3940,1.5400323056203642,10,0.9774816005557262,0.019549632011114527,0.9900832788674092,11.957002033039934,2.1339959343776256,2.7409839190914393,4,"{""0"": 0.00388899763104101, ""1"": 0.01198435955310134, ""2"": 0.005728654487364537, ""3"": 0.061982261830537975, ""4"": 0.0075322088849477066, ""5"": 0.026181309679694585}"
primary,200,p0.10,nan,1.0,10,0.1,19.900000000000002,19.7,9,33,3940,3940,1.5400323056203642,20,1.0667416068024378,0.02133483213604876,41.964072703624524,14.0760384146381,2.041826955044825,2.5775221279815463,4,"{""0"": 0.0023613450000860687, ""1"": 0.008021119428753656, ""2"": 0.014875607191433587, ""3"": 0.03043555874742001, ""4"": 0.006983498497229521, ""5"": 0.06533186395136972}"
primary,200,p0.10,nan,1.0,10,0.1,19.900000000000002,19.7,9,33,3940,3940,1.5400323056203642,30,0.6217590744052064,0.012435181488104128,19.249514164242505,15.752829562207932,1.9207107995190917,1.9342988413763746,5,"{""0"": 0.008282457725162293, ""1"": 0.004537110350479283, ""2"": 0.01679941209628105, ""3"": 0.015683656523464783, ""4"": 0.0012233403919236624, ""5"": 0.02808511184131371}"
primary,200,p0.10,nan,1.0,10,0.1,19.900000000000002,19.7,9,33,3940,3940,1.5400323056203642,40,0.47107955338419716,0.009421591067683945,2.1353713409272546,16.584905030528297,2.000564620615369,2.276501813864832,6,"{""0"": 0.008990888774259926, ""1"": 0.00559691255623192, ""2"": 0.01334028404591823, ""3"": 0.015716515125249138, ""4"": 0.0006934982960431736, ""5"": 0.012191447608401277}"
primary,200,p0.10,nan,1.0,10,0.1,19.900000000000002,19.7,9,33,3940,3940,1.5400323056203642,50,0.47155387779719105,0.009431077555943822,1.6112715940011881,16.839810753053435,2.021066403677654,3.0310735909936737,7,"{""0"": 0.0014008746195135347, ""1"": 0.00969378699043726, ""2"": 0.017879822785292876, ""3"": 0.014201268132819833, ""4"": 0.0012254835212164154, ""5"": 0.012185229286383012}"
primary,200,p0.10,nan,1.0,10,0.1,19.900000000000002,19.7,9,33,3940,3940,1.5400323056203642,60,0.32840319649426486,0.006568063929885298,11.71577239526072,17.198323207451047,2.018346347688613,3.1615084955357076,7,"{""0"": 0.0016878929568067108, ""1"": 0.008606857354414183, ""2"": 0.013725879118157295, ""3"": 0.01041040732600868, ""4"": 0.001575835154221402, ""5"": 0.003401511669703526}"
primary,200,p0.10,nan,1.0,10,0.1,19.900000000000002,19.7,9,33,3940,3940,1.5400323056203642,70,0.3527228388884158,0.007054456777768318,1.2500569530808023,17.22014841445358,2.0283483493350767,3.025794762379524,7,"{""0"": 0.0012282197185127608, ""1"": 0.006786784942472618, ""2"": 0.01227059187170175, ""3"": 0.0169607086019913, ""4"": 0.0016749405576613689, ""5"": 0.00340549497427012}"
primary,200,p0.10,nan,1.0,10,0.1,19.900000000000002,19.7,9,33,3940,3940,1.5400323056203642,80,0.3305140145616715,0.006610280291233432,1.284728848229143,17.4417133224364,2.0193835246847587,3.0388634351992816,7,"{""0"": 0.0016234447068499732, ""1"": 0.003983851762189658, ""2"": 0.01149326294596689, ""3"": 0.018490643369358288, ""4"": 0.0017820722441724344, ""5"": 0.0022884067188633393}"
primary,200,p0.10,nan,1.0,10,0.1,19.900000000000002,19.7,9,33,3940,3940,1.5400323056203642,90,0.28010574404617283,0.005602114880923457,4.597377556315263,17.60410248811302,2.001090230641064,3.0508254347871686,7,"{""0"": 0.001622086110384218, ""1"": 0.0028705046861783436, ""2"": 0.007804819794268075, ""3"": 0.017477075535495313, ""4"": 0.0016960609688162233, ""5"": 0.0021421421903985685}"
primary,200,p0.10,nan,1.0,10,0.1,19.900000000000002,19.7,9,33,3940,3940,1.5400323056203642,100,0.27253695349165885,0.005450739069833177,0.24080986261059634,17.756325591045854,2.0162265682347407,2.980122768713503,7,"{""0"": 0.002171900469153463, ""1"": 0.001657283886885718, ""2"": 0.00795703767309856, ""3"": 0.01741056259132637, ""4"": 0.001400806940253916, ""5"": 0.0021068428582810333}"
primary,200,p0.10,nan,1.0,10,0.1,19.900000000000002,19.7,9,33,3940,3940,1.5400323056203642,110,0.24989765748109635,0.004997953149621927,0.49023008611636126,17.930683737638066,2.0147919037282147,3.0196228115457466,7,"{""0"": 0.001939650487155276, ""1"": 0.001485050062884239, ""2"": 0.008164168712792708, ""3"": 0.015254387076378124, ""4"": 0.0012475636672345594, ""5"": 0.0018968988912866536}"
primary,200,p0.10,nan,1.0,10,0.1,19.900000000000002,19.7,9,33,3940,3940,1.5400323056203642,120,0.25508938023337296,0.00510178760466746,0.6142573334609985,18.050441582694937,2.036370958944509,3.0167913584388084,7,"{""0"": 0.0025967760205847733, ""1"": 0.0013614811092643318, ""2"": 0.00849179898935028, ""3"": 0.015369509640977186, ""4"": 0.0009930390151522352, ""5"": 0.0017981208526759585}"
primary,200,p0.10,nan,1.0,10,0.1,19.900000000000002,19.7,9,33,3940,3940,1.5400323056203642,130,0.25506046688224215,0.005101209337644844,23.178503262269523,18.21743586331052,2.025925122650989,2.975691275643907,7,"{""0"": 0.003773871149165397, ""1"": 0.0014226359980780777, ""2"": 0.005915669619110957, ""3"": 0.016838455555124296, ""4"": 0.0011053353755817047, ""5"": 0.0015512883288086273}"
primary,200,p0.10,nan,1.0,10,0.1,19.900000000000002,19.7,9,33,3940,3940,1.5400323056203642,140,0.250551807393965,0.005011036147879301,0.3563862017778506,18.24823488441756,2.0439980626893752,2.982728561354908,7,"{""0"": 0.003003336500554736, ""1"": 0.0013956949347397952, ""2"": 0.007922801986869907, ""3"": 0.015154615031201973, ""4"": 0.0009531040256397595, ""5"": 0.0016366644082696266}"
primary,200,p0.10,nan,1.0,10,0.1,19.900000000000002,19.7,9,33,3940,3940,1.5400323056203642,150,0.2410065790324871,0.004820131580649742,0.42185828549266263,18.309584225629226,2.047228174415965,2.9704681985205936,6,"{""0"": 0.0028855712909999624, ""1"": 0.0014064763168665164, ""2"": 0.006439946207520662, ""3"": 0.01585396878655447, ""4"": 0.0009426975365605308, ""5"": 0.0013921293453963107}"
primary,200,p0.10,nan,1.0,10,0.1,19.900000000000002,19.7,9,33,3940,3940,1.5400323056203642,160,0.22769659233823528,0.004553931846764706,12.001278217397848,18.282927061200688,2.033145186471134,2.861680079508586,6,"{""0"": 0.001198364980455863, ""1"": 0.0014102983252484622, ""2"": 0.007619706620552011, ""3"": 0.014637301388909077, ""4"": 0.0009379804993834602, ""5"": 0.0015199392660393686}"
primary,200,p0.10,nan,1.0,10,0.1,19.900000000000002,19.7,9,33,3940,3940,1.5400323056203642,170,0.22405838000010853,0.0044811676000021715,0.4891036514545188,18.38098580396065,2.03943827464516,2.8594024915776917,6,"{""0"": 0.0011670395238382418, ""1"": 0.0015273365923279107, ""2"": 0.007167406728117112, ""3"": 0.014404451953715397, ""4"": 0.0010314601244883806, ""5"": 0.0015893106775259856}"
primary,200,p0.10,nan,1.0,10,0.1,19.900000000000002,19.7,9,33,3940,3940,1.5400323056203642,180,0.2082495366904817,0.004164990733809635,0.7626722153996874,18.40105522761035,2.037808266022396,2.8573218840960357,6,"{""0"": 0.000909661993972058, ""1"": 0.0016340321654479014, ""2"": 0.005285911290660183, ""3"": 0.014385242719769393, ""4"": 0.0009952722460310423, ""5"": 0.0017798239869772324}"
primary,200,p0.10,nan,1.0,10,0.1,19.900000000000002,19.7,9,33,3940,3940,1.5400323056203642,190,0.20561532272409996,0.004112306454482,1.0360310172998104,18.404893162348966,2.0344243244627016,2.858613270983577,5,"{""0"": 0.0009038969566838202, ""1"": 0.001692868018110193, ""2"": 0.0051155201458272905, ""3"": 0.014489056108468259, ""4"": 0.0009758616024210787, ""5"": 0.0014966358953813605}"
primary,200,p0.10,nan,1.0,10,0.1,19.900000000000002,19.7,9,33,3940,3940,1.5400323056203642,200,0.20732148844651388,0.004146429768930278,7.065165237385115,18.415942672342045,2.029723546957343,2.8141991605140015,5,"{""0"": 0.0008178931892332371, ""1"": 0.0012369947906937652, ""2"": 0.005323545506911014, ""3"": 0.014576515005869933, ""4"": 0.0009170581606697044, ""5"": 0.002006571960204018}"
primary,200,p0.20,nan,1.0,10,0.2,39.800000000000004,40.125,28,57,8025,8025,1.523645719928647,0,0.966386796590942,0.019327735931818843,nan,0.0,1.523645719928647,5.459684332066764,13,"{""0"": 0.021371343301831994, ""1"": 0.015607847805849919, ""2"": 0.019485485571254912, ""3"": 0.01911910028323429, ""4"": 0.016705069712358404, ""5"": 0.023677568916383524}"
primary,200,p0.20,nan,1.0,10,0.2,39.800000000000004,40.125,28,57,8025,8025,1.523645719928647,10,0.8767819364335881,0.017535638728671765,1.137870620983319,9.591567797750038,2.3132560559559794,2.3633964572674335,3,"{""0"": 0.02111241097681344, ""1"": 0.000787662185677679, ""2"": 0.017632009157447975, ""3"": 0.057504771446702754, ""4"": 0.0007574705174608729, ""5"": 0.007419508087927867}"
primary,200,p0.20,nan,1.0,10,0.2,39.800000000000004,40.125,28,57,8025,8025,1.523645719928647,20,0.5378880474170725,0.010757760948341452,1.3618346462095103,14.194298924981002,1.9591032741698537,2.6057936778082014,4,"{""0"": 9.381884274238156e-05, ""1"": 0.0006717298519534432, ""2"": 0.004323369796070686, ""3"": 0.024890678976299423, ""4"": 0.011005254008959905, ""5"": 0.023561714214022877}"
primary,200,p0.20,nan,1.0,10,0.2,39.800000000000004,40.125,28,57,8025,8025,1.523645719928647,30,0.3501653448352087,0.007003306896704176,0.03113491188584331,15.582252212363091,2.0365567895252252,2.398611698542582,4,"{""0"": 0.00015285938667638572, ""1"": 0.00390669662854125, ""2"": 0.011373152187246768, ""3"": 0.0038328869215807386, ""4"": 0.006023329749068919, ""5"": 0.016730916507110997}"
primary,200,p0.20,nan,1.0,10,0.2,39.800000000000004,40.125,28,57,8025,8025,1.523645719928647,40,0.26531834499634493,0.005306366899926899,11.8431622641506,17.0128152774593,2.0487224244276945,2.395322223598356,4,"{""0"": 0.00034336135234461554, ""1"": 0.005729048691848896, ""2"": 0.0031863300179291836, ""3"": 0.015446411631131524, ""4"": 0.003749474096698597, ""5"": 0.00338357560960858}"
primary,200,p0.20,nan,1.0,10,0.2,39.800000000000004,40.125,28,57,8025,8025,1.523645719928647,50,0.20168940558113396,0.00403378811162268,8.359126200029973,17.606594553519866,2.0190417915538434,2.686387029492421,4,"{""0"": 0.0008715211485638789, ""1"": 0.003131459983416527, ""2"": 0.0034172251251803885, ""3"": 0.005610475268014201, ""4"": 0.0028303105713883836, ""5"": 0.008341736573172697}"
primary,200,p0.20,nan,1.0,10,0.2,39.800000000000004,40.125,28,57,8025,8025,1.523645719928647,60,0.23923668999359216,0.0047847337998718435,14.420840830047034,18.030478197006797,2.049349747926282,2.6306256642540125,4,"{""0"": 0.0030925924576619525, ""1"": 0.005173306205586473, ""2"": 0.0040252389032256666, ""3"": 0.00583111342765931, ""4"": 0.0016263467618609947, ""5"": 0.008959805043236665}"
primary,200,p0.20,nan,1.0,10,0.2,39.800000000000004,40.125,28,57,8025,8025,1.523645719928647,70,0.26459663246784015,0.005291932649356804,0.3016381317366327,18.186505712120717,2.0283031126043625,2.6868946303804178,4,"{""0"": 0.0017054675273299458, ""1"": 0.0033158495992959072, ""2"": 0.003573114407624671, ""3"": 0.009847860714767481, ""4"": 0.0017002336176047412, ""5"": 0.011609070029518078}"
primary,200,p0.20,nan,1.0,10,0.2,39.800000000000004,40.125,28,57,8025,8025,1.523645719928647,80,0.22924376853733394,0.004584875370746679,0.8301466551762362,18.483742729481474,2.0201460058730136,2.637709324681586,4,"{""0"": 0.0005384867768216804, ""1"": 0.003636189313130632, ""2"": 0.000796695135971566, ""3"": 0.009734800438166918, ""4"": 0.0023780146017083983, ""5"": 0.010425065958680882}"
primary,200,p0.20,nan,1.0,10,0.2,39.800000000000004,40.125,28,57,8025,8025,1.523645719928647,90,0.1579134564111704,0.0031582691282234085,0.7132576738704,18.78624145479263,2.161348545895852,2.561858409902661,3,"{""0"": 0.0003088200080188506, ""1"": 0.003980762742540453, ""2"": 0.002551305144368143, ""3"": 0.0020284583148542914, ""4"": 0.004389230294163402, ""5"": 0.005691038265395313}"
primary,200,p0.20,nan,1.0,10,0.2,39.800000000000004,40.125,28,57,8025,8025,1.523645719928647,100,0.14997640655896824,0.002999528131179365,14.944612437981768,18.960870031150954,2.1655002491271005,2.524929521687751,3,"{""0"": 0.0002469457539355172, ""1"": 0.003538526704203034, ""2"": 0.0004250895001348728, ""3"": 0.0032513424406853232, ""4"": 0.004299009582258329, ""5"": 0.006236254805859114}"
primary,200,p0.20,nan,1.0,10,0.2,39.800000000000004,40.125,28,57,8025,8025,1.523645719928647,110,0.1320328524052472,0.0026406570481049448,0.501736777110921,19.10610331291522,2.1783616459667168,2.512784299161099,3,"{""0"": 0.0002605290970367715, ""1"": 0.003615273366620475, ""2"": 0.0003982796807576662, ""3"": 0.0022704727706269966, ""4"": 0.004010562880671464, ""5"": 0.005288824492916294}"
primary,200,p0.20,nan,1.0,10,0.2,39.800000000000004,40.125,28,57,8025,8025,1.523645719928647,120,0.10440150573407915,0.0020880301146815835,1.7755281347851488,19.220291313481745,2.1867783965521395,2.5414553703088543,3,"{""0"": 0.0003407133722345801, ""1"": 0.0016936807828915258, ""2"": 0.0004887969519420165, ""3"": 0.0024615068910923766, ""4"": 0.004804488210057479, ""5"": 0.0027389944798715204}"
primary,200,p0.20,nan,1.0,10,0.2,39.800000000000004,40.125,28,57,8025,8025,1.523645719928647,130,0.07093399468967233,0.001418679893793447,0.5058390891492506,19.310259296190548,2.1889161134085793,2.5685821665510002,3,"{""0"": 0.00034907957051943527, ""1"": 0.0016095695477935739, ""2"": 0.0004969417054899228, ""3"": 0.0012799640165673761, ""4"": 0.0018928959476470224, ""5"": 0.0028836285747433506}"
primary,200,p0.20,nan,1.0,10,0.2,39.800000000000004,40.125,28,57,8025,8025,1.523645719928647,140,0.06262621288355216,0.0012525242576710434,0.6647403619658641,19.4529934369857,2.1887690119000225,2.5582009108131745,3,"{""0"": 0.00034855979792938947, ""1"": 0.0011786525894623816, ""2"": 0.0005437737644288889, ""3"": 0.0008714451195524192, ""4"": 0.0020885907744817873, ""5"": 0.002484123500171395}"
primary,200,p0.20,nan,1.0,10,0.2,39.800000000000004,40.125,28,57,8025,8025,1.523645719928647,150,0.07349370686534393,0.0014698741373068787,12.24703483525708,19.53573441255753,2.193725284843366,2.54385978910846,3,"{""0"": 0.0006126540007527903, ""1"": 0.0020996694212663545, ""2"": 0.0004260286498667121, ""3"": 0.001027821432690637, ""4"": 0.0025589879012787894, ""5"": 0.0020940834179859896}"
primary,200,p0.20,nan,1.0,10,0.2,39.800000000000004,40.125,28,57,8025,8025,1.523645719928647,160,0.07254229984827294,0.001450845996965459,0.48878409929495975,19.700381092213053,2.188926126670104,2.5149532317978216,3,"{""0"": 0.0005292479387608835, ""1"": 0.0033599884279718814, ""2"": 0.00038609629787568766, ""3"": 0.0010410336113905825, ""4"": 0.0027361817708667457, ""5"": 0.0006525279349269727}"
primary,200,p0.20,nan,1.0,10,0.2,39.800000000000004,40.125,28,57,8025,8025,1.523645719928647,170,0.04934250336379912,0.0009868500672759826,0.30661596212296477,19.950277950202082,2.2128092595178344,2.531047869688743,3,"{""0"": 0.0004484063286693019, ""1"": 0.001381953947816925, ""2"": 0.00041127540700200947, ""3"": 0.0008858695959172765, ""4"": 0.002186311995822092, ""5"": 0.0006072831284282905}"
primary,200,p0.20,nan,1.0,10,0.2,39.800000000000004,40.125,28,57,8025,8025,1.523645719928647,180,0.06585203422309722,0.0013170406844619446,31.676611246714387,20.02880901800744,2.216262381605281,2.5038725855410466,3,"{""0"": 0.0005676677774159577, ""1"": 0.0037336202443223805, ""2"": 0.0003228415324730372, ""3"": 0.0008567701160288972, ""4"": 0.0017347210413854695, ""5"": 0.0006866233951459257}"
primary,200,p0.20,nan,1.0,10,0.2,39.800000000000004,40.125,28,57,8025,8025,1.523645719928647,190,0.061459334998974935,0.0012291866999794988,26.43138536478633,20.127946364247137,2.2047374048237067,2.5112539671264296,3,"{""0"": 0.0004880060311183112, ""1"": 0.0037983660530718894, ""2"": 0.00031920307027026313, ""3"": 0.0007568732943782329, ""4"": 0.0011165443293682012, ""5"": 0.0008961274216700947}"
primary,200,p0.20,nan,1.0,10,0.2,39.800000000000004,40.125,28,57,8025,8025,1.523645719928647,200,0.03901509687856497,0.0007803019375712995,4.375118205181691,20.43930470950115,2.203452265569335,2.5451342579390643,3,"{""0"": 0.0004948268904291862, ""1"": 0.0009938435818079075, ""2"": 0.0006913215358058752, ""3"": 0.0006737439920343963, ""4"": 0.0010108690950198726, ""5"": 0.0008172065303305592}"
primary,200,p0.40,nan,1.0,10,0.4,79.60000000000001,80.045,62,97,16009,16009,1.549722575854332,0,1.0280394889485345,0.020560789778970693,nan,0.0,1.549722575854332,8.938746358724194,14,"{""0"": 0.021919289425282016, ""1"": 0.019674802472960776, ""2"": 0.021928740419002148, ""3"": 0.023282435628981808, ""4"": 0.019230330955751954, ""5"": 0.01732913977184547}"
primary,200,p0.40,nan,1.0,10,0.4,79.60000000000001,80.045,62,97,16009,16009,1.549722575854332,10,0.4268946454226075,0.008537892908452152,0.6361491481258881,8.967274073051499,1.9448772417062181,2.4808105821335724,3,"{""0"": 0.013524060122979121, ""1"": 0.0002398603969988713, ""2"": 0.0002677853076357528, ""3"": 0.02161082494980731, ""4"": 0.0002818934188372384, ""5"": 0.015302933254454618}"
primary,200,p0.40,nan,1.0,10,0.4,79.60000000000001,80.045,62,97,16009,16009,1.549722575854332,20,0.3381224156809864,0.006762448313619729,0.4482115270051668,10.81492835906519,2.044999897998956,2.387606771332097,3,"{""0"": 0.0005723252699005569, ""1"": 0.0002788046571809272, ""2"": 0.0016073571250991557, ""3"": 0.0003680415261910938, ""4"": 0.00014849767972590323, ""5"": 0.03759966362362073}"
primary,200,p0.40,nan,1.0,10,0.4,79.60000000000001,80.045,62,97,16009,16009,1.549722575854332,30,0.04496918021091191,0.0008993836042182384,0.3677986559472413,12.419932480193905,1.9384662229400775,2.547214055259303,3,"{""0"": 0.00035560093676079965, ""1"": 0.003711667698301173, ""2"": 0.0005720442181837796, ""3"": 0.0004432571940945217, ""4"": 0.00013045580105706996, ""5"": 0.0001832757769120869}"
primary,200,p0.40,nan,1.0,10,0.4,79.60000000000001,80.045,62,97,16009,16009,1.549722575854332,40,0.050731965890641904,0.0010146393178128382,0.02757983990016018,13.28046711560256,2.064984835016781,2.574169809293856,3,"{""0"": 0.000531500460185287, ""1"": 0.0009602713639765044, ""2"": 0.0003421729171963206, ""3"": 0.0038531268629657654, ""4"": 0.00011282738422806471, ""5"": 0.0002879369183250881}"
primary,200,p0.40,nan,1.0,10,0.4,79.60000000000001,80.045,62,97,16009,16009,1.549722575854332,50,0.08584744780813808,0.0017169489561627619,0.11653047157848062,14.090075491015998,2.1034882438791653,2.565643239865009,3,"{""0"": 0.003354108062763681, ""1"": 0.0006251890807165737, ""2"": 0.0005131556372558689, ""3"": 0.0055041934900008005, ""4"": 0.00011834384666460098, ""5"": 0.0001867036195750475}"
primary,200,p0.40,nan,1.0,10,0.4,79.60000000000001,80.045,62,97,16009,16009,1.549722575854332,60,0.06508290234755901,0.0013016580469511804,0.04105395996900594,14.683739779486398,2.1093033432111494,2.600788053195287,3,"{""0"": 0.0030668039333335683, ""1"": 0.0014691245066696776, ""2"": 0.0004188169601455458, ""3"": 0.0025761572795973816, ""4"": 0.00014407653558865712, ""5"": 0.00013496906637225202}"
primary,200,p0.40,nan,1.0,10,0.4,79.60000000000001,80.045,62,97,16009,16009,1.549722575854332,70,0.057439326892265136,0.001148786537845303,0.015197868921644386,15.225943445491028,2.148870239223785,2.595458353632172,3,"{""0"": 0.00020605611220924188, ""1"": 0.001386230893776333, ""2"": 0.00034144242792389626, ""3"": 0.004671880820880001, ""4"": 9.992577724217267e-05, ""5"": 0.0001871831950401722}"
primary,200,p0.40,nan,1.0,10,0.4,79.60000000000001,80.045,62,97,16009,16009,1.549722575854332,80,0.04157604115417194,0.000831520823083439,0.18968218738885592,15.576253202903276,2.1464083005785937,2.584634051173125,3,"{""0"": 0.00022615011262744545, ""1"": 0.0009685322395192007, ""2"": 0.0004376400555534399, ""3"": 0.0031004889408654496, ""4"": 0.00011296841789356538, ""5"": 0.00014334517204153178}"
primary,200,p0.40,nan,1.0,10,0.4,79.60000000000001,80.045,62,97,16009,16009,1.549722575854332,90,0.019788245512397322,0.0003957649102479465,2.8375668343036256,16.35484988344538,2.195478965994029,2.5587683489888287,3,"{""0"": 0.00020490534477597564, ""1"": 0.0007209001621952665, ""2"": 0.0004450938593618002, ""3"": 0.0006149242641676712, ""4"": 0.00021411179771312246, ""5"": 0.0001746540332738431}"
primary,200,p0.40,nan,1.0,10,0.4,79.60000000000001,80.045,62,97,16009,16009,1.549722575854332,100,0.020802346771932132,0.0004160469354386427,1.0998674376403261,16.654961250343536,2.2088959221010316,2.563803144781249,3,"{""0"": 0.00016836693471411728, ""1"": 0.0007275286034653377, ""2"": 0.0005935928760453007, ""3"": 0.0005709358881445842, ""4"": 0.00022647784114729536, ""5"": 0.00020937946911522119}"
primary,200,p0.40,nan,1.0,10,0.4,79.60000000000001,80.045,62,97,16009,16009,1.549722575854332,110,0.020020133658052504,0.00040040267316105013,0.527045529334619,16.833899302630822,2.205352686119557,2.5644257893800493,3,"{""0"": 0.0001687996273535707, ""1"": 0.0005144549191978107, ""2"": 0.0004549952487457159, ""3"": 0.0005725851648166028, ""4"": 0.0004960521483709401, ""5"": 0.00019552893048166057}"
primary,200,p0.40,nan,1.0,10,0.4,79.60000000000001,80.045,62,97,16009,16009,1.549722575854332,120,0.09174371543268721,0.0018348743086537443,0.14261810010568413,17.05386762020331,2.1954102125219186,2.6386397294349493,3,"{""0"": 0.00025366319007807535, ""1"": 0.0013947084947418165, ""2"": 0.002473028153335964, ""3"": 0.00432843883626619, ""4"": 0.0023785360488862645, ""5"": 0.0001808711286141566}"
primary,200,p0.40,nan,1.0,10,0.4,79.60000000000001,80.045,62,97,16009,16009,1.549722575854332,130,0.079480207753872,0.0015896041550774404,0.03391501313498691,17.142517972446775,2.2025139095679083,2.6588298708871934,3,"{""0"": 0.00023702737223529094, ""1"": 0.0017747287100576368, ""2"": 0.0018553154600317212, ""3"": 0.0037896516528246266, ""4"": 0.001747375311904676, ""5"": 0.0001335264234106906}"
primary,200,p0.40,nan,1.0,10,0.4,79.60000000000001,80.045,62,97,16009,16009,1.549722575854332,140,0.07412382368749006,0.0014824764737498013,0.15009154918990328,17.30508020646072,2.215192731721742,2.6210079895970253,3,"{""0"": 0.00021475629880335248, ""1"": 0.00040754615026577894, ""2"": 0.0034320084180730582, ""3"": 0.0032175380478581756, ""4"": 0.0014731941833783433, ""5"": 0.00014981574412009977}"
primary,200,p0.40,nan,1.0,10,0.4,79.60000000000001,80.045,62,97,16009,16009,1.549722575854332,150,0.08301079148555378,0.001660215829711076,0.07230935343469747,17.465161685900387,2.2191177566677815,2.5916575739070478,3,"{""0"": 0.0002062131477567987, ""1"": 0.0003659441482448996, ""2"": 0.003496639753015835, ""3"": 0.0031773430428964355, ""4"": 0.00256804706502626, ""5"": 0.0001471078213262263}"
primary,200,p0.40,nan,1.0,10,0.4,79.60000000000001,80.045,62,97,16009,16009,1.549722575854332,160,0.07574165348684275,0.0015148330697368553,0.3476512213049789,17.740425913015667,2.23377186897597,2.599654151129935,3,"{""0"": 0.0002735546186516786, ""1"": 0.0011732269702990296, ""2"": 0.004054722944469759, ""3"": 0.000677385671222883, ""4"": 0.002741490678901492, ""5"": 0.00016861753487629023}"
primary,200,p0.40,nan,1.0,10,0.4,79.60000000000001,80.045,62,97,16009,16009,1.549722575854332,170,0.07917421595517049,0.00158348431910341,0.6132373015218319,18.133704576160344,2.2878781526588368,2.582387567718965,3,"{""0"": 0.00019873069734553783, ""1"": 0.0014511315859288194, ""2"": 0.004243655835242274, ""3"": 0.0006078167780573897, ""4"": 0.002836696416934237, ""5"": 0.00016287460111220228}"
primary,200,p0.40,nan,1.0,10,0.4,79.60000000000001,80.045,62,97,16009,16009,1.549722575854332,180,0.05994370054750056,0.0011988740109500112,0.29844386576377174,18.60471772119893,2.327170759079424,2.561594947486867,3,"{""0"": 0.00027557996728044354, ""1"": 0.0003271304811085179, ""2"": 0.0035249900934190754, ""3"": 0.00043320550818298136, ""4"": 0.002378610558761295, ""5"": 0.0002537274569477558}"
primary,200,p0.40,nan,1.0,10,0.4,79.60000000000001,80.045,62,97,16009,16009,1.549722575854332,190,0.03216597760287158,0.0006433195520574316,0.3154065537457264,18.750164837315005,2.3273018643326426,2.5529893240763455,3,"{""0"": 0.0002766930194103384, ""1"": 0.0003044756191688832, ""2"": 0.0002732264420696352, ""3"": 0.0004226955407157099, ""4"": 0.0023563378524328544, ""5"": 0.00022648883854716837}"
primary,200,p0.40,nan,1.0,10,0.4,79.60000000000001,80.045,62,97,16009,16009,1.549722575854332,200,0.02946158476895522,0.0005892316953791045,0.30527587906033765,18.889221392790883,2.3245825867355587,2.547360396087002,3,"{""0"": 0.00027667432629123397, ""1"": 0.0002716705099290023, ""2"": 0.0002608393752603776, ""3"": 0.0004180772308175736, ""4"": 0.002109605746824385, ""5"": 0.0001985229831520548}"
primary,200,p0.05,nan,1.0,11,0.05,9.950000000000001,9.97,3,19,1994,1994,1.628190124348569,0,0.9631965188729344,0.01926393037745869,nan,0.0,1.628190124348569,8.0070707302085,14,"{""0"": 0.017606185765965843, ""1"": 0.01733238432689315, ""2"": 0.023039769352213947, ""3"": 0.018123474068770244, ""4"": 0.02217686441816001, ""5"": 0.017304904332748953}"
primary,200,p0.05,nan,1.0,11,0.05,9.950000000000001,9.97,3,19,1994,1994,1.628190124348569,10,0.8881523051277328,0.01776304610255466,4.494698409342183,14.127457902647864,2.1980426924354934,2.9752967484622928,8,"{""0"": 0.022267528201531057, ""1"": 0.030372257784412753, ""2"": 0.04081341691127132, ""3"": 0.004215280524251683, ""4"": 0.006216916473918159, ""5"": 0.002692876719942983}"
primary,200,p0.05,nan,1.0,11,0.05,9.950000000000001,9.97,3,19,1994,1994,1.628190124348569,20,0.7382933417307889,0.01476586683461578,27.424012384287828,15.314608575871654,2.0328728030644654,3.2692299121701303,8,"{""0"": 0.032619868859738624, ""1"": 0.007971883080726183, ""2"": 0.023627848286772574, ""3"": 0.007437146986208181, ""4"": 0.013592413135879972, ""5"": 0.0033460406583691532}"
primary,200,p0.05,nan,1.0,11,0.05,9.950000000000001,9.97,3,19,1994,1994,1.628190124348569,30,0.5778959771547946,0.011557919543095894,16.14861918505485,16.581717800261945,2.072616897640253,2.674458316325719,10,"{""0"": 0.022891244844633094, ""1"": 0.011303260425831572, ""2"": 0.003327097488567331, ""3"": 0.011470197474259567, ""4"": 0.01009835883313365, ""5"": 0.010257358192150148}"
primary,200,p0.05,nan,1.0,11,0.05,9.950000000000001,9.97,3,19,1994,1994,1.628190124348569,40,0.5822931650923441,0.011645863301846884,15.735590023870651,16.92108229063522,2.0296841982274487,3.374510231360548,11,"{""0"": 0.014971915195657683, ""1"": 0.008486150007498807, ""2"": 0.014470530327778222, ""3"": 0.011005760728440823, ""4"": 0.010830668946130533, ""5"": 0.010110154605575229}"
primary,200,p0.05,nan,1.0,11,0.05,9.950000000000001,9.97,3,19,1994,1994,1.628190124348569,50,0.48105087662236956,0.009621017532447393,11.381085909358054,17.055084499235544,2.0345915950705,3.6714490433801603,12,"{""0"": 0.013055393040653899, ""1"": 0.006193228320183047, ""2"": 0.009233893644676194, ""3"": 0.010129102021462076, ""4"": 0.007543960115561796, ""5"": 0.011570528052147347}"
primary,200,p0.05,nan,1.0,11,0.05,9.950000000000001,9.97,3,19,1994,1994,1.628190124348569,60,0.4500941385408212,0.009001882770816426,4.419384630830318,17.315949853229423,2.072613901970511,3.735476375338247,11,"{""0"": 0.008905680990863555, ""1"": 0.004778545827578376, ""2"": 0.009942512289956627, ""3"": 0.009595686903131614, ""4"": 0.009730389593334695, ""5"": 0.011058481020033692}"
primary,200,p0.05,nan,1.0,11,0.05,9.950000000000001,9.97,3,19,1994,1994,1.628190124348569,70,0.40613213558581046,0.00812264271171621,6.827323809239435,17.36515940920784,2.0531983483480807,3.7617767695335806,11,"{""0"": 0.006943046310372461, ""1"": 0.0049803758493375426, ""2"": 0.01044693807632684, ""3"": 0.0074348130039115345, ""4"": 0.010465569468090588, ""5"": 0.008465113562258288}"
primary,200,p0.05,nan,1.0,11,0.05,9.950000000000001,9.97,3,19,1994,1994,1.628190124348569,80,0.40097862388779404,0.008019572477755883,4.462046544022145,17.548684941684947,2.0609364330686506,3.754072189707632,11,"{""0"": 0.00719277546102666, ""1"": 0.004811692185646784, ""2"": 0.010882222798846411, ""3"": 0.00761623004988041, ""4"": 0.008906555321764386, ""5"": 0.00870795904937064}"
primary,200,p0.05,nan,1.0,11,0.05,9.950000000000001,9.97,3,19,1994,1994,1.628190124348569,90,0.36840815898435436,0.007368163179687089,5.228597991817319,17.571204428464707,2.057776968909741,3.826890590781454,11,"{""0"": 0.006315605918596351, ""1"": 0.004392251910658062, ""2"": 0.010026196618682507, ""3"": 0.008851450115294432, ""4"": 0.007005690302273886, ""5"": 0.00761778421261729}"
primary,200,p0.05,nan,1.0,11,0.05,9.950000000000001,9.97,3,19,1994,1994,1.628190124348569,100,0.3472556612654187,0.0069451132253083745,1.8164270141325303,17.69561319935345,2.061121113036782,3.761300568336436,11,"{""0"": 0.004812344968080032, ""1"": 0.004119153963950175, ""2"": 0.009176812674741073, ""3"": 0.009147348672502083, ""4"": 0.006631083631293959, ""5"": 0.00778393544128293}"
primary,200,p0.05,nan,1.0,11,0.05,9.950000000000001,9.97,3,19,1994,1994,1.628190124348569,110,0.34172146138499676,0.0068344292276999365,7.13367712045495,17.838377206117134,2.080261289199551,3.7169253174955785,11,"{""0"": 0.005514255489364569, ""1"": 0.0038562461897889443, ""2"": 0.008029195978067054, ""3"": 0.009513543798844426, ""4"": 0.006745336226901974, ""5"": 0.007347997683232653}"
primary,200,p0.05,nan,1.0,11,0.05,9.950000000000001,9.97,3,19,1994,1994,1.628190124348569,120,0.3443645150352283,0.006887290300704566,7.416384384624749,17.903762030619465,2.071573098792403,3.7604737966560378,11,"{""0"": 0.004804536448480561, ""1"": 0.0035792042792348495, ""2"": 0.009182701484590237, ""3"": 0.009890568108084308, ""4"": 0.006027633163491597, ""5"": 0.007839098320345853}"
primary,200,p0.05,nan,1.0,11,0.05,9.950000000000001,9.97,3,19,1994,1994,1.628190124348569,130,0.3370562905808783,0.006741125811617567,5.031371103624088,18.024096028168685,2.070498906217565,3.7896753637010034,11,"{""0"": 0.004346174338127593, ""1"": 0.0037146630624030714, ""2"": 0.009415560309848981, ""3"": 0.009869940275045374, ""4"": 0.005715140803136235, ""5"": 0.007385276081144146}"
primary,200,p0.05,nan,1.0,11,0.05,9.950000000000001,9.97,3,19,1994,1994,1.628190124348569,140,0.3468660132930253,0.0069373202658605075,3.197501010028389,18.089987635247365,2.077072245880381,3.800959226636691,11,"{""0"": 0.004817317417438713, ""1"": 0.003809296149725816, ""2"": 0.009590762786221221, ""3"": 0.01086366877958806, ""4"": 0.005543908191671301, ""5"": 0.006998968270517934}"
primary,200,p0.05,nan,1.0,11,0.05,9.950000000000001,9.97,3,19,1994,1994,1.628190124348569,150,0.33498522237069284,0.006699704447413858,29.915632599566276,18.1554785727092,2.077679644579922,3.794487584654919,11,"{""0"": 0.004280190475333043, ""1"": 0.003783552362805338, ""2"": 0.009397421160092572, ""3"": 0.009897134257927955, ""4"": 0.005744073233892592, ""5"": 0.007095855194431647}"
primary,200,p0.05,nan,1.0,11,0.05,9.950000000000001,9.97,3,19,1994,1994,1.628190124348569,160,0.32401187874241616,0.006480237574848324,2.2815775907476974,18.188415920269357,2.0816809345285754,3.7513669399343796,11,"{""0"": 0.004306115034302859, ""1"": 0.003756491716589364, ""2"": 0.010021066577793041, ""3"": 0.007868620132525376, ""4"": 0.005825203432740968, ""5"": 0.007103928555138339}"
primary,200,p0.05,nan,1.0,11,0.05,9.950000000000001,9.97,3,19,1994,1994,1.628190124348569,170,0.3191429940881203,0.006382859881762407,7.258009231010549,18.253858167932474,2.081505645737606,3.7584684959452836,11,"{""0"": 0.004684777506277966, ""1"": 0.003868125537592254, ""2"": 0.009623523229840975, ""3"": 0.007750304002761934, ""4"": 0.00569810311178108, ""5"": 0.006672325902320227}"
primary,200,p0.05,nan,1.0,11,0.05,9.950000000000001,9.97,3,19,1994,1994,1.628190124348569,180,0.3055073747529782,0.006110147495059564,18.377177985855862,18.312263518473273,2.078308095900501,3.757929363681775,11,"{""0"": 0.004022891856660938, ""1"": 0.0036747916167731076, ""2"": 0.00853936037286514, ""3"": 0.00816671729082408, ""4"": 0.00554422290298501, ""5"": 0.00671290093024911}"
primary,200,p0.05,nan,1.0,11,0.05,9.950000000000001,9.97,3,19,1994,1994,1.628190124348569,190,0.2946678174320812,0.005893356348641625,2.6468679237120094,18.381667162044838,2.075107676194823,3.742147207229462,10,"{""0"": 0.0038549436239519396, ""1"": 0.003607792382471781, ""2"": 0.008471315325122176, ""3"": 0.007404443850646342, ""4"": 0.005415432423246651, ""5"": 0.0066062104864108625}"
primary,200,p0.05,nan,1.0,11,0.05,9.950000000000001,9.97,3,19,1994,1994,1.628190124348569,200,0.30036942184262955,0.006007388436852592,4.849725010313851,18.425018836136,2.0770766017033853,3.766306777676581,11,"{""0"": 0.003927641122595174, ""1"": 0.0036292780451393897, ""2"": 0.008455103638427762, ""3"": 0.008283993326127902, ""4"": 0.005008430554256671, ""5"": 0.0067398839345686485}"
primary,200,p0.10,nan,1.0,11,0.1,19.900000000000002,19.63,11,32,3926,3926,1.5425500028197363,0,1.0165716152540283,0.020331432305080572,nan,0.0,1.5425500028197363,5.772863311347718,14,"{""0"": 0.021931651640940786, ""1"": 0.018816066977720092, ""2"": 0.017356677756503965, ""3"": 0.020832294307491526, ""4"": 0.020460750458335047, ""5"": 0.02259115268949201}"
primary,200,p0.10,nan,1.0,11,0.1,19.900000000000002,19.63,11,32,3926,3926,1.5425500028197363,10,0.8895563011895224,0.01779112602379045,2.2840351302051825,11.895712781696703,2.047050109537604,2.2069611928726016,4,"{""0"": 0.008478435128733336, ""1"": 0.05771640645853252, ""2"": 0.023935179365497307, ""3"": 0.001826603647874555, ""4"": 0.012847900062922968, ""5"": 0.00194223147918203}"
primary,200,p0.10,nan,1.0,11,0.1,19.900000000000002,19.63,11,32,3926,3926,1.5425500028197363,20,0.8559636643139261,0.017119273286278523,1.595511218491917,14.766167684412048,2.2208716824305217,2.8584726855979294,7,"{""0"": 0.01883890400242979, ""1"": 0.0062677011290559245, ""2"": 0.014207603189467713, ""3"": 0.023959551332316913, ""4"": 0.02531191583941539, ""5"": 0.014129964224985414}"
primary,200,p0.10,nan,1.0,11,0.1,19.900000000000002,19.63,11,32,3926,3926,1.5425500028197363,30,0.988281394177518,0.019765627883550362,5.4216228342191695,15.588509058347443,2.189840397617806,2.676918818660003,6,"{""0"": 0.03287371053355419, ""1"": 0.003932323331034174, ""2"": 0.009776336087378084, ""3"": 0.02713080354437205, ""4"": 0.030416163191706848, ""5"": 0.014464430613256835}"
primary,200,p0.10,nan,1.0,11,0.1,19.900000000000002,19.63,11,32,3926,3926,1.5425500028197363,40,0.8350400059430625,0.016700800118861252,23.380937688490715,16.03036156157196,2.1340842601644043,2.5919984651945853,6,"{""0"": 0.016594843885014122, ""1"": 0.006554044438635559, ""2"": 0.004343248072994013, ""3"": 0.0175438161449444, ""4"": 0.03784960440768463, ""5"": 0.017319243763894775}"
primary,200,p0.10,nan,1.0,11,0.1,19.900000000000002,19.63,11,32,3926,3926,1.5425500028197363,50,0.78202622562939,0.0156405245125878,0.868605391056873,16.254469786957646,2.1347543261235415,2.470136222617463,6,"{""0"": 0.013111845950074742, ""1"": 0.004310660892717645, ""2"": 0.004763994596409726, ""3"": 0.014682038653275336, ""4"": 0.03889759239495872, ""5"": 0.018077014588090645}"
primary,200,p0.10,nan,1.0,11,0.1,19.900000000000002,19.63,11,32,3926,3926,1.5425500028197363,60,0.7150978880998029,0.014301957761996059,1.5919867253731452,16.290031274221615,2.12072569357999,2.5239095088272774,5,"{""0"": 0.009880337704856208, ""1"": 0.0045486315679089, ""2"": 0.0040310981562579565, ""3"": 0.007623409732023817, ""4"": 0.03998663267569559, ""5"": 0.019741636735233874}"
primary,200,p0.10,nan,1.0,11,0.1,19.900000000000002,19.63,11,32,3926,3926,1.5425500028197363,70,0.702317511068732,0.014046350221374642,16.481667022520394,16.698657303239457,2.0917734551877416,2.7239692217676947,6,"{""0"": 0.015078803593096646, ""1"": 0.0026093639151112237, ""2"": 0.004365098786304333, ""3"": 0.008546833239688864, ""4"": 0.03932827938373316, ""5"": 0.014349722410313648}"
primary,200,p0.10,nan,1.0,11,0.1,19.900000000000002,19.63,11,32,3926,3926,1.5425500028197363,80,0.6723275460109429,0.01344655092021886,3.133291092833909,16.981729677160203,2.111237736087154,2.7482399164185742,6,"{""0"": 0.017839372506202836, ""1"": 0.0011590842157223698, ""2"": 0.004719910968304884, ""3"": 0.009943370396433514, ""4"": 0.035004104674075415, ""5"": 0.012013462760574141}"
primary,200,p0.10,nan,1.0,11,0.1,19.900000000000002,19.63,11,32,3926,3926,1.5425500028197363,90,0.6049810375525607,0.012099620751051216,8.394043023245148,17.032470793862963,2.075050233187524,2.6448027546557067,7,"{""0"": 0.01425608189120649, ""1"": 0.002692078679815392, ""2"": 0.0031654862247055826, ""3"": 0.009595634022874739, ""4"": 0.0340579632517871, ""5"": 0.008830480435917994}"
primary,200,p0.10,nan,1.0,11,0.1,19.900000000000002,19.63,11,32,3926,3926,1.5425500028197363,100,0.5794872767193205,0.011589745534386412,0.8236391072707805,17.312150784172466,2.102089709612388,2.535058507812656,7,"{""0"": 0.010932510845946378, ""1"": 0.0035645096956701447, ""2"": 0.0027601741139168965, ""3"": 0.00840064514897544, ""4"": 0.033170558152094076, ""5"": 0.01071007524971554}"
primary,200,p0.10,nan,1.0,11,0.1,19.900000000000002,19.63,11,32,3926,3926,1.5425500028197363,110,0.6138969806087706,0.012277939612175414,14.107691335530593,17.421841030083517,2.130005927517606,2.5827305641732954,7,"{""0"": 0.0150375094732568, ""1"": 0.002168433882992056, ""2"": 0.003233151256070195, ""3"": 0.010522284849555466, ""4"": 0.03286279218643011, ""5"": 0.00984346602474785}"
primary,200,p0.10,nan,1.0,11,0.1,19.900000000000002,19.63,11,32,3926,3926,1.5425500028197363,120,0.5641316675314673,0.011282633350629347,16.4866604139173,17.441446872207283,2.0896580975158074,2.533072729791433,7,"{""0"": 0.01184078244326137, ""1"": 0.00283312037110589, ""2"": 0.002931135358757174, ""3"": 0.010300242802625148, ""4"": 0.030142924657338616, ""5"": 0.009647594470687876}"
primary,200,p0.10,nan,1.0,11,0.1,19.900000000000002,19.63,11,32,3926,3926,1.5425500028197363,130,0.5233797425719297,0.010467594851438593,9.614787817692877,17.5495805245055,2.084676234080336,2.5085497210303487,7,"{""0"": 0.00793476989744077, ""1"": 0.0046961162879878265, ""2"": 0.0023086862477739124, ""3"": 0.009658697098173564, ""4"": 0.029440020405769644, ""5"": 0.00876727917148584}"
primary,200,p0.10,nan,1.0,11,0.1,19.900000000000002,19.63,11,32,3926,3926,1.5425500028197363,140,0.5248751102087459,0.010497502204174919,4.678886570001045,17.656891491251766,2.059210217521249,2.5335560276350946,7,"{""0"": 0.008564937979108081, ""1"": 0.005629815399589449, ""2"": 0.0024913486850051164, ""3"": 0.010696475715169096, ""4"": 0.02846051660645047, ""5"": 0.007141918839727304}"
primary,200,p0.10,nan,1.0,11,0.1,19.900000000000002,19.63,11,32,3926,3926,1.5425500028197363,150,0.5406002140056956,0.010812004280113913,6.264795781722274,17.75450747241532,2.0582631684992667,2.577290382650531,7,"{""0"": 0.008061139900708194, ""1"": 0.0048679727604784, ""2"": 0.003183142196157397, ""3"": 0.00976461814191174, ""4"": 0.029727770754495963, ""5"": 0.009267381926931785}"
primary,200,p0.10,nan,1.0,11,0.1,19.900000000000002,19.63,11,32,3926,3926,1.5425500028197363,160,0.5150169370383499,0.010300338740766999,2.670326571144414,17.8779582931914,2.060384652320558,2.6843668704477475,7,"{""0"": 0.00762903292912046, ""1"": 0.004991314893581199, ""2"": 0.0034729499911183175, ""3"": 0.007377009521034554, ""4"": 0.029608388558385556, ""5"": 0.008723336551361916}"
primary,200,p0.10,nan,1.0,11,0.1,19.900000000000002,19.63,11,32,3926,3926,1.5425500028197363,170,0.501040215772443,0.01002080431544886,0.5804810420574231,17.97556487350644,2.0686822175155393,2.7298922756116886,8,"{""0"": 0.00865767748588308, ""1"": 0.0038914606199409894, ""2"": 0.003583996323114037, ""3"": 0.007689124760566333, ""4"": 0.028494598271011935, ""5"": 0.007807968432176777}"
primary,200,p0.10,nan,1.0,11,0.1,19.900000000000002,19.63,11,32,3926,3926,1.5425500028197363,180,0.49656188305876414,0.009931237661175284,4.062141494439532,18.122332865444818,2.0765006213651223,2.847680842703447,8,"{""0"": 0.009597706173247806, ""1"": 0.0036604309498706926, ""2"": 0.003780020679622491, ""3"": 0.008467856543702678, ""4"": 0.025311516038093874, ""5"": 0.008769895582514179}"
primary,200,p0.10,nan,1.0,11,0.1,19.900000000000002,19.63,11,32,3926,3926,1.5425500028197363,190,0.527377184278169,0.010547543685563383,10.202671785696106,18.156200061051432,2.0781163261855586,2.760685155723905,8,"{""0"": 0.00915895916718575, ""1"": 0.0043121369929439044, ""2"": 0.0034056452340471646, ""3"": 0.008347011717839031, ""4"": 0.027911806455125476, ""5"": 0.010149702546238978}"
primary,200,p0.10,nan,1.0,11,0.1,19.900000000000002,19.63,11,32,3926,3926,1.5425500028197363,200,0.5022824088304431,0.010045648176608862,7.011144662001193,18.243949606962865,2.0922048365527166,2.801443228447518,8,"{""0"": 0.009473908961837835, ""1"": 0.0037503558301680657, ""2"": 0.0033515273422828964, ""3"": 0.008618961605233759, ""4"": 0.024747942591833577, ""5"": 0.01033119272829704}"
primary,200,p0.20,nan,1.0,11,0.2,39.800000000000004,40.11,26,57,8022,8022,1.610197740569757,0,1.0585611817650868,0.02117122363530174,nan,0.0,1.610197740569757,6.345237324032052,13,"{""0"": 0.020805954712848764, ""1"": 0.01903232563332069, ""2"": 0.022451780961233646, ""3"": 0.0204400073966393, ""4"": 0.02258370338933694, ""5"": 0.02171356971843111}"
primary,200,p0.20,nan,1.0,11,0.2,39.800000000000004,40.11,26,57,8022,8022,1.610197740569757,10,1.3849949723523192,0.027699899447046386,0.20763253576228627,9.704559536747354,1.9214585477187884,2.352390235623105,6,"{""0"": 0.058534352075281, ""1"": 0.06281799375077105, ""2"": 0.034327310310267624, ""3"": 0.000445981274875226, ""4"": 0.00941796924222104, ""5"": 0.0006557900288624076}"
primary,200,p0.20,nan,1.0,11,0.2,39.800000000000004,40.11,26,57,8022,8022,1.610197740569757,20,0.5377468134686199,0.010754936269372397,5.324328198680806,13.830400941672432,1.9450845169113202,2.634955556867744,6,"{""0"": 0.028906109413249042, ""1"": 0.022164019548545445, ""2"": 0.003936543201374922, ""3"": 0.0005098469878253448, ""4"": 0.005977946974281132, ""5"": 0.00303515149095849}"
primary,200,p0.20,nan,1.0,11,0.2,39.800000000000004,40.11,26,57,8022,8022,1.610197740569757,30,0.35851892887498804,0.007170378577499762,23.608602739351856,15.145237550847714,1.9725622516198642,2.868146089533293,6,"{""0"": 0.010662628925269918, ""1"": 0.010770081657698192, ""2"": 0.0020270667548053993, ""3"": 0.0006300479568294283, ""4"": 0.00953454143826482, ""5"": 0.009397904732130808}"
primary,200,p0.20,nan,1.0,11,0.2,39.800000000000004,40.11,26,57,8022,8022,1.610197740569757,40,0.4758137489036952,0.009516274978073907,12.28674521425694,16.406283127293722,2.094389432056031,2.80684274828641,4,"{""0"": 0.008854230063331076, ""1"": 0.011886031589708008, ""2"": 0.013678743632844909, ""3"": 0.001419100594830374, ""4"": 0.013516571915799835, ""5"": 0.0077429720719292315}"
primary,200,p0.20,nan,1.0,11,0.2,39.800000000000004,40.11,26,57,8022,8022,1.610197740569757,50,0.4230472477885864,0.008460944955771729,0.26969445769329664,16.762843684396973,2.0484172900278153,2.8751100347194054,5,"{""0"": 0.007487233655445032, ""1"": 0.01663780494228379, ""2"": 0.011613728244461097, ""3"": 0.0017915525236407819, ""4"": 0.009538668843837268, ""5"": 0.003696681524962412}"
primary,200,p0.20,nan,1.0,11,0.2,39.800000000000004,40.11,26,57,8022,8022,1.610197740569757,60,0.3131800091305159,0.0062636001826103195,0.2544144082589859,17.196688401989753,2.1349701102499434,2.8991834589068763,5,"{""0"": 0.0073589238418524505, ""1"": 0.004025300876922228, ""2"": 0.008960965871101515, ""3"": 0.0006669086702470264, ""4"": 0.011929395302338806, ""5"": 0.0046401065331998885}"
primary,200,p0.20,nan,1.0,11,0.2,39.800000000000004,40.11,26,57,8022,8022,1.610197740569757,70,0.40090358490288414,0.008018071698057684,16.233124607087568,17.436449760568344,2.1046507927265656,2.9081964398409745,5,"{""0"": 0.008204155013537598, ""1"": 0.011720859849688969, ""2"": 0.008154308723461757, ""3"": 0.0005745405262547498, ""4"": 0.014993276329642896, ""5"": 0.00446128974576014}"
primary,200,p0.20,nan,1.0,11,0.2,39.800000000000004,40.11,26,57,8022,8022,1.610197740569757,80,0.33620254199995686,0.0067240508399991385,0.5210953636459,17.965403574317996,2.103640173470482,2.8586031087736674,5,"{""0"": 0.006398068113742804, ""1"": 0.003959217677746174, ""2"": 0.008660912829088147, ""3"": 0.002968467284797428, ""4"": 0.014804097458626852, ""5"": 0.003553541675993424}"
primary,200,p0.20,nan,1.0,11,0.2,39.800000000000004,40.11,26,57,8022,8022,1.610197740569757,90,0.3592514528566689,0.007185029057133379,0.5849725553847278,18.185984296715255,2.1235514214286275,2.8530768605098413,5,"{""0"": 0.006591036056816535, ""1"": 0.003880603587554183, ""2"": 0.00908077315955035, ""3"": 0.0034814595555037213, ""4"": 0.016189766378091, ""5"": 0.0038865356052844844}"
primary,200,p0.20,nan,1.0,11,0.2,39.800000000000004,40.11,26,57,8022,8022,1.610197740569757,100,0.2797420695801238,0.005594841391602478,0.45848555719444756,18.437158692840118,2.1188109145943765,3.0432632503588266,7,"{""0"": 0.004464014982259296, ""1"": 0.003597162742410147, ""2"": 0.009892949169176697, ""3"": 0.0033394559410245433, ""4"": 0.008136924392911275, ""5"": 0.004138541121832907}"
primary,200,p0.20,nan,1.0,11,0.2,39.800000000000004,40.11,26,57,8022,8022,1.610197740569757,110,0.34155406616943296,0.006831081323388661,1.5784285212458595,18.75501362360961,2.1214111031381258,2.983217453521849,7,"{""0"": 0.004504842367813218, ""1"": 0.003378333952255564, ""2"": 0.011312317028191975, ""3"": 0.0024475374178809287, ""4"": 0.01487519231020305, ""5"": 0.004468264863987229}"
primary,200,p0.20,nan,1.0,11,0.2,39.800000000000004,40.11,26,57,8022,8022,1.610197740569757,120,0.3508401826751392,0.007016803653502786,5.060158629407202,19.0216048378047,2.2007098435975387,3.012741404600226,7,"{""0"": 0.004830812602513673, ""1"": 0.010556151534895563, ""2"": 0.015614340590623544, ""3"": 0.0020279292067720235, ""4"": 0.0009154830664048645, ""5"": 0.008156104919807047}"
primary,200,p0.20,nan,1.0,11,0.2,39.800000000000004,40.11,26,57,8022,8022,1.610197740569757,130,0.31176499277219855,0.0062352998554439714,0.4598666086676931,19.179769054160364,2.1921060557501955,3.0965552169781727,8,"{""0"": 0.005044072613602341, ""1"": 0.008438127265200766, ""2"": 0.013984070315940043, ""3"": 0.0040451581745452585, ""4"": 0.0007417398512416885, ""5"": 0.00515863091213373}"
primary,200,p0.20,nan,1.0,11,0.2,39.800000000000004,40.11,26,57,8022,8022,1.610197740569757,140,0.35913852517337397,0.00718277050346748,5.387964345693024,19.265101900840346,2.2424143989841188,3.1502830446805583,8,"{""0"": 0.00443678321046386, ""1"": 0.008862932251008034, ""2"": 0.016132690869758624, ""3"": 0.007418823704918827, ""4"": 0.0032242644154659482, ""5"": 0.0030211285691895897}"
primary,200,p0.20,nan,1.0,11,0.2,39.800000000000004,40.11,26,57,8022,8022,1.610197740569757,150,0.3260457408566871,0.006520914817133743,33.12504495925384,19.446127159795196,2.173443390608437,3.254564354139259,9,"{""0"": 0.004120712010771877, ""1"": 0.010160756448241824, ""2"": 0.014746130083158481, ""3"": 0.0056326727192479885, ""4"": 0.001568252537307967, ""5"": 0.002896965104074317}"
primary,200,p0.20,nan,1.0,11,0.2,39.800000000000004,40.11,26,57,8022,8022,1.610197740569757,160,0.33157686741841574,0.006631537348368316,0.35632672240366325,19.515810523084856,2.169231529403749,3.345539824638031,9,"{""0"": 0.004143330547722158, ""1"": 0.011518902914064696, ""2"": 0.014586319408497177, ""3"": 0.0035695384854729966, ""4"": 0.002894414555665494, ""5"": 0.0030767181787873616}"
primary,200,p0.20,nan,1.0,11,0.2,39.800000000000004,40.11,26,57,8022,8022,1.610197740569757,170,0.30737696978348195,0.00614753939566964,1.4751146000375561,19.620520639104484,2.1755926509316064,3.284665071187007,9,"{""0"": 0.004635065243422572, ""1"": 0.00969423219124867, ""2"": 0.014342962329405629, ""3"": 0.004197598095332522, ""4"": 0.0007882942406030461, ""5"": 0.003227084274005402}"
primary,200,p0.20,nan,1.0,11,0.2,39.800000000000004,40.11,26,57,8022,8022,1.610197740569757,180,0.2838199711196805,0.005676399422393611,0.9319783115583427,19.8308428000653,2.1559979617277714,3.3152373832265294,9,"{""0"": 0.007787217289324262, ""1"": 0.008510689392270185, ""2"": 0.008349959051711812, ""3"": 0.005611793191776636, ""4"": 0.0009543131067083543, ""5"": 0.0028444245025704157}"
primary,200,p0.20,nan,1.0,11,0.2,39.800000000000004,40.11,26,57,8022,8022,1.610197740569757,190,0.30833327211084754,0.006166665442216951,16.170734209461315,19.91341885015848,2.1668302025420485,3.366992579441387,9,"{""0"": 0.007838272789187578, ""1"": 0.007438548222126419, ""2"": 0.008015118070942403, ""3"": 0.007390275954259737, ""4"": 0.0037623806230358435, ""5"": 0.002555396993749729}"
primary,200,p0.20,nan,1.0,11,0.2,39.800000000000004,40.11,26,57,8022,8022,1.610197740569757,200,0.2998852901194916,0.005997705802389832,1.592169313593002,19.997954556223256,2.1749111254186335,3.334783568435682,9,"{""0"": 0.004860343260794215, ""1"": 0.0073973092213243715, ""2"": 0.008280124105713625, ""3"": 0.007123458764199555, ""4"": 0.005240676582296556, ""5"": 0.003084322880010667}"
primary,200,p0.40,nan,1.0,11,0.4,79.60000000000001,80.145,59,100,16029,16029,1.528932141640719,0,1.000044250985644,0.020000885019712884,nan,0.0,1.528932141640719,4.6838742420616555,13,"{""0"": 0.020127517956029038, ""1"": 0.020730868762003415, ""2"": 0.02217664399901114, ""3"": 0.017727394422109046, ""4"": 0.018719715548283798, ""5"": 0.020523169430840885}"
primary,200,p0.40,nan,1.0,11,0.4,79.60000000000001,80.145,59,100,16029,16029,1.528932141640719,10,1.1036021216939835,0.022072042433879675,0.3955061211171844,8.512536595026328,1.8747773313778688,2.2173002100864725,3,"{""0"": 0.025298543898624237, ""1"": 0.05075531152497401, ""2"": 0.037936634146384096, ""3"": 0.009398074732482133, ""4"": 0.008427161582190043, ""5"": 0.0006165287186235288}"
primary,200,p0.40,nan,1.0,11,0.4,79.60000000000001,80.145,59,100,16029,16029,1.528932141640719,20,0.2416562811040598,0.004833125622081197,0.42210045131279444,11.097582031131347,1.9408485813250134,2.563952300060534,3,"{""0"": 0.013572688090546995, ""1"": 0.0008700972028067924, ""2"": 0.004495535328228658, ""3"": 0.00029203513266063216, ""4"": 0.004005177936613935, ""5"": 0.005763220041630169}"
primary,200,p0.40,nan,1.0,11,0.4,79.60000000000001,80.145,59,100,16029,16029,1.528932141640719,30,0.1937749292140209,0.0038754985842804185,0.5840082659926978,12.058473802412031,1.9782458311836355,2.560104220492812,3,"{""0"": 0.001772176949975145, ""1"": 0.0032243529565985675, ""2"": 0.003414567863796278, ""3"": 0.0004381325731492261, ""4"": 0.00401641780169414, ""5"": 0.010387343360469158}"
primary,200,p0.40,nan,1.0,11,0.4,79.60000000000001,80.145,59,100,16029,16029,1.528932141640719,40,0.22620968589875567,0.004524193717975114,0.20729608631327506,12.50794722435957,1.9919453400449423,2.5477889188423513,3,"{""0"": 0.00473790008297594, ""1"": 0.0038929716192691124, ""2"": 0.003742521651308716, ""3"": 0.0004370551312201594, ""4"": 0.004598208695903124, ""5"": 0.009736505127173637}"
primary,200,p0.40,nan,1.0,11,0.4,79.60000000000001,80.145,59,100,16029,16029,1.528932141640719,50,0.2618077539877361,0.005236155079754723,0.17884539934785637,13.197475470316647,1.9976915685001166,2.5650146150193516,3,"{""0"": 0.013442367933900728, ""1"": 0.0006947994400370362, ""2"": 0.0036943633437338495, ""3"": 0.0004541501830643329, ""4"": 0.004163934713095988, ""5"": 0.008967314864696402}"
primary,200,p0.40,nan,1.0,11,0.4,79.60000000000001,80.145,59,100,16029,16029,1.528932141640719,60,0.06990993602152268,0.0013981987204304538,0.25360603140359406,13.922704620924584,2.017267651383843,2.5644041040140984,3,"{""0"": 0.0007373359794767676, ""1"": 0.0004791083552262682, ""2"": 0.0009002586525646255, ""3"": 0.0003813086542160097, ""4"": 0.0009866178452043873, ""5"": 0.004904562835894665}"
primary,200,p0.40,nan,1.0,11,0.4,79.60000000000001,80.145,59,100,16029,16029,1.528932141640719,70,0.15188704384944918,0.003037740876988984,15.998301994730703,14.459763152236555,2.0526902388024655,2.5271301590033537,3,"{""0"": 0.0005487323448563026, ""1"": 0.002604081653277855, ""2"": 0.0005451031068824514, ""3"": 0.0002879542093190236, ""4"": 0.003742302080599944, ""5"": 0.010498271866998327}"
primary,200,p0.40,nan,1.0,11,0.4,79.60000000000001,80.145,59,100,16029,16029,1.528932141640719,80,0.10665492453815552,0.0021330984907631106,0.1449959544532834,14.779887073438601,2.085068614306896,2.5285992864294062,3,"{""0"": 0.001058091863528922, ""1"": 0.00042756502917557973, ""2"": 0.0003683616269828122, ""3"": 0.0002657276183006286, ""4"": 0.0004861779713532241, ""5"": 0.010192666835237497}"
primary,200,p0.40,nan,1.0,11,0.4,79.60000000000001,80.145,59,100,16029,16029,1.528932141640719,90,0.09636378751997147,0.0019272757503994299,0.43558331747137674,15.217635321027396,2.104105822464236,2.5214419680560685,3,"{""0"": 0.003268314267532937, ""1"": 0.0027912328007727496, ""2"": 0.0003931708517864086, ""3"": 0.00025437722728551026, ""4"": 0.00043693371461893794, ""5"": 0.004419625640400037}"
primary,200,p0.40,nan,1.0,11,0.4,79.60000000000001,80.145,59,100,16029,16029,1.528932141640719,100,0.12017338248277974,0.0024034676496555952,0.14443085170989328,15.534582501702006,2.1214596704686355,2.5299540458123495,3,"{""0"": 0.0008629818178268618, ""1"": 0.0031388214086514334, ""2"": 0.00043385459165728643, ""3"": 0.00026886685701293976, ""4"": 0.00043068680487498334, ""5"": 0.009285594417910065}"
primary,200,p0.40,nan,1.0,11,0.4,79.60000000000001,80.145,59,100,16029,16029,1.528932141640719,110,0.1627693575863971,0.003255387151727942,0.1957569081063364,16.28053618694057,2.093468630352706,2.474110562896552,3,"{""0"": 0.006879578484983817, ""1"": 0.0006010381392381067, ""2"": 0.0004478338994683171, ""3"": 0.00029315367233097284, ""4"": 0.0008052974835915706, ""5"": 0.01050542123075487}"
primary,200,p0.40,nan,1.0,11,0.4,79.60000000000001,80.145,59,100,16029,16029,1.528932141640719,120,0.1806315443953441,0.0036126308879068825,3.167208102077362,16.519853697005793,2.069247754122233,2.5184251609308297,3,"{""0"": 0.006271988655015684, ""1"": 0.0004873275532989149, ""2"": 0.0005468429909256422, ""3"": 0.00028151518847593866, ""4"": 0.0007061481074022881, ""5"": 0.013381962832322824}"
primary,200,p0.40,nan,1.0,11,0.4,79.60000000000001,80.145,59,100,16029,16029,1.528932141640719,130,0.18008211100002383,0.003601642220000477,0.25477897980689673,16.713093665087143,2.0928450808397656,2.560823148261531,3,"{""0"": 0.005886632087834642, ""1"": 0.0004445315689665701, ""2"": 0.00043875968347756083, ""3"": 0.0002028810637319631, ""4"": 0.0019449034953871653, ""5"": 0.012692145420604959}"
primary,200,p0.40,nan,1.0,11,0.4,79.60000000000001,80.145,59,100,16029,16029,1.528932141640719,140,0.16036856081488615,0.0032073712162977237,0.3672041616847315,16.989583538784593,2.1091287728218253,2.5163195638812836,3,"{""0"": 0.005880930600019739, ""1"": 0.0004421428940271357, ""2"": 0.00039792431522546814, ""3"": 0.00021999346347800034, ""4"": 0.0005748955894482853, ""5"": 0.011728340435587714}"
primary,200,p0.40,nan,1.0,11,0.4,79.60000000000001,80.145,59,100,16029,16029,1.528932141640719,150,0.17265186933529258,0.003453037386705852,0.2193183919341565,17.168827447973108,2.117275950809674,2.5352257929783923,3,"{""0"": 0.005360272468306653, ""1"": 0.00048238616343478194, ""2"": 0.0005353655291145029, ""3"": 0.00022399656918201862, ""4"": 0.0005703535656115791, ""5"": 0.013545850024585582}"
primary,200,p0.40,nan,1.0,11,0.4,79.60000000000001,80.145,59,100,16029,16029,1.528932141640719,160,0.1854565948193447,0.0037091318963868945,0.027588934635854358,17.36856186792839,2.127271298487895,2.5130399810431436,3,"{""0"": 0.006013252984065446, ""1"": 0.0003478298417936323, ""2"": 0.0018780461810082901, ""3"": 0.00024898214730960453, ""4"": 0.0005285802328811121, ""5"": 0.01323809999126328}"
primary,200,p0.40,nan,1.0,11,0.4,79.60000000000001,80.145,59,100,16029,16029,1.528932141640719,170,0.1606415159552379,0.003212830319104758,0.11425058365056168,17.56237073126647,2.1579720094724784,2.517790993148445,3,"{""0"": 0.005466315403550401, ""1"": 0.00034642198121465566, ""2"": 0.0004878253610826073, ""3"": 0.00024954182371834233, ""4"": 0.00046940380514161545, ""5"": 0.01225747353992093}"
primary,200,p0.40,nan,1.0,11,0.4,79.60000000000001,80.145,59,100,16029,16029,1.528932141640719,180,0.12314218579473594,0.002462843715894719,0.6297829444644497,17.71516717562714,2.2032112190271533,2.4790533168509477,3,"{""0"": 0.004066480336610842, ""1"": 0.0003185296062590224, ""2"": 0.00045694668406477055, ""3"": 0.0002592114124214377, ""4"": 0.000436281423785084, ""5"": 0.00923961283222716}"
primary,200,p0.40,nan,1.0,11,0.4,79.60000000000001,80.145,59,100,16029,16029,1.528932141640719,190,0.12720841741149044,0.002544168348229809,0.058895529659810514,17.784912564661056,2.2264277794422767,2.478260861314155,3,"{""0"": 0.004160189445881176, ""1"": 0.00029375541223967814, ""2"": 0.0005563197752687223, ""3"": 0.00020358124814168975, ""4"": 0.00047403729440378067, ""5"": 0.009577126913443808}"
primary,200,p0.40,nan,1.0,11,0.4,79.60000000000001,80.145,59,100,16029,16029,1.528932141640719,200,0.08060712017779895,0.001612142403555979,2.691123337216925,18.111333148302858,2.2264929598293506,2.487785961369919,3,"{""0"": 0.004399116970738301, ""1"": 0.00027676487079160634, ""2"": 0.0005894185107494469, ""3"": 0.0002219599913049485, ""4"": 0.00043595224316267487, ""5"": 0.003749641834588895}"
primary,200,p0.05,nan,1.0,12,0.05,9.950000000000001,9.795,1,19,1959,1959,1.5233865465744076,0,1.017413052042244,0.02034826104084488,nan,0.0,1.5233865465744076,4.6871526490190645,12,"{""0"": 0.02003201395491972, ""1"": 0.01967527447171764, ""2"": 0.021608234255549953, ""3"": 0.019792106391627984, ""4"": 0.020273861156889894, ""5"": 0.020708076014364085}"
primary,200,p0.05,nan,1.0,12,0.05,9.950000000000001,9.795,1,19,1959,1959,1.5233865465744076,10,0.6857960378352992,0.013715920756705986,5.930547448134627,13.44730279096949,1.928230552495471,2.950650069085585,7,"{""0"": 0.02554131483373086, ""1"": 0.0050146295142650486, ""2"": 0.004854951299166953, ""3"": 0.023722947324329013, ""4"": 0.01660342248284962, ""5"": 0.006558259085894425}"
primary,200,p0.05,nan,1.0,12,0.05,9.950000000000001,9.795,1,19,1959,1959,1.5233865465744076,20,0.6209582718811262,0.012419165437622526,3.9489140786775025,16.353516434866275,2.266910798061554,2.1200087985612788,6,"{""0"": 0.01157677886165981, ""1"": 0.0066840540947582915, ""2"": 0.019844827948947173, ""3"": 0.012794757546274446, ""4"": 0.0017561623116629174, ""5"": 0.02185841186243253}"
primary,200,p0.05,nan,1.0,12,0.05,9.950000000000001,9.795,1,19,1959,1959,1.5233865465744076,30,0.6935016629135211,0.013870033258270425,12.180438161464135,16.72589747870359,2.1566920255518576,2.5713989518198175,8,"{""0"": 0.024497388422628736, ""1"": 0.0140354505312203, ""2"": 0.009110939597978021, ""3"": 0.017465872758326208, ""4"": 0.01003244824246158, ""5"": 0.008078099997007714}"
primary,200,p0.05,nan,1.0,12,0.05,9.950000000000001,9.795,1,19,1959,1959,1.5233865465744076,40,0.6592554851185755,0.01318510970237151,26.135801490256693,16.940189692064667,2.141399171701565,2.879956349163912,8,"{""0"": 0.02582872867344263, ""1"": 0.011719327237939194, ""2"": 0.008471295923141007, ""3"": 0.01832589238310474, ""4"": 0.007025924528357002, ""5"": 0.007739489468244487}"
primary,200,p0.05,nan,1.0,12,0.05,9.950000000000001,9.795,1,19,1959,1959,1.5233865465744076,50,0.5354096880415327,0.010708193760830655,6.73688933514029,16.972893906943224,2.0461663479291827,2.9755738373425387,8,"{""0"": 0.01660699914033874, ""1"": 0.010877580747161948, ""2"": 0.008899204893317244, ""3"": 0.015435401614661007, ""4"": 0.0054755935525664726, ""5"": 0.006954382616938511}"
primary,200,p0.05,nan,1.0,12,0.05,9.950000000000001,9.795,1,19,1959,1959,1.5233865465744076,60,0.5234871061449643,0.010469742122899287,1.3000219980623895,17.16369456264237,1.9754166935222053,3.429305855840179,8,"{""0"": 0.01862193382826703, ""1"": 0.00829983816205137, ""2"": 0.008488954810034813, ""3"": 0.01893715287524188, ""4"": 0.0023859354844265714, ""5"": 0.006084637577374057}"
primary,200,p0.05,nan,1.0,12,0.05,9.950000000000001,9.795,1,19,1959,1959,1.5233865465744076,70,0.48361466755113747,0.009672293351022751,49.59433595212228,17.249027437788243,1.9568733787160983,3.3984327608103757,8,"{""0"": 0.01312869785574978, ""1"": 0.00954668820582718, ""2"": 0.006211948770697875, ""3"": 0.020562817017183998, ""4"": 0.004141394020940456, ""5"": 0.00444221423573722}"
primary,200,p0.05,nan,1.0,12,0.05,9.950000000000001,9.795,1,19,1959,1959,1.5233865465744076,80,0.431813031993122,0.00863626063986244,1.1619462025727396,17.405343208328603,1.9664175384839258,3.5643740375985833,9,"{""0"": 0.011404803158328274, ""1"": 0.00781245598758223, ""2"": 0.005139601840421626, ""3"": 0.02138710952632647, ""4"": 0.0027273460429311546, ""5"": 0.003346247283584898}"
primary,200,p0.05,nan,1.0,12,0.05,9.950000000000001,9.795,1,19,1959,1959,1.5233865465744076,90,0.3923712555515208,0.007847425111030417,19.27661868135969,17.544575735421684,1.9778008988210036,3.54102600507635,8,"{""0"": 0.011199140084880968, ""1"": 0.0053640475048204635, ""2"": 0.004312611138090596, ""3"": 0.02006092151643108, ""4"": 0.0033835744185352784, ""5"": 0.002764256003424114}"
primary,200,p0.05,nan,1.0,12,0.05,9.950000000000001,9.795,1,19,1959,1959,1.5233865465744076,100,0.3665479259266576,0.007330958518533153,46.87341095689824,17.589237057652728,1.9788823406682645,3.6701640003568405,9,"{""0"": 0.012381507215359262, ""1"": 0.005088109635040965, ""2"": 0.0034844678425371436, ""3"": 0.017562512873457302, ""4"": 0.00260124876460438, ""5"": 0.00286790478019986}"
primary,200,p0.05,nan,1.0,12,0.05,9.950000000000001,9.795,1,19,1959,1959,1.5233865465744076,110,0.3383915298561985,0.006767830597123971,12.012143271199303,17.688390884114103,1.9814567517107424,3.4484327301342743,8,"{""0"": 0.008887914005882498, ""1"": 0.007129585580328837, ""2"": 0.00460942866856209, ""3"": 0.014571634509527595, ""4"": 0.001847386403919246, ""5"": 0.0035610344145235603}"
primary,200,p0.05,nan,1.0,12,0.05,9.950000000000001,9.795,1,19,1959,1959,1.5233865465744076,120,0.32782236004614385,0.006556447200922877,4.676422727550436,17.779371627831303,1.9883157616415863,3.634728086727981,9,"{""0"": 0.010013309179820126, ""1"": 0.00545785431495326, ""2"": 0.0034349018977407877, ""3"": 0.01612766996351251, ""4"": 0.001581549358662564, ""5"": 0.0027233984908480125}"
primary,200,p0.05,nan,1.0,12,0.05,9.950000000000001,9.795,1,19,1959,1959,1.5233865465744076,130,0.28032711367713914,0.005606542273542784,5.8024775917438145,17.888331537485218,1.9977083504317166,3.406759843369689,8,"{""0"": 0.0079120338610703, ""1"": 0.002495032082113707, ""2"": 0.004131230050574026, ""3"": 0.01447393521390967, ""4"": 0.0013757031475794155, ""5"": 0.003251319286009577}"
primary,200,p0.05,nan,1.0,12,0.05,9.950000000000001,9.795,1,19,1959,1959,1.5233865465744076,140,0.27225126115522197,0.0054450252231044395,0.8820770234124066,17.988255189197364,2.013010721292778,3.325920193792825,7,"{""0"": 0.007336762628823543, ""1"": 0.0018391937677702402, ""2"": 0.004817024909949455, ""3"": 0.013079279441028194, ""4"": 0.001178077398674832, ""5"": 0.004419813192380379}"
primary,200,p0.05,nan,1.0,12,0.05,9.950000000000001,9.795,1,19,1959,1959,1.5233865465744076,150,0.2382611279171906,0.0047652225583438125,7.017884043883051,18.007702337277852,2.0104356895386255,3.390731830571077,8,"{""0"": 0.0076496397238641906, ""1"": 0.0020925320307942446, ""2"": 0.004707615782137708, ""3"": 0.008391378739289185, ""4"": 0.0011835675072711855, ""5"": 0.004566601566706364}"
primary,200,p0.05,nan,1.0,12,0.05,9.950000000000001,9.795,1,19,1959,1959,1.5233865465744076,160,0.2578569758001369,0.005157139516002738,52.225183023155324,18.01762916900033,2.026783272054133,3.412403320533042,8,"{""0"": 0.0108895394419977, ""1"": 0.0016610587940442429, ""2"": 0.004920800640327948, ""3"": 0.007640751600426973, ""4"": 0.0010389713006233275, ""5"": 0.0047917153185962355}"
primary,200,p0.05,nan,1.0,12,0.05,9.950000000000001,9.795,1,19,1959,1959,1.5233865465744076,170,0.251317957226225,0.005026359144524501,0.8311682664342701,18.10483706790972,2.0293153475012997,3.483457224651597,8,"{""0"": 0.011964678530811401, ""1"": 0.0016440496010476165, ""2"": 0.003886140596660738, ""3"": 0.007924234869643911, ""4"": 0.0010572107922332298, ""5"": 0.003681840476750109}"
primary,200,p0.05,nan,1.0,12,0.05,9.950000000000001,9.795,1,19,1959,1959,1.5233865465744076,180,0.24842936703568075,0.004968587340713615,4.997871689350214,18.198658834134342,2.045185229017738,3.3867936362030493,8,"{""0"": 0.01166126945426, ""1"": 0.0017033798853044388, ""2"": 0.0035680412748066563, ""3"": 0.008062015489145176, ""4"": 0.0010429653082935642, ""5"": 0.003773852632471862}"
primary,200,p0.05,nan,1.0,12,0.05,9.950000000000001,9.795,1,19,1959,1959,1.5233865465744076,190,0.24536115885636786,0.004907223177127358,5.149589276117903,18.326551133031984,2.0473649691997786,3.3585407833093175,8,"{""0"": 0.011685157074958147, ""1"": 0.0016793693380746672, ""2"": 0.003427323359161391, ""3"": 0.007805783446296852, ""4"": 0.0009774485396056723, ""5"": 0.0038682573046674206}"
primary,200,p0.05,nan,1.0,12,0.05,9.950000000000001,9.795,1,19,1959,1959,1.5233865465744076,200,0.2474191644111933,0.004948383288223866,1.0070345916771148,18.406103886916448,2.060125999752363,3.3514957993394363,8,"{""0"": 0.011367046970556976, ""1"": 0.0018074268325917325, ""2"": 0.003815499564990915, ""3"": 0.00754749106139016, ""4"": 0.0009960712208095328, ""5"": 0.004156764079003881}"
primary,200,p0.10,nan,1.0,12,0.1,19.900000000000002,19.58,9,31,3916,3916,1.5144697430301919,0,0.9594710710322025,0.019189421420644052,nan,0.0,1.5144697430301919,6.022403348827291,13,"{""0"": 0.017860010810778947, ""1"": 0.019679776603931165, ""2"": 0.019992700103969283, ""3"": 0.020933466234926024, ""4"": 0.018187400149878345, ""5"": 0.018483174620380564}"
primary,200,p0.10,nan,1.0,12,0.1,19.900000000000002,19.58,9,31,3916,3916,1.5144697430301919,10,0.7331251984770919,0.01466250396954184,2.4430115178958647,13.390679432737242,2.0762205419826945,2.6673977068506023,7,"{""0"": 0.012269403671284738, ""1"": 0.0021082524161086585, ""2"": 0.011160539338282335, ""3"": 0.02162903090089225, ""4"": 0.012980892433493573, ""5"": 0.027826905057189467}"
primary,200,p0.10,nan,1.0,12,0.1,19.900000000000002,19.58,9,31,3916,3916,1.5144697430301919,20,0.6705720059003772,0.013411440118007547,3.2190180707073353,15.160486554011104,2.0398687045109125,2.8052617458136506,8,"{""0"": 0.018989027363005544, ""1"": 0.001923917232587661, ""2"": 0.01857665487354472, ""3"": 0.007997204898829675, ""4"": 0.008683189773621326, ""5"": 0.024298646566456365}"
primary,200,p0.10,nan,1.0,12,0.1,19.900000000000002,19.58,9,31,3916,3916,1.5144697430301919,30,0.5730292287674794,0.011460584575349589,5.935775451390771,16.042790400068807,1.921370212932439,3.4717839268179764,9,"{""0"": 0.010005039055912152, ""1"": 0.004655166093953843, ""2"": 0.020601494512116313, ""3"": 0.002426626866776851, ""4"": 0.015953094878303507, ""5"": 0.015122086045034849}"
primary,200,p0.10,nan,1.0,12,0.1,19.900000000000002,19.58,9,31,3916,3916,1.5144697430301919,40,0.4511664092624751,0.009023328185249502,2.390567531644874,16.517993708451062,1.9540957788829594,2.9568733442199426,6,"{""0"": 0.01117291177528021, ""1"": 0.0019049735497098635, ""2"": 0.018709443106931362, ""3"": 0.006762740004182212, ""4"": 0.007888968170064636, ""5"": 0.0077009325053287395}"
primary,200,p0.10,nan,1.0,12,0.1,19.900000000000002,19.58,9,31,3916,3916,1.5144697430301919,50,0.4128720616163917,0.008257441232327835,3.758378804238642,16.794892418414708,1.9319968178587699,3.0708831477933294,6,"{""0"": 0.00818624803204641, ""1"": 0.002419496291839434, ""2"": 0.017987412611634362, ""3"": 0.002594801750163668, ""4"": 0.008907767801357607, ""5"": 0.009448920906925526}"
primary,200,p0.10,nan,1.0,12,0.1,19.900000000000002,19.58,9,31,3916,3916,1.5144697430301919,60,0.47619458582946206,0.009523891716589242,1.8200775835128793,17.363589382328865,2.018012087463532,2.822199995498299,6,"{""0"": 0.01257690627302098, ""1"": 0.0016602560781706743, ""2"": 0.016692022849111348, ""3"": 0.006769467827406418, ""4"": 0.005754832267376094, ""5"": 0.01368986500444994}"
primary,200,p0.10,nan,1.0,12,0.1,19.900000000000002,19.58,9,31,3916,3916,1.5144697430301919,70,0.46870548440810905,0.009374109688162182,1.2699875224726196,17.565773204403516,2.0381973541267264,2.7135794947712233,6,"{""0"": 0.011763882904499891, ""1"": 0.002223806710109363, ""2"": 0.01663508325871454, ""3"": 0.01066003698649812, ""4"": 0.005771465929383759, ""5"": 0.009190382339767426}"
primary,200,p0.10,nan,1.0,12,0.1,19.900000000000002,19.58,9,31,3916,3916,1.5144697430301919,80,0.43918296011528196,0.00878365920230564,1.600425978021804,17.64787603512625,2.0460624833386625,2.7019782381727313,6,"{""0"": 0.011350830015237462, ""1"": 0.001629650958376271, ""2"": 0.015491808086686782, ""3"": 0.01078944738504293, ""4"": 0.004901030313127534, ""5"": 0.008539188455362862}"
primary,200,p0.10,nan,1.0,12,0.1,19.900000000000002,19.58,9,31,3916,3916,1.5144697430301919,90,0.4208884500318031,0.008417769000636063,2.000656528169841,17.723606068394893,2.0331166917887344,2.6333150502923584,6,"{""0"": 0.009919804813424252, ""1"": 0.0023245177510500445, ""2"": 0.015038457542107548, ""3"": 0.011779323727224613, ""4"": 0.005517701050759246, ""5"": 0.005926809119250678}"
primary,200,p0.10,nan,1.0,12,0.1,19.900000000000002,19.58,9,31,3916,3916,1.5144697430301919,100,0.4026070123646799,0.008052140247293598,29.523719647814254,17.779245922775047,2.0224495398610975,2.6824992684714495,6,"{""0"": 0.011104599514557476, ""1"": 0.0014352327073738121, ""2"": 0.01576224736381478, ""3"": 0.009208284230405447, ""4"": 0.004319966257147969, ""5"": 0.006482511410462103}"
primary,200,p0.10,nan,1.0,12,0.1,19.900000000000002,19.58,9,31,3916,3916,1.5144697430301919,110,0.3960729763944825,0.007921459527889651,0.6196314952517589,17.858424697044462,2.037726735688969,2.7432044088011227,6,"{""0"": 0.010941974521748794, ""1"": 0.0013074986119588233, ""2"": 0.015943190111351913, ""3"": 0.008975109521079942, ""4"": 0.0042459064674729855, ""5"": 0.006115077933725449}"
primary,200,p0.10,nan,1.0,12,0.1,19.900000000000002,19.58,9,31,3916,3916,1.5144697430301919,120,0.3962257364538799,0.007924514729077597,5.011534372782971,17.881730176902156,2.0527484617042706,2.6543109196016115,6,"{""0"": 0.010303894442384118, ""1"": 0.0013861570719775008, ""2"": 0.0152898178062701, ""3"": 0.010213871043356373, ""4"": 0.003938828106630892, ""5"": 0.006414519903846609}"
primary,200,p0.10,nan,1.0,12,0.1,19.900000000000002,19.58,9,31,3916,3916,1.5144697430301919,130,0.38183689130959736,0.007636737826191948,0.4504979752329363,17.92087613595891,2.0488645736119895,2.7116835515278814,6,"{""0"": 0.00975737688330426, ""1"": 0.0012773316157824166, ""2"": 0.014727916273521786, ""3"": 0.0097037877067146, ""4"": 0.003943678052674695, ""5"": 0.0064103364251539355}"
primary,200,p0.10,nan,1.0,12,0.1,19.900000000000002,19.58,9,31,3916,3916,1.5144697430301919,140,0.3577152844933998,0.007154305689867997,1.7683927147515608,18.008634520977278,2.0268761017438113,2.7961786383751996,6,"{""0"": 0.007827755090671235, ""1"": 0.0010776292996047144, ""2"": 0.014642671048105339, ""3"": 0.008999632736394458, ""4"": 0.003925947612054769, ""5"": 0.006452198352377464}"
primary,200,p0.10,nan,1.0,12,0.1,19.900000000000002,19.58,9,31,3916,3916,1.5144697430301919,150,0.3430567749786696,0.006861135499573393,0.6070353900584209,18.173714346152323,2.0034028173626965,2.844540877510851,6,"{""0"": 0.007085613128317636, ""1"": 0.0010574864945977836, ""2"": 0.01474965270656443, ""3"": 0.008357591596675509, ""4"": 0.0040750280956508775, ""5"": 0.005841440975634124}"
primary,200,p0.10,nan,1.0,12,0.1,19.900000000000002,19.58,9,31,3916,3916,1.5144697430301919,160,0.32515959274121586,0.006503191854824317,23.86119595867978,18.250258797626916,1.9925153202735402,2.838097513182206,7,"{""0"": 0.007504180609378737, ""1"": 0.0008936778450889676, ""2"": 0.01307708813993724, ""3"": 0.00810138225059472, ""4"": 0.0038274288650672625, ""5"": 0.005615393418878978}"
primary,200,p0.10,nan,1.0,12,0.1,19.900000000000002,19.58,9,31,3916,3916,1.5144697430301919,170,0.32283579586596145,0.00645671591731923,1.5451068459037103,18.333446411031424,1.967234408929251,2.8328102585346646,7,"{""0"": 0.007127033920748971, ""1"": 0.0009992085887527986, ""2"": 0.012799001891995593, ""3"": 0.008751284562804603, ""4"": 0.004293955076315134, ""5"": 0.004769811463298277}"
primary,200,p0.10,nan,1.0,12,0.1,19.900000000000002,19.58,9,31,3916,3916,1.5144697430301919,180,0.3178540610424606,0.006357081220849213,1.021030538291808,18.48299524674082,1.9305461128297596,2.8960663600126133,7,"{""0"": 0.0067691748387360305, ""1"": 0.0009859802163776272, ""2"": 0.012110436264484227, ""3"": 0.007793973557953837, ""4"": 0.005534538589833658, ""5"": 0.004948383857709894}"
primary,200,p0.10,nan,1.0,12,0.1,19.900000000000002,19.58,9,31,3916,3916,1.5144697430301919,190,0.30247188196577235,0.006049437639315448,16.72420327728431,18.603761185822247,1.9344994208190618,2.976036069385525,7,"{""0"": 0.006641942013381916, ""1"": 0.0008847552046404394, ""2"": 0.012961950158817325, ""3"": 0.006075932024493922, ""4"": 0.0046395252311941595, ""5"": 0.0050925212033649265}"
primary,200,p0.10,nan,1.0,12,0.1,19.900000000000002,19.58,9,31,3916,3916,1.5144697430301919,200,0.28900695668447207,0.0057801391336894424,1.3855832644786903,18.7048347041845,1.9284360086261034,2.9615111277058106,7,"{""0"": 0.006911946652165292, ""1"": 0.0008730846535028897, ""2"": 0.011559636388401521, ""3"": 0.006112373334686153, ""4"": 0.0046220343568395255, ""5"": 0.004601759416541275}"
primary,200,p0.20,nan,1.0,12,0.2,39.800000000000004,39.38,25,54,7876,7876,1.5292825657472828,0,1.0054595225191891,0.020109190450383785,nan,0.0,1.5292825657472828,5.369412378824965,12,"{""0"": 0.02057973162614573, ""1"": 0.01696182020211196, ""2"": 0.020051669976372068, ""3"": 0.018594212882705397, ""4"": 0.020912448161032045, ""5"": 0.023555259853935515}"
primary,200,p0.20,nan,1.0,12,0.2,39.800000000000004,39.38,25,54,7876,7876,1.5292825657472828,10,0.5630509457119849,0.0112610189142397,0.25749617523904983,10.912177261345168,1.9729274223727242,2.6291284548124954,5,"{""0"": 0.0012650685601739214, ""1"": 0.0037637809545012454, ""2"": 0.014085042540276992, ""3"": 0.022339826432872533, ""4"": 0.014132251092428747, ""5"": 0.011980143905184763}"
primary,200,p0.20,nan,1.0,12,0.2,39.800000000000004,39.38,25,54,7876,7876,1.5292825657472828,20,0.37423012983109977,0.0074846025966219965,0.2830741790736733,13.693100551352693,2.1264857668375763,2.3395903955698483,4,"{""0"": 0.0008876530054527027, ""1"": 0.008143279781175542, ""2"": 0.012199166722398937, ""3"": 0.0011259197424076084, ""4"": 0.0013982424985990428, ""5"": 0.02115335382969815}"
primary,200,p0.20,nan,1.0,12,0.2,39.800000000000004,39.38,25,54,7876,7876,1.5292825657472828,30,0.5791028234604357,0.011582056469208717,10.184865451420611,15.714219723065986,1.971740323050242,2.861082425898023,5,"{""0"": 0.0005705339812250382, ""1"": 0.012051869744577715, ""2"": 0.006946834553519807, ""3"": 0.016239037428889026, ""4"": 0.004463520588986489, ""5"": 0.029220542518054227}"
primary,200,p0.20,nan,1.0,12,0.2,39.800000000000004,39.38,25,54,7876,7876,1.5292825657472828,40,0.46361812492384474,0.009272362498476896,1.205346413461528,16.501188487821874,1.9548909491508117,2.9067747038781966,6,"{""0"": 0.011413703644924996, ""1"": 0.007683296817156698, ""2"": 0.005786257668762725, ""3"": 0.002315131562014786, ""4"": 0.008389434726257925, ""5"": 0.02004635057174425}"
primary,200,p0.20,nan,1.0,12,0.2,39.800000000000004,39.38,25,54,7876,7876,1.5292825657472828,50,0.39030644855460855,0.007806128971092173,1.4127949878066848,17.078263411087516,2.0403430663154927,2.9397837103401745,6,"{""0"": 0.0022620354981117115, ""1"": 0.017099070537688728, ""2"": 0.001795247372405309, ""3"": 0.001675912484904624, ""4"": 0.011114160213995443, ""5"": 0.012890347719447226}"
primary,200,p0.20,nan,1.0,12,0.2,39.800000000000004,39.38,25,54,7876,7876,1.5292825657472828,60,0.2742174096241596,0.005484348192483193,0.40900422442606,17.25366186688814,2.0840852322278005,2.915975162904824,6,"{""0"": 0.002338615844297473, ""1"": 0.009686095593969818, ""2"": 0.004354342061658171, ""3"": 0.0014348169876931254, ""4"": 0.005284158256117494, ""5"": 0.00980806041116308}"
primary,200,p0.20,nan,1.0,12,0.2,39.800000000000004,39.38,25,54,7876,7876,1.5292825657472828,70,0.24322506209850533,0.004864501241970107,4.164141786429574,17.846747585898253,2.0659288567253755,2.9265336939318436,6,"{""0"": 0.0025964903636831868, ""1"": 0.009097888635949774, ""2"": 0.0014094457312940445, ""3"": 0.001476809428500497, ""4"": 0.009502112447990867, ""5"": 0.005104260844402272}"
primary,200,p0.20,nan,1.0,12,0.2,39.800000000000004,39.38,25,54,7876,7876,1.5292825657472828,80,0.16830472424584672,0.0033660944849169348,4.260479035636042,18.1210306386115,2.112505518393246,2.9570439096452623,6,"{""0"": 0.0006867084170689687, ""1"": 0.004283901823196246, ""2"": 0.0029258556010063807, ""3"": 0.001559828415049117, ""4"": 0.004345278501847174, ""5"": 0.006394994151333726}"
primary,200,p0.20,nan,1.0,12,0.2,39.800000000000004,39.38,25,54,7876,7876,1.5292825657472828,90,0.14809270673325672,0.002961854134665135,0.37135961845031074,18.5981450943968,2.1258371836004177,2.9083872892906832,5,"{""0"": 0.0005540482653401065, ""1"": 0.0015918192925691954, ""2"": 0.0024386647134154622, ""3"": 0.0011575739895409352, ""4"": 0.009169040749635912, ""5"": 0.0028599777974891954}"
primary,200,p0.20,nan,1.0,12,0.2,39.800000000000004,39.38,25,54,7876,7876,1.5292825657472828,100,0.13558800774369228,0.0027117601548738456,1.7508277225089581,18.97864557641062,2.1310956153379763,2.8531234113373807,5,"{""0"": 0.004159961186015514, ""1"": 0.0023775547526279114, ""2"": 0.0036090296481237688, ""3"": 0.0008702306372120973, ""4"": 0.0028792080557324706, ""5"": 0.0023745766495313144}"
primary,200,p0.20,nan,1.0,12,0.2,39.800000000000004,39.38,25,54,7876,7876,1.5292825657472828,110,0.11580828612834086,0.002316165722566818,1.60452577499666,19.11716669297013,2.1273916329989513,2.8021201256539756,5,"{""0"": 0.004159413469353364, ""1"": 0.002393077788999011, ""2"": 0.003793509597797816, ""3"": 0.0006310468632723324, ""4"": 0.0013654648507259771, ""5"": 0.0015544817652524048}"
primary,200,p0.20,nan,1.0,12,0.2,39.800000000000004,39.38,25,54,7876,7876,1.5292825657472828,120,0.10517240824856178,0.002103448164971236,0.3540057771765402,19.224476901200177,2.1267529555724516,2.7709828710519187,4,"{""0"": 0.004044796133418309, ""1"": 0.0009110032741815408, ""2"": 0.0037282321313101196, ""3"": 0.0008525610745300788, ""4"": 0.0016749059851155431, ""5"": 0.0014091903912718203}"
primary,200,p0.20,nan,1.0,12,0.2,39.800000000000004,39.38,25,54,7876,7876,1.5292825657472828,130,0.11357752663952202,0.0022715505327904405,0.43545955841456085,19.37612627703463,2.128247370388023,2.789758064715932,4,"{""0"": 0.0036625048432846253, ""1"": 0.0007512091681558063, ""2"": 0.003581774499663578, ""3"": 0.000881283078776989, ""4"": 0.001472198470869496, ""5"": 0.0032803331359921493}"
primary,200,p0.20,nan,1.0,12,0.2,39.800000000000004,39.38,25,54,7876,7876,1.5292825657472828,140,0.10204147338258669,0.002040829467651734,15.954906849034435,19.48118430902908,2.1373642972860316,2.7559681190080543,4,"{""0"": 0.0036952603342717805, ""1"": 0.0005491481218963919, ""2"": 0.0038259224701594277, ""3"": 0.0007071529694100272, ""4"": 0.0012368170044584049, ""5"": 0.0022306759057143704}"
primary,200,p0.20,nan,1.0,12,0.2,39.800000000000004,39.38,25,54,7876,7876,1.5292825657472828,150,0.10423590193186978,0.002084718038637396,0.19831355042308538,19.61481848614939,2.1436047974776336,2.7523558963984196,4,"{""0"": 0.0036178904702305107, ""1"": 0.0005540842856214458, ""2"": 0.003785821496167975, ""3"": 0.0005273744116801529, ""4"": 0.002418880371411841, ""5"": 0.0016042571967124501}"
primary,200,p0.20,nan,1.0,12,0.2,39.800000000000004,39.38,25,54,7876,7876,1.5292825657472828,160,0.09638664944754322,0.0019277329889508645,0.4506785387908732,19.732034406269037,2.138143485832719,2.7199794881961097,4,"{""0"": 0.0035008377602325446, ""1"": 0.0005162058112260319, ""2"": 0.00399946416306888, ""3"": 0.000536524062008249, ""4"": 0.0015779645011833872, ""5"": 0.0014354016359860973}"
primary,200,p0.20,nan,1.0,12,0.2,39.800000000000004,39.38,25,54,7876,7876,1.5292825657472828,170,0.10263275399527418,0.0020526550799054837,0.10655170520517261,19.807900368824193,2.1293393324540095,2.7343421843173696,4,"{""0"": 0.0033739342366136266, ""1"": 0.0004979496636779132, ""2"": 0.0037140334426836235, ""3"": 0.0005409322501301087, ""4"": 0.002628393331475624, ""5"": 0.001560687554852005}"
primary,200,p0.20,nan,1.0,12,0.2,39.800000000000004,39.38,25,54,7876,7876,1.5292825657472828,180,0.09961258925241138,0.001992251785048228,0.1157865200544101,19.90074129568778,2.12690147931613,2.7325164591424564,4,"{""0"": 0.003337390325354083, ""1"": 0.00048577329187658713, ""2"": 0.003643259580940931, ""3"": 0.0004629291181821759, ""4"": 0.002453831246805064, ""5"": 0.0015703271471305263}"
primary,200,p0.20,nan,1.0,12,0.2,39.800000000000004,39.38,25,54,7876,7876,1.5292825657472828,190,0.08984199254042738,0.001796839850808548,0.20288400377392812,19.987830430052757,2.1205612988424716,2.7339200950958946,4,"{""0"": 0.0022937836652934477, ""1"": 0.0005249108985173235, ""2"": 0.0035594745951127577, ""3"": 0.00045335063411600557, ""4"": 0.0026188707674139064, ""5"": 0.001330648544397848}"
primary,200,p0.20,nan,1.0,12,0.2,39.800000000000004,39.38,25,54,7876,7876,1.5292825657472828,200,0.08442401467691552,0.0016884802935383106,1.0066933116691419,20.124630960867844,2.130787461278825,2.721188755479998,4,"{""0"": 0.001996479460759982, ""1"": 0.0006023271818785119, ""2"": 0.0034633733806727885, ""3"": 0.00039241474865107435, ""4"": 0.0025535820696771074, ""5"": 0.0011227049195903995}"
primary,200,p0.40,nan,1.0,12,0.4,79.60000000000001,79.25,58,99,15850,15850,1.6319930765496493,0,0.9826988338008663,0.01965397667601733,nan,0.0,1.6319930765496493,10.706670792952728,16,"{""0"": 0.020152222102350674, ""1"": 0.02102493026727047, ""2"": 0.018786029758192803, ""3"": 0.018895778316262136, ""4"": 0.019070186033463624, ""5"": 0.019994713578564284}"
primary,200,p0.40,nan,1.0,12,0.4,79.60000000000001,79.25,58,99,15850,15850,1.6319930765496493,10,0.34885294126728494,0.0069770588253457,6.080083618517347,10.542628970114562,1.7932179378303579,2.1917458073980325,3,"{""0"": 0.005289526433769962, ""1"": 0.006462467848620544, ""2"": 0.014656948823796642, ""3"": 0.0041491882671211506, ""4"": 0.0008677598071173333, ""5"": 0.010436461771648564}"
primary,200,p0.40,nan,1.0,12,0.4,79.60000000000001,79.25,58,99,15850,15850,1.6319930765496493,20,0.5144284844299909,0.01028856968859982,2.201641668241994,12.027930170902591,1.9349542321818278,2.086839721874761,3,"{""0"": 0.00038084404452050276, ""1"": 0.011630701327709077, ""2"": 0.03568562650434426, ""3"": 0.0008973249036885705, ""4"": 0.0024410941383324275, ""5"": 0.010695827213004088}"
primary,200,p0.40,nan,1.0,12,0.4,79.60000000000001,79.25,58,99,15850,15850,1.6319930765496493,30,0.2640843206395455,0.0052816864127909115,0.8132063295479632,13.15225659050308,1.9544297858113453,2.3759300271432244,3,"{""0"": 0.0035104147840459474, ""1"": 0.008045640587812737, ""2"": 0.015678407598995255, ""3"": 0.00027433963649208963, ""4"": 0.0006280939149504252, ""5"": 0.003553221954449022}"
primary,200,p0.40,nan,1.0,12,0.4,79.60000000000001,79.25,58,99,15850,15850,1.6319930765496493,40,0.24108514604447104,0.004821702920889421,0.26508245015319093,14.072668374691387,2.028246483896995,2.4356666141972774,3,"{""0"": 0.003188008080143752, ""1"": 0.008313245579757208, ""2"": 0.012875802991081788, ""3"": 0.0003967639066631416, ""4"": 0.00042249410412113325, ""5"": 0.0037339028635695027}"
primary,200,p0.40,nan,1.0,12,0.4,79.60000000000001,79.25,58,99,15850,15850,1.6319930765496493,50,0.21679176573689224,0.004335835314737845,0.08227979251675355,14.679826365974419,2.020492261485621,2.5150265370207943,3,"{""0"": 0.004361715064445437, ""1"": 0.008645461162269275, ""2"": 0.003591132046845847, ""3"": 0.00033528298151998075, ""4"": 0.0020968850319703133, ""5"": 0.006984535601376215}"
primary,200,p0.40,nan,1.0,12,0.4,79.60000000000001,79.25,58,99,15850,15850,1.6319930765496493,60,0.18974358143087813,0.003794871628617563,0.6199056498738684,15.617032762706403,2.074368147703226,2.4772957400606495,3,"{""0"": 0.010706284868633056, ""1"": 0.0036350966282496233, ""2"": 0.0035896581479965247, ""3"": 0.00026132687915069304, ""4"": 0.0005172937703341962, ""5"": 0.004059569477341279}"
primary,200,p0.40,nan,1.0,12,0.4,79.60000000000001,79.25,58,99,15850,15850,1.6319930765496493,70,0.1026924574313293,0.0020538491486265863,10.977274495145627,15.850086915999348,2.167281920889226,2.517618207770111,3,"{""0"": 0.00429231921261714, ""1"": 0.00434713947197857, ""2"": 0.0018628859810996493, ""3"": 0.000170899558232599, ""4"": 0.0004983022061141585, ""5"": 0.0011515484617174018}"
primary,200,p0.40,nan,1.0,12,0.4,79.60000000000001,79.25,58,99,15850,15850,1.6319930765496493,80,0.09777425796500638,0.001955485159300128,0.3057459371304096,16.421429610685287,2.166166122127203,2.4768697348087545,3,"{""0"": 0.0011735286432567069, ""1"": 0.0019872510064059164, ""2"": 0.004807206869135669, ""3"": 0.00017146519959897066, ""4"": 0.00022291054104437357, ""5"": 0.0033705486963591285}"
primary,200,p0.40,nan,1.0,12,0.4,79.60000000000001,79.25,58,99,15850,15850,1.6319930765496493,90,0.11638903188811159,0.002327780637762232,0.27444128840351006,17.005858127976204,2.2445549526906947,2.574588887569621,3,"{""0"": 0.00273558168163323, ""1"": 0.004094043360954961, ""2"": 0.0025679511075271852, ""3"": 0.00047934434078693284, ""4"": 0.0017611410974374346, ""5"": 0.0023286222382336496}"
primary,200,p0.40,nan,1.0,12,0.4,79.60000000000001,79.25,58,99,15850,15850,1.6319930765496493,100,0.08495833285071162,0.0016991666570142327,0.24527892686095043,17.2143178710187,2.2490153628006446,2.532409454716379,3,"{""0"": 0.0016944811718886967, ""1"": 0.0036493024418504444, ""2"": 0.0014012421342987143, ""3"": 0.00020397546514622664, ""4"": 0.0004179891263409202, ""5"": 0.002828009602560393}"
primary,200,p0.40,nan,1.0,12,0.4,79.60000000000001,79.25,58,99,15850,15850,1.6319930765496493,110,0.08826654919236038,0.0017653309838472078,0.4521421417010306,17.425624636742747,2.258727696456036,2.509091696405091,3,"{""0"": 0.0010266228084949579, ""1"": 0.003089625839303704, ""2"": 0.0029516380151915003, ""3"": 0.000189613705468854, ""4"": 0.000289291245723115, ""5"": 0.0030451942889011155}"
primary,200,p0.40,nan,1.0,12,0.4,79.60000000000001,79.25,58,99,15850,15850,1.6319930765496493,120,0.0719391308455293,0.0014387826169105864,0.18003148994029294,17.77524095593051,2.2764597882129887,2.5156618352649245,3,"{""0"": 0.0008823742406047746, ""1"": 0.0031059417505653985, ""2"": 0.001966894539361152, ""3"": 0.00021361420283528033, ""4"": 0.00027833002154402863, ""5"": 0.0021855409465528835}"
primary,200,p0.40,nan,1.0,12,0.4,79.60000000000001,79.25,58,99,15850,15850,1.6319930765496493,130,0.06764854883266504,0.001352970976653301,0.0831418929793411,18.023666535075474,2.3385320400959375,2.4980646527070736,3,"{""0"": 0.0005809261704784761, ""1"": 0.0026339691466333425, ""2"": 0.002617156399483616, ""3"": 0.00017664073595991865, ""4"": 0.0002653134044937718, ""5"": 0.0018438200028706795}"
primary,200,p0.40,nan,1.0,12,0.4,79.60000000000001,79.25,58,99,15850,15850,1.6319930765496493,140,0.0655751814178458,0.001311503628356916,0.45955099194087057,18.26513017430614,2.369305510639271,2.502393698907213,3,"{""0"": 0.0005512452672095834, ""1"": 0.0023661218199697454, ""2"": 0.002436388650814382, ""3"": 0.00019093585106480857, ""4"": 0.00018335946913428789, ""5"": 0.00214097071194869}"
primary,200,p0.40,nan,1.0,12,0.4,79.60000000000001,79.25,58,99,15850,15850,1.6319930765496493,150,0.04497250092694543,0.0008994500185389087,0.4612292178864339,18.335776971477426,2.372344765116687,2.487475025581677,3,"{""0"": 0.0004272152305999902, ""1"": 0.001548202017338038, ""2"": 0.0008625990614375533, ""3"": 0.00016340029780122234, ""4"": 0.00019683317176541018, ""5"": 0.0021984503322912377}"
primary,200,p0.40,nan,1.0,12,0.4,79.60000000000001,79.25,58,99,15850,15850,1.6319930765496493,160,0.038128937300259805,0.0007625787460051962,0.09459419679111664,18.470069583251608,2.377528171814957,2.468394369004239,3,"{""0"": 0.0004216607323103776, ""1"": 0.0009020241819652008, ""2"": 0.0007958522896875713, ""3"": 0.00016607139265912852, ""4"": 0.00017916258084857938, ""5"": 0.0021107012985603192}"
primary,200,p0.40,nan,1.0,12,0.4,79.60000000000001,79.25,58,99,15850,15850,1.6319930765496493,170,0.03618745024593069,0.0007237490049186139,0.04021949754164014,18.693595199645326,2.3834935023732315,2.471551741252659,3,"{""0"": 0.0004522986286943204, ""1"": 0.0008749901256458661, ""2"": 0.0005791644582611066, ""3"": 0.00018225747323623317, ""4"": 0.00018340668094967894, ""5"": 0.0020703766627244782}"
primary,200,p0.40,nan,1.0,12,0.4,79.60000000000001,79.25,58,99,15850,15850,1.6319930765496493,180,0.037518423512046484,0.0007503684702409298,0.04820947583608292,18.74203253589218,2.3806227226609527,2.47280330083984,3,"{""0"": 0.00043957223444943984, ""1"": 0.0009364499771189196, ""2"": 0.0005498828985401416, ""3"": 0.00016333677614098344, ""4"": 0.0001820403586075779, ""5"": 0.002230928576588518}"
primary,200,p0.40,nan,1.0,12,0.4,79.60000000000001,79.25,58,99,15850,15850,1.6319930765496493,190,0.03771032537794114,0.0007542065075588229,0.06868997424190328,18.80190336334161,2.3868067056730946,2.472231564442063,3,"{""0"": 0.00042586293031841773, ""1"": 0.0010677475560335477, ""2"": 0.0004929584973323055, ""3"": 0.00015112710345261023, ""4"": 0.00017118677439250258, ""5"": 0.0022163561838235537}"
primary,200,p0.40,nan,1.0,12,0.4,79.60000000000001,79.25,58,99,15850,15850,1.6319930765496493,200,0.0297605690366798,0.000595211380733596,0.10693232049827028,18.86781039510483,2.389178098205922,2.4675184552683356,3,"{""0"": 0.0003230625506000672, ""1"": 0.000919836221112485, ""2"": 0.00040723987519239327, ""3"": 0.0001510112243545792, ""4"": 0.00016448313800008333, ""5"": 0.0016056352751419687}"
primary,200,p0.05,nan,1.0,13,0.05,9.950000000000001,9.91,4,19,1982,1982,1.5620353220756293,0,0.9870029208204188,0.01974005841640838,nan,0.0,1.5620353220756293,7.557450419416688,15,"{""0"": 0.019928539955930417, ""1"": 0.02068953413397932, ""2"": 0.01864812333876045, ""3"": 0.01881213413798677, ""4"": 0.020748500581302298, ""5"": 0.01961351835049104}"
primary,200,p0.05,nan,1.0,13,0.05,9.950000000000001,9.91,4,19,1982,1982,1.5620353220756293,10,0.7800386810023848,0.015600773620047697,6.349322117976423,12.783310766814857,2.307949417836722,2.7736286511392314,10,"{""0"": 0.02270294701923229, ""1"": 0.004438751037033223, ""2"": 0.02098622047612625, ""3"": 0.012220801744837957, ""4"": 0.009706787791167872, ""5"": 0.0235491336518886}"
primary,200,p0.05,nan,1.0,13,0.05,9.950000000000001,9.91,4,19,1982,1982,1.5620353220756293,20,0.5914541928733057,0.011829083857466114,18.015765393378892,12.879620640059715,2.125567934337035,2.801063772080836,9,"{""0"": 0.014226300640913148, ""1"": 0.012280881811819477, ""2"": 0.01653005839645445, ""3"": 0.001790264928766605, ""4"": 0.003807938615047556, ""5"": 0.022339058751795447}"
primary,200,p0.05,nan,1.0,13,0.05,9.950000000000001,9.91,4,19,1982,1982,1.5620353220756293,30,0.5728864520913797,0.011457729041827593,1.2328316364479164,13.153561239226958,2.0138477217565653,3.348285274151134,10,"{""0"": 0.009281735229370933, ""1"": 0.009658099569069972, ""2"": 0.017289381774202243, ""3"": 0.008897611987593193, ""4"": 0.005234807475287641, ""5"": 0.01838473821544158}"
primary,200,p0.05,nan,1.0,13,0.05,9.950000000000001,9.91,4,19,1982,1982,1.5620353220756293,40,0.46306744287790047,0.00926134885755801,15.915980396343258,13.607298821545275,2.046086849701559,3.78607194873722,10,"{""0"": 0.008521850257916984, ""1"": 0.009966609968302068, ""2"": 0.01335477264760856, ""3"": 0.005888044760172969, ""4"": 0.006732233467259996, ""5"": 0.011104582044087482}"
primary,200,p0.05,nan,1.0,13,0.05,9.950000000000001,9.91,4,19,1982,1982,1.5620353220756293,50,0.46685553889990783,0.009337110777998158,2.666440960932422,13.992888426363212,2.0902044474742323,3.4600492715046474,9,"{""0"": 0.00988202623491204, ""1"": 0.010237930129604295, ""2"": 0.012835804372516949, ""3"": 0.007753040871104877, ""4"": 0.004050134694599077, ""5"": 0.01126372836525171}"
primary,200,p0.05,nan,1.0,13,0.05,9.950000000000001,9.91,4,19,1982,1982,1.5620353220756293,60,0.40324010965057705,0.008064802193011542,20.97867784035797,14.194119072081106,2.083285816469219,3.7666793919311448,10,"{""0"": 0.010154105864345762, ""1"": 0.011346836128039965, ""2"": 0.008439664046377393, ""3"": 0.004456613478080162, ""4"": 0.004607810038930558, ""5"": 0.00938378360229542}"
primary,200,p0.05,nan,1.0,13,0.05,9.950000000000001,9.91,4,19,1982,1982,1.5620353220756293,70,0.4036182042830898,0.008072364085661797,4.963122769636441,14.34198419990338,2.0790065781829346,3.5987939761154832,9,"{""0"": 0.008511665731281806, ""1"": 0.011017177271099179, ""2"": 0.01057830494906831, ""3"": 0.0031912694928906554, ""4"": 0.005297658419850401, ""5"": 0.00983810864978043}"
primary,200,p0.05,nan,1.0,13,0.05,9.950000000000001,9.91,4,19,1982,1982,1.5620353220756293,80,0.37912371353947183,0.007582474270789437,0.8407649579947017,14.521606713113979,2.0733099393060175,3.5963749005854644,9,"{""0"": 0.008024090384948602, ""1"": 0.011110280269588586, ""2"": 0.009231560012315577, ""3"": 0.0015654992781160483, ""4"": 0.006259865249528406, ""5"": 0.009303550430239397}"
primary,200,p0.05,nan,1.0,13,0.05,9.950000000000001,9.91,4,19,1982,1982,1.5620353220756293,90,0.37416654231722385,0.007483330846344478,19.808506551677908,14.671062586765368,2.05734454815314,3.5987899038122797,9,"{""0"": 0.00934243987297206, ""1"": 0.009413569692853632, ""2"": 0.008856555086376965, ""3"": 0.002076064527351642, ""4"": 0.0051810370624813, ""5"": 0.010030318836031263}"
primary,200,p0.05,nan,1.0,13,0.05,9.950000000000001,9.91,4,19,1982,1982,1.5620353220756293,100,0.35284737349928713,0.007056947469985744,1.5134951789285322,14.851813145922476,2.0429178528819896,3.691491097862834,9,"{""0"": 0.008840773502388741, ""1"": 0.009030220779347745, ""2"": 0.0072181273117335135, ""3"": 0.00389686981682196, ""4"": 0.004791072937916595, ""5"": 0.008564620471705905}"
primary,200,p0.05,nan,1.0,13,0.05,9.950000000000001,9.91,4,19,1982,1982,1.5620353220756293,110,0.3517382895496547,0.007034765790993094,3.9976572461833517,14.964824019916179,2.036242988278138,3.5561897352870075,9,"{""0"": 0.007350990089872024, ""1"": 0.01027840165552769, ""2"": 0.008306722292966025, ""3"": 0.0023742105310055914, ""4"": 0.004321034013823813, ""5"": 0.009577236162763417}"
primary,200,p0.05,nan,1.0,13,0.05,9.950000000000001,9.91,4,19,1982,1982,1.5620353220756293,120,0.3370269155026037,0.006740538310052076,2.267103828578534,15.071866482232668,2.0465747743223086,3.6158354148864142,9,"{""0"": 0.007937406185424949, ""1"": 0.008823459343312542, ""2"": 0.008102695114917085, ""3"": 0.002577405374065043, ""4"": 0.004433679712922902, ""5"": 0.008568584129669933}"
primary,200,p0.05,nan,1.0,13,0.05,9.950000000000001,9.91,4,19,1982,1982,1.5620353220756293,130,0.3460102039620156,0.006920204079240313,23.01399688915739,15.177188190365577,2.040418132410907,3.5541060912705067,9,"{""0"": 0.007743553028114506, ""1"": 0.009301419720136081, ""2"": 0.008595207727477428, ""3"": 0.003068850632876977, ""4"": 0.003959524779685284, ""5"": 0.008852668587151603}"
primary,200,p0.05,nan,1.0,13,0.05,9.950000000000001,9.91,4,19,1982,1982,1.5620353220756293,140,0.3424812869695587,0.006849625739391175,0.6482780215837808,15.113603683533976,2.0365053169292646,3.637771083271309,9,"{""0"": 0.00902696777588305, ""1"": 0.008411656965006262, ""2"": 0.007160120836167664, ""3"": 0.0038264110189447443, ""4"": 0.003880246301713251, ""5"": 0.008792351538632079}"
primary,200,p0.05,nan,1.0,13,0.05,9.950000000000001,9.91,4,19,1982,1982,1.5620353220756293,150,0.3639873410819733,0.007279746821639466,2.7326373650495213,15.19514385598637,2.0320303267416815,3.647532694328608,9,"{""0"": 0.009727460853422555, ""1"": 0.010293635348557139, ""2"": 0.0062276010088855634, ""3"": 0.005861815711904653, ""4"": 0.0033392879383750502, ""5"": 0.00822868006869183}"
primary,200,p0.05,nan,1.0,13,0.05,9.950000000000001,9.91,4,19,1982,1982,1.5620353220756293,160,0.357082085652178,0.0071416417130435615,1.5821201883258862,15.236106088060438,2.0496472308533815,3.5828727589898106,9,"{""0"": 0.010189823130798706, ""1"": 0.009079286253192747, ""2"": 0.0065435527468243725, ""3"": 0.004848233178196627, ""4"": 0.0033194115427293675, ""5"": 0.008869543426519551}"
primary,200,p0.05,nan,1.0,13,0.05,9.950000000000001,9.91,4,19,1982,1982,1.5620353220756293,170,0.35051708057138503,0.007010341611427701,7.405098430792111,15.308700326127887,2.054754605580036,3.546714672533428,9,"{""0"": 0.010052033188937614, ""1"": 0.009365827242009347, ""2"": 0.0068112121582388635, ""3"": 0.0032084890675659838, ""4"": 0.0034018952670560564, ""5"": 0.009222592744758337}"
primary,200,p0.05,nan,1.0,13,0.05,9.950000000000001,9.91,4,19,1982,1982,1.5620353220756293,180,0.349380048883682,0.006987600977673641,1.404204774519692,15.38291084135584,2.0754003692325336,3.4814013933485164,9,"{""0"": 0.010515083920901462, ""1"": 0.00838959890844342, ""2"": 0.007336656021430495, ""3"": 0.0027272591211062263, ""4"": 0.0033181599818736403, ""5"": 0.009638847912286608}"
primary,200,p0.05,nan,1.0,13,0.05,9.950000000000001,9.91,4,19,1982,1982,1.5620353220756293,190,0.3495421615867281,0.006990843231734562,0.950738790618525,15.415519289573297,2.0748674604062143,3.4418274358108247,9,"{""0"": 0.010108021902506483, ""1"": 0.008672714867887166, ""2"": 0.0076913456431869295, ""3"": 0.0018542842225569747, ""4"": 0.0034677440913668976, ""5"": 0.01015094866290293}"
primary,200,p0.05,nan,1.0,13,0.05,9.950000000000001,9.91,4,19,1982,1982,1.5620353220756293,200,0.34524420299968545,0.00690488405999371,4.0409462217445355,15.494431671372823,2.0819077295942536,3.4432849897872266,9,"{""0"": 0.010359114475305223, ""1"": 0.00830257341077926, ""2"": 0.0075231946431480335, ""3"": 0.0018344039855808752, ""4"": 0.003441941128282613, ""5"": 0.009968076716866253}"
primary,200,p0.10,nan,1.0,13,0.1,19.900000000000002,19.87,9,34,3974,3974,1.5251132702337609,0,1.032272885681992,0.020645457713639848,nan,0.0,1.5251132702337609,7.942774705590108,14,"{""0"": 0.016863887221579832, ""1"": 0.018286210382276756, ""2"": 0.022612069868543, ""3"": 0.021368890970551068, ""4"": 0.02067001387227571, ""5"": 0.02407167396661269}"
primary,200,p0.10,nan,1.0,13,0.1,19.900000000000002,19.87,9,34,3974,3974,1.5251132702337609,10,0.8820520579664787,0.017641041159329577,6.6958170690634224,11.601476371405258,2.1494791634761046,2.040842484363534,7,"{""0"": 0.03941884519868792, ""1"": 0.003633382059663509, ""2"": 0.00736727620656559, ""3"": 0.01796087739761487, ""4"": 0.003381677378201902, ""5"": 0.034084188715243664}"
primary,200,p0.10,nan,1.0,13,0.1,19.900000000000002,19.87,9,34,3974,3974,1.5251132702337609,20,0.5585026531892268,0.011170053063784538,0.9815895267680718,12.843417077065023,2.2157387675383,2.5796502403300043,5,"{""0"": 0.0042107036356273135, ""1"": 0.00654906611175141, ""2"": 0.009260647102797939, ""3"": 0.007427696386729264, ""4"": 0.009139996450641414, ""5"": 0.03043220869515988}"
primary,200,p0.10,nan,1.0,13,0.1,19.900000000000002,19.87,9,34,3974,3974,1.5251132702337609,30,0.4895215047009828,0.009790430094019658,9.59432411965393,13.322364335730523,2.22467743120174,2.6943474509798837,6,"{""0"": 0.0029922454795179255, ""1"": 0.00783498191864821, ""2"": 0.00979309645268438, ""3"": 0.0065436563610751, ""4"": 0.007968778343624397, ""5"": 0.023609822008567934}"
primary,200,p0.10,nan,1.0,13,0.1,19.900000000000002,19.87,9,34,3974,3974,1.5251132702337609,40,0.38633369171496135,0.0077266738342992285,10.565262884650002,13.813035285576163,2.198441688147451,2.743478347947121,6,"{""0"": 0.01058630934009344, ""1"": 0.00658918665398252, ""2"": 0.0026333326776902402, ""3"": 0.011445002540917988, ""4"": 0.005903279499697053, ""5"": 0.009202932293414134}"
primary,200,p0.10,nan,1.0,13,0.1,19.900000000000002,19.87,9,34,3974,3974,1.5251132702337609,50,0.55820974648915,0.011164194929783003,0.18117620781867053,14.433225438491503,2.0582888357911306,3.060604236645751,8,"{""0"": 0.011949773246650721, ""1"": 0.013993674359820385, ""2"": 0.0068581941222680826, ""3"": 0.013662585367406813, ""4"": 0.005047639599183055, ""5"": 0.01547330288336895}"
primary,200,p0.10,nan,1.0,13,0.1,19.900000000000002,19.87,9,34,3974,3974,1.5251132702337609,60,0.4668340694853331,0.009336681389706664,2.9870938688069306,14.52009115896939,2.025727474078035,3.137495977593161,9,"{""0"": 0.013688189516087907, ""1"": 0.011031173367122244, ""2"": 0.004471730289856475, ""3"": 0.014274627114194588, ""4"": 0.005676891852582406, ""5"": 0.006877476198396371}"
primary,200,p0.10,nan,1.0,13,0.1,19.900000000000002,19.87,9,34,3974,3974,1.5251132702337609,70,0.5041950405718031,0.010083900811436064,5.137277925911894,14.837018508417977,2.023677476835668,3.283824923366223,9,"{""0"": 0.008435843638441071, ""1"": 0.02046075397125937, ""2"": 0.00691666851123271, ""3"": 0.010815538226796912, ""4"": 0.0059685995526644565, ""5"": 0.00790600096822187}"
primary,200,p0.10,nan,1.0,13,0.1,19.900000000000002,19.87,9,34,3974,3974,1.5251132702337609,80,0.45851557202273374,0.009170311440454677,3.2126614367228385,14.943121242384047,2.033929051221627,3.322638140596568,9,"{""0"": 0.0036821609646051656, ""1"": 0.020886495782812698, ""2"": 0.008476598595884656, ""3"": 0.009966107002561304, ""4"": 0.007005772018263977, ""5"": 0.005004734278600249}"
primary,200,p0.10,nan,1.0,13,0.1,19.900000000000002,19.87,9,34,3974,3974,1.5251132702337609,90,0.2978569781543327,0.005957139563086655,2.0296506051402674,15.116961055545087,2.0291125910208763,3.1686300848739837,9,"{""0"": 0.00478631636022131, ""1"": 0.0054929495083922515, ""2"": 0.0052621588930316775, ""3"": 0.013176690929849555, ""4"": 0.005308335138243371, ""5"": 0.0017163865487817692}"
primary,200,p0.10,nan,1.0,13,0.1,19.900000000000002,19.87,9,34,3974,3974,1.5251132702337609,100,0.2611725628663501,0.005223451257327002,18.013156373805316,15.272702748630978,2.0291749368812613,3.0730573436239688,8,"{""0"": 0.0063680846267152105, ""1"": 0.00526904833782765, ""2"": 0.005387880806163338, ""3"": 0.007316835942313445, ""4"": 0.00593395483756831, ""5"": 0.0010649029933740626}"
primary,200,p0.10,nan,1.0,13,0.1,19.900000000000002,19.87,9,34,3974,3974,1.5251132702337609,110,0.2623583936295322,0.005247167872590645,10.68450806446099,15.46147170039261,2.02606860047463,3.107973592663612,8,"{""0"": 0.007284469175277029, ""1"": 0.004481234274920062, ""2"": 0.00770081922302277, ""3"": 0.0069247435350530285, ""4"": 0.003965654143230198, ""5"": 0.0011260868840407788}"
primary,200,p0.10,nan,1.0,13,0.1,19.900000000000002,19.87,9,34,3974,3974,1.5251132702337609,120,0.24604146810189165,0.004920829362037834,2.2686301346161315,15.450021754048366,2.0134080083386494,3.0847979175259055,8,"{""0"": 0.007268189002838378, ""1"": 0.007658733218857859, ""2"": 0.0036645999803258237, ""3"": 0.005690676790736922, ""4"": 0.0034926162381403265, ""5"": 0.0017501609413276946}"
primary,200,p0.10,nan,1.0,13,0.1,19.900000000000002,19.87,9,34,3974,3974,1.5251132702337609,130,0.18915461846104628,0.003783092369220926,0.5889914207240887,15.50829750810122,2.010480149642258,3.073166370022838,8,"{""0"": 0.0065450090675204685, ""1"": 0.005083595013396603, ""2"": 0.0041498735251943, ""3"": 0.002111915544925563, ""4"": 0.003150928321960088, ""5"": 0.0016572327423285318}"
primary,200,p0.10,nan,1.0,13,0.1,19.900000000000002,19.87,9,34,3974,3974,1.5251132702337609,140,0.19393800564997957,0.0038787601129995916,2.014807023195472,15.53155371927703,2.0184679993780708,3.012176435989472,8,"{""0"": 0.007134946455353235, ""1"": 0.005824599189761077, ""2"": 0.0030522812295258445, ""3"": 0.0021872636379079626, ""4"": 0.003227034315339833, ""5"": 0.0018464358501096008}"
primary,200,p0.10,nan,1.0,13,0.1,19.900000000000002,19.87,9,34,3974,3974,1.5251132702337609,150,0.20058354037051238,0.004011670807410248,3.394586858278732,15.614563161442637,2.0211000018063525,2.987108195310843,7,"{""0"": 0.007834265443748347, ""1"": 0.0073060544834302864, ""2"": 0.0022318307949951615, ""3"": 0.0023243491099099347, ""4"": 0.0028767469413138467, ""5"": 0.0014967780710639135}"
primary,200,p0.10,nan,1.0,13,0.1,19.900000000000002,19.87,9,34,3974,3974,1.5251132702337609,160,0.19310324947462332,0.003862064989492467,5.036879480301498,15.658558880272421,2.0329978582551522,2.9828567963441364,7,"{""0"": 0.007238772239885468, ""1"": 0.00667787432667675, ""2"": 0.0019288182149226466, ""3"": 0.002204766734913789, ""4"": 0.0025883284458842084, ""5"": 0.002533829974671938}"
primary,200,p0.10,nan,1.0,13,0.1,19.900000000000002,19.87,9,34,3974,3974,1.5251132702337609,170,0.20180890547793626,0.0040361781095587254,6.223238530568123,15.793624326690395,2.0107006730900077,2.971391095529355,7,"{""0"": 0.007206470879163101, ""1"": 0.004493685846995218, ""2"": 0.0034682760967553053, ""3"": 0.0022259165736183825, ""4"": 0.0035218258620349774, ""5"": 0.003300893398785366}"
primary,200,p0.10,nan,1.0,13,0.1,19.900000000000002,19.87,9,34,3974,3974,1.5251132702337609,180,0.1893391501329125,0.0037867830026582505,1.9706077887601903,15.805727132943089,2.002761689359935,2.982195155241924,7,"{""0"": 0.00631807936540828, ""1"": 0.005183331477830401, ""2"": 0.0033789934914966934, ""3"": 0.0013418293387939101, ""4"": 0.003068582325264725, ""5"": 0.0034298820171554936}"
primary,200,p0.10,nan,1.0,13,0.1,19.900000000000002,19.87,9,34,3974,3974,1.5251132702337609,190,0.19103054105500297,0.00382061082110006,5.60965484299671,15.876407953649435,2.012469790769953,2.9756237551616422,7,"{""0"": 0.006140686730097947, ""1"": 0.005382507622326282, ""2"": 0.003549939493709878, ""3"": 0.0014155707106570526, ""4"": 0.002859696228335709, ""5"": 0.0035752641414734886}"
primary,200,p0.10,nan,1.0,13,0.1,19.900000000000002,19.87,9,34,3974,3974,1.5251132702337609,200,0.1756679068808398,0.0035133581376167963,1.7653591205751356,15.914288040233883,2.0318131170278373,2.9186981811727644,6,"{""0"": 0.006682700488626242, ""1"": 0.0030586837190605598, ""2"": 0.003191797225825647, ""3"": 0.0022242022485023604, ""4"": 0.002364512286264344, ""5"": 0.003558252857421626}"
primary,200,p0.20,nan,1.0,13,0.2,39.800000000000004,39.44,25,54,7888,7888,1.6153084641989175,0,1.0159815187728147,0.020319630375456296,nan,0.0,1.6153084641989175,5.391432920472249,12,"{""0"": 0.020281669965628406, ""1"": 0.019974737068026983, ""2"": 0.020369277875508802, ""3"": 0.019431759857631306, ""4"": 0.022191752148544457, ""5"": 0.019668585337397813}"
primary,200,p0.20,nan,1.0,13,0.2,39.800000000000004,39.44,25,54,7888,7888,1.6153084641989175,10,0.5815012888932074,0.011630025777864149,2.2377450093509785,9.622676670558365,2.0494147074889506,2.486291857088131,4,"{""0"": 0.044682454787207324, ""1"": 0.0015606677219376407, ""2"": 0.007735371771933836, ""3"": 0.005733316745073638, ""4"": 0.002986393953369527, ""5"": 0.007081949687662932}"
primary,200,p0.20,nan,1.0,13,0.2,39.800000000000004,39.44,25,54,7888,7888,1.6153084641989175,20,0.30999418306486065,0.006199883661297214,1.0498085579540362,10.984409656184578,2.2900089224781937,2.486197697012757,3,"{""0"": 0.005264524493361762, ""1"": 0.0010697302185670768, ""2"": 0.006484739035459963, ""3"": 0.0012936698340653302, ""4"": 0.011549859167840295, ""5"": 0.01153677921848886}"
primary,200,p0.20,nan,1.0,13,0.2,39.800000000000004,39.44,25,54,7888,7888,1.6153084641989175,30,0.32184103857558133,0.006436820771511628,0.5076264650631473,11.950609621830788,2.112974895093434,2.2467017692829874,3,"{""0"": 0.012721273619227421, ""1"": 0.0006788844896573435, ""2"": 0.012024721386528025, ""3"": 0.000538718995619449, ""4"": 0.008742651240128125, ""5"": 0.003914674897909404}"
primary,200,p0.20,nan,1.0,13,0.2,39.800000000000004,39.44,25,54,7888,7888,1.6153084641989175,40,0.19396073916638168,0.0038792147833276343,5.415651830181657,12.625821765697694,1.8851972646606838,2.4315522365289146,3,"{""0"": 0.009622287836087425, ""1"": 0.0025337669889863032, ""2"": 0.004161106111786153, ""3"": 0.000467143854312698, ""4"": 0.004545640842658139, ""5"": 0.0019453430661350868}"
primary,200,p0.20,nan,1.0,13,0.2,39.800000000000004,39.44,25,54,7888,7888,1.6153084641989175,50,0.2007316178810285,0.004014632357620571,0.21559653026289657,13.144042042386811,1.9168326770245396,2.4601876956068383,3,"{""0"": 0.009698854109621843, ""1"": 0.002984594091780247, ""2"": 0.004529856960437795, ""3"": 0.0006211105375206279, ""4"": 0.004434569552623481, ""5"": 0.0018188088937394272}"
primary,200,p0.20,nan,1.0,13,0.2,39.800000000000004,39.44,25,54,7888,7888,1.6153084641989175,60,0.2313694945500137,0.004627389891000275,15.189645589939273,13.557233885742585,1.9760098123217558,2.4848973362318962,3,"{""0"": 0.010929717016324874, ""1"": 0.0035915278841795184, ""2"": 0.004261640858262818, ""3"": 0.0024628813369447803, ""4"": 0.004465989630938159, ""5"": 0.0020525826193514988}"
primary,200,p0.20,nan,1.0,13,0.2,39.800000000000004,39.44,25,54,7888,7888,1.6153084641989175,70,0.1467994516477513,0.0029359890329550263,1.5845648748292829,13.87570379417222,1.9801177133598697,2.5580502293731313,3,"{""0"": 0.0014343771820886882, ""1"": 0.0035981786935127824, ""2"": 0.004328984734794478, ""3"": 0.0005720369236222943, ""4"": 0.0056587635806856044, ""5"": 0.00202359308302631}"
primary,200,p0.20,nan,1.0,13,0.2,39.800000000000004,39.44,25,54,7888,7888,1.6153084641989175,80,0.1835191448034032,0.003670382896068064,0.1557222015714674,14.248216609801542,2.0103868353376435,2.5968996358337058,3,"{""0"": 0.0005378707357852688, ""1"": 0.00438346044160591, ""2"": 0.004410185352793129, ""3"": 0.004129612679464987, ""4"": 0.004753167378772174, ""5"": 0.0038080007879869155}"
primary,200,p0.20,nan,1.0,13,0.2,39.800000000000004,39.44,25,54,7888,7888,1.6153084641989175,90,0.15235945582553195,0.0030471891165106393,0.47352978826874764,14.442633996383341,1.9626871744981076,2.5949447970966357,3,"{""0"": 0.0005586366641514535, ""1"": 0.0006975279135308226, ""2"": 0.003716378978096255, ""3"": 0.006359263816737647, ""4"": 0.003951142661504202, ""5"": 0.003000184665043456}"
primary,200,p0.20,nan,1.0,13,0.2,39.800000000000004,39.44,25,54,7888,7888,1.6153084641989175,100,0.13604438378645783,0.002720887675729157,1.7617238056562972,14.967593709764822,1.972502368245956,2.586640713289705,3,"{""0"": 0.001934796113199845, ""1"": 0.0007731124487245902, ""2"": 0.0008455678366599405, ""3"": 0.004813594205946131, ""4"": 0.004173248419370103, ""5"": 0.0037850070304743357}"
primary,200,p0.20,nan,1.0,13,0.2,39.800000000000004,39.44,25,54,7888,7888,1.6153084641989175,110,0.14042860706067165,0.002808572141213433,2.0079044698864466,15.086531498961094,1.9842969077206523,2.5683285817310395,3,"{""0"": 0.0031009306109264423, ""1"": 0.0006471661338382364, ""2"": 0.0008179517977149563, ""3"": 0.003742200144142353, ""4"": 0.004031826294126137, ""5"": 0.004511357866532473}"
primary,200,p0.20,nan,1.0,13,0.2,39.800000000000004,39.44,25,54,7888,7888,1.6153084641989175,120,0.15236308657454295,0.0030472617314908595,0.4465912538716954,15.313001869934004,1.9825465598376237,2.574821078325172,3,"{""0"": 0.003187036863221915, ""1"": 0.0007693743363425643, ""2"": 0.0007590066487426785, ""3"": 0.004368686501456377, ""4"": 0.003918119922479447, ""5"": 0.0052813461167021715}"
primary,200,p0.20,nan,1.0,13,0.2,39.800000000000004,39.44,25,54,7888,7888,1.6153084641989175,130,0.14443281290119883,0.002888656258023977,0.43115957140267896,15.411663257014318,1.9878613743788147,2.5477898389282454,3,"{""0"": 0.003257550748901332, ""1"": 0.0006525662378471578, ""2"": 0.000749594293713155, ""3"": 0.0037605831153926655, ""4"": 0.003812471491683238, ""5"": 0.005099171660606312}"
primary,200,p0.20,nan,1.0,13,0.2,39.800000000000004,39.44,25,54,7888,7888,1.6153084641989175,140,0.13407265393776518,0.002681453078755304,0.07068172344896516,15.483417787440615,2.0195702431758065,2.5497449553583187,3,"{""0"": 0.002146629417674204, ""1"": 0.0006861331312447754, ""2"": 0.000620171747882152, ""3"": 0.0036572444937031192, ""4"": 0.0037276746845306503, ""5"": 0.005250864997496922}"
primary,200,p0.20,nan,1.0,13,0.2,39.800000000000004,39.44,25,54,7888,7888,1.6153084641989175,150,0.1332156697684671,0.0026643133953693425,0.420199702394468,15.642607902352104,2.041572633505854,2.552489347577787,3,"{""0"": 0.0024957381304449256, ""1"": 0.0007133753491007607, ""2"": 0.0006268920279931289, ""3"": 0.0037334047660982418, ""4"": 0.003389359003607098, ""5"": 0.005027111094971901}"
primary,200,p0.20,nan,1.0,13,0.2,39.800000000000004,39.44,25,54,7888,7888,1.6153084641989175,160,0.11639425372821248,0.0023278850745642498,0.4542618122449573,15.786989247981536,2.053433797284841,2.5684920188469933,3,"{""0"": 0.0023173171683994035, ""1"": 0.0007479936063030108, ""2"": 0.000632704220528219, ""3"": 0.003506881607812821, ""4"": 0.002901180225116578, ""5"": 0.0038612336192254655}"
primary,200,p0.20,nan,1.0,13,0.2,39.800000000000004,39.44,25,54,7888,7888,1.6153084641989175,170,0.08210894960902954,0.001642178992180591,0.30917224568627344,15.925783142505388,2.035470981939648,2.5502296354650067,3,"{""0"": 0.001991789518853776, ""1"": 0.000982955032393118, ""2"": 0.000650950162501656, ""3"": 0.0006940861680101787, ""4"": 0.0023101142261963375, ""5"": 0.0032231788451284804}"
primary,200,p0.20,nan,1.0,13,0.2,39.800000000000004,39.44,25,54,7888,7888,1.6153084641989175,180,0.0689934066589227,0.0013798681331784544,0.6435973851075361,16.0640524403343,2.0145246356004116,2.54649280373396,3,"{""0"": 0.0013790158124900407, ""1"": 0.0008349539360309228, ""2"": 0.0006733439621401849, ""3"": 0.000694495221067267, ""4"": 0.0016424777820755487, ""5"": 0.0030549220852667614}"
primary,200,p0.20,nan,1.0,13,0.2,39.800000000000004,39.44,25,54,7888,7888,1.6153084641989175,190,0.08150489861582837,0.0016300979723165676,0.4292184425372268,16.240862496518787,2.0238599877748356,2.5412514827402863,3,"{""0"": 0.0005990312031513634, ""1"": 0.0008853239883324119, ""2"": 0.0006745059094749828, ""3"": 0.0007788169416900598, ""4"": 0.0015133412497878676, ""5"": 0.00532956854146272}"
primary,200,p0.20,nan,1.0,13,0.2,39.800000000000004,39.44,25,54,7888,7888,1.6153084641989175,200,0.06990176190450818,0.0013980352380901638,0.12190107319381327,16.36841460809077,2.019658132630546,2.568078119666645,3,"{""0"": 0.0006202954887555294, ""1"": 0.0007507214221984502, ""2"": 0.0006407439596118873, ""3"": 0.0009094407181639986, ""4"": 0.0012855287958862466, ""5"": 0.004181481043924871}"
primary,200,p0.40,nan,1.0,13,0.4,79.60000000000001,80.23,58,98,16046,16046,1.5498714937146643,0,1.0167808301040204,0.02033561660208041,nan,0.0,1.5498714937146643,3.4882924842957292,12,"{""0"": 0.02113423014344753, ""1"": 0.018391408726601055, ""2"": 0.022433285279695986, ""3"": 0.020072738216687654, ""4"": 0.019487509444651125, ""5"": 0.020494527801399126}"
primary,200,p0.40,nan,1.0,13,0.4,79.60000000000001,80.23,58,98,16046,16046,1.5498714937146643,10,0.46193474682081465,0.009238694936416294,1.0561433965029627,7.887310975740008,1.6666673082429264,2.3729803607766713,3,"{""0"": 0.029372362930550004, ""1"": 0.0005264653000668354, ""2"": 0.014581675307646091, ""3"": 0.006467070354881336, ""4"": 0.00099528548284442, ""5"": 0.0034893102425090777}"
primary,200,p0.40,nan,1.0,13,0.4,79.60000000000001,80.23,58,98,16046,16046,1.5498714937146643,20,0.24005496969302412,0.004801099393860483,1.5268583817501025,9.412492226600342,1.9501088920401077,2.4122603636368845,3,"{""0"": 0.0036771242448654365, ""1"": 0.000409395616341316, ""2"": 0.0003176395990882348, ""3"": 0.005097554290708117, ""4"": 0.015915728551805296, ""5"": 0.0033891540603544954}"
primary,200,p0.40,nan,1.0,13,0.4,79.60000000000001,80.23,58,98,16046,16046,1.5498714937146643,30,0.24308243192648377,0.004861648638529676,0.737827347979865,10.253640538688432,1.881893782927969,2.457115190574176,3,"{""0"": 0.003942692775165497, ""1"": 0.0003920770741163295, ""2"": 0.00024398725225434963, ""3"": 0.004840132252609232, ""4"": 0.016378961592841513, ""5"": 0.003372040884191134}"
primary,200,p0.40,nan,1.0,13,0.4,79.60000000000001,80.23,58,98,16046,16046,1.5498714937146643,40,0.15211830974732682,0.0030423661949465367,0.08420633840160593,10.735675681425825,1.8142277605556836,2.401297065316094,2,"{""0"": 0.004104914420216572, ""1"": 0.0004038493613694663, ""2"": 0.00024779148067607276, ""3"": 0.004721172279785077, ""4"": 0.008457171119585724, ""5"": 0.00031929850804630677}"
primary,200,p0.40,nan,1.0,13,0.4,79.60000000000001,80.23,58,98,16046,16046,1.5498714937146643,50,0.15006052098185826,0.0030012104196371655,0.17726874188799446,11.000455300760116,1.7719573193980747,2.3907464112454226,2,"{""0"": 0.004077037550396444, ""1"": 0.00046064260235167444, ""2"": 0.00023351284743901112, ""3"": 0.004686776579877559, ""4"": 0.008283924010403735, ""5"": 0.0002653689273545715}"
primary,200,p0.40,nan,1.0,13,0.4,79.60000000000001,80.23,58,98,16046,16046,1.5498714937146643,60,0.1669091482640902,0.0033381829652818044,0.16748949019559473,11.49523809403382,1.7676286904182528,2.3793793084560537,2,"{""0"": 0.00420994760753064, ""1"": 0.0003750590334163073, ""2"": 0.00023858027426808693, ""3"": 0.006793069915622822, ""4"": 0.008225705068613615, ""5"": 0.0001867358922393539}"
primary,200,p0.40,nan,1.0,13,0.4,79.60000000000001,80.23,58,98,16046,16046,1.5498714937146643,70,0.15450834408755412,0.003090166881751083,2.0812961983325793,12.16667450747594,1.7865121600953326,2.3772365181913258,2,"{""0"": 0.002956774592049745, ""1"": 0.00022945023322171326, ""2"": 0.000224483391735934, ""3"": 0.006775716122967387, ""4"": 0.008178741001353332, ""5"": 0.00017583594917838685}"
primary,200,p0.40,nan,1.0,13,0.4,79.60000000000001,80.23,58,98,16046,16046,1.5498714937146643,80,0.11519245727372568,0.0023038491454745137,0.1751683454807938,12.576886470831445,1.807122457190441,2.3906945982556094,2,"{""0"": 0.0006429195277392113, ""1"": 0.00027116088485538634, ""2"": 0.00019311155029595414, ""3"": 0.004425973172940021, ""4"": 0.00813644409407019, ""5"": 0.0001534856429463202}"
primary,200,p0.40,nan,1.0,13,0.4,79.60000000000001,80.23,58,98,16046,16046,1.5498714937146643,90,0.11980806972843387,0.0023961613945686776,0.12743444210403113,12.979365244801713,1.8439281428995178,2.4079653391620788,2,"{""0"": 0.0007227852418955772, ""1"": 0.0001582525414887732, ""2"": 0.00024539853229839083, ""3"": 0.006508872145314886, ""4"": 0.006614867955698177, ""5"": 0.0001267919507162658}"
primary,200,p0.40,nan,1.0,13,0.4,79.60000000000001,80.23,58,98,16046,16046,1.5498714937146643,100,0.10526067049363831,0.0021052134098727667,0.48860427873687473,13.51074753632653,1.8384037511912739,2.386345930989336,2,"{""0"": 0.0006239028204292778, ""1"": 0.0001729078386890607, ""2"": 0.00021158548908141212, ""3"": 0.004225022865413931, ""4"": 0.00727369942499421, ""5"": 0.00012416202062871}"
primary,200,p0.40,nan,1.0,13,0.4,79.60000000000001,80.23,58,98,16046,16046,1.5498714937146643,110,0.087896581305863,0.0017579316261172604,0.0753459235868562,13.66813704727423,1.8206531801657717,2.4070516877083117,2,"{""0"": 0.0005625136883687099, ""1"": 0.00017566209523289642, ""2"": 0.00020725480541912192, ""3"": 0.004266601979881084, ""4"": 0.005211054343568155, ""5"": 0.00012450284423359495}"
primary,200,p0.40,nan,1.0,13,0.4,79.60000000000001,80.23,58,98,16046,16046,1.5498714937146643,120,0.10704684033346192,0.0021409368066692388,0.3145993665606323,14.112889660096975,1.8888339032880814,2.3874227109491195,2,"{""0"": 0.00031336380196840964, ""1"": 0.00023984555979207303, ""2"": 0.00016456368050693043, ""3"": 0.00435005110306941, ""4"": 0.007647412400271551, ""5"": 0.00013038429440705753}"
primary,200,p0.40,nan,1.0,13,0.4,79.60000000000001,80.23,58,98,16046,16046,1.5498714937146643,130,0.1081208610911237,0.0021624172218224743,0.5840174495472175,14.288689220252065,1.8803406851923197,2.389068221597745,2,"{""0"": 0.00032426965439735143, ""1"": 0.00022684245545907044, ""2"": 0.00019273227612619774, ""3"": 0.004434026881828376, ""4"": 0.007657882753481705, ""5"": 0.0001387493096421455}"
primary,200,p0.40,nan,1.0,13,0.4,79.60000000000001,80.23,58,98,16046,16046,1.5498714937146643,140,0.10619929999007187,0.0021239859998014375,0.23298720508022247,14.641255056249184,1.8791748422166432,2.378667253269684,2,"{""0"": 0.00029836560500035475, ""1"": 0.000257013106533972, ""2"": 0.0001744930938149592, ""3"": 0.004261938602062995, ""4"": 0.007629372703882267, ""5"": 0.00012273288751407787}"
primary,200,p0.40,nan,1.0,13,0.4,79.60000000000001,80.23,58,98,16046,16046,1.5498714937146643,150,0.10531111907549762,0.0021062223815099526,0.08459791943541117,14.72988767398515,1.8603591158226995,2.383498970257231,2,"{""0"": 0.00029604471685870274, ""1"": 0.00026390640690944934, ""2"": 0.00014373549488024245, ""3"": 0.004194678216118941, ""4"": 0.007611404815695243, ""5"": 0.00012756463859713523}"
primary,200,p0.40,nan,1.0,13,0.4,79.60000000000001,80.23,58,98,16046,16046,1.5498714937146643,160,0.06085148384257209,0.001217029676851442,1.1423943755275128,15.0056268640621,1.8525313366935101,2.4135000186436564,2,"{""0"": 0.0002861015425649956, ""1"": 0.00021120462373451656, ""2"": 0.0001517165658525994, ""3"": 0.004196293799012558, ""4"": 0.002282470148824712, ""5"": 0.0001743913811192695}"
primary,200,p0.40,nan,1.0,13,0.4,79.60000000000001,80.23,58,98,16046,16046,1.5498714937146643,170,0.062167391113428304,0.0012433478222685663,0.41845190998814774,15.241259795104257,1.8514995174810824,2.4149417914331885,2,"{""0"": 0.0002859530949673195, ""1"": 0.00020838005499293879, ""2"": 0.00016346406965211778, ""3"": 0.004099531913932081, ""4"": 0.002522376907219373, ""5"": 0.000180380892847567}"
primary,200,p0.40,nan,1.0,13,0.4,79.60000000000001,80.23,58,98,16046,16046,1.5498714937146643,180,0.059105757028264976,0.0011821151405652997,0.09410778471267599,15.396511744450025,1.8411937409259622,2.41322515869793,2,"{""0"": 0.0002724312392002971, ""1"": 0.00018700704093387244, ""2"": 0.00016631410410645114, ""3"": 0.003996267562308708, ""4"": 0.0022889319205834694, ""5"": 0.00018173897625899978}"
primary,200,p0.40,nan,1.0,13,0.4,79.60000000000001,80.23,58,98,16046,16046,1.5498714937146643,190,0.061732654333697665,0.0012346530866739534,0.04333902646435608,15.523042162522225,1.8540236354273483,2.4157612390567076,2,"{""0"": 0.0002765913902282988, ""1"": 0.00019387304228359165, ""2"": 0.00017122890453670427, ""3"": 0.0041465622198880205, ""4"": 0.002437138856931916, ""5"": 0.00018252410617518945}"
primary,200,p0.40,nan,1.0,13,0.4,79.60000000000001,80.23,58,98,16046,16046,1.5498714937146643,200,0.062416052710035384,0.0012483210542007079,0.06278563591439659,15.588214632888302,1.860419115320063,2.4190871745446665,2,"{""0"": 0.0002643482510446093, ""1"": 0.00018891867306844375, ""2"": 0.00015660246353032137, ""3"": 0.004113492685644163, ""4"": 0.0025785596260507622, ""5"": 0.00018800462586594744}"
primary,200,p0.05,nan,1.0,14,0.05,9.950000000000001,9.915,1,18,1983,1983,1.596467426579523,0,1.0219384583828754,0.020438769167657515,nan,0.0,1.596467426579523,5.280091354920869,13,"{""0"": 0.020943362840667216, ""1"": 0.02003191141624408, ""2"": 0.022273333014763134, ""3"": 0.02108224370414908, ""4"": 0.01854326180026237, ""5"": 0.019758502229859205}"
primary,200,p0.05,nan,1.0,14,0.05,9.950000000000001,9.915,1,18,1983,1983,1.596467426579523,10,0.8691361974320815,0.017382723948641633,1.4013112684893543,12.932350891609529,1.8763562261212121,1.953695273084736,7,"{""0"": 0.02198710644576082, ""1"": 0.021869474814945784, ""2"": 0.016391607978837264, ""3"": 0.012249902395113473, ""4"": 0.0009242109504135905, ""5"": 0.030874041106778872}"
primary,200,p0.05,nan,1.0,14,0.05,9.950000000000001,9.915,1,18,1983,1983,1.596467426579523,20,0.6791417033818579,0.013582834067637158,18.081821314465603,15.445979022297834,1.9139313358689638,4.201080995127,14,"{""0"": 0.02240940949541918, ""1"": 0.00583438709032417, ""2"": 0.017158200205417022, ""3"": 0.020015825523650842, ""4"": 0.001993909990711329, ""5"": 0.014085272100300398}"
primary,200,p0.05,nan,1.0,14,0.05,9.950000000000001,9.915,1,18,1983,1983,1.596467426579523,30,0.5335463336822923,0.010670926673645848,6.947637334752346,16.076176610461744,1.92805149954117,4.463807768311811,14,"{""0"": 0.014419837096503138, ""1"": 0.006815925868981219, ""2"": 0.013189520552638011, ""3"": 0.016412828641118267, ""4"": 0.004280374976315658, ""5"": 0.008907072906318798}"
primary,200,p0.05,nan,1.0,14,0.05,9.950000000000001,9.915,1,18,1983,1983,1.596467426579523,40,0.5241961084233755,0.010483922168467512,24.7624497112768,16.471592324275296,1.9201210063699559,4.420546835820633,14,"{""0"": 0.010763695454880125, ""1"": 0.005518521369930493, ""2"": 0.015342648547724325, ""3"": 0.012837397718231613, ""4"": 0.007013984807424779, ""5"": 0.01142728511261373}"
primary,200,p0.05,nan,1.0,14,0.05,9.950000000000001,9.915,1,18,1983,1983,1.596467426579523,50,0.5241515117458948,0.010483030234917897,2.098604516722204,16.700851448687008,1.9838104313053497,4.370754390667062,13,"{""0"": 0.013270067827817431, ""1"": 0.008406268720736932, ""2"": 0.011710254820730074, ""3"": 0.011074102778384717, ""4"": 0.004922047023675805, ""5"": 0.013515440238162429}"
primary,200,p0.05,nan,1.0,14,0.05,9.950000000000001,9.915,1,18,1983,1983,1.596467426579523,60,0.49325875712088,0.009865175142417602,8.708725660933649,16.979861343693347,1.9886649163189043,4.365135135385762,14,"{""0"": 0.015243451513378498, ""1"": 0.005541901339822767, ""2"": 0.012725229091571689, ""3"": 0.009738104252547947, ""4"": 0.0070535002980317354, ""5"": 0.008888864359152978}"
primary,200,p0.05,nan,1.0,14,0.05,9.950000000000001,9.915,1,18,1983,1983,1.596467426579523,70,0.44408360134431873,0.008881672026886375,3.2282593678876617,17.092028811683896,2.000292429126924,4.842610243624113,14,"{""0"": 0.015878068610450144, ""1"": 0.0055302718762240645, ""2"": 0.006490915592311875, ""3"": 0.008208404342341756, ""4"": 0.004984057415596847, ""5"": 0.012198314324393568}"
primary,200,p0.05,nan,1.0,14,0.05,9.950000000000001,9.915,1,18,1983,1983,1.596467426579523,80,0.43128443703320024,0.008625688740664007,9.284332535487586,17.25903535217168,1.9697944807820642,4.7850783334298415,15,"{""0"": 0.01591789861247803, ""1"": 0.005334217718020421, ""2"": 0.007040818929023092, ""3"": 0.008410749392674562, ""4"": 0.006389988490593636, ""5"": 0.008660459301194301}"
primary,200,p0.05,nan,1.0,14,0.05,9.950000000000001,9.915,1,18,1983,1983,1.596467426579523,90,0.4349373711825934,0.00869874742365187,2.526075737332562,17.270237628109545,1.9715124689479475,4.597795903444909,14,"{""0"": 0.015281728865245883, ""1"": 0.004454489434087066, ""2"": 0.010123883625446452, ""3"": 0.007534145136575162, ""4"": 0.006548046040063123, ""5"": 0.008250191440493526}"
primary,200,p0.05,nan,1.0,14,0.05,9.950000000000001,9.915,1,18,1983,1983,1.596467426579523,100,0.4385547445805235,0.008771094891610471,3.336867186079973,17.40983321986405,1.9668171989228247,4.542694363523343,14,"{""0"": 0.015214903113451233, ""1"": 0.004164150075766237, ""2"": 0.010128785515443394, ""3"": 0.008174596343168285, ""4"": 0.007032717301050341, ""5"": 0.007911417000783325}"
primary,200,p0.05,nan,1.0,14,0.05,9.950000000000001,9.915,1,18,1983,1983,1.596467426579523,110,0.43058506196186486,0.008611701239237298,2.102756220919821,17.512938334773022,1.9783977426790762,4.746426388447779,14,"{""0"": 0.014554435390138915, ""1"": 0.004695074319355964, ""2"": 0.009322348116060858, ""3"": 0.008217073175471695, ""4"": 0.006162513081604994, ""5"": 0.008718763352791361}"
primary,200,p0.05,nan,1.0,14,0.05,9.950000000000001,9.915,1,18,1983,1983,1.596467426579523,120,0.4071680967912606,0.008143361935825212,9.75682320975145,17.674556655978446,1.9831323920181656,4.947862682600006,15,"{""0"": 0.012822821723726582, ""1"": 0.004987493688599791, ""2"": 0.009033321718265852, ""3"": 0.008155397555268912, ""4"": 0.006208252972934384, ""5"": 0.00765288395615576}"
primary,200,p0.05,nan,1.0,14,0.05,9.950000000000001,9.915,1,18,1983,1983,1.596467426579523,130,0.41759692977605967,0.008351938595521195,4.2576843294039195,17.80891681026862,2.003208442655225,4.971254365542182,15,"{""0"": 0.013721571195659688, ""1"": 0.0053210573388471375, ""2"": 0.008815642683868485, ""3"": 0.007417439364983921, ""4"": 0.007288089495862774, ""5"": 0.007547831493905163}"
primary,200,p0.05,nan,1.0,14,0.05,9.950000000000001,9.915,1,18,1983,1983,1.596467426579523,140,0.4213441128245054,0.008426882256490109,3.5914350913746085,17.9082242299646,2.0178903113680997,4.866971142178484,15,"{""0"": 0.013670346027915397, ""1"": 0.005169701191717409, ""2"": 0.009249109111967727, ""3"": 0.007041682703543895, ""4"": 0.007885223487736282, ""5"": 0.0075452310160599445}"
primary,200,p0.05,nan,1.0,14,0.05,9.950000000000001,9.915,1,18,1983,1983,1.596467426579523,150,0.43246738174722127,0.008649347634944427,13.272719512693886,18.024298037621854,2.028140255476954,4.838345420436165,15,"{""0"": 0.014723867214563136, ""1"": 0.0054943854706452685, ""2"": 0.009452118924433003, ""3"": 0.006592330803987542, ""4"": 0.0077914195335415225, ""5"": 0.00784196386249609}"
primary,200,p0.05,nan,1.0,14,0.05,9.950000000000001,9.915,1,18,1983,1983,1.596467426579523,160,0.4066647928133196,0.008133295856266393,6.210606519506045,18.099884342235548,2.040485552119085,4.513892550751734,14,"{""0"": 0.013873359203805577, ""1"": 0.00607256927175067, ""2"": 0.008653231680627168, ""3"": 0.006800789721141338, ""4"": 0.006413006333557189, ""5"": 0.0069868189267164125}"
primary,200,p0.05,nan,1.0,14,0.05,9.950000000000001,9.915,1,18,1983,1983,1.596467426579523,170,0.4095826501311915,0.008191653002623832,2.782443862914267,18.205981764352078,2.051424885971646,4.45789967091114,14,"{""0"": 0.013834874154776295, ""1"": 0.006204165234651371, ""2"": 0.008610923656428425, ""3"": 0.0067524440223790325, ""4"": 0.006603164303538443, ""5"": 0.007144346643969414}"
primary,200,p0.05,nan,1.0,14,0.05,9.950000000000001,9.915,1,18,1983,1983,1.596467426579523,180,0.4133487518579955,0.008266975037159912,1.3549550032925202,18.26066074107398,2.0613478623404644,4.306545241517721,14,"{""0"": 0.014382799530667604, ""1"": 0.006029794910932004, ""2"": 0.008748573114797016, ""3"": 0.006528790441366748, ""4"": 0.006317735016006484, ""5"": 0.007594157209189612}"
primary,200,p0.05,nan,1.0,14,0.05,9.950000000000001,9.915,1,18,1983,1983,1.596467426579523,190,0.4083542420922017,0.008167084841844035,10.53159875166628,18.356666833019446,2.0605597834687353,4.283035071372119,14,"{""0"": 0.014581262721100224, ""1"": 0.005884567959279281, ""2"": 0.008397832750924242, ""3"": 0.0063813194153398934, ""4"": 0.005821520063731271, ""5"": 0.0079360061406893}"
primary,200,p0.05,nan,1.0,14,0.05,9.950000000000001,9.915,1,18,1983,1983,1.596467426579523,200,0.41020932316310255,0.00820418646326205,12.728944148040732,18.432820894002468,2.0594945397819044,4.335819100425505,14,"{""0"": 0.013867744844651605, ""1"": 0.005946012901397761, ""2"": 0.00776929134474103, ""3"": 0.006583262173798679, ""4"": 0.005436044497681907, ""5"": 0.009622763017301326}"
primary,200,p0.10,nan,1.0,14,0.1,19.900000000000002,20.255,9,31,4051,4051,1.5564205121425492,0,1.0616595825826538,0.02123319165165308,nan,0.0,1.5564205121425492,7.533751925763091,14,"{""0"": 0.020779781597008846, ""1"": 0.023524219993908767, ""2"": 0.019704939446939733, ""3"": 0.02047977073558983, ""4"": 0.021168336313578957, ""5"": 0.021742101822892344}"
primary,200,p0.10,nan,1.0,14,0.1,19.900000000000002,20.255,9,31,4051,4051,1.5564205121425492,10,0.6712731340020167,0.013425462680040336,0.9834239582072574,11.151403405942757,1.9369436077804607,2.097802204749056,6,"{""0"": 0.018070867388784252, ""1"": 0.0007789565528021961, ""2"": 0.006625369451003463, ""3"": 0.01685223888334455, ""4"": 0.0007890739390847702, ""5"": 0.03743626986522278}"
primary,200,p0.10,nan,1.0,14,0.1,19.900000000000002,20.255,9,31,4051,4051,1.5564205121425492,20,0.4110382544824166,0.008220765089648334,13.09471259440537,14.78014051826191,1.9241112817834267,2.9853759214947275,8,"{""0"": 0.015536823116652143, ""1"": 0.0047514258055745395, ""2"": 0.009019354032720337, ""3"": 0.004673087958878033, ""4"": 0.004767058709651195, ""5"": 0.010576840914413752}"
primary,200,p0.10,nan,1.0,14,0.1,19.900000000000002,20.255,9,31,4051,4051,1.5564205121425492,30,0.233563788921578,0.0046712757784315604,1.644141505778126,15.56594502631753,1.9591384469759077,3.0663636015550972,8,"{""0"": 0.004603653752938615, ""1"": 0.005110009706661129, ""2"": 0.004589573529041461, ""3"": 0.0038076469200682963, ""4"": 0.0031080544898154277, ""5"": 0.0068087162720644355}"
primary,200,p0.10,nan,1.0,14,0.1,19.900000000000002,20.255,9,31,4051,4051,1.5564205121425492,40,0.2458720896927153,0.004917441793854307,4.926141162854285,16.165856127833184,1.9745243142532367,2.843408289741304,6,"{""0"": 0.004074780263451709, ""1"": 0.006913474548898806, ""2"": 0.0024913667174618886, ""3"": 0.005176164251393112, ""4"": 0.004478416107358743, ""5"": 0.006370448874561579}"
primary,200,p0.10,nan,1.0,14,0.1,19.900000000000002,20.255,9,31,4051,4051,1.5564205121425492,50,0.23703429999640468,0.004740685999928094,2.052368441639894,16.436218691948323,1.9858369660278263,2.8390836772967507,6,"{""0"": 0.00491933452998486, ""1"": 0.00563780122299723, ""2"": 0.0013608933630656086, ""3"": 0.006878795987947606, ""4"": 0.0032848368907075222, ""5"": 0.006362454004865745}"
primary,200,p0.10,nan,1.0,14,0.1,19.900000000000002,20.255,9,31,4051,4051,1.5564205121425492,60,0.21071178001045823,0.0042142356002091656,0.710517032768916,16.680726255235317,1.985908523352679,2.7757575837956545,5,"{""0"": 0.005500553227311565, ""1"": 0.004836274167270447, ""2"": 0.002456155838331665, ""3"": 0.004367075556709013, ""4"": 0.003044856618677505, ""5"": 0.005080498192954798}"
primary,200,p0.10,nan,1.0,14,0.1,19.900000000000002,20.255,9,31,4051,4051,1.5564205121425492,70,0.2060681743946151,0.004121363487892302,5.629750014433719,16.764830224411902,1.9833155857201246,2.7942774154873846,5,"{""0"": 0.004252522884215093, ""1"": 0.004065813438447402, ""2"": 0.0025956020623836853, ""3"": 0.005156325118817346, ""4"": 0.0036616822569028435, ""5"": 0.0049962351665874425}"
primary,200,p0.10,nan,1.0,14,0.1,19.900000000000002,20.255,9,31,4051,4051,1.5564205121425492,80,0.2045550470595182,0.004091100941190365,2.9393681781335217,16.921827652238463,1.988407878969696,2.8296974122948058,5,"{""0"": 0.0038858680640431235, ""1"": 0.004691901157983644, ""2"": 0.0019651198947613336, ""3"": 0.006321860052297898, ""4"": 0.003845903981973031, ""5"": 0.00383595249608316}"
primary,200,p0.10,nan,1.0,14,0.1,19.900000000000002,20.255,9,31,4051,4051,1.5564205121425492,90,0.18955814893162126,0.003791162978632426,1.6123187569534363,17.184558702229026,2.0005205527117558,2.8166612458532163,5,"{""0"": 0.004143047349205943, ""1"": 0.004211709200611938, ""2"": 0.0018034708259638758, ""3"": 0.006204285104327305, ""4"": 0.003633778996273134, ""5"": 0.002750686395412359}"
primary,200,p0.10,nan,1.0,14,0.1,19.900000000000002,20.255,9,31,4051,4051,1.5564205121425492,100,0.16718019131016196,0.0033436038262032396,1.1753196680447846,17.199687207326498,2.0007527568127244,2.7484918456304857,6,"{""0"": 0.002240180753602887, ""1"": 0.003508125934406826, ""2"": 0.0038470006922183414, ""3"": 0.0028000554010525805, ""4"": 0.003462574145545269, ""5"": 0.0042036860303935365}"
primary,200,p0.10,nan,1.0,14,0.1,19.900000000000002,20.255,9,31,4051,4051,1.5564205121425492,110,0.15894347541771053,0.003178869508354211,0.5561491827976187,17.28646611273729,2.0027384390390948,2.783348664940768,6,"{""0"": 0.002124640192685168, ""1"": 0.003317101156902354, ""2"": 0.003208750394888558, ""3"": 0.003448169619327509, ""4"": 0.003115970821072767, ""5"": 0.003858584865248911}"
primary,200,p0.10,nan,1.0,14,0.1,19.900000000000002,20.255,9,31,4051,4051,1.5564205121425492,120,0.15931476207458228,0.003186295241491646,0.6030840491849503,17.322322721373006,1.9993924938954915,2.7574999041060573,5,"{""0"": 0.0012745299789286703, ""1"": 0.003970368104048001, ""2"": 0.002905769446848628, ""3"": 0.003298569595045448, ""4"": 0.003801329662570344, ""5"": 0.0038672046615087865}"
primary,200,p0.10,nan,1.0,14,0.1,19.900000000000002,20.255,9,31,4051,4051,1.5564205121425492,130,0.15409950171340694,0.0030819900342681393,0.4161507822482292,17.39537474600558,1.9994363512075506,2.7640039691180234,5,"{""0"": 0.0013568418138171397, ""1"": 0.0036881401957164057, ""2"": 0.002492691684060699, ""3"": 0.0037708168180864967, ""4"": 0.0035697576351262535, ""5"": 0.003613692058801838}"
primary,200,p0.10,nan,1.0,14,0.1,19.900000000000002,20.255,9,31,4051,4051,1.5564205121425492,140,0.1457925622407009,0.002915851244814018,4.059338970207661,17.501989269481154,2.001714767942785,2.781177742661747,5,"{""0"": 0.0013224065828474675, ""1"": 0.003615630406554686, ""2"": 0.0014990504473248807, ""3"": 0.003924763319750673, ""4"": 0.0036827282743892736, ""5"": 0.0034505284380171282}"
primary,200,p0.10,nan,1.0,14,0.1,19.900000000000002,20.255,9,31,4051,4051,1.5564205121425492,150,0.13224295716163365,0.002644859143232673,1.1911387567395146,17.528218560218182,2.00218295068725,2.7651886460354453,6,"{""0"": 0.001262873315359403, ""1"": 0.003297029546218707, ""2"": 0.0025818678917234683, ""3"": 0.002228343192147544, ""4"": 0.0034675712163927293, ""5"": 0.0030314696975541886}"
primary,200,p0.10,nan,1.0,14,0.1,19.900000000000002,20.255,9,31,4051,4051,1.5564205121425492,160,0.12223635725128108,0.002444727145025622,1.1888132593805751,17.571564840566747,2.0038804908842613,2.834971458157963,6,"{""0"": 0.0013738316196304974, ""1"": 0.00264159760409155, ""2"": 0.002566140092501412, ""3"": 0.002624863250854662, ""4"": 0.0031157598734675774, ""5"": 0.002346170429608032}"
primary,200,p0.10,nan,1.0,14,0.1,19.900000000000002,20.255,9,31,4051,4051,1.5564205121425492,170,0.12062181495938341,0.0024124362991876686,3.69152662578402,17.605845611513455,2.0018592086858127,2.8351310142201505,6,"{""0"": 0.0013145016650765895, ""1"": 0.0030495011748970886, ""2"": 0.002061443202465919, ""3"": 0.0030399076092169587, ""4"": 0.0032368722255459517, ""5"": 0.0017723919179235045}"
primary,200,p0.10,nan,1.0,14,0.1,19.900000000000002,20.255,9,31,4051,4051,1.5564205121425492,180,0.13141149020290618,0.002628229804058124,9.275906348571375,17.6978328574069,2.005627636566778,2.818314514740487,6,"{""0"": 0.0013414243756690472, ""1"": 0.002610800927016808, ""2"": 0.0016851793445364302, ""3"": 0.003514925307922711, ""4"": 0.0036212075184587134, ""5"": 0.002995841350745033}"
primary,200,p0.10,nan,1.0,14,0.1,19.900000000000002,20.255,9,31,4051,4051,1.5564205121425492,190,0.13225392377465073,0.002645078475493015,2.9970960564235507,17.72943500359606,2.0059023624677454,2.82318924271182,6,"{""0"": 0.001314268336078095, ""1"": 0.0026140358758078948, ""2"": 0.0014898565928912991, ""3"": 0.0036845372134342567, ""4"": 0.0038833474254542193, ""5"": 0.002884425409292323}"
primary,200,p0.10,nan,1.0,14,0.1,19.900000000000002,20.255,9,31,4051,4051,1.5564205121425492,200,0.12640956627374172,0.002528191325474835,1.593469112340393,17.790415506468875,2.0080744975501887,2.841634451768334,6,"{""0"": 0.0013173809911223879, ""1"": 0.002707705093788375, ""2"": 0.0013442943715330049, ""3"": 0.003739577896718368, ""4"": 0.0038909677925560854, ""5"": 0.0021692218071307874}"
primary,200,p0.20,nan,1.0,14,0.2,39.800000000000004,40.19,29,58,8038,8038,1.5316585111628815,0,0.9666775344802999,0.019333550689606002,nan,0.0,1.5316585111628815,8.411115675587821,15,"{""0"": 0.020532784191213977, ""1"": 0.018113361551808593, ""2"": 0.020020491075809305, ""3"": 0.017870488242159317, ""4"": 0.01987586600379309, ""5"": 0.019588313072851703}"
primary,200,p0.20,nan,1.0,14,0.2,39.800000000000004,40.19,29,58,8038,8038,1.5316585111628815,10,1.0120262523115182,0.02024052504623037,0.2393505636493491,9.716877637621467,2.153903299383827,1.3534948332185217,2,"{""0"": 0.01845359158088879, ""1"": 0.012072583751322943, ""2"": 0.016485346453217222, ""3"": 0.01604276024408309, ""4"": 0.0004128645874238024, ""5"": 0.05797600366044635}"
primary,200,p0.20,nan,1.0,14,0.2,39.800000000000004,40.19,29,58,8038,8038,1.5316585111628815,20,0.7081613168473214,0.01416322633694643,5.599428171788668,13.613577006743101,2.131827951540292,2.819111828460302,5,"{""0"": 0.005670327340079403, ""1"": 0.013325487443638054, ""2"": 0.011031857387497972, ""3"": 0.014254042402916434, ""4"": 0.02884189549478346, ""5"": 0.01185574795276326}"
primary,200,p0.20,nan,1.0,14,0.2,39.800000000000004,40.19,29,58,8038,8038,1.5316585111628815,30,0.4390031123787807,0.008780062247575614,2.342150537467659,15.061759196407802,2.1319747039997505,2.8707708475519165,5,"{""0"": 0.006509368149540243, ""1"": 0.021124956215763924, ""2"": 0.007002660377103051, ""3"": 0.009918870594910123, ""4"": 0.002442923495135593, ""5"": 0.005681594653000763}"
primary,200,p0.20,nan,1.0,14,0.2,39.800000000000004,40.19,29,58,8038,8038,1.5316585111628815,40,0.39122180786000865,0.007824436157200174,3.21747403768502,16.12942934008795,2.039137346918966,2.66748356003153,5,"{""0"": 0.0011803893102448775, ""1"": 0.014064151146471016, ""2"": 0.003077019405413658, ""3"": 0.006128769403279756, ""4"": 0.004663587636289924, ""5"": 0.01783270004150182}"
primary,200,p0.20,nan,1.0,14,0.2,39.800000000000004,40.19,29,58,8038,8038,1.5316585111628815,50,0.3395669217889715,0.006791338435779432,1.1147208543693368,16.742217324300988,2.106083228897204,2.6001150668620414,5,"{""0"": 0.0014543609182675653, ""1"": 0.019041899038533504, ""2"": 0.0029970754829977417, ""3"": 0.0029692956633800968, ""4"": 0.004249800616565743, ""5"": 0.010035598894931932}"
primary,200,p0.20,nan,1.0,14,0.2,39.800000000000004,40.19,29,58,8038,8038,1.5316585111628815,60,0.23767184303099317,0.004753436860619864,4.048900338232417,17.171004498904097,2.129042347777429,2.5716583071120347,4,"{""0"": 0.001321183544996093, ""1"": 0.014965686681133222, ""2"": 0.0032632016982967237, ""3"": 0.0008001274146489948, ""4"": 0.003833637667291524, ""5"": 0.004336784157352625}"
primary,200,p0.20,nan,1.0,14,0.2,39.800000000000004,40.19,29,58,8038,8038,1.5316585111628815,70,0.24072552024146232,0.0048145104048292475,0.5059394893853392,17.77651679290772,2.184736372644357,2.633870132225933,4,"{""0"": 0.0013229809029354383, ""1"": 0.017139411939644338, ""2"": 0.00044674153962692307, ""3"": 0.0007923907015984519, ""4"": 0.00539160754061261, ""5"": 0.0037939298045577205}"
primary,200,p0.20,nan,1.0,14,0.2,39.800000000000004,40.19,29,58,8038,8038,1.5316585111628815,80,0.2209556644762885,0.00441911328952577,1.4745803647707483,18.276269700262485,2.1600475111884587,2.638565949197125,4,"{""0"": 0.0020671289058407523, ""1"": 0.013333456213757328, ""2"": 0.0004463055134669695, ""3"": 0.0007176531701711083, ""4"": 0.0051287270644550425, ""5"": 0.004821408869463426}"
primary,200,p0.20,nan,1.0,14,0.2,39.800000000000004,40.19,29,58,8038,8038,1.5316585111628815,90,0.23405346051859685,0.004681069210371937,1.1955074739690588,18.511665927230457,2.1738881720690424,2.603132654380917,4,"{""0"": 0.001139628482549884, ""1"": 0.015009012503198036, ""2"": 0.0004095320029690208, ""3"": 0.0010596079034588806, ""4"": 0.005000914646631475, ""5"": 0.0054677197234243285}"
primary,200,p0.20,nan,1.0,14,0.2,39.800000000000004,40.19,29,58,8038,8038,1.5316585111628815,100,0.2570361521353188,0.005140723042706376,11.762334841967121,18.77911416477787,2.2000805499291327,2.6690982735630793,4,"{""0"": 0.0016852788022854426, ""1"": 0.01710141545956854, ""2"": 0.0005374664457454107, ""3"": 0.0010154798427413402, ""4"": 0.005390954895955359, ""5"": 0.005113742809942164}"
primary,200,p0.20,nan,1.0,14,0.2,39.800000000000004,40.19,29,58,8038,8038,1.5316585111628815,110,0.24605606159148133,0.004921121231829627,1.6730473313022305,18.92657934190868,2.2166745054406762,2.6768052048146007,4,"{""0"": 0.0015282066474665156, ""1"": 0.01641179400653012, ""2"": 0.0003904013942582161, ""3"": 0.000858348698741402, ""4"": 0.00521117739302979, ""5"": 0.005126799250951723}"
primary,200,p0.20,nan,1.0,14,0.2,39.800000000000004,40.19,29,58,8038,8038,1.5316585111628815,120,0.21061789039149734,0.004212357807829948,9.615305253267353,19.055378284301028,2.231563850726936,2.752402115469346,4,"{""0"": 0.002874656718179911, ""1"": 0.007554483477449305, ""2"": 0.00039219583486323613, ""3"": 0.0029094043903189343, ""4"": 0.004059094299109031, ""5"": 0.00748431212705927}"
primary,200,p0.20,nan,1.0,14,0.2,39.800000000000004,40.19,29,58,8038,8038,1.5316585111628815,130,0.21099128141158116,0.004219825628231624,0.3239899947601211,19.187546518579378,2.220627105148929,2.7645539823233665,4,"{""0"": 0.002874693975346735, ""1"": 0.006619963519026148, ""2"": 0.00040180774812329184, ""3"": 0.0031971032235408163, ""4"": 0.004416267739730672, ""5"": 0.007809117563622082}"
primary,200,p0.20,nan,1.0,14,0.2,39.800000000000004,40.19,29,58,8038,8038,1.5316585111628815,140,0.20785773611065766,0.004157154722213154,0.3298881177654208,19.410422735111585,2.2293339855112038,2.7828345459687873,4,"{""0"": 0.0025709873219037223, ""1"": 0.005504628358919874, ""2"": 0.00140683572660739, ""3"": 0.003048595840758215, ""4"": 0.003953624265216899, ""5"": 0.00845825681987282}"
primary,200,p0.20,nan,1.0,14,0.2,39.800000000000004,40.19,29,58,8038,8038,1.5316585111628815,150,0.19847599000710664,0.0039695198001421335,12.098986281255353,19.571847453103956,2.2026138819514647,2.7745120271570762,4,"{""0"": 0.00337925198629955, ""1"": 0.005534286260580995, ""2"": 0.0008461594556593308, ""3"": 0.0028024383031209853, ""4"": 0.003957608005029498, ""5"": 0.007297374790162438}"
primary,200,p0.20,nan,1.0,14,0.2,39.800000000000004,40.19,29,58,8038,8038,1.5316585111628815,160,0.193624184374138,0.0038724836874827607,0.3628240930401865,19.93735772841148,2.1514704045725357,2.785020879928789,4,"{""0"": 0.0017399795163032029, ""1"": 0.007506516724309331, ""2"": 0.0009653856550584497, ""3"": 0.003805768638045672, ""4"": 0.005358584531183613, ""5"": 0.003858667059996293}"
primary,200,p0.20,nan,1.0,14,0.2,39.800000000000004,40.19,29,58,8038,8038,1.5316585111628815,170,0.14097643444224692,0.0028195286888449385,0.2438608246660035,20.005677742098356,2.144903671478293,2.817973768538053,4,"{""0"": 0.0021492668051153845, ""1"": 0.0026539418501139588, ""2"": 0.0004813530786524006, ""3"": 0.00386023469767887, ""4"": 0.0038991726326857794, ""5"": 0.0038732030688232388}"
primary,200,p0.20,nan,1.0,14,0.2,39.800000000000004,40.19,29,58,8038,8038,1.5316585111628815,180,0.13469454340940612,0.002693890868188123,7.865553984686975,19.8842470459153,2.1440273795768228,2.8218395504336793,4,"{""0"": 0.0027529301438189054, ""1"": 0.001985150414695396, ""2"": 0.0004051699246084856, ""3"": 0.0036056111150138508, ""4"": 0.0036945938088914524, ""5"": 0.003719889802100646}"
primary,200,p0.20,nan,1.0,14,0.2,39.800000000000004,40.19,29,58,8038,8038,1.5316585111628815,190,0.14522169030891202,0.002904433806178241,6.423245414098271,20.0431706026922,2.1640554472167484,2.819662191785638,4,"{""0"": 0.002824946103239987, ""1"": 0.0030614193368857117, ""2"": 0.00038215939468182284, ""3"": 0.003626582674176663, ""4"": 0.0037383452899830277, ""5"": 0.003793150038102234}"
primary,200,p0.20,nan,1.0,14,0.2,39.800000000000004,40.19,29,58,8038,8038,1.5316585111628815,200,0.14410143408149914,0.0028820286816299834,0.5203204746730928,20.11389713059153,2.1634200464715208,2.8204799349348444,4,"{""0"": 0.0029094962643959324, ""1"": 0.0027928127163325605, ""2"": 0.0003569081669510774, ""3"": 0.0037632155445601174, ""4"": 0.0037483598950159417, ""5"": 0.0037213795025242704}"
primary,200,p0.40,nan,1.0,14,0.4,79.60000000000001,80.02,61,96,16004,16004,1.514523684167867,0,1.0027913200661025,0.02005582640132205,nan,0.0,1.514523684167867,4.627517306147693,13,"{""0"": 0.01677352725114632, ""1"": 0.02224050437589506, ""2"": 0.020262284411592908, ""3"": 0.018281850331458967, ""4"": 0.02240051008175096, ""5"": 0.020376281956088087}"
primary,200,p0.40,nan,1.0,14,0.4,79.60000000000001,80.02,61,96,16004,16004,1.514523684167867,10,0.42295549854494774,0.008459109970898956,0.9281503458196703,10.519153122217869,2.0510547836048043,2.284232715881756,4,"{""0"": 0.012689181978521319, ""1"": 0.005293018926167419, ""2"": 0.01038623238072257, ""3"": 0.014695360867563923, ""4"": 0.002098793794907257, ""5"": 0.005592071877511243}"
primary,200,p0.40,nan,1.0,14,0.4,79.60000000000001,80.02,61,96,16004,16004,1.514523684167867,20,0.309413562214409,0.006188271244288181,0.2935333588457909,12.599968634631747,2.138465015711446,2.4032676598807834,3,"{""0"": 0.0022190177172194472, ""1"": 0.0159050729136224, ""2"": 0.0008042918553372816, ""3"": 0.00932973950717689, ""4"": 0.004132282276717332, ""5"": 0.004739223195655741}"
primary,200,p0.40,nan,1.0,14,0.4,79.60000000000001,80.02,61,96,16004,16004,1.514523684167867,30,0.1760132746846849,0.003520265493693698,4.979689611171519,13.378252858602684,2.153048522229805,2.5999452341101303,3,"{""0"": 0.0021364772483046185, ""1"": 0.005288460987063233, ""2"": 0.0013005112760688252, ""3"": 0.0017139353550886722, ""4"": 0.005803883023609376, ""5"": 0.004878325072027469}"
primary,200,p0.40,nan,1.0,14,0.4,79.60000000000001,80.02,61,96,16004,16004,1.514523684167867,40,0.28441241812596424,0.005688248362519286,0.5472047882743352,15.245140491138244,2.1153884872553244,2.5425431071282056,3,"{""0"": 0.0015938800595699562, ""1"": 0.004495360915220016, ""2"": 0.014557429754078022, ""3"": 0.009799032125824418, ""4"": 0.0007600524756000787, ""5"": 0.0029237348448232234}"
primary,200,p0.40,nan,1.0,14,0.4,79.60000000000001,80.02,61,96,16004,16004,1.514523684167867,50,0.22581901981830033,0.004516380396366007,0.21157229564611044,15.940954068809006,2.0912035682429897,2.59507327211151,3,"{""0"": 0.0009051773861024634, ""1"": 0.006161352698612186, ""2"": 0.006824809889719119, ""3"": 0.007341358743861652, ""4"": 0.003119297669801936, ""5"": 0.0027462859900986855}"
primary,200,p0.40,nan,1.0,14,0.4,79.60000000000001,80.02,61,96,16004,16004,1.514523684167867,60,0.2770731426316856,0.005541462852633712,3.1779216437236197,16.826508986730627,2.074521928278746,2.533318541858282,4,"{""0"": 0.0036542380340355827, ""1"": 0.005190585750540566, ""2"": 0.010109055355507386, ""3"": 0.0031292733927042703, ""4"": 0.0093375543421531, ""5"": 0.0018280702408613725}"
primary,200,p0.40,nan,1.0,14,0.4,79.60000000000001,80.02,61,96,16004,16004,1.514523684167867,70,0.21149017193337277,0.0042298034386674555,6.155193998452359,17.811902815872173,2.0627001417426496,2.6189246781450386,4,"{""0"": 0.0033337609255075216, ""1"": 0.005184398803546789, ""2"": 0.005426168383135425, ""3"": 0.004215943921721374, ""4"": 0.004904069503798069, ""5"": 0.0023144790942955587}"
primary,200,p0.40,nan,1.0,14,0.4,79.60000000000001,80.02,61,96,16004,16004,1.514523684167867,80,0.2036744296780279,0.0040734885935605585,0.46029965037280546,18.10498189801461,2.101289693055654,2.5754551790807128,4,"{""0"": 0.001496010524802606, ""1"": 0.005418545386426528, ""2"": 0.010831074255377007, ""3"": 0.003335833509670794, ""4"": 0.0012461239085434666, ""5"": 0.002113343976542951}"
primary,200,p0.40,nan,1.0,14,0.4,79.60000000000001,80.02,61,96,16004,16004,1.514523684167867,90,0.20529265344948291,0.004105853068989659,0.26398685258579435,18.369549512511018,2.0953255975255827,2.575162015214129,4,"{""0"": 0.00046982969590134133, ""1"": 0.0051234528791988055, ""2"": 0.015270145621040532, ""3"": 0.0006837075877868116, ""4"": 0.00191773980340264, ""5"": 0.0011702428266078166}"
primary,200,p0.40,nan,1.0,14,0.4,79.60000000000001,80.02,61,96,16004,16004,1.514523684167867,100,0.2763668409430289,0.005527336818860578,0.3315071842826877,18.68721468371073,2.0844863335181913,2.4998383014336003,4,"{""0"": 0.0003456066355298908, ""1"": 0.005156118171874785, ""2"": 0.01612319367533106, ""3"": 0.0011693045528435087, ""4"": 0.0028458334891164247, ""5"": 0.007523964388467799}"
primary,200,p0.40,nan,1.0,14,0.4,79.60000000000001,80.02,61,96,16004,16004,1.514523684167867,110,0.3139209632143639,0.006278419264287279,6.391905939378598,18.876242809525376,2.0968604358202065,2.439813296991976,4,"{""0"": 0.0003272253477315162, ""1"": 0.005782825339568899, ""2"": 0.01622406468563353, ""3"": 0.0004643206178822289, ""4"": 0.0020784585967191373, ""5"": 0.01279362099818836}"
primary,200,p0.40,nan,1.0,14,0.4,79.60000000000001,80.02,61,96,16004,16004,1.514523684167867,120,0.33845358626444105,0.006769071725288822,0.4397475376802061,19.288877414563643,2.134788181672486,2.5536871793202978,4,"{""0"": 0.00029655712697028246, ""1"": 0.004260143281460812, ""2"": 0.014569939808275197, ""3"": 0.005454343541329169, ""4"": 0.002753323438947229, ""5"": 0.01328012315475024}"
primary,200,p0.40,nan,1.0,14,0.4,79.60000000000001,80.02,61,96,16004,16004,1.514523684167867,130,0.3918268525057631,0.007836537050115264,0.2410345121312751,19.459442747364257,2.1232471945501765,2.545683787306543,4,"{""0"": 0.0005063071341117012, ""1"": 0.0049947948605393155, ""2"": 0.014730301639718066, ""3"": 0.004115626593919027, ""4"": 0.00259991821788426, ""5"": 0.020072273854519217}"
primary,200,p0.40,nan,1.0,14,0.4,79.60000000000001,80.02,61,96,16004,16004,1.514523684167867,140,0.3760759912201979,0.007521519824403959,0.9648405277599915,19.599948306591422,2.14378286332636,2.5306478202483524,4,"{""0"": 0.0005029431252407729, ""1"": 0.0046187189286221505, ""2"": 0.014425112036238297, ""3"": 0.00331491711917644, ""4"": 0.0014497815258776897, ""5"": 0.020817646211268408}"
primary,200,p0.40,nan,1.0,14,0.4,79.60000000000001,80.02,61,96,16004,16004,1.514523684167867,150,0.3876389176013044,0.007752778352026089,0.39112585585885157,19.96495991199701,2.14588126389637,2.5424551135842837,4,"{""0"": 0.0023911501003269766, ""1"": 0.005511720000935251, ""2"": 0.01482961974826413, ""3"": 0.0027808926622922706, ""4"": 0.0006729685137234719, ""5"": 0.02033031908661444}"
primary,200,p0.40,nan,1.0,14,0.4,79.60000000000001,80.02,61,96,16004,16004,1.514523684167867,160,0.3572289742933769,0.00714457948586754,0.13116848034686837,20.40946953647385,2.1621067037587114,2.6249878970003633,4,"{""0"": 0.003384895124677046, ""1"": 0.0009227346161707018, ""2"": 0.014029537888702204, ""3"": 0.012459536345571731, ""4"": 0.0008807150078081341, ""5"": 0.011190057932275423}"
primary,200,p0.40,nan,1.0,14,0.4,79.60000000000001,80.02,61,96,16004,16004,1.514523684167867,170,0.2942269710254338,0.005884539420508678,0.18949539542495258,20.563667507041956,2.1660778993285725,2.603526280405487,4,"{""0"": 0.0016642553703045157, ""1"": 0.000904016729404847, ""2"": 0.014159628951997492, ""3"": 0.010897577525415082, ""4"": 0.0009989127386996006, ""5"": 0.006682845207230529}"
primary,200,p0.40,nan,1.0,14,0.4,79.60000000000001,80.02,61,96,16004,16004,1.514523684167867,180,0.2652165362160043,0.005304330724320086,0.621500246149637,20.991549588825027,2.1591505974178418,2.605304330290827,5,"{""0"": 0.0013281621056889933, ""1"": 0.0011524847862559805, ""2"": 0.012158090412862862, ""3"": 0.007343447951781816, ""4"": 0.0003420475133615353, ""5"": 0.009501751575969332}"
primary,200,p0.40,nan,1.0,14,0.4,79.60000000000001,80.02,61,96,16004,16004,1.514523684167867,190,0.26751374179614507,0.005350274835922902,2.366708791570502,21.150755450913355,2.168675206849721,2.5631290953867913,4,"{""0"": 0.0010287362531550335, ""1"": 0.0011536842305453065, ""2"": 0.016112071202995154, ""3"": 0.006429259836700033, ""4"": 0.00036727267032528603, ""5"": 0.007010624821816599}"
primary,200,p0.40,nan,1.0,14,0.4,79.60000000000001,80.02,61,96,16004,16004,1.514523684167867,200,0.23225934347446361,0.004645186869489273,1.8421308772974538,21.32754769790028,2.182423771301608,2.5469250437902398,4,"{""0"": 0.0009058887170093975, ""1"": 0.0015777777496284284, ""2"": 0.010405406921980541, ""3"": 0.0076421848179686076, ""4"": 0.00041434055699752245, ""5"": 0.00692552245335114}"
primary,200,p0.05,nan,1.0,15,0.05,9.950000000000001,9.955,4,18,1991,1991,1.447845543462565,0,0.9985198250722,0.019970396501444002,nan,0.0,1.447845543462565,6.331405301130988,13,"{""0"": 0.019825595129119186, ""1"": 0.018322523517464998, ""2"": 0.02176685467102304, ""3"": 0.018430973031478764, ""4"": 0.02019544475889098, ""5"": 0.02128098790068704}"
primary,200,p0.05,nan,1.0,15,0.05,9.950000000000001,9.955,4,18,1991,1991,1.447845543462565,10,0.9943413128530082,0.019886826257060168,10.581258127762077,14.112185962950203,1.8634615514168078,3.0882882173521162,8,"{""0"": 0.013830228379188606, ""1"": 0.017142608607300346, ""2"": 0.030815403982755396, ""3"": 0.006942949864148192, ""4"": 0.018654686780727424, ""5"": 0.03193507992824103}"
primary,200,p0.05,nan,1.0,15,0.05,9.950000000000001,9.955,4,18,1991,1991,1.447845543462565,20,0.6006394505460219,0.01201278901092044,3.09026608263684,15.475641336861306,2.10446979013914,2.1989242385858105,6,"{""0"": 0.03128868194191285, ""1"": 0.005518014419266911, ""2"": 0.015847079916270854, ""3"": 0.01066573156465415, ""4"": 0.001596628799532144, ""5"": 0.00716059742388572}"
primary,200,p0.05,nan,1.0,15,0.05,9.950000000000001,9.955,4,18,1991,1991,1.447845543462565,30,0.45314665350656386,0.009062933070131278,2.2946146338723983,15.664675886748329,2.06293993860862,2.2535258558204116,6,"{""0"": 0.018675044939092146, ""1"": 0.002447818006799196, ""2"": 0.018545511130630403, ""3"": 0.007437457669414102, ""4"": 0.0009918291961623987, ""5"": 0.006279937478689421}"
primary,200,p0.05,nan,1.0,15,0.05,9.950000000000001,9.955,4,18,1991,1991,1.447845543462565,40,0.49322065491595607,0.009864413098319123,1.0951693290919375,16.03306531698266,2.080181623011125,2.6837919105129657,6,"{""0"": 0.018145966142080732, ""1"": 0.005153213356744136, ""2"": 0.023467724500129683, ""3"": 0.001889639542024531, ""4"": 0.0026620270665540574, ""5"": 0.007867907982381604}"
primary,200,p0.05,nan,1.0,15,0.05,9.950000000000001,9.955,4,18,1991,1991,1.447845543462565,50,0.4920095852270297,0.009840191704540596,1.7227678074858996,16.42452418998363,2.1185023550247255,2.9037354487425384,7,"{""0"": 0.020051623759083568, ""1"": 0.005892391725594808, ""2"": 0.02185426097644592, ""3"": 0.00197361725308449, ""4"": 0.0027611597909033285, ""5"": 0.0065080967221314585}"
primary,200,p0.05,nan,1.0,15,0.05,9.950000000000001,9.955,4,18,1991,1991,1.447845543462565,60,0.4720210966213581,0.009440421932427162,3.784749901220795,16.772852299499135,2.1190278266345914,2.8291308513566196,7,"{""0"": 0.019223402933053756, ""1"": 0.005001308773291402, ""2"": 0.021543565176397918, ""3"": 0.0018309108853291594, ""4"": 0.002522733988893679, ""5"": 0.006520609837597056}"
primary,200,p0.05,nan,1.0,15,0.05,9.950000000000001,9.955,4,18,1991,1991,1.447845543462565,70,0.49120477949649494,0.0098240955899299,1.0462977703020722,16.833840893438982,2.1099057442102764,2.8844049279531054,7,"{""0"": 0.01718643181321003, ""1"": 0.005886343361407946, ""2"": 0.023685075430284024, ""3"": 0.0017672610856902967, ""4"": 0.004100668882208945, ""5"": 0.006318792966778168}"
primary,200,p0.05,nan,1.0,15,0.05,9.950000000000001,9.955,4,18,1991,1991,1.447845543462565,80,0.431279766011423,0.00862559532022846,4.707391256839528,16.89055194122089,2.0975316093866216,2.9300024666562727,7,"{""0"": 0.018726238350441834, ""1"": 0.005993198811906615, ""2"": 0.019855834353634146, ""3"": 0.001850895374462726, ""4"": 0.0025584633759535022, ""5"": 0.002768941654971941}"
primary,200,p0.05,nan,1.0,15,0.05,9.950000000000001,9.955,4,18,1991,1991,1.447845543462565,90,0.38543201469598526,0.007708640293919706,0.7084529152142691,17.07957192457404,2.0996294401152054,2.7191823307049336,6,"{""0"": 0.014940128795015637, ""1"": 0.004359155843149391, ""2"": 0.019330312331431933, ""3"": 0.0017971852110553893, ""4"": 0.0020883404458913917, ""5"": 0.003736719136974489}"
primary,200,p0.05,nan,1.0,15,0.05,9.950000000000001,9.955,4,18,1991,1991,1.447845543462565,100,0.3674109442085879,0.007348218884171759,0.8272097241190963,17.27701664593033,2.1067255721130675,2.7297202395710882,6,"{""0"": 0.015154813684056755, ""1"": 0.004369196972457045, ""2"": 0.01833224009677118, ""3"": 0.0018328574739679467, ""4"": 0.001660551706420271, ""5"": 0.0027396533713573545}"
primary,200,p0.05,nan,1.0,15,0.05,9.950000000000001,9.955,4,18,1991,1991,1.447845543462565,110,0.35202430908467597,0.00704048618169352,1.2369574048523524,17.391066090342342,2.105361578069535,2.7767217181259216,6,"{""0"": 0.015314388893178762, ""1"": 0.004374937477861123, ""2"": 0.01690488815544151, ""3"": 0.0017582140162505343, ""4"": 0.0014429956348113566, ""5"": 0.002447492912617839}"
primary,200,p0.05,nan,1.0,15,0.05,9.950000000000001,9.955,4,18,1991,1991,1.447845543462565,120,0.3421005586478916,0.006842011172957832,1.195508716660742,17.49766716841139,2.11776608801616,2.740014466728584,6,"{""0"": 0.01555337496155996, ""1"": 0.004452411789524255, ""2"": 0.01571407675509861, ""3"": 0.0019085717076477917, ""4"": 0.0011414237660227347, ""5"": 0.002282208057893639}"
primary,200,p0.05,nan,1.0,15,0.05,9.950000000000001,9.955,4,18,1991,1991,1.447845543462565,130,0.35287987881517696,0.00705759757630354,3.185676053666077,17.475183678862305,2.1332513118596212,2.675192047807324,6,"{""0"": 0.018405534765835157, ""1"": 0.004406070683205558, ""2"": 0.01455092290838621, ""3"": 0.0019536311045835314, ""4"": 0.0009696130486409781, ""5"": 0.0020598129471697986}"
primary,200,p0.05,nan,1.0,15,0.05,9.950000000000001,9.955,4,18,1991,1991,1.447845543462565,140,0.33295411049914647,0.00665908220998293,0.6949156311608489,17.591157903166035,2.142486261290518,2.6433691199402243,6,"{""0"": 0.0193872691926581, ""1"": 0.003851019495115944, ""2"": 0.011907511430982752, ""3"": 0.002232458128505015, ""4"": 0.0007098345512670471, ""5"": 0.0018664004613687217}"
primary,200,p0.05,nan,1.0,15,0.05,9.950000000000001,9.955,4,18,1991,1991,1.447845543462565,150,0.33187039521019934,0.006637407904203987,0.5886415397036716,17.65319514760523,2.1377195658284847,2.637846250686191,6,"{""0"": 0.018746200533675646, ""1"": 0.0038504464028356515, ""2"": 0.012314084279175599, ""3"": 0.0021178523213486776, ""4"": 0.0007206260489054765, ""5"": 0.002075237839282874}"
primary,200,p0.05,nan,1.0,15,0.05,9.950000000000001,9.955,4,18,1991,1991,1.447845543462565,160,0.3229314321726702,0.0064586286434534035,4.6153141335107515,17.7396832772041,2.1351921256970527,2.6256805407363584,6,"{""0"": 0.01841352086158555, ""1"": 0.003938770192363392, ""2"": 0.011331740500738298, ""3"": 0.002092682239151637, ""4"": 0.0007163277113405804, ""5"": 0.0022587303555409713}"
primary,200,p0.05,nan,1.0,15,0.05,9.950000000000001,9.955,4,18,1991,1991,1.447845543462565,170,0.3230627342089604,0.006461254684179209,3.801714535116598,17.801547815234482,2.1429538227133045,2.612374349947918,6,"{""0"": 0.018265425814491205, ""1"": 0.004291728823479607, ""2"": 0.0112122019610141, ""3"": 0.002192103788371734, ""4"": 0.0006926547291691537, ""5"": 0.0021134129885494704}"
primary,200,p0.05,nan,1.0,15,0.05,9.950000000000001,9.955,4,18,1991,1991,1.447845543462565,180,0.3132269770266488,0.006264539540532977,1.0003594887106217,17.85129251456975,2.146094689936711,2.6290713984908862,6,"{""0"": 0.01846519358787049, ""1"": 0.004771408330617082, ""2"": 0.009426614665189369, ""3"": 0.0022750247112375607, ""4"": 0.0006691978130594177, ""5"": 0.0019797981352239406}"
primary,200,p0.05,nan,1.0,15,0.05,9.950000000000001,9.955,4,18,1991,1991,1.447845543462565,190,0.32137363621366183,0.006427472724273238,0.7986797250292788,17.8696974399813,2.145462560784595,2.6896581116613607,6,"{""0"": 0.019320127303099423, ""1"": 0.005518577343021704, ""2"": 0.008803710883073221, ""3"": 0.002218058486513536, ""4"": 0.0007658109861200937, ""5"": 0.00193855134381145}"
primary,200,p0.05,nan,1.0,15,0.05,9.950000000000001,9.955,4,18,1991,1991,1.447845543462565,200,0.31672232521915794,0.00633444650438316,1.4419635747179071,17.929515357852015,2.1492548284670905,2.669853197002793,6,"{""0"": 0.019288796086804002, ""1"": 0.005664697140578303, ""2"": 0.008044946755736613, ""3"": 0.0024363702792612823, ""4"": 0.0007303116771778166, ""5"": 0.0018415570867409432}"
primary,200,p0.10,nan,1.0,15,0.1,19.900000000000002,19.77,10,35,3954,3954,1.4638403689964645,0,1.0039845946825037,0.020079691893650078,nan,0.0,1.4638403689964645,7.019004912205709,12,"{""0"": 0.019709184261827863, ""1"": 0.019754231927187012, ""2"": 0.022120428866313897, ""3"": 0.019724280147481094, ""4"": 0.01990961360271938, ""5"": 0.01926041255637122}"
primary,200,p0.10,nan,1.0,15,0.1,19.900000000000002,19.77,10,35,3954,3954,1.4638403689964645,10,0.9242456301770329,0.018484912603540658,5.502168273308032,13.219390003376851,1.9232485205080034,3.2021332166478906,9,"{""0"": 0.01838317809461238, ""1"": 0.01750835614332908, ""2"": 0.01536890846693852, ""3"": 0.01719946340766389, ""4"": 0.022964629140350884, ""5"": 0.01948494036834919}"
primary,200,p0.10,nan,1.0,15,0.1,19.900000000000002,19.77,10,35,3954,3954,1.4638403689964645,20,0.5062874315243321,0.010125748630486644,2.4476004627385075,14.380665921519272,2.0623822030918753,2.1765750080927457,6,"{""0"": 0.01709130566595614, ""1"": 0.007053721730123816, ""2"": 0.009281912742964285, ""3"": 0.017417089984771292, ""4"": 0.0019214673591025663, ""5"": 0.007988994300001764}"
primary,200,p0.10,nan,1.0,15,0.1,19.900000000000002,19.77,10,35,3954,3954,1.4638403689964645,30,0.39298986244150447,0.00785979724883009,0.41301712050137823,14.956297752007147,2.025339509357988,2.27209567618191,5,"{""0"": 0.01062275950809882, ""1"": 0.0017295553775887131, ""2"": 0.014164407550723748, ""3"": 0.010342623314083362, ""4"": 0.0011570316016664428, ""5"": 0.009142406140819456}"
primary,200,p0.10,nan,1.0,15,0.1,19.900000000000002,19.77,10,35,3954,3954,1.4638403689964645,40,0.3839584388660364,0.007679168777320729,1.2615599575976515,15.628387775391133,2.0481759554887615,2.2803811086212393,5,"{""0"": 0.01289487081591759, ""1"": 0.001459082744864987, ""2"": 0.015178672694147178, ""3"": 0.005738027228753418, ""4"": 0.0012885033825807504, ""5"": 0.009515855797660453}"
primary,200,p0.10,nan,1.0,15,0.1,19.900000000000002,19.77,10,35,3954,3954,1.4638403689964645,50,0.3632743844728054,0.0072654876894561096,1.6869155732038021,15.720281935175803,2.047698864065519,2.416289029873729,5,"{""0"": 0.014458093530207734, ""1"": 0.0021090715170951593, ""2"": 0.012719981351965216, ""3"": 0.005676489636290936, ""4"": 0.001900540526612949, ""5"": 0.006728749574564663}"
primary,200,p0.10,nan,1.0,15,0.1,19.900000000000002,19.77,10,35,3954,3954,1.4638403689964645,60,0.3219850660026153,0.006439701320052307,1.5131837622444626,16.021765259646322,2.0326250403388895,2.5950983684482964,6,"{""0"": 0.009849429112252015, ""1"": 0.0026283049560461174, ""2"": 0.013162397212902643, ""3"": 0.004127679221184199, ""4"": 0.0012718155928695368, ""5"": 0.007598581825059325}"
primary,200,p0.10,nan,1.0,15,0.1,19.900000000000002,19.77,10,35,3954,3954,1.4638403689964645,70,0.3265386995650823,0.006530773991301647,1.224600431722268,16.180445930774507,2.0280524041232826,2.720886311505183,6,"{""0"": 0.01085308596128349, ""1"": 0.0030371369403684864, ""2"": 0.014645739624673668, ""3"": 0.002650343261376694, ""4"": 0.002094442632459126, ""5"": 0.0059038955276484156}"
primary,200,p0.10,nan,1.0,15,0.1,19.900000000000002,19.77,10,35,3954,3954,1.4638403689964645,80,0.37068847240343233,0.007413769448068648,1.8336890968599624,16.358167352020494,2.0419885305712273,2.7469635004358577,6,"{""0"": 0.012013510909939976, ""1"": 0.0036234263831200547, ""2"": 0.019318334664573042, ""3"": 0.0020151928728954324, ""4"": 0.0017566129001484177, ""5"": 0.005755538957734966}"
primary,200,p0.10,nan,1.0,15,0.1,19.900000000000002,19.77,10,35,3954,3954,1.4638403689964645,90,0.33109791256660837,0.0066219582513321685,0.477979353300546,16.49604199625038,2.057257874328694,2.5746335147933497,6,"{""0"": 0.01014743638457281, ""1"": 0.002064242877749949, ""2"": 0.01771554849589273, ""3"": 0.002070288524565463, ""4"": 0.001277516962447873, ""5"": 0.006456716262764192}"
primary,200,p0.10,nan,1.0,15,0.1,19.900000000000002,19.77,10,35,3954,3954,1.4638403689964645,100,0.36248228985892395,0.00724964579717848,4.640095478712717,16.65324839625744,2.071258325281342,2.608074550514887,6,"{""0"": 0.009773941676423573, ""1"": 0.0021330900833106906, ""2"": 0.022896628425694423, ""3"": 0.0016909573382845118, ""4"": 0.0014311251843353526, ""5"": 0.005572132075022326}"
primary,200,p0.10,nan,1.0,15,0.1,19.900000000000002,19.77,10,35,3954,3954,1.4638403689964645,110,0.37305752402022113,0.0074611504804044234,0.513587268793481,16.81636323431715,2.081052531784533,2.608663469373877,6,"{""0"": 0.010204357251987099, ""1"": 0.002165049385983304, ""2"": 0.02293742273637457, ""3"": 0.001599189941111974, ""4"": 0.002082478502614021, ""5"": 0.005778405064355568}"
primary,200,p0.10,nan,1.0,15,0.1,19.900000000000002,19.77,10,35,3954,3954,1.4638403689964645,120,0.3102794418412599,0.006205588836825198,1.0331878021320495,16.872621016292666,2.094405085267697,2.577941221329622,6,"{""0"": 0.010086079378484547, ""1"": 0.002022915805870453, ""2"": 0.01754892034924075, ""3"": 0.0015102240140681187, ""4"": 0.0013865259175548335, ""5"": 0.004678867555732487}"
primary,200,p0.10,nan,1.0,15,0.1,19.900000000000002,19.77,10,35,3954,3954,1.4638403689964645,130,0.33509454337477057,0.006701890867495412,5.049656980288666,16.975633546996097,2.101263119123668,2.62580396893874,5,"{""0"": 0.009843517332829692, ""1"": 0.002569117680319056, ""2"": 0.020707730819560004, ""3"": 0.0015638316955502696, ""4"": 0.0016316247299840228, ""5"": 0.0038955229467294294}"
primary,200,p0.10,nan,1.0,15,0.1,19.900000000000002,19.77,10,35,3954,3954,1.4638403689964645,140,0.2783431405909885,0.005566862811819771,0.5165141823414571,17.085916353477792,2.1065599127451673,2.607020375603331,6,"{""0"": 0.00992804192478893, ""1"": 0.002214893940654549, ""2"": 0.014588861582873208, ""3"": 0.0015434704366063701, ""4"": 0.001718181958583157, ""5"": 0.003407727027412414}"
primary,200,p0.10,nan,1.0,15,0.1,19.900000000000002,19.77,10,35,3954,3954,1.4638403689964645,150,0.27906908529090557,0.005581381705818111,1.6472692084499574,17.149484063158773,2.1129862155688035,2.565695496362509,5,"{""0"": 0.009430325565534702, ""1"": 0.002089412080817608, ""2"": 0.01512304531956618, ""3"": 0.0015050510400965948, ""4"": 0.0014235930283528783, ""5"": 0.0039168632005407026}"
primary,200,p0.10,nan,1.0,15,0.1,19.900000000000002,19.77,10,35,3954,3954,1.4638403689964645,160,0.2530853268814845,0.00506170653762969,0.6553675310649117,17.209830717576843,2.1155171570567126,2.5851332364566915,5,"{""0"": 0.00880936808227652, ""1"": 0.0023502636154305763, ""2"": 0.012802225106027187, ""3"": 0.0013383359783359886, ""4"": 0.0016083161865715126, ""5"": 0.0034617302571363527}"
primary,200,p0.10,nan,1.0,15,0.1,19.900000000000002,19.77,10,35,3954,3954,1.4638403689964645,170,0.2410035396117457,0.004820070792234914,11.993876636990015,17.256411616167654,2.117003383963209,2.616630795030399,6,"{""0"": 0.00906743969862045, ""1"": 0.0021970803437563096, ""2"": 0.011739982821752992, ""3"": 0.0014444325816743097, ""4"": 0.0014451149249860636, ""5"": 0.0030263743826193642}"
primary,200,p0.10,nan,1.0,15,0.1,19.900000000000002,19.77,10,35,3954,3954,1.4638403689964645,180,0.24504385443606053,0.0049008770887212115,0.5083354022235752,17.313619357327546,2.116343879331505,2.6296419493466434,6,"{""0"": 0.009075854470199802, ""1"": 0.0023292939958510983, ""2"": 0.01156940797666868, ""3"": 0.0016457814135577328, ""4"": 0.0015466386564308974, ""5"": 0.0032382860196190537}"
primary,200,p0.10,nan,1.0,15,0.1,19.900000000000002,19.77,10,35,3954,3954,1.4638403689964645,190,0.23766512169444484,0.004753302433888897,0.28161585504175163,17.366556516866606,2.1207196766125325,2.639722391592443,6,"{""0"": 0.009050080562046186, ""1"": 0.0024873450985962286, ""2"": 0.010828198944433534, ""3"": 0.0015629473164997447, ""4"": 0.001532920024062688, ""5"": 0.0030583226576949983}"
primary,200,p0.10,nan,1.0,15,0.1,19.900000000000002,19.77,10,35,3954,3954,1.4638403689964645,200,0.23256944275787217,0.004651388855157444,3.1646631080179226,17.42452924242924,2.1257731509152142,2.5851290078069473,6,"{""0"": 0.009001485422845488, ""1"": 0.002185284575185486, ""2"": 0.009999000411595786, ""3"": 0.0017908370126323912, ""4"": 0.001651383148908696, ""5"": 0.003280342559776822}"
primary,200,p0.20,nan,1.0,15,0.2,39.800000000000004,39.87,24,61,7974,7974,1.5446776144888938,0,1.0167348074754852,0.020334696149509706,nan,0.0,1.5446776144888938,6.652569089972792,13,"{""0"": 0.021031565000017037, ""1"": 0.018847509717634863, ""2"": 0.019178063628219017, ""3"": 0.02194005945371395, ""4"": 0.02077769992347092, ""5"": 0.02023327917400246}"
primary,200,p0.20,nan,1.0,15,0.2,39.800000000000004,39.87,24,61,7974,7974,1.5446776144888938,10,0.9547018527779534,0.01909403705555907,0.6715425156055553,10.806351521574147,1.7763356097242078,2.2070132032273597,3,"{""0"": 0.04635813090233541, ""1"": 0.0070678395645860925, ""2"": 0.00024260989907914877, ""3"": 0.02733979312774639, ""4"": 0.02070758545105961, ""5"": 0.012848263388547762}"
primary,200,p0.20,nan,1.0,15,0.2,39.800000000000004,39.87,24,61,7974,7974,1.5446776144888938,20,0.4083078538977579,0.008166157077955158,3.3259003132715326,13.22619342704775,1.9031577397423776,2.2196656353068205,3,"{""0"": 0.028659197131564156, ""1"": 0.0014065281596667154, ""2"": 0.0009797259914985468, ""3"": 0.013652844338829045, ""4"": 0.0007480480607765009, ""5"": 0.003550598785395994}"
primary,200,p0.20,nan,1.0,15,0.2,39.800000000000004,39.87,24,61,7974,7974,1.5446776144888938,30,0.4805837020021222,0.009611674040042446,2.8793773142660175,14.464036034583179,1.989858413056584,2.559651146269857,4,"{""0"": 0.02595333353377246, ""1"": 0.003071899583695745, ""2"": 0.009640483369580882, ""3"": 0.00983253839291207, ""4"": 0.001477195615627817, ""5"": 0.007694593744665701}"
primary,200,p0.20,nan,1.0,15,0.2,39.800000000000004,39.87,24,61,7974,7974,1.5446776144888938,40,0.5508102866250026,0.011016205732500053,0.1256567079346693,15.413333621768176,1.9019211627185755,2.6603328964530495,4,"{""0"": 0.022722004939758164, ""1"": 0.011037272177056143, ""2"": 0.010502608390187221, ""3"": 0.0005487198172303024, ""4"": 0.016409726658902266, ""5"": 0.00487690241186624}"
primary,200,p0.20,nan,1.0,15,0.2,39.800000000000004,39.87,24,61,7974,7974,1.5446776144888938,50,0.42788842505273494,0.0085577685010547,0.06639053111719034,16.14430320067419,1.8798143934992846,2.5832088522679237,4,"{""0"": 0.02003574406464361, ""1"": 0.0048320725678833425, ""2"": 0.0018454408168667859, ""3"": 0.011459385634899696, ""4"": 0.012502721759932727, ""5"": 0.0006712461621020271}"
primary,200,p0.20,nan,1.0,15,0.2,39.800000000000004,39.87,24,61,7974,7974,1.5446776144888938,60,0.3356137085612078,0.006712274171224157,10.241585055394832,16.5836363250578,1.9186759944297327,2.538170903156545,4,"{""0"": 0.017117518006741106, ""1"": 0.0034097844688064935, ""2"": 0.0009301454202369066, ""3"": 0.010402191581492809, ""4"": 0.007746489972067306, ""5"": 0.0006675155780003193}"
primary,200,p0.20,nan,1.0,15,0.2,39.800000000000004,39.87,24,61,7974,7974,1.5446776144888938,70,0.37155670367646276,0.007431134073529256,3.078012173434275,16.93390289241557,1.9260788259955943,2.6506390113905267,4,"{""0"": 0.019127818932873686, ""1"": 0.004252737427969741, ""2"": 0.002111273175445817, ""3"": 0.0040889579748734925, ""4"": 0.01456364938054589, ""5"": 0.00044236754946690854}"
primary,200,p0.20,nan,1.0,15,0.2,39.800000000000004,39.87,24,61,7974,7974,1.5446776144888938,80,0.2728387438054381,0.005456774876108762,0.15309084219882246,17.078834558920228,1.9684923678821813,2.6383491063302182,3,"{""0"": 0.014771818298795647, ""1"": 0.004291996916136316, ""2"": 0.0021211500535338753, ""3"": 0.0007174756480922444, ""4"": 0.010495281274826507, ""5"": 0.0003429270652679853}"
primary,200,p0.20,nan,1.0,15,0.2,39.800000000000004,39.87,24,61,7974,7974,1.5446776144888938,90,0.20378688359392708,0.004075737671878542,0.8090663952249739,17.134907891860003,1.946200046089721,2.708471090075507,3,"{""0"": 0.011114137500227887, ""1"": 0.0011691959155429705, ""2"": 0.0016281001399382684, ""3"": 0.0006287201466813532, ""4"": 0.00845562535474284, ""5"": 0.0014586469741379314}"
primary,200,p0.20,nan,1.0,15,0.2,39.800000000000004,39.87,24,61,7974,7974,1.5446776144888938,100,0.19566421971384065,0.003913284394276814,0.10951614386660007,17.23006825594893,1.9331107996561807,2.696262954582465,3,"{""0"": 0.010228302251541293, ""1"": 0.000492320590737773, ""2"": 0.00318361816809365, ""3"": 0.0006195014706148275, ""4"": 0.008351967959841746, ""5"": 0.0006039959248315878}"
primary,200,p0.20,nan,1.0,15,0.2,39.800000000000004,39.87,24,61,7974,7974,1.5446776144888938,110,0.19264951858601065,0.0038529903717202134,0.1600825330392233,17.346404058426693,1.925958305860109,2.684300641107103,3,"{""0"": 0.010733447151160772, ""1"": 0.0004046086702713379, ""2"": 0.0024765679065770875, ""3"": 0.00047496971987256233, ""4"": 0.008201633106028613, ""5"": 0.0008267156764109048}"
primary,200,p0.20,nan,1.0,15,0.2,39.800000000000004,39.87,24,61,7974,7974,1.5446776144888938,120,0.203248211516577,0.00406496423033154,1.4868962876062257,17.56823623152661,1.9250770400826829,2.6663493332600763,3,"{""0"": 0.013458956172868292, ""1"": 0.0003787303516722847, ""2"": 0.0008687035327920193, ""3"": 0.000676981448489081, ""4"": 0.008054914472445444, ""5"": 0.00095149940372212}"
primary,200,p0.20,nan,1.0,15,0.2,39.800000000000004,39.87,24,61,7974,7974,1.5446776144888938,130,0.22181659612128662,0.004436331922425733,2.3860889995655628,17.877179488054196,1.975763304131893,2.6999409915119914,3,"{""0"": 0.013750144517511612, ""1"": 0.0006099521417436822, ""2"": 0.002656018576543284, ""3"": 0.0006370218076991393, ""4"": 0.008524789014362807, ""5"": 0.00044006547669387037}"
primary,200,p0.20,nan,1.0,15,0.2,39.800000000000004,39.87,24,61,7974,7974,1.5446776144888938,140,0.22054528207809346,0.00441090564156187,0.3125104007469941,17.916059782149336,1.9758367486164592,2.6976417682940834,3,"{""0"": 0.014493650335671075, ""1"": 0.0005824040891989849, ""2"": 0.002209667259920115, ""3"": 0.0006979684890035709, ""4"": 0.008044111993957322, ""5"": 0.00043763168162014977}"
primary,200,p0.20,nan,1.0,15,0.2,39.800000000000004,39.87,24,61,7974,7974,1.5446776144888938,150,0.23250136081279185,0.004650027216255838,0.1686654939647071,17.94344183480351,1.9712509511083431,2.6945667276021874,3,"{""0"": 0.015805590003160598, ""1"": 0.0006513362016391481, ""2"": 0.002479687272078931, ""3"": 0.0005568875722952104, ""4"": 0.007947609478357723, ""5"": 0.0004590527700034182}"
primary,200,p0.20,nan,1.0,15,0.2,39.800000000000004,39.87,24,61,7974,7974,1.5446776144888938,160,0.2380697471431029,0.004761394942862059,1.0250494607455176,18.041621649477346,2.0051775336386815,2.6922862976332627,4,"{""0"": 0.017279516457786186, ""1"": 0.0006352405824587371, ""2"": 0.002540509520811018, ""3"": 0.0004699825432894136, ""4"": 0.007236462087799754, ""5"": 0.0004066584650272491}"
primary,200,p0.20,nan,1.0,15,0.2,39.800000000000004,39.87,24,61,7974,7974,1.5446776144888938,170,0.24694920411088037,0.004938984082217608,0.322461472269832,18.14652262049044,2.0182647625203627,2.687337904782895,4,"{""0"": 0.019710263285494904, ""1"": 0.0005954832241882391, ""2"": 0.0028823954241992003, ""3"": 0.0004738734718872469, ""4"": 0.005614873631735908, ""5"": 0.0003570154558001495}"
primary,200,p0.20,nan,1.0,15,0.2,39.800000000000004,39.87,24,61,7974,7974,1.5446776144888938,180,0.24131379509152157,0.004826275901830432,0.7853950770444721,18.244339899191214,2.0596351337745955,2.711974168606462,4,"{""0"": 0.020183828529803667, ""1"": 0.0005156563596136008, ""2"": 0.002611582870254037, ""3"": 0.00040157572273764625, ""4"": 0.0049034297672473255, ""5"": 0.00034158216132631786}"
primary,200,p0.20,nan,1.0,15,0.2,39.800000000000004,39.87,24,61,7974,7974,1.5446776144888938,190,0.22323275438562074,0.004464655087712415,0.24253262483088978,18.349129966169095,2.0733628482652326,2.718118356469644,4,"{""0"": 0.01760118590410709, ""1"": 0.0005324418353383656, ""2"": 0.0026310439306562053, ""3"": 0.00042558426222997977, ""4"": 0.005275276022474323, ""5"": 0.0003223985714685314}"
primary,200,p0.20,nan,1.0,15,0.2,39.800000000000004,39.87,24,61,7974,7974,1.5446776144888938,200,0.20668070706836567,0.0041336141413673136,0.09773272872781237,18.470157440279923,2.075786736152579,2.7068708464705304,4,"{""0"": 0.016898495698997, ""1"": 0.0004966478482429493, ""2"": 0.0024338047858991586, ""3"": 0.0003848200409492316, ""4"": 0.004255635259185613, ""5"": 0.00033228121492993076}"
primary,200,p0.40,nan,1.0,15,0.4,79.60000000000001,79.315,58,98,15863,15863,1.554175565148871,0,1.0480501776914601,0.020961003553829207,nan,0.0,1.554175565148871,4.732176092263666,14,"{""0"": 0.019609066515443203, ""1"": 0.024415946850574164, ""2"": 0.020229244488577654, ""3"": 0.019327831685816522, ""4"": 0.02020045487717339, ""5"": 0.021983476905390303}"
primary,200,p0.40,nan,1.0,15,0.4,79.60000000000001,79.315,58,98,15863,15863,1.554175565148871,10,0.2819517828927174,0.005639035657854349,0.0870522128787695,9.166824525796072,1.9475607846592067,2.5403794005400946,3,"{""0"": 0.009249884831821136, ""1"": 0.0013862669676848519, ""2"": 0.003745336991326504, ""3"": 0.006116309252079371, ""4"": 0.006765799919875658, ""5"": 0.006570615984338576}"
primary,200,p0.40,nan,1.0,15,0.4,79.60000000000001,79.315,58,98,15863,15863,1.554175565148871,20,0.4600692087301649,0.009201384174603299,0.35160909664587753,10.828124023928572,1.9865612763464562,2.3628028425891587,3,"{""0"": 0.03410366231648576, ""1"": 0.0010551321230578806, ""2"": 0.00041504627554407174, ""3"": 0.018298231491784913, ""4"": 0.0009483327973851664, ""5"": 0.00038790004336199037}"
primary,200,p0.40,nan,1.0,15,0.4,79.60000000000001,79.315,58,98,15863,15863,1.554175565148871,30,0.23473685687229792,0.004694737137445959,0.16520316220518053,12.539760384293837,2.2261975031935126,2.425671608687061,3,"{""0"": 0.006327368627331767, ""1"": 0.00044934570071604555, ""2"": 0.004322734813201645, ""3"": 0.016377849859947592, ""4"": 0.0003519650556318221, ""5"": 0.0003391587678468817}"
primary,200,p0.40,nan,1.0,15,0.4,79.60000000000001,79.315,58,98,15863,15863,1.554175565148871,40,0.2527380429646334,0.005054760859292668,1.7105376863479245,13.445623420672689,2.1672494796693575,2.4697314252903246,3,"{""0"": 0.006765504440813239, ""1"": 0.00043114239856055053, ""2"": 0.009259459988128183, ""3"": 0.01228211088585721, ""4"": 0.00022311115496042943, ""5"": 0.001367236287436401}"
primary,200,p0.40,nan,1.0,15,0.4,79.60000000000001,79.315,58,98,15863,15863,1.554175565148871,50,0.21989881647359308,0.004397976329471862,0.5981695848895735,13.738702180939104,2.1764834596500746,2.525921274138721,3,"{""0"": 0.005258376972609449, ""1"": 0.000537675198341102, ""2"": 0.007808464055181008, ""3"": 0.012274708040097337, ""4"": 0.00016172812410667693, ""5"": 0.00034690558649559883}"
primary,200,p0.40,nan,1.0,15,0.4,79.60000000000001,79.315,58,98,15863,15863,1.554175565148871,60,0.1999414710347584,0.0039988294206951686,0.24551505081775873,14.231418345066514,2.2154845203614744,2.5452102509459587,3,"{""0"": 0.005021073216789349, ""1"": 0.00022325896107492577, ""2"": 0.0037713372364582788, ""3"": 0.011679090436351954, ""4"": 0.00016864320435248218, ""5"": 0.0031295734691440175}"
primary,200,p0.40,nan,1.0,15,0.4,79.60000000000001,79.315,58,98,15863,15863,1.554175565148871,70,0.16950225262201749,0.00339004505244035,0.3040301077046037,14.57397593256138,2.271731472581726,2.5265761158958204,3,"{""0"": 0.004628213606045558, ""1"": 0.00024903614203434756, ""2"": 0.004223225209652746, ""3"": 0.010689072208026224, ""4"": 0.00020862571731542658, ""5"": 0.0003420974315678011}"
primary,200,p0.40,nan,1.0,15,0.4,79.60000000000001,79.315,58,98,15863,15863,1.554175565148871,80,0.1562276551303044,0.0031245531026060885,0.2816567425461843,14.927410277021211,2.249069133942348,2.530120175232485,3,"{""0"": 0.004339665349289444, ""1"": 0.00019578894028936554, ""2"": 0.004078317828864376, ""3"": 0.009621275232422314, ""4"": 0.00023318542906726288, ""5"": 0.0002790858357037687}"
primary,200,p0.40,nan,1.0,15,0.4,79.60000000000001,79.315,58,98,15863,15863,1.554175565148871,90,0.13439472853757148,0.00268789457075143,0.17534641288343258,15.271743275107589,2.305498996511597,2.538840041912504,3,"{""0"": 0.00432610456009049, ""1"": 0.00016986524687663177, ""2"": 0.0068525153952690935, ""3"": 0.004250601175071535, ""4"": 0.00015771688319403773, ""5"": 0.00037056416400679175}"
primary,200,p0.40,nan,1.0,15,0.4,79.60000000000001,79.315,58,98,15863,15863,1.554175565148871,100,0.15731463077649838,0.003146292615529968,0.3320961039519346,15.688739473952728,2.2659344687940317,2.5049467440889677,3,"{""0"": 0.0056101502694491205, ""1"": 0.0001715700457148937, ""2"": 0.006627792448266334, ""3"": 0.003251517301915607, ""4"": 0.0001698657852267443, ""5"": 0.0030468598426071063}"
primary,200,p0.40,nan,1.0,15,0.4,79.60000000000001,79.315,58,98,15863,15863,1.554175565148871,110,0.2075171436464391,0.004150342872928783,0.7355476286655998,16.160506173952093,2.222205140498874,2.453953998256017,3,"{""0"": 0.02047212289079462, ""1"": 0.00014452182140711485, ""2"": 0.0005547563295982617, ""3"": 0.0006239738940033281, ""4"": 0.0001695011237540594, ""5"": 0.002937181178015314}"
primary,200,p0.40,nan,1.0,15,0.4,79.60000000000001,79.315,58,98,15863,15863,1.554175565148871,120,0.19932797191806234,0.003986559438361247,0.49523336441166016,16.383808490144823,2.238217865194021,2.4938982626730666,3,"{""0"": 0.019695073757388736, ""1"": 0.0001280283188847384, ""2"": 0.00045021509056525285, ""3"": 0.0007828481573080026, ""4"": 0.00014949409892797298, ""5"": 0.0027136972070927784}"
primary,200,p0.40,nan,1.0,15,0.4,79.60000000000001,79.315,58,98,15863,15863,1.554175565148871,130,0.19014889689939096,0.0038029779379878197,1.0293630567987337,16.532491319185635,2.229593145103515,2.5015125800168616,3,"{""0"": 0.019224496429569964, ""1"": 0.00014647650897821037, ""2"": 0.0004447395650484926, ""3"": 0.0005391711893138, ""4"": 0.00014606210084862754, ""5"": 0.002316921834167824}"
primary,200,p0.40,nan,1.0,15,0.4,79.60000000000001,79.315,58,98,15863,15863,1.554175565148871,140,0.2367582853808198,0.004735165707616396,0.37725121818481355,16.698167841456605,2.2741170819301537,2.4347155638941738,3,"{""0"": 0.022564035694196065, ""1"": 0.00013484125437133624, ""2"": 0.00037338222613762985, ""3"": 0.0024420633539802747, ""4"": 0.00013238781001127922, ""5"": 0.0027642839070017933}"
primary,200,p0.40,nan,1.0,15,0.4,79.60000000000001,79.315,58,98,15863,15863,1.554175565148871,150,0.19892186838608214,0.0039784373677216435,0.11055511487862459,16.87887632938127,2.261572975197758,2.4995243120430146,3,"{""0"": 0.019394057512293405, ""1"": 0.0001471207456265968, ""2"": 0.00037928226207911925, ""3"": 0.0017146084261842637, ""4"": 0.0001315354862462793, ""5"": 0.0021040197739001887}"
primary,200,p0.40,nan,1.0,15,0.4,79.60000000000001,79.315,58,98,15863,15863,1.554175565148871,160,0.10574579120354444,0.002114915824070889,0.23675388984494716,17.43891148420237,2.251008507761147,2.5543933163852586,3,"{""0"": 0.00947812561253469, ""1"": 0.00011245106543402885, ""2"": 0.00030449738945841667, ""3"": 0.002010912399503952, ""4"": 0.00015760536495959968, ""5"": 0.0006259031125346419}"
primary,200,p0.40,nan,1.0,15,0.4,79.60000000000001,79.315,58,98,15863,15863,1.554175565148871,170,0.09939867262304473,0.001987973452460895,0.3461666999119555,17.643027555295387,2.2461470827327266,2.5745954291303628,3,"{""0"": 0.008260612063891778, ""1"": 0.00012117610865967732, ""2"": 0.00033744282915903237, ""3"": 0.0024898409491693066, ""4"": 0.0001632984008946254, ""5"": 0.0005554703629909501}"
primary,200,p0.40,nan,1.0,15,0.4,79.60000000000001,79.315,58,98,15863,15863,1.554175565148871,180,0.08625048288841604,0.001725009657768321,1.2301186186198565,18.00034884045345,2.253619636065583,2.5911322475176353,3,"{""0"": 0.006825429475065825, ""1"": 0.0001378569321221174, ""2"": 0.0004036314101805878, ""3"": 0.0023029209617542942, ""4"": 0.00016418591532344553, ""5"": 0.0005160332521636558}"
primary,200,p0.40,nan,1.0,15,0.4,79.60000000000001,79.315,58,98,15863,15863,1.554175565148871,190,0.0529305613101786,0.001058611226203572,0.41169941108613184,18.13653942121052,2.259737174515247,2.556647469895237,3,"{""0"": 0.0046423868314968125, ""1"": 0.00014478018385352236, ""2"": 0.00035816192483426783, ""3"": 0.00039799876422726393, ""4"": 0.00025656366266945605, ""5"": 0.0005517759901401086}"
primary,200,p0.40,nan,1.0,15,0.4,79.60000000000001,79.315,58,98,15863,15863,1.554175565148871,200,0.05131623643943936,0.0010263247287887875,0.09540821050096024,18.205302855766952,2.266086136912906,2.5489674602275234,3,"{""0"": 0.004538396089913388, ""1"": 0.00013903914562705066, ""2"": 0.00036705729959132517, ""3"": 0.000448660500307853, ""4"": 0.0001957449818583489, ""5"": 0.0004690503554347576}"
