arm,n_units,condition,frozen_fraction,gain_scale,seed,p_value,expected_in_degree,realized_degree_mean,realized_degree_min,realized_degree_max,synapse_count,plastic_weight_count,initial_spectral_radius,checkpoint_trial,heldout_nmse,heldout_raw_mse,online_feedback_loss,weight_change_fro,spectral_radius,d_pr,d90,per_target_mse_json
control,100,p0.05,nan,1.0,0,0.05,4.95,4.96,1,13,496,496,1.5440883022913199,0,1.030055375698174,0.020601107513963487,nan,0.0,1.5440883022913199,5.967288373039168,8,"{""0"": 0.018970585657960143, ""1"": 0.019622597532055964, ""2"": 0.021897867169690506, ""3"": 0.021180383992464802, ""4"": 0.020683988538278512, ""5"": 0.021251222193330994}"
control,100,p0.05,nan,1.0,0,0.05,4.95,4.96,1,13,496,496,1.5440883022913199,10,1.1664819707403329,0.02332963941480666,23.98554663695976,11.636685119874828,2.5072812725808378,2.1628535233162762,4,"{""0"": 0.02148703890883781, ""1"": 0.01372321535936318, ""2"": 0.019615919149739362, ""3"": 0.028629282086763814, ""4"": 0.020796253052178863, ""5"": 0.035726127931956925}"
control,100,p0.05,nan,1.0,0,0.05,4.95,4.96,1,13,496,496,1.5440883022913199,20,0.9258401256430003,0.01851680251286001,12.935580289583621,11.727787199107716,2.0605578934307083,2.2852364746306093,5,"{""0"": 0.01353345180630583, ""1"": 0.02028607750574081, ""2"": 0.013743195029021988, ""3"": 0.018440248847592013, ""4"": 0.01951357614105428, ""5"": 0.02558426574744513}"
control,100,p0.05,nan,1.0,0,0.05,4.95,4.96,1,13,496,496,1.5440883022913199,30,0.9620700141175551,0.019241400282351103,31.372590523197037,12.395541012947582,2.1895825141604957,2.359430989495377,5,"{""0"": 0.01713285095513013, ""1"": 0.014422041359538498, ""2"": 0.013952413186533735, ""3"": 0.02043066757783149, ""4"": 0.02468804604705623, ""5"": 0.024822382568016523}"
control,100,p0.05,nan,1.0,0,0.05,4.95,4.96,1,13,496,496,1.5440883022913199,40,0.9302984595127093,0.018605969190254187,84.81523175277366,12.334638955067426,2.147697266978235,2.3193167924938076,5,"{""0"": 0.01631538208763301, ""1"": 0.015658150864901393, ""2"": 0.01591940374014591, ""3"": 0.018202619235640594, ""4"": 0.02192473844745276, ""5"": 0.023615520765751453}"
control,100,p0.05,nan,1.0,0,0.05,4.95,4.96,1,13,496,496,1.5440883022913199,50,0.869138207057614,0.017382764141152283,68.59929985380613,12.282618258104069,2.111256935262338,2.8842839255836554,6,"{""0"": 0.014404913693374688, ""1"": 0.017612231554346176, ""2"": 0.013523114983819843, ""3"": 0.01760855388115138, ""4"": 0.018518019373921595, ""5"": 0.022629751360300022}"
control,100,p0.05,nan,1.0,0,0.05,4.95,4.96,1,13,496,496,1.5440883022913199,60,0.8634310196135687,0.017268620392271377,53.025073366183506,12.365191762454412,2.1496252437437366,2.8420942823144966,6,"{""0"": 0.015030307234355871, ""1"": 0.016416968784375464, ""2"": 0.015202360282180935, ""3"": 0.016886412218443198, ""4"": 0.01719130424509815, ""5"": 0.02288436958917464}"
control,100,p0.05,nan,1.0,0,0.05,4.95,4.96,1,13,496,496,1.5440883022913199,70,0.8230384416213159,0.01646076883242632,56.126782650034734,12.530581172864732,2.1535604136459594,3.228707008677557,7,"{""0"": 0.014861807274628939, ""1"": 0.014987873769190344, ""2"": 0.014118353079999138, ""3"": 0.018152117500680028, ""4"": 0.01322972913697593, ""5"": 0.02341473223308356}"
control,100,p0.05,nan,1.0,0,0.05,4.95,4.96,1,13,496,496,1.5440883022913199,80,0.8967924209416389,0.01793584841883278,26.309349017381923,12.890890838916214,2.1869787694506924,3.006527068620494,6,"{""0"": 0.015510483361719776, ""1"": 0.01319032366760296, ""2"": 0.016583697504397598, ""3"": 0.021295488588197155, ""4"": 0.017922002127724213, ""5"": 0.02311309526335497}"
control,100,p0.05,nan,1.0,0,0.05,4.95,4.96,1,13,496,496,1.5440883022913199,90,0.9036872874111124,0.01807374574822225,22.00586885736744,13.282141571948404,2.229794219733744,3.294694461766435,6,"{""0"": 0.01554906926234638, ""1"": 0.012224595399841576, ""2"": 0.015922237512891825, ""3"": 0.02062451770269368, ""4"": 0.021098453662564035, ""5"": 0.02302360094899601}"
control,100,p0.05,nan,1.0,0,0.05,4.95,4.96,1,13,496,496,1.5440883022913199,100,0.8612729339766757,0.017225458679533515,51.743350322334706,13.396248404712045,2.149373704720927,3.719600203376859,7,"{""0"": 0.015794646959945157, ""1"": 0.010276319979805682, ""2"": 0.01663643110344864, ""3"": 0.017750600758091088, ""4"": 0.020766558987895183, ""5"": 0.022128194288015334}"
control,100,p0.05,nan,1.0,0,0.05,4.95,4.96,1,13,496,496,1.5440883022913199,110,0.8547869056922885,0.017095738113845772,53.509773105790224,13.658155154970574,2.148529405295099,3.8267054054565564,7,"{""0"": 0.016304235136001884, ""1"": 0.010323775400496957, ""2"": 0.01648660324936593, ""3"": 0.01724766625515133, ""4"": 0.020203792356455638, ""5"": 0.022008356285602885}"
control,100,p0.05,nan,1.0,0,0.05,4.95,4.96,1,13,496,496,1.5440883022913199,120,0.8388193705205705,0.016776387410411413,38.10806738290468,13.767282173964393,2.134942374113594,4.013587427218442,7,"{""0"": 0.015686358884676437, ""1"": 0.010394233526863488, ""2"": 0.017248803248310598, ""3"": 0.01649635806442224, ""4"": 0.020065580653158454, ""5"": 0.020766990085037258}"
control,100,p0.05,nan,1.0,0,0.05,4.95,4.96,1,13,496,496,1.5440883022913199,130,0.7842529742705429,0.01568505948541086,33.15974648901527,13.985781334621713,2.0907722135392413,4.176494701088464,7,"{""0"": 0.014882096368736877, ""1"": 0.010564253430923768, ""2"": 0.01761822380117969, ""3"": 0.01633081339540173, ""4"": 0.014615745806128993, ""5"": 0.0200992241100941}"
control,100,p0.05,nan,1.0,0,0.05,4.95,4.96,1,13,496,496,1.5440883022913199,140,0.8142813218040057,0.016285626436080114,26.88309766237462,14.088579194669526,2.0986843604610357,4.23439579237602,7,"{""0"": 0.015081993308611027, ""1"": 0.010387480773938274, ""2"": 0.01926546841589537, ""3"": 0.015371810266727967, ""4"": 0.01771147523807869, ""5"": 0.01989553061322936}"
control,100,p0.05,nan,1.0,0,0.05,4.95,4.96,1,13,496,496,1.5440883022913199,150,0.7764798745050051,0.015529597490100105,60.559129078050184,14.206643629905837,2.0701099759116266,4.286004145087715,7,"{""0"": 0.014625649200888427, ""1"": 0.010111587068590631, ""2"": 0.01934000149377447, ""3"": 0.015377674388866808, ""4"": 0.01401406419358953, ""5"": 0.01970860859489075}"
control,100,p0.05,nan,1.0,0,0.05,4.95,4.96,1,13,496,496,1.5440883022913199,160,0.786183141040842,0.01572366282081684,26.399525131563014,14.222004678958761,2.05171723914869,4.4067706325280795,7,"{""0"": 0.01457566037837876, ""1"": 0.010020329263197545, ""2"": 0.01925855135591029, ""3"": 0.016010292963015274, ""4"": 0.01417602466669024, ""5"": 0.02030111829770894}"
control,100,p0.05,nan,1.0,0,0.05,4.95,4.96,1,13,496,496,1.5440883022913199,170,0.7785166966056261,0.015570333932112525,37.09284210964522,14.320309870971785,2.0562339569870587,4.489032179535216,7,"{""0"": 0.014220194919641457, ""1"": 0.009984089943081462, ""2"": 0.0196405726919674, ""3"": 0.015701254608639525, ""4"": 0.013615295200266869, ""5"": 0.020260596229078442}"
control,100,p0.05,nan,1.0,0,0.05,4.95,4.96,1,13,496,496,1.5440883022913199,180,0.7878302639883911,0.015756605279767823,16.530225550715606,14.468190275856443,2.051323912662172,4.372900340294256,7,"{""0"": 0.014069668689628115, ""1"": 0.00969118715010067, ""2"": 0.019920946313302303, ""3"": 0.01508181804126697, ""4"": 0.013842701862899967, ""5"": 0.021933309621408898}"
control,100,p0.05,nan,1.0,0,0.05,4.95,4.96,1,13,496,496,1.5440883022913199,190,0.7772439196380955,0.015544878392761911,53.92208087656459,14.593743666241418,2.05097492187381,4.4456052913731225,7,"{""0"": 0.013335754017688651, ""1"": 0.010228427765228847, ""2"": 0.019631531833623116, ""3"": 0.015102223806919368, ""4"": 0.012802231292904647, ""5"": 0.02216910164020684}"
control,100,p0.05,nan,1.0,0,0.05,4.95,4.96,1,13,496,496,1.5440883022913199,200,0.7839814526734251,0.015679629053468504,106.03293977917927,14.723765654477535,2.0566958498066827,4.492485636201341,7,"{""0"": 0.01344427899102254, ""1"": 0.010705427023944036, ""2"": 0.019531000235365067, ""3"": 0.015158974023045784, ""4"": 0.01354859178504259, ""5"": 0.021689502262391004}"
control,100,p0.10,nan,1.0,0,0.1,9.9,10.22,4,17,1022,496,1.798956766410492,0,1.0325556723345188,0.02065111344669038,nan,0.0,1.798956766410492,4.6628317719541466,7,"{""0"": 0.020456803965313124, ""1"": 0.019618370454022722, ""2"": 0.02223594164741024, ""3"": 0.02012177119569908, ""4"": 0.022076745408117562, ""5"": 0.01939704800957956}"
control,100,p0.10,nan,1.0,0,0.1,9.9,10.22,4,17,1022,496,1.798956766410492,10,1.4687147582093905,0.02937429516418781,49.60363912913962,12.109021670442816,2.39104321177058,1.5403649017148466,4,"{""0"": 0.023045641078546057, ""1"": 0.03131153298535967, ""2"": 0.021231498391269067, ""3"": 0.04176411549639632, ""4"": 0.022672437823432968, ""5"": 0.03622054521012279}"
control,100,p0.10,nan,1.0,0,0.1,9.9,10.22,4,17,1022,496,1.798956766410492,20,1.2148495148164886,0.024296990296329774,15.469861696078375,12.794440978477688,2.3095098618094116,2.5819667308174727,7,"{""0"": 0.01712940440291303, ""1"": 0.02445709152679803, ""2"": 0.018810499641377293, ""3"": 0.03069471945664683, ""4"": 0.02483587429509072, ""5"": 0.02985435245515273}"
control,100,p0.10,nan,1.0,0,0.1,9.9,10.22,4,17,1022,496,1.798956766410492,30,1.2100699089593867,0.024201398179187737,33.26617152738655,13.407823039705443,2.38334099282327,2.278161220443713,6,"{""0"": 0.019897419671769383, ""1"": 0.02226859299873902, ""2"": 0.01921079012493221, ""3"": 0.02984749834529902, ""4"": 0.024890961911075916, ""5"": 0.02909312602331089}"
control,100,p0.10,nan,1.0,0,0.1,9.9,10.22,4,17,1022,496,1.798956766410492,40,1.2063281318489265,0.024126562636978533,16.86843233169007,13.368610144268715,2.3326282756915906,2.3994818192971663,7,"{""0"": 0.020904541039705137, ""1"": 0.02077334903557285, ""2"": 0.01947753619908939, ""3"": 0.028311748340728214, ""4"": 0.025804111591927165, ""5"": 0.02948808961484841}"
control,100,p0.10,nan,1.0,0,0.1,9.9,10.22,4,17,1022,496,1.798956766410492,50,1.212285110080434,0.024245702201608686,28.461871635877802,13.576466415136263,2.2834036645650997,2.4025059305883962,7,"{""0"": 0.023131836629688977, ""1"": 0.01994134124358437, ""2"": 0.019543069611042508, ""3"": 0.026490300558192643, ""4"": 0.026529352028651754, ""5"": 0.02983831313849185}"
control,100,p0.10,nan,1.0,0,0.1,9.9,10.22,4,17,1022,496,1.798956766410492,60,1.2197554623091353,0.024395109246182708,68.77449984998073,13.661955603457534,2.293876320571696,2.2387728946486125,6,"{""0"": 0.02467547533172638, ""1"": 0.019706450764217103, ""2"": 0.01997005606154737, ""3"": 0.025253345165335277, ""4"": 0.026683666578460948, ""5"": 0.03008166157580918}"
control,100,p0.10,nan,1.0,0,0.1,9.9,10.22,4,17,1022,496,1.798956766410492,70,1.2065037647810288,0.024130075295620577,14.280349721890882,13.678342424994273,2.2924706727718163,2.352355339940818,7,"{""0"": 0.023935741277659076, ""1"": 0.0196455492479842, ""2"": 0.020018503221422727, ""3"": 0.02489268870102996, ""4"": 0.025962308492177687, ""5"": 0.030325660833449807}"
control,100,p0.10,nan,1.0,0,0.1,9.9,10.22,4,17,1022,496,1.798956766410492,80,1.2308429915517973,0.02461685983103595,14.650690970906645,14.014360714937792,2.3297516890894023,2.122773473166357,6,"{""0"": 0.024456732980018426, ""1"": 0.019885991462703104, ""2"": 0.02038028946931199, ""3"": 0.02568318562853549, ""4"": 0.025879787513482178, ""5"": 0.031415171932164504}"
control,100,p0.10,nan,1.0,0,0.1,9.9,10.22,4,17,1022,496,1.798956766410492,90,1.2277050497165156,0.024554100994330315,11.513591528783584,14.207107549925258,2.3481799231789404,2.179363497709308,6,"{""0"": 0.023882079362761738, ""1"": 0.020398490335477318, ""2"": 0.020536055340560605, ""3"": 0.02703586509497096, ""4"": 0.025443794879343264, ""5"": 0.030028320952867997}"
control,100,p0.10,nan,1.0,0,0.1,9.9,10.22,4,17,1022,496,1.798956766410492,100,1.1778214710567763,0.02355642942113553,106.33348973395096,14.223020117629146,2.3336676654037527,2.2322294121416877,6,"{""0"": 0.023638256928331464, ""1"": 0.019737478282988195, ""2"": 0.02030592250456615, ""3"": 0.025687409236003534, ""4"": 0.024934127788431293, ""5"": 0.027035381786492552}"
control,100,p0.10,nan,1.0,0,0.1,9.9,10.22,4,17,1022,496,1.798956766410492,110,1.1762576333077717,0.023525152666155437,64.58175453250607,14.277872983732495,2.3259822251059505,2.280448370334478,6,"{""0"": 0.02356385723863348, ""1"": 0.01991460980663721, ""2"": 0.020329684838737188, ""3"": 0.025858528471409303, ""4"": 0.024795076046885446, ""5"": 0.02668915959463001}"
control,100,p0.10,nan,1.0,0,0.1,9.9,10.22,4,17,1022,496,1.798956766410492,120,1.1694735498906,0.023389470997812002,55.324963668721544,14.23386221315564,2.3194555801495893,2.2360683623906192,6,"{""0"": 0.023730626749512217, ""1"": 0.019781460577676685, ""2"": 0.020354753366189842, ""3"": 0.02532881743121123, ""4"": 0.024762974254884322, ""5"": 0.026378193607397692}"
control,100,p0.10,nan,1.0,0,0.1,9.9,10.22,4,17,1022,496,1.798956766410492,130,1.1622695747701175,0.023245391495402352,64.7571281814898,14.2427518187205,2.3230414326071256,2.243226666537521,6,"{""0"": 0.022994527278687477, ""1"": 0.019561685772603362, ""2"": 0.02027178827530316, ""3"": 0.025428227368148936, ""4"": 0.02497928804620523, ""5"": 0.02623683223146594}"
control,100,p0.10,nan,1.0,0,0.1,9.9,10.22,4,17,1022,496,1.798956766410492,140,1.1265400195415252,0.022530800390830504,19.48988656403878,14.266953029906677,2.3043211450921626,2.3566850248018207,7,"{""0"": 0.023087908181217733, ""1"": 0.019495758290092962, ""2"": 0.020065766984661164, ""3"": 0.023818961706478268, ""4"": 0.024660997696071926, ""5"": 0.02405540948646099}"
control,100,p0.10,nan,1.0,0,0.1,9.9,10.22,4,17,1022,496,1.798956766410492,150,1.1035783847540968,0.02207156769508194,59.110901518649634,14.315548786834727,2.3033063728837075,2.4900359996182537,7,"{""0"": 0.022139389416364064, ""1"": 0.01912962316752314, ""2"": 0.019834377506922973, ""3"": 0.024728923427512296, ""4"": 0.02464687146858725, ""5"": 0.02195022118358191}"
control,100,p0.10,nan,1.0,0,0.1,9.9,10.22,4,17,1022,496,1.798956766410492,160,1.0819814175334865,0.021639628350669734,78.41101218745352,14.303169334266407,2.299163813269141,2.5991427379858174,7,"{""0"": 0.022126248982016983, ""1"": 0.01903928845642771, ""2"": 0.01947737226092719, ""3"": 0.023451760018149023, ""4"": 0.024289739716039305, ""5"": 0.021453360670458207}"
control,100,p0.10,nan,1.0,0,0.1,9.9,10.22,4,17,1022,496,1.798956766410492,170,1.0720391622391954,0.02144078324478391,49.72561385819085,14.315765360701649,2.2995057849266303,2.7134106991061913,7,"{""0"": 0.022413416977248156, ""1"": 0.01872879706241447, ""2"": 0.01941319826570436, ""3"": 0.022994011581189376, ""4"": 0.024008750787310025, ""5"": 0.021086524794837073}"
control,100,p0.10,nan,1.0,0,0.1,9.9,10.22,4,17,1022,496,1.798956766410492,180,1.0672339113328535,0.02134467822665707,24.723352165984423,14.35277572340437,2.2945129679965555,2.827209287989592,8,"{""0"": 0.022151450448271708, ""1"": 0.018293623405264543, ""2"": 0.019446242929864604, ""3"": 0.023061941252393244, ""4"": 0.023920639549107454, ""5"": 0.02119417177504088}"
control,100,p0.10,nan,1.0,0,0.1,9.9,10.22,4,17,1022,496,1.798956766410492,190,1.0333519183262863,0.020667038366525725,17.070436056055563,14.380092646865567,2.3055931801144,3.0195260197850833,8,"{""0"": 0.022501089627384962, ""1"": 0.01780963358663095, ""2"": 0.019374799159581218, ""3"": 0.022200489926113624, ""4"": 0.023481961841136566, ""5"": 0.018634256058307035}"
control,100,p0.10,nan,1.0,0,0.1,9.9,10.22,4,17,1022,496,1.798956766410492,200,1.0236592304647034,0.02047318460929407,48.05889017466891,14.46990438575336,2.3271195059069725,3.13250912068707,8,"{""0"": 0.022936021306247008, ""1"": 0.017596043672233958, ""2"": 0.019247987346047046, ""3"": 0.021529275202180738, ""4"": 0.023090802807194704, ""5"": 0.018438977321860974}"
control,100,p0.20,nan,1.0,0,0.2,19.8,20.26,10,33,2026,496,1.6009858435496926,0,1.0312848802489933,0.020625697604979867,nan,0.0,1.6009858435496926,4.3529663876825815,7,"{""0"": 0.021044320279608543, ""1"": 0.02053181586996515, ""2"": 0.022827182069892905, ""3"": 0.018588744994852906, ""4"": 0.019815089961017645, ""5"": 0.020947032454542065}"
control,100,p0.20,nan,1.0,0,0.2,19.8,20.26,10,33,2026,496,1.6009858435496926,10,1.2402788722715326,0.024805577445430656,56.880272368382364,12.072948857150775,2.0249924149216416,3.110459274198374,7,"{""0"": 0.024716583855884867, ""1"": 0.029833445725979325, ""2"": 0.009594072178804158, ""3"": 0.030364295529737878, ""4"": 0.017575460662183753, ""5"": 0.03674960671999393}"
control,100,p0.20,nan,1.0,0,0.2,19.8,20.26,10,33,2026,496,1.6009858435496926,20,0.8654842699972909,0.01730968539994582,34.90867546262299,13.252111875265545,2.091655706520756,3.4238331264157646,9,"{""0"": 0.01462335408143059, ""1"": 0.025842838555197707, ""2"": 0.010620513908904759, ""3"": 0.01908565483471481, ""4"": 0.016261318788421478, ""5"": 0.01742443223100558}"
control,100,p0.20,nan,1.0,0,0.2,19.8,20.26,10,33,2026,496,1.6009858435496926,30,1.0538838311478234,0.02107767662295647,44.15729491051752,13.633899488946465,2.1600352950570136,2.997580418299154,8,"{""0"": 0.015591540558552225, ""1"": 0.025729346859093238, ""2"": 0.0180877925042637, ""3"": 0.023842199153648356, ""4"": 0.018606006388516748, ""5"": 0.02460917427366456}"
control,100,p0.20,nan,1.0,0,0.2,19.8,20.26,10,33,2026,496,1.6009858435496926,40,1.0342184155661112,0.020684368311322227,15.916387443994324,13.941904121554362,2.219737631708953,2.8345876547059827,7,"{""0"": 0.015684970724433252, ""1"": 0.026572969895572264, ""2"": 0.02131387402337638, ""3"": 0.019898803278249208, ""4"": 0.017844677417916323, ""5"": 0.02279091452838592}"
control,100,p0.20,nan,1.0,0,0.2,19.8,20.26,10,33,2026,496,1.6009858435496926,50,0.8744671732601331,0.017489343465202666,25.286421358712374,14.365135956515186,2.192227719029349,3.6577219242010943,9,"{""0"": 0.014693584115138275, ""1"": 0.019912901878976798, ""2"": 0.021801333964944228, ""3"": 0.012883287925131475, ""4"": 0.014793712712411094, ""5"": 0.020851240194614123}"
control,100,p0.20,nan,1.0,0,0.2,19.8,20.26,10,33,2026,496,1.6009858435496926,60,0.8446989039811083,0.016893978079622167,37.58549283604745,14.512403174592693,2.212403630074194,4.118049020900969,9,"{""0"": 0.01397118618067016, ""1"": 0.017984975486934823, ""2"": 0.02217493225490092, ""3"": 0.013803660833261806, ""4"": 0.012550352234123593, ""5"": 0.020878761487841686}"
control,100,p0.20,nan,1.0,0,0.2,19.8,20.26,10,33,2026,496,1.6009858435496926,70,0.9131919492919858,0.01826383898583972,15.520434323678957,14.46184470627178,2.1799738522108045,3.9565524314524687,9,"{""0"": 0.014024709185984838, ""1"": 0.01843215544014324, ""2"": 0.025596257991622094, ""3"": 0.015799303158425242, ""4"": 0.014147416559574202, ""5"": 0.02158319157928869}"
control,100,p0.20,nan,1.0,0,0.2,19.8,20.26,10,33,2026,496,1.6009858435496926,80,0.8791241547804511,0.017582483095609027,70.41124212184855,14.627965515694049,2.229907195235594,4.112194204126272,8,"{""0"": 0.01401236371610334, ""1"": 0.016673083224206263, ""2"": 0.024351282608063723, ""3"": 0.01513348509723991, ""4"": 0.012307785461739622, ""5"": 0.023016898466301304}"
control,100,p0.20,nan,1.0,0,0.2,19.8,20.26,10,33,2026,496,1.6009858435496926,90,0.8435665094469023,0.016871330188938046,30.13704279065834,14.784689453337043,2.2889418336529177,4.250846954907327,9,"{""0"": 0.013381999427781835, ""1"": 0.016148586806318303, ""2"": 0.022153915336741277, ""3"": 0.015236829320208756, ""4"": 0.012447091894757891, ""5"": 0.021859558347820225}"
control,100,p0.20,nan,1.0,0,0.2,19.8,20.26,10,33,2026,496,1.6009858435496926,100,0.8564332174930226,0.017128664349860455,108.90741898189141,14.855367416446114,2.29141624433346,4.328692003995494,9,"{""0"": 0.012630346057070608, ""1"": 0.015589489025716738, ""2"": 0.02529658077050172, ""3"": 0.015239121704044279, ""4"": 0.01262518962436054, ""5"": 0.02139125891746884}"
control,100,p0.20,nan,1.0,0,0.2,19.8,20.26,10,33,2026,496,1.6009858435496926,110,0.8649701897885727,0.017299403795771457,24.75345040306063,15.015426644198225,2.3557110910460635,4.345911751135059,9,"{""0"": 0.011666196413440435, ""1"": 0.015828847767194485, ""2"": 0.024553726963740034, ""3"": 0.015988815127845495, ""4"": 0.012586502806262712, ""5"": 0.023172333696145568}"
control,100,p0.20,nan,1.0,0,0.2,19.8,20.26,10,33,2026,496,1.6009858435496926,120,0.8584891234221081,0.017169782468442165,31.703045800132184,15.158264442110106,2.402086930860445,4.095368603002015,8,"{""0"": 0.01127647079599877, ""1"": 0.015099273286902647, ""2"": 0.023881842181824913, ""3"": 0.01631574666736839, ""4"": 0.012534135868937632, ""5"": 0.02391122600962064}"
control,100,p0.20,nan,1.0,0,0.2,19.8,20.26,10,33,2026,496,1.6009858435496926,130,0.8597547321257176,0.017195094642514355,90.59635702041838,15.122995463932336,2.3766362147365756,4.183630262398183,8,"{""0"": 0.011967000340542462, ""1"": 0.014881779160567729, ""2"": 0.025088708142434173, ""3"": 0.01685873532099854, ""4"": 0.012572560416446443, ""5"": 0.021801784474096787}"
control,100,p0.20,nan,1.0,0,0.2,19.8,20.26,10,33,2026,496,1.6009858435496926,140,0.8508890803190884,0.01701778160638177,33.5669138662853,15.241043661987613,2.3614230421431026,4.079439180074658,8,"{""0"": 0.011619512779724542, ""1"": 0.014597648730336473, ""2"": 0.023162172128085627, ""3"": 0.016801480422867218, ""4"": 0.01251108024040955, ""5"": 0.023414795336867196}"
control,100,p0.20,nan,1.0,0,0.2,19.8,20.26,10,33,2026,496,1.6009858435496926,150,0.8489444425532153,0.016978888851064307,32.29558681665123,15.347488602411628,2.4125698115839707,4.117545778584219,8,"{""0"": 0.010823838365385521, ""1"": 0.014161347819890851, ""2"": 0.02182807408871764, ""3"": 0.01705848277974498, ""4"": 0.012673740561414204, ""5"": 0.025327849491232658}"
control,100,p0.20,nan,1.0,0,0.2,19.8,20.26,10,33,2026,496,1.6009858435496926,160,0.835138045104332,0.016702760902086642,46.797687910500436,15.415682097234187,2.4221250516676887,4.156554069019174,8,"{""0"": 0.010478475302479973, ""1"": 0.013858197108022705, ""2"": 0.022339287144081985, ""3"": 0.016896749090831862, ""4"": 0.012699594364603314, ""5"": 0.023944262402500006}"
control,100,p0.20,nan,1.0,0,0.2,19.8,20.26,10,33,2026,496,1.6009858435496926,170,0.8405010541671427,0.016810021083342855,31.861924634019285,15.416100490812344,2.4120635357796987,4.2577666117214825,8,"{""0"": 0.011413466966944102, ""1"": 0.01445097853805706, ""2"": 0.022206540460161843, ""3"": 0.01703744358132192, ""4"": 0.01262047468093308, ""5"": 0.023131222272639126}"
control,100,p0.20,nan,1.0,0,0.2,19.8,20.26,10,33,2026,496,1.6009858435496926,180,0.8411521174866238,0.01682304234973248,17.567664299396604,15.375892305508888,2.4347010188423424,4.289500981968401,9,"{""0"": 0.011344461391124041, ""1"": 0.014478687651913725, ""2"": 0.022347257896877783, ""3"": 0.016868714392021495, ""4"": 0.013785739232076547, ""5"": 0.02211339353438127}"
control,100,p0.20,nan,1.0,0,0.2,19.8,20.26,10,33,2026,496,1.6009858435496926,190,0.825514799967157,0.016510295999343144,65.11974909618009,15.298075838837562,2.4690059725144526,4.368404802840858,9,"{""0"": 0.011199555168598269, ""1"": 0.014446128814690314, ""2"": 0.022568430369657368, ""3"": 0.015815098729608144, ""4"": 0.013804871896252194, ""5"": 0.021227691017252564}"
control,100,p0.20,nan,1.0,0,0.2,19.8,20.26,10,33,2026,496,1.6009858435496926,200,0.8205619347213176,0.01641123869442635,17.101616994053877,15.347614062842213,2.4643342458809165,4.381287607596451,9,"{""0"": 0.011166152028901487, ""1"": 0.014734361389975864, ""2"": 0.02247388983179129, ""3"": 0.01518200118594723, ""4"": 0.013746458886966, ""5"": 0.02116456884297624}"
control,100,p0.40,nan,1.0,0,0.4,39.6,39.5,26,52,3950,496,1.5089383914280536,0,0.9797423932077713,0.01959484786415543,nan,0.0,1.5089383914280536,3.092153506073242,6,"{""0"": 0.019561218560799856, ""1"": 0.020878701133152378, ""2"": 0.016817594791431266, ""3"": 0.0218102946163234, ""4"": 0.01815728969365605, ""5"": 0.020343988389569627}"
control,100,p0.40,nan,1.0,0,0.4,39.6,39.5,26,52,3950,496,1.5089383914280536,10,1.2043025241369925,0.024086050482739853,34.74704656292283,11.153894332501698,1.9529799862456425,1.8015159020303129,5,"{""0"": 0.021787721972165323, ""1"": 0.034143468150859405, ""2"": 0.011265692164540079, ""3"": 0.029934599971023358, ""4"": 0.011449954239820466, ""5"": 0.03593486639803049}"
control,100,p0.40,nan,1.0,0,0.4,39.6,39.5,26,52,3950,496,1.5089383914280536,20,1.1871917078345304,0.023743834156690614,28.109708344610777,11.326388463491714,1.8373691254511226,2.0635775028144847,6,"{""0"": 0.023859206963765017, ""1"": 0.033784119782714006, ""2"": 0.013546678257885561, ""3"": 0.02548918808702979, ""4"": 0.010674023611106132, ""5"": 0.03510978823764317}"
control,100,p0.40,nan,1.0,0,0.4,39.6,39.5,26,52,3950,496,1.5089383914280536,30,1.0753888626119594,0.02150777725223919,64.35988714098485,11.283415774257199,1.9095935613528436,3.5319712050997136,8,"{""0"": 0.02158403557314766, ""1"": 0.022164058795633965, ""2"": 0.016488384681557236, ""3"": 0.024507140703735254, ""4"": 0.014749127330718387, ""5"": 0.029553916428642645}"
control,100,p0.40,nan,1.0,0,0.4,39.6,39.5,26,52,3950,496,1.5089383914280536,40,1.0023700384658436,0.020047400769316878,18.826106144121052,11.349750115526405,1.916930986451772,3.922909874094421,8,"{""0"": 0.022054145181759254, ""1"": 0.019495128503836664, ""2"": 0.01498372847914286, ""3"": 0.022117931766660194, ""4"": 0.014481503315411804, ""5"": 0.02715196736909048}"
control,100,p0.40,nan,1.0,0,0.4,39.6,39.5,26,52,3950,496,1.5089383914280536,50,0.9784043655477153,0.019568087310954305,42.51548677621616,11.960033027033198,1.9386957707802948,4.108816170652982,9,"{""0"": 0.0225235348187298, ""1"": 0.018583106641937252, ""2"": 0.015044777900092326, ""3"": 0.021706823113259315, ""4"": 0.01267609837804159, ""5"": 0.026874183013665547}"
control,100,p0.40,nan,1.0,0,0.4,39.6,39.5,26,52,3950,496,1.5089383914280536,60,0.963111332354983,0.019262226647099662,55.92924860578773,12.533342833038866,1.9713992699324279,5.05023669775546,10,"{""0"": 0.024140014574672665, ""1"": 0.01980729657459425, ""2"": 0.01765221953107158, ""3"": 0.01906229267533473, ""4"": 0.012014186392974819, ""5"": 0.022897350133949935}"
control,100,p0.40,nan,1.0,0,0.4,39.6,39.5,26,52,3950,496,1.5089383914280536,70,0.9536172770614162,0.019072345541228327,28.361225399180128,12.594110493347737,1.9644477403190823,5.139414989082379,10,"{""0"": 0.02385968851392249, ""1"": 0.0195141158473778, ""2"": 0.017045191404807945, ""3"": 0.018706754412900026, ""4"": 0.012016658488701593, ""5"": 0.02329166457966008}"
control,100,p0.40,nan,1.0,0,0.4,39.6,39.5,26,52,3950,496,1.5089383914280536,80,0.955335421403919,0.019106708428078385,29.256626760459,12.71939011450351,1.965589353723781,4.717901895707665,10,"{""0"": 0.024604130953896273, ""1"": 0.01918803426356014, ""2"": 0.01575275703496051, ""3"": 0.020000131550906387, ""4"": 0.010783681438490718, ""5"": 0.024311515326656267}"
control,100,p0.40,nan,1.0,0,0.4,39.6,39.5,26,52,3950,496,1.5089383914280536,90,0.9685843196372148,0.019371686392744298,15.554918301749675,12.729229110484491,1.944422806710768,4.7339966825988995,10,"{""0"": 0.023269224758376325, ""1"": 0.019791485436587892, ""2"": 0.015719329376158532, ""3"": 0.02102484034184384, ""4"": 0.010984073024880326, ""5"": 0.025441165418618884}"
control,100,p0.40,nan,1.0,0,0.4,39.6,39.5,26,52,3950,496,1.5089383914280536,100,0.9655358315272434,0.01931071663054487,113.74338634519766,12.7877354015815,1.9619896230097356,5.441148223409568,11,"{""0"": 0.022004117248783987, ""1"": 0.01892597622534066, ""2"": 0.01952956130142397, ""3"": 0.020627703439803385, ""4"": 0.010426129485995838, ""5"": 0.02435081208192138}"
control,100,p0.40,nan,1.0,0,0.4,39.6,39.5,26,52,3950,496,1.5089383914280536,110,0.9581861214835027,0.019163722429670054,62.18106424024127,12.670258301547651,1.945920068133263,5.834643940931708,11,"{""0"": 0.02221159127574102, ""1"": 0.018974006962912467, ""2"": 0.019147986748275177, ""3"": 0.020022938620588432, ""4"": 0.011078075772302793, ""5"": 0.023547735198200446}"
control,100,p0.40,nan,1.0,0,0.4,39.6,39.5,26,52,3950,496,1.5089383914280536,120,0.9620893672751537,0.019241787345503077,49.45833011609048,12.62836283092014,1.9496384842719163,5.882078723867699,11,"{""0"": 0.023518532849850417, ""1"": 0.019184162968098536, ""2"": 0.01852365516620381, ""3"": 0.02009805537645088, ""4"": 0.01127580769883848, ""5"": 0.022850510013576318}"
control,100,p0.40,nan,1.0,0,0.4,39.6,39.5,26,52,3950,496,1.5089383914280536,130,0.9532631956327103,0.01906526391265421,48.86852611192509,12.693482688625647,1.9447789820733872,5.963869424547984,11,"{""0"": 0.022002652031754687, ""1"": 0.018991921149845326, ""2"": 0.01909092641103928, ""3"": 0.01998844113372166, ""4"": 0.011491041328706063, ""5"": 0.022826601420858246}"
control,100,p0.40,nan,1.0,0,0.4,39.6,39.5,26,52,3950,496,1.5089383914280536,140,0.959800084504176,0.019196001690083522,37.001730290183815,12.752084262118219,1.9585822092601617,6.145015365926283,11,"{""0"": 0.0218378312157008, ""1"": 0.019293491123210094, ""2"": 0.019388176269728014, ""3"": 0.02049210091254316, ""4"": 0.011529615058316652, ""5"": 0.02263479556100241}"
control,100,p0.40,nan,1.0,0,0.4,39.6,39.5,26,52,3950,496,1.5089383914280536,150,0.9483364168305704,0.018966728336611408,55.329071197154896,12.857341679978704,1.95590577197983,6.1093988187903205,11,"{""0"": 0.021476533008583983, ""1"": 0.018832758318990877, ""2"": 0.01942874716095883, ""3"": 0.020111391618088958, ""4"": 0.011678834525499749, ""5"": 0.022272105387546055}"
control,100,p0.40,nan,1.0,0,0.4,39.6,39.5,26,52,3950,496,1.5089383914280536,160,0.9480939963153358,0.018961879926306716,32.444451627926895,12.942864022156318,1.9595744856006578,6.190537844267803,11,"{""0"": 0.021765004122142786, ""1"": 0.019109931921775576, ""2"": 0.019357384063737174, ""3"": 0.020067040404171364, ""4"": 0.011427253416856483, ""5"": 0.022044665629156916}"
control,100,p0.40,nan,1.0,0,0.4,39.6,39.5,26,52,3950,496,1.5089383914280536,170,0.9451405431503799,0.0189028108630076,47.107604085799174,12.964669187605503,1.9533918352128092,6.127349563976734,11,"{""0"": 0.021806167142919865, ""1"": 0.019276446137974124, ""2"": 0.019343348050913634, ""3"": 0.01999351034976455, ""4"": 0.011354481171027138, ""5"": 0.021642912325446278}"
control,100,p0.40,nan,1.0,0,0.4,39.6,39.5,26,52,3950,496,1.5089383914280536,180,0.9438389504089458,0.01887677900817892,20.879066964160216,13.034281699684048,1.9385730270845682,5.725938740986322,11,"{""0"": 0.021648381863470404, ""1"": 0.01872324556114332, ""2"": 0.019947928186242143, ""3"": 0.01976248573479636, ""4"": 0.01112749303508789, ""5"": 0.022051139668333393}"
control,100,p0.40,nan,1.0,0,0.4,39.6,39.5,26,52,3950,496,1.5089383914280536,190,0.9347644158509792,0.01869528831701959,19.009754984256993,13.086030008939144,1.9440139432234165,5.728937828082287,11,"{""0"": 0.020847302391650453, ""1"": 0.018512875261160418, ""2"": 0.019667528835943124, ""3"": 0.020093908136026625, ""4"": 0.01146681351917819, ""5"": 0.021583301758158716}"
control,100,p0.40,nan,1.0,0,0.4,39.6,39.5,26,52,3950,496,1.5089383914280536,200,0.9311473000808888,0.018622946001617777,51.082067556321405,13.148892127259966,1.9533699731786047,5.704707515723703,11,"{""0"": 0.02076440532119609, ""1"": 0.018434843624971234, ""2"": 0.019655459009703953, ""3"": 0.02006844704172354, ""4"": 0.011423371775802053, ""5"": 0.021391149236309796}"
control,100,p0.05,nan,1.0,1,0.05,4.95,5.01,2,11,501,501,1.5147267379231713,0,0.9870816068477046,0.019741632136954096,nan,0.0,1.5147267379231713,4.181885953400667,7,"{""0"": 0.019308350061848133, ""1"": 0.020395872674136693, ""2"": 0.01972494690134366, ""3"": 0.021331808225923468, ""4"": 0.018436463744675162, ""5"": 0.01925235121379746}"
control,100,p0.05,nan,1.0,1,0.05,4.95,5.01,2,11,501,501,1.5147267379231713,10,1.4621925689865858,0.02924385137973172,19.917328281060303,11.822876006873845,2.2934863051725416,1.6194527795038036,4,"{""0"": 0.046102401470390686, ""1"": 0.025537624691874195, ""2"": 0.01610129106459865, ""3"": 0.03945873805237014, ""4"": 0.022234982331010393, ""5"": 0.026028070668146254}"
control,100,p0.05,nan,1.0,1,0.05,4.95,5.01,2,11,501,501,1.5147267379231713,20,0.9967894430854057,0.019935788861708117,19.51719592231856,14.488778569629456,2.280262224884935,2.388901754840793,4,"{""0"": 0.019175050033931766, ""1"": 0.01581617001667213, ""2"": 0.017757323607989667, ""3"": 0.03799636675152791, ""4"": 0.009356038480765817, ""5"": 0.01951378427936142}"
control,100,p0.05,nan,1.0,1,0.05,4.95,5.01,2,11,501,501,1.5147267379231713,30,0.8792052058551986,0.017584104117103972,15.625433968977845,14.645707003839446,2.203356577376803,2.6249664412854012,5,"{""0"": 0.018071727725102238, ""1"": 0.015915417512876978, ""2"": 0.013394978918740008, ""3"": 0.030505208481516933, ""4"": 0.009151488380887357, ""5"": 0.018465803683500315}"
control,100,p0.05,nan,1.0,1,0.05,4.95,5.01,2,11,501,501,1.5147267379231713,40,0.8802017686470608,0.01760403537294122,33.792032347765364,14.886267669819457,2.3985591339049024,2.6738728176088893,6,"{""0"": 0.01609912787726666, ""1"": 0.017566630634846304, ""2"": 0.013880069888502664, ""3"": 0.025921362015154215, ""4"": 0.012088021010752162, ""5"": 0.02006900081112531}"
control,100,p0.05,nan,1.0,1,0.05,4.95,5.01,2,11,501,501,1.5147267379231713,50,0.8791857063766234,0.01758371412753247,66.65015589457101,15.27537325388749,2.376370677719727,2.7980636483701917,6,"{""0"": 0.01329445523650923, ""1"": 0.018280083758585194, ""2"": 0.01348657202577394, ""3"": 0.02380273265691554, ""4"": 0.01448292874552061, ""5"": 0.0221555123418903}"
control,100,p0.05,nan,1.0,1,0.05,4.95,5.01,2,11,501,501,1.5147267379231713,60,0.770198672532295,0.015403973450645902,17.341826500298033,15.476433231871413,2.3165887592488272,2.6671236429484133,5,"{""0"": 0.014615771185534615, ""1"": 0.019613508098683542, ""2"": 0.011762651787526054, ""3"": 0.021775170782634908, ""4"": 0.009147020393522306, ""5"": 0.015509718455973992}"
control,100,p0.05,nan,1.0,1,0.05,4.95,5.01,2,11,501,501,1.5147267379231713,70,0.7470758327554816,0.014941516655109633,50.17198814164551,15.886637227658857,2.3102274754907723,2.407907283397811,6,"{""0"": 0.015364113244764083, ""1"": 0.016777090119960834, ""2"": 0.013570676501367238, ""3"": 0.020459411986078598, ""4"": 0.0068911080269472265, ""5"": 0.016586700051539817}"
control,100,p0.05,nan,1.0,1,0.05,4.95,5.01,2,11,501,501,1.5147267379231713,80,0.7392449708553349,0.0147848994171067,37.153698398952685,15.990362299144305,2.2900541782599517,2.2366078648724894,6,"{""0"": 0.015044852113243579, ""1"": 0.01398133986351382, ""2"": 0.014193170100711949, ""3"": 0.022506389123571717, ""4"": 0.005727989679685282, ""5"": 0.017255655621913862}"
control,100,p0.05,nan,1.0,1,0.05,4.95,5.01,2,11,501,501,1.5147267379231713,90,0.7578910922290133,0.015157821844580269,13.94649113795775,15.979951924942936,2.2848525752378714,2.370970128848739,6,"{""0"": 0.01617114184819297, ""1"": 0.015004473682905256, ""2"": 0.014823230924034373, ""3"": 0.02212170201416953, ""4"": 0.0065944003234974305, ""5"": 0.016231982274682054}"
control,100,p0.05,nan,1.0,1,0.05,4.95,5.01,2,11,501,501,1.5147267379231713,100,0.7855606496396103,0.015711212992792205,23.788554714357232,16.211828092523255,2.301345019705237,2.331991499768004,6,"{""0"": 0.015422526106287854, ""1"": 0.01826671396467053, ""2"": 0.014348826486700907, ""3"": 0.023268748031928077, ""4"": 0.00658249934626032, ""5"": 0.016377964020905533}"
control,100,p0.05,nan,1.0,1,0.05,4.95,5.01,2,11,501,501,1.5147267379231713,110,0.7628149785361789,0.015256299570723579,16.79894193161342,16.387865617385867,2.3178306528548407,2.3441383721512823,6,"{""0"": 0.014368861078427119, ""1"": 0.019315803396677843, ""2"": 0.012594472380331978, ""3"": 0.02270936503041395, ""4"": 0.006128168040355845, ""5"": 0.01642112749813473}"
control,100,p0.05,nan,1.0,1,0.05,4.95,5.01,2,11,501,501,1.5147267379231713,120,0.7683397276690628,0.015366794553381259,12.050498872152689,16.521443241807493,2.336320063815493,2.486518701046382,6,"{""0"": 0.015119506748311345, ""1"": 0.019469397832395915, ""2"": 0.012772036688558492, ""3"": 0.023249230687254503, ""4"": 0.006604055493392086, ""5"": 0.014986539870375215}"
control,100,p0.05,nan,1.0,1,0.05,4.95,5.01,2,11,501,501,1.5147267379231713,130,0.7421383303669441,0.014842766607338884,51.70062416768401,16.710095326739786,2.3529596123041694,2.4290399156335,6,"{""0"": 0.014896335883025299, ""1"": 0.019389248351204418, ""2"": 0.012965736994549787, ""3"": 0.02044936668952459, ""4"": 0.006559772629409752, ""5"": 0.014796139096319456}"
control,100,p0.05,nan,1.0,1,0.05,4.95,5.01,2,11,501,501,1.5147267379231713,140,0.7131070562459219,0.01426214112491844,100.97605316489974,16.892455777399174,2.3673433365451206,2.491039915646587,6,"{""0"": 0.013968682008385625, ""1"": 0.019534314464724627, ""2"": 0.013051460557524264, ""3"": 0.0177860315408312, ""4"": 0.006807692917228434, ""5"": 0.014424665260816469}"
control,100,p0.05,nan,1.0,1,0.05,4.95,5.01,2,11,501,501,1.5147267379231713,150,0.7087363178191805,0.01417472635638361,13.484980817899789,17.06551014881631,2.3772785171812867,2.7114182522389547,6,"{""0"": 0.013215416885772577, ""1"": 0.01985794029024012, ""2"": 0.011933376888370048, ""3"": 0.018842067499895594, ""4"": 0.006943979223749225, ""5"": 0.014255577350274098}"
control,100,p0.05,nan,1.0,1,0.05,4.95,5.01,2,11,501,501,1.5147267379231713,160,0.7310411309981887,0.014620822619963777,19.335302609346996,17.215053507004626,2.3744614581605674,2.759506385975578,6,"{""0"": 0.012605043516232945, ""1"": 0.01999614533584195, ""2"": 0.012170479030082622, ""3"": 0.021477046028547653, ""4"": 0.006892874170052477, ""5"": 0.014583347639025013}"
control,100,p0.05,nan,1.0,1,0.05,4.95,5.01,2,11,501,501,1.5147267379231713,170,0.6873835805102992,0.013747671610205988,35.72952226396527,17.28839328286359,2.4137853741879427,2.696196243139368,6,"{""0"": 0.013145643003268311, ""1"": 0.019922409655778184, ""2"": 0.012384562573176335, ""3"": 0.0170578030801842, ""4"": 0.006830351346518141, ""5"": 0.01314526000231076}"
control,100,p0.05,nan,1.0,1,0.05,4.95,5.01,2,11,501,501,1.5147267379231713,180,0.6817364553395211,0.013634729106790424,70.7389667728995,17.404654819745293,2.4268421075566184,2.8426791446552135,6,"{""0"": 0.012630623355180021, ""1"": 0.020748332748979942, ""2"": 0.011718303298420376, ""3"": 0.017200184729661498, ""4"": 0.006896734974412055, ""5"": 0.012614195534088652}"
control,100,p0.05,nan,1.0,1,0.05,4.95,5.01,2,11,501,501,1.5147267379231713,190,0.6757446476524946,0.013514892953049895,18.060803824113627,17.558687728623603,2.3982007147814297,2.7066200806964877,6,"{""0"": 0.013392054367467866, ""1"": 0.020251628540202467, ""2"": 0.01186105271910346, ""3"": 0.01735875130926167, ""4"": 0.006679900821410008, ""5"": 0.011545969960853896}"
control,100,p0.05,nan,1.0,1,0.05,4.95,5.01,2,11,501,501,1.5147267379231713,200,0.7073892031529558,0.014147784063059119,61.44917194082127,17.598337019410472,2.385964265040037,2.4147779404656933,6,"{""0"": 0.013863486077773615, ""1"": 0.019755330869277696, ""2"": 0.014208972530955748, ""3"": 0.018125182976256916, ""4"": 0.0064144688572683115, ""5"": 0.012519263066822422}"
control,100,p0.10,nan,1.0,1,0.1,9.9,10.03,3,18,1003,501,1.4969126100991172,0,0.952767453422455,0.0190553490684491,nan,0.0,1.4969126100991172,4.402866895565454,8,"{""0"": 0.01962764871144673, ""1"": 0.019868618256741907, ""2"": 0.01829345277358285, ""3"": 0.01852187177335456, ""4"": 0.01842787499794688, ""5"": 0.019592627897621666}"
control,100,p0.10,nan,1.0,1,0.1,9.9,10.03,3,18,1003,501,1.4969126100991172,10,0.8676684704356817,0.017353369408713636,56.26554240970522,12.310737508364966,1.9152416753579085,3.1111833968485705,9,"{""0"": 0.026424298467470474, ""1"": 0.019297757881263568, ""2"": 0.009330966987418605, ""3"": 0.022845829614199932, ""4"": 0.008901023335213058, ""5"": 0.017320340166716186}"
control,100,p0.10,nan,1.0,1,0.1,9.9,10.03,3,18,1003,501,1.4969126100991172,20,0.8698301799611536,0.017396603599223077,19.725417740075233,13.558534724953354,1.969771544211217,2.520387247551312,8,"{""0"": 0.021169759244241814, ""1"": 0.016496802188168486, ""2"": 0.011946719469372993, ""3"": 0.02243211487873668, ""4"": 0.012835064135334803, ""5"": 0.01949916167948365}"
control,100,p0.10,nan,1.0,1,0.1,9.9,10.03,3,18,1003,501,1.4969126100991172,30,0.8354494935309469,0.016708989870618942,25.894055257208503,13.719068987582595,2.028673826384112,2.3145752439930813,8,"{""0"": 0.01969125906920363, ""1"": 0.013108027405948275, ""2"": 0.01559579833691568, ""3"": 0.020359038593000582, ""4"": 0.012148878586595208, ""5"": 0.01935093723205026}"
control,100,p0.10,nan,1.0,1,0.1,9.9,10.03,3,18,1003,501,1.4969126100991172,40,0.7844795286828927,0.015689590573657857,24.090509114518053,14.198464897232832,2.1396447222355213,2.4546656237002864,8,"{""0"": 0.019275000990731633, ""1"": 0.01048367758513375, ""2"": 0.01489578887448798, ""3"": 0.020184104935014695, ""4"": 0.01126741729351818, ""5"": 0.018031553763060905}"
control,100,p0.10,nan,1.0,1,0.1,9.9,10.03,3,18,1003,501,1.4969126100991172,50,0.7294594072698636,0.014589188145397274,95.25576139309776,14.346367726987948,2.138524788782915,2.8315135387343124,8,"{""0"": 0.017415686301280188, ""1"": 0.01297822421474094, ""2"": 0.014905592163328754, ""3"": 0.014516402277659027, ""4"": 0.009314256723656546, ""5"": 0.018404967191718195}"
control,100,p0.10,nan,1.0,1,0.1,9.9,10.03,3,18,1003,501,1.4969126100991172,60,0.7274014110771041,0.014548028221542084,38.45613673501342,14.388116673490897,2.141783906080568,2.8993486336656966,8,"{""0"": 0.017324653500220513, ""1"": 0.013172697759290258, ""2"": 0.014126752350759001, ""3"": 0.015772616263468403, ""4"": 0.009301367755697282, ""5"": 0.017590081699817055}"
control,100,p0.10,nan,1.0,1,0.1,9.9,10.03,3,18,1003,501,1.4969126100991172,70,0.71229014574077,0.014245802914815402,77.15845919336692,14.465862855531364,2.158081395970808,3.017553268901877,9,"{""0"": 0.016410798858455977, ""1"": 0.012977772356218548, ""2"": 0.01568992588802228, ""3"": 0.012409213203253208, ""4"": 0.009958623803139804, ""5"": 0.018028483379802594}"
control,100,p0.10,nan,1.0,1,0.1,9.9,10.03,3,18,1003,501,1.4969126100991172,80,0.7307389502811641,0.014614779005623283,60.47508942474314,14.461527836883283,2.1408349718212363,3.176052087473648,9,"{""0"": 0.018209711493648497, ""1"": 0.01270395904628582, ""2"": 0.016527387779812327, ""3"": 0.010363457409150633, ""4"": 0.012096765638861012, ""5"": 0.0177873926659814}"
control,100,p0.10,nan,1.0,1,0.1,9.9,10.03,3,18,1003,501,1.4969126100991172,90,0.7136719889159774,0.014273439778319548,31.025728530346257,14.327636893918173,2.115243815778927,3.5060281659933734,9,"{""0"": 0.018557603235896766, ""1"": 0.012110594299210211, ""2"": 0.016184521154342397, ""3"": 0.00767215558116556, ""4"": 0.013499696953324153, ""5"": 0.017616067445978212}"
control,100,p0.10,nan,1.0,1,0.1,9.9,10.03,3,18,1003,501,1.4969126100991172,100,0.6682422894693609,0.01336484578938722,32.48428622184466,14.412953193592404,2.1195669839527667,3.3129597219735536,9,"{""0"": 0.014645642438576797, ""1"": 0.01281066629676017, ""2"": 0.01632005341084663, ""3"": 0.006922466970574086, ""4"": 0.012327099439738951, ""5"": 0.017163146179826706}"
control,100,p0.10,nan,1.0,1,0.1,9.9,10.03,3,18,1003,501,1.4969126100991172,110,0.6650224649397505,0.01330044929879501,11.174281927423866,14.571335843121275,2.1336219870084467,3.4359318258956244,9,"{""0"": 0.013532278041755812, ""1"": 0.012459320233511057, ""2"": 0.016535225304817214, ""3"": 0.006418994095966328, ""4"": 0.013399232584261723, ""5"": 0.017457645532457926}"
control,100,p0.10,nan,1.0,1,0.1,9.9,10.03,3,18,1003,501,1.4969126100991172,120,0.6635564703847736,0.013271129407695472,17.423756819625552,14.67913275135254,2.137816308943051,3.2749776883520862,8,"{""0"": 0.013065870444385466, ""1"": 0.012571013551609856, ""2"": 0.017164504532225826, ""3"": 0.0061092796231188295, ""4"": 0.012924202332588276, ""5"": 0.017791905962244576}"
control,100,p0.10,nan,1.0,1,0.1,9.9,10.03,3,18,1003,501,1.4969126100991172,130,0.6623663011698734,0.013247326023397468,10.343509866872008,14.875143211763177,2.1628494310415376,3.2395806055786367,8,"{""0"": 0.013642535560093058, ""1"": 0.012422542960096648, ""2"": 0.017084359135112907, ""3"": 0.0061835642750001545, ""4"": 0.012548027900519329, ""5"": 0.017602926309562728}"
control,100,p0.10,nan,1.0,1,0.1,9.9,10.03,3,18,1003,501,1.4969126100991172,140,0.6673657053401442,0.013347314106802887,42.60580394461542,14.957503771214885,2.162483969585861,3.291614560592677,8,"{""0"": 0.012617751981839034, ""1"": 0.012333461378326265, ""2"": 0.017234093630635224, ""3"": 0.0057967866363829775, ""4"": 0.0135164920598769, ""5"": 0.018585298953756914}"
control,100,p0.10,nan,1.0,1,0.1,9.9,10.03,3,18,1003,501,1.4969126100991172,150,0.6457753200414065,0.012915506400828131,18.016536629248296,15.023876728340037,2.17170278041962,3.2676227281066805,8,"{""0"": 0.012163057976002577, ""1"": 0.012069068041827762, ""2"": 0.016814317209427616, ""3"": 0.006008958069798504, ""4"": 0.0127280750879234, ""5"": 0.017709562019988932}"
control,100,p0.10,nan,1.0,1,0.1,9.9,10.03,3,18,1003,501,1.4969126100991172,160,0.6239698867224269,0.012479397734448542,33.39274419432817,15.126475858799443,2.182755324324841,3.317705627778503,9,"{""0"": 0.010657984115428018, ""1"": 0.012037153979065438, ""2"": 0.016226994457191852, ""3"": 0.006139279521834948, ""4"": 0.012369481941909653, ""5"": 0.01744549239126134}"
control,100,p0.10,nan,1.0,1,0.1,9.9,10.03,3,18,1003,501,1.4969126100991172,170,0.6037353171059865,0.012074706342119731,14.537195581033684,15.066582442508828,2.176448881014125,3.190886089557302,9,"{""0"": 0.008073611338840233, ""1"": 0.012191186391228084, ""2"": 0.015818742717168564, ""3"": 0.0062914823014918395, ""4"": 0.011717579926940589, ""5"": 0.01835563537704906}"
control,100,p0.10,nan,1.0,1,0.1,9.9,10.03,3,18,1003,501,1.4969126100991172,180,0.5980257473233036,0.011960514946466074,41.142311805883175,15.07967156267682,2.1560765172186196,3.4014833566766556,9,"{""0"": 0.007664336179605646, ""1"": 0.012102660788536052, ""2"": 0.01522614465762348, ""3"": 0.006164370809258442, ""4"": 0.012505892922716266, ""5"": 0.018099684321056547}"
control,100,p0.10,nan,1.0,1,0.1,9.9,10.03,3,18,1003,501,1.4969126100991172,190,0.6048750501522252,0.012097501003044506,10.652216268166164,15.047510823407839,2.134858471442488,3.5115020461573354,9,"{""0"": 0.007598467612108191, ""1"": 0.012172127512695495, ""2"": 0.015468181877410678, ""3"": 0.005898730433572054, ""4"": 0.013002727925296892, ""5"": 0.018444770657183716}"
control,100,p0.10,nan,1.0,1,0.1,9.9,10.03,3,18,1003,501,1.4969126100991172,200,0.5995579193851999,0.011991158387704,20.666511428448167,15.050432011448823,2.1349117714871673,3.458482006508648,9,"{""0"": 0.0071876535900476145, ""1"": 0.012230018902366375, ""2"": 0.015520826105037785, ""3"": 0.005689940588182283, ""4"": 0.012803822600522385, ""5"": 0.01851468854006754}"
control,100,p0.20,nan,1.0,1,0.2,19.8,19.87,10,32,1987,501,1.5800567378133168,0,1.0230826801274309,0.02046165360254862,nan,0.0,1.5800567378133168,4.434366160215856,7,"{""0"": 0.018866610149487116, ""1"": 0.02336292731990303, ""2"": 0.021459114068966258, ""3"": 0.018931118294681547, ""4"": 0.018600295615890165, ""5"": 0.02154985616636359}"
control,100,p0.20,nan,1.0,1,0.2,19.8,19.87,10,32,1987,501,1.5800567378133168,10,0.8506739813239684,0.017013479626479373,26.93382552745305,13.324545960833525,2.0651309248712395,2.689998451201504,8,"{""0"": 0.013074459308517295, ""1"": 0.026885512589373956, ""2"": 0.019705668915814288, ""3"": 0.005780175237190722, ""4"": 0.011892252755337925, ""5"": 0.024742808952642047}"
control,100,p0.20,nan,1.0,1,0.2,19.8,19.87,10,32,1987,501,1.5800567378133168,20,0.7942166235349701,0.015884332470699404,32.30827344839356,14.758053275609397,2.6243356692393998,2.7422895918451964,7,"{""0"": 0.013743401961307513, ""1"": 0.00828611697773474, ""2"": 0.021140484397476428, ""3"": 0.012242722137248797, ""4"": 0.019890672873194952, ""5"": 0.020002596477233993}"
control,100,p0.20,nan,1.0,1,0.2,19.8,19.87,10,32,1987,501,1.5800567378133168,30,0.7483042088550782,0.014966084177101567,17.711684096645456,15.313588691954296,2.6269314440696703,2.8267729943192164,8,"{""0"": 0.0086247335679038, ""1"": 0.008081728614445297, ""2"": 0.024291907986304546, ""3"": 0.00827029183724287, ""4"": 0.01942391351619983, ""5"": 0.021103929540513065}"
control,100,p0.20,nan,1.0,1,0.2,19.8,19.87,10,32,1987,501,1.5800567378133168,40,0.7740429264218317,0.015480858528436635,39.79557227829969,15.350785086016588,2.7541386036271147,2.8629947207625,8,"{""0"": 0.008332171554390639, ""1"": 0.007946349427821768, ""2"": 0.02659617633257298, ""3"": 0.007876512683807055, ""4"": 0.019271520286872207, ""5"": 0.02286242088515518}"
control,100,p0.20,nan,1.0,1,0.2,19.8,19.87,10,32,1987,501,1.5800567378133168,50,0.7559303568139718,0.015118607136279438,59.37492495559902,15.463037323638407,2.8088282080188036,3.1991550486310882,8,"{""0"": 0.007956513373733496, ""1"": 0.008441260174928565, ""2"": 0.023384805082466487, ""3"": 0.00875609493297466, ""4"": 0.018399606947278917, ""5"": 0.02377336230629451}"
control,100,p0.20,nan,1.0,1,0.2,19.8,19.87,10,32,1987,501,1.5800567378133168,60,0.7939733822416825,0.01587946764483365,18.503217506052767,15.557758397107198,2.861761161048222,2.7478185186898347,8,"{""0"": 0.009282603170432861, ""1"": 0.008323791191459904, ""2"": 0.02377626476225666, ""3"": 0.008752807333294406, ""4"": 0.020408487860150905, ""5"": 0.024732851551407177}"
control,100,p0.20,nan,1.0,1,0.2,19.8,19.87,10,32,1987,501,1.5800567378133168,70,0.7835133050375565,0.015670266100751132,52.74317456148265,15.620707031832383,2.883709957167669,2.739940651364612,8,"{""0"": 0.009362201201761651, ""1"": 0.00784285421514961, ""2"": 0.02318723702699079, ""3"": 0.008054345942528709, ""4"": 0.02092174314235649, ""5"": 0.02465321507571952}"
control,100,p0.20,nan,1.0,1,0.2,19.8,19.87,10,32,1987,501,1.5800567378133168,80,0.7840657620767301,0.015681315241534603,54.13766982453291,15.793325680980999,2.8957501810810933,2.9425010938139256,8,"{""0"": 0.00969005117899022, ""1"": 0.00815400628025494, ""2"": 0.024208651202645884, ""3"": 0.007510727915321194, ""4"": 0.02038108918375406, ""5"": 0.02414336568824131}"
control,100,p0.20,nan,1.0,1,0.2,19.8,19.87,10,32,1987,501,1.5800567378133168,90,0.768896137019687,0.015377922740393742,26.62279680611438,15.825775755015908,2.9026604607075,3.304620738558758,8,"{""0"": 0.011057014991570876, ""1"": 0.00826725790985363, ""2"": 0.024598002185833016, ""3"": 0.0076516963949422425, ""4"": 0.017307122942940904, ""5"": 0.02338644201722178}"
control,100,p0.20,nan,1.0,1,0.2,19.8,19.87,10,32,1987,501,1.5800567378133168,100,0.7551575257808115,0.015103150515616233,48.021122728045974,15.814239176389528,2.9210442675841115,3.131780622830505,8,"{""0"": 0.010488540441225094, ""1"": 0.007964833841653179, ""2"": 0.023320127394899665, ""3"": 0.007935808106531063, ""4"": 0.017795253556177372, ""5"": 0.023114339753211026}"
control,100,p0.20,nan,1.0,1,0.2,19.8,19.87,10,32,1987,501,1.5800567378133168,110,0.7916545283885724,0.015833090567771452,24.813753404809834,15.868498452376478,2.887021174906968,3.2108691492014363,8,"{""0"": 0.009965110153116824, ""1"": 0.008253148062619337, ""2"": 0.02390517539308603, ""3"": 0.007250559525823541, ""4"": 0.021370893598057116, ""5"": 0.024253656673925844}"
control,100,p0.20,nan,1.0,1,0.2,19.8,19.87,10,32,1987,501,1.5800567378133168,120,0.7694362827624679,0.01538872565524936,17.622072511828495,15.846838879003919,2.863028659306436,3.2718003137750715,9,"{""0"": 0.010471629001893823, ""1"": 0.008296579462635659, ""2"": 0.023654758984237058, ""3"": 0.007400348315825554, ""4"": 0.01858469424133253, ""5"": 0.02392434392557153}"
control,100,p0.20,nan,1.0,1,0.2,19.8,19.87,10,32,1987,501,1.5800567378133168,130,0.7770542632508107,0.015541085265016215,13.83233569105044,15.96317945839808,2.8736675042763373,3.123522137315017,8,"{""0"": 0.009624309778965511, ""1"": 0.007948390268337158, ""2"": 0.02299340533872566, ""3"": 0.00764130580107251, ""4"": 0.02160359811208436, ""5"": 0.023435502290912097}"
control,100,p0.20,nan,1.0,1,0.2,19.8,19.87,10,32,1987,501,1.5800567378133168,140,0.7341774711497154,0.01468354942299431,85.81280162815384,16.022084422683765,2.8688937453387253,3.1213063097272618,8,"{""0"": 0.00974352965233171, ""1"": 0.007875312112777328, ""2"": 0.021956885753115475, ""3"": 0.008193819901122737, ""4"": 0.018962042429230767, ""5"": 0.021369706689387848}"
control,100,p0.20,nan,1.0,1,0.2,19.8,19.87,10,32,1987,501,1.5800567378133168,150,0.7231445685699768,0.014462891371399538,46.23841763946954,16.072736825790376,2.892124528085473,3.1820672939891885,8,"{""0"": 0.00985206078421394, ""1"": 0.007643210057604294, ""2"": 0.021989627926909002, ""3"": 0.008909155674459454, ""4"": 0.01816152316822798, ""5"": 0.02022177061698255}"
control,100,p0.20,nan,1.0,1,0.2,19.8,19.87,10,32,1987,501,1.5800567378133168,160,0.7530493964097609,0.01506098792819522,55.840990543541594,16.161186692188892,2.9081404984391948,3.3395689032434595,8,"{""0"": 0.010614916017535541, ""1"": 0.007942730517828442, ""2"": 0.022037732206310556, ""3"": 0.008579477776418234, ""4"": 0.020576418825433717, ""5"": 0.020614652225644813}"
control,100,p0.20,nan,1.0,1,0.2,19.8,19.87,10,32,1987,501,1.5800567378133168,170,0.742946152149477,0.014858923042989542,23.600839638302006,16.132300862024234,2.885022628507787,3.5662599782763196,9,"{""0"": 0.0116866467750221, ""1"": 0.00814994995935368, ""2"": 0.0217448679507526, ""3"": 0.008877878909076091, ""4"": 0.01884060665336817, ""5"": 0.019853588010364617}"
control,100,p0.20,nan,1.0,1,0.2,19.8,19.87,10,32,1987,501,1.5800567378133168,180,0.7465645667946994,0.01493129133589399,60.995565090132956,16.183433904724858,2.896771818261554,3.6653771962645116,9,"{""0"": 0.012831707862109765, ""1"": 0.008169833607906084, ""2"": 0.02155352573649143, ""3"": 0.009361792900980397, ""4"": 0.018737341788782492, ""5"": 0.018933546119093786}"
control,100,p0.20,nan,1.0,1,0.2,19.8,19.87,10,32,1987,501,1.5800567378133168,190,0.7453729862478066,0.014907459724956133,24.4387927722088,16.20833757879974,2.8805705716147063,3.684320465004387,9,"{""0"": 0.012670187416977521, ""1"": 0.00810904194547742, ""2"": 0.02110021242892958, ""3"": 0.009365843594610946, ""4"": 0.018796742890200197, ""5"": 0.019402730073541128}"
control,100,p0.20,nan,1.0,1,0.2,19.8,19.87,10,32,1987,501,1.5800567378133168,200,0.7570554930893209,0.01514110986178642,26.83550395535961,16.257889687523495,2.8805388666850176,3.754650881966173,9,"{""0"": 0.013962749416261933, ""1"": 0.008169950375861027, ""2"": 0.02132244970565063, ""3"": 0.009340678385940368, ""4"": 0.018677985358153203, ""5"": 0.01937284592885135}"
control,100,p0.40,nan,1.0,1,0.4,39.6,39.1,26,48,3910,501,1.55861269875631,0,1.0148552588554909,0.02029710517710982,nan,0.0,1.55861269875631,4.660211104575191,7,"{""0"": 0.019945337936642292, ""1"": 0.020234556643456275, ""2"": 0.021768233548725313, ""3"": 0.019842258257039995, ""4"": 0.020352609667156508, ""5"": 0.01963963500963852}"
control,100,p0.40,nan,1.0,1,0.4,39.6,39.1,26,48,3910,501,1.55861269875631,10,1.1543151512133494,0.02308630302426699,22.26013939518812,13.19717512957182,2.1937342323442204,2.542754722895072,8,"{""0"": 0.04248270197775308, ""1"": 0.020137617958866198, ""2"": 0.029474324952214238, ""3"": 0.005008298607277669, ""4"": 0.0173723284415952, ""5"": 0.024042546207895532}"
control,100,p0.40,nan,1.0,1,0.4,39.6,39.1,26,48,3910,501,1.55861269875631,20,0.9509352806713919,0.01901870561342784,54.24899942692675,12.825371366580818,2.0572161807555074,3.7645771311484695,9,"{""0"": 0.03561961677706173, ""1"": 0.014170859534020117, ""2"": 0.022830139328400265, ""3"": 0.009913992089515319, ""4"": 0.01451372269738716, ""5"": 0.01706390325418245}"
control,100,p0.40,nan,1.0,1,0.4,39.6,39.1,26,48,3910,501,1.55861269875631,30,0.8953975541387269,0.01790795108277454,35.30718131536414,13.564045624125256,2.3096581942255385,5.193001686717551,10,"{""0"": 0.02326042129117587, ""1"": 0.0191364428681425, ""2"": 0.017084843654105255, ""3"": 0.01408738405802205, ""4"": 0.01991483298474201, ""5"": 0.013963781640459546}"
control,100,p0.40,nan,1.0,1,0.4,39.6,39.1,26,48,3910,501,1.55861269875631,40,0.8977800611975525,0.017955601223951054,32.939069069733,13.988371286122101,2.290749022534291,3.9859778043936216,9,"{""0"": 0.02091859018850253, ""1"": 0.018716907386648125, ""2"": 0.017324052072348484, ""3"": 0.013966553024649183, ""4"": 0.02238209363995371, ""5"": 0.014425411031604284}"
control,100,p0.40,nan,1.0,1,0.4,39.6,39.1,26,48,3910,501,1.55861269875631,50,0.8086175207927926,0.016172350415855852,25.49828870086632,14.210177491088322,2.2705051277160884,4.450437048483671,9,"{""0"": 0.021907629796265846, ""1"": 0.020902667341016735, ""2"": 0.015052512629523718, ""3"": 0.013526768675144523, ""4"": 0.01603976541548483, ""5"": 0.009604758637699478}"
control,100,p0.40,nan,1.0,1,0.4,39.6,39.1,26,48,3910,501,1.55861269875631,60,0.7951444162623537,0.015902888325247076,19.875762344066974,14.468685396484112,2.3569605375842415,4.172770049472241,9,"{""0"": 0.02069273416616288, ""1"": 0.021306014950559095, ""2"": 0.0149758675029003, ""3"": 0.01635114862783168, ""4"": 0.01349344597685439, ""5"": 0.008598118727174111}"
control,100,p0.40,nan,1.0,1,0.4,39.6,39.1,26,48,3910,501,1.55861269875631,70,0.7966083941318196,0.015932167882636395,23.315621083617234,14.153431991181295,2.305806699501758,3.8337261656229407,9,"{""0"": 0.020032581120202432, ""1"": 0.02130621407570322, ""2"": 0.01603260517295279, ""3"": 0.015807144122482023, ""4"": 0.01294803790927444, ""5"": 0.009466424895203465}"
control,100,p0.40,nan,1.0,1,0.4,39.6,39.1,26,48,3910,501,1.55861269875631,80,0.7558116597346841,0.015116233194693683,27.33399231383286,14.048866328290607,2.206256917408611,3.53826838222132,8,"{""0"": 0.01776529595409699, ""1"": 0.018924739439745902, ""2"": 0.01607210690477221, ""3"": 0.0143334591745817, ""4"": 0.012832412384652075, ""5"": 0.01076938531031322}"
control,100,p0.40,nan,1.0,1,0.4,39.6,39.1,26,48,3910,501,1.55861269875631,90,0.7486015782742638,0.014972031565485277,35.540692860154365,14.277249806209653,2.20939627449068,3.5463973264599167,8,"{""0"": 0.015254066407542033, ""1"": 0.0197588843647716, ""2"": 0.017968086955381293, ""3"": 0.013774645150825104, ""4"": 0.012331550473295871, ""5"": 0.010744956041095766}"
control,100,p0.40,nan,1.0,1,0.4,39.6,39.1,26,48,3910,501,1.55861269875631,100,0.7172360289117891,0.014344720578235784,26.5954932502497,14.556341647200849,2.2058159626632063,3.1780666834615827,8,"{""0"": 0.014090020927207996, ""1"": 0.019289339608604836, ""2"": 0.016658325801526003, ""3"": 0.012706638130383086, ""4"": 0.011746738068864938, ""5"": 0.011577260932827849}"
control,100,p0.40,nan,1.0,1,0.4,39.6,39.1,26,48,3910,501,1.55861269875631,110,0.6873487967861512,0.013746975935723027,20.74585003163222,14.84288255016629,2.220604276020758,2.731595847680853,8,"{""0"": 0.013549476972388924, ""1"": 0.015223921553145026, ""2"": 0.01603938848919034, ""3"": 0.012368240223796624, ""4"": 0.013730372861462814, ""5"": 0.011570455514354438}"
control,100,p0.40,nan,1.0,1,0.4,39.6,39.1,26,48,3910,501,1.55861269875631,120,0.6839107022515833,0.01367821404503167,26.91884168505432,15.009522864856965,2.2245847912671346,2.56969110750331,7,"{""0"": 0.013403977497088571, ""1"": 0.014792657148432966, ""2"": 0.015701017833882197, ""3"": 0.012912823172487625, ""4"": 0.014167997841278628, ""5"": 0.011090810777020031}"
control,100,p0.40,nan,1.0,1,0.4,39.6,39.1,26,48,3910,501,1.55861269875631,130,0.6708563988907048,0.013417127977814098,20.100014172614934,15.141078053887293,2.2356270583689386,2.4084769779850865,7,"{""0"": 0.011836953139036169, ""1"": 0.014397423345213666, ""2"": 0.015936392185673647, ""3"": 0.012373773160283614, ""4"": 0.014710249211799758, ""5"": 0.011247976824877732}"
control,100,p0.40,nan,1.0,1,0.4,39.6,39.1,26,48,3910,501,1.55861269875631,140,0.6634994800451338,0.01326998960090268,86.42304607528473,15.304703495779542,2.235074507093513,2.37716501076078,7,"{""0"": 0.011285566859280487, ""1"": 0.014296610871708994, ""2"": 0.015814569230445653, ""3"": 0.012690889671976494, ""4"": 0.014889839427074714, ""5"": 0.010642461544929715}"
control,100,p0.40,nan,1.0,1,0.4,39.6,39.1,26,48,3910,501,1.55861269875631,150,0.6560038590296356,0.013120077180592715,56.972411287000504,15.431758953005367,2.255112703249248,2.3919125693143077,7,"{""0"": 0.011187603482605722, ""1"": 0.01435422881384062, ""2"": 0.015918085375609608, ""3"": 0.013186428903434499, ""4"": 0.013797228744048883, ""5"": 0.010276887764016963}"
control,100,p0.40,nan,1.0,1,0.4,39.6,39.1,26,48,3910,501,1.55861269875631,160,0.649370873720692,0.012987417474413843,28.560669886457287,15.536956292170945,2.2600482856152277,2.3896619169088185,7,"{""0"": 0.010623942973105278, ""1"": 0.014255901218951294, ""2"": 0.016108240189483237, ""3"": 0.012926865753834066, ""4"": 0.01355980074214334, ""5"": 0.010449753968965837}"
control,100,p0.40,nan,1.0,1,0.4,39.6,39.1,26,48,3910,501,1.55861269875631,170,0.6408612502767883,0.012817225005535768,42.538965753867394,15.708068522621284,2.252807559951282,2.365227491934731,7,"{""0"": 0.010220689293143567, ""1"": 0.014175098232770115, ""2"": 0.01627988657894259, ""3"": 0.012514116012874155, ""4"": 0.013060279325996113, ""5"": 0.010653280589488065}"
control,100,p0.40,nan,1.0,1,0.4,39.6,39.1,26,48,3910,501,1.55861269875631,180,0.6333684158425192,0.012667368316850388,29.76712372605291,15.86394179912383,2.2913025355755408,2.3697423271864704,7,"{""0"": 0.009851365617965745, ""1"": 0.013669872477117017, ""2"": 0.016039963236540174, ""3"": 0.012500618759064183, ""4"": 0.013522434762915153, ""5"": 0.010419955047500045}"
control,100,p0.40,nan,1.0,1,0.4,39.6,39.1,26,48,3910,501,1.55861269875631,190,0.6311403663764892,0.012622807327529786,29.51069190223684,15.9369409989857,2.3121948124751035,2.3877865861444727,7,"{""0"": 0.009793045668339152, ""1"": 0.013326131228271865, ""2"": 0.01587225129354005, ""3"": 0.012619831239067866, ""4"": 0.013984763185284447, ""5"": 0.01014082135067533}"
control,100,p0.40,nan,1.0,1,0.4,39.6,39.1,26,48,3910,501,1.55861269875631,200,0.6365895659729726,0.012731791319459451,20.921292655412145,15.970200896221051,2.3063906283249977,2.331732198177188,7,"{""0"": 0.009344578463368168, ""1"": 0.012828790476150712, ""2"": 0.016041852215009124, ""3"": 0.01237698178491994, ""4"": 0.015307482266213951, ""5"": 0.010491062711094812}"
control,100,p0.05,nan,1.0,2,0.05,4.95,4.77,1,11,477,477,1.4361359544772005,0,1.0307380671886153,0.020614761343772308,nan,0.0,1.4361359544772005,4.186133588428953,8,"{""0"": 0.019959913131074012, ""1"": 0.020976404137904466, ""2"": 0.020306733067226943, ""3"": 0.020555445446358837, ""4"": 0.021237209701870652, ""5"": 0.020652862578198934}"
control,100,p0.05,nan,1.0,2,0.05,4.95,4.77,1,11,477,477,1.4361359544772005,10,1.084352507783202,0.02168705015566404,15.350738124034537,15.195527842967602,2.382631511052979,1.5390569358101667,4,"{""0"": 0.02632416361736603, ""1"": 0.022162059663337043, ""2"": 0.035681276394608955, ""3"": 0.024636908228068917, ""4"": 0.013468679551073465, ""5"": 0.007849213479529823}"
control,100,p0.05,nan,1.0,2,0.05,4.95,4.77,1,11,477,477,1.4361359544772005,20,0.7654759733026204,0.01530951946605241,57.53732481926521,15.106366542265766,2.318992811343113,1.6519883684623766,4,"{""0"": 0.01784700684795724, ""1"": 0.011097910777324202, ""2"": 0.027642497219060834, ""3"": 0.018359649469856815, ""4"": 0.004075195906478443, ""5"": 0.012834856575636946}"
control,100,p0.05,nan,1.0,2,0.05,4.95,4.77,1,11,477,477,1.4361359544772005,30,0.7811230213644161,0.015622460427288324,116.02551357461984,15.327517060262158,2.268680209883568,1.748687448206604,5,"{""0"": 0.017279016391302186, ""1"": 0.011242957742149234, ""2"": 0.02948686417618094, ""3"": 0.01754194231239966, ""4"": 0.004679520225955829, ""5"": 0.013504461715742109}"
control,100,p0.05,nan,1.0,2,0.05,4.95,4.77,1,11,477,477,1.4361359544772005,40,0.7120783195467285,0.014241566390934572,10.111892343195455,15.745974616345856,2.271481284545082,1.7747574961238548,5,"{""0"": 0.013799128069884486, ""1"": 0.010185671205418047, ""2"": 0.026088242761964475, ""3"": 0.014580992115426955, ""4"": 0.003939231708487277, ""5"": 0.016856132484426172}"
control,100,p0.05,nan,1.0,2,0.05,4.95,4.77,1,11,477,477,1.4361359544772005,50,0.6243925164063139,0.01248785032812628,33.142486546685255,16.023243391518836,2.2460074921543947,1.7825996485643594,4,"{""0"": 0.015991078794079416, ""1"": 0.005039309485012133, ""2"": 0.01939090308787687, ""3"": 0.014422646490677695, ""4"": 0.003506558356330525, ""5"": 0.016576605754781037}"
control,100,p0.05,nan,1.0,2,0.05,4.95,4.77,1,11,477,477,1.4361359544772005,60,0.6261667544771825,0.012523335089543652,25.758083965252744,16.204591363487754,2.2163242705283537,1.668612808947736,4,"{""0"": 0.018294394185187506, ""1"": 0.004790889242548753, ""2"": 0.01646155480209724, ""3"": 0.01522174605916031, ""4"": 0.0034772564319635484, ""5"": 0.016894169816304563}"
control,100,p0.05,nan,1.0,2,0.05,4.95,4.77,1,11,477,477,1.4361359544772005,70,0.6125286318721423,0.012250572637442848,11.841000002866524,16.477351781970505,2.2129005481453135,1.5847194603937256,4,"{""0"": 0.017619277454388422, ""1"": 0.0045594051977442245, ""2"": 0.015247674374863174, ""3"": 0.015971833419589937, ""4"": 0.003465925945729302, ""5"": 0.016639319432342033}"
control,100,p0.05,nan,1.0,2,0.05,4.95,4.77,1,11,477,477,1.4361359544772005,80,0.6054771436863893,0.012109542873727787,25.60718724997207,16.70475633684323,2.212621021215476,1.5517757331063355,4,"{""0"": 0.017359911457535147, ""1"": 0.004390651187584966, ""2"": 0.014613451119753035, ""3"": 0.016394155166293067, ""4"": 0.003382302705846703, ""5"": 0.01651678560535381}"
control,100,p0.05,nan,1.0,2,0.05,4.95,4.77,1,11,477,477,1.4361359544772005,90,0.5968947976897193,0.011937895953794388,7.791156863376782,16.873919427307346,2.226176975999466,1.5407232158790347,4,"{""0"": 0.016952675124636624, ""1"": 0.004108500616358052, ""2"": 0.014889215184088866, ""3"": 0.015630237634418183, ""4"": 0.003145505239908055, ""5"": 0.01690124192335654}"
control,100,p0.05,nan,1.0,2,0.05,4.95,4.77,1,11,477,477,1.4361359544772005,100,0.5924186799904204,0.01184837359980841,26.938188320740387,17.02586547263568,2.2373752078939475,1.5282871398956244,4,"{""0"": 0.016541731237630516, ""1"": 0.003919435324982982, ""2"": 0.015176042097843293, ""3"": 0.015217697203273466, ""4"": 0.0030983080967611925, ""5"": 0.017137027638359014}"
control,100,p0.05,nan,1.0,2,0.05,4.95,4.77,1,11,477,477,1.4361359544772005,110,0.5823882983973573,0.011647765967947147,25.68416768609672,17.15927903109098,2.256754994879455,1.5569132660387934,4,"{""0"": 0.016027395289810793, ""1"": 0.0037851317598284833, ""2"": 0.015212459909245487, ""3"": 0.014869083125941526, ""4"": 0.0030450956970217765, ""5"": 0.016947430025834816}"
control,100,p0.05,nan,1.0,2,0.05,4.95,4.77,1,11,477,477,1.4361359544772005,120,0.5749293374603858,0.011498586749207718,26.798401894908064,17.26757489666865,2.2481962401797695,1.61734228135039,4,"{""0"": 0.015462514828181695, ""1"": 0.003862163209470687, ""2"": 0.014809906079089288, ""3"": 0.015160961385738353, ""4"": 0.003132685393745374, ""5"": 0.01656328959902091}"
control,100,p0.05,nan,1.0,2,0.05,4.95,4.77,1,11,477,477,1.4361359544772005,130,0.5707306859043624,0.01141461371808725,25.82454977532438,17.46303566269566,2.2368740591397867,1.6137735787063765,4,"{""0"": 0.01553056176159466, ""1"": 0.0037350658579878094, ""2"": 0.014400443716052808, ""3"": 0.015461310777980321, ""4"": 0.003064973652654376, ""5"": 0.01629532654225352}"
control,100,p0.05,nan,1.0,2,0.05,4.95,4.77,1,11,477,477,1.4361359544772005,140,0.5786480690393813,0.011572961380787627,23.488072790125,17.635636440052817,2.235900194543145,1.6066589479519695,4,"{""0"": 0.015306445338195853, ""1"": 0.003758973545576294, ""2"": 0.01595032071734845, ""3"": 0.015340372214624554, ""4"": 0.0030354653633367793, ""5"": 0.016046191105643832}"
control,100,p0.05,nan,1.0,2,0.05,4.95,4.77,1,11,477,477,1.4361359544772005,150,0.5886882346745808,0.011773764693491617,23.3983032952083,17.820375753061885,2.2398149713015947,1.6974631015288453,4,"{""0"": 0.015299761994360037, ""1"": 0.0038159311604150604, ""2"": 0.017380466419243415, ""3"": 0.015906904141689042, ""4"": 0.0031402682109538532, ""5"": 0.015099256234288294}"
control,100,p0.05,nan,1.0,2,0.05,4.95,4.77,1,11,477,477,1.4361359544772005,160,0.5859678793010604,0.01171935758602121,7.495353768361413,17.95879549445579,2.2379446230844047,1.750317398209068,4,"{""0"": 0.014703364713614558, ""1"": 0.003913684134421517, ""2"": 0.017749417017985086, ""3"": 0.01624525504838767, ""4"": 0.00324247894519141, ""5"": 0.014461945656527026}"
control,100,p0.05,nan,1.0,2,0.05,4.95,4.77,1,11,477,477,1.4361359544772005,170,0.5768535275520129,0.01153707055104026,10.325525410100388,18.098922097226517,2.239485104602287,1.7146506141802809,4,"{""0"": 0.014561658773799651, ""1"": 0.0037576546986117904, ""2"": 0.0173835505405314, ""3"": 0.015619885514286683, ""4"": 0.0030670771768098754, ""5"": 0.014832596602202158}"
control,100,p0.05,nan,1.0,2,0.05,4.95,4.77,1,11,477,477,1.4361359544772005,180,0.5616040388284912,0.011232080776569826,17.71391771073633,18.257601409350936,2.248084334356421,1.7033101415715168,4,"{""0"": 0.014703237110684044, ""1"": 0.0037556000142094106, ""2"": 0.01589579894969154, ""3"": 0.015712308987755712, ""4"": 0.003092304174450121, ""5"": 0.014233235422628124}"
control,100,p0.05,nan,1.0,2,0.05,4.95,4.77,1,11,477,477,1.4361359544772005,190,0.5367547846181508,0.010735095692363018,21.176509265924327,18.362435061344893,2.2592781497646874,1.7799356639937445,4,"{""0"": 0.013898047608129252, ""1"": 0.0038161667981761265, ""2"": 0.014303429439723589, ""3"": 0.01547094914237174, ""4"": 0.0031786825081607647, ""5"": 0.01374329865761664}"
control,100,p0.05,nan,1.0,2,0.05,4.95,4.77,1,11,477,477,1.4361359544772005,200,0.5236614562159851,0.010473229124319703,33.38022094134888,18.461660714639496,2.269205287585509,1.8071046846581222,4,"{""0"": 0.013019772098990846, ""1"": 0.0036990589121503313, ""2"": 0.014139711633882798, ""3"": 0.01503173321215448, ""4"": 0.0031099210359643945, ""5"": 0.013839177852775369}"
control,100,p0.10,nan,1.0,2,0.1,9.9,10.12,3,18,1012,477,1.5502695173584753,0,1.006256083332662,0.02012512166665324,nan,0.0,1.5502695173584753,4.299025498715768,7,"{""0"": 0.019868221682708825, ""1"": 0.018583459993759023, ""2"": 0.021302370302769803, ""3"": 0.020032825250003595, ""4"": 0.018882697492864788, ""5"": 0.022081155277813413}"
control,100,p0.10,nan,1.0,2,0.1,9.9,10.12,3,18,1012,477,1.5502695173584753,10,1.3272934898043636,0.026545869796087272,9.908846580632307,14.60276275437189,2.149678746317511,1.8880111892570441,5,"{""0"": 0.03485401163247224, ""1"": 0.03172273469455543, ""2"": 0.031747487949111565, ""3"": 0.028943864705068444, ""4"": 0.023147501486765976, ""5"": 0.008859618308549993}"
control,100,p0.10,nan,1.0,2,0.1,9.9,10.12,3,18,1012,477,1.5502695173584753,20,0.944882084918946,0.018897641698378924,48.433153913681956,13.857250477168911,2.0576139200837353,2.2272862749064326,5,"{""0"": 0.02131093983621038, ""1"": 0.013130454289727308, ""2"": 0.03545098137061109, ""3"": 0.015098930217614426, ""4"": 0.019320476096596838, ""5"": 0.009074068379513486}"
control,100,p0.10,nan,1.0,2,0.1,9.9,10.12,3,18,1012,477,1.5502695173584753,30,0.7630386410927158,0.015260772821854318,17.37273571823136,14.206513562444208,2.16498971583517,2.605752651583856,6,"{""0"": 0.01432992612824631, ""1"": 0.008776797004122507, ""2"": 0.03340344887472687, ""3"": 0.011392174594425791, ""4"": 0.01479093428808732, ""5"": 0.008871356041517125}"
control,100,p0.10,nan,1.0,2,0.1,9.9,10.12,3,18,1012,477,1.5502695173584753,40,0.6805484515361798,0.0136109690307236,58.18947075801792,14.484418796969296,2.2024745915143438,2.8013456270441,7,"{""0"": 0.011798527079919671, ""1"": 0.008308380208909817, ""2"": 0.030478504267536694, ""3"": 0.007961725258686964, ""4"": 0.011731612823359994, ""5"": 0.01138706454592845}"
control,100,p0.10,nan,1.0,2,0.1,9.9,10.12,3,18,1012,477,1.5502695173584753,50,0.6457554048957933,0.012915108097915866,67.52552352062604,14.841606501016415,2.2055965307992365,2.7939175679162718,7,"{""0"": 0.017730129649132655, ""1"": 0.0062616414989837745, ""2"": 0.026199374469418474, ""3"": 0.007914740692204523, ""4"": 0.00580597537038935, ""5"": 0.013578786907366422}"
control,100,p0.10,nan,1.0,2,0.1,9.9,10.12,3,18,1012,477,1.5502695173584753,60,0.6095256080526489,0.01219051216105298,28.89906488966577,14.810830909921581,2.21796774231783,2.985966803457881,7,"{""0"": 0.016480100392726328, ""1"": 0.00646460097284432, ""2"": 0.022805879608069016, ""3"": 0.0072851255485202075, ""4"": 0.006574188580795007, ""5"": 0.013533177863363005}"
control,100,p0.10,nan,1.0,2,0.1,9.9,10.12,3,18,1012,477,1.5502695173584753,70,0.5799764914846167,0.011599529829692336,18.539993421596428,15.161781904261476,2.264514003346517,2.9910357109929393,7,"{""0"": 0.016734540345228872, ""1"": 0.00581270749165018, ""2"": 0.02229263879080115, ""3"": 0.007295290418065076, ""4"": 0.0054373341757332746, ""5"": 0.012024667756675468}"
control,100,p0.10,nan,1.0,2,0.1,9.9,10.12,3,18,1012,477,1.5502695173584753,80,0.576310814835123,0.011526216296702462,21.21929223450416,15.60064709360233,2.291282495346135,2.932927483154927,7,"{""0"": 0.018209643686557718, ""1"": 0.0054090781552801484, ""2"": 0.022203892866252493, ""3"": 0.007315887837656963, ""4"": 0.004852632736316208, ""5"": 0.01116616249815123}"
control,100,p0.10,nan,1.0,2,0.1,9.9,10.12,3,18,1012,477,1.5502695173584753,90,0.5591172292698574,0.01118234458539715,11.122958912042769,15.895863139971977,2.3127959319161806,2.961906021395881,7,"{""0"": 0.017310896604326664, ""1"": 0.0054722436541269695, ""2"": 0.021654089320047275, ""3"": 0.007161585637078019, ""4"": 0.004498655950942902, ""5"": 0.010996596345861065}"
control,100,p0.10,nan,1.0,2,0.1,9.9,10.12,3,18,1012,477,1.5502695173584753,100,0.5279770855226816,0.010559541710453634,28.979944551781298,15.923883170566757,2.3115484621388043,3.08375824315782,7,"{""0"": 0.012698567088835095, ""1"": 0.0053964602100740645, ""2"": 0.02206313010269584, ""3"": 0.0072219236062179, ""4"": 0.00490116205767359, ""5"": 0.011076007197225308}"
control,100,p0.10,nan,1.0,2,0.1,9.9,10.12,3,18,1012,477,1.5502695173584753,110,0.5297268281574753,0.010594536563149506,25.286272711846763,16.04017051880321,2.3085929438484807,2.9906203864590246,7,"{""0"": 0.012542238042304374, ""1"": 0.0053472691532699445, ""2"": 0.02217565347634652, ""3"": 0.0072619105416302145, ""4"": 0.0047928795370310116, ""5"": 0.011447268628314973}"
control,100,p0.10,nan,1.0,2,0.1,9.9,10.12,3,18,1012,477,1.5502695173584753,120,0.5383459443124308,0.010766918886248616,22.428235901925543,16.115225881219978,2.3200904887491767,2.9330009133694577,7,"{""0"": 0.012310472646951395, ""1"": 0.005306911128570335, ""2"": 0.022438142144190792, ""3"": 0.0076984945160815735, ""4"": 0.004943555289483074, ""5"": 0.01190393759221452}"
control,100,p0.10,nan,1.0,2,0.1,9.9,10.12,3,18,1012,477,1.5502695173584753,130,0.5578254901731211,0.011156509803462424,20.860051683100245,16.269489257266052,2.333643113040796,2.7876073460667565,7,"{""0"": 0.013649557888299904, ""1"": 0.005219047355498674, ""2"": 0.02232794841647124, ""3"": 0.007790509108733782, ""4"": 0.004975124460750649, ""5"": 0.012976871591020286}"
control,100,p0.10,nan,1.0,2,0.1,9.9,10.12,3,18,1012,477,1.5502695173584753,140,0.5401416204846127,0.010802832409692256,25.590972778579854,16.416501174001063,2.353023907639128,2.983469609640119,7,"{""0"": 0.01207581291623088, ""1"": 0.005313119890755862, ""2"": 0.022217848977980067, ""3"": 0.007692519753040814, ""4"": 0.005212635899931764, ""5"": 0.01230505702021415}"
control,100,p0.10,nan,1.0,2,0.1,9.9,10.12,3,18,1012,477,1.5502695173584753,150,0.5176624910257998,0.010353249820515997,19.849016339914574,16.524310303244118,2.3646690726622976,3.0948289699427596,7,"{""0"": 0.011828701888029314, ""1"": 0.0051876765114146324, ""2"": 0.02249266062627526, ""3"": 0.007295678788671054, ""4"": 0.004872869086605848, ""5"": 0.010441912022099886}"
control,100,p0.10,nan,1.0,2,0.1,9.9,10.12,3,18,1012,477,1.5502695173584753,160,0.5195432864695236,0.010390865729390472,9.941658128693222,16.569768961776358,2.366530823555669,3.1216105586469576,7,"{""0"": 0.012228485801857933, ""1"": 0.00544870974900324, ""2"": 0.02213729609982467, ""3"": 0.007025690048382825, ""4"": 0.005069519569230423, ""5"": 0.010435493108043746}"
control,100,p0.10,nan,1.0,2,0.1,9.9,10.12,3,18,1012,477,1.5502695173584753,170,0.5317934387452964,0.01063586877490593,10.825936474244745,16.682773184202212,2.3799608576962923,3.261736466336036,7,"{""0"": 0.0116466219704688, ""1"": 0.005950277118453942, ""2"": 0.022529458790526754, ""3"": 0.007058080854457763, ""4"": 0.006116452283702874, ""5"": 0.01051432163182543}"
control,100,p0.10,nan,1.0,2,0.1,9.9,10.12,3,18,1012,477,1.5502695173584753,180,0.5526079198123207,0.011052158396246415,11.557765389715188,16.774436855561458,2.3843061738744025,3.105973749082137,7,"{""0"": 0.013220099454993616, ""1"": 0.00598025891466032, ""2"": 0.022329938910669048, ""3"": 0.00741420046323889, ""4"": 0.005832678093650837, ""5"": 0.011535774540265779}"
control,100,p0.10,nan,1.0,2,0.1,9.9,10.12,3,18,1012,477,1.5502695173584753,190,0.5607318312481009,0.01121463662496202,82.40140686919771,16.805622840957003,2.371696702074592,3.1092759410939577,7,"{""0"": 0.01308869863830422, ""1"": 0.006421913236039481, ""2"": 0.022450534613344, ""3"": 0.00695260976533507, ""4"": 0.005991648404627745, ""5"": 0.012382415092121596}"
control,100,p0.10,nan,1.0,2,0.1,9.9,10.12,3,18,1012,477,1.5502695173584753,200,0.5730271359249296,0.011460542718498593,34.267753500168176,16.88990472791041,2.3757899811090617,3.0962566428289633,7,"{""0"": 0.013625488072322292, ""1"": 0.006450234282239492, ""2"": 0.02282657621701432, ""3"": 0.007536397491969228, ""4"": 0.005648773172233527, ""5"": 0.012675787075212708}"
control,100,p0.20,nan,1.0,2,0.2,19.8,20.05,11,30,2005,477,1.5689906153175721,0,1.0395996492228778,0.02079199298445756,nan,0.0,1.5689906153175721,5.7582207385280935,8,"{""0"": 0.02162194849979608, ""1"": 0.019235643699465895, ""2"": 0.021247894370609893, ""3"": 0.020729977592857676, ""4"": 0.01999990926305185, ""5"": 0.021916584480963945}"
control,100,p0.20,nan,1.0,2,0.2,19.8,20.05,11,30,2005,477,1.5689906153175721,10,0.8963721707817687,0.017927443415635375,41.051827044595484,13.451312497148175,2.2460224450649227,2.0378412362375267,5,"{""0"": 0.022677776743701594, ""1"": 0.02816256890075064, ""2"": 0.01202322200685254, ""3"": 0.02150462137363538, ""4"": 0.006191312036673893, ""5"": 0.017005159432198196}"
control,100,p0.20,nan,1.0,2,0.2,19.8,20.05,11,30,2005,477,1.5689906153175721,20,1.061400640593328,0.021228012811866565,25.90427160447303,12.30471108718843,1.9428878760039103,3.3787572039587106,7,"{""0"": 0.02948347154158576, ""1"": 0.03215104966100802, ""2"": 0.01539755222698239, ""3"": 0.018079898252464567, ""4"": 0.011600417471340285, ""5"": 0.020655687717818387}"
control,100,p0.20,nan,1.0,2,0.2,19.8,20.05,11,30,2005,477,1.5689906153175721,30,0.7715236634323971,0.015430473268647944,32.22937792082891,13.295302121442976,1.973829024768524,4.042852562504928,8,"{""0"": 0.022570637208582652, ""1"": 0.01652282715268054, ""2"": 0.01177245208580948, ""3"": 0.01457797070952807, ""4"": 0.011526712001376237, ""5"": 0.015612240453910686}"
control,100,p0.20,nan,1.0,2,0.2,19.8,20.05,11,30,2005,477,1.5689906153175721,40,0.764600889433349,0.015292017788666982,31.755522247671134,13.72083041112787,1.9950501946181154,4.261879826971885,8,"{""0"": 0.023625788697608823, ""1"": 0.01405275023465694, ""2"": 0.011578367190301636, ""3"": 0.013673912485660192, ""4"": 0.01360662968507743, ""5"": 0.015214658438696882}"
control,100,p0.20,nan,1.0,2,0.2,19.8,20.05,11,30,2005,477,1.5689906153175721,50,0.7215986568105873,0.014431973136211747,72.73256847203484,13.72644349224115,2.0182275399198626,3.3204149123165236,8,"{""0"": 0.022383454047174203, ""1"": 0.011603827500111557, ""2"": 0.012807839083769788, ""3"": 0.012627842898591451, ""4"": 0.012094603489373221, ""5"": 0.015074271798250272}"
control,100,p0.20,nan,1.0,2,0.2,19.8,20.05,11,30,2005,477,1.5689906153175721,60,0.7446224694511882,0.014892449389023765,19.545112971471493,13.977557286380852,2.022199407376799,3.287129643826468,8,"{""0"": 0.02363717938731185, ""1"": 0.01256192380072683, ""2"": 0.01010813827457151, ""3"": 0.014710418404375574, ""4"": 0.01553161731371353, ""5"": 0.012805419153443298}"
control,100,p0.20,nan,1.0,2,0.2,19.8,20.05,11,30,2005,477,1.5689906153175721,70,0.718553917907929,0.014371078358158582,25.588682546711567,14.246338288146175,2.0445295590953125,2.969216923092718,7,"{""0"": 0.023633603309712738, ""1"": 0.011353937486396525, ""2"": 0.009282359935583526, ""3"": 0.014894553137660606, ""4"": 0.015369443618975468, ""5"": 0.011692572660622621}"
control,100,p0.20,nan,1.0,2,0.2,19.8,20.05,11,30,2005,477,1.5689906153175721,80,0.6764758866570377,0.013529517733140756,20.24970971378701,14.536443988843216,2.0601970931606552,2.5733528604833937,7,"{""0"": 0.022293436833477155, ""1"": 0.010834462663026232, ""2"": 0.009755336375809168, ""3"": 0.013737980464257976, ""4"": 0.012496698163563993, ""5"": 0.012059191898709996}"
control,100,p0.20,nan,1.0,2,0.2,19.8,20.05,11,30,2005,477,1.5689906153175721,90,0.7197168036452499,0.014394336072905,18.19762803496686,14.616704451515849,2.0756887857747266,2.360089781401543,7,"{""0"": 0.01953604613218362, ""1"": 0.016404729285666865, ""2"": 0.010729534867414844, ""3"": 0.013348428530098566, ""4"": 0.013564441581537145, ""5"": 0.012782836040528952}"
control,100,p0.20,nan,1.0,2,0.2,19.8,20.05,11,30,2005,477,1.5689906153175721,100,0.6655397416191929,0.01331079483238386,24.366165936083533,14.618348029344746,2.051740054427758,2.4166469063348606,7,"{""0"": 0.017622991842595165, ""1"": 0.010966872323212359, ""2"": 0.010896057675178997, ""3"": 0.012193663255968285, ""4"": 0.015030174105631077, ""5"": 0.013155009791717284}"
control,100,p0.20,nan,1.0,2,0.2,19.8,20.05,11,30,2005,477,1.5689906153175721,110,0.6435789796141268,0.012871579592282537,46.725959243840926,14.703884889099871,2.0390468623769706,2.4988158331962085,7,"{""0"": 0.016369387978975383, ""1"": 0.011759246595482628, ""2"": 0.010955557438092685, ""3"": 0.011360001750818574, ""4"": 0.013180372182207106, ""5"": 0.01360491160811884}"
control,100,p0.20,nan,1.0,2,0.2,19.8,20.05,11,30,2005,477,1.5689906153175721,120,0.6309667514804196,0.012619335029608394,26.04035961225339,14.839510925042099,2.0371808495758224,2.479919929413259,7,"{""0"": 0.015631793320277403, ""1"": 0.0116789466488554, ""2"": 0.01091935958389158, ""3"": 0.011179825806917764, ""4"": 0.01284950709734194, ""5"": 0.013456577720366264}"
control,100,p0.20,nan,1.0,2,0.2,19.8,20.05,11,30,2005,477,1.5689906153175721,130,0.6574890461029895,0.013149780922059793,25.847611985391445,14.95701001292696,2.048298225564436,2.4244420509875866,7,"{""0"": 0.01590244266895828, ""1"": 0.014672128477995972, ""2"": 0.010436360597153036, ""3"": 0.011341448992017, ""4"": 0.012886881014159916, ""5"": 0.013659423782074562}"
control,100,p0.20,nan,1.0,2,0.2,19.8,20.05,11,30,2005,477,1.5689906153175721,140,0.6495399303904478,0.012990798607808959,25.876322103373337,15.085016590952675,2.0617663361456002,2.364777501074042,7,"{""0"": 0.01602690027319416, ""1"": 0.01375041541712071, ""2"": 0.01010675007407413, ""3"": 0.011213049666637356, ""4"": 0.013221734349209363, ""5"": 0.01362594186661803}"
control,100,p0.20,nan,1.0,2,0.2,19.8,20.05,11,30,2005,477,1.5689906153175721,150,0.6707117510823902,0.013414235021647805,26.73648399908296,15.209579108820346,2.098451749650311,2.263821476795875,7,"{""0"": 0.01658734169982461, ""1"": 0.012807857235763312, ""2"": 0.010244694755319172, ""3"": 0.011494003046266892, ""4"": 0.0160081107178665, ""5"": 0.013343402674846341}"
control,100,p0.20,nan,1.0,2,0.2,19.8,20.05,11,30,2005,477,1.5689906153175721,160,0.7033357009394134,0.01406671401878827,12.761955523762904,15.351372762505553,2.095925999088294,2.130842057249471,6,"{""0"": 0.016570414200796527, ""1"": 0.015368020691870885, ""2"": 0.010478739607426565, ""3"": 0.011325818321619094, ""4"": 0.016917292658856893, ""5"": 0.013739998632159666}"
control,100,p0.20,nan,1.0,2,0.2,19.8,20.05,11,30,2005,477,1.5689906153175721,170,0.6764758752387602,0.013529517504775204,16.17082991769668,15.42186729505847,2.100433338181382,2.1885878797110783,6,"{""0"": 0.016255813760956177, ""1"": 0.013506833874920177, ""2"": 0.010619662231871213, ""3"": 0.011040083544591548, ""4"": 0.01610467719393211, ""5"": 0.013650034422379987}"
control,100,p0.20,nan,1.0,2,0.2,19.8,20.05,11,30,2005,477,1.5689906153175721,180,0.7038520051732245,0.014077040103464493,24.215327509928866,15.570279090975314,2.103406539634367,2.1038512980336357,6,"{""0"": 0.01669974091565321, ""1"": 0.015725080150936425, ""2"": 0.010508452085850429, ""3"": 0.01119234212834733, ""4"": 0.016079918717049738, ""5"": 0.014256706622949821}"
control,100,p0.20,nan,1.0,2,0.2,19.8,20.05,11,30,2005,477,1.5689906153175721,190,0.7038429468282239,0.014076858936564482,23.39512974044885,15.640986636357013,2.0765374262063325,2.1895017796578196,7,"{""0"": 0.01649254885423581, ""1"": 0.015964914273201077, ""2"": 0.010476888966992616, ""3"": 0.010881525011134001, ""4"": 0.016889171405529944, ""5"": 0.013756105108293448}"
control,100,p0.20,nan,1.0,2,0.2,19.8,20.05,11,30,2005,477,1.5689906153175721,200,0.6823354347214571,0.013646708694429143,18.5252028526166,15.688843883213206,2.071547532481789,2.3088881367771963,7,"{""0"": 0.015967527733369364, ""1"": 0.014973139539046337, ""2"": 0.010607740259915904, ""3"": 0.01037832610252949, ""4"": 0.01591179729897053, ""5"": 0.014041721232743234}"
control,100,p0.40,nan,1.0,2,0.4,39.6,39.88,30,52,3988,477,1.6121903215270241,0,1.0750027387988974,0.021500054775977953,nan,0.0,1.6121903215270241,4.3666805290441495,7,"{""0"": 0.01843881131768879, ""1"": 0.024803568497100022, ""2"": 0.023040472741413097, ""3"": 0.018364876841197423, ""4"": 0.02301964631948484, ""5"": 0.021332952938983536}"
control,100,p0.40,nan,1.0,2,0.4,39.6,39.88,30,52,3988,477,1.6121903215270241,10,1.0081559178066044,0.02016311835613209,35.25961972739809,11.690477816658987,2.057122514762707,2.7267539417831967,6,"{""0"": 0.01927861892227343, ""1"": 0.030223578592457827, ""2"": 0.02436516767644812, ""3"": 0.021715343020001845, ""4"": 0.010829200359691798, ""5"": 0.014566801565919527}"
control,100,p0.40,nan,1.0,2,0.4,39.6,39.88,30,52,3988,477,1.6121903215270241,20,0.8180418176282004,0.01636083635256401,23.794198965212292,13.505549303892792,2.2353107993806063,3.1162830040439453,8,"{""0"": 0.013720202196998372, ""1"": 0.027266783646762438, ""2"": 0.016585636426740616, ""3"": 0.011355874449941683, ""4"": 0.015796900259940645, ""5"": 0.013439621135000307}"
control,100,p0.40,nan,1.0,2,0.4,39.6,39.88,30,52,3988,477,1.6121903215270241,30,0.7124190829397249,0.0142483816587945,78.01266248375657,14.593074099899262,2.3983758019808614,3.1625650112337347,8,"{""0"": 0.009432706985726184, ""1"": 0.01929540420535326, ""2"": 0.013506345469828823, ""3"": 0.013417535232087639, ""4"": 0.01744597566597293, ""5"": 0.012392322393798158}"
control,100,p0.40,nan,1.0,2,0.4,39.6,39.88,30,52,3988,477,1.6121903215270241,40,0.7256840093189316,0.014513680186378634,73.28859851524312,14.734448703159506,2.3906373233652967,3.56077501173929,9,"{""0"": 0.007970365277832275, ""1"": 0.023399122476591976, ""2"": 0.01417842208442403, ""3"": 0.010517598810744353, ""4"": 0.01708584601455668, ""5"": 0.013930726454122489}"
control,100,p0.40,nan,1.0,2,0.4,39.6,39.88,30,52,3988,477,1.6121903215270241,50,0.6821776574176905,0.013643553148353813,17.760982896780316,14.826796120781456,2.441390325016845,3.1711204709404095,8,"{""0"": 0.0097938524929752, ""1"": 0.02003301224031901, ""2"": 0.012998917429751688, ""3"": 0.0139710189661607, ""4"": 0.015575947781900157, ""5"": 0.009488569979016124}"
control,100,p0.40,nan,1.0,2,0.4,39.6,39.88,30,52,3988,477,1.6121903215270241,60,0.6534965798043961,0.013069931596087924,30.165932005097705,15.06054423409176,2.4441140477418895,2.9689250865262036,8,"{""0"": 0.008274232672868025, ""1"": 0.022041614383405482, ""2"": 0.012549373132500213, ""3"": 0.009846563955473567, ""4"": 0.017366988849026987, ""5"": 0.008340816583253257}"
control,100,p0.40,nan,1.0,2,0.4,39.6,39.88,30,52,3988,477,1.6121903215270241,70,0.6013699320607511,0.012027398641215022,59.05536552967588,15.160667005069316,2.442827035512899,2.59563168804053,8,"{""0"": 0.0094186067040662, ""1"": 0.0205139854632471, ""2"": 0.00718312923616036, ""3"": 0.01052915572585759, ""4"": 0.01673591935519762, ""5"": 0.007783595362761272}"
control,100,p0.40,nan,1.0,2,0.4,39.6,39.88,30,52,3988,477,1.6121903215270241,80,0.6083594292353613,0.012167188584707228,15.502829934566318,15.212404486355904,2.458238630653886,3.199820155039443,8,"{""0"": 0.009077249160737348, ""1"": 0.022816796839438876, ""2"": 0.008097984412465975, ""3"": 0.009945480082905621, ""4"": 0.014649753177868919, ""5"": 0.008415867834826635}"
control,100,p0.40,nan,1.0,2,0.4,39.6,39.88,30,52,3988,477,1.6121903215270241,90,0.6157476904437634,0.01231495380887527,31.232209315609982,15.19693629682656,2.4482795090467726,3.3363871576393507,7,"{""0"": 0.00949253111168119, ""1"": 0.025236503630694528, ""2"": 0.00866485828004968, ""3"": 0.007705076967229813, ""4"": 0.013155339547027375, ""5"": 0.009635413316569034}"
control,100,p0.40,nan,1.0,2,0.4,39.6,39.88,30,52,3988,477,1.6121903215270241,100,0.6237351187672975,0.012474702375345951,13.38873068196203,15.349834296748607,2.4542868227214676,3.371394511255601,7,"{""0"": 0.00961890914647914, ""1"": 0.025525011527229087, ""2"": 0.008759993312973025, ""3"": 0.008334834845387976, ""4"": 0.012432391656274263, ""5"": 0.010177073763732229}"
control,100,p0.40,nan,1.0,2,0.4,39.6,39.88,30,52,3988,477,1.6121903215270241,110,0.6094946466028304,0.01218989293205661,29.68894019281655,15.438173746771703,2.4592903635351173,3.3303418897766446,7,"{""0"": 0.008749516668315756, ""1"": 0.024949693485428387, ""2"": 0.00863958310665726, ""3"": 0.008084738631924344, ""4"": 0.01289697796119189, ""5"": 0.009818847738822021}"
control,100,p0.40,nan,1.0,2,0.4,39.6,39.88,30,52,3988,477,1.6121903215270241,120,0.6297309359131791,0.012594618718263582,25.19265787984213,15.552676658954116,2.479597927387398,3.2892256811906555,7,"{""0"": 0.009794656207654942, ""1"": 0.025114815679870627, ""2"": 0.008536845558416708, ""3"": 0.009660308154322976, ""4"": 0.01281523629893134, ""5"": 0.009645850410384887}"
control,100,p0.40,nan,1.0,2,0.4,39.6,39.88,30,52,3988,477,1.6121903215270241,130,0.636400942045849,0.01272801884091698,23.124809670589865,15.610933651521542,2.497102750328644,3.2023999239358223,7,"{""0"": 0.010385992704795947, ""1"": 0.0249670796193695, ""2"": 0.008002288643592013, ""3"": 0.010610160566909579, ""4"": 0.013581205160095505, ""5"": 0.008821386350739344}"
control,100,p0.40,nan,1.0,2,0.4,39.6,39.88,30,52,3988,477,1.6121903215270241,140,0.6363133524140879,0.01272626704828176,15.277223420552689,15.670773854288335,2.475640244297143,3.154847607138978,7,"{""0"": 0.01052263710519463, ""1"": 0.025086741527425526, ""2"": 0.007903481447970031, ""3"": 0.010501669455322979, ""4"": 0.013266704411692027, ""5"": 0.009076368342085363}"
control,100,p0.40,nan,1.0,2,0.4,39.6,39.88,30,52,3988,477,1.6121903215270241,150,0.648929103911338,0.01297858207822676,44.19140064682406,15.741474094919697,2.4762957931347542,2.929519372435005,7,"{""0"": 0.010859125826769345, ""1"": 0.02600218669342356, ""2"": 0.007634307068142987, ""3"": 0.011106796595797983, ""4"": 0.013669405596513529, ""5"": 0.008599670688713168}"
control,100,p0.40,nan,1.0,2,0.4,39.6,39.88,30,52,3988,477,1.6121903215270241,160,0.6575441023090127,0.013150882046180257,20.30118183273016,15.867028153966874,2.4719052384506224,2.9239050133627935,7,"{""0"": 0.011108126982121777, ""1"": 0.026729167367545114, ""2"": 0.00765885649008914, ""3"": 0.011412810299999644, ""4"": 0.013283547607750867, ""5"": 0.008712783529575007}"
control,100,p0.40,nan,1.0,2,0.4,39.6,39.88,30,52,3988,477,1.6121903215270241,170,0.6496756345929646,0.012993512691859294,64.2044364936683,15.936813679787983,2.465392062399143,2.9087954235178066,7,"{""0"": 0.010901763831545022, ""1"": 0.026121503953838637, ""2"": 0.0075241222054309095, ""3"": 0.011247205053125119, ""4"": 0.01380466657681674, ""5"": 0.008361814530399346}"
control,100,p0.40,nan,1.0,2,0.4,39.6,39.88,30,52,3988,477,1.6121903215270241,180,0.6675708784575348,0.0133514175691507,47.293354574297354,15.988806279181437,2.444860751312346,2.9113409921531503,7,"{""0"": 0.011670801823070159, ""1"": 0.02700775967054007, ""2"": 0.00751126948206864, ""3"": 0.012114796105825689, ""4"": 0.012809470934289937, ""5"": 0.008994407399109705}"
control,100,p0.40,nan,1.0,2,0.4,39.6,39.88,30,52,3988,477,1.6121903215270241,190,0.6722683364199098,0.013445366728398198,20.90595134885816,16.042568320055942,2.4294748565627904,2.908451516597192,7,"{""0"": 0.011766036294295842, ""1"": 0.02721651084404391, ""2"": 0.00712140923691826, ""3"": 0.012774643460525504, ""4"": 0.01294502953360498, ""5"": 0.008848571001000683}"
control,100,p0.40,nan,1.0,2,0.4,39.6,39.88,30,52,3988,477,1.6121903215270241,200,0.670910110942185,0.013418202218843702,19.554618870863205,16.046797188233327,2.41653248540834,2.9073817009094505,7,"{""0"": 0.011961238867542032, ""1"": 0.02733188330162185, ""2"": 0.007080950411096193, ""3"": 0.012338803747505742, ""4"": 0.012644524144581587, ""5"": 0.009151812840714812}"
control,100,p0.05,nan,1.0,3,0.05,4.95,5.55,0,11,555,555,1.7945243379828504,0,1.0060042981210455,0.020120085962420913,nan,0.0,1.7945243379828504,4.202082043325317,8,"{""0"": 0.020138514251533565, ""1"": 0.020970959720021016, ""2"": 0.020434582789630108, ""3"": 0.01987513865778824, ""4"": 0.02006836582278764, ""5"": 0.0192329545327649}"
control,100,p0.05,nan,1.0,3,0.05,4.95,5.55,0,11,555,555,1.7945243379828504,10,0.812452100449893,0.016249042008997863,29.3145696051757,11.456894671396203,1.906481852484546,2.8880400786074905,7,"{""0"": 0.009954534748468002, ""1"": 0.022077321235484042, ""2"": 0.026266665345550822, ""3"": 0.01237082483722664, ""4"": 0.020022096040826297, ""5"": 0.006802809846431379}"
control,100,p0.05,nan,1.0,3,0.05,4.95,5.55,0,11,555,555,1.7945243379828504,20,0.6858093133082687,0.013716186266165374,5.7054982891657975,13.032143858925414,1.981024874946147,2.8492860343423327,5,"{""0"": 0.0020659270090178003, ""1"": 0.016896552127793084, ""2"": 0.02036562815789187, ""3"": 0.014261137398444184, ""4"": 0.020167018454523837, ""5"": 0.00854085444932146}"
control,100,p0.05,nan,1.0,3,0.05,4.95,5.55,0,11,555,555,1.7945243379828504,30,0.6709500205903914,0.013419000411807831,33.774798478594136,13.745923646882126,2.031990179161,2.4730085560718518,4,"{""0"": 0.001702038985811221, ""1"": 0.019947577967352723, ""2"": 0.012075948844408324, ""3"": 0.00912059551632289, ""4"": 0.021286036211183246, ""5"": 0.01638180494576859}"
control,100,p0.05,nan,1.0,3,0.05,4.95,5.55,0,11,555,555,1.7945243379828504,40,0.6916052808500459,0.01383210561700092,38.370902429093604,14.146422055570177,2.045824948246952,2.6721616987307204,5,"{""0"": 0.0018475383758661495, ""1"": 0.01675294671245167, ""2"": 0.012215853331192093, ""3"": 0.018866005187653963, ""4"": 0.019937500516488415, ""5"": 0.013372789578353228}"
control,100,p0.05,nan,1.0,3,0.05,4.95,5.55,0,11,555,555,1.7945243379828504,50,0.7436231488265185,0.014872462976530372,40.57950712656261,14.493008307525834,2.028598856523341,2.790297323923746,5,"{""0"": 0.0017243053015318637, ""1"": 0.015341877992384938, ""2"": 0.01708712055265253, ""3"": 0.017856826733894403, ""4"": 0.020130517842347737, ""5"": 0.017094129436370765}"
control,100,p0.05,nan,1.0,3,0.05,4.95,5.55,0,11,555,555,1.7945243379828504,60,0.7360009617081457,0.014720019234162916,47.83373987733004,14.667147962320648,2.0389755480455847,2.7170563386027995,5,"{""0"": 0.0019268772730946977, ""1"": 0.018249408523970532, ""2"": 0.019836716955227228, ""3"": 0.017779507753241476, ""4"": 0.019133240963138547, ""5"": 0.011394363936305003}"
control,100,p0.05,nan,1.0,3,0.05,4.95,5.55,0,11,555,555,1.7945243379828504,70,0.7545963461535099,0.015091926923070199,62.263902118316096,14.859149394720449,2.0327155230086276,2.742566236300857,5,"{""0"": 0.001837835456523245, ""1"": 0.015662131625974435, ""2"": 0.024562434076638363, ""3"": 0.017645208529071258, ""4"": 0.019326692636492664, ""5"": 0.011517259213721234}"
control,100,p0.05,nan,1.0,3,0.05,4.95,5.55,0,11,555,555,1.7945243379828504,80,0.8290995495908403,0.016581990991816807,14.715244571938898,15.27048729535103,2.0283320789936345,2.5849099441111325,5,"{""0"": 0.0018202941946888964, ""1"": 0.018314863204984756, ""2"": 0.029366251839849793, ""3"": 0.019679656532371297, ""4"": 0.019141647818441902, ""5"": 0.011169232360564193}"
control,100,p0.05,nan,1.0,3,0.05,4.95,5.55,0,11,555,555,1.7945243379828504,90,0.851847945150915,0.017036958903018304,106.64078233146601,15.17937612938436,2.0360385677894084,2.699610769969375,6,"{""0"": 0.0018502451896995433, ""1"": 0.019247849694204806, ""2"": 0.029939932283465538, ""3"": 0.019587766834107484, ""4"": 0.019244429594424912, ""5"": 0.012351529822207542}"
control,100,p0.05,nan,1.0,3,0.05,4.95,5.55,0,11,555,555,1.7945243379828504,100,0.8260014695200709,0.01652002939040142,43.33617200482673,15.424632206816842,2.0233147955009363,2.645071775035592,6,"{""0"": 0.0019147013649804183, ""1"": 0.016473010651457915, ""2"": 0.0301494612097009, ""3"": 0.0195929516141509, ""4"": 0.018685096683924516, ""5"": 0.012304954818193865}"
control,100,p0.05,nan,1.0,3,0.05,4.95,5.55,0,11,555,555,1.7945243379828504,110,0.7620018210238002,0.015240036420476007,22.395290915218656,15.396274076953661,2.0092999708140837,2.6131122019292423,6,"{""0"": 0.002004904492340907, ""1"": 0.014448320761869405, ""2"": 0.02509185950338378, ""3"": 0.01949422761900927, ""4"": 0.018277097272875523, ""5"": 0.012123808873377159}"
control,100,p0.05,nan,1.0,3,0.05,4.95,5.55,0,11,555,555,1.7945243379828504,120,0.6732263453470136,0.013464526906940274,4.740145975873524,15.575493837800026,2.0319688322737783,2.53691495915973,6,"{""0"": 0.0022010449094138763, ""1"": 0.014503366828571104, ""2"": 0.017073053545991295, ""3"": 0.019219271181976836, ""4"": 0.015757630003261573, ""5"": 0.012032794972426963}"
control,100,p0.05,nan,1.0,3,0.05,4.95,5.55,0,11,555,555,1.7945243379828504,130,0.6077782846128916,0.012155565692257835,20.853256448414715,15.96061693575963,2.0381408850621976,2.574383764816871,6,"{""0"": 0.0022484309227380826, ""1"": 0.015194523002944129, ""2"": 0.012567166382568783, ""3"": 0.018299508534845372, ""4"": 0.012709509818490113, ""5"": 0.011914255491960539}"
control,100,p0.05,nan,1.0,3,0.05,4.95,5.55,0,11,555,555,1.7945243379828504,140,0.6052925027130657,0.012105850054261314,13.726834852944767,16.171159345925794,2.0476311670178697,2.5717356862496548,6,"{""0"": 0.0023630654011766944, ""1"": 0.01534578034037756, ""2"": 0.012505627624483668, ""3"": 0.018266367862157407, ""4"": 0.012546539158577872, ""5"": 0.011607719938794678}"
control,100,p0.05,nan,1.0,3,0.05,4.95,5.55,0,11,555,555,1.7945243379828504,150,0.5982090161879894,0.01196418032375979,18.22626410742569,16.239630429352854,2.0419564447535614,2.550272246577485,6,"{""0"": 0.0024243324999700536, ""1"": 0.016350753580726855, ""2"": 0.011502730134074905, ""3"": 0.01779988056890086, ""4"": 0.012736100153338458, ""5"": 0.010971285005547607}"
control,100,p0.05,nan,1.0,3,0.05,4.95,5.55,0,11,555,555,1.7945243379828504,160,0.5934798710724468,0.011869597421448937,54.2922901617137,16.21949382169514,2.0562080072250217,2.5975963521585106,6,"{""0"": 0.0026018368541046175, ""1"": 0.016308795917431344, ""2"": 0.010707548919826112, ""3"": 0.017920894349640233, ""4"": 0.012911366975383448, ""5"": 0.010767141512307876}"
control,100,p0.05,nan,1.0,3,0.05,4.95,5.55,0,11,555,555,1.7945243379828504,170,0.5687372575673161,0.011374745151346323,71.61924981449198,16.36394003752036,2.072026542085801,2.612411864275592,6,"{""0"": 0.002902911807680725, ""1"": 0.016239428396155324, ""2"": 0.009671884049900721, ""3"": 0.016957764572286836, ""4"": 0.012658283864734127, ""5"": 0.0098181982173202}"
control,100,p0.05,nan,1.0,3,0.05,4.95,5.55,0,11,555,555,1.7945243379828504,180,0.551089861937741,0.011021797238754821,66.03611817040871,16.52997472370965,2.0775677984970895,2.66207092528547,6,"{""0"": 0.0029091107742984026, ""1"": 0.016568383419268022, ""2"": 0.008576143499787178, ""3"": 0.016202895569847404, ""4"": 0.012498302787197487, ""5"": 0.009375947382130424}"
control,100,p0.05,nan,1.0,3,0.05,4.95,5.55,0,11,555,555,1.7945243379828504,190,0.5343343960899167,0.010686687921798336,14.671356431821057,16.804479380095607,2.0969909151502844,2.6004601771427405,6,"{""0"": 0.0035937166250925206, ""1"": 0.016836625520019848, ""2"": 0.007122388690714116, ""3"": 0.01661052694993561, ""4"": 0.010998407777609975, ""5"": 0.008958461967417957}"
control,100,p0.05,nan,1.0,3,0.05,4.95,5.55,0,11,555,555,1.7945243379828504,200,0.5314381409980734,0.010628762819961468,19.288469042023234,16.808299030113428,2.0985654307600674,2.6320804236539774,6,"{""0"": 0.003395731270265928, ""1"": 0.01619341883658399, ""2"": 0.007386265636611751, ""3"": 0.016432327715836338, ""4"": 0.01148492515613663, ""5"": 0.008879908304334178}"
control,100,p0.10,nan,1.0,3,0.1,9.9,10.78,5,19,1078,555,1.6008292866448839,0,1.000084303808325,0.020001686076166498,nan,0.0,1.6008292866448839,2.1908349918453416,6,"{""0"": 0.020470594345087124, ""1"": 0.019040529228731833, ""2"": 0.020042472212493022, ""3"": 0.01875750958734109, ""4"": 0.021466708922692885, ""5"": 0.020232302160653047}"
control,100,p0.10,nan,1.0,3,0.1,9.9,10.78,5,19,1078,555,1.6008292866448839,10,1.038757619855167,0.02077515239710334,42.525250796736124,11.75354084695663,1.934917565664711,2.5984061553354043,8,"{""0"": 0.03379868129490206, ""1"": 0.01505041983126281, ""2"": 0.01703125024747749, ""3"": 0.017424431372686004, ""4"": 0.025880190366342558, ""5"": 0.01546594126994912}"
control,100,p0.10,nan,1.0,3,0.1,9.9,10.78,5,19,1078,555,1.6008292866448839,20,0.6775387537833275,0.013550775075666552,48.010338498968125,12.629261441699217,1.9849830314463777,3.154878056591641,9,"{""0"": 0.015816510502779036, ""1"": 0.014385072616599442, ""2"": 0.00611476290174605, ""3"": 0.02204448697871774, ""4"": 0.016296529017222967, ""5"": 0.006647288436934079}"
control,100,p0.10,nan,1.0,3,0.1,9.9,10.78,5,19,1078,555,1.6008292866448839,30,0.6623388882508378,0.013246777765016758,9.962583876548402,13.421142879863279,2.015618835203309,3.7280389910677183,9,"{""0"": 0.014626305963447262, ""1"": 0.016639621790810764, ""2"": 0.006036760782731437, ""3"": 0.01869314560191023, ""4"": 0.01657724391076924, ""5"": 0.006907588540431603}"
control,100,p0.10,nan,1.0,3,0.1,9.9,10.78,5,19,1078,555,1.6008292866448839,40,0.6986859132410642,0.013973718264821286,27.280841949098622,13.9105975152937,2.013796835038357,3.8538814326875364,9,"{""0"": 0.01932318604840047, ""1"": 0.014818590781614923, ""2"": 0.006096986962175821, ""3"": 0.019587671601794913, ""4"": 0.016378847081359428, ""5"": 0.007637027113582151}"
control,100,p0.10,nan,1.0,3,0.1,9.9,10.78,5,19,1078,555,1.6008292866448839,50,0.6960126379944626,0.013920252759889253,69.18375920553706,14.167082755127161,2.0062310135366745,4.135125327932999,9,"{""0"": 0.021370725695153046, ""1"": 0.012405933795855082, ""2"": 0.009121096228220507, ""3"": 0.013645657860992927, ""4"": 0.018591005837811415, ""5"": 0.008387097141302554}"
control,100,p0.10,nan,1.0,3,0.1,9.9,10.78,5,19,1078,555,1.6008292866448839,60,0.6397496784967683,0.012794993569935369,58.872406766374624,14.277679112356074,2.0013205345401093,3.54985706653471,9,"{""0"": 0.021653109745815743, ""1"": 0.012468726870383279, ""2"": 0.006803975478820182, ""3"": 0.0123198693736809, ""4"": 0.016448188675371938, ""5"": 0.007076091275540175}"
control,100,p0.10,nan,1.0,3,0.1,9.9,10.78,5,19,1078,555,1.6008292866448839,70,0.6669699888991023,0.013339399777982047,81.71305050522783,14.335299210070636,2.000641157312355,4.074234573519189,9,"{""0"": 0.022719721898452647, ""1"": 0.010687092805518581, ""2"": 0.009736760713196662, ""3"": 0.010998937859471128, ""4"": 0.017141274415943895, ""5"": 0.008752610975309359}"
control,100,p0.10,nan,1.0,3,0.1,9.9,10.78,5,19,1078,555,1.6008292866448839,80,0.6521448469912434,0.01304289693982487,29.098956718247276,14.354377476374987,2.020092059444987,4.174930241291219,9,"{""0"": 0.020304044198894543, ""1"": 0.01055720953779571, ""2"": 0.010384166657569246, ""3"": 0.010972336945005663, ""4"": 0.017614582959087598, ""5"": 0.008425041340596465}"
control,100,p0.10,nan,1.0,3,0.1,9.9,10.78,5,19,1078,555,1.6008292866448839,90,0.6456870081158634,0.01291374016231727,85.93174061034851,14.37392005192041,2.014900701034112,4.185535646684532,9,"{""0"": 0.017997694443695658, ""1"": 0.011903478948558536, ""2"": 0.009879563946963339, ""3"": 0.009674260454000144, ""4"": 0.018792057040475818, ""5"": 0.00923538614021015}"
control,100,p0.10,nan,1.0,3,0.1,9.9,10.78,5,19,1078,555,1.6008292866448839,100,0.6558179524698499,0.013116359049396998,13.166370771145804,14.660350149293727,2.0320696834258443,4.357769012128974,9,"{""0"": 0.019262128965483835, ""1"": 0.011934107163358021, ""2"": 0.009283453297692347, ""3"": 0.009416061966852634, ""4"": 0.019070272840682048, ""5"": 0.0097321300623131}"
control,100,p0.10,nan,1.0,3,0.1,9.9,10.78,5,19,1078,555,1.6008292866448839,110,0.6418530876391114,0.012837061752782231,47.10380923770175,14.810128779541136,2.0302242046681624,4.2700364922402745,9,"{""0"": 0.019184512912178184, ""1"": 0.011423497764122392, ""2"": 0.0091236980467367, ""3"": 0.009721390513065776, ""4"": 0.01810218000230837, ""5"": 0.009467091278281962}"
control,100,p0.10,nan,1.0,3,0.1,9.9,10.78,5,19,1078,555,1.6008292866448839,120,0.6521227337650437,0.013042454675300876,20.70091274134625,14.977739780231856,2.0433672157764957,4.472671598219278,9,"{""0"": 0.019536140060508994, ""1"": 0.011233083425969004, ""2"": 0.009057504623017286, ""3"": 0.00893795258600844, ""4"": 0.018710583855774933, ""5"": 0.010779463500526595}"
control,100,p0.10,nan,1.0,3,0.1,9.9,10.78,5,19,1078,555,1.6008292866448839,130,0.6562165299294319,0.01312433059858864,19.773877106837237,14.999768015399743,2.0381852930259345,4.652388489035833,9,"{""0"": 0.01933587531535224, ""1"": 0.011098984890133187, ""2"": 0.009826124576940525, ""3"": 0.008658537960219665, ""4"": 0.018882565173410547, ""5"": 0.010943895675475669}"
control,100,p0.10,nan,1.0,3,0.1,9.9,10.78,5,19,1078,555,1.6008292866448839,140,0.6634614704384314,0.013269229408768629,75.69129761803524,14.868722468220009,2.038610818279101,4.683976672871301,9,"{""0"": 0.01922731112973126, ""1"": 0.011117117637774038, ""2"": 0.010656668811091797, ""3"": 0.00902503243610484, ""4"": 0.018484621571345443, ""5"": 0.011104624866564394}"
control,100,p0.10,nan,1.0,3,0.1,9.9,10.78,5,19,1078,555,1.6008292866448839,150,0.6538309691556176,0.013076619383112352,66.42634940589457,14.962159450095468,2.0444203604612037,4.569236491199063,9,"{""0"": 0.018729449291555157, ""1"": 0.011071252933741045, ""2"": 0.010209746917227818, ""3"": 0.008846739454478168, ""4"": 0.01889572872387427, ""5"": 0.010706798977797659}"
control,100,p0.10,nan,1.0,3,0.1,9.9,10.78,5,19,1078,555,1.6008292866448839,160,0.6615961265224617,0.013231922530449235,15.915568169932888,15.087780118908265,2.037043468345332,4.687567182423118,9,"{""0"": 0.01894264613280987, ""1"": 0.010806266555174507, ""2"": 0.011158678072210378, ""3"": 0.008690100017697117, ""4"": 0.01857292257901872, ""5"": 0.01122092182578481}"
control,100,p0.10,nan,1.0,3,0.1,9.9,10.78,5,19,1078,555,1.6008292866448839,170,0.6562977018164506,0.013125954036329015,62.18710776978544,15.077951544674612,2.031946322476433,4.572425007202195,9,"{""0"": 0.018690234242766245, ""1"": 0.011062531451132914, ""2"": 0.010441000022910263, ""3"": 0.0087087627102829, ""4"": 0.019482905265865373, ""5"": 0.01037029052501639}"
control,100,p0.10,nan,1.0,3,0.1,9.9,10.78,5,19,1078,555,1.6008292866448839,180,0.6646480082096111,0.013292960164192225,17.403392322365182,15.151602725947997,2.0401028263701284,4.55965948743888,9,"{""0"": 0.019353608390111583, ""1"": 0.010776944631154072, ""2"": 0.010411777795849916, ""3"": 0.00860110386735198, ""4"": 0.020053773010904975, ""5"": 0.010560553289780809}"
control,100,p0.10,nan,1.0,3,0.1,9.9,10.78,5,19,1078,555,1.6008292866448839,190,0.6489241309796829,0.01297848261959366,14.481925908149568,15.180198295363658,2.0359937002079467,4.503598156020988,9,"{""0"": 0.018903088451897566, ""1"": 0.010908940809827699, ""2"": 0.010005394908021274, ""3"": 0.008679969926672864, ""4"": 0.019584414982918203, ""5"": 0.009789086638224358}"
control,100,p0.10,nan,1.0,3,0.1,9.9,10.78,5,19,1078,555,1.6008292866448839,200,0.6623287216934627,0.013246574433869255,38.10607339084555,15.314250849571756,2.0408240156592967,4.606358426891529,9,"{""0"": 0.019691277667334927, ""1"": 0.010717137441435346, ""2"": 0.01036957971973604, ""3"": 0.0083309079374235, ""4"": 0.0198012297819892, ""5"": 0.01056931405529652}"
control,100,p0.20,nan,1.0,3,0.2,19.8,20.27,12,29,2027,555,1.5986510020229878,0,1.0280586503109734,0.02056117300621947,nan,0.0,1.5986510020229878,2.648294524606917,6,"{""0"": 0.021343298091666584, ""1"": 0.02137564443679179, ""2"": 0.02041984473071547, ""3"": 0.019609929775638038, ""4"": 0.02072548699768597, ""5"": 0.01989283400481897}"
control,100,p0.20,nan,1.0,3,0.2,19.8,20.27,12,29,2027,555,1.5986510020229878,10,1.161964748103063,0.02323929496206126,26.670384628540386,11.61850559184485,2.129342465542696,2.51416075565982,6,"{""0"": 0.023223965206352913, ""1"": 0.022748683608808058, ""2"": 0.035822065178369056, ""3"": 0.022422048083203413, ""4"": 0.016983920727686667, ""5"": 0.018235086967947456}"
control,100,p0.20,nan,1.0,3,0.2,19.8,20.27,12,29,2027,555,1.5986510020229878,20,1.0951795456766336,0.021903590913532674,13.023893389235639,12.333864416796839,2.109231578745778,3.3297632009191984,6,"{""0"": 0.006134956153919837, ""1"": 0.030481094933805332, ""2"": 0.041929764204672884, ""3"": 0.019437583822200396, ""4"": 0.020024901648910097, ""5"": 0.013413244717687515}"
control,100,p0.20,nan,1.0,3,0.2,19.8,20.27,12,29,2027,555,1.5986510020229878,30,1.0473412925108427,0.020946825850216858,33.00652148046697,12.788566083457901,2.0211988053131464,3.6294841199179144,8,"{""0"": 0.008765258493131114, ""1"": 0.024152752669514062, ""2"": 0.022191701232500072, ""3"": 0.028434784113189355, ""4"": 0.02322873886063149, ""5"": 0.018907719732335036}"
control,100,p0.20,nan,1.0,3,0.2,19.8,20.27,12,29,2027,555,1.5986510020229878,40,0.9058094215828303,0.018116188431656608,60.6295580757739,12.66931562050596,2.007092035638912,4.245058170979437,8,"{""0"": 0.011025546533659034, ""1"": 0.014824433808258009, ""2"": 0.017255434344449594, ""3"": 0.027098628353569427, ""4"": 0.020866811625726723, ""5"": 0.017626275924276867}"
control,100,p0.20,nan,1.0,3,0.2,19.8,20.27,12,29,2027,555,1.5986510020229878,50,0.8831499116921361,0.017662998233842722,78.99091560923628,12.52347726813885,1.9013387321296056,3.915570265731163,8,"{""0"": 0.01581848131113507, ""1"": 0.018510549078587693, ""2"": 0.014336506891309492, ""3"": 0.022510455298515003, ""4"": 0.01965252786776254, ""5"": 0.015149468955746533}"
control,100,p0.20,nan,1.0,3,0.2,19.8,20.27,12,29,2027,555,1.5986510020229878,60,0.8597904104739381,0.017195808209478764,41.146345598284924,12.678015681297753,1.9674777613232384,3.979868929578973,8,"{""0"": 0.016726110483957418, ""1"": 0.01768573904657717, ""2"": 0.013652325985571007, ""3"": 0.020917173747455352, ""4"": 0.01970517991926961, ""5"": 0.014488320074042027}"
control,100,p0.20,nan,1.0,3,0.2,19.8,20.27,12,29,2027,555,1.5986510020229878,70,0.8970193800395446,0.017940387600790895,62.77350028732661,12.45994080889878,1.9781688821002752,3.943420287422838,9,"{""0"": 0.017177053987288547, ""1"": 0.019443026220199104, ""2"": 0.010025587943215102, ""3"": 0.022619298508289455, ""4"": 0.0244646160733435, ""5"": 0.013912742872409678}"
control,100,p0.20,nan,1.0,3,0.2,19.8,20.27,12,29,2027,555,1.5986510020229878,80,0.8498953543061774,0.01699790708612355,36.198571567552015,12.384536929342273,1.9815793487317632,4.201481480994245,9,"{""0"": 0.014991205909610141, ""1"": 0.015792753255389803, ""2"": 0.010929432266359274, ""3"": 0.024388465207556102, ""4"": 0.022782374908685128, ""5"": 0.013103210969140851}"
control,100,p0.20,nan,1.0,3,0.2,19.8,20.27,12,29,2027,555,1.5986510020229878,90,0.8269805953350136,0.016539611906700273,81.24891204695739,12.300919772804018,2.024229892801705,4.0058831264276105,8,"{""0"": 0.014321689219871753, ""1"": 0.016582688001890205, ""2"": 0.009063446096434558, ""3"": 0.02503502626138915, ""4"": 0.019666945280377678, ""5"": 0.014567876580238299}"
control,100,p0.20,nan,1.0,3,0.2,19.8,20.27,12,29,2027,555,1.5986510020229878,100,0.8632709712023914,0.01726541942404783,9.439325552425784,12.382566769744262,2.090762852449103,4.075129969735361,8,"{""0"": 0.015696869824811468, ""1"": 0.01710368785072159, ""2"": 0.007496846869508701, ""3"": 0.02457403855290708, ""4"": 0.02380413617007502, ""5"": 0.014916937276263123}"
control,100,p0.20,nan,1.0,3,0.2,19.8,20.27,12,29,2027,555,1.5986510020229878,110,0.8599931775878584,0.01719986355175717,7.8836749781174165,12.444770312809485,2.1035089350085623,4.052140937756912,8,"{""0"": 0.016052301751032463, ""1"": 0.0173821290645369, ""2"": 0.006998539734509428, ""3"": 0.024014355918329632, ""4"": 0.02341041120945645, ""5"": 0.015341443632678134}"
control,100,p0.20,nan,1.0,3,0.2,19.8,20.27,12,29,2027,555,1.5986510020229878,120,0.8473221393253011,0.016946442786506023,32.45836942535868,12.446424871237161,2.1323791320944485,3.9957433628499555,8,"{""0"": 0.015581221439912219, ""1"": 0.017226554710584846, ""2"": 0.005881063196974664, ""3"": 0.02452698359735097, ""4"": 0.02398031741687642, ""5"": 0.014482516357337017}"
control,100,p0.20,nan,1.0,3,0.2,19.8,20.27,12,29,2027,555,1.5986510020229878,130,0.8254370573635371,0.016508741147270745,9.17836438633474,12.50948723799661,2.1660505538353627,4.171034904107684,8,"{""0"": 0.014950966125118991, ""1"": 0.017752320815155112, ""2"": 0.006020461418781481, ""3"": 0.024274934124921425, ""4"": 0.02136629784028645, ""5"": 0.014687466559361002}"
control,100,p0.20,nan,1.0,3,0.2,19.8,20.27,12,29,2027,555,1.5986510020229878,140,0.7865115263420525,0.01573023052684105,62.3996798833203,12.466973962880141,2.1689878523567026,4.730465361060687,9,"{""0"": 0.01577578959838664, ""1"": 0.01822979518461717, ""2"": 0.006764353797654143, ""3"": 0.02240091606714448, ""4"": 0.0193178683475863, ""5"": 0.011892660165657577}"
control,100,p0.20,nan,1.0,3,0.2,19.8,20.27,12,29,2027,555,1.5986510020229878,150,0.7773862768482941,0.015547725536965883,42.09857745547579,12.577996869065721,2.175723603172759,4.7043923752270524,9,"{""0"": 0.015147620221103563, ""1"": 0.018171578618583123, ""2"": 0.0061601878796729796, ""3"": 0.022680942147244844, ""4"": 0.01917039916932997, ""5"": 0.011955625185860831}"
control,100,p0.20,nan,1.0,3,0.2,19.8,20.27,12,29,2027,555,1.5986510020229878,160,0.7691704899431696,0.015383409798863395,30.521963404626245,12.640580562904436,2.1853669712051267,4.689905479823246,9,"{""0"": 0.014577887382881205, ""1"": 0.017953414620111807, ""2"": 0.006233725261252409, ""3"": 0.023040474662827555, ""4"": 0.01857351970564695, ""5"": 0.01192143716046044}"
control,100,p0.20,nan,1.0,3,0.2,19.8,20.27,12,29,2027,555,1.5986510020229878,170,0.7565604122885112,0.015131208245770227,54.718180174479045,12.730580932537528,2.2051606731112914,4.731939130058592,9,"{""0"": 0.014908715621973694, ""1"": 0.018273113943362066, ""2"": 0.005736003744316136, ""3"": 0.022490588517810994, ""4"": 0.018194710239873776, ""5"": 0.011184117407284696}"
control,100,p0.20,nan,1.0,3,0.2,19.8,20.27,12,29,2027,555,1.5986510020229878,180,0.7414831857719819,0.014829663715439641,58.034797890243,12.83180634590776,2.2319874868856537,4.574802212758657,9,"{""0"": 0.01518154982685809, ""1"": 0.0189833907191564, ""2"": 0.00548004507761937, ""3"": 0.02102282774718943, ""4"": 0.018058466576879616, ""5"": 0.01025170234493494}"
control,100,p0.20,nan,1.0,3,0.2,19.8,20.27,12,29,2027,555,1.5986510020229878,190,0.7272650390161135,0.014545300780322271,6.916265353736421,12.990398837538248,2.2656970494318585,4.737444751069764,9,"{""0"": 0.015053300767230928, ""1"": 0.018890684698398753, ""2"": 0.0052958012075223024, ""3"": 0.021176851018959948, ""4"": 0.016674351987668593, ""5"": 0.010180815002153098}"
control,100,p0.20,nan,1.0,3,0.2,19.8,20.27,12,29,2027,555,1.5986510020229878,200,0.7178827765260055,0.014357655530520111,35.8399244007697,13.045797113875695,2.2685288388994582,4.733751562122055,9,"{""0"": 0.014668342888741715, ""1"": 0.01870283514869419, ""2"": 0.005251246408983947, ""3"": 0.02100532360727475, ""4"": 0.016823581761238705, ""5"": 0.009694603368187369}"
control,100,p0.40,nan,1.0,3,0.4,39.6,39.92,30,52,3992,555,1.4706036766294897,0,1.012376664106465,0.020247533282129304,nan,0.0,1.4706036766294897,4.651209368606418,8,"{""0"": 0.01920281999380379, ""1"": 0.020347356858011416, ""2"": 0.019902446333305575, ""3"": 0.022557856880818655, ""4"": 0.01981348473392362, ""5"": 0.019661234892912754}"
control,100,p0.40,nan,1.0,3,0.4,39.6,39.92,30,52,3992,555,1.4706036766294897,10,1.0829910347116172,0.021659820694232345,15.935296534911028,11.31682157352381,2.0471820348504415,3.6249009195791624,9,"{""0"": 0.026723839524301397, ""1"": 0.02137834991549986, ""2"": 0.03513068147775081, ""3"": 0.008238216278795224, ""4"": 0.021405528182143713, ""5"": 0.01708230878690306}"
control,100,p0.40,nan,1.0,3,0.4,39.6,39.92,30,52,3992,555,1.4706036766294897,20,0.9456448640433989,0.01891289728086798,51.14975908254635,12.693505333598226,2.147109327744302,4.841987847359689,9,"{""0"": 0.02524243791679246, ""1"": 0.017518007682770953, ""2"": 0.024777947872284316, ""3"": 0.01068756567823215, ""4"": 0.02106769554114544, ""5"": 0.014183728993982552}"
control,100,p0.40,nan,1.0,3,0.4,39.6,39.92,30,52,3992,555,1.4706036766294897,30,0.918668685605885,0.018373373712117703,53.21518293652466,13.001381661539464,2.194715806761841,5.493888798188657,10,"{""0"": 0.024428602473193357, ""1"": 0.01656143062908661, ""2"": 0.021135675583087134, ""3"": 0.012384456499782703, ""4"": 0.01962784734467888, ""5"": 0.016102229742877554}"
control,100,p0.40,nan,1.0,3,0.4,39.6,39.92,30,52,3992,555,1.4706036766294897,40,0.9793636180306158,0.019587272360612317,22.22401930487633,13.392055860591064,2.154718828251441,4.66803868001173,10,"{""0"": 0.024348950171922838, ""1"": 0.014253433307819668, ""2"": 0.023171121311942558, ""3"": 0.014338442794550769, ""4"": 0.02264619861309656, ""5"": 0.018765487964341514}"
control,100,p0.40,nan,1.0,3,0.4,39.6,39.92,30,52,3992,555,1.4706036766294897,50,0.9613955125520073,0.019227910251040148,37.33405726039138,13.71776503363524,2.2255205843690735,4.132145746551826,9,"{""0"": 0.022685945408387885, ""1"": 0.014234839514700304, ""2"": 0.02008192090241569, ""3"": 0.013778491270384394, ""4"": 0.024668715237863733, ""5"": 0.019917549172488877}"
control,100,p0.40,nan,1.0,3,0.4,39.6,39.92,30,52,3992,555,1.4706036766294897,60,0.9382316773804253,0.01876463354760851,90.02271679849714,13.419971044706951,2.2245404558334,4.4654741168766146,10,"{""0"": 0.02286215372051633, ""1"": 0.014949133942253206, ""2"": 0.020249888300456372, ""3"": 0.013075280626162889, ""4"": 0.02227685591189507, ""5"": 0.019174488784367193}"
control,100,p0.40,nan,1.0,3,0.4,39.6,39.92,30,52,3992,555,1.4706036766294897,70,0.9091036361112093,0.018182072722224187,22.97856206110029,13.826237035998766,2.2748482411311484,4.105026388888867,9,"{""0"": 0.017947243399553385, ""1"": 0.014293652757912442, ""2"": 0.01909138006804438, ""3"": 0.014615834977607742, ""4"": 0.022990850026375766, ""5"": 0.02015347510385139}"
control,100,p0.40,nan,1.0,3,0.4,39.6,39.92,30,52,3992,555,1.4706036766294897,80,0.9196377778761706,0.018392755557523413,29.70993846759466,14.255803711365969,2.3200220768307145,3.384607401644181,8,"{""0"": 0.015036219192103437, ""1"": 0.012750307855375596, ""2"": 0.019136940127362875, ""3"": 0.018101529253513264, ""4"": 0.0254279308567754, ""5"": 0.01990360606000991}"
control,100,p0.40,nan,1.0,3,0.4,39.6,39.92,30,52,3992,555,1.4706036766294897,90,0.9337559173612221,0.018675118347224445,43.07368369477344,14.330298972778627,2.323837572866614,3.370638942714893,8,"{""0"": 0.014708802048650183, ""1"": 0.012913898917875219, ""2"": 0.018843212974243625, ""3"": 0.017853151108024205, ""4"": 0.027499228829861878, ""5"": 0.020232416204691565}"
control,100,p0.40,nan,1.0,3,0.4,39.6,39.92,30,52,3992,555,1.4706036766294897,100,0.9320198353472405,0.018640396706944812,49.7486981457349,14.492409090994151,2.352133622271631,3.3720732080762943,8,"{""0"": 0.015221145424470861, ""1"": 0.012447527996870943, ""2"": 0.019436176956042658, ""3"": 0.017046228621144955, ""4"": 0.02761711423265966, ""5"": 0.020074187010479798}"
control,100,p0.40,nan,1.0,3,0.4,39.6,39.92,30,52,3992,555,1.4706036766294897,110,0.9338863565807765,0.018677727131615533,41.43536170709001,14.692885923766736,2.3638442323077435,3.302192352828582,8,"{""0"": 0.015264061866458612, ""1"": 0.011977897699685023, ""2"": 0.019622908365836404, ""3"": 0.01702294063368423, ""4"": 0.02790498556309562, ""5"": 0.020273568660933314}"
control,100,p0.40,nan,1.0,3,0.4,39.6,39.92,30,52,3992,555,1.4706036766294897,120,0.9352984713908964,0.01870596942781793,22.294633152327638,14.775325818773439,2.3687874063886607,3.32056967549144,8,"{""0"": 0.01530776354027064, ""1"": 0.01165171925729886, ""2"": 0.019647410043553207, ""3"": 0.017070147178440236, ""4"": 0.02812839600794493, ""5"": 0.020430380539399707}"
control,100,p0.40,nan,1.0,3,0.4,39.6,39.92,30,52,3992,555,1.4706036766294897,130,0.9303449368929139,0.01860689873785828,43.74345872621101,14.894482167956177,2.396609415895121,3.247121849130692,8,"{""0"": 0.01537280082767382, ""1"": 0.01134579693555208, ""2"": 0.0201748926771432, ""3"": 0.01688552298741388, ""4"": 0.02764936048995964, ""5"": 0.02021301850940707}"
control,100,p0.40,nan,1.0,3,0.4,39.6,39.92,30,52,3992,555,1.4706036766294897,140,0.9303764506418892,0.018607529012837788,37.20090715128498,15.036876028692653,2.4091839735979717,3.0936560473944867,8,"{""0"": 0.01493641208923539, ""1"": 0.011046889203027623, ""2"": 0.02039794261138147, ""3"": 0.01711343297002723, ""4"": 0.027803405917396863, ""5"": 0.020347091285958147}"
control,100,p0.40,nan,1.0,3,0.4,39.6,39.92,30,52,3992,555,1.4706036766294897,150,0.9224080033733942,0.018448160067467887,25.872377729616936,15.101900994152258,2.4115046138816494,2.9918657396676953,8,"{""0"": 0.01451997335001968, ""1"": 0.011152968322146175, ""2"": 0.02006849809223115, ""3"": 0.017250831593882472, ""4"": 0.027155104168214338, ""5"": 0.020541584878313507}"
control,100,p0.40,nan,1.0,3,0.4,39.6,39.92,30,52,3992,555,1.4706036766294897,160,0.9353861701174052,0.018707723402348105,19.210748167180938,15.308484817539682,2.425225137882254,2.808849722701111,7,"{""0"": 0.014609582368529614, ""1"": 0.010494681192226218, ""2"": 0.020825474339669546, ""3"": 0.017936885768527238, ""4"": 0.02778803323621083, ""5"": 0.020591683508925176}"
control,100,p0.40,nan,1.0,3,0.4,39.6,39.92,30,52,3992,555,1.4706036766294897,170,0.9311437226211793,0.01862287445242359,78.54001837461675,15.267850748678049,2.4238100644705174,3.0431495631005703,8,"{""0"": 0.015008695763453445, ""1"": 0.010672243658574273, ""2"": 0.020460668417025304, ""3"": 0.017176413728255204, ""4"": 0.028046341953086962, ""5"": 0.020372883194146353}"
control,100,p0.40,nan,1.0,3,0.4,39.6,39.92,30,52,3992,555,1.4706036766294897,180,0.9146707099336865,0.01829341419867373,71.51863412806762,15.205972256114116,2.414086484283677,3.2054866718656227,8,"{""0"": 0.014955217250510262, ""1"": 0.01090895618567798, ""2"": 0.020345044859497063, ""3"": 0.016625762185234795, ""4"": 0.02701609070056842, ""5"": 0.01990941401055387}"
control,100,p0.40,nan,1.0,3,0.4,39.6,39.92,30,52,3992,555,1.4706036766294897,190,0.8692991510087302,0.017385983020174606,31.662398500864587,15.189129863452013,2.413270245723973,3.327028528617969,8,"{""0"": 0.010966829075904322, ""1"": 0.01117938533038235, ""2"": 0.020161866463876587, ""3"": 0.016462655858674756, ""4"": 0.02515921073373074, ""5"": 0.02038595065847889}"
control,100,p0.40,nan,1.0,3,0.4,39.6,39.92,30,52,3992,555,1.4706036766294897,200,0.8746359789819736,0.017492719579639476,30.524562655509,15.28369939433293,2.4212954504576034,3.3012977826952246,8,"{""0"": 0.011166460509222194, ""1"": 0.010888051617804168, ""2"": 0.02070707493024873, ""3"": 0.01651377914629552, ""4"": 0.0257224414334352, ""5"": 0.019958509840831053}"
control,100,p0.05,nan,1.0,4,0.05,4.95,5.08,1,11,508,508,1.533228069838482,0,0.9871287629673288,0.019742575259346577,nan,0.0,1.533228069838482,3.9618555694692,7,"{""0"": 0.01825585777561452, ""1"": 0.022452242911386006, ""2"": 0.020449970691092466, ""3"": 0.017687524899046257, ""4"": 0.018740980691852198, ""5"": 0.020868874587088027}"
control,100,p0.05,nan,1.0,4,0.05,4.95,5.08,1,11,508,508,1.533228069838482,10,0.8426639848056758,0.01685327969611352,12.582054960451849,14.72177768170664,2.5672083648597552,1.250394261397553,2,"{""0"": 0.0058466717127366365, ""1"": 0.006885213665373822, ""2"": 0.02802216431201689, ""3"": 0.01888205209262937, ""4"": 0.014341100518503985, ""5"": 0.027142475875420402}"
control,100,p0.05,nan,1.0,4,0.05,4.95,5.08,1,11,508,508,1.533228069838482,20,0.796582395993976,0.01593164791987952,14.547567116681707,14.946176640925291,2.195897896226619,1.458460221545369,3,"{""0"": 0.005819856528434286, ""1"": 0.008767658008549018, ""2"": 0.026030731229356997, ""3"": 0.025434074119926646, ""4"": 0.00837675395236005, ""5"": 0.021160813680650127}"
control,100,p0.05,nan,1.0,4,0.05,4.95,5.08,1,11,508,508,1.533228069838482,30,0.8009557631589087,0.016019115263178174,33.63372947308431,15.163251486897373,2.240939001357145,1.9019859911553063,5,"{""0"": 0.008749494149350123, ""1"": 0.012521265382413396, ""2"": 0.021300810232991078, ""3"": 0.024677041192830842, ""4"": 0.009103515541308076, ""5"": 0.019762565080175536}"
control,100,p0.05,nan,1.0,4,0.05,4.95,5.08,1,11,508,508,1.533228069838482,40,0.7640739577432278,0.01528147915486456,49.61679175874085,15.823540866240181,2.326368067834678,1.5665348213005148,4,"{""0"": 0.005934416914204708, ""1"": 0.011851781308757933, ""2"": 0.0201953093448178, ""3"": 0.02322822314711061, ""4"": 0.009209753790707043, ""5"": 0.02126939042358926}"
control,100,p0.05,nan,1.0,4,0.05,4.95,5.08,1,11,508,508,1.533228069838482,50,0.7641292016033444,0.01528258403206689,17.5104571044174,16.194244348454617,2.3335999188596954,1.4430581024876883,3,"{""0"": 0.00546851300641811, ""1"": 0.011775177266969153, ""2"": 0.020190627670337517, ""3"": 0.02326438235616942, ""4"": 0.00965995031478454, ""5"": 0.021336853577722588}"
control,100,p0.05,nan,1.0,4,0.05,4.95,5.08,1,11,508,508,1.533228069838482,60,0.7565939333180302,0.015131878666360605,22.406576385835862,16.480209138845307,2.3629496036060558,1.4449352655450007,3,"{""0"": 0.005193847081210271, ""1"": 0.011788440435271127, ""2"": 0.020221127527800437, ""3"": 0.02303296727533816, ""4"": 0.009167160022208323, ""5"": 0.021387729656335317}"
control,100,p0.05,nan,1.0,4,0.05,4.95,5.08,1,11,508,508,1.533228069838482,70,0.6711165336773184,0.01342233067354637,13.53705339599139,16.923838906929127,2.451647027362387,1.5680672942410911,3,"{""0"": 0.0049240830301788205, ""1"": 0.013973486381834335, ""2"": 0.01514420877230942, ""3"": 0.016728792242642943, ""4"": 0.012110617703983043, ""5"": 0.01765279591032966}"
control,100,p0.05,nan,1.0,4,0.05,4.95,5.08,1,11,508,508,1.533228069838482,80,0.7804877569864884,0.01560975513972977,18.111057665248666,17.26031267967545,2.4591876390769403,1.4769174695089866,3,"{""0"": 0.004817926482623143, ""1"": 0.013600209201068974, ""2"": 0.01512750236590812, ""3"": 0.022818523996952476, ""4"": 0.01985356703261023, ""5"": 0.017440801759215686}"
control,100,p0.05,nan,1.0,4,0.05,4.95,5.08,1,11,508,508,1.533228069838482,90,0.7725509068377644,0.01545101813675529,42.79881725649462,17.449259776023116,2.461761266449542,1.5034161883424446,3,"{""0"": 0.004840682853926377, ""1"": 0.014367741624102492, ""2"": 0.014264667753749922, ""3"": 0.02294139973130219, ""4"": 0.020000806973618685, ""5"": 0.01629080988383207}"
control,100,p0.05,nan,1.0,4,0.05,4.95,5.08,1,11,508,508,1.533228069838482,100,0.7714492994158213,0.015428985988316428,12.622472326928849,17.655818860353204,2.485214522826699,1.4880491620378693,3,"{""0"": 0.004756851313480333, ""1"": 0.014744602124520301, ""2"": 0.013986437198405944, ""3"": 0.022955928097306164, ""4"": 0.02008188557446019, ""5"": 0.016048211621725633}"
control,100,p0.05,nan,1.0,4,0.05,4.95,5.08,1,11,508,508,1.533228069838482,110,0.766005823106833,0.01532011646213666,68.6408088013299,17.818126057624806,2.4586219245430474,1.4935705688251593,3,"{""0"": 0.004726545742158991, ""1"": 0.014209440522077715, ""2"": 0.014124128799721103, ""3"": 0.0228090096293377, ""4"": 0.020046390082994803, ""5"": 0.016005183996529657}"
control,100,p0.05,nan,1.0,4,0.05,4.95,5.08,1,11,508,508,1.533228069838482,120,0.7573070144899631,0.015146140289799263,12.959806113208717,17.884161989280287,2.45502761029647,1.5708948702394596,3,"{""0"": 0.004942767854425424, ""1"": 0.013778347015129774, ""2"": 0.01391240400151075, ""3"": 0.022558679067238272, ""4"": 0.01966406848534292, ""5"": 0.01602057531514845}"
control,100,p0.05,nan,1.0,4,0.05,4.95,5.08,1,11,508,508,1.533228069838482,130,0.7768750234707216,0.015537500469414432,17.1391827009719,17.966057258438305,2.403198570929456,1.5754533552435448,4,"{""0"": 0.00516161998754344, ""1"": 0.012688453324644852, ""2"": 0.015412048105405082, ""3"": 0.022462259438201824, ""4"": 0.019374163560144896, ""5"": 0.018126458400546507}"
control,100,p0.05,nan,1.0,4,0.05,4.95,5.08,1,11,508,508,1.533228069838482,140,0.7773276191260641,0.015546552382521284,12.664093931805796,18.13409433464367,2.413854362121899,1.5866205975077599,4,"{""0"": 0.005172641357973959, ""1"": 0.012217928235969034, ""2"": 0.016386367768908866, ""3"": 0.022201140988696123, ""4"": 0.019190062014103223, ""5"": 0.0181111739294765}"
control,100,p0.05,nan,1.0,4,0.05,4.95,5.08,1,11,508,508,1.533228069838482,150,0.7807707390884797,0.015615414781769596,12.658364803045187,18.31072190766686,2.404882540526679,1.5567811401178477,3,"{""0"": 0.005062825037156502, ""1"": 0.01204216469717421, ""2"": 0.016547669816146603, ""3"": 0.021959011537075832, ""4"": 0.019573368381398254, ""5"": 0.018507449221666177}"
control,100,p0.05,nan,1.0,4,0.05,4.95,5.08,1,11,508,508,1.533228069838482,160,0.7863563831031133,0.015727127662062267,12.403201689481014,18.384019481958536,2.4134265158603694,1.6027422734637566,4,"{""0"": 0.005692751056445518, ""1"": 0.0121287506316126, ""2"": 0.016354614794870825, ""3"": 0.02194380838862599, ""4"": 0.019481375517013292, ""5"": 0.018761465583805377}"
control,100,p0.05,nan,1.0,4,0.05,4.95,5.08,1,11,508,508,1.533228069838482,170,0.766668370399897,0.015333367407997943,60.26822354732834,18.521658718551354,2.4212061465259,1.6904961906619467,4,"{""0"": 0.005760648264581525, ""1"": 0.012024397473796068, ""2"": 0.015837770047432063, ""3"": 0.02179509365637383, ""4"": 0.0190540330699678, ""5"": 0.017528261935836363}"
control,100,p0.05,nan,1.0,4,0.05,4.95,5.08,1,11,508,508,1.533228069838482,180,0.7365356901108552,0.014730713802217105,84.85242324705601,18.65995691719931,2.4257151690579084,1.7130128639256896,4,"{""0"": 0.0049549111739414535, ""1"": 0.012774403117813712, ""2"": 0.014201834042802652, ""3"": 0.020828847597362688, ""4"": 0.019152496254711847, ""5"": 0.016471790626670278}"
control,100,p0.05,nan,1.0,4,0.05,4.95,5.08,1,11,508,508,1.533228069838482,190,0.7321961341153873,0.014643922682307749,43.920317717374,18.80829311118761,2.4485798174488984,1.7562159608574592,4,"{""0"": 0.004902020407379153, ""1"": 0.012838204218979164, ""2"": 0.014070814312232015, ""3"": 0.020417999574001332, ""4"": 0.019384152193244075, ""5"": 0.016250345388010755}"
control,100,p0.05,nan,1.0,4,0.05,4.95,5.08,1,11,508,508,1.533228069838482,200,0.7094980232173104,0.014189960464346209,11.193979817773862,18.939320539938667,2.4673085964965606,1.8202299997081546,4,"{""0"": 0.004804171019646353, ""1"": 0.01298881758176985, ""2"": 0.012840255983665668, ""3"": 0.020281966956025122, ""4"": 0.020126973018041283, ""5"": 0.01409757822692897}"
control,100,p0.10,nan,1.0,4,0.1,9.9,9.93,3,18,993,508,1.669532758890564,0,0.9848709936136122,0.019697419872272245,nan,0.0,1.669532758890564,5.282952698927362,8,"{""0"": 0.01824921112899868, ""1"": 0.018760263168708623, ""2"": 0.020873165264387157, ""3"": 0.01888847348877403, ""4"": 0.02071660188572631, ""5"": 0.020696804297038664}"
control,100,p0.10,nan,1.0,4,0.1,9.9,9.93,3,18,993,508,1.669532758890564,10,0.9423237097613002,0.018846474195226007,24.142968668923594,13.194996241794955,2.5929342635375647,1.4089577680954855,3,"{""0"": 0.017176793910197143, ""1"": 0.005427163513153039, ""2"": 0.021373662997498186, ""3"": 0.020972691317443247, ""4"": 0.02143449484371422, ""5"": 0.02669403858935019}"
control,100,p0.10,nan,1.0,4,0.1,9.9,9.93,3,18,993,508,1.669532758890564,20,1.024425056659532,0.020488501133190645,39.20697407155264,13.066438721653332,2.40331848842567,1.5462523537125776,3,"{""0"": 0.028120427514950565, ""1"": 0.014703067472197818, ""2"": 0.03171316641252157, ""3"": 0.019410586913543987, ""4"": 0.008558181650012594, ""5"": 0.02042557683591733}"
control,100,p0.10,nan,1.0,4,0.1,9.9,9.93,3,18,993,508,1.669532758890564,30,0.9186334547654581,0.018372669095309165,31.639866083218124,13.301336226308056,2.2186795738638874,2.6879802614756683,6,"{""0"": 0.027581807289501103, ""1"": 0.012882429167066289, ""2"": 0.02153887871069775, ""3"": 0.011343931148849306, ""4"": 0.014884791744917969, ""5"": 0.02200417651082258}"
control,100,p0.10,nan,1.0,4,0.1,9.9,9.93,3,18,993,508,1.669532758890564,40,0.8966963448814383,0.01793392689762877,21.154954039043975,14.060040291764029,2.2558367520613127,3.0957686804458526,6,"{""0"": 0.02244976046342521, ""1"": 0.013905288529943277, ""2"": 0.020395010885800462, ""3"": 0.008565877627803146, ""4"": 0.020004006713075846, ""5"": 0.02228361716572467}"
control,100,p0.10,nan,1.0,4,0.1,9.9,9.93,3,18,993,508,1.669532758890564,50,0.8198495922312247,0.016396991844624495,41.4528432987481,14.589019549604378,2.3406007443130887,3.0250211847324517,6,"{""0"": 0.023980756815469007, ""1"": 0.015656649252776246, ""2"": 0.01845807943232817, ""3"": 0.006328299129181943, ""4"": 0.014905509058401272, ""5"": 0.019052657379590342}"
control,100,p0.10,nan,1.0,4,0.1,9.9,9.93,3,18,993,508,1.669532758890564,60,0.6816461365699453,0.013632922731398909,33.07993651377514,15.389869940646706,2.3613319633660206,3.235450633384042,7,"{""0"": 0.014300823179477132, ""1"": 0.01766341505031881, ""2"": 0.017263735573035295, ""3"": 0.007992169060345401, ""4"": 0.01164475517959349, ""5"": 0.012932638345623321}"
control,100,p0.10,nan,1.0,4,0.1,9.9,9.93,3,18,993,508,1.669532758890564,70,0.6866067689977914,0.013732135379955828,27.722996263716567,15.950008022286678,2.3457506980703386,3.451133085083779,8,"{""0"": 0.013172448327410028, ""1"": 0.021161407939954947, ""2"": 0.01608593179926591, ""3"": 0.006177554859431844, ""4"": 0.012522972076781217, ""5"": 0.013272497276891036}"
control,100,p0.10,nan,1.0,4,0.1,9.9,9.93,3,18,993,508,1.669532758890564,80,0.7072087833898278,0.01414417566779656,34.365302547100406,16.410169828531625,2.4030605615169884,3.4580956417005138,8,"{""0"": 0.01556765107197986, ""1"": 0.022364390791470724, ""2"": 0.01584816985056587, ""3"": 0.00798055111414211, ""4"": 0.010378013578729011, ""5"": 0.012726277599891778}"
control,100,p0.10,nan,1.0,4,0.1,9.9,9.93,3,18,993,508,1.669532758890564,90,0.7177853564856548,0.014355707129713098,31.151356246352314,16.568825718947068,2.371935949630591,3.526353158677763,8,"{""0"": 0.01650446391289643, ""1"": 0.02161625532554996, ""2"": 0.016225913293798112, ""3"": 0.010028005195295965, ""4"": 0.010482314906565324, ""5"": 0.0112772901441728}"
control,100,p0.10,nan,1.0,4,0.1,9.9,9.93,3,18,993,508,1.669532758890564,100,0.6994206886928137,0.013988413773856276,38.022335790051585,16.90482305916706,2.407097155744958,3.529145490618393,8,"{""0"": 0.015964789253029295, ""1"": 0.02326067682394877, ""2"": 0.015915659105381858, ""3"": 0.007996845841795872, ""4"": 0.009529622906556134, ""5"": 0.011262888712425725}"
control,100,p0.10,nan,1.0,4,0.1,9.9,9.93,3,18,993,508,1.669532758890564,110,0.7018827720967923,0.014037655441935847,62.55195927401036,17.142705576347716,2.452121556337005,3.463943377326516,8,"{""0"": 0.016261971168417818, ""1"": 0.023270734858035047, ""2"": 0.016186685444886308, ""3"": 0.008079831392744144, ""4"": 0.00871636737985117, ""5"": 0.011710342407680588}"
control,100,p0.10,nan,1.0,4,0.1,9.9,9.93,3,18,993,508,1.669532758890564,120,0.6846634768358222,0.013693269536716447,27.108205939647586,17.33090983056752,2.4897810746505225,3.37141842791078,8,"{""0"": 0.016046434366147343, ""1"": 0.020801838257124637, ""2"": 0.015255655285532535, ""3"": 0.008427343282966713, ""4"": 0.008344641345096123, ""5"": 0.013283704683431319}"
control,100,p0.10,nan,1.0,4,0.1,9.9,9.93,3,18,993,508,1.669532758890564,130,0.6858263265141785,0.013716526530283572,101.83343092127363,17.266451197046006,2.4501585517880216,3.3194078394424578,8,"{""0"": 0.015049128201297241, ""1"": 0.02219152446624458, ""2"": 0.01534933563175638, ""3"": 0.008671343283808345, ""4"": 0.008190790529080887, ""5"": 0.012847037069514015}"
control,100,p0.10,nan,1.0,4,0.1,9.9,9.93,3,18,993,508,1.669532758890564,140,0.6736002051711095,0.013472004103422192,22.824595011826556,17.404680372971473,2.457657499372204,3.4442508275265684,8,"{""0"": 0.01467801361289434, ""1"": 0.02238543672664688, ""2"": 0.015163288587990934, ""3"": 0.00832099969693313, ""4"": 0.00836987432771112, ""5"": 0.011914411668356755}"
control,100,p0.10,nan,1.0,4,0.1,9.9,9.93,3,18,993,508,1.669532758890564,150,0.7139920836472745,0.014279841672945492,13.078692358011699,17.536824817946975,2.4797084079146914,3.4266571752823536,8,"{""0"": 0.013748307390646485, ""1"": 0.0263810706310049, ""2"": 0.015711148653648126, ""3"": 0.0078096892704442155, ""4"": 0.008291950111843718, ""5"": 0.01373688398008551}"
control,100,p0.10,nan,1.0,4,0.1,9.9,9.93,3,18,993,508,1.669532758890564,160,0.7120636234218917,0.014241272468437835,30.96976952470012,17.654714011905675,2.4670707724067604,3.377917177983457,8,"{""0"": 0.013930190149477906, ""1"": 0.02694519845910847, ""2"": 0.01483239234604083, ""3"": 0.008233527612609579, ""4"": 0.008023275059966271, ""5"": 0.013483051183423952}"
control,100,p0.10,nan,1.0,4,0.1,9.9,9.93,3,18,993,508,1.669532758890564,170,0.7048282857468419,0.014096565714936839,15.499919811259304,17.729949666602508,2.4558026818769765,3.4297798372696966,8,"{""0"": 0.014062817179480897, ""1"": 0.027065896110505205, ""2"": 0.014874346016845322, ""3"": 0.008451537167563887, ""4"": 0.007980604470576922, ""5"": 0.01214419334464879}"
control,100,p0.10,nan,1.0,4,0.1,9.9,9.93,3,18,993,508,1.669532758890564,180,0.7108663571456671,0.014217327142913344,63.73394639384687,17.83948761330585,2.4485548285500855,3.4762245698777714,8,"{""0"": 0.013995859067432597, ""1"": 0.02753592512844939, ""2"": 0.014935070113874894, ""3"": 0.008778428462179234, ""4"": 0.008111344416596753, ""5"": 0.011947335668947196}"
control,100,p0.10,nan,1.0,4,0.1,9.9,9.93,3,18,993,508,1.669532758890564,190,0.7041434702940779,0.014082869405881559,21.651163544798408,17.905650237877776,2.4609794556242406,3.5137113878768123,8,"{""0"": 0.013793492418727507, ""1"": 0.027082057699972035, ""2"": 0.014889741484396282, ""3"": 0.008692433307517409, ""4"": 0.00821158613465276, ""5"": 0.011827905390023355}"
control,100,p0.10,nan,1.0,4,0.1,9.9,9.93,3,18,993,508,1.669532758890564,200,0.7056201734462731,0.014112403468925465,17.059589331089878,17.98190254591753,2.4831376717318983,3.47268288092633,8,"{""0"": 0.013653344914443009, ""1"": 0.026966777834666483, ""2"": 0.014755923123699036, ""3"": 0.007834593024688646, ""4"": 0.009184225505449162, ""5"": 0.012279556410606452}"
control,100,p0.20,nan,1.0,4,0.2,19.8,19.87,12,32,1987,508,1.5615544686453926,0,1.0035608364812556,0.020071216729625117,nan,0.0,1.5615544686453926,3.056477039885584,8,"{""0"": 0.021075354088509083, ""1"": 0.020286848575371847, ""2"": 0.017943910418785146, ""3"": 0.018878692348666404, ""4"": 0.02054455778133072, ""5"": 0.021697937165087503}"
control,100,p0.20,nan,1.0,4,0.2,19.8,19.87,12,32,1987,508,1.5615544686453926,10,1.1067939802896158,0.02213587960579232,17.320743639366544,15.209365986485118,2.7742521152018313,2.305550245337959,8,"{""0"": 0.006929562563412784, ""1"": 0.015559441628718973, ""2"": 0.02530821907686523, ""3"": 0.033877750952373775, ""4"": 0.02429224700987274, ""5"": 0.0268480564035104}"
control,100,p0.20,nan,1.0,4,0.2,19.8,19.87,12,32,1987,508,1.5615544686453926,20,1.1746630223632375,0.023493260447264755,12.83607805568771,15.286446695611563,3.056078423554662,1.9759136597340312,6,"{""0"": 0.01065934082269641, ""1"": 0.021564909013639968, ""2"": 0.027168154057780593, ""3"": 0.032728031776518764, ""4"": 0.021806312928794824, ""5"": 0.027032814084157957}"
control,100,p0.20,nan,1.0,4,0.2,19.8,19.87,12,32,1987,508,1.5615544686453926,30,1.0258174139325849,0.0205163482786517,10.4283714671008,15.480587368906724,2.871774132172628,3.4352026576387433,8,"{""0"": 0.02344862655213779, ""1"": 0.01941508784551582, ""2"": 0.022769509846449414, ""3"": 0.026656249037395434, ""4"": 0.007379577190391662, ""5"": 0.023429039200020076}"
control,100,p0.20,nan,1.0,4,0.2,19.8,19.87,12,32,1987,508,1.5615544686453926,40,1.0056698344962094,0.02011339668992419,36.330102033367424,15.237632472415541,2.792654136476953,3.332269023475809,8,"{""0"": 0.018836434415857417, ""1"": 0.024979384187298566, ""2"": 0.02119859640888379, ""3"": 0.021635202117913595, ""4"": 0.01031656090584235, ""5"": 0.023714202103749436}"
control,100,p0.20,nan,1.0,4,0.2,19.8,19.87,12,32,1987,508,1.5615544686453926,50,0.9121032383720522,0.018242064767441047,26.604626406829507,14.935469705792455,2.75027322251539,3.4636806444017325,8,"{""0"": 0.014672809611542215, ""1"": 0.02430806610266368, ""2"": 0.02077879758445276, ""3"": 0.01690998226484988, ""4"": 0.00899238366436856, ""5"": 0.023790349376769174}"
control,100,p0.20,nan,1.0,4,0.2,19.8,19.87,12,32,1987,508,1.5615544686453926,60,0.9563709340727671,0.019127418681455344,18.567847511016055,15.303588848338055,2.7977378977863854,3.212817980247732,8,"{""0"": 0.01481774757601414, ""1"": 0.027987386197652193, ""2"": 0.022022492373336377, ""3"": 0.016132075060260938, ""4"": 0.008770843903496903, ""5"": 0.02503396697797152}"
control,100,p0.20,nan,1.0,4,0.2,19.8,19.87,12,32,1987,508,1.5615544686453926,70,1.0226648406992471,0.020453296813984948,75.41473606439803,15.230994582669242,2.690487075900598,3.6994751306854745,8,"{""0"": 0.0148787470160822, ""1"": 0.029113104915656347, ""2"": 0.023891998315606518, ""3"": 0.018574036495258385, ""4"": 0.010935212441204146, ""5"": 0.025326681700102084}"
control,100,p0.20,nan,1.0,4,0.2,19.8,19.87,12,32,1987,508,1.5615544686453926,80,1.031292923878913,0.020625858477578262,18.59087156810184,15.369298987412341,2.6513204429505963,3.7612640737943304,8,"{""0"": 0.015328613227952561, ""1"": 0.02917217581789224, ""2"": 0.022083393422726624, ""3"": 0.020209891195402792, ""4"": 0.011576134371916699, ""5"": 0.02538494282957865}"
control,100,p0.20,nan,1.0,4,0.2,19.8,19.87,12,32,1987,508,1.5615544686453926,90,1.065632153914449,0.021312643078288986,31.30915918527293,15.313526190084263,2.605348875510008,3.6988797242130884,8,"{""0"": 0.015902739506841162, ""1"": 0.03096756436768302, ""2"": 0.0217489730528288, ""3"": 0.019459725348973896, ""4"": 0.01327919500163389, ""5"": 0.026517661191773168}"
control,100,p0.20,nan,1.0,4,0.2,19.8,19.87,12,32,1987,508,1.5615544686453926,100,1.0481446316039618,0.02096289263207924,43.080527158879946,15.370456202244245,2.6484757381285386,3.693307535262808,8,"{""0"": 0.015537901041790415, ""1"": 0.03044313712345975, ""2"": 0.021456216628607905, ""3"": 0.019405642986200143, ""4"": 0.011972486600321349, ""5"": 0.026961971412095866}"
control,100,p0.20,nan,1.0,4,0.2,19.8,19.87,12,32,1987,508,1.5615544686453926,110,1.0152505808303176,0.020305011616606354,79.94879824123403,15.193524666993305,2.6081916556496463,3.9269464717078155,9,"{""0"": 0.015216648015946516, ""1"": 0.02907916428876196, ""2"": 0.020544011229607712, ""3"": 0.017163897092273287, ""4"": 0.011912516893507787, ""5"": 0.02791383217954087}"
control,100,p0.20,nan,1.0,4,0.2,19.8,19.87,12,32,1987,508,1.5615544686453926,120,1.0358569915235525,0.020717139830471052,37.93461083811669,15.13011974982709,2.6049816327917172,3.7741024218085375,8,"{""0"": 0.015095291205485, ""1"": 0.029662013859601453, ""2"": 0.01985107318585038, ""3"": 0.018881311546258113, ""4"": 0.010934006229780592, ""5"": 0.029879142955850774}"
control,100,p0.20,nan,1.0,4,0.2,19.8,19.87,12,32,1987,508,1.5615544686453926,130,1.0307009993787033,0.02061401998757407,31.297637917035345,14.991415239610381,2.60481151996073,3.6415082815586968,8,"{""0"": 0.01517780309307131, ""1"": 0.029124242706489518, ""2"": 0.02013256574834205, ""3"": 0.019535700047410363, ""4"": 0.009498060049388857, ""5"": 0.030215748280742315}"
control,100,p0.20,nan,1.0,4,0.2,19.8,19.87,12,32,1987,508,1.5615544686453926,140,1.0283741572463798,0.0205674831449276,17.499858480118853,14.995592126936618,2.596520319010499,3.7000704445051964,8,"{""0"": 0.015057509812805566, ""1"": 0.029033836452462807, ""2"": 0.020102978407452142, ""3"": 0.01937022061234896, ""4"": 0.009704147466743168, ""5"": 0.030136206117752928}"
control,100,p0.20,nan,1.0,4,0.2,19.8,19.87,12,32,1987,508,1.5615544686453926,150,1.0047848101526338,0.020095696203052675,34.49347275969101,15.008039557321442,2.593564858463188,3.784707567814001,9,"{""0"": 0.01347056845910379, ""1"": 0.028423326327420784, ""2"": 0.021180602256958697, ""3"": 0.018437821887100275, ""4"": 0.009065165721043706, ""5"": 0.02999669256668881}"
control,100,p0.20,nan,1.0,4,0.2,19.8,19.87,12,32,1987,508,1.5615544686453926,160,1.0057600273059917,0.020115200546119837,28.12857788332649,15.045735854384704,2.602777067062922,3.8672402579298524,9,"{""0"": 0.01349252902463276, ""1"": 0.026799466699421036, ""2"": 0.021342216517653105, ""3"": 0.01919483232329149, ""4"": 0.008818671780008974, ""5"": 0.03104348693171166}"
control,100,p0.20,nan,1.0,4,0.2,19.8,19.87,12,32,1987,508,1.5615544686453926,170,0.9928106318657255,0.019856212637314512,40.51143877944223,15.057866868236731,2.5777303667055294,3.9690681376004577,9,"{""0"": 0.01345198146930327, ""1"": 0.026431313498830527, ""2"": 0.021606679084518878, ""3"": 0.018933762237550365, ""4"": 0.009137490161023335, ""5"": 0.0295760493726607}"
control,100,p0.20,nan,1.0,4,0.2,19.8,19.87,12,32,1987,508,1.5615544686453926,180,1.0032984352543541,0.020065968705087086,110.92925294479721,15.065078038632736,2.5541020905193874,3.8903955196196582,9,"{""0"": 0.014427263637409597, ""1"": 0.027388230553183596, ""2"": 0.021793361249412543, ""3"": 0.018240110606725986, ""4"": 0.009095517675798075, ""5"": 0.029451328507992713}"
control,100,p0.20,nan,1.0,4,0.2,19.8,19.87,12,32,1987,508,1.5615544686453926,190,1.0046096978456982,0.020092193956913966,24.612021987963647,15.00859224699744,2.5505154225423525,3.9367208913007183,9,"{""0"": 0.014477019510280955, ""1"": 0.027382263629855103, ""2"": 0.02149770666064048, ""3"": 0.018443701574041793, ""4"": 0.009311787929431815, ""5"": 0.029440684437233643}"
control,100,p0.20,nan,1.0,4,0.2,19.8,19.87,12,32,1987,508,1.5615544686453926,200,0.9942952167613874,0.01988590433522775,20.57087613081519,14.985207654514754,2.540504685637697,3.970694570925054,9,"{""0"": 0.014574895650416456, ""1"": 0.027503166942485235, ""2"": 0.02094603419663537, ""3"": 0.0180090560756148, ""4"": 0.009451263518294315, ""5"": 0.028831009627920328}"
control,100,p0.40,nan,1.0,4,0.4,39.6,39.49,28,51,3949,508,1.510617652395727,0,1.0123181309299756,0.020246362618599516,nan,0.0,1.510617652395727,3.735327673074764,8,"{""0"": 0.02009089010667981, ""1"": 0.020455131739952725, ""2"": 0.02074102738276889, ""3"": 0.017638115388060337, ""4"": 0.021264156260596637, ""5"": 0.02128885483353869}"
control,100,p0.40,nan,1.0,4,0.4,39.6,39.49,28,51,3949,508,1.510617652395727,10,1.380600752147256,0.027612015042945127,33.943804441098216,14.862566781355284,2.758437847165788,1.3542239688802016,3,"{""0"": 0.04071680298067167, ""1"": 0.015936687118577566, ""2"": 0.027862393357108328, ""3"": 0.044007151064062146, ""4"": 0.015588750634459057, ""5"": 0.02156030510279202}"
control,100,p0.40,nan,1.0,4,0.4,39.6,39.49,28,51,3949,508,1.510617652395727,20,1.384196788998732,0.027683935779974644,10.46280100588297,15.135408721509672,2.4852475252993766,1.6964625121229426,4,"{""0"": 0.036455689529074894, ""1"": 0.01379874438240127, ""2"": 0.03648347240494243, ""3"": 0.03700955685880976, ""4"": 0.02794042978681377, ""5"": 0.014415721717805738}"
control,100,p0.40,nan,1.0,4,0.4,39.6,39.49,28,51,3949,508,1.510617652395727,30,0.8965225118068123,0.017930450236136247,54.34803591610771,14.149951180150095,2.291107065229357,3.260684347995088,7,"{""0"": 0.026658617586463373, ""1"": 0.007314505135925274, ""2"": 0.021877314222813065, ""3"": 0.018465442686573193, ""4"": 0.021617403613020482, ""5"": 0.01164941817202211}"
control,100,p0.40,nan,1.0,4,0.4,39.6,39.49,28,51,3949,508,1.510617652395727,40,0.9507931460341432,0.019015862920682868,64.47806671184053,14.609468514870548,2.3062584726749864,3.259192760994771,8,"{""0"": 0.031474911779352854, ""1"": 0.008530212076144333, ""2"": 0.02440465994148952, ""3"": 0.01631267317254071, ""4"": 0.021073511802965947, ""5"": 0.012299208751603823}"
control,100,p0.40,nan,1.0,4,0.4,39.6,39.49,28,51,3949,508,1.510617652395727,50,1.0035878241501657,0.020071756483003318,32.967918786856195,14.724500271333556,2.44815579471958,3.338236194880307,8,"{""0"": 0.025959343211718694, ""1"": 0.013283162407176813, ""2"": 0.02533382136194128, ""3"": 0.01824018536568283, ""4"": 0.024358706923427936, ""5"": 0.013255319628072328}"
control,100,p0.40,nan,1.0,4,0.4,39.6,39.49,28,51,3949,508,1.510617652395727,60,1.0615638733639359,0.02123127746727872,24.684678455106518,15.041081441499845,2.557926770502335,3.8075897701864654,9,"{""0"": 0.024366993795454858, ""1"": 0.018052673030058225, ""2"": 0.023716933031785136, ""3"": 0.01816566070189463, ""4"": 0.028331649628065364, ""5"": 0.014753754616414117}"
control,100,p0.40,nan,1.0,4,0.4,39.6,39.49,28,51,3949,508,1.510617652395727,70,1.0191742959990955,0.020383485919981913,83.30878147226318,15.116926102426053,2.5684156692756637,4.3613912334003,10,"{""0"": 0.02056388583096134, ""1"": 0.02227675728092971, ""2"": 0.02216770935314295, ""3"": 0.017037616391610663, ""4"": 0.02589598302762382, ""5"": 0.01435896363562299}"
control,100,p0.40,nan,1.0,4,0.4,39.6,39.49,28,51,3949,508,1.510617652395727,80,1.020663901184183,0.020413278023683663,16.812102952195065,15.247465038955847,2.574680150139068,4.105881654811242,10,"{""0"": 0.020520433868072813, ""1"": 0.02195235535459814, ""2"": 0.022037302829567174, ""3"": 0.01667421435143275, ""4"": 0.026492103289229445, ""5"": 0.014803258449201651}"
control,100,p0.40,nan,1.0,4,0.4,39.6,39.49,28,51,3949,508,1.510617652395727,90,1.0231689326540572,0.02046337865308115,56.797556496736604,15.052017060428819,2.5152511986647714,4.417374427984507,10,"{""0"": 0.022994902916376136, ""1"": 0.02186715885317164, ""2"": 0.021026189870024848, ""3"": 0.017431972530037827, ""4"": 0.026341731978016935, ""5"": 0.01311831577085949}"
control,100,p0.40,nan,1.0,4,0.4,39.6,39.49,28,51,3949,508,1.510617652395727,100,0.9707274563658497,0.019414549127316997,60.768468475067934,14.98081527164623,2.5175338580632864,4.423117861833927,10,"{""0"": 0.023272278556769728, ""1"": 0.02315241994477788, ""2"": 0.02014972135156404, ""3"": 0.018297946924962095, ""4"": 0.018345754131643226, ""5"": 0.013269173854185023}"
control,100,p0.40,nan,1.0,4,0.4,39.6,39.49,28,51,3949,508,1.510617652395727,110,0.9949167056938834,0.01989833411387767,24.997869174879188,15.022462702843722,2.535775805925329,4.370207356373938,10,"{""0"": 0.021447318783112564, ""1"": 0.02116294735641234, ""2"": 0.021437097987572516, ""3"": 0.01761009500802797, ""4"": 0.024609720257623806, ""5"": 0.013122825290516832}"
control,100,p0.40,nan,1.0,4,0.4,39.6,39.49,28,51,3949,508,1.510617652395727,120,0.9178847637162398,0.0183576952743248,54.17210712974421,15.130008460415477,2.572205316017577,4.447421802658132,10,"{""0"": 0.021008796201045087, ""1"": 0.022344420248844064, ""2"": 0.016700821535069153, ""3"": 0.01717196871645508, ""4"": 0.01977698550557018, ""5"": 0.01314317943896523}"
control,100,p0.40,nan,1.0,4,0.4,39.6,39.49,28,51,3949,508,1.510617652395727,130,0.8595968353274669,0.01719193670654934,94.58380365195755,15.129873471070717,2.5962398452565827,4.453005578111268,11,"{""0"": 0.020401156251912186, ""1"": 0.02214442856584155, ""2"": 0.014432739576315171, ""3"": 0.01652010023225469, ""4"": 0.01659694964890499, ""5"": 0.013056245964067459}"
control,100,p0.40,nan,1.0,4,0.4,39.6,39.49,28,51,3949,508,1.510617652395727,140,0.8666486110807032,0.017332972221614066,42.522999534155545,15.231559569878847,2.61462233713434,4.468375494197346,11,"{""0"": 0.019940555211143247, ""1"": 0.023608802126113024, ""2"": 0.014443779640183816, ""3"": 0.015984781794702634, ""4"": 0.01638807245296974, ""5"": 0.013631842104571943}"
control,100,p0.40,nan,1.0,4,0.4,39.6,39.49,28,51,3949,508,1.510617652395727,150,0.8857847185530799,0.017715694371061602,69.79855441483623,15.26090886171984,2.613418391387052,4.466510301729337,11,"{""0"": 0.019456836335973414, ""1"": 0.02441591004180736, ""2"": 0.017383690223627707, ""3"": 0.01435789807829031, ""4"": 0.016417609285604633, ""5"": 0.014262222261066184}"
control,100,p0.40,nan,1.0,4,0.4,39.6,39.49,28,51,3949,508,1.510617652395727,160,0.8433503649704917,0.016867007299409837,21.07770941507042,15.35053347813368,2.6399825335391816,4.8472408055525005,11,"{""0"": 0.019870987147268905, ""1"": 0.024909825535198597, ""2"": 0.013238924578665925, ""3"": 0.014092263140909726, ""4"": 0.0147457707250078, ""5"": 0.014344272669408053}"
control,100,p0.40,nan,1.0,4,0.4,39.6,39.49,28,51,3949,508,1.510617652395727,170,0.8342777897561281,0.016685555795122563,26.60497018837598,15.378609941126497,2.631453255976391,4.72944124672536,11,"{""0"": 0.020075137832659178, ""1"": 0.024232023072833342, ""2"": 0.013549648281562054, ""3"": 0.014268461349516575, ""4"": 0.014217488673899464, ""5"": 0.013770575560264762}"
control,100,p0.40,nan,1.0,4,0.4,39.6,39.49,28,51,3949,508,1.510617652395727,180,0.8352901646730466,0.016705803293460934,80.62004096901332,15.428441080684069,2.6422795457461827,4.555391898050705,10,"{""0"": 0.019154707647781856, ""1"": 0.02498204168128761, ""2"": 0.013598088501654126, ""3"": 0.014573491312838045, ""4"": 0.014253643353475393, ""5"": 0.013672847263728588}"
control,100,p0.40,nan,1.0,4,0.4,39.6,39.49,28,51,3949,508,1.510617652395727,190,0.821766010714076,0.016435320214281523,14.86509073924875,15.50891516430035,2.650776406378168,4.3892764975068745,10,"{""0"": 0.019110439676051517, ""1"": 0.02541806313826635, ""2"": 0.013192199420764236, ""3"": 0.013910903673066003, ""4"": 0.013421859899306696, ""5"": 0.01355845547823432}"
control,100,p0.40,nan,1.0,4,0.4,39.6,39.49,28,51,3949,508,1.510617652395727,200,0.8187129070277208,0.016374258140554418,32.474350792833754,15.519576755226002,2.6412285167291096,4.547285536545498,11,"{""0"": 0.01891539631593498, ""1"": 0.02556269667945859, ""2"": 0.013227970811767076, ""3"": 0.013622002467057337, ""4"": 0.013103793080063587, ""5"": 0.013813689489044939}"
control,100,p0.05,nan,1.0,5,0.05,4.95,5.17,0,12,517,517,1.7760532405886338,0,0.9977358468145917,0.019954716936291837,nan,0.0,1.7760532405886338,1.8500358584235943,4,"{""0"": 0.020459278461679387, ""1"": 0.016556611234559447, ""2"": 0.02226575592816351, ""3"": 0.021391922009060683, ""4"": 0.022112227677285035, ""5"": 0.016942506307002978}"
control,100,p0.05,nan,1.0,5,0.05,4.95,5.17,0,12,517,517,1.7760532405886338,10,1.2270156518833282,0.024540313037666565,52.10468460036907,11.861365087334136,2.305218951857718,1.5195104445513608,3,"{""0"": 0.03337425065788367, ""1"": 0.03046258331736314, ""2"": 0.015098718134925453, ""3"": 0.012997106517421277, ""4"": 0.028046814873424603, ""5"": 0.027262404724981232}"
control,100,p0.05,nan,1.0,5,0.05,4.95,5.17,0,12,517,517,1.7760532405886338,20,1.1610821112735332,0.023221642225470667,10.596569142124368,11.78710677027954,2.131260614327622,1.7047659207340136,4,"{""0"": 0.035752538624516314, ""1"": 0.029020296498391558, ""2"": 0.013588045323849541, ""3"": 0.01962288486169303, ""4"": 0.021062548071111173, ""5"": 0.020283539973262408}"
control,100,p0.05,nan,1.0,5,0.05,4.95,5.17,0,12,517,517,1.7760532405886338,30,1.0923026007780532,0.021846052015561068,50.40623109441661,12.76598026565762,2.0927447728555,1.717174168248662,5,"{""0"": 0.030557341332368454, ""1"": 0.027937635442844517, ""2"": 0.02336392483889001, ""3"": 0.01732904507076938, ""4"": 0.01966521526343355, ""5"": 0.012223150145060495}"
control,100,p0.05,nan,1.0,5,0.05,4.95,5.17,0,12,517,517,1.7760532405886338,40,1.0728925968326364,0.02145785193665273,39.67407235954721,13.422161850038227,2.0607088009401,1.8517513636629992,5,"{""0"": 0.031045479373033445, ""1"": 0.024582927267728087, ""2"": 0.023900108936050175, ""3"": 0.01688179369504423, ""4"": 0.018947123983350907, ""5"": 0.013389678364709537}"
control,100,p0.05,nan,1.0,5,0.05,4.95,5.17,0,12,517,517,1.7760532405886338,50,1.0080078901770086,0.020160157803540177,14.805041504395865,13.554577382571633,2.084693647390544,2.2968765360252417,6,"{""0"": 0.024115167102520187, ""1"": 0.028150788836753197, ""2"": 0.023668496758466762, ""3"": 0.01708823794059882, ""4"": 0.017797502359593566, ""5"": 0.01014075382330852}"
control,100,p0.05,nan,1.0,5,0.05,4.95,5.17,0,12,517,517,1.7760532405886338,60,0.9350303562719963,0.018700607125439927,62.24758849551087,13.726201502709905,1.9603139860322987,3.0086249543140644,6,"{""0"": 0.018473386015746163, ""1"": 0.0264142925516322, ""2"": 0.023588561962510277, ""3"": 0.017756243273711923, ""4"": 0.015769814883001738, ""5"": 0.010201344066037255}"
control,100,p0.05,nan,1.0,5,0.05,4.95,5.17,0,12,517,517,1.7760532405886338,70,0.9260585525211269,0.01852117105042254,19.27636561294993,14.091830214658962,1.9750934210180824,3.053124308537821,6,"{""0"": 0.017503514851663442, ""1"": 0.033506208682271346, ""2"": 0.02277362729200741, ""3"": 0.01862999911052695, ""4"": 0.010945072629111076, ""5"": 0.007768603736955022}"
control,100,p0.05,nan,1.0,5,0.05,4.95,5.17,0,12,517,517,1.7760532405886338,80,0.9476881805005097,0.018953763610010197,17.949560146800145,14.32875110980129,1.981255188585554,3.1508724556138588,7,"{""0"": 0.0180489780024889, ""1"": 0.02680878295556053, ""2"": 0.02552234070104308, ""3"": 0.01811945440667044, ""4"": 0.016870249230994002, ""5"": 0.008352776363304226}"
control,100,p0.05,nan,1.0,5,0.05,4.95,5.17,0,12,517,517,1.7760532405886338,90,0.9153259293162405,0.018306518586324812,75.25997997313269,14.53920407196552,1.9594414572203678,3.29413391289216,7,"{""0"": 0.013260492747697339, ""1"": 0.03049036477438616, ""2"": 0.02463195255088398, ""3"": 0.01826522465496928, ""4"": 0.015000781145581116, ""5"": 0.008190295644430997}"
control,100,p0.05,nan,1.0,5,0.05,4.95,5.17,0,12,517,517,1.7760532405886338,100,0.886416317548012,0.017728326350960243,13.080238981284799,14.792977067028158,1.9586768004210078,3.3871537666177347,7,"{""0"": 0.013736905408385392, ""1"": 0.032740257085263715, ""2"": 0.02129971975279003, ""3"": 0.017231109390746725, ""4"": 0.012755546905450147, ""5"": 0.008606419563125436}"
control,100,p0.05,nan,1.0,5,0.05,4.95,5.17,0,12,517,517,1.7760532405886338,110,0.8873434184325039,0.017746868368650078,58.81403591677559,15.141742255097089,1.99060396324485,3.156818672161424,7,"{""0"": 0.01244903934768144, ""1"": 0.030188970970872225, ""2"": 0.024379787520612324, ""3"": 0.017812459282674643, ""4"": 0.012582728538487364, ""5"": 0.009068224551572487}"
control,100,p0.05,nan,1.0,5,0.05,4.95,5.17,0,12,517,517,1.7760532405886338,120,0.8809325362104544,0.01761865072420909,22.75609940421838,15.26040581691433,1.9995999270210285,2.889282271494124,6,"{""0"": 0.011449335562899045, ""1"": 0.029933747563677088, ""2"": 0.024957245186821325, ""3"": 0.017552515393503325, ""4"": 0.012014400105975409, ""5"": 0.009804660532378362}"
control,100,p0.05,nan,1.0,5,0.05,4.95,5.17,0,12,517,517,1.7760532405886338,130,0.8772241534240981,0.017544483068481963,27.84753171761194,15.524142316879324,2.0069904130903815,2.819111886299393,6,"{""0"": 0.01117623390844706, ""1"": 0.029353719275161748, ""2"": 0.025431467454088634, ""3"": 0.017829579464794458, ""4"": 0.011872311448685452, ""5"": 0.009603586859714438}"
control,100,p0.05,nan,1.0,5,0.05,4.95,5.17,0,12,517,517,1.7760532405886338,140,0.8786889616028737,0.017573779232057475,45.44603220311315,15.832491457725968,2.0122737325662756,2.9318189476830296,7,"{""0"": 0.01160022487754305, ""1"": 0.03040497332408878, ""2"": 0.025287763728437957, ""3"": 0.01774036904125515, ""4"": 0.011455124384519096, ""5"": 0.008954220036500824}"
control,100,p0.05,nan,1.0,5,0.05,4.95,5.17,0,12,517,517,1.7760532405886338,150,0.8657203068334501,0.017314406136669003,20.971672864402535,15.978041076224695,2.01831420120354,2.9592720679695548,7,"{""0"": 0.011900566710469419, ""1"": 0.030225907130951968, ""2"": 0.02557268757865294, ""3"": 0.017795703425318825, ""4"": 0.011184619615192796, ""5"": 0.007206952359428068}"
control,100,p0.05,nan,1.0,5,0.05,4.95,5.17,0,12,517,517,1.7760532405886338,160,0.8676823676171432,0.017353647352342867,18.586493395247984,16.125494287925836,2.006751147532004,2.952189015352994,7,"{""0"": 0.011878633749792354, ""1"": 0.03080000643778691, ""2"": 0.025308854165843487, ""3"": 0.017751234357670835, ""4"": 0.011281595274476757, ""5"": 0.007101560128486865}"
control,100,p0.05,nan,1.0,5,0.05,4.95,5.17,0,12,517,517,1.7760532405886338,170,0.8538892148614032,0.017077784297228067,43.837281216777114,16.2903048382892,1.9919405033982092,3.0335071489742322,7,"{""0"": 0.011976139467275021, ""1"": 0.0291572099397047, ""2"": 0.02454785360421213, ""3"": 0.017829692118553904, ""4"": 0.011612620911296685, ""5"": 0.00734318974232597}"
control,100,p0.05,nan,1.0,5,0.05,4.95,5.17,0,12,517,517,1.7760532405886338,180,0.8543979234582209,0.01708795846916442,20.955374054451624,16.45032412501292,2.0040569853112156,3.0616096154051164,6,"{""0"": 0.011945971040546208, ""1"": 0.02799848697153872, ""2"": 0.02429143732838266, ""3"": 0.017658072260012408, ""4"": 0.01202054326280703, ""5"": 0.008613239951699493}"
control,100,p0.05,nan,1.0,5,0.05,4.95,5.17,0,12,517,517,1.7760532405886338,190,0.8502638971298665,0.017005277942597333,27.6085546742185,16.595150594426787,2.0036217457371213,3.052753784535729,7,"{""0"": 0.011999982135209997, ""1"": 0.026559934325995228, ""2"": 0.023652015565014575, ""3"": 0.01746833034448076, ""4"": 0.014112791890583806, ""5"": 0.00823861339429962}"
control,100,p0.05,nan,1.0,5,0.05,4.95,5.17,0,12,517,517,1.7760532405886338,200,0.8444537858805042,0.01688907571761009,14.090675893612346,16.845494099381256,1.9955288042039458,3.043932664267258,7,"{""0"": 0.012371601561626071, ""1"": 0.027256378837370955, ""2"": 0.023680821690110383, ""3"": 0.017495521994757866, ""4"": 0.012886509272863297, ""5"": 0.00764362094893196}"
control,100,p0.10,nan,1.0,5,0.1,9.9,10.22,4,18,1022,517,1.6707657699957161,0,1.0132077206277548,0.0202641544125551,nan,0.0,1.6707657699957161,2.7947021834754984,7,"{""0"": 0.02017222148480045, ""1"": 0.02686887268523918, ""2"": 0.01928739272136843, ""3"": 0.01623608235300152, ""4"": 0.01629322218071142, ""5"": 0.022727135050209603}"
control,100,p0.10,nan,1.0,5,0.1,9.9,10.22,4,18,1022,517,1.6707657699957161,10,0.9710600727630775,0.019421201455261553,44.528320166326324,12.19970202871052,2.0065876854108122,3.5568620529668817,8,"{""0"": 0.012430517066893586, ""1"": 0.030506183657970178, ""2"": 0.02191577833456219, ""3"": 0.016574944300230376, ""4"": 0.020229785500357755, ""5"": 0.014869999871555226}"
control,100,p0.10,nan,1.0,5,0.1,9.9,10.22,4,18,1022,517,1.6707657699957161,20,1.1260575857122566,0.02252115171424513,24.659079546773263,12.534419279602659,2.036734923510047,4.034793470956572,8,"{""0"": 0.01321457669804404, ""1"": 0.030673205623680828, ""2"": 0.02142291235378981, ""3"": 0.028425658167887825, ""4"": 0.02034383519945943, ""5"": 0.021046722242608864}"
control,100,p0.10,nan,1.0,5,0.1,9.9,10.22,4,18,1022,517,1.6707657699957161,30,1.0836089795180288,0.021672179590360576,54.020139247740154,12.242929116511226,2.0499217433700374,4.387359710849353,9,"{""0"": 0.018806013761795737, ""1"": 0.021601647200271464, ""2"": 0.024305020611530333, ""3"": 0.026949736825837782, ""4"": 0.02234773661856281, ""5"": 0.016022922524165338}"
control,100,p0.10,nan,1.0,5,0.1,9.9,10.22,4,18,1022,517,1.6707657699957161,40,1.081017001896847,0.021620340037936944,14.94760336813004,12.101142385069021,2.0459696295613603,4.347832966921987,8,"{""0"": 0.0175355007360943, ""1"": 0.0210580188637478, ""2"": 0.026804010731990992, ""3"": 0.025777974152765015, ""4"": 0.021566455831079884, ""5"": 0.01698007991194367}"
control,100,p0.10,nan,1.0,5,0.1,9.9,10.22,4,18,1022,517,1.6707657699957161,50,1.0650518763401688,0.02130103752680338,47.48971758320388,12.365111705077865,2.0845616856840343,3.696867404390347,8,"{""0"": 0.019791278943242268, ""1"": 0.021814583150178646, ""2"": 0.027579238486318224, ""3"": 0.02060765104601406, ""4"": 0.021626877647057268, ""5"": 0.016386595888009822}"
control,100,p0.10,nan,1.0,5,0.1,9.9,10.22,4,18,1022,517,1.6707657699957161,60,1.0434982605385417,0.020869965210770836,51.86466890461833,12.535407387838028,2.076752633425968,3.7544553930090685,8,"{""0"": 0.020338852387542745, ""1"": 0.02153251563256093, ""2"": 0.0244010204812588, ""3"": 0.019458734752774914, ""4"": 0.023194276714812008, ""5"": 0.01629439129567563}"
control,100,p0.10,nan,1.0,5,0.1,9.9,10.22,4,18,1022,517,1.6707657699957161,70,1.0532535303296233,0.02106507060659247,40.69848448628692,12.783942623489114,2.047430116056612,3.7711370122789902,8,"{""0"": 0.020495959931714967, ""1"": 0.022035132147251432, ""2"": 0.024998266784083276, ""3"": 0.01989458119187727, ""4"": 0.02198060165309096, ""5"": 0.01698588193153692}"
control,100,p0.10,nan,1.0,5,0.1,9.9,10.22,4,18,1022,517,1.6707657699957161,80,1.0754859959881948,0.0215097199197639,27.16318436990239,12.650837567251141,2.0330960787882475,3.8524429918232896,8,"{""0"": 0.01859232966107063, ""1"": 0.021717379015727657, ""2"": 0.02757165268741087, ""3"": 0.02197868267929751, ""4"": 0.021875743126274615, ""5"": 0.01732253234880211}"
control,100,p0.10,nan,1.0,5,0.1,9.9,10.22,4,18,1022,517,1.6707657699957161,90,1.0331434182616719,0.02066286836523344,77.9316607568082,12.829328707845423,2.025845407988938,3.826604411761859,8,"{""0"": 0.019216343507767363, ""1"": 0.022108659445638126, ""2"": 0.021616322462456584, ""3"": 0.02356520859516218, ""4"": 0.021592541387631135, ""5"": 0.01587813479274524}"
control,100,p0.10,nan,1.0,5,0.1,9.9,10.22,4,18,1022,517,1.6707657699957161,100,1.0167728820778044,0.02033545764155609,78.44345463612359,12.87335773748829,2.0410719854468846,3.4672435961755785,8,"{""0"": 0.020368078942153537, ""1"": 0.021983695928461094, ""2"": 0.019879964507925056, ""3"": 0.022326534143461113, ""4"": 0.021922416559265908, ""5"": 0.015532055768069838}"
control,100,p0.10,nan,1.0,5,0.1,9.9,10.22,4,18,1022,517,1.6707657699957161,110,1.0517745667567444,0.02103549133513489,51.20038168696992,13.01360293257531,2.077270156937057,3.2119517154640023,8,"{""0"": 0.020359503337142888, ""1"": 0.022239861045730586, ""2"": 0.021010209146384067, ""3"": 0.025415810978830083, ""4"": 0.02149017999435231, ""5"": 0.01569738350836943}"
control,100,p0.10,nan,1.0,5,0.1,9.9,10.22,4,18,1022,517,1.6707657699957161,120,1.0411456998385331,0.020822913996770668,17.62739988220703,13.218738589160962,2.0720900421873383,3.442272002188663,9,"{""0"": 0.019281481239348777, ""1"": 0.023079539632883294, ""2"": 0.021538913542196857, ""3"": 0.025311001075593042, ""4"": 0.020688989751301616, ""5"": 0.01503755873930043}"
control,100,p0.10,nan,1.0,5,0.1,9.9,10.22,4,18,1022,517,1.6707657699957161,130,1.078405949344076,0.021568118986881525,60.92643293746591,13.306693236480793,2.090670198917,3.3286668684218292,9,"{""0"": 0.019033226292725865, ""1"": 0.02368265577161647, ""2"": 0.02138110412147142, ""3"": 0.026863751027723332, ""4"": 0.020565005689630458, ""5"": 0.017882971018121606}"
control,100,p0.10,nan,1.0,5,0.1,9.9,10.22,4,18,1022,517,1.6707657699957161,140,1.0857910944118636,0.021715821888237275,20.965702029912283,13.40538552238219,2.078023382990775,3.350930738628339,9,"{""0"": 0.01891082559747272, ""1"": 0.02408827560727392, ""2"": 0.021240254385772532, ""3"": 0.027553496067511764, ""4"": 0.02045141303729276, ""5"": 0.018050666634099953}"
control,100,p0.10,nan,1.0,5,0.1,9.9,10.22,4,18,1022,517,1.6707657699957161,150,1.079134165556083,0.021582683311121665,22.12825076563988,13.414459884099765,2.0891952412414163,3.3229518485311846,9,"{""0"": 0.019362848746011845, ""1"": 0.023895700657315173, ""2"": 0.020942610601239486, ""3"": 0.026983766986625544, ""4"": 0.020343976197464125, ""5"": 0.017967196678073828}"
control,100,p0.10,nan,1.0,5,0.1,9.9,10.22,4,18,1022,517,1.6707657699957161,160,1.0718463673389784,0.021436927346779572,18.343831660083943,13.521790890973023,2.0866465657321243,3.433284309509786,9,"{""0"": 0.02123548017626846, ""1"": 0.024306145122973324, ""2"": 0.019145422068097835, ""3"": 0.026929618515015387, ""4"": 0.019696985501360877, ""5"": 0.017307912696961546}"
control,100,p0.10,nan,1.0,5,0.1,9.9,10.22,4,18,1022,517,1.6707657699957161,170,1.0691195895385557,0.021382391790771116,22.563970561268803,13.50408831863892,2.0830214813277275,3.352305381913091,9,"{""0"": 0.020208575318337627, ""1"": 0.023399522250463912, ""2"": 0.02181568499659865, ""3"": 0.027565957507307504, ""4"": 0.018615435106210533, ""5"": 0.01668917556570846}"
control,100,p0.10,nan,1.0,5,0.1,9.9,10.22,4,18,1022,517,1.6707657699957161,180,1.0735467729417978,0.02147093545883596,20.785856578168072,13.489754770027893,2.090642611494268,3.4029025574244818,9,"{""0"": 0.020213533641566594, ""1"": 0.024230364801436678, ""2"": 0.02157525063774348, ""3"": 0.026962014197351024, ""4"": 0.01944808805855744, ""5"": 0.016396361416360545}"
control,100,p0.10,nan,1.0,5,0.1,9.9,10.22,4,18,1022,517,1.6707657699957161,190,1.0891519831596768,0.02178303966319354,56.13827739625719,13.578157136619014,2.095915921243029,3.311362944266306,9,"{""0"": 0.022361877629350036, ""1"": 0.024129883135965167, ""2"": 0.02066442380742813, ""3"": 0.025867106086138875, ""4"": 0.019897874636182526, ""5"": 0.017777072684096493}"
control,100,p0.10,nan,1.0,5,0.1,9.9,10.22,4,18,1022,517,1.6707657699957161,200,1.0760803973125481,0.021521607946250965,32.470533340049755,13.623590562465683,2.1027577094087326,3.5831575176574253,9,"{""0"": 0.020892991285710014, ""1"": 0.023951693606844265, ""2"": 0.02075738910677572, ""3"": 0.02541484960665994, ""4"": 0.018925444339867047, ""5"": 0.019187279731648806}"
control,100,p0.20,nan,1.0,5,0.2,19.8,20.07,11,33,2007,517,1.6361580654981178,0,1.0336114698149323,0.02067222939629865,nan,0.0,1.6361580654981178,4.306552699772478,8,"{""0"": 0.020280923296192983, ""1"": 0.024881037113638045, ""2"": 0.01979273785166679, ""3"": 0.019804512076323732, ""4"": 0.017228625916554028, ""5"": 0.022045540123416335}"
control,100,p0.20,nan,1.0,5,0.2,19.8,20.07,11,33,2007,517,1.6361580654981178,10,1.3048528871417848,0.0260970577428357,45.797020102122374,12.794223876277908,2.386233331019239,1.6234688327396574,4,"{""0"": 0.030248840564677366, ""1"": 0.024506394499397066, ""2"": 0.024784529301899505, ""3"": 0.035000312186510216, ""4"": 0.02035411520360923, ""5"": 0.021688154700920805}"
control,100,p0.20,nan,1.0,5,0.2,19.8,20.07,11,33,2007,517,1.6361580654981178,20,0.876130258795263,0.017522605175905263,39.34355202604261,13.643048947819342,2.3198171019397256,2.2650673740001257,6,"{""0"": 0.022447238084277177, ""1"": 0.02835189935178837, ""2"": 0.010024713017881659, ""3"": 0.02036613020802306, ""4"": 0.016470325126147857, ""5"": 0.00747532526731345}"
control,100,p0.20,nan,1.0,5,0.2,19.8,20.07,11,33,2007,517,1.6361580654981178,30,0.8516413078425249,0.0170328261568505,23.085141538872495,14.329663054503252,2.42879374549036,2.382805468022472,7,"{""0"": 0.02150645049483201, ""1"": 0.02592273559595107, ""2"": 0.01450946897127497, ""3"": 0.019625091549532764, ""4"": 0.01473155166418148, ""5"": 0.005901658665330716}"
control,100,p0.20,nan,1.0,5,0.2,19.8,20.07,11,33,2007,517,1.6361580654981178,40,0.8905954801288144,0.017811909602576288,30.087784541775534,14.776423430487922,2.443745972387573,2.6337151276600057,8,"{""0"": 0.02279826477895496, ""1"": 0.022548341496093874, ""2"": 0.017922589843595186, ""3"": 0.01228004476388727, ""4"": 0.017182287451015223, ""5"": 0.014139929281911226}"
control,100,p0.20,nan,1.0,5,0.2,19.8,20.07,11,33,2007,517,1.6361580654981178,50,0.8985161318336322,0.017970322636672646,13.75521217893863,15.125144238565317,2.374205193690171,2.902116888773123,8,"{""0"": 0.024392615370662802, ""1"": 0.0246796333312325, ""2"": 0.0174185454094365, ""3"": 0.007778551438245648, ""4"": 0.017856458979816116, ""5"": 0.01569613129064232}"
control,100,p0.20,nan,1.0,5,0.2,19.8,20.07,11,33,2007,517,1.6361580654981178,60,0.8320126422454136,0.016640252844908273,73.96772186552573,15.001575605286485,2.3815109920214224,3.1918144663444417,9,"{""0"": 0.021791387234446145, ""1"": 0.02154398672634985, ""2"": 0.018938507075702937, ""3"": 0.007341455670716643, ""4"": 0.016614326594741553, ""5"": 0.013611853767492516}"
control,100,p0.20,nan,1.0,5,0.2,19.8,20.07,11,33,2007,517,1.6361580654981178,70,0.8233674008816322,0.016467348017632645,15.159779531414841,15.052520423685477,2.4043173070305954,3.2923817047664197,9,"{""0"": 0.02112902740834078, ""1"": 0.022826327508679013, ""2"": 0.01923141685425305, ""3"": 0.0071543076085261986, ""4"": 0.014620552909659518, ""5"": 0.013842455816337315}"
control,100,p0.20,nan,1.0,5,0.2,19.8,20.07,11,33,2007,517,1.6361580654981178,80,0.764961800771563,0.015299236015431261,18.49881978846031,15.155959335228415,2.424513344580201,3.2371767454500837,9,"{""0"": 0.021437336289847474, ""1"": 0.022334810895978954, ""2"": 0.019190923178367146, ""3"": 0.007474677573306841, ""4"": 0.015069083676226442, ""5"": 0.006288584478860712}"
control,100,p0.20,nan,1.0,5,0.2,19.8,20.07,11,33,2007,517,1.6361580654981178,90,0.75966969834148,0.015193393966829602,17.502059145736318,15.190904046424116,2.4436301643364504,3.008851171570386,8,"{""0"": 0.020839246610253364, ""1"": 0.022999022409932846, ""2"": 0.018900971064721224, ""3"": 0.0075401922298726455, ""4"": 0.01355300764936263, ""5"": 0.007327923836834907}"
control,100,p0.20,nan,1.0,5,0.2,19.8,20.07,11,33,2007,517,1.6361580654981178,100,0.783707593944895,0.015674151878897903,8.377901518664284,15.326881788479875,2.4524663058473193,2.923432135993636,8,"{""0"": 0.021228002712042178, ""1"": 0.022906085681389153, ""2"": 0.01875339944386603, ""3"": 0.010417310191459127, ""4"": 0.013708959229308999, ""5"": 0.007031154015321934}"
control,100,p0.20,nan,1.0,5,0.2,19.8,20.07,11,33,2007,517,1.6361580654981178,110,0.793979858147772,0.015879597162955443,27.405421239389675,15.453487638870023,2.465046524018728,2.9643023611832806,8,"{""0"": 0.02048484408967293, ""1"": 0.02348779065286849, ""2"": 0.018797493294643138, ""3"": 0.011920817384680355, ""4"": 0.01297432248552274, ""5"": 0.0076123150703450064}"
control,100,p0.20,nan,1.0,5,0.2,19.8,20.07,11,33,2007,517,1.6361580654981178,120,0.7924106336161513,0.015848212672323028,14.75124810159763,15.528846986888068,2.4790338066063815,2.9996756852432194,8,"{""0"": 0.01998691393984024, ""1"": 0.02251979399629004, ""2"": 0.018759836763183498, ""3"": 0.012696995838298494, ""4"": 0.013205747156656395, ""5"": 0.007919988339669518}"
control,100,p0.20,nan,1.0,5,0.2,19.8,20.07,11,33,2007,517,1.6361580654981178,130,0.7653819852475124,0.015307639704950252,13.192624662228692,15.681407465066194,2.5047082144792334,3.0855409746280684,8,"{""0"": 0.019815380273952143, ""1"": 0.020154086144404223, ""2"": 0.01866799034076294, ""3"": 0.013407172252322654, ""4"": 0.011939484495469159, ""5"": 0.007861724722790401}"
control,100,p0.20,nan,1.0,5,0.2,19.8,20.07,11,33,2007,517,1.6361580654981178,140,0.7739902100785183,0.015479804201570368,17.882662111208095,15.84034238242654,2.5235216050403264,3.4949951263988774,9,"{""0"": 0.019889616735783155, ""1"": 0.021664293391489113, ""2"": 0.018545646722694587, ""3"": 0.013557503895102699, ""4"": 0.011003730597107575, ""5"": 0.008218033867245083}"
control,100,p0.20,nan,1.0,5,0.2,19.8,20.07,11,33,2007,517,1.6361580654981178,150,0.8087945748004942,0.016175891496009887,58.78677119014514,15.96983932173969,2.5376342513867725,3.8676757081498883,10,"{""0"": 0.019749946006982155, ""1"": 0.02324553667231353, ""2"": 0.01765013651075075, ""3"": 0.015084869889163141, ""4"": 0.012495852876749853, ""5"": 0.008829007020099883}"
control,100,p0.20,nan,1.0,5,0.2,19.8,20.07,11,33,2007,517,1.6361580654981178,160,0.7750057990501011,0.015500115981002024,11.922777292114906,16.076409704405126,2.5663300392184243,3.5952044565821466,9,"{""0"": 0.01992331776940781, ""1"": 0.022700944520279945, ""2"": 0.017017503217205406, ""3"": 0.014098704605354317, ""4"": 0.010783504987046383, ""5"": 0.008476720786718286}"
control,100,p0.20,nan,1.0,5,0.2,19.8,20.07,11,33,2007,517,1.6361580654981178,170,0.7590598708359924,0.015181197416719848,25.546870518128312,16.12240418311971,2.5707085531811056,3.462016645675546,9,"{""0"": 0.019911566642241925, ""1"": 0.0235034957515624, ""2"": 0.01720364900550177, ""3"": 0.012786487708016867, ""4"": 0.009446638568540546, ""5"": 0.008235346824455585}"
control,100,p0.20,nan,1.0,5,0.2,19.8,20.07,11,33,2007,517,1.6361580654981178,180,0.7355420532646603,0.014710841065293207,15.705177317793522,16.23926359279133,2.596231148630474,3.2994677679465214,9,"{""0"": 0.01981038781128153, ""1"": 0.02106682809270262, ""2"": 0.01725627413505853, ""3"": 0.01290857737243282, ""4"": 0.008927089157677074, ""5"": 0.008295889822606681}"
control,100,p0.20,nan,1.0,5,0.2,19.8,20.07,11,33,2007,517,1.6361580654981178,190,0.7350642213540591,0.014701284427081183,11.047076944046854,16.29569258104398,2.607498820197207,3.1946851100014992,9,"{""0"": 0.019901106733533486, ""1"": 0.02043285160377934, ""2"": 0.0176313643492445, ""3"": 0.013311318457465554, ""4"": 0.008965062043201686, ""5"": 0.00796600337526253}"
control,100,p0.20,nan,1.0,5,0.2,19.8,20.07,11,33,2007,517,1.6361580654981178,200,0.7231452094702587,0.014462904189405176,7.18962138276549,16.44663785805652,2.6291430545924053,3.232665048989935,9,"{""0"": 0.019855823230395864, ""1"": 0.019525573094245026, ""2"": 0.017627685168958483, ""3"": 0.013736828722682504, ""4"": 0.007940642110562635, ""5"": 0.008090872809586555}"
control,100,p0.40,nan,1.0,5,0.4,39.6,39.63,31,53,3963,517,1.6123657056276668,0,1.0824283734123534,0.02164856746824707,nan,0.0,1.6123657056276668,4.483081642555117,8,"{""0"": 0.025811804474529916, ""1"": 0.024490377558461562, ""2"": 0.019790451521522468, ""3"": 0.021918784658490724, ""4"": 0.015735765515568094, ""5"": 0.02214422108090966}"
control,100,p0.40,nan,1.0,5,0.4,39.6,39.63,31,53,3963,517,1.6123657056276668,10,1.018474770171719,0.02036949540343438,60.03709289108436,12.512406885277722,2.4108785270679185,1.2679773903469729,2,"{""0"": 0.013629126618212844, ""1"": 0.027213620888512695, ""2"": 0.024030650561530316, ""3"": 0.013593229053094355, ""4"": 0.02838556440842675, ""5"": 0.015364780890829322}"
control,100,p0.40,nan,1.0,5,0.4,39.6,39.63,31,53,3963,517,1.6123657056276668,20,0.8941530632142085,0.017883061264284173,12.259602976781633,13.166503889913837,2.2898842376237187,1.3529287026622483,3,"{""0"": 0.006039758124169141, ""1"": 0.02637765882622775, ""2"": 0.02239818813449915, ""3"": 0.006582122505395971, ""4"": 0.026014652639246284, ""5"": 0.019885987356166736}"
control,100,p0.40,nan,1.0,5,0.4,39.6,39.63,31,53,3963,517,1.6123657056276668,30,0.8315802834844211,0.016631605669688423,57.45498691156939,13.803806930430326,2.3461538330030844,1.3990096239279892,3,"{""0"": 0.005796444554090332, ""1"": 0.026220468898692294, ""2"": 0.022552909498536822, ""3"": 0.006376064505313866, ""4"": 0.023648541600648356, ""5"": 0.01519520496084888}"
control,100,p0.40,nan,1.0,5,0.4,39.6,39.63,31,53,3963,517,1.6123657056276668,40,0.7583838650344987,0.015167677300689977,100.67707422946718,14.202088181637558,2.294464044071606,1.684354178824131,5,"{""0"": 0.006801790656278113, ""1"": 0.02499527736105908, ""2"": 0.015818082449309958, ""3"": 0.007041760801043744, ""4"": 0.017863967931590095, ""5"": 0.01848518460485887}"
control,100,p0.40,nan,1.0,5,0.4,39.6,39.63,31,53,3963,517,1.6123657056276668,50,0.70380802785277,0.0140761605570554,16.538392522451524,14.43869274653593,2.2905265589930495,1.70567046960058,5,"{""0"": 0.007098674066061253, ""1"": 0.0243298034514239, ""2"": 0.013755283046255281, ""3"": 0.007337511373702872, ""4"": 0.017403177772548968, ""5"": 0.014532513632340144}"
control,100,p0.40,nan,1.0,5,0.4,39.6,39.63,31,53,3963,517,1.6123657056276668,60,0.6715583550322851,0.013431167100645704,61.237543073422444,14.746612960158213,2.333584025472759,1.8786731346494876,5,"{""0"": 0.008142014495253104, ""1"": 0.02338871251287545, ""2"": 0.014235620110402475, ""3"": 0.007922263362873397, ""4"": 0.014761041643065803, ""5"": 0.01213735047940399}"
control,100,p0.40,nan,1.0,5,0.4,39.6,39.63,31,53,3963,517,1.6123657056276668,70,0.6472279750943879,0.012944559501887758,18.17495604922113,15.11794968819337,2.4342920532863603,2.3570234429481784,5,"{""0"": 0.01575665179452312, ""1"": 0.01799654844013883, ""2"": 0.012987447001813795, ""3"": 0.007984340389345094, ""4"": 0.01133957768267115, ""5"": 0.01160279170283456}"
control,100,p0.40,nan,1.0,5,0.4,39.6,39.63,31,53,3963,517,1.6123657056276668,80,0.6960536963643533,0.01392107392728707,20.347044088561905,15.359005911924296,2.4601338615693993,2.7030129529676854,5,"{""0"": 0.0162669329197339, ""1"": 0.015413230039167636, ""2"": 0.019852853995853483, ""3"": 0.00946770794605447, ""4"": 0.010655202573328462, ""5"": 0.011870516089584475}"
control,100,p0.40,nan,1.0,5,0.4,39.6,39.63,31,53,3963,517,1.6123657056276668,90,0.6488300792109274,0.01297660158421855,67.92337205386238,15.383441639433274,2.4653325155765846,2.8510746341623125,6,"{""0"": 0.014393818909440814, ""1"": 0.013823464956718804, ""2"": 0.019478855546101174, ""3"": 0.008994265905268934, ""4"": 0.010704518759200171, ""5"": 0.010464685428581392}"
control,100,p0.40,nan,1.0,5,0.4,39.6,39.63,31,53,3963,517,1.6123657056276668,100,0.6683321733119134,0.01336664346623827,11.409817985080235,15.457976773798906,2.499522791631353,2.8173319116826194,5,"{""0"": 0.014915062674650408, ""1"": 0.01372464301042789, ""2"": 0.018886016168079545, ""3"": 0.008931474999498458, ""4"": 0.010408606463523021, ""5"": 0.013334057481250317}"
control,100,p0.40,nan,1.0,5,0.4,39.6,39.63,31,53,3963,517,1.6123657056276668,110,0.6200357875506405,0.012400715751012812,17.201337646444852,15.63387853964723,2.5202759836628346,3.058173270224661,6,"{""0"": 0.013109709245662288, ""1"": 0.013471270178628782, ""2"": 0.018935033457883117, ""3"": 0.008397538405089975, ""4"": 0.01059355405431989, ""5"": 0.009897189164492828}"
control,100,p0.40,nan,1.0,5,0.4,39.6,39.63,31,53,3963,517,1.6123657056276668,120,0.6556059302218291,0.013112118604436583,18.11684232851683,15.77427874581323,2.512880557085837,3.169256508491008,6,"{""0"": 0.015043523157671388, ""1"": 0.013086054520463927, ""2"": 0.018886856888528158, ""3"": 0.01076221567349435, ""4"": 0.010449884962956282, ""5"": 0.010444176423505386}"
control,100,p0.40,nan,1.0,5,0.4,39.6,39.63,31,53,3963,517,1.6123657056276668,130,0.6612464626445828,0.013224929252891657,16.915550307680114,15.916887930831301,2.518557442878024,3.134675964543805,5,"{""0"": 0.014888673222519605, ""1"": 0.012837103070961819, ""2"": 0.01906649946026807, ""3"": 0.01181724474841219, ""4"": 0.010217389592121127, ""5"": 0.010522665423067137}"
control,100,p0.40,nan,1.0,5,0.4,39.6,39.63,31,53,3963,517,1.6123657056276668,140,0.6616531346252958,0.013233062692505917,24.801167018142934,16.03242310181176,2.519767708802358,3.153459190170065,5,"{""0"": 0.015040179926476365, ""1"": 0.01220162235587877, ""2"": 0.018972712011552484, ""3"": 0.012684363880944932, ""4"": 0.010004425887233995, ""5"": 0.010495072092948973}"
control,100,p0.40,nan,1.0,5,0.4,39.6,39.63,31,53,3963,517,1.6123657056276668,150,0.6521120493979905,0.013042240987959811,66.99709699537223,16.042872109983534,2.512944457622015,3.200205611053554,6,"{""0"": 0.014490777673353872, ""1"": 0.012513090790704829, ""2"": 0.019025056003239796, ""3"": 0.01172263516369056, ""4"": 0.010030999136228055, ""5"": 0.010470887160541752}"
control,100,p0.40,nan,1.0,5,0.4,39.6,39.63,31,53,3963,517,1.6123657056276668,160,0.651716219780225,0.013034324395604502,20.397664893290205,16.141752953262102,2.511605931039536,3.229579573524967,6,"{""0"": 0.014607705917708533, ""1"": 0.01250602491101482, ""2"": 0.01894276365944301, ""3"": 0.011659353868871694, ""4"": 0.010097667378957965, ""5"": 0.010392430637630986}"
control,100,p0.40,nan,1.0,5,0.4,39.6,39.63,31,53,3963,517,1.6123657056276668,170,0.6769505344551252,0.013539010689102505,26.914728354470103,16.16062784801868,2.5000549034160056,3.2258756940181077,6,"{""0"": 0.014786846631286928, ""1"": 0.01334008962918786, ""2"": 0.018988762466829283, ""3"": 0.011819397246414173, ""4"": 0.01188206837141843, ""5"": 0.010416899789478356}"
control,100,p0.40,nan,1.0,5,0.4,39.6,39.63,31,53,3963,517,1.6123657056276668,180,0.6667994094193131,0.013335988188386265,17.55986230435661,16.200445229684643,2.4888669017330445,3.2362649104438352,6,"{""0"": 0.014503649102036434, ""1"": 0.013740511023008866, ""2"": 0.01890238950021701, ""3"": 0.010752459835387255, ""4"": 0.011841745639974604, ""5"": 0.010275174029693418}"
control,100,p0.40,nan,1.0,5,0.4,39.6,39.63,31,53,3963,517,1.6123657056276668,190,0.646925405853973,0.01293850811707946,10.615922232653713,16.269502978762162,2.4985697813783565,3.2021351625619645,6,"{""0"": 0.01358649055182797, ""1"": 0.013757914185124195, ""2"": 0.018983248614505253, ""3"": 0.009622997198571084, ""4"": 0.01155875390710387, ""5"": 0.010121644245344393}"
control,100,p0.40,nan,1.0,5,0.4,39.6,39.63,31,53,3963,517,1.6123657056276668,200,0.6226501319582826,0.012453002639165652,28.414079463643468,16.392123127645245,2.4976412306196374,3.143350090195032,6,"{""0"": 0.013038477157978226, ""1"": 0.014041974214723241, ""2"": 0.018814448108324514, ""3"": 0.008605507231384384, ""4"": 0.010296315692356348, ""5"": 0.0099212934302272}"
control,100,p0.05,nan,1.0,6,0.05,4.95,4.7,1,11,470,470,1.4460901630396392,0,1.0241162587222161,0.020482325174444326,nan,0.0,1.4460901630396392,3.3661587893801257,6,"{""0"": 0.02057127901252998, ""1"": 0.018589875166222392, ""2"": 0.02129125244052665, ""3"": 0.019692766045734174, ""4"": 0.020227980873637114, ""5"": 0.022520797508015642}"
control,100,p0.05,nan,1.0,6,0.05,4.95,4.7,1,11,470,470,1.4460901630396392,10,0.898529314863852,0.017970586297277043,81.08213148687165,12.400499872791903,1.970855194096264,3.026558768016656,7,"{""0"": 0.019659386983041916, ""1"": 0.019081608406346286, ""2"": 0.018939758300957798, ""3"": 0.008121081847992926, ""4"": 0.011819538178799693, ""5"": 0.030202144066523644}"
control,100,p0.05,nan,1.0,6,0.05,4.95,4.7,1,11,470,470,1.4460901630396392,20,0.8633234597541674,0.01726646919508335,34.01678677810457,14.291955783821336,2.058731694227591,2.690147084414377,6,"{""0"": 0.021063037441524234, ""1"": 0.01899092341892648, ""2"": 0.014333550660195126, ""3"": 0.016477254424824436, ""4"": 0.01653452985275699, ""5"": 0.01619951937227283}"
control,100,p0.05,nan,1.0,6,0.05,4.95,4.7,1,11,470,470,1.4460901630396392,30,0.8670713656955106,0.017341427313910213,37.53949283629496,15.2063453277997,2.062524461497798,2.659206887671845,6,"{""0"": 0.0150389748204186, ""1"": 0.021556983179060484, ""2"": 0.016724443026208225, ""3"": 0.017417104373635035, ""4"": 0.017335969946182746, ""5"": 0.015975088537956192}"
control,100,p0.05,nan,1.0,6,0.05,4.95,4.7,1,11,470,470,1.4460901630396392,40,0.8761305864011487,0.017522611728022976,28.534428545141356,15.660447755588756,1.910619801164792,3.5186268163323864,7,"{""0"": 0.012550687005641683, ""1"": 0.021594750269965088, ""2"": 0.016219514395836306, ""3"": 0.015408820343697291, ""4"": 0.018230936071914894, ""5"": 0.021130962281082587}"
control,100,p0.05,nan,1.0,6,0.05,4.95,4.7,1,11,470,470,1.4460901630396392,50,0.857422481491204,0.01714844962982408,36.244794224617806,16.240227063814018,1.960193320031135,3.3717434637807417,7,"{""0"": 0.01183821547132791, ""1"": 0.02171561732676593, ""2"": 0.015786693931476782, ""3"": 0.015612703085278836, ""4"": 0.017934222373138967, ""5"": 0.02000324559095607}"
control,100,p0.05,nan,1.0,6,0.05,4.95,4.7,1,11,470,470,1.4460901630396392,60,0.902792514089945,0.018055850281798902,29.82783761827895,16.617787404324847,1.9977311240572955,3.2972368510669474,7,"{""0"": 0.014002807888732125, ""1"": 0.021577936289403583, ""2"": 0.014738149129598001, ""3"": 0.01860938985929475, ""4"": 0.017694883190225063, ""5"": 0.021711935333539892}"
control,100,p0.05,nan,1.0,6,0.05,4.95,4.7,1,11,470,470,1.4460901630396392,70,0.8343989624463047,0.016687979248926097,19.690518344251306,16.51455890294573,1.9859120751655817,3.518598470203167,7,"{""0"": 0.013285675707520945, ""1"": 0.0211352055296385, ""2"": 0.015323338109599113, ""3"": 0.013805851246134437, ""4"": 0.016222887684671644, ""5"": 0.02035491721599193}"
control,100,p0.05,nan,1.0,6,0.05,4.95,4.7,1,11,470,470,1.4460901630396392,80,0.8406698261195744,0.016813396522391492,39.273069604182815,16.70209641885397,1.988747613473274,3.811030414021526,7,"{""0"": 0.015347563295406725, ""1"": 0.01968524961384863, ""2"": 0.015495906053986014, ""3"": 0.014985547174047103, ""4"": 0.017915870240798073, ""5"": 0.017450242756262398}"
control,100,p0.05,nan,1.0,6,0.05,4.95,4.7,1,11,470,470,1.4460901630396392,90,0.7986949011561034,0.01597389802312207,33.50789598382943,16.904879694136813,1.9932742837629753,3.712967072303253,7,"{""0"": 0.015275848641890456, ""1"": 0.01949765480583659, ""2"": 0.015179819231822494, ""3"": 0.013002149942063052, ""4"": 0.0161227758206171, ""5"": 0.016765139696502736}"
control,100,p0.05,nan,1.0,6,0.05,4.95,4.7,1,11,470,470,1.4460901630396392,100,0.7969417288483247,0.015938834576966494,27.074933249490886,17.055639362014052,1.993393851589099,3.7872817609176956,7,"{""0"": 0.015152017490198566, ""1"": 0.01923901364973397, ""2"": 0.015503023885334716, ""3"": 0.012079333398015198, ""4"": 0.017673297819695226, ""5"": 0.01598632121882129}"
control,100,p0.05,nan,1.0,6,0.05,4.95,4.7,1,11,470,470,1.4460901630396392,110,0.7771090944144418,0.015542181888288837,27.647588330223122,17.228810827711516,2.0132996363176376,3.778894895982226,7,"{""0"": 0.014329576058094175, ""1"": 0.019370334945334425, ""2"": 0.015056668473238718, ""3"": 0.010423128507992551, ""4"": 0.01775802695823281, ""5"": 0.016315356386840344}"
control,100,p0.05,nan,1.0,6,0.05,4.95,4.7,1,11,470,470,1.4460901630396392,120,0.7706068603013183,0.015412137206026367,39.070897176365456,17.43764675655842,2.012736445812632,3.768503800041161,7,"{""0"": 0.014305144466095609, ""1"": 0.019366757337298708, ""2"": 0.01497387998128237, ""3"": 0.010183827281726607, ""4"": 0.017979477799407537, ""5"": 0.01566373637034737}"
control,100,p0.05,nan,1.0,6,0.05,4.95,4.7,1,11,470,470,1.4460901630396392,130,0.7553495202643322,0.015106990405286645,35.23553086393263,17.468320929129163,2.014468566256071,4.024898539546406,8,"{""0"": 0.013064776466401418, ""1"": 0.019111453264434725, ""2"": 0.015460835060318354, ""3"": 0.009559862468216931, ""4"": 0.01746123819559179, ""5"": 0.015983776976756663}"
control,100,p0.05,nan,1.0,6,0.05,4.95,4.7,1,11,470,470,1.4460901630396392,140,0.7547422416457327,0.015094844832914655,36.940108182505476,17.644880476723227,2.030323844183004,4.120652004371587,8,"{""0"": 0.012987594618454789, ""1"": 0.01862461960865053, ""2"": 0.017552291292919, ""3"": 0.009190179513818245, ""4"": 0.016395633561341334, ""5"": 0.015818750402304026}"
control,100,p0.05,nan,1.0,6,0.05,4.95,4.7,1,11,470,470,1.4460901630396392,150,0.7763787840546423,0.015527575681092847,45.42806539068672,17.608967622708587,2.019283971822833,4.238165763961669,8,"{""0"": 0.014070783163443809, ""1"": 0.01866255239064993, ""2"": 0.018459916814154997, ""3"": 0.00939348602010799, ""4"": 0.016925790920732434, ""5"": 0.015652924777467915}"
control,100,p0.05,nan,1.0,6,0.05,4.95,4.7,1,11,470,470,1.4460901630396392,160,0.7733352500158026,0.015466705000316055,49.58896263355234,17.548393943246133,2.0352848904205967,4.119487011211195,8,"{""0"": 0.013716973647534847, ""1"": 0.01865461186333392, ""2"": 0.01720021143481214, ""3"": 0.009979998137233133, ""4"": 0.017596501681597432, ""5"": 0.01565193323738485}"
control,100,p0.05,nan,1.0,6,0.05,4.95,4.7,1,11,470,470,1.4460901630396392,170,0.7789111273396121,0.015578222546792244,30.184378074722144,17.751655860092036,2.03843852841392,4.0457187013684415,8,"{""0"": 0.013598409612216695, ""1"": 0.018849175747062692, ""2"": 0.01869977185087475, ""3"": 0.009185553979342943, ""4"": 0.01747403989701412, ""5"": 0.015662384194242256}"
control,100,p0.05,nan,1.0,6,0.05,4.95,4.7,1,11,470,470,1.4460901630396392,180,0.7634302165485661,0.015268604330971325,16.037455584713076,17.98795565029288,2.0367584726811736,4.040368873867797,8,"{""0"": 0.01358772340960214, ""1"": 0.018746768865879396, ""2"": 0.018204231288163238, ""3"": 0.008912815696823301, ""4"": 0.017634624012151046, ""5"": 0.014525462713208823}"
control,100,p0.05,nan,1.0,6,0.05,4.95,4.7,1,11,470,470,1.4460901630396392,190,0.7438625638292548,0.014877251276585096,16.91128578574742,18.00541833766177,2.0428870279937072,4.0294344740759716,8,"{""0"": 0.013308936222612288, ""1"": 0.018733556998234566, ""2"": 0.017121382998939144, ""3"": 0.008533528894307169, ""4"": 0.017669264836894218, ""5"": 0.013896837708523194}"
control,100,p0.05,nan,1.0,6,0.05,4.95,4.7,1,11,470,470,1.4460901630396392,200,0.7442813731142247,0.014885627462284496,19.421267377928654,18.074959604009383,2.0445781733180883,4.019564919827439,8,"{""0"": 0.013546875185891167, ""1"": 0.018323777721719912, ""2"": 0.01694042385251469, ""3"": 0.008574636706346303, ""4"": 0.017694617122096072, ""5"": 0.014233434185138828}"
control,100,p0.10,nan,1.0,6,0.1,9.9,9.54,3,20,954,470,1.4123757767611176,0,1.000674821660159,0.020013496433203184,nan,0.0,1.4123757767611176,2.34313235074915,5,"{""0"": 0.01993502848766992, ""1"": 0.020412401201585016, ""2"": 0.017890926679762144, ""3"": 0.02045256972432718, ""4"": 0.019765980713167215, ""5"": 0.021624071792707616}"
control,100,p0.10,nan,1.0,6,0.1,9.9,9.54,3,20,954,470,1.4123757767611176,10,1.377088868362758,0.027541777367255164,29.888106380339927,11.870805316133081,1.8529893527539538,2.4147082966904887,7,"{""0"": 0.020868964890373144, ""1"": 0.022982197087291607, ""2"": 0.037934541543768414, ""3"": 0.022536105768560372, ""4"": 0.024749435725891878, ""5"": 0.03617941918764557}"
control,100,p0.10,nan,1.0,6,0.1,9.9,9.54,3,20,954,470,1.4123757767611176,20,1.155819660369815,0.023116393207396304,54.11018521750173,11.880456367082306,1.8726410970484897,3.639372867261357,8,"{""0"": 0.020529736342456424, ""1"": 0.02314818409826458, ""2"": 0.030037418462192583, ""3"": 0.020978343746754235, ""4"": 0.016288098570279064, ""5"": 0.027716578024430914}"
control,100,p0.10,nan,1.0,6,0.1,9.9,9.54,3,20,954,470,1.4123757767611176,30,1.058843295070476,0.021176865901409523,50.45798923158079,11.52958527720465,1.819643808152288,2.6333694992050534,7,"{""0"": 0.021184716633870258, ""1"": 0.02164935859749801, ""2"": 0.023993405898462487, ""3"": 0.02210715112926819, ""4"": 0.013404301160796953, ""5"": 0.024722261988561263}"
control,100,p0.10,nan,1.0,6,0.1,9.9,9.54,3,20,954,470,1.4123757767611176,40,1.0413375146833828,0.020826750293667658,23.102990310121115,12.02646277425476,1.8128912646806743,2.9210087855239055,8,"{""0"": 0.02189839666932844, ""1"": 0.019229548488814394, ""2"": 0.02580526289797059, ""3"": 0.022001193659904904, ""4"": 0.012217977514459757, ""5"": 0.023808122531527857}"
control,100,p0.10,nan,1.0,6,0.1,9.9,9.54,3,20,954,470,1.4123757767611176,50,1.0640825084791816,0.021281650169583635,22.79337435778631,12.178847655568307,1.8028396183796906,2.5971447518964967,7,"{""0"": 0.02173481230883465, ""1"": 0.02223689684291746, ""2"": 0.026924059887262698, ""3"": 0.022412931729604114, ""4"": 0.011579753903353147, ""5"": 0.02280144634552974}"
control,100,p0.10,nan,1.0,6,0.1,9.9,9.54,3,20,954,470,1.4123757767611176,60,1.0163968461689843,0.020327936923379687,24.252769430541196,12.301810361195272,1.8201148527490771,2.926270667685112,8,"{""0"": 0.02022309091340323, ""1"": 0.020128188171049728, ""2"": 0.02494798490925961, ""3"": 0.02241375092089649, ""4"": 0.011582630393004384, ""5"": 0.022671976232664672}"
control,100,p0.10,nan,1.0,6,0.1,9.9,9.54,3,20,954,470,1.4123757767611176,70,0.9928248168030769,0.01985649633606154,32.16240152318913,12.297972579260804,1.8217115374515966,3.2482383786270685,9,"{""0"": 0.01928393472830814, ""1"": 0.021715477129218706, ""2"": 0.023386311341641073, ""3"": 0.022283766572542028, ""4"": 0.011434380630901348, ""5"": 0.02103510761375795}"
control,100,p0.10,nan,1.0,6,0.1,9.9,9.54,3,20,954,470,1.4123757767611176,80,0.952584351142909,0.019051687022858182,56.477582729510694,12.099511581558945,1.8647866886275295,4.15347147112667,9,"{""0"": 0.01964337558694065, ""1"": 0.021358557043132744, ""2"": 0.019271596020295406, ""3"": 0.021876425336351608, ""4"": 0.01280649550345147, ""5"": 0.019353672646977203}"
control,100,p0.10,nan,1.0,6,0.1,9.9,9.54,3,20,954,470,1.4123757767611176,90,0.9630506952334995,0.019261013904669992,25.695666824233736,12.212163305233574,1.8702284199647279,4.5182338354967255,10,"{""0"": 0.020261955437018097, ""1"": 0.02302715968280812, ""2"": 0.019363292491947726, ""3"": 0.02145666457923006, ""4"": 0.012461576186857715, ""5"": 0.018995435050158226}"
control,100,p0.10,nan,1.0,6,0.1,9.9,9.54,3,20,954,470,1.4123757767611176,100,0.9745861523277755,0.019491723046555512,84.46420207767642,12.359280706476492,1.8839272712300308,4.330683715136922,10,"{""0"": 0.02014777739212838, ""1"": 0.02273401027442843, ""2"": 0.021937550069943017, ""3"": 0.0215090765323712, ""4"": 0.012575277652650282, ""5"": 0.01804664635781176}"
control,100,p0.10,nan,1.0,6,0.1,9.9,9.54,3,20,954,470,1.4123757767611176,110,0.9502438461414858,0.01900487692282972,49.603778436391664,12.474625822085521,1.8801336984122572,4.700231342242448,10,"{""0"": 0.01957854391720188, ""1"": 0.02324045836344455, ""2"": 0.01985627056374889, ""3"": 0.02072454124559116, ""4"": 0.012857622325624854, ""5"": 0.01777182512136697}"
control,100,p0.10,nan,1.0,6,0.1,9.9,9.54,3,20,954,470,1.4123757767611176,120,0.9366839325650537,0.018733678651301076,23.088029795879432,12.594271637580801,1.8714966111627447,5.084348281081901,10,"{""0"": 0.018623849846018548, ""1"": 0.02418176431022384, ""2"": 0.01866972684629293, ""3"": 0.020559289114268825, ""4"": 0.013004765826252573, ""5"": 0.017362675964749736}"
control,100,p0.10,nan,1.0,6,0.1,9.9,9.54,3,20,954,470,1.4123757767611176,130,0.925139385428188,0.018502787708563763,80.9623957551818,12.663512423793392,1.875835326365923,4.977732647918079,10,"{""0"": 0.01850588874669215, ""1"": 0.02343072307574303, ""2"": 0.01851622949471044, ""3"": 0.020237722991140968, ""4"": 0.013522919877207735, ""5"": 0.016803242065888256}"
control,100,p0.10,nan,1.0,6,0.1,9.9,9.54,3,20,954,470,1.4123757767611176,140,0.9252819940214477,0.018505639880428956,22.69385898093487,12.626818397455281,1.8616217529577321,4.753779484934794,10,"{""0"": 0.018942058262436213, ""1"": 0.022708138195663207, ""2"": 0.019044223715094538, ""3"": 0.0200363447098069, ""4"": 0.013705978982799091, ""5"": 0.01659709541677379}"
control,100,p0.10,nan,1.0,6,0.1,9.9,9.54,3,20,954,470,1.4123757767611176,150,0.9207501350301456,0.018415002700602916,36.91123580286716,12.757553362892837,1.8644034622590715,4.632255531770556,10,"{""0"": 0.018993311153060532, ""1"": 0.023038633492812488, ""2"": 0.019292598085132912, ""3"": 0.019963129282969234, ""4"": 0.013404087065505449, ""5"": 0.01579825712413686}"
control,100,p0.10,nan,1.0,6,0.1,9.9,9.54,3,20,954,470,1.4123757767611176,160,0.910662629694871,0.018213252593897424,79.8686203623459,12.746677478207777,1.8788975842418605,4.815443437746258,10,"{""0"": 0.019068848530336725, ""1"": 0.021828147989962382, ""2"": 0.0193488724379346, ""3"": 0.019715347182711916, ""4"": 0.014177034027657945, ""5"": 0.015141265394780978}"
control,100,p0.10,nan,1.0,6,0.1,9.9,9.54,3,20,954,470,1.4123757767611176,170,0.8934015203172203,0.01786803040634441,19.774831539968737,12.84404379950658,1.8874512873382459,5.2335273437018905,10,"{""0"": 0.018344733992662496, ""1"": 0.02146079755598768, ""2"": 0.018758606216661297, ""3"": 0.01872623942669437, ""4"": 0.014835415218785033, ""5"": 0.01508239002727558}"
control,100,p0.10,nan,1.0,6,0.1,9.9,9.54,3,20,954,470,1.4123757767611176,180,0.8900035608932633,0.017800071217865268,21.5369261809164,12.970825009779706,1.8972655720826386,5.30403884150422,10,"{""0"": 0.01837867858059725, ""1"": 0.021716606953654554, ""2"": 0.017953186350990212, ""3"": 0.018361691746092028, ""4"": 0.01564134592124891, ""5"": 0.014748917754608654}"
control,100,p0.10,nan,1.0,6,0.1,9.9,9.54,3,20,954,470,1.4123757767611176,190,0.8868972047273628,0.017737944094547257,49.00277577687913,13.049846206002123,1.8986340033336049,5.061712363179306,10,"{""0"": 0.018357136380549924, ""1"": 0.021293703894541126, ""2"": 0.018661470056152152, ""3"": 0.01808085071257564, ""4"": 0.01534572090503072, ""5"": 0.014688782618433977}"
control,100,p0.10,nan,1.0,6,0.1,9.9,9.54,3,20,954,470,1.4123757767611176,200,0.8783307879496538,0.017566615758993077,26.918530838067326,13.036025679584156,1.9042294668532869,5.326202301645488,10,"{""0"": 0.018575606178985044, ""1"": 0.020794215974303833, ""2"": 0.017710128930211157, ""3"": 0.01780840064637895, ""4"": 0.01626290381612758, ""5"": 0.014248439007951901}"
control,100,p0.20,nan,1.0,6,0.2,19.8,19.74,8,32,1974,470,1.6076351599208847,0,0.9981776521103439,0.01996355304220688,nan,0.0,1.6076351599208847,6.1435130224264185,9,"{""0"": 0.017195932354454033, ""1"": 0.022838299317986265, ""2"": 0.018766261358958942, ""3"": 0.018927166302070524, ""4"": 0.022933264982842674, ""5"": 0.019120393936928836}"
control,100,p0.20,nan,1.0,6,0.2,19.8,19.74,8,32,1974,470,1.6076351599208847,10,0.9868314254546579,0.01973662850909316,88.42029754468918,12.331241854775913,2.025873039925908,4.722603261451285,9,"{""0"": 0.01194407320978547, ""1"": 0.03258161013998453, ""2"": 0.022309108434372595, ""3"": 0.01680294779164683, ""4"": 0.017025665883915398, ""5"": 0.017756365594854124}"
control,100,p0.20,nan,1.0,6,0.2,19.8,19.74,8,32,1974,470,1.6076351599208847,20,0.9038405957057508,0.018076811914115018,48.159908631730765,11.82873913952798,1.9680883167893337,4.79649083701343,9,"{""0"": 0.012212663325268538, ""1"": 0.024448884272032935, ""2"": 0.01898948369411119, ""3"": 0.014414825533229295, ""4"": 0.018939892658230744, ""5"": 0.019455122001817416}"
control,100,p0.20,nan,1.0,6,0.2,19.8,19.74,8,32,1974,470,1.6076351599208847,30,0.9237806565034671,0.018475613130069343,29.510340795179147,12.570460640055133,2.203827146488461,3.2722125336004395,8,"{""0"": 0.010256258761112979, ""1"": 0.026661976091581024, ""2"": 0.01996372001713135, ""3"": 0.008305303780170501, ""4"": 0.020201396734756277, ""5"": 0.025465023395663915}"
control,100,p0.20,nan,1.0,6,0.2,19.8,19.74,8,32,1974,470,1.6076351599208847,40,0.9543849905180709,0.01908769981036142,71.98924809439849,13.041799711037694,2.258327363992911,2.7954503440849874,8,"{""0"": 0.008758865953941476, ""1"": 0.02907172145540799, ""2"": 0.021036935205080144, ""3"": 0.008152707999786069, ""4"": 0.02152994861074621, ""5"": 0.025976019637206655}"
control,100,p0.20,nan,1.0,6,0.2,19.8,19.74,8,32,1974,470,1.6076351599208847,50,0.9329190629854787,0.018658381259709575,78.49512492776164,13.011909178150624,2.2813168046228847,2.7817062211769317,8,"{""0"": 0.007858247101053279, ""1"": 0.02646430347241599, ""2"": 0.020684943180769053, ""3"": 0.008621819903681946, ""4"": 0.02258322465275548, ""5"": 0.025737749247581702}"
control,100,p0.20,nan,1.0,6,0.2,19.8,19.74,8,32,1974,470,1.6076351599208847,60,0.9109552600556111,0.018219105201112223,57.81087612232532,13.03798142299458,2.2590857751879216,2.9599598082453156,8,"{""0"": 0.008704655213692656, ""1"": 0.025540183860490378, ""2"": 0.017998739362129767, ""3"": 0.009754838231221623, ""4"": 0.021271100376975233, ""5"": 0.026045114162163686}"
control,100,p0.20,nan,1.0,6,0.2,19.8,19.74,8,32,1974,470,1.6076351599208847,70,0.9164118595987261,0.018328237191974524,29.53156200938953,13.224151516888258,2.2789231702426656,2.974689296532366,8,"{""0"": 0.008088596293166654, ""1"": 0.02519952319703342, ""2"": 0.018065433392838993, ""3"": 0.0104493025906199, ""4"": 0.021664672896402982, ""5"": 0.0265018947817852}"
control,100,p0.20,nan,1.0,6,0.2,19.8,19.74,8,32,1974,470,1.6076351599208847,80,0.9218661078128285,0.018437322156256573,20.417881913916986,13.472165316335303,2.3173618844123602,2.927587147951856,8,"{""0"": 0.007739387240279465, ""1"": 0.02482534994487967, ""2"": 0.01804967756547124, ""3"": 0.010571359675944334, ""4"": 0.021801075144266824, ""5"": 0.027637083366697908}"
control,100,p0.20,nan,1.0,6,0.2,19.8,19.74,8,32,1974,470,1.6076351599208847,90,0.9342404215741504,0.018684808431483013,68.70941355871179,13.40080256343868,2.2818247654025017,2.848470844426406,8,"{""0"": 0.008038344154742595, ""1"": 0.02579737948212547, ""2"": 0.020203412913644928, ""3"": 0.009645782379662474, ""4"": 0.021600327422757616, ""5"": 0.026823604235964978}"
control,100,p0.20,nan,1.0,6,0.2,19.8,19.74,8,32,1974,470,1.6076351599208847,100,0.9298778294037235,0.018597556588074476,44.88811653120314,13.437586885100075,2.2712283616498823,2.867215077975912,8,"{""0"": 0.007664857140559781, ""1"": 0.024921371282152393, ""2"": 0.020802899889325058, ""3"": 0.009855591071230876, ""4"": 0.02167150368142339, ""5"": 0.026669116463755343}"
control,100,p0.20,nan,1.0,6,0.2,19.8,19.74,8,32,1974,470,1.6076351599208847,110,0.9265119195987106,0.018530238391974214,27.81258616152306,13.542031376237048,2.2730207030342413,2.8042315972799297,8,"{""0"": 0.007503153434742676, ""1"": 0.025712240236168894, ""2"": 0.019751882141887195, ""3"": 0.009886403802362373, ""4"": 0.02163273633562987, ""5"": 0.026695014401054297}"
control,100,p0.20,nan,1.0,6,0.2,19.8,19.74,8,32,1974,470,1.6076351599208847,120,0.9285215262575067,0.018570430525150138,25.903929955042987,13.628213467376575,2.2755828473633635,2.7607875548119396,8,"{""0"": 0.007386463711478851, ""1"": 0.02565199355085281, ""2"": 0.01988732880586975, ""3"": 0.009869300560434459, ""4"": 0.021589093247812545, ""5"": 0.0270384032744524}"
control,100,p0.20,nan,1.0,6,0.2,19.8,19.74,8,32,1974,470,1.6076351599208847,130,0.9351583232304178,0.01870316646460836,46.515937930394,13.746323803946451,2.2837644244941178,2.7288962131925514,8,"{""0"": 0.007169568898349967, ""1"": 0.026029872688722987, ""2"": 0.02045075784844965, ""3"": 0.009550664013389557, ""4"": 0.02164506403672906, ""5"": 0.027373071302008944}"
control,100,p0.20,nan,1.0,6,0.2,19.8,19.74,8,32,1974,470,1.6076351599208847,140,0.92705320715016,0.018541064143003202,36.68198312527724,13.869217722277085,2.29257661584508,2.7119036022224816,8,"{""0"": 0.007041287276571955, ""1"": 0.025326256799372338, ""2"": 0.020351460215815142, ""3"": 0.009270208459797643, ""4"": 0.02189735058659474, ""5"": 0.027359821519867406}"
control,100,p0.20,nan,1.0,6,0.2,19.8,19.74,8,32,1974,470,1.6076351599208847,150,0.9318354893235898,0.0186367097864718,73.69562784388066,13.800870713442485,2.2803880302740884,2.663700309873219,8,"{""0"": 0.007146928952104207, ""1"": 0.02554240679161346, ""2"": 0.020781649303614175, ""3"": 0.009530064220301159, ""4"": 0.021818796802161554, ""5"": 0.027000412649036232}"
control,100,p0.20,nan,1.0,6,0.2,19.8,19.74,8,32,1974,470,1.6076351599208847,160,0.9040083882177968,0.01808016776435594,30.16135919673101,13.846212904404803,2.2849229694161535,2.6056118882682457,8,"{""0"": 0.007195309970741028, ""1"": 0.02200252553448397, ""2"": 0.02070430610660728, ""3"": 0.010068228093835462, ""4"": 0.02172286882155262, ""5"": 0.026787768058915286}"
control,100,p0.20,nan,1.0,6,0.2,19.8,19.74,8,32,1974,470,1.6076351599208847,170,0.9246994924441294,0.01849398984888259,29.947475642484623,13.961556673205255,2.2808863498803036,2.6548965578449453,8,"{""0"": 0.007068141415140912, ""1"": 0.024762274457025925, ""2"": 0.02078408347966492, ""3"": 0.00940100748536088, ""4"": 0.021843999540098608, ""5"": 0.02710443271600429}"
control,100,p0.20,nan,1.0,6,0.2,19.8,19.74,8,32,1974,470,1.6076351599208847,180,0.93099036515581,0.0186198073031162,24.32747921304023,14.034800028942414,2.2796412306762566,2.7176004044126145,8,"{""0"": 0.0070604682806268745, ""1"": 0.02553569164187206, ""2"": 0.020482182058225565, ""3"": 0.009332443079525608, ""4"": 0.02198033029954057, ""5"": 0.027327728458906547}"
control,100,p0.20,nan,1.0,6,0.2,19.8,19.74,8,32,1974,470,1.6076351599208847,190,0.9180667280995671,0.018361334561991346,73.27729023286805,14.09492514423214,2.279766928108968,2.745318684880302,8,"{""0"": 0.006977415445440989, ""1"": 0.023855799070632438, ""2"": 0.020643566291042043, ""3"": 0.009377917692658026, ""4"": 0.0223052312295356, ""5"": 0.02700807764263897}"
control,100,p0.20,nan,1.0,6,0.2,19.8,19.74,8,32,1974,470,1.6076351599208847,200,0.9063223124091955,0.018126446248183912,26.84931481049569,14.177952323064432,2.2777062031667916,2.796299626301614,8,"{""0"": 0.006912558714469557, ""1"": 0.024231814715162784, ""2"": 0.018472706252792678, ""3"": 0.009596629321606102, ""4"": 0.02240014429653749, ""5"": 0.02714482418853486}"
control,100,p0.40,nan,1.0,6,0.4,39.6,39.9,27,52,3990,470,1.5757538616536502,0,1.011889761986294,0.020237795239725884,nan,0.0,1.5757538616536502,4.860586666355802,7,"{""0"": 0.0184568318974749, ""1"": 0.020703122288841615, ""2"": 0.019474646933935795, ""3"": 0.021156326121019347, ""4"": 0.01912922943244417, ""5"": 0.022506614764639464}"
control,100,p0.40,nan,1.0,6,0.4,39.6,39.9,27,52,3990,470,1.5757538616536502,10,0.9882402951518784,0.01976480590303757,78.25749344354313,13.431497778759296,2.1902589888547137,3.373628161541927,9,"{""0"": 0.016665748506802473, ""1"": 0.02463720062069905, ""2"": 0.02302154355329618, ""3"": 0.019362977270417425, ""4"": 0.016204202909906148, ""5"": 0.01869716255710415}"
control,100,p0.40,nan,1.0,6,0.4,39.6,39.9,27,52,3990,470,1.5757538616536502,20,1.0595209754031212,0.021190419508062427,11.031947929904101,13.692100908791584,2.167185212244514,2.901481902883861,7,"{""0"": 0.013767411460274942, ""1"": 0.028896705547714223, ""2"": 0.02640588358511759, ""3"": 0.025203991708086647, ""4"": 0.020312249113961022, ""5"": 0.012556275633220162}"
control,100,p0.40,nan,1.0,6,0.4,39.6,39.9,27,52,3990,470,1.5757538616536502,30,0.931893684384794,0.018637873687695882,48.11844702863627,13.456245334790664,2.2161949154725127,2.6527699316768705,7,"{""0"": 0.013256515028471434, ""1"": 0.024264426059048508, ""2"": 0.020499451178876388, ""3"": 0.019372654369778863, ""4"": 0.021653997148736132, ""5"": 0.012780198341263965}"
control,100,p0.40,nan,1.0,6,0.4,39.6,39.9,27,52,3990,470,1.5757538616536502,40,0.9061862344003915,0.018123724688007832,70.20586384551144,13.617813017779818,2.2140708423273976,2.3786860531135465,6,"{""0"": 0.01220472916811744, ""1"": 0.02428530055572594, ""2"": 0.01375636759697576, ""3"": 0.02046731020945409, ""4"": 0.02388685312248669, ""5"": 0.014141787475287076}"
control,100,p0.40,nan,1.0,6,0.4,39.6,39.9,27,52,3990,470,1.5757538616536502,50,0.8378473985336248,0.0167569479706725,75.57892982981275,13.229042391390914,2.2000879062253156,2.2715640877024175,6,"{""0"": 0.01235430933649841, ""1"": 0.02264074556698304, ""2"": 0.007415680903891756, ""3"": 0.019877656453029968, ""4"": 0.021653074105507174, ""5"": 0.01660022145812464}"
control,100,p0.40,nan,1.0,6,0.4,39.6,39.9,27,52,3990,470,1.5757538616536502,60,0.8217158885743793,0.01643431777148759,60.066750440903185,13.149631637169723,2.174194347697089,2.34758700709404,6,"{""0"": 0.012529616492153306, ""1"": 0.02216456816717794, ""2"": 0.0075448112764791835, ""3"": 0.019552625117368518, ""4"": 0.021292630927800177, ""5"": 0.01552165464794641}"
control,100,p0.40,nan,1.0,6,0.4,39.6,39.9,27,52,3990,470,1.5757538616536502,70,0.8199285638076104,0.01639857127615221,12.432628295646687,13.299770901351632,2.170327510764328,2.2804309884874248,6,"{""0"": 0.011774735159386773, ""1"": 0.022426346664047702, ""2"": 0.007184742274254437, ""3"": 0.019729345906882773, ""4"": 0.021931922697645295, ""5"": 0.015344334954696264}"
control,100,p0.40,nan,1.0,6,0.4,39.6,39.9,27,52,3990,470,1.5757538616536502,80,0.810979120775402,0.01621958241550804,72.46028966483684,13.20066342694607,2.165027338480252,2.5205741788878697,7,"{""0"": 0.013011973336880703, ""1"": 0.022104593311138086, ""2"": 0.007278305986019718, ""3"": 0.019261865228037283, ""4"": 0.02054529113041196, ""5"": 0.015115465500560515}"
control,100,p0.40,nan,1.0,6,0.4,39.6,39.9,27,52,3990,470,1.5757538616536502,90,0.820251664698674,0.016405033293973484,59.867924169382285,13.38665101422827,2.1721523396854385,2.626248924892561,7,"{""0"": 0.013360859608668308, ""1"": 0.021780060153883667, ""2"": 0.007345017643603092, ""3"": 0.0197199076372994, ""4"": 0.019725901733140597, ""5"": 0.016498452987245837}"
control,100,p0.40,nan,1.0,6,0.4,39.6,39.9,27,52,3990,470,1.5757538616536502,100,0.8178152654802279,0.01635630530960456,45.67109018996579,13.340360654069485,2.175299532591386,2.5596267947798466,7,"{""0"": 0.013842979429494692, ""1"": 0.021389253023253597, ""2"": 0.007228958014177422, ""3"": 0.020284887369085822, ""4"": 0.018887737511910717, ""5"": 0.016504016509705097}"
control,100,p0.40,nan,1.0,6,0.4,39.6,39.9,27,52,3990,470,1.5757538616536502,110,0.8161598982755813,0.01632319796551163,14.142956280129974,13.382718781746451,2.1890515902696217,2.5133247310893223,7,"{""0"": 0.013369476973187222, ""1"": 0.021098656462795472, ""2"": 0.007055248077313468, ""3"": 0.021213075153679418, ""4"": 0.018981502637332302, ""5"": 0.016221228488761886}"
control,100,p0.40,nan,1.0,6,0.4,39.6,39.9,27,52,3990,470,1.5757538616536502,120,0.8162615130681761,0.016325230261363524,12.548520128731129,13.493413271474264,2.188363404564942,2.515043068801352,7,"{""0"": 0.013496253673208692, ""1"": 0.020987034092839908, ""2"": 0.007032614394831811, ""3"": 0.021156341166797227, ""4"": 0.01903317751792603, ""5"": 0.016245960722577477}"
control,100,p0.40,nan,1.0,6,0.4,39.6,39.9,27,52,3990,470,1.5757538616536502,130,0.8136308881926836,0.016272617763853674,67.17940282219175,13.526263674308119,2.187617416284477,2.540847314361233,7,"{""0"": 0.013204460904709938, ""1"": 0.021027345844829286, ""2"": 0.006954524745959451, ""3"": 0.020916310422932603, ""4"": 0.019415029345961544, ""5"": 0.016118035318729233}"
control,100,p0.40,nan,1.0,6,0.4,39.6,39.9,27,52,3990,470,1.5757538616536502,140,0.8135085501976171,0.016270171003952345,52.36372889766507,13.524139334698594,2.1767227266232227,2.581042925160342,7,"{""0"": 0.013247690719231302, ""1"": 0.021035438303947836, ""2"": 0.006919272923343237, ""3"": 0.020562593639239672, ""4"": 0.01939478681587636, ""5"": 0.016461243622075666}"
control,100,p0.40,nan,1.0,6,0.4,39.6,39.9,27,52,3990,470,1.5757538616536502,150,0.8072198280752065,0.016144396561504133,37.19699292306202,13.590642380412318,2.1726026541383763,2.5990411705817533,7,"{""0"": 0.013449023764344453, ""1"": 0.020955300605719363, ""2"": 0.0069265095289478325, ""3"": 0.020494065744648755, ""4"": 0.019039160529106407, ""5"": 0.016002319196257976}"
control,100,p0.40,nan,1.0,6,0.4,39.6,39.9,27,52,3990,470,1.5757538616536502,160,0.7892498599416781,0.015784997198833563,40.16763142096154,13.672210780535796,2.1614901496385976,2.6291215556132044,8,"{""0"": 0.013994501331565068, ""1"": 0.02038272392132561, ""2"": 0.006939518436814655, ""3"": 0.02018944104487505, ""4"": 0.018401816239677574, ""5"": 0.014801982218743426}"
control,100,p0.40,nan,1.0,6,0.4,39.6,39.9,27,52,3990,470,1.5757538616536502,170,0.7950771650755569,0.01590154330151114,12.904683533848491,13.740708896835102,2.1672473451108627,2.66098584379512,8,"{""0"": 0.013384929273656188, ""1"": 0.020261791792622733, ""2"": 0.006905773811511605, ""3"": 0.020238488883483112, ""4"": 0.01928277141575683, ""5"": 0.015335504632036385}"
control,100,p0.40,nan,1.0,6,0.4,39.6,39.9,27,52,3990,470,1.5757538616536502,180,0.7959518389932891,0.015919036779865784,15.63404565135054,13.695600852263208,2.174501216158083,2.630725870920333,8,"{""0"": 0.013517360253863376, ""1"": 0.020297739002282426, ""2"": 0.006920864650345239, ""3"": 0.02052605509677813, ""4"": 0.019255647034115444, ""5"": 0.014996554641810086}"
control,100,p0.40,nan,1.0,6,0.4,39.6,39.9,27,52,3990,470,1.5757538616536502,190,0.7937725514805912,0.015875451029611826,32.86447928627961,13.733832906329162,2.166878734388657,2.700771555903738,8,"{""0"": 0.013357232700159155, ""1"": 0.020351981252380767, ""2"": 0.0069134750493838925, ""3"": 0.020187603791387405, ""4"": 0.019389074853983095, ""5"": 0.015053338530376645}"
control,100,p0.40,nan,1.0,6,0.4,39.6,39.9,27,52,3990,470,1.5757538616536502,200,0.8013174040087372,0.016026348080174748,12.666363935083908,13.833793140505028,2.1673046994496077,2.8510723500479225,8,"{""0"": 0.014373936230370801, ""1"": 0.02032520530032882, ""2"": 0.006920763938046209, ""3"": 0.02026362588045271, ""4"": 0.01919259870240142, ""5"": 0.015081958429448525}"
control,100,p0.05,nan,1.0,7,0.05,4.95,4.92,1,10,492,492,1.4218009617083387,0,1.063758231685693,0.021275164633713865,nan,0.0,1.4218009617083387,3.682528994260275,6,"{""0"": 0.023173973234491253, ""1"": 0.018936500646328753, ""2"": 0.02307749874864179, ""3"": 0.022949946103486742, ""4"": 0.019774705783662423, ""5"": 0.019738363285672224}"
control,100,p0.05,nan,1.0,7,0.05,4.95,4.92,1,10,492,492,1.4218009617083387,10,0.7748139726675799,0.0154962794533516,15.369600196205752,9.733044332210353,1.9500545262536824,2.198227070275811,5,"{""0"": 0.016192662247477185, ""1"": 0.020938005664949137, ""2"": 0.007540271952331879, ""3"": 0.010777449672533678, ""4"": 0.022779772562244813, ""5"": 0.0147495146205729}"
control,100,p0.05,nan,1.0,7,0.05,4.95,4.92,1,10,492,492,1.4218009617083387,20,0.8277666792609654,0.01655533358521931,20.364844327133603,11.784104474495333,2.209717369765789,1.7124156492214277,4,"{""0"": 0.014901339621788547, ""1"": 0.02374779192579625, ""2"": 0.011767837800475054, ""3"": 0.01840343147551988, ""4"": 0.019961524879566324, ""5"": 0.010550075808169808}"
control,100,p0.05,nan,1.0,7,0.05,4.95,4.92,1,10,492,492,1.4218009617083387,30,0.8746959092983897,0.017493918185967794,21.662958793406265,12.784429192851302,2.1897647480846656,1.7390320602382885,4,"{""0"": 0.016540868729515136, ""1"": 0.029212753733528784, ""2"": 0.01149986933387679, ""3"": 0.017537813351059636, ""4"": 0.018912519769850783, ""5"": 0.011259684197975645}"
control,100,p0.05,nan,1.0,7,0.05,4.95,4.92,1,10,492,492,1.4218009617083387,40,0.7544115681363662,0.015088231362727326,37.88843132528125,12.429208048477943,2.1762228504056407,1.7866228979628067,4,"{""0"": 0.015329623167199258, ""1"": 0.02698620434168623, ""2"": 0.011045008587789073, ""3"": 0.014412132984652418, ""4"": 0.01781679229204632, ""5"": 0.004939626802990663}"
control,100,p0.05,nan,1.0,7,0.05,4.95,4.92,1,10,492,492,1.4218009617083387,50,0.7338705166208453,0.014677410332416908,18.29319153009774,12.602715630160795,2.105701671722642,1.801224231324154,4,"{""0"": 0.014695394050616262, ""1"": 0.02761473340770477, ""2"": 0.008458610251753278, ""3"": 0.015203435744273186, ""4"": 0.016955931942836937, ""5"": 0.005136356597317021}"
control,100,p0.05,nan,1.0,7,0.05,4.95,4.92,1,10,492,492,1.4218009617083387,60,0.7412212490916885,0.014824424981833773,29.065636347285192,12.982183021198576,2.0138324801820002,1.7519462828543213,4,"{""0"": 0.015449577402279088, ""1"": 0.028381927933304567, ""2"": 0.01021281392828759, ""3"": 0.01496623795298468, ""4"": 0.01511127593174123, ""5"": 0.004824716742405478}"
control,100,p0.05,nan,1.0,7,0.05,4.95,4.92,1,10,492,492,1.4218009617083387,70,0.7170108304188525,0.014340216608377053,32.739946073553725,13.078960812418424,2.0643665194580647,1.8538230151424497,4,"{""0"": 0.014478833540638714, ""1"": 0.02816088361502808, ""2"": 0.009853940874734578, ""3"": 0.014182808304854444, ""4"": 0.01455965756673982, ""5"": 0.00480517574826667}"
control,100,p0.05,nan,1.0,7,0.05,4.95,4.92,1,10,492,492,1.4218009617083387,80,0.7084579149273635,0.014169158298547273,9.151338907306707,13.399459608190988,2.1225509733342767,1.8562305638122893,4,"{""0"": 0.014382484756154177, ""1"": 0.025901500179686687, ""2"": 0.011592819151108073, ""3"": 0.014347288780803191, ""4"": 0.014108400722267694, ""5"": 0.004682456201263811}"
control,100,p0.05,nan,1.0,7,0.05,4.95,4.92,1,10,492,492,1.4218009617083387,90,0.7354042234492959,0.014708084468985921,15.74999468640139,13.687414407077954,2.0304962146894665,1.8227715852889212,4,"{""0"": 0.01531368708026154, ""1"": 0.028364859394433322, ""2"": 0.011716764951509407, ""3"": 0.01466087295322931, ""4"": 0.0135611433622168, ""5"": 0.004631179072265136}"
control,100,p0.05,nan,1.0,7,0.05,4.95,4.92,1,10,492,492,1.4218009617083387,100,0.7484498598976984,0.01496899719795397,13.248977574952168,13.80601495177287,2.003108742987422,1.777875568430019,4,"{""0"": 0.015410369234626468, ""1"": 0.0288340897252364, ""2"": 0.011897619457874757, ""3"": 0.014918401491162747, ""4"": 0.014142678863035673, ""5"": 0.00461082441578779}"
control,100,p0.05,nan,1.0,7,0.05,4.95,4.92,1,10,492,492,1.4218009617083387,110,0.756447860983477,0.015128957219669543,99.66919507383271,14.04135336461296,2.0173418109520123,1.7246009953519708,3,"{""0"": 0.015487971101647869, ""1"": 0.028679975698991732, ""2"": 0.012619528261757393, ""3"": 0.01564452655295923, ""4"": 0.013705016471333509, ""5"": 0.004636725231327517}"
control,100,p0.05,nan,1.0,7,0.05,4.95,4.92,1,10,492,492,1.4218009617083387,120,0.7439657727514665,0.014879315455029333,40.11605487840412,14.075474926248294,2.0857012174811183,1.7414506736432835,3,"{""0"": 0.014714440229203558, ""1"": 0.02838459480877603, ""2"": 0.012599734489100312, ""3"": 0.01553708232731409, ""4"": 0.013501122117999054, ""5"": 0.004538918757782948}"
control,100,p0.05,nan,1.0,7,0.05,4.95,4.92,1,10,492,492,1.4218009617083387,130,0.7454207599127453,0.014908415198254907,25.984605229920025,14.321074676176279,2.1351979882808356,1.7494428098875858,3,"{""0"": 0.014559114616707928, ""1"": 0.028746188222578857, ""2"": 0.012738122125797094, ""3"": 0.015856416276746554, ""4"": 0.01297335525725878, ""5"": 0.00457729469044023}"
control,100,p0.05,nan,1.0,7,0.05,4.95,4.92,1,10,492,492,1.4218009617083387,140,0.7457788145872042,0.014915576291744085,10.798166093970853,14.444781732714397,2.1148654723311964,1.7609932676693871,3,"{""0"": 0.014244922900850273, ""1"": 0.028576364432643348, ""2"": 0.01275446751642271, ""3"": 0.016101988168658737, ""4"": 0.013126848176073135, ""5"": 0.004688866555816321}"
control,100,p0.05,nan,1.0,7,0.05,4.95,4.92,1,10,492,492,1.4218009617083387,150,0.7448446082927997,0.014896892165855996,102.41822979459418,14.63889513320159,2.136517409338838,1.7828315469857463,3,"{""0"": 0.014039296178929003, ""1"": 0.028434777840927454, ""2"": 0.012895827099956392, ""3"": 0.016459268430310092, ""4"": 0.012860171760896863, ""5"": 0.004692011684116176}"
control,100,p0.05,nan,1.0,7,0.05,4.95,4.92,1,10,492,492,1.4218009617083387,160,0.743814354553531,0.014876287091070622,10.797603608906192,14.740869786707606,2.1758922761727915,1.8804668088668115,4,"{""0"": 0.01366382951061649, ""1"": 0.02844487821035746, ""2"": 0.013677443904351532, ""3"": 0.016041275475525113, ""4"": 0.012829763203311839, ""5"": 0.004600532242261297}"
control,100,p0.05,nan,1.0,7,0.05,4.95,4.92,1,10,492,492,1.4218009617083387,170,0.7429128983720191,0.014858257967440386,117.94038784937851,14.839129523650591,2.155009016251511,1.9327476209031091,4,"{""0"": 0.013742322470532534, ""1"": 0.028422414374585918, ""2"": 0.014356306346241115, ""3"": 0.01593202467838159, ""4"": 0.01207503378282171, ""5"": 0.004621446152079456}"
control,100,p0.05,nan,1.0,7,0.05,4.95,4.92,1,10,492,492,1.4218009617083387,180,0.7445648662604097,0.014891297325208197,27.13288895057391,14.957925208933696,2.129048850687259,1.9576605506369809,4,"{""0"": 0.013069682847652319, ""1"": 0.02855467105771925, ""2"": 0.015077247298486978, ""3"": 0.016576428204155086, ""4"": 0.01136414585515096, ""5"": 0.004705608688084587}"
control,100,p0.05,nan,1.0,7,0.05,4.95,4.92,1,10,492,492,1.4218009617083387,190,0.7311591893654485,0.014623183787308973,26.80305240053572,15.060119433452414,2.089063965332279,1.9831355185597181,4,"{""0"": 0.01287996478548135, ""1"": 0.028663728493815172, ""2"": 0.014411417463110615, ""3"": 0.01600634074432149, ""4"": 0.010930851156510171, ""5"": 0.004846800080615049}"
control,100,p0.05,nan,1.0,7,0.05,4.95,4.92,1,10,492,492,1.4218009617083387,200,0.7157395956038112,0.014314791912076224,48.52056232081624,15.114073589025756,2.125974963964069,2.0624115882167984,4,"{""0"": 0.011815510143877364, ""1"": 0.02825291569826332, ""2"": 0.014554226113663962, ""3"": 0.015453471493756496, ""4"": 0.010858976214125805, ""5"": 0.004953651808770397}"
control,100,p0.10,nan,1.0,7,0.1,9.9,10.08,1,18,1008,492,1.6286677165156045,0,1.0092878734384059,0.02018575746876812,nan,0.0,1.6286677165156045,4.277275843318676,8,"{""0"": 0.019357840350988288, ""1"": 0.019222388425691177, ""2"": 0.020397479451257118, ""3"": 0.021096065985548522, ""4"": 0.02009934891593563, ""5"": 0.020941421683187987}"
control,100,p0.10,nan,1.0,7,0.1,9.9,10.08,1,18,1008,492,1.6286677165156045,10,1.2041215859483714,0.024082431718967432,6.734209929519599,10.743810961340136,2.260657906774537,1.4474247804170757,3,"{""0"": 0.002852348484004285, ""1"": 0.036597862748668206, ""2"": 0.022424769254672287, ""3"": 0.012003955998573484, ""4"": 0.035877468365892694, ""5"": 0.03473818546199366}"
control,100,p0.10,nan,1.0,7,0.1,9.9,10.08,1,18,1008,492,1.6286677165156045,20,0.9594098807645883,0.01918819761529177,9.502889939104127,11.709099910974505,2.3089575131493882,1.7364233355824983,5,"{""0"": 0.004290435355309213, ""1"": 0.02170669871658986, ""2"": 0.022339544802972643, ""3"": 0.012404272867224692, ""4"": 0.029684763126043005, ""5"": 0.02470347082361121}"
control,100,p0.10,nan,1.0,7,0.1,9.9,10.08,1,18,1008,492,1.6286677165156045,30,0.9408281908827533,0.018816563817655067,10.10894140371716,12.488522656436103,2.3934389151265973,1.7369157457370552,5,"{""0"": 0.012603562197402659, ""1"": 0.019800608774722082, ""2"": 0.032339844278633276, ""3"": 0.006930533234457467, ""4"": 0.029703536459265906, ""5"": 0.011521297961449012}"
control,100,p0.10,nan,1.0,7,0.1,9.9,10.08,1,18,1008,492,1.6286677165156045,40,0.9253675999362476,0.018507351998724955,54.47342139362891,12.60395440908806,2.4027670763216715,1.6571460513336496,5,"{""0"": 0.014518284557285044, ""1"": 0.021210712519990783, ""2"": 0.029180934981205702, ""3"": 0.0075269625175963945, ""4"": 0.028140331025513887, ""5"": 0.010466886390757924}"
control,100,p0.10,nan,1.0,7,0.1,9.9,10.08,1,18,1008,492,1.6286677165156045,50,0.723158461915387,0.014463169238307743,14.340405729176583,13.072852023637868,2.373306173500703,1.87879192134951,6,"{""0"": 0.015465623562100822, ""1"": 0.018588643432712177, ""2"": 0.0068344091738088, ""3"": 0.008010336902848459, ""4"": 0.026568099105253724, ""5"": 0.011311903253122492}"
control,100,p0.10,nan,1.0,7,0.1,9.9,10.08,1,18,1008,492,1.6286677165156045,60,0.7139575015167614,0.01427915003033523,54.41323819500152,13.19914737640054,2.355151325786957,1.9012691958498327,6,"{""0"": 0.013985119092726395, ""1"": 0.016898096876997924, ""2"": 0.008468260651395035, ""3"": 0.006748840185996197, ""4"": 0.027523576469287082, ""5"": 0.012051006905608761}"
control,100,p0.10,nan,1.0,7,0.1,9.9,10.08,1,18,1008,492,1.6286677165156045,70,0.6708210751984212,0.013416421503968426,18.06869278709896,13.828087597426952,2.354916410467305,2.939946522532191,8,"{""0"": 0.01376871761728227, ""1"": 0.011753103728924418, ""2"": 0.0051559214052006586, ""3"": 0.008473798202962554, ""4"": 0.02709041834884398, ""5"": 0.014256569720596662}"
control,100,p0.10,nan,1.0,7,0.1,9.9,10.08,1,18,1008,492,1.6286677165156045,80,0.6976203136407995,0.01395240627281599,19.516703884353404,14.049012829052248,2.3267978611792137,3.3177881727621967,9,"{""0"": 0.014684022106328251, ""1"": 0.010780596500346958, ""2"": 0.004927134527168935, ""3"": 0.0113136047012796, ""4"": 0.027802814738336862, ""5"": 0.014206265063435336}"
control,100,p0.10,nan,1.0,7,0.1,9.9,10.08,1,18,1008,492,1.6286677165156045,90,0.7191839247046974,0.014383678494093948,34.284321852040456,14.228387467192366,2.330021477793352,3.4466548385484232,9,"{""0"": 0.01690040224510365, ""1"": 0.010139165538149768, ""2"": 0.005214806846497288, ""3"": 0.012561071578453192, ""4"": 0.027389112980285613, ""5"": 0.01409751177607419}"
control,100,p0.10,nan,1.0,7,0.1,9.9,10.08,1,18,1008,492,1.6286677165156045,100,0.7527159717333496,0.015054319434666993,29.937486239855215,14.438541044054276,2.3306273759885916,3.4851710471176016,9,"{""0"": 0.01779403245185046, ""1"": 0.009411009658697567, ""2"": 0.005316395320230989, ""3"": 0.016465009852510266, ""4"": 0.026891259234915987, ""5"": 0.01444821008979669}"
control,100,p0.10,nan,1.0,7,0.1,9.9,10.08,1,18,1008,492,1.6286677165156045,110,0.72532529846453,0.014506505969290602,17.453967080379652,14.855553622325031,2.33150524212392,3.646518678723713,8,"{""0"": 0.01898999968711384, ""1"": 0.008776454821081216, ""2"": 0.00536481293951957, ""3"": 0.015091891570592746, ""4"": 0.02209069657832814, ""5"": 0.016725180219108092}"
control,100,p0.10,nan,1.0,7,0.1,9.9,10.08,1,18,1008,492,1.6286677165156045,120,0.7267899263899569,0.014535798527799139,19.747632790233908,15.179960929507994,2.33310834298413,3.2024805183280804,8,"{""0"": 0.020551895059334503, ""1"": 0.008306247705509666, ""2"": 0.005100973082656436, ""3"": 0.013870028053732062, ""4"": 0.02149311940829767, ""5"": 0.017892527857264494}"
control,100,p0.10,nan,1.0,7,0.1,9.9,10.08,1,18,1008,492,1.6286677165156045,130,0.6947734158747932,0.013895468317495867,22.517177256846114,15.322947404117784,2.352879462501603,3.3137189776936613,8,"{""0"": 0.01886466455306701, ""1"": 0.007915970190716078, ""2"": 0.005490103984768061, ""3"": 0.014011278609235508, ""4"": 0.020820268230243376, ""5"": 0.01627052433694517}"
control,100,p0.10,nan,1.0,7,0.1,9.9,10.08,1,18,1008,492,1.6286677165156045,140,0.7078635045987274,0.014157270091974549,16.352733084275776,15.3670682662362,2.3552686918773933,3.2981723623739914,8,"{""0"": 0.019148468923695487, ""1"": 0.008019899604240707, ""2"": 0.005393525674216909, ""3"": 0.01589002057644582, ""4"": 0.020513582016417904, ""5"": 0.015978123756830477}"
control,100,p0.10,nan,1.0,7,0.1,9.9,10.08,1,18,1008,492,1.6286677165156045,150,0.6819777223702758,0.013639554447405517,15.881077802607749,15.485687584856704,2.364587906804349,3.335383658250768,9,"{""0"": 0.017717024775142753, ""1"": 0.007484957778292743, ""2"": 0.00583229063618129, ""3"": 0.0155253270123378, ""4"": 0.020272855666042474, ""5"": 0.015004870816436044}"
control,100,p0.10,nan,1.0,7,0.1,9.9,10.08,1,18,1008,492,1.6286677165156045,160,0.6751417948142396,0.013502835896284796,77.2166392336948,15.5147842810389,2.378246794965489,3.5270914404043667,9,"{""0"": 0.01570942321854159, ""1"": 0.007405672025859035, ""2"": 0.006296593605855968, ""3"": 0.016678992058062652, ""4"": 0.02033496790873407, ""5"": 0.01459136656065545}"
control,100,p0.10,nan,1.0,7,0.1,9.9,10.08,1,18,1008,492,1.6286677165156045,170,0.6654787886168262,0.013309575772336525,20.227922902141103,15.629307466187209,2.383964796775266,3.505467343437409,8,"{""0"": 0.014209389031532866, ""1"": 0.007260523691384654, ""2"": 0.006753330151245367, ""3"": 0.015840220210663926, ""4"": 0.020123536687965293, ""5"": 0.01567045486122704}"
control,100,p0.10,nan,1.0,7,0.1,9.9,10.08,1,18,1008,492,1.6286677165156045,180,0.6581769883150657,0.013163539766301316,94.90781555333686,15.653711142519066,2.38159667978224,3.584782424052834,9,"{""0"": 0.01480183445414604, ""1"": 0.007172686830693949, ""2"": 0.006557364067211342, ""3"": 0.015071893100148583, ""4"": 0.019623990104466946, ""5"": 0.015753470041141034}"
control,100,p0.10,nan,1.0,7,0.1,9.9,10.08,1,18,1008,492,1.6286677165156045,190,0.6505058911170961,0.013010117822341924,15.111685962363428,15.723620144654513,2.3781299689950606,3.5396478777513654,8,"{""0"": 0.013560020010663375, ""1"": 0.0070504840447320844, ""2"": 0.006637455816406626, ""3"": 0.014581859816595067, ""4"": 0.01957213513724063, ""5"": 0.01665875210841376}"
control,100,p0.10,nan,1.0,7,0.1,9.9,10.08,1,18,1008,492,1.6286677165156045,200,0.6480049814925366,0.012960099629850735,18.687135315191284,15.740360641457402,2.374817535173662,3.473692760547223,8,"{""0"": 0.013360203374939053, ""1"": 0.007111211957482437, ""2"": 0.006543048935981922, ""3"": 0.014484439913308722, ""4"": 0.01975841717663499, ""5"": 0.016503276420757294}"
control,100,p0.20,nan,1.0,7,0.2,19.8,19.64,11,29,1964,492,1.4902097759836468,0,1.0058876161476138,0.020117752322952275,nan,0.0,1.4902097759836468,4.20472695482301,7,"{""0"": 0.019997015120037175, ""1"": 0.020904861663001352, ""2"": 0.019672051680443003, ""3"": 0.018702746472591444, ""4"": 0.021790671847712058, ""5"": 0.01963916715392864}"
control,100,p0.20,nan,1.0,7,0.2,19.8,19.64,11,29,1964,492,1.4902097759836468,10,0.9864227964215233,0.01972845592843047,12.194250172950175,12.579662612060302,2.168183914474392,2.0816625223889837,6,"{""0"": 0.019902855821056782, ""1"": 0.03378610755310084, ""2"": 0.009865181851868703, ""3"": 0.004157681437895703, ""4"": 0.027886651214383308, ""5"": 0.022772257692277476}"
control,100,p0.20,nan,1.0,7,0.2,19.8,19.64,11,29,1964,492,1.4902097759836468,20,0.7915036863581787,0.015830073727163576,10.098727589524989,13.099727394154808,2.098763726407306,2.332014421301691,6,"{""0"": 0.018465102332011124, ""1"": 0.019866165000271007, ""2"": 0.005211821175278522, ""3"": 0.00891249336737358, ""4"": 0.0283795027470208, ""5"": 0.014145357741026404}"
control,100,p0.20,nan,1.0,7,0.2,19.8,19.64,11,29,1964,492,1.4902097759836468,30,0.7767459439232048,0.0155349188784641,12.110248971410485,13.089797498001861,2.12999836659708,2.343744445202372,6,"{""0"": 0.0179926983329398, ""1"": 0.019651216969936956, ""2"": 0.006716505797627026, ""3"": 0.008226683941410521, ""4"": 0.02680373595734222, ""5"": 0.013818672271528071}"
control,100,p0.20,nan,1.0,7,0.2,19.8,19.64,11,29,1964,492,1.4902097759836468,40,0.7593767445696212,0.015187534891392426,12.302340129067042,13.211313427466472,2.1406976823013935,1.8233316529716,5,"{""0"": 0.01979307442185359, ""1"": 0.020107875386324674, ""2"": 0.005995619094864074, ""3"": 0.009748093388315818, ""4"": 0.027369193021767137, ""5"": 0.008111354035229276}"
control,100,p0.20,nan,1.0,7,0.2,19.8,19.64,11,29,1964,492,1.4902097759836468,50,0.7828649132786832,0.015657298265573667,27.103315224062428,13.549775718643266,2.147425116604732,1.831472738327114,5,"{""0"": 0.019833732555544624, ""1"": 0.017598835602189243, ""2"": 0.00656691989843036, ""3"": 0.01077656374434665, ""4"": 0.026975243914226, ""5"": 0.012192493878705133}"
control,100,p0.20,nan,1.0,7,0.2,19.8,19.64,11,29,1964,492,1.4902097759836468,60,0.751987498717718,0.015039749974354361,33.50245617259501,13.54592772876702,2.123178236216082,2.0181050268650225,6,"{""0"": 0.019058988055698257, ""1"": 0.017524627803263075, ""2"": 0.006500451297168207, ""3"": 0.008589471567462268, ""4"": 0.025727393739188798, ""5"": 0.012837567383345561}"
control,100,p0.20,nan,1.0,7,0.2,19.8,19.64,11,29,1964,492,1.4902097759836468,70,0.7592334382125678,0.01518466876425136,33.92777116409883,13.676912419838018,2.140510073167393,2.023583793673104,6,"{""0"": 0.019169120894546997, ""1"": 0.017207617133136417, ""2"": 0.006752500542708502, ""3"": 0.008728730463489917, ""4"": 0.025771721033586447, ""5"": 0.013478322518039872}"
control,100,p0.20,nan,1.0,7,0.2,19.8,19.64,11,29,1964,492,1.4902097759836468,80,0.7529180957845297,0.015058361915690597,22.253522386564786,13.866962328246007,2.203031221212405,1.9170902565179118,5,"{""0"": 0.0194298239834999, ""1"": 0.017476807597507076, ""2"": 0.006565322016237359, ""3"": 0.008455564987373163, ""4"": 0.02491220326071869, ""5"": 0.013510449648807387}"
control,100,p0.20,nan,1.0,7,0.2,19.8,19.64,11,29,1964,492,1.4902097759836468,90,0.7474150563111821,0.014948301126223645,106.00357290958226,14.000113208249767,2.2239483237828357,2.048146441531027,6,"{""0"": 0.01923130060409569, ""1"": 0.017850788501079705, ""2"": 0.006690094468177659, ""3"": 0.007810253568999839, ""4"": 0.024299220869836928, ""5"": 0.01380814874515204}"
control,100,p0.20,nan,1.0,7,0.2,19.8,19.64,11,29,1964,492,1.4902097759836468,100,0.744660937044391,0.014893218740887821,101.35462062062534,14.012986953002587,2.2314001286933003,2.088417565049902,6,"{""0"": 0.019282091294681426, ""1"": 0.01763754893530354, ""2"": 0.006960986508953526, ""3"": 0.007837824268379548, ""4"": 0.0242445627171961, ""5"": 0.013396298720812785}"
control,100,p0.20,nan,1.0,7,0.2,19.8,19.64,11,29,1964,492,1.4902097759836468,110,0.7291874630037579,0.01458374926007516,26.912376559036666,14.220942000373563,2.2446326761109794,2.2167061580772263,6,"{""0"": 0.0189946125616468, ""1"": 0.015657952746053975, ""2"": 0.007122590271958347, ""3"": 0.008224664919082749, ""4"": 0.023952656660281665, ""5"": 0.013550018401427416}"
control,100,p0.20,nan,1.0,7,0.2,19.8,19.64,11,29,1964,492,1.4902097759836468,120,0.7249770471305425,0.014499540942610852,84.02396805302611,14.219778696700757,2.222012492272545,2.2592405598273575,6,"{""0"": 0.018832066020009884, ""1"": 0.015375394729295406, ""2"": 0.0071383327261757695, ""3"": 0.008571263831714363, ""4"": 0.024648487136771285, ""5"": 0.01243170121169841}"
control,100,p0.20,nan,1.0,7,0.2,19.8,19.64,11,29,1964,492,1.4902097759836468,130,0.7176134055372202,0.014352268110744406,45.852654123708696,14.413021378620021,2.275085935563328,2.2755680935219647,6,"{""0"": 0.0189025434107378, ""1"": 0.014700322051003448, ""2"": 0.007444753119704972, ""3"": 0.008324040070224383, ""4"": 0.02449909683725998, ""5"": 0.012242853175535855}"
control,100,p0.20,nan,1.0,7,0.2,19.8,19.64,11,29,1964,492,1.4902097759836468,140,0.7104854424104018,0.014209708848208038,13.811151499007636,14.469621317573512,2.3014719685031326,2.29950087740514,6,"{""0"": 0.01882904370582863, ""1"": 0.015160928121307283, ""2"": 0.007449941958493756, ""3"": 0.008096096133736465, ""4"": 0.024381868448536712, ""5"": 0.011340374721345373}"
control,100,p0.20,nan,1.0,7,0.2,19.8,19.64,11,29,1964,492,1.4902097759836468,150,0.713038125834452,0.014260762516689044,33.73426748795767,14.538105703252736,2.30693460460178,2.291295771959756,6,"{""0"": 0.01891210246019192, ""1"": 0.015138818809796298, ""2"": 0.007639199131906481, ""3"": 0.008430569322197465, ""4"": 0.024168222412750136, ""5"": 0.011275662963291957}"
control,100,p0.20,nan,1.0,7,0.2,19.8,19.64,11,29,1964,492,1.4902097759836468,160,0.7045710949327754,0.01409142189865551,22.20170268141796,14.572348002397517,2.3160790289889523,2.319868066373073,7,"{""0"": 0.018721507666262578, ""1"": 0.015299386085889561, ""2"": 0.007769281931116282, ""3"": 0.008099411690908428, ""4"": 0.02397160715276575, ""5"": 0.010687336864990446}"
control,100,p0.20,nan,1.0,7,0.2,19.8,19.64,11,29,1964,492,1.4902097759836468,170,0.6935194275656194,0.013870388551312389,24.21328911816018,14.65049222081475,2.3179078604512333,2.20024454081659,6,"{""0"": 0.018716854676206648, ""1"": 0.015071770954778407, ""2"": 0.007569435799042829, ""3"": 0.008657536698941388, ""4"": 0.02441983295822922, ""5"": 0.008786900220675842}"
control,100,p0.20,nan,1.0,7,0.2,19.8,19.64,11,29,1964,492,1.4902097759836468,180,0.6863008004532148,0.0137260160090643,85.02912004761811,14.668278975134184,2.3135265136157,2.1725599690505875,6,"{""0"": 0.018395817636019895, ""1"": 0.014723138075431633, ""2"": 0.007795012417499353, ""3"": 0.009036980614911531, ""4"": 0.024121396362873325, ""5"": 0.008283750947650046}"
control,100,p0.20,nan,1.0,7,0.2,19.8,19.64,11,29,1964,492,1.4902097759836468,190,0.6806346286117251,0.013612692572234504,33.148401026097346,14.699283030122055,2.3193253870056636,2.2629687636821028,6,"{""0"": 0.018156849786403192, ""1"": 0.014931736921558067, ""2"": 0.008004594612899424, ""3"": 0.008774087888782185, ""4"": 0.02322320938390949, ""5"": 0.008585676839854657}"
control,100,p0.20,nan,1.0,7,0.2,19.8,19.64,11,29,1964,492,1.4902097759836468,200,0.6744164692533203,0.01348832938506641,7.033290463657791,14.692311374604708,2.3316668025658736,2.2652150134374227,6,"{""0"": 0.017962973473834656, ""1"": 0.014963340748210246, ""2"": 0.007873231404674993, ""3"": 0.008502092400069074, ""4"": 0.0230958000343642, ""5"": 0.008532538249245287}"
control,100,p0.40,nan,1.0,7,0.4,39.6,40.09,27,53,4009,492,1.6649919325742368,0,1.0148549736247734,0.02029709947249547,nan,0.0,1.6649919325742368,2.8641388167111286,6,"{""0"": 0.020009749016616042, ""1"": 0.017459513498846987, ""2"": 0.01995142188458865, ""3"": 0.022812543205536752, ""4"": 0.02093959145066072, ""5"": 0.02060977777872366}"
control,100,p0.40,nan,1.0,7,0.4,39.6,40.09,27,53,4009,492,1.6649919325742368,10,1.0419615218731653,0.020839230437463305,6.525760958495741,11.293476801315263,2.2934994361917216,1.529476942593305,4,"{""0"": 0.0027041999471875476, ""1"": 0.035504266063757506, ""2"": 0.01854346187403192, ""3"": 0.004580876955244317, ""4"": 0.029074456208483517, ""5"": 0.03462812157607502}"
control,100,p0.40,nan,1.0,7,0.4,39.6,40.09,27,53,4009,492,1.6649919325742368,20,0.9268629427376937,0.018537258854753876,10.377657506817608,11.351789619126563,2.0675461890222815,3.10784470367174,8,"{""0"": 0.005354216650346756, ""1"": 0.0264563163543032, ""2"": 0.013711751132390218, ""3"": 0.017139158536794694, ""4"": 0.026757280827800024, ""5"": 0.021804829626888362}"
control,100,p0.40,nan,1.0,7,0.4,39.6,40.09,27,53,4009,492,1.6649919325742368,30,0.9342750043305571,0.018685500086611146,63.64621918710599,11.548050591495754,2.0271963953792995,4.471726469729846,9,"{""0"": 0.005356168666010771, ""1"": 0.017853462117039014, ""2"": 0.015156211591372116, ""3"": 0.02293295588889646, ""4"": 0.026053470153939835, ""5"": 0.02476073210240868}"
control,100,p0.40,nan,1.0,7,0.4,39.6,40.09,27,53,4009,492,1.6649919325742368,40,0.8750137042980546,0.017500274085961092,18.285963656789978,11.814541477029856,2.04142642516295,4.405546082168251,9,"{""0"": 0.006748304793906976, ""1"": 0.016205190812851943, ""2"": 0.01376576903226771, ""3"": 0.022175603545709778, ""4"": 0.024514001823569373, ""5"": 0.02159277450746077}"
control,100,p0.40,nan,1.0,7,0.4,39.6,40.09,27,53,4009,492,1.6649919325742368,50,0.903535319756221,0.018070706395124425,14.058097145147208,12.254914044977799,2.0002784698449556,4.315935708125272,9,"{""0"": 0.006589617299501649, ""1"": 0.015515762084081888, ""2"": 0.017664205550794697, ""3"": 0.020578729910464704, ""4"": 0.02518628708020067, ""5"": 0.02288963644570293}"
control,100,p0.40,nan,1.0,7,0.4,39.6,40.09,27,53,4009,492,1.6649919325742368,60,0.8973912586327,0.017947825172654,38.36195392844766,12.33623623131263,1.945893408466436,4.555753794386289,9,"{""0"": 0.0069489379152224305, ""1"": 0.016078616800809832, ""2"": 0.019533006895104982, ""3"": 0.01870883945431904, ""4"": 0.023722795055342062, ""5"": 0.02269475491512566}"
control,100,p0.40,nan,1.0,7,0.4,39.6,40.09,27,53,4009,492,1.6649919325742368,70,0.8688532880689978,0.01737706576137996,34.40600095750034,12.563024604275789,2.0166892311863847,4.122724085801443,9,"{""0"": 0.006083343595653033, ""1"": 0.015877606902264464, ""2"": 0.019136780535419198, ""3"": 0.014194909512553772, ""4"": 0.02526627369339506, ""5"": 0.02370348032899422}"
control,100,p0.40,nan,1.0,7,0.4,39.6,40.09,27,53,4009,492,1.6649919325742368,80,0.8508248483736591,0.017016496967473184,28.005487772724365,12.496524045582373,2.0564069605918234,3.9325111415476695,8,"{""0"": 0.006552529497569459, ""1"": 0.017021865437818796, ""2"": 0.01827619096235739, ""3"": 0.013330609452068678, ""4"": 0.02389936792243368, ""5"": 0.02301841853259111}"
control,100,p0.40,nan,1.0,7,0.4,39.6,40.09,27,53,4009,492,1.6649919325742368,90,0.86279160600028,0.0172558321200056,57.76485895797651,12.574384897954337,2.039934179964654,4.288906184511754,9,"{""0"": 0.006826032540112765, ""1"": 0.01771542637952006, ""2"": 0.019190323008441423, ""3"": 0.012786869932167997, ""4"": 0.02464141962620941, ""5"": 0.02237492123358196}"
control,100,p0.40,nan,1.0,7,0.4,39.6,40.09,27,53,4009,492,1.6649919325742368,100,0.8691848351116986,0.017383696702233976,38.216439027532246,12.594197071555845,2.011688369840426,4.468863354132584,9,"{""0"": 0.006683099164803437, ""1"": 0.01679194328598589, ""2"": 0.019433721494759033, ""3"": 0.014048849854867668, ""4"": 0.024655252436463916, ""5"": 0.022689313976523896}"
control,100,p0.40,nan,1.0,7,0.4,39.6,40.09,27,53,4009,492,1.6649919325742368,110,0.8739953475553716,0.017479906951107432,35.62270814957213,12.71609623103527,2.0193921634251017,4.6248459514328415,9,"{""0"": 0.0062251951270113366, ""1"": 0.01638239236097157, ""2"": 0.019495800123010082, ""3"": 0.015138854384025346, ""4"": 0.025229092093176912, ""5"": 0.022408107618449344}"
control,100,p0.40,nan,1.0,7,0.4,39.6,40.09,27,53,4009,492,1.6649919325742368,120,0.8778051245248647,0.017556102490497296,40.05857930202486,12.806388109655288,2.0113017190967013,4.676782277185832,9,"{""0"": 0.005727218354265236, ""1"": 0.01634707575718853, ""2"": 0.019306207616366727, ""3"": 0.014626192224408132, ""4"": 0.02668142585534831, ""5"": 0.022648495135406843}"
control,100,p0.40,nan,1.0,7,0.4,39.6,40.09,27,53,4009,492,1.6649919325742368,130,0.9055965242560055,0.018111930485120113,33.5908106952912,12.967726437979216,2.0386836982889607,4.442875680226464,9,"{""0"": 0.004537125789911943, ""1"": 0.01680851709838618, ""2"": 0.01938334994996106, ""3"": 0.014003053122917327, ""4"": 0.03138981477702251, ""5"": 0.022549722172521637}"
control,100,p0.40,nan,1.0,7,0.4,39.6,40.09,27,53,4009,492,1.6649919325742368,140,0.9015123424218144,0.01803024684843629,35.30855392177731,13.010257002135619,2.0361580116845186,4.489861212029289,9,"{""0"": 0.004418275113704034, ""1"": 0.016580516547174955, ""2"": 0.019362895067625865, ""3"": 0.014164954686862897, ""4"": 0.031724539885252714, ""5"": 0.02193029978999728}"
control,100,p0.40,nan,1.0,7,0.4,39.6,40.09,27,53,4009,492,1.6649919325742368,150,0.8816244761934461,0.01763248952386892,44.083688844663484,13.097694732449412,2.0190276128492846,4.085833414747573,9,"{""0"": 0.003667672581037651, ""1"": 0.016074755106882506, ""2"": 0.018735987223469912, ""3"": 0.014310184043895707, ""4"": 0.03188693233732509, ""5"": 0.021119405850602683}"
control,100,p0.40,nan,1.0,7,0.4,39.6,40.09,27,53,4009,492,1.6649919325742368,160,0.8968452033120984,0.01793690406624197,39.63876733067264,13.21894579420806,2.0497078506844546,3.9131674075931633,9,"{""0"": 0.003415209023937255, ""1"": 0.016286347408012415, ""2"": 0.020361901282863703, ""3"": 0.01430567002682176, ""4"": 0.03246449684185292, ""5"": 0.02078779981396376}"
control,100,p0.40,nan,1.0,7,0.4,39.6,40.09,27,53,4009,492,1.6649919325742368,170,0.8957584511519929,0.01791516902303986,39.351360144443106,13.229963175347446,2.0602395102519124,4.249869202972439,9,"{""0"": 0.004136400213507996, ""1"": 0.01636338757326585, ""2"": 0.01954067526143905, ""3"": 0.014278426187707841, ""4"": 0.03244242401149881, ""5"": 0.020729700890819595}"
control,100,p0.40,nan,1.0,7,0.4,39.6,40.09,27,53,4009,492,1.6649919325742368,180,0.8955711861895399,0.0179114237237908,57.10531227520597,13.279383869676861,2.0394648792627974,4.2503988433123245,9,"{""0"": 0.004225721583723899, ""1"": 0.0161721732170862, ""2"": 0.019733308779069585, ""3"": 0.014378468904120218, ""4"": 0.03220396311804537, ""5"": 0.020754906740699526}"
control,100,p0.40,nan,1.0,7,0.4,39.6,40.09,27,53,4009,492,1.6649919325742368,190,0.9014549262747648,0.018029098525495297,33.51100959087832,13.330956739094715,2.0598488126577177,4.278817505069168,9,"{""0"": 0.004560665923184154, ""1"": 0.016577247903723766, ""2"": 0.02000763234960033, ""3"": 0.014258204742521183, ""4"": 0.03212924971887825, ""5"": 0.0206415905150641}"
control,100,p0.40,nan,1.0,7,0.4,39.6,40.09,27,53,4009,492,1.6649919325742368,200,0.9045794215053466,0.018091588430106935,21.978787728737096,13.354051361067718,2.063373431949902,4.2077265477264945,9,"{""0"": 0.004536374319900352, ""1"": 0.01708812060132713, ""2"": 0.020225341614914127, ""3"": 0.013739874153047477, ""4"": 0.03231863471372205, ""5"": 0.02064118517773048}"
