arm,n_units,condition,frozen_fraction,gain_scale,seed,p_value,expected_in_degree,realized_degree_mean,realized_degree_min,realized_degree_max,synapse_count,plastic_weight_count,initial_spectral_radius,checkpoint_trial,heldout_nmse,heldout_raw_mse,online_feedback_loss,weight_change_fro,spectral_radius,d_pr,d90,per_target_mse_json
control,200,p0.05,nan,1.0,0,0.05,9.950000000000001,9.87,3,19,1974,1974,1.495341793531799,0,1.0081604579000314,0.02016320915800063,nan,0.0,1.495341793531799,4.161438724175539,12,"{""0"": 0.01939779880024295, ""1"": 0.022245084165017248, ""2"": 0.020246737073061342, ""3"": 0.01993216135145297, ""4"": 0.02001185359295906, ""5"": 0.019145619965270207}"
control,200,p0.05,nan,1.0,0,0.05,9.950000000000001,9.87,3,19,1974,1974,1.495341793531799,10,1.180356017374984,0.023607120347499684,11.050069910499218,13.928758970629447,2.247259938965362,3.7739602090698936,10,"{""0"": 0.022807611081391517, ""1"": 0.03459377392142185, ""2"": 0.03581020738473513, ""3"": 0.03195730401199266, ""4"": 0.010063220585534747, ""5"": 0.0064106050999222074}"
control,200,p0.05,nan,1.0,0,0.05,9.950000000000001,9.87,3,19,1974,1974,1.495341793531799,20,0.7560539281628684,0.015121078563257371,3.9234081543252186,14.903176318564695,2.1722464939139723,4.003472172317492,11,"{""0"": 0.02164851254959317, ""1"": 0.01768900714823226, ""2"": 0.020784255477740453, ""3"": 0.017898745674068423, ""4"": 0.004231604352582267, ""5"": 0.00847434617732765}"
control,200,p0.05,nan,1.0,0,0.05,9.950000000000001,9.87,3,19,1974,1974,1.495341793531799,30,0.7198663458109611,0.014397326916219224,9.862731631085717,15.274979955253864,2.1494713686036224,4.0352733122376065,11,"{""0"": 0.01883714174025015, ""1"": 0.02356591251108635, ""2"": 0.012630733253720276, ""3"": 0.020076013109942906, ""4"": 0.004798039086692492, ""5"": 0.00647612179562318}"
control,200,p0.05,nan,1.0,0,0.05,9.950000000000001,9.87,3,19,1974,1974,1.495341793531799,40,0.6759291213575508,0.013518582427151019,38.67002717546034,15.765316798103003,2.114906158042944,4.2418061619255845,12,"{""0"": 0.02299107296170357, ""1"": 0.015385108802018007, ""2"": 0.020926078997237047, ""3"": 0.012985022633830293, ""4"": 0.005302592588993947, ""5"": 0.0035216185791232396}"
control,200,p0.05,nan,1.0,0,0.05,9.950000000000001,9.87,3,19,1974,1974,1.495341793531799,50,0.6421715357415051,0.012843430714830104,6.066526118680222,16.19394470078475,2.1880798265092176,4.2573384615231795,12,"{""0"": 0.022523658040518254, ""1"": 0.013367237128687637, ""2"": 0.023432740561388214, ""3"": 0.008797825831880084, ""4"": 0.005269980613094265, ""5"": 0.0036691421134121814}"
control,200,p0.05,nan,1.0,0,0.05,9.950000000000001,9.87,3,19,1974,1974,1.495341793531799,60,0.5189435324746011,0.010378870649492025,3.5663066437374247,16.62670539762944,2.1862046721254034,4.3676444877400575,12,"{""0"": 0.018463337581738, ""1"": 0.012851931588760671, ""2"": 0.013502806118506128, ""3"": 0.008061088917446628, ""4"": 0.003963165357203943, ""5"": 0.005430894333296775}"
control,200,p0.05,nan,1.0,0,0.05,9.950000000000001,9.87,3,19,1974,1974,1.495341793531799,70,0.5288086209630474,0.010576172419260949,16.62456330251238,16.8433627207541,2.166190933818961,4.532070756767844,12,"{""0"": 0.01643374907695908, ""1"": 0.012970498321481014, ""2"": 0.01688777537281847, ""3"": 0.007906967387752071, ""4"": 0.004390862244467025, ""5"": 0.004867182112088019}"
control,200,p0.05,nan,1.0,0,0.05,9.950000000000001,9.87,3,19,1974,1974,1.495341793531799,80,0.4826566039288082,0.009653132078576166,4.171401761527156,17.003261538485127,2.135871813065067,4.465138350593812,12,"{""0"": 0.018836272932439446, ""1"": 0.011962846434965108, ""2"": 0.011305100244331607, ""3"": 0.00792759578183842, ""4"": 0.003766391898834042, ""5"": 0.004120585179048378}"
control,200,p0.05,nan,1.0,0,0.05,9.950000000000001,9.87,3,19,1974,1974,1.495341793531799,90,0.48770041674293824,0.009754008334858765,1.9458025197721773,17.161747884875314,2.1407722133961737,4.382526668591099,12,"{""0"": 0.0192920470868645, ""1"": 0.012924203174733192, ""2"": 0.01095633449845563, ""3"": 0.008025372249060737, ""4"": 0.003085135748870264, ""5"": 0.004240957251168271}"
control,200,p0.05,nan,1.0,0,0.05,9.950000000000001,9.87,3,19,1974,1974,1.495341793531799,100,0.5176352333740952,0.010352704667481906,22.773438924968797,17.304091996581416,2.1426841741966336,4.270572472744021,12,"{""0"": 0.018215118342179475, ""1"": 0.013322154378978579, ""2"": 0.01598827926958655, ""3"": 0.006988754106152306, ""4"": 0.0032086008535522916, ""5"": 0.004393321054442232}"
control,200,p0.05,nan,1.0,0,0.05,9.950000000000001,9.87,3,19,1974,1974,1.495341793531799,110,0.466370883871679,0.009327417677433582,3.4832691443487787,17.35850843247145,2.1386659250437408,4.193045771239537,12,"{""0"": 0.017118874536701533, ""1"": 0.012324734735820192, ""2"": 0.012669640535904211, ""3"": 0.006734453241784445, ""4"": 0.002846812441394712, ""5"": 0.004269990572996396}"
control,200,p0.05,nan,1.0,0,0.05,9.950000000000001,9.87,3,19,1974,1974,1.495341793531799,120,0.4478773032126825,0.008957546064253651,3.216733348190722,17.34860475804547,2.1519474625687542,4.062848843654238,12,"{""0"": 0.016003311253643494, ""1"": 0.01145381562894963, ""2"": 0.01276988717109496, ""3"": 0.006261507061110494, ""4"": 0.0027845019669914756, ""5"": 0.004472253303731856}"
control,200,p0.05,nan,1.0,0,0.05,9.950000000000001,9.87,3,19,1974,1974,1.495341793531799,130,0.45078547141096986,0.0090157094282194,2.4749281488910477,17.46907601313288,2.160285838768348,3.992947237963068,12,"{""0"": 0.016106602663607677, ""1"": 0.0119597762118966, ""2"": 0.01308120234488661, ""3"": 0.00584391632320713, ""4"": 0.0026937716570850415, ""5"": 0.00440898736863334}"
control,200,p0.05,nan,1.0,0,0.05,9.950000000000001,9.87,3,19,1974,1974,1.495341793531799,140,0.46297844151866013,0.009259568830373203,1.6117824974970694,17.599135696957187,2.1648372029650926,4.0575366555605745,12,"{""0"": 0.017283229596967535, ""1"": 0.013210523249966136, ""2"": 0.01274272534782489, ""3"": 0.0055953471332226305, ""4"": 0.002690146732614861, ""5"": 0.004035440921643178}"
control,200,p0.05,nan,1.0,0,0.05,9.950000000000001,9.87,3,19,1974,1974,1.495341793531799,150,0.43630555950129707,0.008726111190025943,3.735535510121231,17.615317744816853,2.1629979061144535,4.132027098032647,12,"{""0"": 0.01748783861504725, ""1"": 0.01101512685469877, ""2"": 0.011968556877746405, ""3"": 0.005627159939332259, ""4"": 0.0023596983077875024, ""5"": 0.0038982865455434628}"
control,200,p0.05,nan,1.0,0,0.05,9.950000000000001,9.87,3,19,1974,1974,1.495341793531799,160,0.4553014962413228,0.009106029924826457,7.057958744546184,17.730447258582885,2.1539494251397016,4.3527244489728885,13,"{""0"": 0.019684749847384227, ""1"": 0.012171555088378761, ""2"": 0.011202839693421892, ""3"": 0.005615412395554341, ""4"": 0.0024417557363304995, ""5"": 0.0035198667878890214}"
control,200,p0.05,nan,1.0,0,0.05,9.950000000000001,9.87,3,19,1974,1974,1.495341793531799,170,0.4601382325857817,0.009202764651715635,4.0918469806800495,17.79250530009773,2.1492128795453063,4.306955475620485,13,"{""0"": 0.0204427805139612, ""1"": 0.011747689665281424, ""2"": 0.011465952143378325, ""3"": 0.005669694129770781, ""4"": 0.0024235555360616634, ""5"": 0.0034669159218404175}"
control,200,p0.05,nan,1.0,0,0.05,9.950000000000001,9.87,3,19,1974,1974,1.495341793531799,180,0.43367718136732203,0.008673543627346443,6.461981472895557,17.84273085216599,2.1503141759633966,4.320503076619579,13,"{""0"": 0.01859969059246245, ""1"": 0.011179448120665283, ""2"": 0.010917352850608384, ""3"": 0.005705541824006578, ""4"": 0.0023379059171299435, ""5"": 0.003301322459206009}"
control,200,p0.05,nan,1.0,0,0.05,9.950000000000001,9.87,3,19,1974,1974,1.495341793531799,190,0.4412486505609646,0.008824973011219293,15.098140296237828,17.92675788192049,2.1420560037671947,4.299533424248731,13,"{""0"": 0.018584223319594376, ""1"": 0.011669149274008379, ""2"": 0.011425506611185805, ""3"": 0.0056425164272360774, ""4"": 0.0023421856703280106, ""5"": 0.0032862567649631176}"
control,200,p0.05,nan,1.0,0,0.05,9.950000000000001,9.87,3,19,1974,1974,1.495341793531799,200,0.45477199643865907,0.009095439928773182,29.574200435065478,17.994926303220137,2.1315800189093834,4.2744331839764325,13,"{""0"": 0.01759116100499616, ""1"": 0.013950065592264495, ""2"": 0.011450854751421147, ""3"": 0.005890888131592531, ""4"": 0.0024148348550898074, ""5"": 0.0032748352372749547}"
control,200,p0.10,nan,1.0,0,0.1,19.900000000000002,20.28,10,31,4056,1974,1.5261308668644236,0,1.0523654394979627,0.02104730878995926,nan,0.0,1.5261308668644236,5.037788459565855,14,"{""0"": 0.02007256460092364, ""1"": 0.022345534935921542, ""2"": 0.02208188591723994, ""3"": 0.02120786429648141, ""4"": 0.021529426763822964, ""5"": 0.019046576225366048}"
control,200,p0.10,nan,1.0,0,0.1,19.900000000000002,20.28,10,31,4056,1974,1.5261308668644236,10,1.0552991264038158,0.02110598252807632,3.4730482879580684,15.003439126640915,1.955306526070863,3.2514807906831678,10,"{""0"": 0.02513459999407237, ""1"": 0.017418793105277837, ""2"": 0.04282075253659105, ""3"": 0.014764763311445434, ""4"": 0.01675048153060071, ""5"": 0.009746504690470522}"
control,200,p0.10,nan,1.0,0,0.1,19.900000000000002,20.28,10,31,4056,1974,1.5261308668644236,20,0.9443437326243971,0.018886874652487944,9.089997906509396,15.564632295631732,2.048277587205358,3.178519649644525,11,"{""0"": 0.031676947637107725, ""1"": 0.011981463088886087, ""2"": 0.030265939415332642, ""3"": 0.00957337228154371, ""4"": 0.012178461102023669, ""5"": 0.017645064390033834}"
control,200,p0.10,nan,1.0,0,0.1,19.900000000000002,20.28,10,31,4056,1974,1.5261308668644236,30,0.8583348743137751,0.017166697486275504,36.535487738073435,16.343756204878474,2.035528774026206,2.9965223008654407,11,"{""0"": 0.031263662529188205, ""1"": 0.015362490120606606, ""2"": 0.013005860082749676, ""3"": 0.012442158706944784, ""4"": 0.010897820475287614, ""5"": 0.020028193002876143}"
control,200,p0.10,nan,1.0,0,0.1,19.900000000000002,20.28,10,31,4056,1974,1.5261308668644236,40,0.7183526132126307,0.014367052264252615,13.573380596939511,16.26413795850466,1.976260839844954,2.91787835878733,11,"{""0"": 0.022881370092027516, ""1"": 0.01267726499046395, ""2"": 0.019086683196165265, ""3"": 0.01066021601854399, ""4"": 0.008049782959978736, ""5"": 0.012846996328336238}"
control,200,p0.10,nan,1.0,0,0.1,19.900000000000002,20.28,10,31,4056,1974,1.5261308668644236,50,0.7299016450944896,0.014598032901889794,8.605366033269265,16.234898354102317,1.968909740904759,3.2868542023165026,12,"{""0"": 0.023545719693670343, ""1"": 0.015276891651220231, ""2"": 0.0169689855081638, ""3"": 0.009507626041001764, ""4"": 0.0071229001066764625, ""5"": 0.015166074410606162}"
control,200,p0.10,nan,1.0,0,0.1,19.900000000000002,20.28,10,31,4056,1974,1.5261308668644236,60,0.5607645631156183,0.011215291262312367,9.472066837666642,16.362396542151906,1.967609226823238,3.2504163087636804,12,"{""0"": 0.017978980022255384, ""1"": 0.010497374539312659, ""2"": 0.010763662954943295, ""3"": 0.010208793168631675, ""4"": 0.005689463335236658, ""5"": 0.012153473553494531}"
control,200,p0.10,nan,1.0,0,0.1,19.900000000000002,20.28,10,31,4056,1974,1.5261308668644236,70,0.5865469049473044,0.011730938098946089,7.515202910377538,16.25505856845282,1.9630784040211064,3.535128630593097,12,"{""0"": 0.017081531316997505, ""1"": 0.011521594070811788, ""2"": 0.010869143619252588, ""3"": 0.012396141306296916, ""4"": 0.00677533517769263, ""5"": 0.011741883102625106}"
control,200,p0.10,nan,1.0,0,0.1,19.900000000000002,20.28,10,31,4056,1974,1.5261308668644236,80,0.5970517739372861,0.011941035478745725,19.423494900315298,16.29094176510193,1.9501924261864525,3.2022104995010396,12,"{""0"": 0.018545255727374525, ""1"": 0.011578177661146183, ""2"": 0.011839296817343286, ""3"": 0.012019040589841838, ""4"": 0.0053086926473040535, ""5"": 0.012355749429464465}"
control,200,p0.10,nan,1.0,0,0.1,19.900000000000002,20.28,10,31,4056,1974,1.5261308668644236,90,0.6116059411122615,0.01223211882224523,19.197985358381413,16.414539737071124,1.9597672698052107,3.228507311524379,12,"{""0"": 0.02099984479420659, ""1"": 0.010986051297723395, ""2"": 0.01077519991092476, ""3"": 0.013475358627060337, ""4"": 0.00559896331319188, ""5"": 0.01155729499036442}"
control,200,p0.10,nan,1.0,0,0.1,19.900000000000002,20.28,10,31,4056,1974,1.5261308668644236,100,0.5759206530172155,0.011518413060344313,18.768095907923378,16.479934260083954,1.9506759497359751,3.202454362882993,12,"{""0"": 0.018690944397059123, ""1"": 0.011514593425095981, ""2"": 0.010608038025083649, ""3"": 0.011194478486845693, ""4"": 0.005431868906593675, ""5"": 0.011670555121387755}"
control,200,p0.10,nan,1.0,0,0.1,19.900000000000002,20.28,10,31,4056,1974,1.5261308668644236,110,0.5662496126192625,0.011324992252385252,8.257955222308839,16.65549733251568,1.9473767553993016,3.11476233037064,12,"{""0"": 0.018065056527818764, ""1"": 0.011636808914392064, ""2"": 0.010194554784324997, ""3"": 0.01163368235418758, ""4"": 0.004958588878694651, ""5"": 0.011461262054893461}"
control,200,p0.10,nan,1.0,0,0.1,19.900000000000002,20.28,10,31,4056,1974,1.5261308668644236,120,0.5480248182512261,0.010960496365024523,7.076133633141789,16.765957275792708,1.9476959079003544,2.8967359571836355,11,"{""0"": 0.016324448713357826, ""1"": 0.012276139020573744, ""2"": 0.010075727888967188, ""3"": 0.01110030611125099, ""4"": 0.004024865715837534, ""5"": 0.011961490740159845}"
control,200,p0.10,nan,1.0,0,0.1,19.900000000000002,20.28,10,31,4056,1974,1.5261308668644236,130,0.5319797539688256,0.010639595079376512,12.12392609667935,16.808681239564503,1.9474208235157875,2.7459236466819044,11,"{""0"": 0.015442527841672105, ""1"": 0.011887237727171441, ""2"": 0.010130331862645534, ""3"": 0.011199440383839288, ""4"": 0.003813273567252708, ""5"": 0.011364759093678005}"
control,200,p0.10,nan,1.0,0,0.1,19.900000000000002,20.28,10,31,4056,1974,1.5261308668644236,140,0.5330284135580786,0.010660568271161573,3.5716040469965367,16.875398931874727,1.9391304708287802,2.7888404190989107,11,"{""0"": 0.015241182346143977, ""1"": 0.012903495179536897, ""2"": 0.010717749250955247, ""3"": 0.009208878941923418, ""4"": 0.0035787671677080706, ""5"": 0.012313336740701834}"
control,200,p0.10,nan,1.0,0,0.1,19.900000000000002,20.28,10,31,4056,1974,1.5261308668644236,150,0.5396779733701396,0.010793559467402791,26.65691187209474,17.024213991130033,1.9444142629763854,2.822960593627812,11,"{""0"": 0.01632266742407854, ""1"": 0.012376911536309845, ""2"": 0.010405303886740694, ""3"": 0.00976772695793835, ""4"": 0.003588142215395203, ""5"": 0.012300604783954125}"
control,200,p0.10,nan,1.0,0,0.1,19.900000000000002,20.28,10,31,4056,1974,1.5261308668644236,160,0.5430435499673893,0.010860870999347788,19.361947137680932,16.97599089447178,1.935306230607013,2.9516098678083016,12,"{""0"": 0.01710333521627881, ""1"": 0.013202153513075318, ""2"": 0.010027351544761276, ""3"": 0.009274731851969848, ""4"": 0.0038010515679382044, ""5"": 0.011756602302063272}"
control,200,p0.10,nan,1.0,0,0.1,19.900000000000002,20.28,10,31,4056,1974,1.5261308668644236,170,0.5310525269814134,0.010621050539628269,17.188786301059967,17.0175938017916,1.9413926726409696,3.0971566418536107,12,"{""0"": 0.01583617983973965, ""1"": 0.014101396406398691, ""2"": 0.009701434384192081, ""3"": 0.009248398422402233, ""4"": 0.003945199187996766, ""5"": 0.010893694997040192}"
control,200,p0.10,nan,1.0,0,0.1,19.900000000000002,20.28,10,31,4056,1974,1.5261308668644236,180,0.5318495813288295,0.010636991626576593,3.524710306941773,17.054042268806977,1.945018944515656,2.950092050286358,12,"{""0"": 0.013881613963440897, ""1"": 0.014255160976424213, ""2"": 0.010043813758323469, ""3"": 0.009784465619468129, ""4"": 0.003769596770402394, ""5"": 0.012087298671400452}"
control,200,p0.10,nan,1.0,0,0.1,19.900000000000002,20.28,10,31,4056,1974,1.5261308668644236,190,0.49468902322425584,0.009893780464485118,20.213321513569298,17.101499405705777,1.9388874593918877,2.912387689009944,12,"{""0"": 0.011339871385083373, ""1"": 0.013946157960244149, ""2"": 0.009639202397262575, ""3"": 0.009929162436379316, ""4"": 0.0035299124826945355, ""5"": 0.010978376125246766}"
control,200,p0.10,nan,1.0,0,0.1,19.900000000000002,20.28,10,31,4056,1974,1.5261308668644236,200,0.4977536860974695,0.009955073721949391,3.401792547742311,17.18081325912172,1.9393640969187016,2.948933284078656,12,"{""0"": 0.011191911614403725, ""1"": 0.014266932919321063, ""2"": 0.009292570723781705, ""3"": 0.009699050710975937, ""4"": 0.0034703555890282394, ""5"": 0.01180962077418568}"
control,200,p0.20,nan,1.0,0,0.2,39.800000000000004,39.795,28,55,7959,1974,1.5902336701522826,0,1.0176576351735855,0.02035315270347171,nan,0.0,1.5902336701522826,8.048727102259546,14,"{""0"": 0.01969692597644666, ""1"": 0.021540779339664, ""2"": 0.02186483368514875, ""3"": 0.01872077793697389, ""4"": 0.021926254624579405, ""5"": 0.01836934465801757}"
control,200,p0.20,nan,1.0,0,0.2,39.800000000000004,39.795,28,55,7959,1974,1.5902336701522826,10,0.6692943996225734,0.01338588799245147,17.66133201596123,13.572398740126754,1.9782951067056656,3.3156433602556605,11,"{""0"": 0.015792038684115745, ""1"": 0.012321943947961947, ""2"": 0.006353692272790664, ""3"": 0.022046310307544816, ""4"": 0.013038855946609158, ""5"": 0.01076248679568649}"
control,200,p0.20,nan,1.0,0,0.2,39.800000000000004,39.795,28,55,7959,1974,1.5902336701522826,20,0.6252210735797026,0.012504421471594054,2.0950184081928005,15.592319194660956,1.998343594492977,3.9398243758829423,14,"{""0"": 0.00896163232204127, ""1"": 0.01158590553376541, ""2"": 0.006199510459769605, ""3"": 0.022059174542312238, ""4"": 0.014251105543428158, ""5"": 0.011969200428247635}"
control,200,p0.20,nan,1.0,0,0.2,39.800000000000004,39.795,28,55,7959,1974,1.5902336701522826,30,0.5985375087302381,0.011970750174604763,9.195746669411484,16.631757309051647,2.006608408763197,4.154001519039471,14,"{""0"": 0.006204487685998491, ""1"": 0.021134472477868354, ""2"": 0.01014851748247764, ""3"": 0.017881663229730164, ""4"": 0.008203273086260761, ""5"": 0.008252087085293168}"
control,200,p0.20,nan,1.0,0,0.2,39.800000000000004,39.795,28,55,7959,1974,1.5902336701522826,40,0.6106103208006279,0.012212206416012561,14.30518453763999,16.92570700219408,1.9255817867429053,4.170720384418784,14,"{""0"": 0.007940212724533052, ""1"": 0.010769342290275841, ""2"": 0.013476128153646854, ""3"": 0.01793878397380093, ""4"": 0.013835586384585225, ""5"": 0.00931318496923346}"
control,200,p0.20,nan,1.0,0,0.2,39.800000000000004,39.795,28,55,7959,1974,1.5902336701522826,50,0.643282332767933,0.012865646655358663,4.475534924011128,17.052287343261455,1.9615963355826964,3.9765245848709596,13,"{""0"": 0.006540357361044888, ""1"": 0.0191673621138923, ""2"": 0.015211307481322068, ""3"": 0.014800273771662991, ""4"": 0.012293265992925753, ""5"": 0.009181313211303974}"
control,200,p0.20,nan,1.0,0,0.2,39.800000000000004,39.795,28,55,7959,1974,1.5902336701522826,60,0.5813730719452763,0.011627461438905529,33.19991867251107,17.217471928471788,1.954627962941639,4.075171610695332,14,"{""0"": 0.008835138739406743, ""1"": 0.018610786833815816, ""2"": 0.014303808663485629, ""3"": 0.011430967187030416, ""4"": 0.007900480922014248, ""5"": 0.00868358628768032}"
control,200,p0.20,nan,1.0,0,0.2,39.800000000000004,39.795,28,55,7959,1974,1.5902336701522826,70,0.5390222007886198,0.0107804440157724,4.783982048481169,17.31624832360027,1.9663542974451864,3.9648242106292817,13,"{""0"": 0.007540262625100646, ""1"": 0.01672108311396358, ""2"": 0.014906700358336888, ""3"": 0.010589983299072707, ""4"": 0.00763800853481994, ""5"": 0.007286626163340623}"
control,200,p0.20,nan,1.0,0,0.2,39.800000000000004,39.795,28,55,7959,1974,1.5902336701522826,80,0.5021698289225586,0.010043396578451172,8.609206125437995,17.377470869951928,1.9554755827151094,3.8605146513345954,13,"{""0"": 0.007897856682209568, ""1"": 0.01301850970010468, ""2"": 0.012257628837223561, ""3"": 0.011144424759518417, ""4"": 0.007492546493319006, ""5"": 0.008449412998331813}"
control,200,p0.20,nan,1.0,0,0.2,39.800000000000004,39.795,28,55,7959,1974,1.5902336701522826,90,0.48179178056204003,0.009635835611240802,6.98572849167833,17.552249207612533,1.964754716464418,3.972725191573443,13,"{""0"": 0.008757451184021972, ""1"": 0.011899644664067736, ""2"": 0.010758445116447631, ""3"": 0.012125181226391531, ""4"": 0.006515386128488623, ""5"": 0.007758905348027316}"
control,200,p0.20,nan,1.0,0,0.2,39.800000000000004,39.795,28,55,7959,1974,1.5902336701522826,100,0.46409106627921126,0.009281821325584227,6.055499826194052,17.564795579073973,1.9787446661028545,3.7601200352503428,13,"{""0"": 0.008088210045720082, ""1"": 0.01271805445530648, ""2"": 0.011586795662051508, ""3"": 0.009752827381721589, ""4"": 0.005152545961354511, ""5"": 0.008392494447351196}"
control,200,p0.20,nan,1.0,0,0.2,39.800000000000004,39.795,28,55,7959,1974,1.5902336701522826,110,0.45091050065477817,0.009018210013095565,4.333505370456228,17.622736269675872,1.9749890256375975,3.8514908247311106,13,"{""0"": 0.00845333534739311, ""1"": 0.012158101386001647, ""2"": 0.011074165287704479, ""3"": 0.009975829718429008, ""4"": 0.004258316120902926, ""5"": 0.008189512218142219}"
control,200,p0.20,nan,1.0,0,0.2,39.800000000000004,39.795,28,55,7959,1974,1.5902336701522826,120,0.4420476274974426,0.008840952549948853,5.467915229005073,17.718975379883883,1.9848655842315055,3.9493696848648394,13,"{""0"": 0.008497747869949784, ""1"": 0.012174368417644677, ""2"": 0.010265136016532127, ""3"": 0.010243059946819354, ""4"": 0.004310812503186915, ""5"": 0.007554590545560257}"
control,200,p0.20,nan,1.0,0,0.2,39.800000000000004,39.795,28,55,7959,1974,1.5902336701522826,130,0.42270550046957656,0.008454110009391532,1.7601662222119945,17.763760324412672,1.9980559583203934,3.914205144527879,13,"{""0"": 0.00725589445408997, ""1"": 0.012709691527493332, ""2"": 0.009174898712755047, ""3"": 0.009618046757562806, ""4"": 0.004508751890389874, ""5"": 0.007457376714058153}"
control,200,p0.20,nan,1.0,0,0.2,39.800000000000004,39.795,28,55,7959,1974,1.5902336701522826,140,0.3825223433339242,0.007650446866678485,4.823094041248905,17.75998108820003,1.9983286410321957,3.9269515533161163,13,"{""0"": 0.006046229063234336, ""1"": 0.012975535361986899, ""2"": 0.008416368988424308, ""3"": 0.00878805570283099, ""4"": 0.00435244491239742, ""5"": 0.005324047171196957}"
control,200,p0.20,nan,1.0,0,0.2,39.800000000000004,39.795,28,55,7959,1974,1.5902336701522826,150,0.3904841286378082,0.007809682572756165,2.355057465114642,17.86046967558115,2.0065664759390094,3.884528692842305,13,"{""0"": 0.00658778813291538, ""1"": 0.012740911991260729, ""2"": 0.008456772760709682, ""3"": 0.009450050865425799, ""4"": 0.0039599749014261896, ""5"": 0.0056625967847992}"
control,200,p0.20,nan,1.0,0,0.2,39.800000000000004,39.795,28,55,7959,1974,1.5902336701522826,160,0.38656768577131073,0.0077313537154262155,21.373130676925868,17.8754556796763,2.00325465367061,3.864301370885613,13,"{""0"": 0.006629879523916085, ""1"": 0.012640253593163477, ""2"": 0.00875741305563943, ""3"": 0.009055663596143843, ""4"": 0.0038906620474280355, ""5"": 0.005414250476266426}"
control,200,p0.20,nan,1.0,0,0.2,39.800000000000004,39.795,28,55,7959,1974,1.5902336701522826,170,0.3693156436343111,0.007386312872686222,14.535934845143158,17.930016637922574,2.0043559518749943,3.936303018615949,13,"{""0"": 0.006478712097649246, ""1"": 0.012661539031385482, ""2"": 0.007853712696762983, ""3"": 0.008995380674134463, ""4"": 0.0039255748072820045, ""5"": 0.004402957928903161}"
control,200,p0.20,nan,1.0,0,0.2,39.800000000000004,39.795,28,55,7959,1974,1.5902336701522826,180,0.37994133123927853,0.007598826624785572,6.771576130498807,17.911460311898985,2.0004014731212565,3.8713132910016848,13,"{""0"": 0.0063191396244873495, ""1"": 0.012777978488621042, ""2"": 0.008387759944329545, ""3"": 0.008987258632011953, ""4"": 0.003858385618548252, ""5"": 0.005262437440715287}"
control,200,p0.20,nan,1.0,0,0.2,39.800000000000004,39.795,28,55,7959,1974,1.5902336701522826,190,0.3739968044237066,0.007479936088474133,6.708192260675144,17.965955963023813,2.0030977337711473,3.8909703701385205,13,"{""0"": 0.006299524710048443, ""1"": 0.012624992732857776, ""2"": 0.00780325539152048, ""3"": 0.008979719035383627, ""4"": 0.004177837121320054, ""5"": 0.004994287539714421}"
control,200,p0.20,nan,1.0,0,0.2,39.800000000000004,39.795,28,55,7959,1974,1.5902336701522826,200,0.3558966587434621,0.007117933174869243,2.6759003731386977,18.01011831293058,2.0088502894519094,3.8965551609683935,13,"{""0"": 0.00612785382259326, ""1"": 0.012584742718787793, ""2"": 0.007505846943388267, ""3"": 0.008325009383749749, ""4"": 0.004040843087365243, ""5"": 0.004123303093331149}"
control,200,p0.40,nan,1.0,0,0.4,79.60000000000001,78.5,62,99,15700,1974,1.5151767461185657,0,1.0450936388463186,0.020901872776926376,nan,0.0,1.5151767461185657,6.912337638893103,14,"{""0"": 0.021179222478623434, ""1"": 0.02360072100230136, ""2"": 0.02207776956274894, ""3"": 0.01921949830960586, ""4"": 0.021678779972830475, ""5"": 0.017655245335448173}"
control,200,p0.40,nan,1.0,0,0.4,79.60000000000001,78.5,62,99,15700,1974,1.5151767461185657,10,0.9341348184719671,0.018682696369439346,9.297630406971171,14.136303384111395,1.9455693401064056,5.167728673294484,15,"{""0"": 0.02092023249965285, ""1"": 0.026073853599284304, ""2"": 0.017608776146456152, ""3"": 0.022520326773031743, ""4"": 0.01595826804016822, ""5"": 0.009014721158042801}"
control,200,p0.40,nan,1.0,0,0.4,79.60000000000001,78.5,62,99,15700,1974,1.5151767461185657,20,0.6882492278298193,0.01376498455659639,6.168048252439169,15.783703010903388,1.9794351158188108,5.263861044376024,16,"{""0"": 0.010155373316237391, ""1"": 0.023617980772774938, ""2"": 0.017873162416517936, ""3"": 0.009000033401285802, ""4"": 0.01494574232032013, ""5"": 0.006997615112442139}"
control,200,p0.40,nan,1.0,0,0.4,79.60000000000001,78.5,62,99,15700,1974,1.5151767461185657,30,0.5897137280245217,0.011794274560490436,6.99175585676811,16.643258028620917,2.0452663311239627,4.982445986273088,16,"{""0"": 0.00935750620706675, ""1"": 0.01843515414849503, ""2"": 0.009433396280266411, ""3"": 0.009870732135700935, ""4"": 0.015842688786540205, ""5"": 0.007826169804873297}"
control,200,p0.40,nan,1.0,0,0.4,79.60000000000001,78.5,62,99,15700,1974,1.5151767461185657,40,0.5938990562548895,0.011877981125097792,13.433086276439687,16.726973172668618,2.0383734673395613,4.772518087201933,15,"{""0"": 0.010625729497715845, ""1"": 0.021428609951504828, ""2"": 0.007916873407394309, ""3"": 0.007749689178750743, ""4"": 0.015820387195837945, ""5"": 0.0077265975193830955}"
control,200,p0.40,nan,1.0,0,0.4,79.60000000000001,78.5,62,99,15700,1974,1.5151767461185657,50,0.5908111039012148,0.011816222078024298,4.447172064259809,16.913660654976315,2.0676874258326547,5.425737230959471,16,"{""0"": 0.008743228665929727, ""1"": 0.020265388078469525, ""2"": 0.012316333477419039, ""3"": 0.005964624817799973, ""4"": 0.015846495932104437, ""5"": 0.007761261496423091}"
control,200,p0.40,nan,1.0,0,0.4,79.60000000000001,78.5,62,99,15700,1974,1.5151767461185657,60,0.6211337506556943,0.012422675013113888,23.09222079721507,17.123322150885926,2.081880212145684,5.530000783242643,16,"{""0"": 0.008549135636117724, ""1"": 0.020905586273980724, ""2"": 0.014730797502230256, ""3"": 0.006037343840401288, ""4"": 0.016060534802445146, ""5"": 0.008252652023508212}"
control,200,p0.40,nan,1.0,0,0.4,79.60000000000001,78.5,62,99,15700,1974,1.5151767461185657,70,0.5858965585097579,0.01171793117019516,2.147904747012318,17.35592347917704,2.1129674647571832,5.11027409238102,16,"{""0"": 0.007859928246367345, ""1"": 0.02192194043648651, ""2"": 0.013180963255772477, ""3"": 0.004674293710926485, ""4"": 0.01590602177344558, ""5"": 0.0067644395981725555}"
control,200,p0.40,nan,1.0,0,0.4,79.60000000000001,78.5,62,99,15700,1974,1.5151767461185657,80,0.6098264159159369,0.01219652831831874,4.182937651319172,17.593144004302278,2.1025298428007044,5.412861994009458,16,"{""0"": 0.008200464460413061, ""1"": 0.020762024536760217, ""2"": 0.014602883063969768, ""3"": 0.005370064030336195, ""4"": 0.016455423377307963, ""5"": 0.007788310441125226}"
control,200,p0.40,nan,1.0,0,0.4,79.60000000000001,78.5,62,99,15700,1974,1.5151767461185657,90,0.5212480375968054,0.010424960751936108,22.02165900932449,17.540626230419296,2.128653218743008,4.861428423462406,15,"{""0"": 0.007238155778244874, ""1"": 0.019118558030827976, ""2"": 0.012266483102178052, ""3"": 0.004890691040463173, ""4"": 0.015289127517276565, ""5"": 0.0037467490426260097}"
control,200,p0.40,nan,1.0,0,0.4,79.60000000000001,78.5,62,99,15700,1974,1.5151767461185657,100,0.5089457022615287,0.010178914045230575,5.399704482648192,17.720026480252244,2.133655327097734,4.800414472306595,15,"{""0"": 0.007064704121078719, ""1"": 0.017902351164377304, ""2"": 0.012523614125576132, ""3"": 0.004210340569926774, ""4"": 0.015731656168770293, ""5"": 0.0036408181216542345}"
control,200,p0.40,nan,1.0,0,0.4,79.60000000000001,78.5,62,99,15700,1974,1.5151767461185657,110,0.497142324760992,0.009942846495219843,6.249335559552161,17.74394859603425,2.1466771009412255,4.821200012737289,15,"{""0"": 0.007003624803467787, ""1"": 0.01800512895775368, ""2"": 0.01217793780029253, ""3"": 0.004164795393324229, ""4"": 0.014737248869521413, ""5"": 0.003568343146959402}"
control,200,p0.40,nan,1.0,0,0.4,79.60000000000001,78.5,62,99,15700,1974,1.5151767461185657,120,0.486820424921257,0.00973640849842514,1.849654437153267,17.811246503328878,2.1481219360395065,4.77168507772183,15,"{""0"": 0.0071875799386381155, ""1"": 0.018707329666753238, ""2"": 0.011877787543252718, ""3"": 0.004385643451840597, ""4"": 0.012995885637070487, ""5"": 0.0032642247529956862}"
control,200,p0.40,nan,1.0,0,0.4,79.60000000000001,78.5,62,99,15700,1974,1.5151767461185657,130,0.51261376280782,0.010252275256156402,2.604494754107814,17.77377954240376,2.16108866580149,4.7904951480522096,15,"{""0"": 0.006954238080742983, ""1"": 0.01890303508559966, ""2"": 0.012315785830475948, ""3"": 0.004262406440020755, ""4"": 0.01544699271292288, ""5"": 0.003631193387176172}"
control,200,p0.40,nan,1.0,0,0.4,79.60000000000001,78.5,62,99,15700,1974,1.5151767461185657,140,0.5322643362746481,0.010645286725492963,5.610441412607712,17.759034889844564,2.1464528598539445,4.686415045752171,15,"{""0"": 0.007199944840198941, ""1"": 0.020463250519869282, ""2"": 0.012063746962399941, ""3"": 0.004569942030429231, ""4"": 0.01592712626100325, ""5"": 0.003647709739057142}"
control,200,p0.40,nan,1.0,0,0.4,79.60000000000001,78.5,62,99,15700,1974,1.5151767461185657,150,0.4955524514542323,0.009911049029084648,1.8287694028825694,17.86500095409228,2.153339899373597,4.678944787252646,15,"{""0"": 0.006814812462017206, ""1"": 0.019447002329414802, ""2"": 0.011347481848630927, ""3"": 0.004338659206363793, ""4"": 0.013986323136660445, ""5"": 0.00353201519142071}"
control,200,p0.40,nan,1.0,0,0.4,79.60000000000001,78.5,62,99,15700,1974,1.5151767461185657,160,0.45351361150487174,0.009070272230097435,11.025274879408158,17.91190666597459,2.152983517586953,4.786279502427019,15,"{""0"": 0.006598638353007083, ""1"": 0.019545637125174282, ""2"": 0.008004253897456407, ""3"": 0.00398756434040339, ""4"": 0.012941974756167703, ""5"": 0.00334356490837575}"
control,200,p0.40,nan,1.0,0,0.4,79.60000000000001,78.5,62,99,15700,1974,1.5151767461185657,170,0.43801518382986665,0.008760303676597334,24.593606925144837,17.910821980999536,2.1470413203545777,4.760194148338578,15,"{""0"": 0.006335191751077116, ""1"": 0.020856142697045336, ""2"": 0.0071642364188961, ""3"": 0.0036955638005859897, ""4"": 0.011305737495705296, ""5"": 0.0032049498962741793}"
control,200,p0.40,nan,1.0,0,0.4,79.60000000000001,78.5,62,99,15700,1974,1.5151767461185657,180,0.453240875613969,0.00906481751227938,8.022387552329898,17.989064747021093,2.1544687599906487,4.929637753298234,15,"{""0"": 0.006286446179275075, ""1"": 0.021500311543137425, ""2"": 0.007795604303586219, ""3"": 0.0035642228372674695, ""4"": 0.01174946300839173, ""5"": 0.00349285720201836}"
control,200,p0.40,nan,1.0,0,0.4,79.60000000000001,78.5,62,99,15700,1974,1.5151767461185657,190,0.431471487982115,0.008629429759642301,3.8466260144110365,18.034678587636368,2.151466224208618,4.885544548147711,15,"{""0"": 0.00581145839371459, ""1"": 0.019465948190213547, ""2"": 0.007687858296283141, ""3"": 0.0032903844378932194, ""4"": 0.011996358334035796, ""5"": 0.0035245709057135045}"
control,200,p0.40,nan,1.0,0,0.4,79.60000000000001,78.5,62,99,15700,1974,1.5151767461185657,200,0.43699229250329247,0.00873984585006585,9.226952389221395,18.107084437241927,2.1566201318822715,4.928853164121306,15,"{""0"": 0.005996497720649818, ""1"": 0.019812439045661944, ""2"": 0.007402447814914216, ""3"": 0.0031256693171053075, ""4"": 0.012538899671721926, ""5"": 0.003563121530341899}"
control,200,p0.05,nan,1.0,1,0.05,9.950000000000001,10.085,3,18,2017,2017,1.5728289312089911,0,1.0056922488731515,0.020113844977463033,nan,0.0,1.5728289312089911,9.017494177381023,15,"{""0"": 0.019589279637901674, ""1"": 0.021530409628966792, ""2"": 0.02097978551770173, ""3"": 0.02057059765250226, ""4"": 0.018966450511192598, ""5"": 0.019046546916513137}"
control,200,p0.05,nan,1.0,1,0.05,9.950000000000001,10.085,3,18,2017,2017,1.5728289312089911,10,1.2173863369083187,0.024347726738166375,4.413293058939342,15.029192974912647,1.960534939760324,2.2603616937568396,10,"{""0"": 0.025444449860591644, ""1"": 0.0541453574082853, ""2"": 0.029171199653009572, ""3"": 0.024606222297550807, ""4"": 0.0032247174467637425, ""5"": 0.009494413762797183}"
control,200,p0.05,nan,1.0,1,0.05,9.950000000000001,10.085,3,18,2017,2017,1.5728289312089911,20,0.7764697291270589,0.015529394582541179,23.841541225727266,15.260510335135539,1.91085701066471,2.3011423412289798,11,"{""0"": 0.02046670791467692, ""1"": 0.0041789115096565, ""2"": 0.03735614266275635, ""3"": 0.01764116335238093, ""4"": 0.002211103604039214, ""5"": 0.011322338451737158}"
control,200,p0.05,nan,1.0,1,0.05,9.950000000000001,10.085,3,18,2017,2017,1.5728289312089911,30,0.6215222456655091,0.012430444913310183,13.746651657611224,15.630319038869063,1.9302833623537112,2.6075265536957435,11,"{""0"": 0.01270755124560034, ""1"": 0.004189596087831269, ""2"": 0.029540088693413874, ""3"": 0.011364571311723557, ""4"": 0.002424470091320247, ""5"": 0.014356392049971814}"
control,200,p0.05,nan,1.0,1,0.05,9.950000000000001,10.085,3,18,2017,2017,1.5728289312089911,40,0.406972983638724,0.00813945967277448,4.470525113086777,16.171516571301705,2.0065619873464193,3.381473340232181,11,"{""0"": 0.002533875404433097, ""1"": 0.005317653742284135, ""2"": 0.012903568727698395, ""3"": 0.0038234853541252037, ""4"": 0.006430686373048285, ""5"": 0.01782748843505777}"
control,200,p0.05,nan,1.0,1,0.05,9.950000000000001,10.085,3,18,2017,2017,1.5728289312089911,50,0.36453359204497365,0.007290671840899474,7.365432248663214,16.38290942970029,1.988243871997927,3.6263770432498945,11,"{""0"": 0.002696499441918887, ""1"": 0.005517851150699934, ""2"": 0.010513608332775063, ""3"": 0.004161281057616177, ""4"": 0.00515696843367063, ""5"": 0.015697822628716145}"
control,200,p0.05,nan,1.0,1,0.05,9.950000000000001,10.085,3,18,2017,2017,1.5728289312089911,60,0.3536939466990168,0.007073878933980337,2.821444893009256,16.62455287654254,2.015153848954239,3.5187330636871383,10,"{""0"": 0.002510719946110754, ""1"": 0.005365796696154253, ""2"": 0.014631431583631633, ""3"": 0.004891636808097579, ""4"": 0.0033536333632621872, ""5"": 0.011690055206625617}"
control,200,p0.05,nan,1.0,1,0.05,9.950000000000001,10.085,3,18,2017,2017,1.5728289312089911,70,0.36329432743445156,0.007265886548689033,15.953502516933055,16.817997280264958,2.041721358478937,3.4605884548613033,10,"{""0"": 0.0027654976578772106, ""1"": 0.004935884037848071, ""2"": 0.01617986084562736, ""3"": 0.006158529342521793, ""4"": 0.0030419211574909933, ""5"": 0.010513626250768762}"
control,200,p0.05,nan,1.0,1,0.05,9.950000000000001,10.085,3,18,2017,2017,1.5728289312089911,80,0.36494376844754683,0.007298875368950938,22.860271877213407,17.1999652783011,2.014356373785967,3.50156798258716,10,"{""0"": 0.003266377230250752, ""1"": 0.004348218913466127, ""2"": 0.01475553026934021, ""3"": 0.007097378530045793, ""4"": 0.0031111046855286503, ""5"": 0.011214642585074102}"
control,200,p0.05,nan,1.0,1,0.05,9.950000000000001,10.085,3,18,2017,2017,1.5728289312089911,90,0.3317869454058829,0.006635738908117659,2.4166973520554573,17.32674176170839,2.0112553493877927,3.544298109315508,10,"{""0"": 0.0032431267186629766, ""1"": 0.005029486226631251, ""2"": 0.0105927636614058, ""3"": 0.0069082110547705935, ""4"": 0.0032071919784891524, ""5"": 0.010833653808746187}"
control,200,p0.05,nan,1.0,1,0.05,9.950000000000001,10.085,3,18,2017,2017,1.5728289312089911,100,0.34485419029672776,0.006897083805934556,12.358041023464056,17.444154807678338,2.0457139736990055,3.4993029195047263,10,"{""0"": 0.002877822012650087, ""1"": 0.004699600201851744, ""2"": 0.012162043397883834, ""3"": 0.007969450559549989, ""4"": 0.002748818077341936, ""5"": 0.010924768586329745}"
control,200,p0.05,nan,1.0,1,0.05,9.950000000000001,10.085,3,18,2017,2017,1.5728289312089911,110,0.33798919684945533,0.006759783936989107,3.5481932743959352,17.55988448214949,2.05266818255995,3.46112231700423,10,"{""0"": 0.0029467494087953125, ""1"": 0.0042596824956441974, ""2"": 0.011871833489995449, ""3"": 0.0076956914188957394, ""4"": 0.0026897470903528933, ""5"": 0.01109499971825105}"
control,200,p0.05,nan,1.0,1,0.05,9.950000000000001,10.085,3,18,2017,2017,1.5728289312089911,120,0.3312728639276372,0.0066254572785527455,9.514505827653553,17.605967824223928,2.062932176823836,3.4915138371105097,10,"{""0"": 0.003010701997099455, ""1"": 0.004467401518714846, ""2"": 0.011062377617167638, ""3"": 0.006921983730083377, ""4"": 0.0030470285076928333, ""5"": 0.011243250300558321}"
control,200,p0.05,nan,1.0,1,0.05,9.950000000000001,10.085,3,18,2017,2017,1.5728289312089911,130,0.32064329758893045,0.006412865951778609,5.1948685406594945,17.766869937718745,2.0643471674392693,3.415342156086928,10,"{""0"": 0.0029734166642798043, ""1"": 0.004273788622954844, ""2"": 0.009558053339732486, ""3"": 0.006884865714345862, ""4"": 0.003263810588801478, ""5"": 0.011523260780557178}"
control,200,p0.05,nan,1.0,1,0.05,9.950000000000001,10.085,3,18,2017,2017,1.5728289312089911,140,0.3198243265282542,0.006396486530565086,1.6031534784049,17.854629602239783,2.068732812260011,3.43796601237222,10,"{""0"": 0.002887176080600581, ""1"": 0.004598169033665403, ""2"": 0.009016786414190747, ""3"": 0.007512809342151344, ""4"": 0.003338871296840423, ""5"": 0.011025107015942014}"
control,200,p0.05,nan,1.0,1,0.05,9.950000000000001,10.085,3,18,2017,2017,1.5728289312089911,150,0.31417565634902184,0.006283513126980438,2.1496494659463234,17.894979310523336,2.06775230432119,3.44839264990888,10,"{""0"": 0.003059434902868121, ""1"": 0.004671562473438101, ""2"": 0.0085995139497245, ""3"": 0.007230841659781826, ""4"": 0.003249635757718758, ""5"": 0.010890090018351317}"
control,200,p0.05,nan,1.0,1,0.05,9.950000000000001,10.085,3,18,2017,2017,1.5728289312089911,160,0.30267963016089616,0.0060535926032179235,1.8088487981965335,17.982291162086764,2.069704912108143,3.4383365908480625,9,"{""0"": 0.003135023204134104, ""1"": 0.004498820865205563, ""2"": 0.007883529984590295, ""3"": 0.007008679138810614, ""4"": 0.0029046518450848886, ""5"": 0.010890850581482073}"
control,200,p0.05,nan,1.0,1,0.05,9.950000000000001,10.085,3,18,2017,2017,1.5728289312089911,170,0.29756914747681273,0.005951382949536255,29.95935567406368,18.035811321999024,2.071954239991742,3.428228552416221,9,"{""0"": 0.003154684833650353, ""1"": 0.004192410584274761, ""2"": 0.007612049495100579, ""3"": 0.006716419250850925, ""4"": 0.002684447044841145, ""5"": 0.011348286488499764}"
control,200,p0.05,nan,1.0,1,0.05,9.950000000000001,10.085,3,18,2017,2017,1.5728289312089911,180,0.2934482677199638,0.005868965354399277,5.579374722990844,18.119125289968547,2.0714986012391443,3.4229886944976182,9,"{""0"": 0.003128386840834938, ""1"": 0.004279443819247107, ""2"": 0.007259852005727828, ""3"": 0.006643855424922698, ""4"": 0.0027095572557407108, ""5"": 0.011192696779922379}"
control,200,p0.05,nan,1.0,1,0.05,9.950000000000001,10.085,3,18,2017,2017,1.5728289312089911,190,0.29051504008320395,0.00581030080166408,1.3515863184519925,18.20759315544565,2.077678219116149,3.4148362357995623,9,"{""0"": 0.003165814686914862, ""1"": 0.004590188085626242, ""2"": 0.0067635941171353565, ""3"": 0.007292419979843269, ""4"": 0.002566912522347622, ""5"": 0.01048287541811713}"
control,200,p0.05,nan,1.0,1,0.05,9.950000000000001,10.085,3,18,2017,2017,1.5728289312089911,200,0.2922935401598116,0.005845870803196234,2.7775769693728587,18.25330973623692,2.087053036611324,3.4031941154277714,9,"{""0"": 0.0032547927408555, ""1"": 0.004693017239124575, ""2"": 0.006821464004744209, ""3"": 0.0074239169975086035, ""4"": 0.002451239481712717, ""5"": 0.010430794355231796}"
control,200,p0.10,nan,1.0,1,0.1,19.900000000000002,19.93,9,32,3986,2017,1.603557616202743,0,1.0524690486935206,0.021049380973870414,nan,0.0,1.603557616202743,7.291282270547948,13,"{""0"": 0.024188435967635796, ""1"": 0.023118991178607537, ""2"": 0.01917383689437413, ""3"": 0.02004825302635919, ""4"": 0.016982797970570084, ""5"": 0.022783970805675773}"
control,200,p0.10,nan,1.0,1,0.1,19.900000000000002,19.93,9,32,3986,2017,1.603557616202743,10,1.1236153025208349,0.0224723060504167,2.719258001271963,15.023690598851859,2.104559969026149,2.217406531883673,10,"{""0"": 0.03282451895027014, ""1"": 0.028104310819554095, ""2"": 0.02328733996203002, ""3"": 0.023362150054376474, ""4"": 0.01104456255205114, ""5"": 0.016210953964218344}"
control,200,p0.10,nan,1.0,1,0.1,19.900000000000002,19.93,9,32,3986,2017,1.603557616202743,20,0.7841795836456001,0.015683591672912004,26.276132090557766,16.58348015846092,2.030824804194942,2.139628992985677,10,"{""0"": 0.02482603942577648, ""1"": 0.0038213230600899124, ""2"": 0.015542730553334941, ""3"": 0.025961877847480896, ""4"": 0.0027578721788219453, ""5"": 0.02119170697196785}"
control,200,p0.10,nan,1.0,1,0.1,19.900000000000002,19.93,9,32,3986,2017,1.603557616202743,30,0.644241205443416,0.012884824108868322,14.659879222536693,17.063621649277586,2.0923191618154906,2.4934074210947585,12,"{""0"": 0.017788258039663673, ""1"": 0.004632981231039614, ""2"": 0.0121165496222938, ""3"": 0.024532083172139587, ""4"": 0.002821241021710567, ""5"": 0.015417831566362675}"
control,200,p0.10,nan,1.0,1,0.1,19.900000000000002,19.93,9,32,3986,2017,1.603557616202743,40,0.6173821063503814,0.012347642127007629,9.893629698966103,17.227965511242186,2.142638413265371,2.9581067674427723,13,"{""0"": 0.01715869471111466, ""1"": 0.004900430147386301, ""2"": 0.012713592273175067, ""3"": 0.019896636204509717, ""4"": 0.004978003155645377, ""5"": 0.014438496270214669}"
control,200,p0.10,nan,1.0,1,0.1,19.900000000000002,19.93,9,32,3986,2017,1.603557616202743,50,0.625493969901796,0.012509879398035922,19.557406475392664,17.41180431681042,2.134433726376492,3.3332523009480117,13,"{""0"": 0.016461916124250277, ""1"": 0.00625926217054347, ""2"": 0.011461741271401678, ""3"": 0.01912198205609552, ""4"": 0.005461476083672078, ""5"": 0.01629289868225251}"
control,200,p0.10,nan,1.0,1,0.1,19.900000000000002,19.93,9,32,3986,2017,1.603557616202743,60,0.6220204317879611,0.012440408635759223,8.847634682209,17.718071150865857,2.120209949116048,3.4643009108885203,14,"{""0"": 0.01358380953953045, ""1"": 0.007101903010732815, ""2"": 0.011191621517606543, ""3"": 0.020287822220792513, ""4"": 0.00661645597723729, ""5"": 0.015860839548655727}"
control,200,p0.10,nan,1.0,1,0.1,19.900000000000002,19.93,9,32,3986,2017,1.603557616202743,70,0.6055429473721889,0.01211085894744378,17.194681732736893,17.914592108612396,2.1280186183828156,3.7428766836807976,13,"{""0"": 0.011162708064060955, ""1"": 0.007863491302894468, ""2"": 0.010279220713615714, ""3"": 0.018310362973161683, ""4"": 0.008200180893042466, ""5"": 0.016849189737887387}"
control,200,p0.10,nan,1.0,1,0.1,19.900000000000002,19.93,9,32,3986,2017,1.603557616202743,80,0.5909134688210214,0.011818269376420429,39.57200749477828,18.081401185256322,2.1233510785572927,3.7139040789661104,14,"{""0"": 0.009743444018846926, ""1"": 0.007244198647001494, ""2"": 0.011539327482370082, ""3"": 0.01773497900599675, ""4"": 0.0077594523470827, ""5"": 0.016888214757224622}"
control,200,p0.10,nan,1.0,1,0.1,19.900000000000002,19.93,9,32,3986,2017,1.603557616202743,90,0.594939441195504,0.011898788823910083,4.334550913861975,18.27910187853407,2.1371211214727777,4.291199996611064,15,"{""0"": 0.011535786937053599, ""1"": 0.008104289807466294, ""2"": 0.009932150457007832, ""3"": 0.017707382874449357, ""4"": 0.008654606169916992, ""5"": 0.015458516697566427}"
control,200,p0.10,nan,1.0,1,0.1,19.900000000000002,19.93,9,32,3986,2017,1.603557616202743,100,0.5801146587218617,0.011602293174437237,7.97493057344328,18.438106524501663,2.1288366207250418,4.325111095552275,14,"{""0"": 0.008900505369149757, ""1"": 0.009099182424947236, ""2"": 0.010239212223994232, ""3"": 0.01619416737712854, ""4"": 0.009641261736726848, ""5"": 0.015539429914676803}"
control,200,p0.10,nan,1.0,1,0.1,19.900000000000002,19.93,9,32,3986,2017,1.603557616202743,110,0.5735195703224885,0.01147039140644977,14.995414679740303,18.55350235173614,2.1266362418494964,4.2949685966860365,14,"{""0"": 0.007472386263606567, ""1"": 0.00954637867461347, ""2"": 0.010243346904808475, ""3"": 0.014978614022608555, ""4"": 0.010112175565516544, ""5"": 0.016469447007545004}"
control,200,p0.10,nan,1.0,1,0.1,19.900000000000002,19.93,9,32,3986,2017,1.603557616202743,120,0.5648292850872887,0.011296585701745774,3.768728365507238,18.638720264688768,2.117626523533422,4.156717251497527,13,"{""0"": 0.00648757357814884, ""1"": 0.011757465263250897, ""2"": 0.009111351362353585, ""3"": 0.014117365521959973, ""4"": 0.009421150841498565, ""5"": 0.01688460764326278}"
control,200,p0.10,nan,1.0,1,0.1,19.900000000000002,19.93,9,32,3986,2017,1.603557616202743,130,0.567078226414673,0.011341564528293463,3.6378823478069644,18.736082576741428,2.116353607329802,4.1639104502002215,13,"{""0"": 0.006272413501258474, ""1"": 0.011229726943855699, ""2"": 0.009300171416367981, ""3"": 0.01396387288835601, ""4"": 0.009727379229733754, ""5"": 0.017555823190188845}"
control,200,p0.10,nan,1.0,1,0.1,19.900000000000002,19.93,9,32,3986,2017,1.603557616202743,140,0.5719777932240141,0.011439555864480283,8.86630834595089,18.805988938221233,2.1269266390306543,4.18798396838821,13,"{""0"": 0.007722595271172689, ""1"": 0.01099219787675281, ""2"": 0.008904210161441831, ""3"": 0.013790593182323691, ""4"": 0.010265567567484434, ""5"": 0.016962171127706243}"
control,200,p0.10,nan,1.0,1,0.1,19.900000000000002,19.93,9,32,3986,2017,1.603557616202743,150,0.5746719265628315,0.011493438531256632,1.8447380610026978,18.91345296232237,2.123214557834184,4.285313791651596,13,"{""0"": 0.007709360746956365, ""1"": 0.011455049929068352, ""2"": 0.008185831083060282, ""3"": 0.014999927917011815, ""4"": 0.010013539464517326, ""5"": 0.016596922046925644}"
control,200,p0.10,nan,1.0,1,0.1,19.900000000000002,19.93,9,32,3986,2017,1.603557616202743,160,0.5678619603332555,0.011357239206665112,9.421100057875995,19.007106542576473,2.119148379889385,4.168034142596984,13,"{""0"": 0.007651914896291023, ""1"": 0.01276754297215577, ""2"": 0.0067255506134153735, ""3"": 0.015324897921547837, ""4"": 0.00963700817757812, ""5"": 0.01603652065900255}"
control,200,p0.10,nan,1.0,1,0.1,19.900000000000002,19.93,9,32,3986,2017,1.603557616202743,170,0.5802480007246892,0.011604960014493786,19.924375570660935,19.097301504697022,2.125576862407335,4.176883549204867,13,"{""0"": 0.00832837199846829, ""1"": 0.012168581022033605, ""2"": 0.006948265634360508, ""3"": 0.016099974938444676, ""4"": 0.009617975275447142, ""5"": 0.0164665912182085}"
control,200,p0.10,nan,1.0,1,0.1,19.900000000000002,19.93,9,32,3986,2017,1.603557616202743,180,0.5870843611327139,0.011741687222654281,17.352598997334333,19.118198468623557,2.1187604221284846,4.092948257851909,13,"{""0"": 0.008516025887636475, ""1"": 0.012336664756738924, ""2"": 0.006870568180765725, ""3"": 0.01686273456610226, ""4"": 0.009831079497178204, ""5"": 0.0160330504475041}"
control,200,p0.10,nan,1.0,1,0.1,19.900000000000002,19.93,9,32,3986,2017,1.603557616202743,190,0.5924346942188318,0.011848693884376637,6.407938892830357,19.157090844398258,2.117392017709515,3.9866551417983946,12,"{""0"": 0.009996121982494782, ""1"": 0.01289698660483847, ""2"": 0.006240910117277438, ""3"": 0.017172948922468373, ""4"": 0.010267804897734111, ""5"": 0.014517390781446638}"
control,200,p0.10,nan,1.0,1,0.1,19.900000000000002,19.93,9,32,3986,2017,1.603557616202743,200,0.5985790381807463,0.011971580763614927,9.523428031663869,19.242555055046004,2.1219805448499223,3.924051945142219,12,"{""0"": 0.011995182314222846, ""1"": 0.012930675070633621, ""2"": 0.006317133276569235, ""3"": 0.016312024172466362, ""4"": 0.010344228189697218, ""5"": 0.013930241558100265}"
control,200,p0.20,nan,1.0,1,0.2,39.800000000000004,39.615,25,56,7923,2017,1.5317698468983543,0,0.9831727627453121,0.019663455254906245,nan,0.0,1.5317698468983543,4.863353534487965,13,"{""0"": 0.02258790882530328, ""1"": 0.020672563193969425, ""2"": 0.017728101923834606, ""3"": 0.020015908262824917, ""4"": 0.01852352644258307, ""5"": 0.018452722880922184}"
control,200,p0.20,nan,1.0,1,0.2,39.800000000000004,39.615,25,56,7923,2017,1.5317698468983543,10,0.840936988853702,0.016818739777074043,15.731888571618208,13.860575124436151,1.9414364761070297,3.3056682103590056,9,"{""0"": 0.017382214773437602, ""1"": 0.040478204997322756, ""2"": 0.0071866646856653645, ""3"": 0.024428298779379118, ""4"": 0.006158779295075814, ""5"": 0.005278276131563605}"
control,200,p0.20,nan,1.0,1,0.2,39.800000000000004,39.615,25,56,7923,2017,1.5317698468983543,20,0.5615143297307872,0.011230286594615746,13.305028551357108,15.307731806294422,2.1296386453957465,2.056328440234694,6,"{""0"": 0.016660634721424535, ""1"": 0.0031664557540033306, ""2"": 0.012357386532382126, ""3"": 0.021100251587544593, ""4"": 0.0025834655860202042, ""5"": 0.011513525386319678}"
control,200,p0.20,nan,1.0,1,0.2,39.800000000000004,39.615,25,56,7923,2017,1.5317698468983543,30,0.4503431720642158,0.009006863441284317,6.439850827931526,15.765178880826157,2.0435291645287026,2.4630966344327985,7,"{""0"": 0.017388079177189826, ""1"": 0.003507723429603285, ""2"": 0.009128634197128392, ""3"": 0.0099003999842114, ""4"": 0.003621597235149523, ""5"": 0.010494746624423488}"
control,200,p0.20,nan,1.0,1,0.2,39.800000000000004,39.615,25,56,7923,2017,1.5317698468983543,40,0.3820685509598287,0.007641371019196576,6.467163186884904,15.983355844060126,2.119248838111657,2.6457094041299585,7,"{""0"": 0.016187276221813034, ""1"": 0.004466235971651955, ""2"": 0.0069287932453147546, ""3"": 0.005539016433989886, ""4"": 0.0037098423729106872, ""5"": 0.009017061869499136}"
control,200,p0.20,nan,1.0,1,0.2,39.800000000000004,39.615,25,56,7923,2017,1.5317698468983543,50,0.3067051382281731,0.006134102764563462,5.896792624429747,16.25826438326504,2.1536261964455075,2.885933474728901,7,"{""0"": 0.00955176137501434, ""1"": 0.007566195829286959, ""2"": 0.002962658299626464, ""3"": 0.00598577189422087, ""4"": 0.00424200299315784, ""5"": 0.006496226196074302}"
control,200,p0.20,nan,1.0,1,0.2,39.800000000000004,39.615,25,56,7923,2017,1.5317698468983543,60,0.30085838004281706,0.006017167600856342,11.764327843591486,16.5487553691593,2.163755811825023,3.0320141788246593,7,"{""0"": 0.009757781630041283, ""1"": 0.007894380349647016, ""2"": 0.0022028202910624813, ""3"": 0.007035990658960205, ""4"": 0.004361588150592081, ""5"": 0.0048504445248349765}"
control,200,p0.20,nan,1.0,1,0.2,39.800000000000004,39.615,25,56,7923,2017,1.5317698468983543,70,0.2941841290264619,0.00588368258052924,3.8247937069286246,16.73008756939224,2.1755039416442226,3.1036456503902783,7,"{""0"": 0.009308985354592103, ""1"": 0.007189607269739615, ""2"": 0.002223278052554498, ""3"": 0.007952180965962482, ""4"": 0.003871391018388827, ""5"": 0.004756652821937905}"
control,200,p0.20,nan,1.0,1,0.2,39.800000000000004,39.615,25,56,7923,2017,1.5317698468983543,80,0.2572646929785878,0.005145293859571756,6.423132036788438,17.14692299046762,2.134982874099984,3.063188869435432,7,"{""0"": 0.007321617625617246, ""1"": 0.006074220589996129, ""2"": 0.0029790608235054673, ""3"": 0.00700609504833489, ""4"": 0.00350486419295072, ""5"": 0.003985904877026087}"
control,200,p0.20,nan,1.0,1,0.2,39.800000000000004,39.615,25,56,7923,2017,1.5317698468983543,90,0.2814782965867711,0.005629565931735422,3.6092030271896696,17.357337470176994,2.1551545111167987,3.183020664437544,8,"{""0"": 0.0075048757687347905, ""1"": 0.0073636459869066695, ""2"": 0.0029078176549497373, ""3"": 0.008497633448268427, ""4"": 0.0040102683891160605, ""5"": 0.0034931543424368515}"
control,200,p0.20,nan,1.0,1,0.2,39.800000000000004,39.615,25,56,7923,2017,1.5317698468983543,100,0.29178362840124655,0.005835672568024932,2.329360597825888,17.514463577964047,2.164013642467638,3.207272618590286,8,"{""0"": 0.007391837010064681, ""1"": 0.00809866211045239, ""2"": 0.003023210185948761, ""3"": 0.009319138634428393, ""4"": 0.003553040908756338, ""5"": 0.003628146558499035}"
control,200,p0.20,nan,1.0,1,0.2,39.800000000000004,39.615,25,56,7923,2017,1.5317698468983543,110,0.2940063322536498,0.005880126645072997,1.5772084322426698,17.548176055609563,2.174465338390283,3.2101491118073997,8,"{""0"": 0.007308939916734874, ""1"": 0.00858331620250841, ""2"": 0.002797856700675337, ""3"": 0.008824184487366729, ""4"": 0.003945884050950946, ""5"": 0.003820578512201689}"
control,200,p0.20,nan,1.0,1,0.2,39.800000000000004,39.615,25,56,7923,2017,1.5317698468983543,120,0.29756013511791735,0.005951202702358348,4.042394308614344,17.701507578831116,2.1897659145012223,3.2327446013608596,8,"{""0"": 0.007662841264137567, ""1"": 0.009602361927408317, ""2"": 0.002758819251681284, ""3"": 0.008338830012325842, ""4"": 0.004022843447564365, ""5"": 0.0033215203110327136}"
control,200,p0.20,nan,1.0,1,0.2,39.800000000000004,39.615,25,56,7923,2017,1.5317698468983543,130,0.2904248624097457,0.005808497248194914,0.864683878376205,17.780547582567934,2.186542062223657,3.204065381666754,8,"{""0"": 0.007758613280870223, ""1"": 0.008698163247629316, ""2"": 0.0028495595029030462, ""3"": 0.008403664537241656, ""4"": 0.0037517006828617664, ""5"": 0.0033892822376634783}"
control,200,p0.20,nan,1.0,1,0.2,39.800000000000004,39.615,25,56,7923,2017,1.5317698468983543,140,0.2820078716514625,0.00564015743302925,15.086547363707126,17.97486060123258,2.18465695529546,3.2066944118822596,7,"{""0"": 0.007842838270395567, ""1"": 0.008990117175176055, ""2"": 0.0029116293724196158, ""3"": 0.007101442093751642, ""4"": 0.0038336510200568234, ""5"": 0.0031612666663758033}"
control,200,p0.20,nan,1.0,1,0.2,39.800000000000004,39.615,25,56,7923,2017,1.5317698468983543,150,0.2826867308869391,0.0056537346177387825,2.773846837241698,18.077345514477646,2.183700058318867,3.2014744797972363,7,"{""0"": 0.007934328893214512, ""1"": 0.00904019255839711, ""2"": 0.002704797993292444, ""3"": 0.0073990850113270475, ""4"": 0.0038167620822981557, ""5"": 0.003027241167903425}"
control,200,p0.20,nan,1.0,1,0.2,39.800000000000004,39.615,25,56,7923,2017,1.5317698468983543,160,0.27533110071031214,0.005506622014206244,2.4014258365024617,18.139835692263784,2.164803452181141,3.191228941424041,8,"{""0"": 0.008119725708862935, ""1"": 0.008274813652027231, ""2"": 0.002495302491168573, ""3"": 0.007450258034891749, ""4"": 0.003630250093058147, ""5"": 0.0030693821052288264}"
control,200,p0.20,nan,1.0,1,0.2,39.800000000000004,39.615,25,56,7923,2017,1.5317698468983543,170,0.27918755620942504,0.005583751124188502,5.552513115967158,18.224972625246174,2.1642449421955687,3.1909872114613003,8,"{""0"": 0.008187612195200623, ""1"": 0.00806201465978348, ""2"": 0.002546133799341413, ""3"": 0.008034107520486871, ""4"": 0.0036065898743637597, ""5"": 0.003066048695954861}"
control,200,p0.20,nan,1.0,1,0.2,39.800000000000004,39.615,25,56,7923,2017,1.5317698468983543,180,0.27675481325726575,0.005535096265145315,1.8207434443353627,18.3129248508946,2.165888762329227,3.1790767569255887,8,"{""0"": 0.008504831594375924, ""1"": 0.00790411254662524, ""2"": 0.0024695633178817102, ""3"": 0.007641921568855575, ""4"": 0.003660098191338272, ""5"": 0.0030300503717951752}"
control,200,p0.20,nan,1.0,1,0.2,39.800000000000004,39.615,25,56,7923,2017,1.5317698468983543,190,0.28344244528413337,0.005668848905682668,1.6821065527956387,18.43082931046991,2.16757558936544,3.160794517902252,8,"{""0"": 0.008617495684123294, ""1"": 0.008075430885755124, ""2"": 0.002486137439574827, ""3"": 0.00824923952502088, ""4"": 0.003769624580666378, ""5"": 0.00281516531895551}"
control,200,p0.20,nan,1.0,1,0.2,39.800000000000004,39.615,25,56,7923,2017,1.5317698468983543,200,0.2883212831440207,0.005766425662880416,1.7350233513942528,18.44688408873853,2.162284144993218,3.10185090422151,8,"{""0"": 0.010518020954491518, ""1"": 0.007174893725481538, ""2"": 0.0023939781470804925, ""3"": 0.008078072724344094, ""4"": 0.003596863815870467, ""5"": 0.0028367246100143746}"
control,200,p0.40,nan,1.0,1,0.4,79.60000000000001,79.945,59,97,15989,2017,1.6359988786176312,0,1.0142706913107706,0.020285413826215414,nan,0.0,1.6359988786176312,4.9136798548249,12,"{""0"": 0.02063481392131883, ""1"": 0.021314897917630797, ""2"": 0.020156575925944678, ""3"": 0.020092854068084913, ""4"": 0.02012214322624366, ""5"": 0.019391197898069607}"
control,200,p0.40,nan,1.0,1,0.4,79.60000000000001,79.945,59,97,15989,2017,1.6359988786176312,10,1.0656441270815002,0.021312882541630006,6.87466219498125,14.507265181154274,2.0505089223683735,4.021408301532196,11,"{""0"": 0.011948389947791474, ""1"": 0.04330941118905997, ""2"": 0.02150079697218538, ""3"": 0.03930604443120736, ""4"": 0.006217777131519333, ""5"": 0.0055948755780165504}"
control,200,p0.40,nan,1.0,1,0.4,79.60000000000001,79.945,59,97,15989,2017,1.6359988786176312,20,0.5672261354079572,0.011344522708159145,32.795242249025335,15.523865214931222,1.9441266761405325,2.9774830827480363,10,"{""0"": 0.021485002409610716, ""1"": 0.002993444399783717, ""2"": 0.015039268083721486, ""3"": 0.01952009661085049, ""4"": 0.0029690163556662574, ""5"": 0.006060308389322205}"
control,200,p0.40,nan,1.0,1,0.4,79.60000000000001,79.945,59,97,15989,2017,1.6359988786176312,30,0.4180359614786673,0.008360719229573347,18.676642628862435,16.134055291510588,1.9764325144098869,2.968206173855081,9,"{""0"": 0.022217906559089753, ""1"": 0.00232126903553785, ""2"": 0.009494894339854103, ""3"": 0.010412499268267338, ""4"": 0.0034583503781937123, ""5"": 0.002259395796497321}"
control,200,p0.40,nan,1.0,1,0.4,79.60000000000001,79.945,59,97,15989,2017,1.6359988786176312,40,0.3426812361291862,0.0068536247225837255,0.9140007216168541,16.351703823322687,2.0149305964800517,3.2375909422842377,10,"{""0"": 0.015370342310236535, ""1"": 0.002571132205679945, ""2"": 0.006889463595221729, ""3"": 0.008310177133058327, ""4"": 0.0036935242737115744, ""5"": 0.004287108817594248}"
control,200,p0.40,nan,1.0,1,0.4,79.60000000000001,79.945,59,97,15989,2017,1.6359988786176312,50,0.31198933142295227,0.006239786628459046,34.245124459568565,16.440428281019443,2.0645411022705846,3.4318170478155583,10,"{""0"": 0.012707433145155062, ""1"": 0.0031042280499648427, ""2"": 0.004607209686418782, ""3"": 0.007432841785036229, ""4"": 0.005956458106032575, ""5"": 0.0036305489981467856}"
control,200,p0.40,nan,1.0,1,0.4,79.60000000000001,79.945,59,97,15989,2017,1.6359988786176312,60,0.25350108311562014,0.005070021662312404,5.952159889879729,16.661944283110678,2.073055582222693,3.3704219930838,9,"{""0"": 0.008755883436727898, ""1"": 0.0026557458842949378, ""2"": 0.003381966413068509, ""3"": 0.005551165403308827, ""4"": 0.006665036960816001, ""5"": 0.0034103318756582486}"
control,200,p0.40,nan,1.0,1,0.4,79.60000000000001,79.945,59,97,15989,2017,1.6359988786176312,70,0.23448356258637484,0.004689671251727498,1.0104147595773922,16.87339334919966,2.0964755808205595,3.283151224231728,9,"{""0"": 0.007515265238224938, ""1"": 0.0021567747593389, ""2"": 0.003640309981215184, ""3"": 0.004992387727919834, ""4"": 0.006086427639160586, ""5"": 0.0037468621645055425}"
control,200,p0.40,nan,1.0,1,0.4,79.60000000000001,79.945,59,97,15989,2017,1.6359988786176312,80,0.2693620175199825,0.005387240350399652,7.5804919158192074,16.995216015438952,2.096277270748118,3.457172398049038,10,"{""0"": 0.009355487167491827, ""1"": 0.0028305725078859225, ""2"": 0.003907388274553071, ""3"": 0.005560592740581501, ""4"": 0.006791970908132031, ""5"": 0.003877430503753556}"
control,200,p0.40,nan,1.0,1,0.4,79.60000000000001,79.945,59,97,15989,2017,1.6359988786176312,90,0.26393851707736493,0.005278770341547299,1.1405624134317727,17.09450717036089,2.1031283474066416,3.384799431990967,9,"{""0"": 0.00936378188132306, ""1"": 0.002715909842072778, ""2"": 0.0032065298997207476, ""3"": 0.004966416206604438, ""4"": 0.007735876904902003, ""5"": 0.0036841073146607665}"
control,200,p0.40,nan,1.0,1,0.4,79.60000000000001,79.945,59,97,15989,2017,1.6359988786176312,100,0.25059801089749945,0.00501196021794999,1.4955874723873843,17.110585192185912,2.1079705135147444,3.3352597670733566,9,"{""0"": 0.008340128627326318, ""1"": 0.002438895448004098, ""2"": 0.0030503181082470764, ""3"": 0.006536023900356109, ""4"": 0.005958864233220866, ""5"": 0.0037475309905454753}"
control,200,p0.40,nan,1.0,1,0.4,79.60000000000001,79.945,59,97,15989,2017,1.6359988786176312,110,0.2653051707035451,0.005306103414070903,2.35451995306853,17.25252724643464,2.1217346766472813,3.343100246269836,9,"{""0"": 0.00840839491135498, ""1"": 0.0024882093005617286, ""2"": 0.0028974019414573556, ""3"": 0.006912051347680066, ""4"": 0.007413607055228068, ""5"": 0.003716955928143222}"
control,200,p0.40,nan,1.0,1,0.4,79.60000000000001,79.945,59,97,15989,2017,1.6359988786176312,120,0.2432259090811411,0.004864518181622823,1.4268401426550752,17.343619587709313,2.1219559052961,3.306109038764023,9,"{""0"": 0.008460926203378068, ""1"": 0.0024174084568226372, ""2"": 0.0024881509686578923, ""3"": 0.00503549999700339, ""4"": 0.007296583246949195, ""5"": 0.0034885402169257534}"
control,200,p0.40,nan,1.0,1,0.4,79.60000000000001,79.945,59,97,15989,2017,1.6359988786176312,130,0.23623859407581266,0.004724771881516253,41.365213097951745,17.40764613122819,2.126970046079271,3.2482137164721645,8,"{""0"": 0.008672850925373758, ""1"": 0.0020526618970050266, ""2"": 0.0015809520999175608, ""3"": 0.004952378508489519, ""4"": 0.007793585429245628, ""5"": 0.0032962024290660295}"
control,200,p0.40,nan,1.0,1,0.4,79.60000000000001,79.945,59,97,15989,2017,1.6359988786176312,140,0.24952280156226755,0.004990456031245352,1.2618653809486613,17.505587539099345,2.138499690367564,3.2742017899110363,9,"{""0"": 0.009953823890444368, ""1"": 0.0019198255239181825, ""2"": 0.0016836019490525371, ""3"": 0.005214931150863381, ""4"": 0.007804160657714899, ""5"": 0.0033663930154787455}"
control,200,p0.40,nan,1.0,1,0.4,79.60000000000001,79.945,59,97,15989,2017,1.6359988786176312,150,0.24393118912714387,0.004878623782542878,8.072724405256446,17.497214949572697,2.1370597124633752,3.244795725517173,9,"{""0"": 0.010276004039695205, ""1"": 0.0018785178175794877, ""2"": 0.0017833212286868245, ""3"": 0.0055595765271396, ""4"": 0.006661292894454574, ""5"": 0.0031130301877015753}"
control,200,p0.40,nan,1.0,1,0.4,79.60000000000001,79.945,59,97,15989,2017,1.6359988786176312,160,0.2461388825884664,0.004922777651769328,4.31988537561838,17.526767542016906,2.143107699010495,3.2363029017004274,9,"{""0"": 0.010115120499340446, ""1"": 0.001967818865154877, ""2"": 0.0014271653468197875, ""3"": 0.005965079798424861, ""4"": 0.0068302101664103835, ""5"": 0.003231271234465618}"
control,200,p0.40,nan,1.0,1,0.4,79.60000000000001,79.945,59,97,15989,2017,1.6359988786176312,170,0.24434891172268025,0.004886978234453606,1.667414302271027,17.61578595389031,2.1495007529254955,3.2097208093188243,8,"{""0"": 0.009939528342766766, ""1"": 0.0019659070771898424, ""2"": 0.0014108193021140846, ""3"": 0.005845542680512084, ""4"": 0.006912645823541996, ""5"": 0.0032474261805968603}"
control,200,p0.40,nan,1.0,1,0.4,79.60000000000001,79.945,59,97,15989,2017,1.6359988786176312,180,0.24864813856800552,0.004972962771360111,9.045645441142849,17.703910837233916,2.1603006937658202,3.220974292619526,8,"{""0"": 0.009736359643842948, ""1"": 0.002046418979681633, ""2"": 0.0014535593443659755, ""3"": 0.005987616213885497, ""4"": 0.0072774236471388355, ""5"": 0.003336398799245778}"
control,200,p0.40,nan,1.0,1,0.4,79.60000000000001,79.945,59,97,15989,2017,1.6359988786176312,190,0.2573071774865412,0.005146143549730825,9.164819802371598,17.797081058596685,2.1643049729120873,3.2213005345778623,8,"{""0"": 0.01020752972364477, ""1"": 0.002061031948900556, ""2"": 0.0015783146433374848, ""3"": 0.005954565896352574, ""4"": 0.007822920059083555, ""5"": 0.003252499027066008}"
control,200,p0.40,nan,1.0,1,0.4,79.60000000000001,79.945,59,97,15989,2017,1.6359988786176312,200,0.2579101652777813,0.005158203305555627,1.0327505289044925,17.861246250185363,2.167254020967739,3.227683292185931,8,"{""0"": 0.010047867629075669, ""1"": 0.00218560939469832, ""2"": 0.001574304613847261, ""3"": 0.005614412731232666, ""4"": 0.008195355785848277, ""5"": 0.003331669678631571}"
control,200,p0.05,nan,1.0,2,0.05,9.950000000000001,9.695,2,19,1939,1939,1.5529577225853046,0,1.033719400438695,0.0206743880087739,nan,0.0,1.5529577225853046,4.164212407727731,11,"{""0"": 0.01899551693111618, ""1"": 0.02051666120646168, ""2"": 0.02159289160117658, ""3"": 0.02097402951756729, ""4"": 0.021960888921615768, ""5"": 0.020006339874705924}"
control,200,p0.05,nan,1.0,2,0.05,9.950000000000001,9.695,2,19,1939,1939,1.5529577225853046,10,0.6207302656243879,0.01241460531248776,5.31542141251756,12.839212245412286,1.8813840892060776,2.3070099812502276,5,"{""0"": 0.03337213081334995, ""1"": 0.015306514484656595, ""2"": 0.004765532872669771, ""3"": 0.006075071869807979, ""4"": 0.011372440691442559, ""5"": 0.003595941142999716}"
control,200,p0.05,nan,1.0,2,0.05,9.950000000000001,9.695,2,19,1939,1939,1.5529577225853046,20,0.3976208971074361,0.007952417942148723,16.6786536835965,13.935542611958867,1.9635028405211221,2.203232010836792,5,"{""0"": 0.0186897636967475, ""1"": 0.004297232686052777, ""2"": 0.004833076198602068, ""3"": 0.0052318055843818476, ""4"": 0.010797913725421396, ""5"": 0.0038647157616867474}"
control,200,p0.05,nan,1.0,2,0.05,9.950000000000001,9.695,2,19,1939,1939,1.5529577225853046,30,0.38132338945771715,0.007626467789154344,9.286304848381588,14.509954631723748,1.939873071687816,2.4048801813691902,5,"{""0"": 0.0172650596587347, ""1"": 0.006807280065289028, ""2"": 0.0028286915808603064, ""3"": 0.0017760197760072795, ""4"": 0.014262222693855613, ""5"": 0.002819532960179128}"
control,200,p0.05,nan,1.0,2,0.05,9.950000000000001,9.695,2,19,1939,1939,1.5529577225853046,40,0.3776558997174156,0.007553117994348313,4.515036904627027,15.40165798380614,1.8853709545470314,2.6109453723423894,5,"{""0"": 0.011341540920824823, ""1"": 0.011928300984758534, ""2"": 0.004236995750784698, ""3"": 0.0013376705779543992, ""4"": 0.012716211820551576, ""5"": 0.0037579879112158445}"
control,200,p0.05,nan,1.0,2,0.05,9.950000000000001,9.695,2,19,1939,1939,1.5529577225853046,50,0.4039502925096924,0.008079005850193848,9.166705894531765,15.732106571469373,1.9385225107506274,2.461528828727706,5,"{""0"": 0.011322857470409231, ""1"": 0.014517289132488209, ""2"": 0.004073506926032038, ""3"": 0.002804072469159498, ""4"": 0.011867480753216234, ""5"": 0.0038888283498578783}"
control,200,p0.05,nan,1.0,2,0.05,9.950000000000001,9.695,2,19,1939,1939,1.5529577225853046,60,0.3954463497635375,0.00790892699527075,3.114252977302641,15.8442073751031,1.9492135636609862,2.400009369663687,5,"{""0"": 0.011716331228524826, ""1"": 0.014433090489585257, ""2"": 0.003758856197643801, ""3"": 0.0035796432290063135, ""4"": 0.010481356056409834, ""5"": 0.0034842847704544726}"
control,200,p0.05,nan,1.0,2,0.05,9.950000000000001,9.695,2,19,1939,1939,1.5529577225853046,70,0.3810495362420279,0.007620990724840559,4.491473028261315,15.995206978339446,1.9850637385363497,2.3629120735610987,5,"{""0"": 0.013914807454041372, ""1"": 0.011050742232350884, ""2"": 0.0032260132088638574, ""3"": 0.002826290814992736, ""4"": 0.012128753343958522, ""5"": 0.0025793372948359813}"
control,200,p0.05,nan,1.0,2,0.05,9.950000000000001,9.695,2,19,1939,1939,1.5529577225853046,80,0.3469976503055035,0.00693995300611007,3.092543978733848,16.130297211363512,1.9631660818523557,2.297469216085076,5,"{""0"": 0.014001555871415338, ""1"": 0.010667374095151956, ""2"": 0.0044151422304099545, ""3"": 0.002337809027530666, ""4"": 0.006703129554254712, ""5"": 0.003514707257897799}"
control,200,p0.05,nan,1.0,2,0.05,9.950000000000001,9.695,2,19,1939,1939,1.5529577225853046,90,0.3129120292327206,0.0062582405846544125,4.040025017754908,16.33188746878009,1.956140727274471,2.396423583790478,5,"{""0"": 0.012295381563634187, ""1"": 0.009890709811621207, ""2"": 0.005286509054688607, ""3"": 0.001179489343983339, ""4"": 0.0051718220907918735, ""5"": 0.00372553164320726}"
control,200,p0.05,nan,1.0,2,0.05,9.950000000000001,9.695,2,19,1939,1939,1.5529577225853046,100,0.3050629252836586,0.006101258505673173,2.255610785521827,16.581834928672674,1.9529597612126217,2.501604403858491,5,"{""0"": 0.009174912800097898, ""1"": 0.01155013348994664, ""2"": 0.006069939613846389, ""3"": 0.0011882705907435532, ""4"": 0.00457974636397069, ""5"": 0.004044548175433865}"
control,200,p0.05,nan,1.0,2,0.05,9.950000000000001,9.695,2,19,1939,1939,1.5529577225853046,110,0.30305352757254006,0.006061070551450802,1.8199218014854979,16.604338152081244,1.954894830608478,2.4671929924591045,5,"{""0"": 0.009344072027260905, ""1"": 0.011176811199208145, ""2"": 0.0058468802644720775, ""3"": 0.0011159679760376138, ""4"": 0.004922666905190639, ""5"": 0.003960024936535431}"
control,200,p0.05,nan,1.0,2,0.05,9.950000000000001,9.695,2,19,1939,1939,1.5529577225853046,120,0.29432568423306216,0.005886513684661244,4.293915985078472,16.65942639946818,1.9491307025475173,2.4509196881949484,5,"{""0"": 0.010385709106421571, ""1"": 0.009334905018881814, ""2"": 0.005018170240316594, ""3"": 0.000965094185571665, ""4"": 0.006153869877069741, ""5"": 0.0034613336797060775}"
control,200,p0.05,nan,1.0,2,0.05,9.950000000000001,9.695,2,19,1939,1939,1.5529577225853046,130,0.2891074882628737,0.005782149765257474,4.436411699981332,16.797579646567744,1.9594519623548416,2.4422531488248214,5,"{""0"": 0.010255265506237014, ""1"": 0.008913683893759029, ""2"": 0.004981932393006582, ""3"": 0.0009644060592787806, ""4"": 0.006204078572216011, ""5"": 0.003373532167047429}"
control,200,p0.05,nan,1.0,2,0.05,9.950000000000001,9.695,2,19,1939,1939,1.5529577225853046,140,0.2884293922975622,0.005768587845951245,3.1990626896564582,16.922095821230773,1.9648448372946792,2.4745300617922883,5,"{""0"": 0.00988053877768871, ""1"": 0.009624756793923276, ""2"": 0.004548364594787111, ""3"": 0.0008503755632037564, ""4"": 0.006718926570605554, ""5"": 0.0029885647754990625}"
control,200,p0.05,nan,1.0,2,0.05,9.950000000000001,9.695,2,19,1939,1939,1.5529577225853046,150,0.2935647548345967,0.005871295096691935,3.7092223440777414,17.067337566545756,1.9733975320114716,2.4749627766037934,5,"{""0"": 0.010595348522241884, ""1"": 0.009618343561183566, ""2"": 0.004162383289333651, ""3"": 0.0008835088567860132, ""4"": 0.007527138696875787, ""5"": 0.002441047653730711}"
control,200,p0.05,nan,1.0,2,0.05,9.950000000000001,9.695,2,19,1939,1939,1.5529577225853046,160,0.2931959189071602,0.005863918378143204,10.11884440292998,17.100947008025884,1.9773503967479769,2.4449281719268385,5,"{""0"": 0.01094364623510539, ""1"": 0.009704761837957765, ""2"": 0.004001300754216585, ""3"": 0.0010095828024282553, ""4"": 0.007115273286174192, ""5"": 0.0024089453529770413}"
control,200,p0.05,nan,1.0,2,0.05,9.950000000000001,9.695,2,19,1939,1939,1.5529577225853046,170,0.29981087959278696,0.0059962175918557405,3.0224647037736214,17.170598819123928,1.9766018925397504,2.4252607709451635,5,"{""0"": 0.010620088309711447, ""1"": 0.010193300976553358, ""2"": 0.004028607627883798, ""3"": 0.0017416862096316294, ""4"": 0.007033690121799964, ""5"": 0.002359932305554249}"
control,200,p0.05,nan,1.0,2,0.05,9.950000000000001,9.695,2,19,1939,1939,1.5529577225853046,180,0.29200887089186983,0.005840177417837398,23.00085242701699,17.21330017395162,1.9753332978105484,2.441138816306928,5,"{""0"": 0.009445170238519564, ""1"": 0.01060573214259251, ""2"": 0.00428860818113125, ""3"": 0.0019041108157787732, ""4"": 0.006200117919640506, ""5"": 0.002597325209361784}"
control,200,p0.05,nan,1.0,2,0.05,9.950000000000001,9.695,2,19,1939,1939,1.5529577225853046,190,0.2778630140111118,0.0055572602802222365,3.116846357338633,17.35338762705369,1.982682492148765,2.513793094640556,5,"{""0"": 0.008904190401264367, ""1"": 0.010738154265268383, ""2"": 0.003937014041787928, ""3"": 0.0009345917828036922, ""4"": 0.006599080376132356, ""5"": 0.0022305308140766985}"
control,200,p0.05,nan,1.0,2,0.05,9.950000000000001,9.695,2,19,1939,1939,1.5529577225853046,200,0.27209168258567673,0.005441833651713535,0.674424048511072,17.444408229601557,1.9768892011330301,2.5101786788595284,5,"{""0"": 0.008778304610367304, ""1"": 0.010122935398955688, ""2"": 0.003966177806706402, ""3"": 0.0008738401392043273, ""4"": 0.006719170055265664, ""5"": 0.002190573899781823}"
control,200,p0.10,nan,1.0,2,0.1,19.900000000000002,20.31,8,36,4062,1939,1.6491755211305246,0,0.994095095126016,0.019881901902520323,nan,0.0,1.6491755211305246,4.467702222753579,12,"{""0"": 0.018921664004925006, ""1"": 0.022974574248080033, ""2"": 0.021882511795236363, ""3"": 0.020634378431852653, ""4"": 0.017115382616010227, ""5"": 0.017762900319017654}"
control,200,p0.10,nan,1.0,2,0.1,19.900000000000002,20.31,8,36,4062,1939,1.6491755211305246,10,0.6400203718927873,0.012800407437855746,3.0225431043290847,13.584445280918262,2.157277202892354,3.4366973714499394,8,"{""0"": 0.03889919176465166, ""1"": 0.007889435436396409, ""2"": 0.015374352685741033, ""3"": 0.003050993877151449, ""4"": 0.00585483206659234, ""5"": 0.005733638796601583}"
control,200,p0.10,nan,1.0,2,0.1,19.900000000000002,20.31,8,36,4062,1939,1.6491755211305246,20,0.49274666587176885,0.009854933317435378,27.926357373160776,14.93620725816881,2.253210945691842,2.657210560943037,7,"{""0"": 0.0272784142684065, ""1"": 0.0018638749562157968, ""2"": 0.003829490140082655, ""3"": 0.004112093693690943, ""4"": 0.012600751479556489, ""5"": 0.009444975366659896}"
control,200,p0.10,nan,1.0,2,0.1,19.900000000000002,20.31,8,36,4062,1939,1.6491755211305246,30,0.3334959003943538,0.006669918007887077,3.9397391245706688,15.412562778715218,2.2372206381477793,2.861371719144965,8,"{""0"": 0.018734009457629423, ""1"": 0.002877609859923141, ""2"": 0.003032194518033515, ""3"": 0.0059733586272516705, ""4"": 0.005773780884139259, ""5"": 0.003628554700345444}"
control,200,p0.10,nan,1.0,2,0.1,19.900000000000002,20.31,8,36,4062,1939,1.6491755211305246,40,0.3341348898035324,0.006682697796070649,10.62283301770594,16.109577843121727,2.212660048699038,3.0668424207695275,7,"{""0"": 0.004336813899214797, ""1"": 0.007268863757250809, ""2"": 0.00591667106189572, ""3"": 0.008474266807760346, ""4"": 0.00863187400592741, ""5"": 0.005467697244374818}"
control,200,p0.10,nan,1.0,2,0.1,19.900000000000002,20.31,8,36,4062,1939,1.6491755211305246,50,0.3106198974342191,0.0062123979486843825,18.855304641294136,16.287687047289275,2.1051830409295573,2.980137872822272,8,"{""0"": 0.005523895863313773, ""1"": 0.005638902667534409, ""2"": 0.004859170552213792, ""3"": 0.00938968292250016, ""4"": 0.007023831097331623, ""5"": 0.0048389045892125405}"
control,200,p0.10,nan,1.0,2,0.1,19.900000000000002,20.31,8,36,4062,1939,1.6491755211305246,60,0.31166187990762895,0.0062332375981525795,0.9115146821275498,16.46472258559187,2.0577334382211494,2.7866927792816214,8,"{""0"": 0.007649003299897164, ""1"": 0.004803520167778968, ""2"": 0.004503153242320188, ""3"": 0.009737448150907515, ""4"": 0.006726808966023764, ""5"": 0.0039794917619878755}"
control,200,p0.10,nan,1.0,2,0.1,19.900000000000002,20.31,8,36,4062,1939,1.6491755211305246,70,0.2970707366090358,0.005941414732180718,2.724137143009979,16.67011533810059,2.0742885304417555,2.7108476774843595,7,"{""0"": 0.009832779442386174, ""1"": 0.0037969349359240796, ""2"": 0.0021632805668993665, ""3"": 0.008635911163994741, ""4"": 0.008023773541650502, ""5"": 0.0031958087422294433}"
control,200,p0.10,nan,1.0,2,0.1,19.900000000000002,20.31,8,36,4062,1939,1.6491755211305246,80,0.29925231001891484,0.005985046200378297,1.312022096807819,16.78201130149807,2.0981632720044097,2.659350355932013,8,"{""0"": 0.010783849732576439, ""1"": 0.0037761140233803572, ""2"": 0.003707075016671106, ""3"": 0.00792292877027221, ""4"": 0.005803000874458346, ""5"": 0.003917308784911323}"
control,200,p0.10,nan,1.0,2,0.1,19.900000000000002,20.31,8,36,4062,1939,1.6491755211305246,90,0.29990107782018577,0.005998021556403716,2.6821888603312694,16.847892726381257,2.087033615313748,2.67302179577625,8,"{""0"": 0.010009670552763235, ""1"": 0.004360781509319074, ""2"": 0.005282963327487842, ""3"": 0.0069857529279097035, ""4"": 0.004894469720173525, ""5"": 0.0044544913007689155}"
control,200,p0.10,nan,1.0,2,0.1,19.900000000000002,20.31,8,36,4062,1939,1.6491755211305246,100,0.2838799479260096,0.005677598958520194,3.0550228684765246,17.025167278146142,2.1489142842375593,2.753836803691313,8,"{""0"": 0.007764857566800202, ""1"": 0.003710004548769617, ""2"": 0.004767796878748891, ""3"": 0.00739355248100908, ""4"": 0.005923203193044048, ""5"": 0.004506179082749327}"
control,200,p0.10,nan,1.0,2,0.1,19.900000000000002,20.31,8,36,4062,1939,1.6491755211305246,110,0.28436077949972605,0.005687215589994521,8.368933193399355,17.094034007674114,2.1916795516307466,2.7902878391519708,8,"{""0"": 0.0083139387666382, ""1"": 0.0036499118009564583, ""2"": 0.004133086344634293, ""3"": 0.0070330206147480295, ""4"": 0.006415820269344337, ""5"": 0.0045775157436458115}"
control,200,p0.10,nan,1.0,2,0.1,19.900000000000002,20.31,8,36,4062,1939,1.6491755211305246,120,0.27625983216262484,0.005525196643252498,1.9230686053346113,17.17535587234848,2.194428221391471,2.8232004494463974,8,"{""0"": 0.00924260973776598, ""1"": 0.0034901404881189056, ""2"": 0.0018230443310357082, ""3"": 0.006952499618986209, ""4"": 0.00731408971764076, ""5"": 0.004328795965967425}"
control,200,p0.10,nan,1.0,2,0.1,19.900000000000002,20.31,8,36,4062,1939,1.6491755211305246,130,0.2696952466241395,0.005393904932482791,4.561360911369959,17.25173730776575,2.205063574650106,2.8068670843680654,8,"{""0"": 0.009064638102258068, ""1"": 0.0032748901066892064, ""2"": 0.0020821525961825745, ""3"": 0.006484309797306019, ""4"": 0.0071116676323228, ""5"": 0.004345771360138082}"
control,200,p0.10,nan,1.0,2,0.1,19.900000000000002,20.31,8,36,4062,1939,1.6491755211305246,140,0.26827409965206117,0.005365481993041224,1.0148400897973369,17.324165034259803,2.199321678155399,2.8344605123067947,8,"{""0"": 0.00910097058444238, ""1"": 0.0034124185673836114, ""2"": 0.0015416239686711977, ""3"": 0.006470688905077312, ""4"": 0.007524218595778676, ""5"": 0.004142971336894162}"
control,200,p0.10,nan,1.0,2,0.1,19.900000000000002,20.31,8,36,4062,1939,1.6491755211305246,150,0.26697890602993746,0.005339578120598749,1.3620212713804898,17.387164915771507,2.192965395877368,2.798517947840271,7,"{""0"": 0.009046670783160439, ""1"": 0.0033244577384586313, ""2"": 0.0013514377686418126, ""3"": 0.006842316081547217, ""4"": 0.00782964711637052, ""5"": 0.0036429392354138737}"
control,200,p0.10,nan,1.0,2,0.1,19.900000000000002,20.31,8,36,4062,1939,1.6491755211305246,160,0.26849264227862224,0.005369852845572445,5.559484084183339,17.383805351769475,2.202772320123502,2.79701175158019,8,"{""0"": 0.009226503440137474, ""1"": 0.003344571410587594, ""2"": 0.0012759472025253584, ""3"": 0.006976425199006396, ""4"": 0.00799888113041486, ""5"": 0.003396788690762992}"
control,200,p0.10,nan,1.0,2,0.1,19.900000000000002,20.31,8,36,4062,1939,1.6491755211305246,170,0.2645217496905504,0.005290434993811009,2.0253501035480337,17.422622272552147,2.203670141625247,2.8097575654615476,8,"{""0"": 0.008707635483404941, ""1"": 0.003531997346615189, ""2"": 0.0012423369897468256, ""3"": 0.006868497866688993, ""4"": 0.0082191582743038, ""5"": 0.003172984002106307}"
control,200,p0.10,nan,1.0,2,0.1,19.900000000000002,20.31,8,36,4062,1939,1.6491755211305246,180,0.27322266504231374,0.005464453300846276,4.486032175360197,17.473868873543218,2.1800393033122423,2.746173287061753,7,"{""0"": 0.008703680792425094, ""1"": 0.003542186146843545, ""2"": 0.001546278663815581, ""3"": 0.008063607099176456, ""4"": 0.007518244692262715, ""5"": 0.0034127224105542607}"
control,200,p0.10,nan,1.0,2,0.1,19.900000000000002,20.31,8,36,4062,1939,1.6491755211305246,190,0.27466212530733936,0.005493242506146787,0.8115328599647537,17.531852307758342,2.177846143688065,2.798526263848059,8,"{""0"": 0.008161945348105446, ""1"": 0.004012308109495298, ""2"": 0.0012616092471386127, ""3"": 0.00800171760238817, ""4"": 0.008190402541337216, ""5"": 0.0033314721884159806}"
control,200,p0.10,nan,1.0,2,0.1,19.900000000000002,20.31,8,36,4062,1939,1.6491755211305246,200,0.25801502141729615,0.0051603004283459234,37.77516646600995,17.599942058871154,2.1916199860782073,2.8775968182715004,8,"{""0"": 0.008235302724218518, ""1"": 0.0037277557238913814, ""2"": 0.0011194033664616765, ""3"": 0.006183920631391216, ""4"": 0.00869738169575726, ""5"": 0.002998038428355487}"
control,200,p0.20,nan,1.0,2,0.2,39.800000000000004,39.93,26,57,7986,1939,1.5977169053837534,0,1.0092899650524063,0.020185799301048128,nan,0.0,1.5977169053837534,3.4671706501423096,12,"{""0"": 0.01997945585700836, ""1"": 0.02047887130660556, ""2"": 0.020322748298307564, ""3"": 0.022339788068431975, ""4"": 0.020040678687925924, ""5"": 0.017953253588009383}"
control,200,p0.20,nan,1.0,2,0.2,39.800000000000004,39.93,26,57,7986,1939,1.5977169053837534,10,1.0811091832932194,0.02162218366586439,5.788190730694452,14.295593659736985,1.9542976006507782,2.7291427113472153,9,"{""0"": 0.03857804581611545, ""1"": 0.00915992620152729, ""2"": 0.027209912499864534, ""3"": 0.020168937744041937, ""4"": 0.013947672477907328, ""5"": 0.020668607255729814}"
control,200,p0.20,nan,1.0,2,0.2,39.800000000000004,39.93,26,57,7986,1939,1.5977169053837534,20,0.7910591452812831,0.015821182905625664,23.073280509886043,15.051187936204839,2.101085220131438,2.743643474366952,9,"{""0"": 0.030515234983189633, ""1"": 0.0061580222704494285, ""2"": 0.014291474384050883, ""3"": 0.00816100678271513, ""4"": 0.0070545939809259035, ""5"": 0.028746765032423006}"
control,200,p0.20,nan,1.0,2,0.2,39.800000000000004,39.93,26,57,7986,1939,1.5977169053837534,30,0.8418687344158359,0.016837374688316722,4.605091112801918,15.394917471553194,2.0401121583798303,3.50019135868676,10,"{""0"": 0.023644691641875194, ""1"": 0.014226978397249197, ""2"": 0.009984924371340392, ""3"": 0.004260037462279954, ""4"": 0.012630517500104424, ""5"": 0.03627709875705116}"
control,200,p0.20,nan,1.0,2,0.2,39.800000000000004,39.93,26,57,7986,1939,1.5977169053837534,40,0.636737444965307,0.012734748899306144,9.13100648446483,15.404841449699914,1.9795585889899099,3.633319174946437,10,"{""0"": 0.016896936464921283, ""1"": 0.011845590011644685, ""2"": 0.014012718352834607, ""3"": 0.0026262969897750134, ""4"": 0.008291547060948421, ""5"": 0.02273540451571284}"
control,200,p0.20,nan,1.0,2,0.2,39.800000000000004,39.93,26,57,7986,1939,1.5977169053837534,50,0.6709358981194106,0.013418717962388213,46.80608518294689,15.386588272407161,1.97675512282968,3.605141878673743,10,"{""0"": 0.020744469755705885, ""1"": 0.012887754728699949, ""2"": 0.011269408244004396, ""3"": 0.004524087221586941, ""4"": 0.007896157066770068, ""5"": 0.023190430757562046}"
control,200,p0.20,nan,1.0,2,0.2,39.800000000000004,39.93,26,57,7986,1939,1.5977169053837534,60,0.7167544644571244,0.014335089289142492,1.8184854323858326,15.515047283720678,1.9985409325219048,3.542937686709247,10,"{""0"": 0.02331924057976207, ""1"": 0.0140139529440167, ""2"": 0.008234973440639653, ""3"": 0.006352575419953084, ""4"": 0.007596893854557418, ""5"": 0.026492899495926026}"
control,200,p0.20,nan,1.0,2,0.2,39.800000000000004,39.93,26,57,7986,1939,1.5977169053837534,70,0.7174657369341189,0.01434931473868238,12.516850890237672,15.64257001531142,2.0227578904450523,3.3572966215006117,10,"{""0"": 0.026322642822115723, ""1"": 0.017701694659302335, ""2"": 0.0067642817603634775, ""3"": 0.0072003957341107965, ""4"": 0.007333580146452341, ""5"": 0.020773293309749592}"
control,200,p0.20,nan,1.0,2,0.2,39.800000000000004,39.93,26,57,7986,1939,1.5977169053837534,80,0.6366262598670501,0.012732525197341004,1.0792761194569886,15.7267677419719,2.0257149654255198,3.2660982118183512,10,"{""0"": 0.026136252085635414, ""1"": 0.013030770277709536, ""2"": 0.008290787300923984, ""3"": 0.008327639178700968, ""4"": 0.006713632522393526, ""5"": 0.013896069818682608}"
control,200,p0.20,nan,1.0,2,0.2,39.800000000000004,39.93,26,57,7986,1939,1.5977169053837534,90,0.5512464134019136,0.011024928268038274,45.34753897550932,15.85209685542856,1.9973926537748992,3.362981509750308,10,"{""0"": 0.023397727929577193, ""1"": 0.009423373848696306, ""2"": 0.009504989638944587, ""3"": 0.006605593070721937, ""4"": 0.006027832950674927, ""5"": 0.011190052169614696}"
control,200,p0.20,nan,1.0,2,0.2,39.800000000000004,39.93,26,57,7986,1939,1.5977169053837534,100,0.518769408147342,0.01037538816294684,2.3439856272811714,15.860048399789878,1.981415790801885,3.3027757854238287,9,"{""0"": 0.02088112510270835, ""1"": 0.010750635475461599, ""2"": 0.009922881182646167, ""3"": 0.006104324066502487, ""4"": 0.004421505116502104, ""5"": 0.010171858033860344}"
control,200,p0.20,nan,1.0,2,0.2,39.800000000000004,39.93,26,57,7986,1939,1.5977169053837534,110,0.4667083123140874,0.00933416624628175,3.0888385820656175,16.067277835250334,1.9995125635612292,3.3646200004089746,9,"{""0"": 0.016909728203472467, ""1"": 0.009576591809483555, ""2"": 0.011130062502852612, ""3"": 0.005259503049340277, ""4"": 0.004305203840934625, ""5"": 0.008823908071606953}"
control,200,p0.20,nan,1.0,2,0.2,39.800000000000004,39.93,26,57,7986,1939,1.5977169053837534,120,0.44320639487807056,0.008864127897561414,3.376050962393836,16.166654579327208,2.003742653012999,3.329689154131049,9,"{""0"": 0.015575207669373975, ""1"": 0.009155030385846164, ""2"": 0.009545997311114987, ""3"": 0.004877210679199123, ""4"": 0.004396740938627948, ""5"": 0.009634580401206284}"
control,200,p0.20,nan,1.0,2,0.2,39.800000000000004,39.93,26,57,7986,1939,1.5977169053837534,130,0.4307039749722871,0.008614079499445742,14.217062537239565,16.27713174590541,2.006666441651959,3.4077580044993474,10,"{""0"": 0.015876993122916398, ""1"": 0.00890282758788075, ""2"": 0.007726937704559571, ""3"": 0.004119178370879257, ""4"": 0.004210514004507995, ""5"": 0.010848026205930488}"
control,200,p0.20,nan,1.0,2,0.2,39.800000000000004,39.93,26,57,7986,1939,1.5977169053837534,140,0.44582668283178695,0.00891653365663574,12.219579485064438,16.351121910375486,2.0039680007703633,3.406441333370137,10,"{""0"": 0.01725784885042355, ""1"": 0.010261331927532032, ""2"": 0.006634371258624877, ""3"": 0.0042337429225860505, ""4"": 0.004307251034390377, ""5"": 0.010804655946257544}"
control,200,p0.20,nan,1.0,2,0.2,39.800000000000004,39.93,26,57,7986,1939,1.5977169053837534,150,0.4417313944141791,0.008834627888283582,2.4678014905951087,16.44588011168574,2.0082760718279,3.3624205836695125,9,"{""0"": 0.01674685237946743, ""1"": 0.010751020372771179, ""2"": 0.006762178281259837, ""3"": 0.00464489832914858, ""4"": 0.004224624837020309, ""5"": 0.009878193130034154}"
control,200,p0.20,nan,1.0,2,0.2,39.800000000000004,39.93,26,57,7986,1939,1.5977169053837534,160,0.46737962329338123,0.009347592465867626,3.2206931707687945,16.53344147694003,2.0206219632811404,3.405469012986946,10,"{""0"": 0.017815738982578357, ""1"": 0.011935946015609124, ""2"": 0.006333154076202292, ""3"": 0.004769439420490921, ""4"": 0.005349266271191443, ""5"": 0.009882010029133612}"
control,200,p0.20,nan,1.0,2,0.2,39.800000000000004,39.93,26,57,7986,1939,1.5977169053837534,170,0.4316636122014767,0.008633272244029535,4.488186594980228,16.533107914316,2.019571693088828,3.5069323695232018,10,"{""0"": 0.01664439379962899, ""1"": 0.010746294097303433, ""2"": 0.006445320604826885, ""3"": 0.0035545849212367045, ""4"": 0.00527244516572827, ""5"": 0.009136594875452927}"
control,200,p0.20,nan,1.0,2,0.2,39.800000000000004,39.93,26,57,7986,1939,1.5977169053837534,180,0.42245672400982714,0.008449134480196544,17.04286552837689,16.599521872123002,2.035306919054438,3.472876359673076,10,"{""0"": 0.016465930431550146, ""1"": 0.010782143966683816, ""2"": 0.006243043761019076, ""3"": 0.004208638129058131, ""4"": 0.005134777459476847, ""5"": 0.00786027313339125}"
control,200,p0.20,nan,1.0,2,0.2,39.800000000000004,39.93,26,57,7986,1939,1.5977169053837534,190,0.4331186234940581,0.008662372469881163,2.7134716885076475,16.65856345805067,2.046422361417383,3.6762315481071814,11,"{""0"": 0.016675433289104775, ""1"": 0.010294176937015755, ""2"": 0.006817271114133383, ""3"": 0.0027565441274260177, ""4"": 0.005523218879238638, ""5"": 0.009907590472368413}"
control,200,p0.20,nan,1.0,2,0.2,39.800000000000004,39.93,26,57,7986,1939,1.5977169053837534,200,0.42380947918102546,0.00847618958362051,9.522963434554914,16.67853696203246,2.04889820604415,3.724499746494348,10,"{""0"": 0.016752353504629648, ""1"": 0.009834282350544175, ""2"": 0.006631875335363355, ""3"": 0.002267942771188406, ""4"": 0.005642266805547039, ""5"": 0.009728416734450438}"
control,200,p0.40,nan,1.0,2,0.4,79.60000000000001,79.745,62,103,15949,1939,1.5818073183062278,0,1.0318583539091764,0.020637167078183527,nan,0.0,1.5818073183062278,6.582827422889766,13,"{""0"": 0.01995403800037384, ""1"": 0.020814599282594447, ""2"": 0.01995931435371224, ""3"": 0.021462767443114955, ""4"": 0.020267077411114658, ""5"": 0.02136520597819104}"
control,200,p0.40,nan,1.0,2,0.4,79.60000000000001,79.745,62,103,15949,1939,1.5818073183062278,10,0.5172878434358508,0.010345756868717018,14.302407335117557,12.123273889040448,1.9749050372034898,3.297351025014018,10,"{""0"": 0.006578238021219334, ""1"": 0.003482647343141242, ""2"": 0.02966364220524867, ""3"": 0.003092613827306994, ""4"": 0.010761748673882255, ""5"": 0.00849565114150361}"
control,200,p0.40,nan,1.0,2,0.4,79.60000000000001,79.745,62,103,15949,1939,1.5818073183062278,20,0.4362985203513805,0.00872597040702761,14.962011947604879,13.242439342738333,1.899278539518787,3.8391842989083282,10,"{""0"": 0.009871484785718235, ""1"": 0.0031638410201824756, ""2"": 0.019240005424280244, ""3"": 0.003369974228883447, ""4"": 0.012711639729123689, ""5"": 0.003998877253977585}"
control,200,p0.40,nan,1.0,2,0.4,79.60000000000001,79.745,62,103,15949,1939,1.5818073183062278,30,0.3446351971527825,0.006892703943055652,0.7099133974270325,13.933329680355083,2.038844200344736,3.5020789224460995,9,"{""0"": 0.011739681910600493, ""1"": 0.003877425350624886, ""2"": 0.0044943053932236686, ""3"": 0.0063166072095501135, ""4"": 0.01122446475629497, ""5"": 0.0037037390380397772}"
control,200,p0.40,nan,1.0,2,0.4,79.60000000000001,79.745,62,103,15949,1939,1.5818073183062278,40,0.39520416207728465,0.007904083241545694,5.080020847381431,14.512263191209076,2.050420881382049,3.210118665225402,9,"{""0"": 0.008361974465942846, ""1"": 0.006073773503152789, ""2"": 0.00918760685313082, ""3"": 0.006038761938798664, ""4"": 0.014750610295083977, ""5"": 0.003011772393165066}"
control,200,p0.40,nan,1.0,2,0.4,79.60000000000001,79.745,62,103,15949,1939,1.5818073183062278,50,0.35881046546625117,0.007176209309325024,2.9008030396985305,14.795132460740783,2.0861105837968585,3.134590246834167,9,"{""0"": 0.008366446921429058, ""1"": 0.004341106194498812, ""2"": 0.004711861666905239, ""3"": 0.00729213357175391, ""4"": 0.014421700462477807, ""5"": 0.003924007038885318}"
control,200,p0.40,nan,1.0,2,0.4,79.60000000000001,79.745,62,103,15949,1939,1.5818073183062278,60,0.3839288573845109,0.007678577147690218,2.454744492663532,15.10005258623953,2.1310338135354696,2.7556752191288014,9,"{""0"": 0.009445135056361685, ""1"": 0.005706057297286978, ""2"": 0.002453318883598899, ""3"": 0.012444895097669715, ""4"": 0.012316455301270127, ""5"": 0.003705601249953905}"
control,200,p0.40,nan,1.0,2,0.4,79.60000000000001,79.745,62,103,15949,1939,1.5818073183062278,70,0.3707251543547032,0.007414503087094065,4.947852998285764,15.182577227218351,2.1664584511900298,2.6062896297051186,8,"{""0"": 0.00954276461332158, ""1"": 0.005955896737052791, ""2"": 0.0023102636162614766, ""3"": 0.012733882334749685, ""4"": 0.011311289723112608, ""5"": 0.002632921498066248}"
control,200,p0.40,nan,1.0,2,0.4,79.60000000000001,79.745,62,103,15949,1939,1.5818073183062278,80,0.37048713199130767,0.007409742639826154,2.096805521695925,15.299177496945633,2.134436337410069,2.898209346907898,9,"{""0"": 0.008638975344552484, ""1"": 0.00582202076395729, ""2"": 0.004516865760890946, ""3"": 0.012076445176270947, ""4"": 0.009641010180996345, ""5"": 0.0037631386122889193}"
control,200,p0.40,nan,1.0,2,0.4,79.60000000000001,79.745,62,103,15949,1939,1.5818073183062278,90,0.37522705625028974,0.0075045411250057965,7.224853536858039,15.45749313106407,2.124873574521266,3.256349641367049,9,"{""0"": 0.007858514710812045, ""1"": 0.004674978231348932, ""2"": 0.006814448851768969, ""3"": 0.01257535888920527, ""4"": 0.006893727358271345, ""5"": 0.006210218708628217}"
control,200,p0.40,nan,1.0,2,0.4,79.60000000000001,79.745,62,103,15949,1939,1.5818073183062278,100,0.334479734429002,0.00668959468858004,3.6584272665562376,15.537885235362507,2.1343491271426713,3.23512445882624,9,"{""0"": 0.007317022949501156, ""1"": 0.003597990325086741, ""2"": 0.006244952845607927, ""3"": 0.010607902604280923, ""4"": 0.006996494704592494, ""5"": 0.005373204702411003}"
control,200,p0.40,nan,1.0,2,0.4,79.60000000000001,79.745,62,103,15949,1939,1.5818073183062278,110,0.323035458296104,0.006460709165922082,11.679174584495998,15.694521702126746,2.1319606052528424,3.3635204322212293,9,"{""0"": 0.006745227624636011, ""1"": 0.004571681368698388, ""2"": 0.0062355473590783835, ""3"": 0.008109492998338097, ""4"": 0.006746796410346391, ""5"": 0.006355509234435222}"
control,200,p0.40,nan,1.0,2,0.4,79.60000000000001,79.745,62,103,15949,1939,1.5818073183062278,120,0.31271462384938087,0.006254292476987618,2.6480705324810123,15.79356755299931,2.14095449858028,3.285266221091058,9,"{""0"": 0.006904161864358134, ""1"": 0.004817155290924924, ""2"": 0.005860909248619176, ""3"": 0.007689949137507562, ""4"": 0.0072410196579205735, ""5"": 0.005012559662595337}"
control,200,p0.40,nan,1.0,2,0.4,79.60000000000001,79.745,62,103,15949,1939,1.5818073183062278,130,0.28879964877327724,0.005775992975465546,22.640795466043183,15.86184827296417,2.1435455051885435,3.385576142612507,10,"{""0"": 0.006148707608458502, ""1"": 0.005062542173249235, ""2"": 0.00522328510239567, ""3"": 0.0063606949279549725, ""4"": 0.006768426289292565, ""5"": 0.00509230175144233}"
control,200,p0.40,nan,1.0,2,0.4,79.60000000000001,79.745,62,103,15949,1939,1.5818073183062278,140,0.2886180700495678,0.005772361400991357,2.2880247179539497,15.949046174852223,2.154737843318727,3.321688882368889,9,"{""0"": 0.006022381594552776, ""1"": 0.006075483470131912, ""2"": 0.005015052507159536, ""3"": 0.0065443339939598, ""4"": 0.0064011712013564825, ""5"": 0.004575745638787638}"
control,200,p0.40,nan,1.0,2,0.4,79.60000000000001,79.745,62,103,15949,1939,1.5818073183062278,150,0.2806635754629474,0.005613271509258949,1.583291960401704,16.044294420188333,2.163566621779347,3.3322595296533577,9,"{""0"": 0.006200872048869323, ""1"": 0.0065758631311306995, ""2"": 0.004831965449212328, ""3"": 0.006014343506598215, ""4"": 0.006083270338912562, ""5"": 0.0039733145808305646}"
control,200,p0.40,nan,1.0,2,0.4,79.60000000000001,79.745,62,103,15949,1939,1.5818073183062278,160,0.28883925216385486,0.0057767850432770985,13.208793631437459,16.12696720884222,2.1669115368250234,3.3555580912483425,9,"{""0"": 0.005819809697945028, ""1"": 0.007630818060338192, ""2"": 0.005291682834634757, ""3"": 0.006116818333283239, ""4"": 0.005554307600210416, ""5"": 0.004247273733250963}"
control,200,p0.40,nan,1.0,2,0.4,79.60000000000001,79.745,62,103,15949,1939,1.5818073183062278,170,0.28428997781599086,0.0056857995563198175,4.488926536343815,16.18412194948879,2.1690332184258896,3.3486961719463544,9,"{""0"": 0.005498270681822804, ""1"": 0.007795827483417348, ""2"": 0.005215452609660639, ""3"": 0.0057165743017147715, ""4"": 0.005853451504485669, ""5"": 0.004035220756817672}"
control,200,p0.40,nan,1.0,2,0.4,79.60000000000001,79.745,62,103,15949,1939,1.5818073183062278,180,0.2691403102353811,0.005382806204707622,11.614314775826971,16.27432403721671,2.1659100555677324,3.398774364352429,9,"{""0"": 0.005551213614124234, ""1"": 0.007537717907772771, ""2"": 0.005102109780998275, ""3"": 0.0043731711399881985, ""4"": 0.005798332547829333, ""5"": 0.003934292237532918}"
control,200,p0.40,nan,1.0,2,0.4,79.60000000000001,79.745,62,103,15949,1939,1.5818073183062278,190,0.26161332673377896,0.00523226653467558,1.596026327128344,16.32344637372087,2.164385822492827,3.3813956813625814,9,"{""0"": 0.0046904133571420885, ""1"": 0.008453220034176702, ""2"": 0.004338211660729133, ""3"": 0.0040118743566566065, ""4"": 0.006180074350724342, ""5"": 0.0037198054486246085}"
control,200,p0.40,nan,1.0,2,0.4,79.60000000000001,79.745,62,103,15949,1939,1.5818073183062278,200,0.2592617159035372,0.005185234318070745,0.8720463507214312,16.398687929406865,2.163612603408796,3.4186864456448562,9,"{""0"": 0.004425217787271386, ""1"": 0.00835161161116343, ""2"": 0.004590213313242277, ""3"": 0.0035044269742964284, ""4"": 0.006303780506798906, ""5"": 0.003936155715652036}"
control,200,p0.05,nan,1.0,3,0.05,9.950000000000001,10.375,3,17,2075,2075,1.6051902349827163,0,1.0278892165911495,0.020557784331822995,nan,0.0,1.6051902349827163,6.407318990656405,13,"{""0"": 0.015740632891306422, ""1"": 0.019036509573845888, ""2"": 0.022194516514126482, ""3"": 0.016653663394312828, ""4"": 0.02181204578539834, ""5"": 0.02790933783194801}"
control,200,p0.05,nan,1.0,3,0.05,9.950000000000001,10.375,3,17,2075,2075,1.6051902349827163,10,0.9029225197952425,0.01805845039590485,17.011691946076578,11.322948797783669,2.1237810756289877,2.0446381865246743,9,"{""0"": 0.0120723693972757, ""1"": 0.0034974535634950633, ""2"": 0.02235125142133727, ""3"": 0.017720711589306416, ""4"": 0.016073382174373523, ""5"": 0.03663553422964115}"
control,200,p0.05,nan,1.0,3,0.05,9.950000000000001,10.375,3,17,2075,2075,1.6051902349827163,20,0.7318070538114714,0.014636141076229429,4.511611770226654,14.295476752974919,2.2074529197388775,4.371664661969085,12,"{""0"": 0.015575494987750255, ""1"": 0.012277027279332591, ""2"": 0.0069045172543086035, ""3"": 0.0073477965726582665, ""4"": 0.018961544796713508, ""5"": 0.026750465566613358}"
control,200,p0.05,nan,1.0,3,0.05,9.950000000000001,10.375,3,17,2075,2075,1.6051902349827163,30,0.6699844584160443,0.013399689168320886,12.729243827499703,14.873764877597319,2.2172126499636944,3.7125170269894996,12,"{""0"": 0.010518623211529661, ""1"": 0.009031667461532394, ""2"": 0.008622467443317083, ""3"": 0.01302548879763834, ""4"": 0.013845762314253765, ""5"": 0.02535412578165409}"
control,200,p0.05,nan,1.0,3,0.05,9.950000000000001,10.375,3,17,2075,2075,1.6051902349827163,40,0.557768896122616,0.011155377922452322,42.426370371578535,15.021280231038457,2.081717235677699,3.3149953016262947,12,"{""0"": 0.00633533641642, ""1"": 0.011304337750509303, ""2"": 0.015401260753715462, ""3"": 0.007384555779189554, ""4"": 0.007226049888502386, ""5"": 0.01928072694637722}"
control,200,p0.05,nan,1.0,3,0.05,9.950000000000001,10.375,3,17,2075,2075,1.6051902349827163,50,0.5833381753934744,0.011666763507869491,14.897573538199552,15.627567248572436,2.0929920092262693,4.001201770261664,12,"{""0"": 0.008006010734331201, ""1"": 0.015721320731848697, ""2"": 0.018104882771143267, ""3"": 0.004709303925171909, ""4"": 0.009839461326211251, ""5"": 0.013619601558510632}"
control,200,p0.05,nan,1.0,3,0.05,9.950000000000001,10.375,3,17,2075,2075,1.6051902349827163,60,0.45981217842515487,0.009196243568503099,3.398532666973736,15.88099980605494,2.1299972350453684,3.7465277063564133,13,"{""0"": 0.009623437835402492, ""1"": 0.00400459478532564, ""2"": 0.014708926791454125, ""3"": 0.0043451977261182, ""4"": 0.007514410895248647, ""5"": 0.014980893377469487}"
control,200,p0.05,nan,1.0,3,0.05,9.950000000000001,10.375,3,17,2075,2075,1.6051902349827163,70,0.4912614787378266,0.009825229574756534,6.969967573025135,15.970820764179821,2.1292482363217498,3.5204479131904827,13,"{""0"": 0.012042874232315268, ""1"": 0.00399111566027881, ""2"": 0.014669599771440667, ""3"": 0.003895191115735193, ""4"": 0.005956363656354928, ""5"": 0.018396233012414328}"
control,200,p0.05,nan,1.0,3,0.05,9.950000000000001,10.375,3,17,2075,2075,1.6051902349827163,80,0.48466645233844585,0.009693329046768919,8.431545638083856,16.1653833672275,2.1189731915879593,3.1618207782772787,12,"{""0"": 0.009736378180587231, ""1"": 0.003964995844420456, ""2"": 0.01689388555444183, ""3"": 0.004097184260212179, ""4"": 0.005166853640444479, ""5"": 0.01830067680050733}"
control,200,p0.05,nan,1.0,3,0.05,9.950000000000001,10.375,3,17,2075,2075,1.6051902349827163,90,0.4680527385322567,0.009361054770645135,4.774045375240193,16.336501704656968,2.1092756166667335,3.233212697973765,12,"{""0"": 0.006606843074989271, ""1"": 0.00464348923490112, ""2"": 0.015960533335678366, ""3"": 0.003878070772903803, ""4"": 0.005831182243015349, ""5"": 0.01924620996238291}"
control,200,p0.05,nan,1.0,3,0.05,9.950000000000001,10.375,3,17,2075,2075,1.6051902349827163,100,0.47471943597854677,0.009494388719570937,14.11552881133521,16.345028469572373,2.11675255930131,3.2789835544179122,12,"{""0"": 0.006620304562916771, ""1"": 0.004576363551455917, ""2"": 0.01400094855398903, ""3"": 0.0037238130597954666, ""4"": 0.005864522638707704, ""5"": 0.022180379950560734}"
control,200,p0.05,nan,1.0,3,0.05,9.950000000000001,10.375,3,17,2075,2075,1.6051902349827163,110,0.4459462635015975,0.008918925270031951,17.10026014565279,16.53563123180171,2.1408697014419724,3.3447918011137077,12,"{""0"": 0.006900197363413384, ""1"": 0.0043690849790209586, ""2"": 0.013473993601641495, ""3"": 0.003767602227189258, ""4"": 0.005663289454877464, ""5"": 0.019339383994049143}"
control,200,p0.05,nan,1.0,3,0.05,9.950000000000001,10.375,3,17,2075,2075,1.6051902349827163,120,0.4587350461500676,0.009174700923001353,7.25773472058405,16.62923967116573,2.1429904192540596,3.2962149627560797,12,"{""0"": 0.007438475326337986, ""1"": 0.003983511890682906, ""2"": 0.011987179765426657, ""3"": 0.0037871756836722627, ""4"": 0.005482643786355533, ""5"": 0.022369219085532775}"
control,200,p0.05,nan,1.0,3,0.05,9.950000000000001,10.375,3,17,2075,2075,1.6051902349827163,130,0.47150424421317344,0.00943008488426347,7.0628807574384105,16.72985066086715,2.1441625616357256,3.1400427367137422,12,"{""0"": 0.007567241259724048, ""1"": 0.004141935024021438, ""2"": 0.013996280783225712, ""3"": 0.003685542722438358, ""4"": 0.005265772032927493, ""5"": 0.02192373748324377}"
control,200,p0.05,nan,1.0,3,0.05,9.950000000000001,10.375,3,17,2075,2075,1.6051902349827163,140,0.46426710465157134,0.009285342093031428,23.068599730282642,16.846592411424847,2.1539728631417363,3.3147433657264456,12,"{""0"": 0.00819418100930674, ""1"": 0.003981147412945095, ""2"": 0.011825330084805066, ""3"": 0.0037592019188789176, ""4"": 0.005102770217515451, ""5"": 0.0228494219147373}"
control,200,p0.05,nan,1.0,3,0.05,9.950000000000001,10.375,3,17,2075,2075,1.6051902349827163,150,0.4653156502563686,0.009306313005127374,5.2054891954442954,16.887779468127814,2.147149152911496,3.4152256730502777,12,"{""0"": 0.008728505847742363, ""1"": 0.004064547205126433, ""2"": 0.01094207986452629, ""3"": 0.0035608774738750786, ""4"": 0.005236598872348902, ""5"": 0.023305268767145174}"
control,200,p0.05,nan,1.0,3,0.05,9.950000000000001,10.375,3,17,2075,2075,1.6051902349827163,160,0.4567193399122729,0.00913438679824546,13.669507080431165,16.919831828545185,2.146671143062628,3.374583439518413,12,"{""0"": 0.007734947640623031, ""1"": 0.004001832459474877, ""2"": 0.010534057431052273, ""3"": 0.0035976683577923587, ""4"": 0.005319527061636261, ""5"": 0.023618287838893963}"
control,200,p0.05,nan,1.0,3,0.05,9.950000000000001,10.375,3,17,2075,2075,1.6051902349827163,170,0.41778867094704286,0.008355773418940858,5.945550663099619,17.0075192854731,2.1567462466248473,3.5153121319966414,12,"{""0"": 0.008147836309209632, ""1"": 0.003430578658454405, ""2"": 0.008188662257973574, ""3"": 0.0037197799986600152, ""4"": 0.004662599174333612, ""5"": 0.021985184115013906}"
control,200,p0.05,nan,1.0,3,0.05,9.950000000000001,10.375,3,17,2075,2075,1.6051902349827163,180,0.42006700147512777,0.008401340029502557,15.810095543130135,17.02670948919682,2.1457047659244535,3.532055915413836,12,"{""0"": 0.008447158085794168, ""1"": 0.0036057641555304306, ""2"": 0.008323751162404417, ""3"": 0.0038433473315390627, ""4"": 0.004632557869159427, ""5"": 0.021555461572587826}"
control,200,p0.05,nan,1.0,3,0.05,9.950000000000001,10.375,3,17,2075,2075,1.6051902349827163,190,0.40618134360337643,0.00812362687206753,3.0380067446135555,17.02326974624948,2.1513631383796525,3.4830260982547214,12,"{""0"": 0.007774209845065565, ""1"": 0.0034829502066709658, ""2"": 0.00803282254895394, ""3"": 0.004169466252852761, ""4"": 0.0041455521658377344, ""5"": 0.02113676021302421}"
control,200,p0.05,nan,1.0,3,0.05,9.950000000000001,10.375,3,17,2075,2075,1.6051902349827163,200,0.40759939537683804,0.008151987907536762,12.13841605477608,17.08397004638528,2.160080537048904,3.5347620564322138,12,"{""0"": 0.008422994500287193, ""1"": 0.003393213226498236, ""2"": 0.008067004019427408, ""3"": 0.004064014811013278, ""4"": 0.004164999873539283, ""5"": 0.020799701014455167}"
control,200,p0.10,nan,1.0,3,0.1,19.900000000000002,20.3,8,30,4060,2075,1.5210844010366658,0,1.0107069702675244,0.020214139405350492,nan,0.0,1.5210844010366658,5.71642180945894,13,"{""0"": 0.021096903805746647, ""1"": 0.019903112850135123, ""2"": 0.018335758746592615, ""3"": 0.022048621421798056, ""4"": 0.01911112547450603, ""5"": 0.0207893141333245}"
control,200,p0.10,nan,1.0,3,0.1,19.900000000000002,20.3,8,30,4060,2075,1.5210844010366658,10,0.7308801348125289,0.014617602696250578,49.591912397922535,11.337022345959626,1.9289465448771956,2.0234524444141244,7,"{""0"": 0.014811267508361443, ""1"": 0.004403538430879727, ""2"": 0.024927503260240506, ""3"": 0.006665767012636693, ""4"": 0.0025739120124998144, ""5"": 0.03432362795288528}"
control,200,p0.10,nan,1.0,3,0.1,19.900000000000002,20.3,8,30,4060,2075,1.5210844010366658,20,0.6635400010592517,0.013270800021185036,3.2358502887261382,13.77597569001056,2.15638464456506,2.4213333741713234,7,"{""0"": 0.018515044480935567, ""1"": 0.008205799557603328, ""2"": 0.011471012976309963, ""3"": 0.002721977374720463, ""4"": 0.003552071657302263, ""5"": 0.03515889408023863}"
control,200,p0.10,nan,1.0,3,0.1,19.900000000000002,20.3,8,30,4060,2075,1.5210844010366658,30,0.5028425622812792,0.010056851245625586,1.6445596592235023,14.152899397054913,2.1445917029875,2.260553917981638,6,"{""0"": 0.01031514092664031, ""1"": 0.005059924853074715, ""2"": 0.013844580884528754, ""3"": 0.002208139571296375, ""4"": 0.0012997976932441477, ""5"": 0.02761352354496922}"
control,200,p0.10,nan,1.0,3,0.1,19.900000000000002,20.3,8,30,4060,2075,1.5210844010366658,40,0.47537950912875854,0.009507590182575172,41.62715536484168,14.721092393252857,2.1308818326017493,2.368602658580343,7,"{""0"": 0.007092912366387346, ""1"": 0.005307679599252211, ""2"": 0.014752141032602828, ""3"": 0.004016779418609853, ""4"": 0.001085293233220494, ""5"": 0.024790735445378298}"
control,200,p0.10,nan,1.0,3,0.1,19.900000000000002,20.3,8,30,4060,2075,1.5210844010366658,50,0.49602991222659343,0.00992059824453187,18.599754895968115,15.314733929499894,2.125954828081167,2.924907684106725,8,"{""0"": 0.008055034319447369, ""1"": 0.007205207469583845, ""2"": 0.011243641759009335, ""3"": 0.005951471902104219, ""4"": 0.0025630969728619476, ""5"": 0.024505137044184513}"
control,200,p0.10,nan,1.0,3,0.1,19.900000000000002,20.3,8,30,4060,2075,1.5210844010366658,60,0.4736270815453397,0.009472541630906795,1.445150782797446,15.50211044025861,2.1413721781974338,2.682767681637869,8,"{""0"": 0.009359621209559962, ""1"": 0.005903278196219068, ""2"": 0.011684898882629201, ""3"": 0.005179695551777471, ""4"": 0.001623911335752964, ""5"": 0.023083844609502104}"
control,200,p0.10,nan,1.0,3,0.1,19.900000000000002,20.3,8,30,4060,2075,1.5210844010366658,70,0.49772879424447714,0.009954575884889544,12.689184495752654,15.68531172670446,2.1646342743718865,2.4933721856561273,7,"{""0"": 0.013095051666135463, ""1"": 0.005368331574709149, ""2"": 0.01208575071681812, ""3"": 0.004594243870740774, ""4"": 0.001254762933341097, ""5"": 0.023329314547592666}"
control,200,p0.10,nan,1.0,3,0.1,19.900000000000002,20.3,8,30,4060,2075,1.5210844010366658,80,0.4627994212973039,0.009255988425946078,1.9918607093340566,15.942275804775344,2.1737881395657745,2.3512049292709447,7,"{""0"": 0.010822814358328825, ""1"": 0.005084974404653382, ""2"": 0.012578372290726425, ""3"": 0.003902601812332377, ""4"": 0.0012444132595323888, ""5"": 0.021902754430103078}"
control,200,p0.10,nan,1.0,3,0.1,19.900000000000002,20.3,8,30,4060,2075,1.5210844010366658,90,0.4617450069125881,0.009234900138251763,2.557483192917576,16.19790939671075,2.1807282051294394,2.481177258591658,8,"{""0"": 0.008155433001033887, ""1"": 0.005946244837745002, ""2"": 0.013192472442132602, ""3"": 0.0033851396687747714, ""4"": 0.0012580912766780108, ""5"": 0.023472019603146307}"
control,200,p0.10,nan,1.0,3,0.1,19.900000000000002,20.3,8,30,4060,2075,1.5210844010366658,100,0.4713733845644463,0.009427467691288927,11.723092529179446,16.28385431862946,2.205515932825528,2.5323610846074973,8,"{""0"": 0.008819878883349739, ""1"": 0.005612854938239974, ""2"": 0.012000245838974697, ""3"": 0.0028742963486013207, ""4"": 0.001311083769706629, ""5"": 0.025946446368861197}"
control,200,p0.10,nan,1.0,3,0.1,19.900000000000002,20.3,8,30,4060,2075,1.5210844010366658,110,0.47504552215909185,0.009500910443181838,32.14337899947022,16.343188813722552,2.199593771297135,2.6918099318907265,9,"{""0"": 0.0096746256976317, ""1"": 0.005206079534489346, ""2"": 0.013371420168071349, ""3"": 0.0039627223121308855, ""4"": 0.0012676443200470263, ""5"": 0.023522970626720718}"
control,200,p0.10,nan,1.0,3,0.1,19.900000000000002,20.3,8,30,4060,2075,1.5210844010366658,120,0.4527536443238015,0.00905507288647603,1.6271155996605131,16.410173716447805,2.1853797398020003,2.6278267997362508,8,"{""0"": 0.009251001893816927, ""1"": 0.005336951403806236, ""2"": 0.012270859986665838, ""3"": 0.003871681441636404, ""4"": 0.00119749219518111, ""5"": 0.022402450397749664}"
control,200,p0.10,nan,1.0,3,0.1,19.900000000000002,20.3,8,30,4060,2075,1.5210844010366658,130,0.45241212521818003,0.009048242504363603,15.996323737603435,16.460113444554004,2.1949190966935865,2.6392047097020503,9,"{""0"": 0.01067816199893561, ""1"": 0.005518890087711108, ""2"": 0.011448428713569034, ""3"": 0.003717495719305637, ""4"": 0.0010908964465942321, ""5"": 0.021835582060065993}"
control,200,p0.10,nan,1.0,3,0.1,19.900000000000002,20.3,8,30,4060,2075,1.5210844010366658,140,0.4426684730325377,0.008853369460650755,17.010772715719668,16.56340101991533,2.188274074811794,2.5952016836272715,8,"{""0"": 0.011678156236596193, ""1"": 0.005374922518979705, ""2"": 0.0100426814400505, ""3"": 0.00381955291386401, ""4"": 0.0010964602475672146, ""5"": 0.02110844340684692}"
control,200,p0.10,nan,1.0,3,0.1,19.900000000000002,20.3,8,30,4060,2075,1.5210844010366658,150,0.43039451885655783,0.008607890377131158,2.072561790615463,16.61983263756527,2.1927707199579833,2.4960695964064903,8,"{""0"": 0.011334058219505781, ""1"": 0.005432368928705815, ""2"": 0.00943918694530092, ""3"": 0.0034983295331900274, ""4"": 0.0010330367677526277, ""5"": 0.020910361868331784}"
control,200,p0.10,nan,1.0,3,0.1,19.900000000000002,20.3,8,30,4060,2075,1.5210844010366658,160,0.420793788812815,0.0084158757762563,2.856592321800334,16.731693388224862,2.201109823764341,2.5080196823578915,8,"{""0"": 0.010967197256609475, ""1"": 0.005305765647015719, ""2"": 0.009312486057005138, ""3"": 0.0037145065638451566, ""4"": 0.0010766507487124024, ""5"": 0.02011864838434992}"
control,200,p0.10,nan,1.0,3,0.1,19.900000000000002,20.3,8,30,4060,2075,1.5210844010366658,170,0.4024905281641028,0.008049810563282057,2.1856099002257086,16.827246278451007,2.1886932823820358,2.5708135441488507,7,"{""0"": 0.010861843134050336, ""1"": 0.005241644686022105, ""2"": 0.008368548908441823, ""3"": 0.00390942321161482, ""4"": 0.00109021603218782, ""5"": 0.018827187407375438}"
control,200,p0.10,nan,1.0,3,0.1,19.900000000000002,20.3,8,30,4060,2075,1.5210844010366658,180,0.3984881191543576,0.007969762383087154,2.4446889610882643,16.950642090346896,2.1782947910683608,2.609055746203867,8,"{""0"": 0.010726337125034364, ""1"": 0.005181903977549243, ""2"": 0.008133687330796604, ""3"": 0.004016688355494664, ""4"": 0.001143092017428642, ""5"": 0.018616865492219407}"
control,200,p0.10,nan,1.0,3,0.1,19.900000000000002,20.3,8,30,4060,2075,1.5210844010366658,190,0.3845024709302688,0.007690049418605377,11.06635122417043,17.021945465336863,2.180215390292172,2.6823448322410433,8,"{""0"": 0.009352694744828704, ""1"": 0.005377761782212686, ""2"": 0.007711242043181009, ""3"": 0.00420116133303087, ""4"": 0.0012065619928621702, ""5"": 0.018290874615516824}"
control,200,p0.10,nan,1.0,3,0.1,19.900000000000002,20.3,8,30,4060,2075,1.5210844010366658,200,0.3713811378729316,0.007427622757458632,2.1654465443492357,17.104847517790812,2.171957616918748,2.768115186417431,8,"{""0"": 0.008380773140965489, ""1"": 0.005313173316727921, ""2"": 0.007512706604728156, ""3"": 0.003967862640957394, ""4"": 0.0011653467070155718, ""5"": 0.018225874134357264}"
control,200,p0.20,nan,1.0,3,0.2,39.800000000000004,39.87,24,55,7974,2075,1.5386710773925683,0,1.0066999229471827,0.020133998458943658,nan,0.0,1.5386710773925683,4.917804883290379,12,"{""0"": 0.02059791465420443, ""1"": 0.021629025662257155, ""2"": 0.018163129245565533, ""3"": 0.01819889971166405, ""4"": 0.022586830807414925, ""5"": 0.01962819067255584}"
control,200,p0.20,nan,1.0,3,0.2,39.800000000000004,39.87,24,55,7974,2075,1.5386710773925683,10,0.6981376450779833,0.013962752901559667,14.63854825491809,11.93581494558612,1.9450271806559298,2.8295337390725845,7,"{""0"": 0.0132557142187238, ""1"": 0.0028301595270531993, ""2"": 0.03955371848024367, ""3"": 0.002673860536142355, ""4"": 0.005124550735027059, ""5"": 0.02033851391216792}"
control,200,p0.20,nan,1.0,3,0.2,39.800000000000004,39.87,24,55,7974,2075,1.5386710773925683,20,0.6584390555006842,0.013168781110013687,0.8994767544636442,13.570182899390927,2.065982489453154,3.3443389869911937,8,"{""0"": 0.022907048563857477, ""1"": 0.009340670617277641, ""2"": 0.016384224732036084, ""3"": 0.0009120449918832415, ""4"": 0.009375858788329902, ""5"": 0.020092838966697762}"
control,200,p0.20,nan,1.0,3,0.2,39.800000000000004,39.87,24,55,7974,2075,1.5386710773925683,30,0.6729107693117233,0.013458215386234469,0.9758660833039605,14.178227717764898,1.8872298847478706,2.9410035447905356,7,"{""0"": 0.008557188770675222, ""1"": 0.0037167153682070584, ""2"": 0.027876257579553886, ""3"": 0.010432506764231594, ""4"": 0.005762217648762847, ""5"": 0.02440440618597621}"
control,200,p0.20,nan,1.0,3,0.2,39.800000000000004,39.87,24,55,7974,2075,1.5386710773925683,40,0.5652751173964489,0.01130550234792898,26.54040163850605,14.868590913968474,1.8985314097028925,3.0199772113647203,7,"{""0"": 0.0038704407954043224, ""1"": 0.0034243751193417404, ""2"": 0.027835173573442756, ""3"": 0.010837654443678168, ""4"": 0.007588415963483047, ""5"": 0.014276954192223839}"
control,200,p0.20,nan,1.0,3,0.2,39.800000000000004,39.87,24,55,7974,2075,1.5386710773925683,50,0.5604550001045627,0.011209100002091256,3.026946755957076,15.453869704569005,1.931182155468508,3.2626101656530646,8,"{""0"": 0.004016688052675057, ""1"": 0.006499722122033588, ""2"": 0.025689082123447105, ""3"": 0.010020861143596837, ""4"": 0.009292730225996717, ""5"": 0.011735516344798228}"
control,200,p0.20,nan,1.0,3,0.2,39.800000000000004,39.87,24,55,7974,2075,1.5386710773925683,60,0.5244212325094142,0.010488424650188287,2.5410751009615256,15.649572064904829,1.9365002407216136,3.2398640040514297,8,"{""0"": 0.003948957732840974, ""1"": 0.004559148604524203, ""2"": 0.027383023900922027, ""3"": 0.009917407563718636, ""4"": 0.008921947432673941, ""5"": 0.00820006266644994}"
control,200,p0.20,nan,1.0,3,0.2,39.800000000000004,39.87,24,55,7974,2075,1.5386710773925683,70,0.5040898575974898,0.010081797151949798,4.120378966823542,15.958930665524875,1.960920959608593,3.149541509969195,8,"{""0"": 0.0037890536477557255, ""1"": 0.0040330008227977, ""2"": 0.027422414596896177, ""3"": 0.010875723754459533, ""4"": 0.0082377792423276, ""5"": 0.006132810847462057}"
control,200,p0.20,nan,1.0,3,0.2,39.800000000000004,39.87,24,55,7974,2075,1.5386710773925683,80,0.5246445715788756,0.010492891431577512,2.3261015150149174,16.05180783990985,1.9594916387555361,3.1484796105938844,8,"{""0"": 0.0030342657517923406, ""1"": 0.0034805021874190862, ""2"": 0.029348170069889063, ""3"": 0.011169618877466224, ""4"": 0.007998100686214524, ""5"": 0.007926691016683838}"
control,200,p0.20,nan,1.0,3,0.2,39.800000000000004,39.87,24,55,7974,2075,1.5386710773925683,90,0.5780306296376422,0.011560612592752846,10.823888840773606,16.223901144352496,1.9668259041910074,3.131108565720849,8,"{""0"": 0.0027191289684716465, ""1"": 0.003448046847027654, ""2"": 0.029144383645428946, ""3"": 0.011109917267228533, ""4"": 0.008802738798137108, ""5"": 0.014139460030223183}"
control,200,p0.20,nan,1.0,3,0.2,39.800000000000004,39.87,24,55,7974,2075,1.5386710773925683,100,0.5660494538156635,0.01132098907631327,12.780582819727645,16.510484933745218,1.9906443785805783,3.09935474588166,8,"{""0"": 0.002715504252462705, ""1"": 0.0035515054073511692, ""2"": 0.02825929750892875, ""3"": 0.011377297160153732, ""4"": 0.00881940256987967, ""5"": 0.013202927559103605}"
control,200,p0.20,nan,1.0,3,0.2,39.800000000000004,39.87,24,55,7974,2075,1.5386710773925683,110,0.6143243487934977,0.012286486975869955,16.881316361027757,16.51355103376193,1.9765059748048217,3.0984688125672206,8,"{""0"": 0.0029201103074582733, ""1"": 0.003510490576954117, ""2"": 0.028431803406676077, ""3"": 0.01671566676225287, ""4"": 0.00912054570116223, ""5"": 0.013020305100716171}"
control,200,p0.20,nan,1.0,3,0.2,39.800000000000004,39.87,24,55,7974,2075,1.5386710773925683,120,0.6209447514816723,0.012418895029633448,4.768578862143545,16.595099928546787,1.9773764493450197,3.075752560405491,8,"{""0"": 0.00282611591556277, ""1"": 0.0032309765143300763, ""2"": 0.028705099853928773, ""3"": 0.01702135332299894, ""4"": 0.009380528295574621, ""5"": 0.013349296275405511}"
control,200,p0.20,nan,1.0,3,0.2,39.800000000000004,39.87,24,55,7974,2075,1.5386710773925683,130,0.6198542070658983,0.012397084141317967,10.688841152902778,16.6714489688283,1.9802673697904432,3.090536382045621,8,"{""0"": 0.002614622964378726, ""1"": 0.0028390005027229158, ""2"": 0.029815796884315748, ""3"": 0.016814548743230125, ""4"": 0.009204406760571346, ""5"": 0.013094128992688938}"
control,200,p0.20,nan,1.0,3,0.2,39.800000000000004,39.87,24,55,7974,2075,1.5386710773925683,140,0.6289920571665372,0.012579841143330744,5.189213273852083,16.67886577787733,1.9799336661955405,3.0148211212802543,8,"{""0"": 0.002754779328059949, ""1"": 0.0028574777743095693, ""2"": 0.029785459490907263, ""3"": 0.017511366828657393, ""4"": 0.009013542284888732, ""5"": 0.013556421153161557}"
control,200,p0.20,nan,1.0,3,0.2,39.800000000000004,39.87,24,55,7974,2075,1.5386710773925683,150,0.6137154355744666,0.012274308711489334,3.5318208356485616,16.831599227990694,1.9860478432970512,3.0622862592410245,8,"{""0"": 0.0028478529922171696, ""1"": 0.0030315326988275076, ""2"": 0.028221508529103302, ""3"": 0.017509602470422988, ""4"": 0.009147004801411826, ""5"": 0.012888350776953198}"
control,200,p0.20,nan,1.0,3,0.2,39.800000000000004,39.87,24,55,7974,2075,1.5386710773925683,160,0.6030721471643913,0.012061442943287827,2.5347224068677146,16.902987126452082,1.9867365150282799,3.044945777440588,8,"{""0"": 0.0028882560083803278, ""1"": 0.003185880589563082, ""2"": 0.02731609686085453, ""3"": 0.017953605133414003, ""4"": 0.008525550798233982, ""5"": 0.012499268269281034}"
control,200,p0.20,nan,1.0,3,0.2,39.800000000000004,39.87,24,55,7974,2075,1.5386710773925683,170,0.598305115735388,0.011966102314707761,1.5878464160602903,17.039949139307456,2.0060520992524826,3.151132088201893,8,"{""0"": 0.0031603183435552724, ""1"": 0.003919974789957356, ""2"": 0.025280082716248937, ""3"": 0.018796245691564455, ""4"": 0.008966795646191468, ""5"": 0.011673196700729083}"
control,200,p0.20,nan,1.0,3,0.2,39.800000000000004,39.87,24,55,7974,2075,1.5386710773925683,180,0.5804283421789992,0.011608566843579986,27.09806131522074,17.147256480934633,2.008449084421251,3.204845544947261,8,"{""0"": 0.0033620519962759797, ""1"": 0.004194323679362089, ""2"": 0.02333958802362963, ""3"": 0.01818719879054001, ""4"": 0.00901316285241076, ""5"": 0.011555075719261444}"
control,200,p0.20,nan,1.0,3,0.2,39.800000000000004,39.87,24,55,7974,2075,1.5386710773925683,190,0.5635055966174822,0.011270111932349646,4.817276611693947,17.19049090231829,2.0201234501802814,3.2538644017228777,9,"{""0"": 0.0033222506713492307, ""1"": 0.004363054683275066, ""2"": 0.022132534989437565, ""3"": 0.017982615543175717, ""4"": 0.008902137841062432, ""5"": 0.010918077865797866}"
control,200,p0.20,nan,1.0,3,0.2,39.800000000000004,39.87,24,55,7974,2075,1.5386710773925683,200,0.5681271340362148,0.011362542680724298,5.012850240733392,17.22838308982397,2.0168563330072153,3.2045309536323883,8,"{""0"": 0.0035260735104333447, ""1"": 0.004153413075552575, ""2"": 0.022262377287188703, ""3"": 0.018013817231890904, ""4"": 0.008641912454674624, ""5"": 0.011577662524605646}"
control,200,p0.40,nan,1.0,3,0.4,79.60000000000001,79.135,60,97,15827,2075,1.6201387639837361,0,0.9818430657069699,0.0196368613141394,nan,0.0,1.6201387639837361,7.709489428035659,14,"{""0"": 0.016513334541243138, ""1"": 0.021396501662154205, ""2"": 0.01991888544752144, ""3"": 0.020485591946657618, ""4"": 0.019168914877194253, ""5"": 0.02033793941006575}"
control,200,p0.40,nan,1.0,3,0.4,79.60000000000001,79.135,60,97,15827,2075,1.6201387639837361,10,0.7041142616100496,0.014082285232200994,16.37979543784587,11.380052473418969,1.961245450667159,2.733651339850742,9,"{""0"": 0.01590155162742526, ""1"": 0.0050311421019393985, ""2"": 0.021029771862632506, ""3"": 0.011637606925285628, ""4"": 0.00726165747496538, ""5"": 0.02363198140095779}"
control,200,p0.40,nan,1.0,3,0.4,79.60000000000001,79.135,60,97,15827,2075,1.6201387639837361,20,0.6827002128745702,0.013654004257491406,6.157304645337683,13.649377639043205,1.9824704417685508,3.268483128751766,11,"{""0"": 0.016029514315285154, ""1"": 0.007058214987075007, ""2"": 0.017859404508446707, ""3"": 0.011729409336346214, ""4"": 0.00393205598367295, ""5"": 0.025315426414122395}"
control,200,p0.40,nan,1.0,3,0.4,79.60000000000001,79.135,60,97,15827,2075,1.6201387639837361,30,0.7743210096723884,0.015486420193447769,5.093637021144102,14.045603576310052,2.006525189752357,3.985487612467113,11,"{""0"": 0.015758446381816067, ""1"": 0.009963521437928781, ""2"": 0.019435883049150646, ""3"": 0.008546998592891767, ""4"": 0.004834085157628209, ""5"": 0.03437958654127114}"
control,200,p0.40,nan,1.0,3,0.4,79.60000000000001,79.135,60,97,15827,2075,1.6201387639837361,40,0.7447998309484262,0.014895996618968526,35.003384020193856,14.219235828143434,1.99726450895312,3.3387189294618027,9,"{""0"": 0.02010840899164306, ""1"": 0.008761530461564977, ""2"": 0.02895452296963036, ""3"": 0.009166444521244392, ""4"": 0.006279186850251295, ""5"": 0.016105885919477068}"
control,200,p0.40,nan,1.0,3,0.4,79.60000000000001,79.135,60,97,15827,2075,1.6201387639837361,50,0.7109980010633375,0.014219960021266752,35.27954973451617,14.711896610413618,2.0126406879341654,3.352727896786729,9,"{""0"": 0.024224628482200253, ""1"": 0.009463508800840518, ""2"": 0.017751769300641856, ""3"": 0.006982147705731123, ""4"": 0.008674680531157256, ""5"": 0.01822302530702951}"
control,200,p0.40,nan,1.0,3,0.4,79.60000000000001,79.135,60,97,15827,2075,1.6201387639837361,60,0.6976018535438998,0.013952037070877997,2.0343105566289177,14.782103258231368,1.9828894169040259,3.6567823157497332,10,"{""0"": 0.020171274429039536, ""1"": 0.008045361024406332, ""2"": 0.02172054573244614, ""3"": 0.005640929066293793, ""4"": 0.006388067231540273, ""5"": 0.0217460449415419}"
control,200,p0.40,nan,1.0,3,0.4,79.60000000000001,79.135,60,97,15827,2075,1.6201387639837361,70,0.6871094473269018,0.01374218894653804,9.20119379441869,14.852645004832883,1.9991011434581392,3.5192407456674033,10,"{""0"": 0.020968514023389444, ""1"": 0.008239814279476879, ""2"": 0.023421187405061612, ""3"": 0.004868125596713213, ""4"": 0.00505299925967496, ""5"": 0.01990249311491213}"
control,200,p0.40,nan,1.0,3,0.4,79.60000000000001,79.135,60,97,15827,2075,1.6201387639837361,80,0.6111355182740082,0.012222710365480166,1.533233994508777,14.659555591373502,1.9611695452642224,3.101993423374085,10,"{""0"": 0.014299980533317522, ""1"": 0.006518666139904056, ""2"": 0.026216687878889942, ""3"": 0.0054659005327871, ""4"": 0.0035795076636335474, ""5"": 0.017255519444348826}"
control,200,p0.40,nan,1.0,3,0.4,79.60000000000001,79.135,60,97,15827,2075,1.6201387639837361,90,0.5866057285399274,0.011732114570798551,20.338844960944776,14.83291912923296,1.9717515306361577,2.941565779489414,10,"{""0"": 0.012582953064759489, ""1"": 0.006257490569739452, ""2"": 0.026844936443877677, ""3"": 0.004355634241892619, ""4"": 0.003511530934829554, ""5"": 0.01684014216969252}"
control,200,p0.40,nan,1.0,3,0.4,79.60000000000001,79.135,60,97,15827,2075,1.6201387639837361,100,0.5483674827810618,0.010967349655621237,22.51185998739559,14.886201777399203,2.0253777391041576,3.2086788561382185,11,"{""0"": 0.01252973407638465, ""1"": 0.006561757029106101, ""2"": 0.01944793615362894, ""3"": 0.0038768406710595086, ""4"": 0.00304383580093241, ""5"": 0.020343994202615814}"
control,200,p0.40,nan,1.0,3,0.4,79.60000000000001,79.135,60,97,15827,2075,1.6201387639837361,110,0.5222320554065117,0.010444641108130237,4.8361866348489375,15.051858882022154,2.035039048794618,3.1697391639689934,11,"{""0"": 0.012572365933703344, ""1"": 0.005895218063574294, ""2"": 0.020092434243454898, ""3"": 0.0037199332556993826, ""4"": 0.0033060473107386136, ""5"": 0.017081847841610882}"
control,200,p0.40,nan,1.0,3,0.4,79.60000000000001,79.135,60,97,15827,2075,1.6201387639837361,120,0.5336082745909276,0.010672165491818554,34.7227341266077,15.079235257429385,2.0367949225503734,3.590811092185186,12,"{""0"": 0.010975219065506457, ""1"": 0.007278337892688715, ""2"": 0.02112914077244557, ""3"": 0.0035885248475675405, ""4"": 0.0032059205079530044, ""5"": 0.017855849864750035}"
control,200,p0.40,nan,1.0,3,0.4,79.60000000000001,79.135,60,97,15827,2075,1.6201387639837361,130,0.5410324410275689,0.010820648820551379,11.452246799056585,15.118375128395813,2.0478418261907616,3.47472799970086,12,"{""0"": 0.011096168393718787, ""1"": 0.007524312217856181, ""2"": 0.020929814085699765, ""3"": 0.0033367029916665006, ""4"": 0.003283941512895551, ""5"": 0.018752953721471493}"
control,200,p0.40,nan,1.0,3,0.4,79.60000000000001,79.135,60,97,15827,2075,1.6201387639837361,140,0.5165142491024829,0.010330284982049659,13.920025868668056,15.20571507515375,2.031780705393882,3.625802284439491,12,"{""0"": 0.01073935679874209, ""1"": 0.007528778773642325, ""2"": 0.02027411074935561, ""3"": 0.0029921886943394373, ""4"": 0.0034761635283804297, ""5"": 0.016971111347838054}"
control,200,p0.40,nan,1.0,3,0.4,79.60000000000001,79.135,60,97,15827,2075,1.6201387639837361,150,0.5018489186996148,0.010036978373992297,2.5757723343930254,15.231092457817562,2.038021488351206,3.6603830811138067,12,"{""0"": 0.010598888398067276, ""1"": 0.00708794952337326, ""2"": 0.018380288283972545, ""3"": 0.002654216486913631, ""4"": 0.00350494826290818, ""5"": 0.0179955792887189}"
control,200,p0.40,nan,1.0,3,0.4,79.60000000000001,79.135,60,97,15827,2075,1.6201387639837361,160,0.48395728065934657,0.009679145613186932,12.507393288863064,15.235583015533662,2.044612678651635,3.686458809663528,12,"{""0"": 0.009981700659871527, ""1"": 0.007289489347027288, ""2"": 0.018404382499483486, ""3"": 0.002206191719368287, ""4"": 0.0037747022940399803, ""5"": 0.016418407159331027}"
control,200,p0.40,nan,1.0,3,0.4,79.60000000000001,79.135,60,97,15827,2075,1.6201387639837361,170,0.4706492275127709,0.009412984550255419,8.096337689886385,15.275874070178961,2.0228197642116967,3.974319738910815,13,"{""0"": 0.011089161590145277, ""1"": 0.007087183474485283, ""2"": 0.017673184788290344, ""3"": 0.0026973583773826147, ""4"": 0.003357684796188666, ""5"": 0.014573334275040331}"
control,200,p0.40,nan,1.0,3,0.4,79.60000000000001,79.135,60,97,15827,2075,1.6201387639837361,180,0.4609847836324838,0.009219695672649677,7.746139016553561,15.321618484035637,2.019291690271244,4.067481493139786,13,"{""0"": 0.011496605277502455, ""1"": 0.007433518912158996, ""2"": 0.016002545916884693, ""3"": 0.0028900315689450663, ""4"": 0.0032953606683697526, ""5"": 0.014200111692037096}"
control,200,p0.40,nan,1.0,3,0.4,79.60000000000001,79.135,60,97,15827,2075,1.6201387639837361,190,0.4493178243004716,0.008986356486009433,7.114089858279435,15.374499727159945,2.0092418959968783,4.179923468891569,13,"{""0"": 0.012006290458132746, ""1"": 0.007617438085657834, ""2"": 0.014316703808526945, ""3"": 0.0036930103931097336, ""4"": 0.0029725946337519266, ""5"": 0.013312101536877424}"
control,200,p0.40,nan,1.0,3,0.4,79.60000000000001,79.135,60,97,15827,2075,1.6201387639837361,200,0.44692107012397575,0.008938421402479517,15.245516064342276,15.439133033072853,2.0228134123183783,4.093603615117081,13,"{""0"": 0.012070437234059978, ""1"": 0.007633103192373805, ""2"": 0.014645738157131011, ""3"": 0.0029967189834317707, ""4"": 0.00295442645166769, ""5"": 0.01333010439621285}"
control,200,p0.05,nan,1.0,4,0.05,9.950000000000001,9.82,4,19,1964,1964,1.5874030774091823,0,1.0199343729069896,0.020398687458139792,nan,0.0,1.5874030774091823,5.437183027688483,13,"{""0"": 0.01978109192305775, ""1"": 0.019917645612646938, ""2"": 0.020663709362560186, ""3"": 0.020111114563705165, ""4"": 0.020346339013061616, ""5"": 0.02157222427380711}"
control,200,p0.05,nan,1.0,4,0.05,9.950000000000001,9.82,4,19,1964,1964,1.5874030774091823,10,0.6265445955163633,0.012530891910327269,17.93385511695875,13.128869821216801,1.8485438345778584,2.311245439773274,6,"{""0"": 0.008933769131511879, ""1"": 0.01875916020226561, ""2"": 0.005527566080878092, ""3"": 0.01688014217210484, ""4"": 0.02017109542056804, ""5"": 0.004913618454635137}"
control,200,p0.05,nan,1.0,4,0.05,9.950000000000001,9.82,4,19,1964,1964,1.5874030774091823,20,0.45504963883728267,0.009100992776745654,19.144019168533784,14.330500535079018,1.8345748929571541,2.4815428656922927,8,"{""0"": 0.007475807119215848, ""1"": 0.013974542416616793, ""2"": 0.006079958108264677, ""3"": 0.010128275141196932, ""4"": 0.01454336359072087, ""5"": 0.0024040102844588057}"
control,200,p0.05,nan,1.0,4,0.05,9.950000000000001,9.82,4,19,1964,1964,1.5874030774091823,30,0.36279759316131505,0.007255951863226302,3.0011117300473864,14.807482232726562,1.8743667336917973,2.923706305948734,7,"{""0"": 0.00525253182826365, ""1"": 0.005595741033821911, ""2"": 0.010513980797934159, ""3"": 0.010600616129040948, ""4"": 0.009575363068882535, ""5"": 0.001997478321414615}"
control,200,p0.05,nan,1.0,4,0.05,9.950000000000001,9.82,4,19,1964,1964,1.5874030774091823,40,0.3060444113879535,0.006120888227759071,2.972798004392198,15.391819803147115,1.9275224765428405,2.9693419681788096,7,"{""0"": 0.004448799766468893, ""1"": 0.0026522105787162333, ""2"": 0.008678764927957968, ""3"": 0.013553876104935586, ""4"": 0.005343221782371462, ""5"": 0.002048456206104279}"
control,200,p0.05,nan,1.0,4,0.05,9.950000000000001,9.82,4,19,1964,1964,1.5874030774091823,50,0.3188420581938061,0.006376841163876124,1.4055366629598027,15.814623924964708,1.9268096626693927,2.967189170025811,7,"{""0"": 0.0050133461576165154, ""1"": 0.002846917319859026, ""2"": 0.010968194502614256, ""3"": 0.011598009086388633, ""4"": 0.006361319079665565, ""5"": 0.001473260837112749}"
control,200,p0.05,nan,1.0,4,0.05,9.950000000000001,9.82,4,19,1964,1964,1.5874030774091823,60,0.32003463287629025,0.006400692657525806,43.64517902770189,16.41707007093477,1.9843991775691747,3.0664736686364966,8,"{""0"": 0.004335195859108659, ""1"": 0.005501116355203109, ""2"": 0.012186285970173651, ""3"": 0.0078123161157073445, ""4"": 0.006634503207149828, ""5"": 0.001934738437812248}"
control,200,p0.05,nan,1.0,4,0.05,9.950000000000001,9.82,4,19,1964,1964,1.5874030774091823,70,0.3068006119304266,0.006136012238608533,1.3894171137750493,16.57394984044669,1.9312996976726349,3.314181791658207,8,"{""0"": 0.002334684302868918, ""1"": 0.005101840624100454, ""2"": 0.01443949132385861, ""3"": 0.005956798083566863, ""4"": 0.006897243871209885, ""5"": 0.0020860152260464672}"
control,200,p0.05,nan,1.0,4,0.05,9.950000000000001,9.82,4,19,1964,1964,1.5874030774091823,80,0.3006898456747651,0.006013796913495302,4.0706778534540495,16.79637368187931,1.9598515147794218,3.327837452366908,8,"{""0"": 0.0020603207823379926, ""1"": 0.003975118756779004, ""2"": 0.015143648796801685, ""3"": 0.0066653904209300775, ""4"": 0.005962858708013507, ""5"": 0.002275444016109545}"
control,200,p0.05,nan,1.0,4,0.05,9.950000000000001,9.82,4,19,1964,1964,1.5874030774091823,90,0.31007578239067146,0.00620151564781343,1.1833908946616214,16.996629312175834,2.0207187325712597,3.3110029272656663,8,"{""0"": 0.003495044854493084, ""1"": 0.003815389399333321, ""2"": 0.015453616642850384, ""3"": 0.006611764749161121, ""4"": 0.005477281240632273, ""5"": 0.002355997000410402}"
control,200,p0.05,nan,1.0,4,0.05,9.950000000000001,9.82,4,19,1964,1964,1.5874030774091823,100,0.308931084034015,0.006178621680680301,1.2574785740720469,17.06660222804825,2.054778847744662,3.293016953215663,8,"{""0"": 0.003944341821226434, ""1"": 0.0024444460269813745, ""2"": 0.015484197835783347, ""3"": 0.007688442028252393, ""4"": 0.00550388403333852, ""5"": 0.0020064183384997337}"
control,200,p0.05,nan,1.0,4,0.05,9.950000000000001,9.82,4,19,1964,1964,1.5874030774091823,110,0.29269259865547215,0.005853851973109444,2.5572317609909607,17.181304097104604,1.9964085012917536,3.234052781511585,7,"{""0"": 0.0032081785907945733, ""1"": 0.001969504256269441, ""2"": 0.01473441723764122, ""3"": 0.007998296033915582, ""4"": 0.004993807834364937, ""5"": 0.002218907885670907}"
control,200,p0.05,nan,1.0,4,0.05,9.950000000000001,9.82,4,19,1964,1964,1.5874030774091823,120,0.2774300039785006,0.005548600079570013,1.593354256102693,17.165569119034398,2.002659402689024,3.1285007182263995,7,"{""0"": 0.003429197853115357, ""1"": 0.0013815388875661107, ""2"": 0.011500795125270264, ""3"": 0.010355295210338629, ""4"": 0.003944656599091259, ""5"": 0.0026801168020384536}"
control,200,p0.05,nan,1.0,4,0.05,9.950000000000001,9.82,4,19,1964,1964,1.5874030774091823,130,0.27927698743693535,0.005585539748738708,5.608200736962329,17.18316445291624,2.009602149091325,3.073624267613097,7,"{""0"": 0.0033769704472148415, ""1"": 0.00108020854295102, ""2"": 0.011353234973483993, ""3"": 0.011498343240111342, ""4"": 0.003407142892163398, ""5"": 0.0027973383965076547}"
control,200,p0.05,nan,1.0,4,0.05,9.950000000000001,9.82,4,19,1964,1964,1.5874030774091823,140,0.27603324636947923,0.005520664927389585,9.645908086243587,17.293361515920697,2.0090756742706284,3.0803484706819626,7,"{""0"": 0.0030753502391142745, ""1"": 0.0008882241468671108, ""2"": 0.011518480757827146, ""3"": 0.011265127492774144, ""4"": 0.003184724729811357, ""5"": 0.00319208219794348}"
control,200,p0.05,nan,1.0,4,0.05,9.950000000000001,9.82,4,19,1964,1964,1.5874030774091823,150,0.29175756946261827,0.005835151389252366,1.0858558024763574,17.42990053840986,2.011408863730376,3.12192844906725,7,"{""0"": 0.002404221520820462, ""1"": 0.000881116661347938, ""2"": 0.01366003596015034, ""3"": 0.011127823151681173, ""4"": 0.003431547113102591, ""5"": 0.0035061639284116896}"
control,200,p0.05,nan,1.0,4,0.05,9.950000000000001,9.82,4,19,1964,1964,1.5874030774091823,160,0.2766498645821634,0.005532997291643269,0.7214715817892257,17.391351646885408,2.0026464617260364,3.103733958530022,7,"{""0"": 0.002547773655854327, ""1"": 0.0009537354466794655, ""2"": 0.011977436262668685, ""3"": 0.011583226559236917, ""4"": 0.003099001535332959, ""5"": 0.0030368102900872602}"
control,200,p0.05,nan,1.0,4,0.05,9.950000000000001,9.82,4,19,1964,1964,1.5874030774091823,170,0.28651876823103134,0.005730375364620627,3.968883570704022,17.455821041546663,2.0106828972961073,3.1359043228278956,7,"{""0"": 0.0024718230578793907, ""1"": 0.0009761223322462369, ""2"": 0.013727422793051105, ""3"": 0.010858608099742371, ""4"": 0.003344122108500008, ""5"": 0.0030041537963046505}"
control,200,p0.05,nan,1.0,4,0.05,9.950000000000001,9.82,4,19,1964,1964,1.5874030774091823,180,0.2760932755792796,0.005521865511585592,7.923253189580457,17.509534898449584,2.0129995005070853,3.12749280183835,7,"{""0"": 0.002484207651850083, ""1"": 0.0010643838847133303, ""2"": 0.011259925990434511, ""3"": 0.011247082138085635, ""4"": 0.0037949278817830173, ""5"": 0.0032806655226469785}"
control,200,p0.05,nan,1.0,4,0.05,9.950000000000001,9.82,4,19,1964,1964,1.5874030774091823,190,0.26953647470893843,0.0053907294941787694,3.9969633288302746,17.622772683447057,2.0187577349968056,3.1176562082537957,7,"{""0"": 0.002425690736014232, ""1"": 0.0010514161859859778, ""2"": 0.011016839047463495, ""3"": 0.01060700693535617, ""4"": 0.003931320013819782, ""5"": 0.0033121040464329636}"
control,200,p0.05,nan,1.0,4,0.05,9.950000000000001,9.82,4,19,1964,1964,1.5874030774091823,200,0.2706458599473256,0.005412917198946513,6.599851001937111,17.69887607675572,2.0237514453746392,3.1291551703383584,7,"{""0"": 0.002502084565195731, ""1"": 0.0010877069587643502, ""2"": 0.011676733465214622, ""3"": 0.010078826315094196, ""4"": 0.003897020863798191, ""5"": 0.003235131025611986}"
control,200,p0.10,nan,1.0,4,0.1,19.900000000000002,19.945,10,33,3989,1964,1.5407984626142104,0,1.0334750290352899,0.020669500580705803,nan,0.0,1.5407984626142104,7.063485995364253,13,"{""0"": 0.01961395606904374, ""1"": 0.022328662277193892, ""2"": 0.020573006660262617, ""3"": 0.019524534021371994, ""4"": 0.022013533453406144, ""5"": 0.01996331100295643}"
control,200,p0.10,nan,1.0,4,0.1,19.900000000000002,19.945,10,33,3989,1964,1.5407984626142104,10,0.7643363800227785,0.01528672760045557,19.671681140616876,14.80376951435175,1.9492852152434754,4.127942184439801,14,"{""0"": 0.007316262226052134, ""1"": 0.005170600762377067, ""2"": 0.011451446291576777, ""3"": 0.02280874900437136, ""4"": 0.012299922512974737, ""5"": 0.03267338480538135}"
control,200,p0.10,nan,1.0,4,0.1,19.900000000000002,19.945,10,33,3989,1964,1.5407984626142104,20,0.6583855733072534,0.013167711466145069,0.7787333332348344,16.542262598100486,2.0630979134147256,3.5176463589397056,13,"{""0"": 0.005281211774704786, ""1"": 0.0016874968857205324, ""2"": 0.00905254870481272, ""3"": 0.020188398533427087, ""4"": 0.013986823345782945, ""5"": 0.02880978955242235}"
control,200,p0.10,nan,1.0,4,0.1,19.900000000000002,19.945,10,33,3989,1964,1.5407984626142104,30,0.5433130689116797,0.010866261378233596,10.639426540057263,16.485083055357496,2.0826881184104273,4.158900758108484,13,"{""0"": 0.006960154482468323, ""1"": 0.0017361045197894932, ""2"": 0.010483430269932427, ""3"": 0.01948591091910165, ""4"": 0.017440324324968684, ""5"": 0.009091643753141}"
control,200,p0.10,nan,1.0,4,0.1,19.900000000000002,19.945,10,33,3989,1964,1.5407984626142104,40,0.5483408463497267,0.010966816926994536,24.212040451546265,16.730237336644294,2.084282960988531,4.001668542683636,13,"{""0"": 0.008568745982156447, ""1"": 0.0012706810566286675, ""2"": 0.006108881160379496, ""3"": 0.022380718778480933, ""4"": 0.02131668691198064, ""5"": 0.006155187672341023}"
control,200,p0.10,nan,1.0,4,0.1,19.900000000000002,19.945,10,33,3989,1964,1.5407984626142104,50,0.5307743746284217,0.010615487492568436,9.538643365447715,16.907888500655876,2.056586263001618,4.01751210331878,14,"{""0"": 0.006828982485185461, ""1"": 0.0014656493034553937, ""2"": 0.005617687186994971, ""3"": 0.021761749240796022, ""4"": 0.02256840697453665, ""5"": 0.0054504497644421186}"
control,200,p0.10,nan,1.0,4,0.1,19.900000000000002,19.945,10,33,3989,1964,1.5407984626142104,60,0.516755373231544,0.01033510746463088,15.250367954533262,17.042259245975004,2.0562215104332826,4.104903695855209,14,"{""0"": 0.006257982287070011, ""1"": 0.0016271045753170187, ""2"": 0.006124854080006381, ""3"": 0.01993808507367213, ""4"": 0.021282748291749004, ""5"": 0.006779870479970742}"
control,200,p0.10,nan,1.0,4,0.1,19.900000000000002,19.945,10,33,3989,1964,1.5407984626142104,70,0.45121636562260475,0.009024327312452096,6.706003359304215,17.068008431027803,2.0532443230720503,4.129182387645761,13,"{""0"": 0.006186034669683543, ""1"": 0.0022866363916561327, ""2"": 0.006259674180531393, ""3"": 0.011803792563521721, ""4"": 0.020744439436248187, ""5"": 0.006865386633071605}"
control,200,p0.10,nan,1.0,4,0.1,19.900000000000002,19.945,10,33,3989,1964,1.5407984626142104,80,0.44121617791468787,0.008824323558293759,26.49451880056639,17.189175257366863,2.0589227505733985,4.122188105843838,13,"{""0"": 0.006994246968158729, ""1"": 0.0018568643772072617, ""2"": 0.005986424916747864, ""3"": 0.014233315433479585, ""4"": 0.017754166702106132, ""5"": 0.006120922952062984}"
control,200,p0.10,nan,1.0,4,0.1,19.900000000000002,19.945,10,33,3989,1964,1.5407984626142104,90,0.4335003942098576,0.008670007884197152,18.11575873095583,17.278840532138098,2.068472601024368,4.147876807826979,14,"{""0"": 0.007472053627070997, ""1"": 0.0016795996264062543, ""2"": 0.004523052777836134, ""3"": 0.013558294962104775, ""4"": 0.019825376871069493, ""5"": 0.0049616694406952625}"
control,200,p0.10,nan,1.0,4,0.1,19.900000000000002,19.945,10,33,3989,1964,1.5407984626142104,100,0.39799591147494445,0.00795991822949889,4.9150686136198525,17.41555776645467,2.079194828292675,4.062581632999727,13,"{""0"": 0.008790094564705048, ""1"": 0.0015998255292551497, ""2"": 0.004639646038085442, ""3"": 0.010736097202041352, ""4"": 0.017226828944663774, ""5"": 0.004767017098242573}"
control,200,p0.10,nan,1.0,4,0.1,19.900000000000002,19.945,10,33,3989,1964,1.5407984626142104,110,0.39248852601324935,0.007849770520264988,4.34803421598773,17.489272044496442,2.086803971734263,4.107874109679481,13,"{""0"": 0.00893229247311554, ""1"": 0.0013322497157462357, ""2"": 0.004539808417651744, ""3"": 0.011319570406479415, ""4"": 0.016302905804011447, ""5"": 0.004671796304585539}"
control,200,p0.10,nan,1.0,4,0.1,19.900000000000002,19.945,10,33,3989,1964,1.5407984626142104,120,0.3926865095733503,0.007853730191467007,8.896629444877254,17.53021448514625,2.089408946689771,4.0517816611311845,13,"{""0"": 0.009614802345557564, ""1"": 0.001546341333840791, ""2"": 0.004346970921624204, ""3"": 0.011013916135575737, ""4"": 0.01614867775457666, ""5"": 0.004451672657627079}"
control,200,p0.10,nan,1.0,4,0.1,19.900000000000002,19.945,10,33,3989,1964,1.5407984626142104,130,0.39022491519266495,0.0078044983038533,0.823231272998084,17.623078709310658,2.090400858707724,4.0676853115439755,13,"{""0"": 0.009281021859308432, ""1"": 0.0012187637438350152, ""2"": 0.004431852906853334, ""3"": 0.01270528918002033, ""4"": 0.014774246222878516, ""5"": 0.0044158159102241756}"
control,200,p0.10,nan,1.0,4,0.1,19.900000000000002,19.945,10,33,3989,1964,1.5407984626142104,140,0.38800366943786463,0.007760073388757294,11.442148472903332,17.670067414307013,2.098009329747097,4.110132147877881,13,"{""0"": 0.008971273691718833, ""1"": 0.001413501847455947, ""2"": 0.004275638553555547, ""3"": 0.012384968416228423, ""4"": 0.015065709573169123, ""5"": 0.004449348250415896}"
control,200,p0.10,nan,1.0,4,0.1,19.900000000000002,19.945,10,33,3989,1964,1.5407984626142104,150,0.3990692076199969,0.00798138415239994,2.163959160277588,17.734966576485782,2.0997150203622894,4.091945333584136,13,"{""0"": 0.010463981001864004, ""1"": 0.0016345223150958615, ""2"": 0.004254929065145482, ""3"": 0.011918469639859847, ""4"": 0.015070330715199837, ""5"": 0.004546072177234605}"
control,200,p0.10,nan,1.0,4,0.1,19.900000000000002,19.945,10,33,3989,1964,1.5407984626142104,160,0.4056866951921447,0.008113733903842894,5.788621609632085,17.76438121868284,2.0974527155363445,4.0104297645671645,13,"{""0"": 0.012676830519254867, ""1"": 0.0019404034997183468, ""2"": 0.004320355150192674, ""3"": 0.011017847085940632, ""4"": 0.014006488051661464, ""5"": 0.004720479116289385}"
control,200,p0.10,nan,1.0,4,0.1,19.900000000000002,19.945,10,33,3989,1964,1.5407984626142104,170,0.39988269424186934,0.007997653884837388,10.184314832757932,17.8025878290118,2.1003687214523517,3.8982358152798744,12,"{""0"": 0.01341837340223365, ""1"": 0.002372534559710031, ""2"": 0.004531243168973905, ""3"": 0.009568917029733653, ""4"": 0.013765024971114754, ""5"": 0.004329830177258339}"
control,200,p0.10,nan,1.0,4,0.1,19.900000000000002,19.945,10,33,3989,1964,1.5407984626142104,180,0.3905906357397553,0.007811812714795106,8.350013825136799,17.872085167514594,2.104115110228762,3.8822194974170885,12,"{""0"": 0.013689081850651538, ""1"": 0.002607410698329014, ""2"": 0.004491801059452551, ""3"": 0.008967676517621172, ""4"": 0.013105285585782884, ""5"": 0.004009620576933477}"
control,200,p0.10,nan,1.0,4,0.1,19.900000000000002,19.945,10,33,3989,1964,1.5407984626142104,190,0.3928364330585923,0.007856728661171847,0.8591112120781169,17.92223184981306,2.10460255523207,3.9098463863598893,12,"{""0"": 0.01472062419752114, ""1"": 0.0029108062120163786, ""2"": 0.004618494203827729, ""3"": 0.008629775500889756, ""4"": 0.012341928118315052, ""5"": 0.003918743734461024}"
control,200,p0.10,nan,1.0,4,0.1,19.900000000000002,19.945,10,33,3989,1964,1.5407984626142104,200,0.39430998081753854,0.007886199616350772,10.703651547037051,17.99509196702206,2.105549067501304,3.975777466467508,13,"{""0"": 0.014861570483146486, ""1"": 0.0029078552642191405, ""2"": 0.004525683271742551, ""3"": 0.008441377387678906, ""4"": 0.012710557788088892, ""5"": 0.0038701535032286518}"
control,200,p0.20,nan,1.0,4,0.2,39.800000000000004,39.95,26,58,7990,1964,1.5413045604875235,0,1.0012088844196154,0.020024177688392313,nan,0.0,1.5413045604875235,6.154317292034307,14,"{""0"": 0.021185906433211978, ""1"": 0.018437708730557962, ""2"": 0.020627070742194248, ""3"": 0.01916629024201969, ""4"": 0.02186230435688079, ""5"": 0.018865785625489215}"
control,200,p0.20,nan,1.0,4,0.2,39.800000000000004,39.95,26,58,7990,1964,1.5413045604875235,10,0.8083189490678889,0.016166378981357782,10.74795884924678,11.706830696784884,1.7813288911569602,4.018936554206864,12,"{""0"": 0.020444236709722927, ""1"": 0.012249595856494913, ""2"": 0.017542674439578305, ""3"": 0.015618155623410462, ""4"": 0.01003108769040688, ""5"": 0.021112523568533194}"
control,200,p0.20,nan,1.0,4,0.2,39.800000000000004,39.95,26,58,7990,1964,1.5413045604875235,20,0.48486375517452873,0.009697275103490575,8.157763571851195,13.895847843719167,1.9495305740135613,3.0977993338845518,9,"{""0"": 0.004535499051892301, ""1"": 0.006700292198318006, ""2"": 0.026049718110261973, ""3"": 0.0032694325668195844, ""4"": 0.012329044993795493, ""5"": 0.0052996636998561015}"
control,200,p0.20,nan,1.0,4,0.2,39.800000000000004,39.95,26,58,7990,1964,1.5413045604875235,30,0.463881272895853,0.009277625457917061,3.7089055031791545,14.868443415519362,2.061704722835237,3.0010390601530483,7,"{""0"": 0.0030095766444572596, ""1"": 0.007673571392261175, ""2"": 0.031856755559474, ""3"": 0.0017526707834981865, ""4"": 0.008344094319092263, ""5"": 0.003029084048719482}"
control,200,p0.20,nan,1.0,4,0.2,39.800000000000004,39.95,26,58,7990,1964,1.5413045604875235,40,0.40543731339614486,0.0081087462679229,3.814728331700005,15.581487146879445,2.1196987639936524,3.1208014918691167,9,"{""0"": 0.004177576255017821, ""1"": 0.0065356653654364254, ""2"": 0.0157635610262949, ""3"": 0.006120214247821513, ""4"": 0.010503036484069816, ""5"": 0.005552424228896917}"
control,200,p0.20,nan,1.0,4,0.2,39.800000000000004,39.95,26,58,7990,1964,1.5413045604875235,50,0.39769252546939404,0.007953850509387881,6.116963613762624,16.298730325160196,2.1866833664050955,2.8067446611695646,9,"{""0"": 0.003831589015251412, ""1"": 0.00737015893738969, ""2"": 0.01394538378065972, ""3"": 0.00471887506771855, ""4"": 0.014954604157604929, ""5"": 0.0029024920977029816}"
control,200,p0.20,nan,1.0,4,0.2,39.800000000000004,39.95,26,58,7990,1964,1.5413045604875235,60,0.33503212336638866,0.006700642467327774,4.80037273320208,16.621421571322436,2.2003603714403095,2.9924055972649857,9,"{""0"": 0.002887024433147805, ""1"": 0.006631097671235302, ""2"": 0.012379434387846593, ""3"": 0.003251933379427548, ""4"": 0.012090861285625362, ""5"": 0.002963503646684038}"
control,200,p0.20,nan,1.0,4,0.2,39.800000000000004,39.95,26,58,7990,1964,1.5413045604875235,70,0.32611314184685325,0.006522262836937066,1.899017758969945,16.971185703994728,2.1942092913543516,2.8191710531957845,8,"{""0"": 0.004225523192069001, ""1"": 0.00867105459212031, ""2"": 0.00493142373516685, ""3"": 0.002548788314180424, ""4"": 0.015943897941429266, ""5"": 0.0028128892466565483}"
control,200,p0.20,nan,1.0,4,0.2,39.800000000000004,39.95,26,58,7990,1964,1.5413045604875235,80,0.3092442414261857,0.006184884828523715,9.037321443710635,17.17934811114822,2.1995309971747186,2.840092490429083,8,"{""0"": 0.003957269185996494, ""1"": 0.008457633601118592, ""2"": 0.004492169422927453, ""3"": 0.002853875454152481, ""4"": 0.014470696043906767, ""5"": 0.0028776652630405027}"
control,200,p0.20,nan,1.0,4,0.2,39.800000000000004,39.95,26,58,7990,1964,1.5413045604875235,90,0.3417165073300653,0.006834330146601307,13.266185943500933,17.504260106451348,2.2253270686936983,2.7613372137842673,8,"{""0"": 0.0049161890304919185, ""1"": 0.008275943700969115, ""2"": 0.003422540143048916, ""3"": 0.003380181329481756, ""4"": 0.018054740984960807, ""5"": 0.002956385690655325}"
control,200,p0.20,nan,1.0,4,0.2,39.800000000000004,39.95,26,58,7990,1964,1.5413045604875235,100,0.3108308424431821,0.006216616848863643,10.592852639008596,17.60052168281045,2.2247653000032006,2.7840181579001513,8,"{""0"": 0.004843252306811806, ""1"": 0.008161323611014754, ""2"": 0.0033405054364834055, ""3"": 0.003078120609702386, ""4"": 0.015228013742471808, ""5"": 0.002648485386697701}"
control,200,p0.20,nan,1.0,4,0.2,39.800000000000004,39.95,26,58,7990,1964,1.5413045604875235,110,0.28175631309839655,0.005635126261967932,1.2781191588068148,17.761802830217015,2.2167307922528163,2.8465375304531744,8,"{""0"": 0.003856181825209913, ""1"": 0.008324932597899709, ""2"": 0.003843227728014355, ""3"": 0.002055417910743988, ""4"": 0.013347120412611605, ""5"": 0.0023838770973280223}"
control,200,p0.20,nan,1.0,4,0.2,39.800000000000004,39.95,26,58,7990,1964,1.5413045604875235,120,0.25246393309599874,0.005049278661919975,15.001022374257522,17.85520907235257,2.204013533345229,2.964902814510034,8,"{""0"": 0.0030893178030652465, ""1"": 0.007953528793470735, ""2"": 0.004288359185282385, ""3"": 0.002091240327310212, ""4"": 0.010367138939639805, ""5"": 0.002506086922751471}"
control,200,p0.20,nan,1.0,4,0.2,39.800000000000004,39.95,26,58,7990,1964,1.5413045604875235,130,0.24738374012732794,0.00494767480254656,4.345449873243185,17.983640929274063,2.204125383831303,2.9734994683215885,9,"{""0"": 0.004545196923953763, ""1"": 0.007141005174574234, ""2"": 0.004390270508374874, ""3"": 0.0023760875751288983, ""4"": 0.00849854320941019, ""5"": 0.002734945423837398}"
control,200,p0.20,nan,1.0,4,0.2,39.800000000000004,39.95,26,58,7990,1964,1.5413045604875235,140,0.24289767901488707,0.004857953580297742,2.1286169531640553,18.085987947592454,2.213563446219054,2.9325036094355497,8,"{""0"": 0.004247291256861982, ""1"": 0.007040388337110612, ""2"": 0.003800755814106792, ""3"": 0.002590466941263578, ""4"": 0.008878446803239095, ""5"": 0.0025903723292043943}"
control,200,p0.20,nan,1.0,4,0.2,39.800000000000004,39.95,26,58,7990,1964,1.5413045604875235,150,0.23097116049341165,0.004619423209868233,33.0477950765391,18.147485739882374,2.2030817083369927,2.984103899126748,9,"{""0"": 0.003646878160128293, ""1"": 0.00611418146563109, ""2"": 0.00384614220478221, ""3"": 0.002625971774953828, ""4"": 0.008813098161485417, ""5"": 0.002670267492228561}"
control,200,p0.20,nan,1.0,4,0.2,39.800000000000004,39.95,26,58,7990,1964,1.5413045604875235,160,0.2193624833882994,0.0043872496677659885,1.8091790743468965,18.219134689184866,2.1941493803997996,3.029601532245231,9,"{""0"": 0.0031855392557707434, ""1"": 0.005842970772122613, ""2"": 0.004340173080789375, ""3"": 0.0021283424060956633, ""4"": 0.008015071577697756, ""5"": 0.0028114009141197763}"
control,200,p0.20,nan,1.0,4,0.2,39.800000000000004,39.95,26,58,7990,1964,1.5413045604875235,170,0.21684576613922552,0.004336915322784511,4.957745975368093,18.330596315027943,2.203652047369887,3.0203165286932787,8,"{""0"": 0.003162577227842713, ""1"": 0.005664019580128502, ""2"": 0.0037059605331766277, ""3"": 0.002157477391655502, ""4"": 0.008476938159706435, ""5"": 0.002854519044197289}"
control,200,p0.20,nan,1.0,4,0.2,39.800000000000004,39.95,26,58,7990,1964,1.5413045604875235,180,0.2163495813506173,0.004326991627012346,1.6693680867384626,18.450602935742374,2.209223552798739,3.0193652198935284,9,"{""0"": 0.002702041393916797, ""1"": 0.005969256904834469, ""2"": 0.0035385755684579274, ""3"": 0.00208977591033086, ""4"": 0.009035452730739992, ""5"": 0.002626847253794035}"
control,200,p0.20,nan,1.0,4,0.2,39.800000000000004,39.95,26,58,7990,1964,1.5413045604875235,190,0.22133077884471192,0.004426615576894239,5.920681104649986,18.577922674151043,2.2043666558022137,3.03144901452142,9,"{""0"": 0.002866779875162329, ""1"": 0.005917873281833958, ""2"": 0.0032853104296293027, ""3"": 0.0021108574501929036, ""4"": 0.009692678515376136, ""5"": 0.0026861939091708037}"
control,200,p0.20,nan,1.0,4,0.2,39.800000000000004,39.95,26,58,7990,1964,1.5413045604875235,200,0.21695524356394397,0.00433910487127888,1.417851337512282,18.65166570136289,2.2050507974764537,3.0477586338527303,9,"{""0"": 0.0024874981140789788, ""1"": 0.005590769766488768, ""2"": 0.0031312890818401273, ""3"": 0.002027362516570211, ""4"": 0.010028064918236365, ""5"": 0.0027696448304588314}"
control,200,p0.40,nan,1.0,4,0.4,79.60000000000001,79.915,61,98,15983,1964,1.5732795108330466,0,1.0517112580884054,0.02103422516176811,nan,0.0,1.5732795108330466,6.881399716232632,14,"{""0"": 0.02177431419621115, ""1"": 0.018129461717344277, ""2"": 0.02247837361190693, ""3"": 0.020198393374471657, ""4"": 0.022506768769662667, ""5"": 0.021118039301011977}"
control,200,p0.40,nan,1.0,4,0.4,79.60000000000001,79.915,61,98,15983,1964,1.5732795108330466,10,0.719526843636908,0.014390536872738162,16.5632956188848,14.17858035678293,1.9384018059177701,4.864306143238656,14,"{""0"": 0.013656360084613012, ""1"": 0.01053503636592161, ""2"": 0.019687983775096913, ""3"": 0.010374440839749425, ""4"": 0.01742576165071711, ""5"": 0.014663638520330905}"
control,200,p0.40,nan,1.0,4,0.4,79.60000000000001,79.915,61,98,15983,1964,1.5732795108330466,20,0.5831815648550576,0.011663631297101152,3.8152715551522585,15.739468928148204,2.0283954830698026,3.0900542747892987,10,"{""0"": 0.002611726657168188, ""1"": 0.013588555369525107, ""2"": 0.01944524292475155, ""3"": 0.004632933095810341, ""4"": 0.013353217276628743, ""5"": 0.01635011245872297}"
control,200,p0.40,nan,1.0,4,0.4,79.60000000000001,79.915,61,98,15983,1964,1.5732795108330466,30,0.5736789876027066,0.011473579752054135,1.3027806823325239,16.526802005587218,2.1038698826319346,3.0181397142423387,9,"{""0"": 0.001921693041506345, ""1"": 0.012341056711184831, ""2"": 0.018899431877264596, ""3"": 0.0041351532694043625, ""4"": 0.016139755015114804, ""5"": 0.015404388597849868}"
control,200,p0.40,nan,1.0,4,0.4,79.60000000000001,79.915,61,98,15983,1964,1.5732795108330466,40,0.5306938405488987,0.010613876810977974,13.478219061766067,16.844899475141425,2.052269116008573,3.2717274303234647,9,"{""0"": 0.002071093853738757, ""1"": 0.010430174035669136, ""2"": 0.019636609540441125, ""3"": 0.004270466548312874, ""4"": 0.017477218633000557, ""5"": 0.009797698254705391}"
control,200,p0.40,nan,1.0,4,0.4,79.60000000000001,79.915,61,98,15983,1964,1.5732795108330466,50,0.3812469678467091,0.007624939356934183,5.090919770596126,17.17655596549078,2.042000648084867,3.344248515061111,10,"{""0"": 0.0027347965501784443, ""1"": 0.0030767439350898483, ""2"": 0.01736950277386177, ""3"": 0.0053725406316097, ""4"": 0.010502321979027129, ""5"": 0.006693730271838205}"
control,200,p0.40,nan,1.0,4,0.4,79.60000000000001,79.915,61,98,15983,1964,1.5732795108330466,60,0.491389176127235,0.009827783522544702,2.931307992843284,17.43999153346472,2.0737372173073503,3.2632615200399475,9,"{""0"": 0.0018634900719931697, ""1"": 0.00837248188055491, ""2"": 0.018560737459879673, ""3"": 0.0042839350580812455, ""4"": 0.015615130221010298, ""5"": 0.010270926443748916}"
control,200,p0.40,nan,1.0,4,0.4,79.60000000000001,79.915,61,98,15983,1964,1.5732795108330466,70,0.5185919608447564,0.010371839216895131,2.9960770293481502,17.763397214425257,2.0554302423262194,3.0446505366488874,9,"{""0"": 0.00171930652940398, ""1"": 0.011608938994919393, ""2"": 0.018882151703253608, ""3"": 0.0037492191733425107, ""4"": 0.01571136297285055, ""5"": 0.01056005592760074}"
control,200,p0.40,nan,1.0,4,0.4,79.60000000000001,79.915,61,98,15983,1964,1.5732795108330466,80,0.46096039781366255,0.009219207956273252,1.2587655329866545,17.918427064609155,2.058863806423043,3.118521514904028,9,"{""0"": 0.0019597534732681875, ""1"": 0.008407331755109758, ""2"": 0.017831328109063776, ""3"": 0.0040893797663335615, ""4"": 0.01394594747873561, ""5"": 0.009081507155128619}"
control,200,p0.40,nan,1.0,4,0.4,79.60000000000001,79.915,61,98,15983,1964,1.5732795108330466,90,0.4526197714955983,0.009052395429911967,30.86279878672924,18.04521578711687,2.079165802198842,3.1192800543817256,10,"{""0"": 0.002242724038430591, ""1"": 0.008451843182837883, ""2"": 0.017263823625500087, ""3"": 0.0045627909763629034, ""4"": 0.013929240335529267, ""5"": 0.007863950420811065}"
control,200,p0.40,nan,1.0,4,0.4,79.60000000000001,79.915,61,98,15983,1964,1.5732795108330466,100,0.44679752659866545,0.00893595053197331,3.534170383026288,18.21226013812409,2.0773335353136675,3.12843501796585,9,"{""0"": 0.0018767167210352906, ""1"": 0.008970844927881005, ""2"": 0.018030406719034005, ""3"": 0.004481921532919377, ""4"": 0.014714426906433422, ""5"": 0.005541386384536765}"
control,200,p0.40,nan,1.0,4,0.4,79.60000000000001,79.915,61,98,15983,1964,1.5732795108330466,110,0.44950868667428123,0.008990173733485625,11.102389729006797,18.37225117442701,2.076462005710632,3.1521631658364377,9,"{""0"": 0.0017836472407011656, ""1"": 0.009661697935011164, ""2"": 0.01826066535095582, ""3"": 0.0043164594279380365, ""4"": 0.014331604063871146, ""5"": 0.005586968382436422}"
control,200,p0.40,nan,1.0,4,0.4,79.60000000000001,79.915,61,98,15983,1964,1.5732795108330466,120,0.43729443925655215,0.008745888785131044,23.10814718245713,18.447644400749432,2.0808653764875267,3.2251858300434217,9,"{""0"": 0.0019095729571627772, ""1"": 0.008203173509164035, ""2"": 0.017594575593530972, ""3"": 0.004759064884381223, ""4"": 0.013948652631676679, ""5"": 0.006060293134870581}"
control,200,p0.40,nan,1.0,4,0.4,79.60000000000001,79.915,61,98,15983,1964,1.5732795108330466,130,0.4201679939332113,0.008403359878664227,2.8345819372520866,18.501794092570623,2.0820614031808233,3.2857002484737703,9,"{""0"": 0.0020886920966170118, ""1"": 0.007494592738820032, ""2"": 0.016429275405014317, ""3"": 0.00531272145523063, ""4"": 0.01294844945858686, ""5"": 0.006146428117716511}"
control,200,p0.40,nan,1.0,4,0.4,79.60000000000001,79.915,61,98,15983,1964,1.5732795108330466,140,0.42245755028076404,0.008449151005615281,2.298433792060718,18.549673196654776,2.081251546908155,3.380688956494437,10,"{""0"": 0.0019057580569173938, ""1"": 0.008301795140678655, ""2"": 0.01617837283400414, ""3"": 0.004819396899321176, ""4"": 0.013446039237054768, ""5"": 0.006043543865715555}"
control,200,p0.40,nan,1.0,4,0.4,79.60000000000001,79.915,61,98,15983,1964,1.5732795108330466,150,0.4230558073596383,0.008461116147192768,2.1810868170985045,18.613645508068544,2.07665009551107,3.2358436609050614,10,"{""0"": 0.001674106316711126, ""1"": 0.0074322885489027475, ""2"": 0.016689354320912637, ""3"": 0.004414109074829394, ""4"": 0.013961624363975, ""5"": 0.0065952142578257055}"
control,200,p0.40,nan,1.0,4,0.4,79.60000000000001,79.915,61,98,15983,1964,1.5732795108330466,160,0.41948557570190526,0.008389711514038107,2.224228131178836,18.684912384038714,2.0795466645419234,3.2555544380387973,10,"{""0"": 0.0016118421431841313, ""1"": 0.006976527014399774, ""2"": 0.01682650777991255, ""3"": 0.004296814167495111, ""4"": 0.013391794562244591, ""5"": 0.007234783416992484}"
control,200,p0.40,nan,1.0,4,0.4,79.60000000000001,79.915,61,98,15983,1964,1.5732795108330466,170,0.40008435491326344,0.00800168709826527,10.884748711813678,18.789487779022398,2.0839934480937754,3.258633550891822,10,"{""0"": 0.0016260315220862083, ""1"": 0.006718384389503472, ""2"": 0.016085061052394718, ""3"": 0.004562822760568413, ""4"": 0.01196779258069837, ""5"": 0.007050030284340432}"
control,200,p0.40,nan,1.0,4,0.4,79.60000000000001,79.915,61,98,15983,1964,1.5732795108330466,180,0.3662136068196382,0.007324272136392766,3.6994719307942967,18.886007352189658,2.076142861104784,3.3071876820445625,9,"{""0"": 0.0015792434723923211, ""1"": 0.0065318004580062275, ""2"": 0.01555842982241453, ""3"": 0.00503880804352628, ""4"": 0.00807935753880841, ""5"": 0.0071579934832088216}"
control,200,p0.40,nan,1.0,4,0.4,79.60000000000001,79.915,61,98,15983,1964,1.5732795108330466,190,0.36006900980655404,0.007201380196131081,0.983784267093693,18.964496770026322,2.084683142343502,3.279159515858599,9,"{""0"": 0.0015387917062244729, ""1"": 0.0066876994634344515, ""2"": 0.015214716956830406, ""3"": 0.004871239608985648, ""4"": 0.008221933714712908, ""5"": 0.006673899726598606}"
control,200,p0.40,nan,1.0,4,0.4,79.60000000000001,79.915,61,98,15983,1964,1.5732795108330466,200,0.3646027101995888,0.0072920542039917775,3.7622408732210944,19.01790240751472,2.083835436004934,3.2550444430237087,9,"{""0"": 0.0014613074354034345, ""1"": 0.00691607728861438, ""2"": 0.015334970776513634, ""3"": 0.004629782913416898, ""4"": 0.008496238860400265, ""5"": 0.006913947949602052}"
control,200,p0.05,nan,1.0,5,0.05,9.950000000000001,10.57,4,19,2114,2114,1.6184323054031027,0,0.9914212077969902,0.019828424155939807,nan,0.0,1.6184323054031027,7.328597600559711,14,"{""0"": 0.018875214787918305, ""1"": 0.02041795363000278, ""2"": 0.01958417690431877, ""3"": 0.019560928704669737, ""4"": 0.021122179967733065, ""5"": 0.01941009094099618}"
control,200,p0.05,nan,1.0,5,0.05,9.950000000000001,10.57,4,19,2114,2114,1.6184323054031027,10,1.2872751947339638,0.02574550389467928,0.3026898166883767,14.1397394101474,2.3024771904806736,3.1253426174851113,8,"{""0"": 0.0030127495402385534, ""1"": 0.05872327947875953, ""2"": 0.02737145610674354, ""3"": 0.014875854388029297, ""4"": 0.021339323000065122, ""5"": 0.02915036085423966}"
control,200,p0.05,nan,1.0,5,0.05,9.950000000000001,10.57,4,19,2114,2114,1.6184323054031027,20,0.5596226275455295,0.01119245255091059,3.1474524667617354,15.919957341726942,2.2824875318190134,3.5059871175976567,12,"{""0"": 0.005226679277644021, ""1"": 0.01929285543076395, ""2"": 0.008079276364346822, ""3"": 0.009763616204836513, ""4"": 0.017516139838736622, ""5"": 0.007276148189135617}"
control,200,p0.05,nan,1.0,5,0.05,9.950000000000001,10.57,4,19,2114,2114,1.6184323054031027,30,0.4785595869736088,0.009571191739472178,13.74389921863523,15.848023047635243,2.2068112110212015,3.7791039879204673,12,"{""0"": 0.002999735305706505, ""1"": 0.011846821902613044, ""2"": 0.009709818078439476, ""3"": 0.009184592751434992, ""4"": 0.017113531702890376, ""5"": 0.006572650695748676}"
control,200,p0.05,nan,1.0,5,0.05,9.950000000000001,10.57,4,19,2114,2114,1.6184323054031027,40,0.5041493578282084,0.01008298715656417,32.03726598945351,16.51558721367211,2.111857403624808,3.537026304447611,12,"{""0"": 0.0027196484795507284, ""1"": 0.01112862852770085, ""2"": 0.011652186976358937, ""3"": 0.010311774494835274, ""4"": 0.019135981825778567, ""5"": 0.0055497026351606586}"
control,200,p0.05,nan,1.0,5,0.05,9.950000000000001,10.57,4,19,2114,2114,1.6184323054031027,50,0.4237866336642127,0.008475732673284254,12.481394739649282,16.731734044729812,2.073864947333173,3.868556653125728,12,"{""0"": 0.0025982259908358986, ""1"": 0.008903628896576813, ""2"": 0.008362299364659955, ""3"": 0.010406587922581288, ""4"": 0.01655921467043476, ""5"": 0.004024439194616815}"
control,200,p0.05,nan,1.0,5,0.05,9.950000000000001,10.57,4,19,2114,2114,1.6184323054031027,60,0.45678320493264024,0.009135664098652806,13.309863176648363,16.737678072876726,2.0516377375578925,3.979046163869927,13,"{""0"": 0.00636157238143093, ""1"": 0.009138753063813674, ""2"": 0.00942940237244264, ""3"": 0.012280818888242642, ""4"": 0.014146239948582051, ""5"": 0.003457197937404905}"
control,200,p0.05,nan,1.0,5,0.05,9.950000000000001,10.57,4,19,2114,2114,1.6184323054031027,70,0.44764244017910615,0.008952848803582124,3.4536402930990477,16.803054711851544,2.0154322652865577,3.8815478257120413,12,"{""0"": 0.00689971935370053, ""1"": 0.007622980880008808, ""2"": 0.009089396099514369, ""3"": 0.014879057863876676, ""4"": 0.01150291022705034, ""5"": 0.003723028397342018}"
control,200,p0.05,nan,1.0,5,0.05,9.950000000000001,10.57,4,19,2114,2114,1.6184323054031027,80,0.43487694595649695,0.00869753891912994,3.5291069481508353,16.987929394555792,2.070775841371023,3.6267862870789327,11,"{""0"": 0.00746686593663787, ""1"": 0.006526535736188638, ""2"": 0.00853345598047191, ""3"": 0.014185563050172078, ""4"": 0.011820790738229617, ""5"": 0.0036520220730795277}"
control,200,p0.05,nan,1.0,5,0.05,9.950000000000001,10.57,4,19,2114,2114,1.6184323054031027,90,0.43184335831132936,0.00863686716622659,24.441954226934943,16.93831234930334,2.1019427160114272,3.636464603905267,12,"{""0"": 0.0067824823103994816, ""1"": 0.007579635994108427, ""2"": 0.008418472846566192, ""3"": 0.013265380310644465, ""4"": 0.013252805346071794, ""5"": 0.0025224261895691754}"
control,200,p0.05,nan,1.0,5,0.05,9.950000000000001,10.57,4,19,2114,2114,1.6184323054031027,100,0.421040752639154,0.008420815052783082,5.5686557972328625,16.93343868988364,2.1259763594432077,3.630303261846457,12,"{""0"": 0.0068762492766861905, ""1"": 0.007365127340831465, ""2"": 0.007856325158336359, ""3"": 0.013354073561813878, ""4"": 0.012629459788079186, ""5"": 0.002443655190951406}"
control,200,p0.05,nan,1.0,5,0.05,9.950000000000001,10.57,4,19,2114,2114,1.6184323054031027,110,0.37023851256718293,0.007404770251343659,5.421190343285858,16.977237021978134,2.1321061022174694,3.8167633348297834,12,"{""0"": 0.0023640452090401423, ""1"": 0.006755990086692422, ""2"": 0.007436930393054475, ""3"": 0.012746588802249052, ""4"": 0.012261417529341812, ""5"": 0.00286364948768405}"
control,200,p0.05,nan,1.0,5,0.05,9.950000000000001,10.57,4,19,2114,2114,1.6184323054031027,120,0.3708784322770373,0.007417568645540748,1.2213401907781423,17.043035023621062,2.13093898468676,3.8898284209347476,12,"{""0"": 0.0019066797297698894, ""1"": 0.006195570852601069, ""2"": 0.008183607491536661, ""3"": 0.012621923687454666, ""4"": 0.012691562364825357, ""5"": 0.0029060677470568496}"
control,200,p0.05,nan,1.0,5,0.05,9.950000000000001,10.57,4,19,2114,2114,1.6184323054031027,130,0.3639361387012611,0.007278722774025223,0.9776813237370016,17.13906470863967,2.142709656363063,3.821425029481867,11,"{""0"": 0.0018415963120647634, ""1"": 0.005666117224980054, ""2"": 0.008186983946565071, ""3"": 0.012524472016689192, ""4"": 0.012238781103889476, ""5"": 0.003214386039962786}"
control,200,p0.05,nan,1.0,5,0.05,9.950000000000001,10.57,4,19,2114,2114,1.6184323054031027,140,0.3646912811047811,0.007293825622095623,3.1137786553704485,17.266526810204347,2.1278275643372395,3.77575070716164,11,"{""0"": 0.0019667768448787632, ""1"": 0.004985423923869152, ""2"": 0.008970566862020388, ""3"": 0.013266268999674197, ""4"": 0.010953030405822036, ""5"": 0.003620886696309203}"
control,200,p0.05,nan,1.0,5,0.05,9.950000000000001,10.57,4,19,2114,2114,1.6184323054031027,150,0.3434237262739486,0.006868474525478974,3.8742170247482037,17.27911756701177,2.151029231549649,3.7902838692211382,11,"{""0"": 0.0018447173994932966, ""1"": 0.004964421378783035, ""2"": 0.008729256657507335, ""3"": 0.011680371296318371, ""4"": 0.01028677114841735, ""5"": 0.0037053092723544553}"
control,200,p0.05,nan,1.0,5,0.05,9.950000000000001,10.57,4,19,2114,2114,1.6184323054031027,160,0.31226214404805847,0.00624524288096117,0.9814341095337865,17.307865037573336,2.1578417395593297,3.8214161985679165,11,"{""0"": 0.001914601344274325, ""1"": 0.004847004517267611, ""2"": 0.008622571476901549, ""3"": 0.01063801158037998, ""4"": 0.007740332291635672, ""5"": 0.0037089360753078857}"
control,200,p0.05,nan,1.0,5,0.05,9.950000000000001,10.57,4,19,2114,2114,1.6184323054031027,170,0.3117343712382378,0.006234687424764756,4.269832638732089,17.385542991156843,2.166367105633528,3.751358558597856,11,"{""0"": 0.001941530065128698, ""1"": 0.0046167709454841095, ""2"": 0.008335177901918699, ""3"": 0.010830890421325725, ""4"": 0.008239449060779424, ""5"": 0.003444306153951881}"
control,200,p0.05,nan,1.0,5,0.05,9.950000000000001,10.57,4,19,2114,2114,1.6184323054031027,180,0.32282108148391586,0.0064564216296783185,0.6730608906197917,17.47465160604023,2.1677672944927355,3.7227777921143015,11,"{""0"": 0.0019127985582467351, ""1"": 0.004400034569411366, ""2"": 0.008503017361216829, ""3"": 0.011248618432928978, ""4"": 0.009259650391140446, ""5"": 0.0034144104651255497}"
control,200,p0.05,nan,1.0,5,0.05,9.950000000000001,10.57,4,19,2114,2114,1.6184323054031027,190,0.3250131442947268,0.006500262885894537,1.9664705841515575,17.493627119753732,2.1753863848469743,3.67446305481177,11,"{""0"": 0.0019128928198584832, ""1"": 0.0048175598687117595, ""2"": 0.00803793740347641, ""3"": 0.01137425593769929, ""4"": 0.009854249787639857, ""5"": 0.00300468149798142}"
control,200,p0.05,nan,1.0,5,0.05,9.950000000000001,10.57,4,19,2114,2114,1.6184323054031027,200,0.3080093485332542,0.0061601869706650846,8.646378725504388,17.54303988655585,2.179078047240924,3.6402374797602053,11,"{""0"": 0.0019138868979626904, ""1"": 0.005606242470867889, ""2"": 0.007723540922924913, ""3"": 0.0110625444156059, ""4"": 0.00767506279028517, ""5"": 0.0029798443263439455}"
control,200,p0.10,nan,1.0,5,0.1,19.900000000000002,20.535,9,35,4107,2114,1.5928714941208355,0,1.0508063284550297,0.0210161265691006,nan,0.0,1.5928714941208355,7.045092612081992,15,"{""0"": 0.018055137416823165, ""1"": 0.023315946761390295, ""2"": 0.022838015473579127, ""3"": 0.018860622241604025, ""4"": 0.02214086938239155, ""5"": 0.02088616813881543}"
control,200,p0.10,nan,1.0,5,0.1,19.900000000000002,20.535,9,35,4107,2114,1.5928714941208355,10,0.8990766950772531,0.017981533901545065,3.6319934671209806,14.855056892848609,1.9679532894465839,3.7928810383586886,12,"{""0"": 0.0022055728781380595, ""1"": 0.040010048298658125, ""2"": 0.011765368696624916, ""3"": 0.012422524570036224, ""4"": 0.013364665049081617, ""5"": 0.028121023916731443}"
control,200,p0.10,nan,1.0,5,0.1,19.900000000000002,20.535,9,35,4107,2114,1.5928714941208355,20,0.7392082313001134,0.01478416462600227,3.588882736112853,16.118447469933454,2.019261497010247,2.984553827910453,9,"{""0"": 0.003141959215934727, ""1"": 0.02829474825696555, ""2"": 0.0037320333574614576, ""3"": 0.020379901731153158, ""4"": 0.010809263315114257, ""5"": 0.022347081879384473}"
control,200,p0.10,nan,1.0,5,0.1,19.900000000000002,20.535,9,35,4107,2114,1.5928714941208355,30,0.5738920765684309,0.011477841531368618,17.2799300054686,16.155092303838174,2.0224546288437644,2.594801706801792,10,"{""0"": 0.001925909237537654, ""1"": 0.01956074114171629, ""2"": 0.0038252845875355024, ""3"": 0.011743055885484839, ""4"": 0.01774461040347756, ""5"": 0.014067447932459875}"
control,200,p0.10,nan,1.0,5,0.1,19.900000000000002,20.535,9,35,4107,2114,1.5928714941208355,40,0.6417944538916676,0.012835889077833352,3.6641569907445684,16.579843836495257,2.003953913490921,3.158865028971179,9,"{""0"": 0.005134100100018281, ""1"": 0.01261100071729095, ""2"": 0.0032655790955284014, ""3"": 0.007903833017507633, ""4"": 0.015613130467511921, ""5"": 0.03248769106914293}"
control,200,p0.10,nan,1.0,5,0.1,19.900000000000002,20.535,9,35,4107,2114,1.5928714941208355,50,0.5748666182159987,0.011497332364319976,25.657874570546923,16.76462471827915,1.9993242266434745,3.0946412168455795,9,"{""0"": 0.0032084489710920996, ""1"": 0.011548682959439806, ""2"": 0.0024011812334542105, ""3"": 0.00957882613429044, ""4"": 0.013566247666816933, ""5"": 0.02868060722082637}"
control,200,p0.10,nan,1.0,5,0.1,19.900000000000002,20.535,9,35,4107,2114,1.5928714941208355,60,0.4226294075383965,0.008452588150767932,6.920106531506366,16.876150665676214,1.9655576010001699,3.1468207053469803,9,"{""0"": 0.0021828333870500885, ""1"": 0.009328825783095332, ""2"": 0.002915257895751414, ""3"": 0.008760383848577203, ""4"": 0.010821077318597324, ""5"": 0.01670715067153624}"
control,200,p0.10,nan,1.0,5,0.1,19.900000000000002,20.535,9,35,4107,2114,1.5928714941208355,70,0.38582237084781,0.007716447416956202,7.353797303931241,17.074914693491042,1.9776594662446834,3.182229758685417,9,"{""0"": 0.0023429305856901414, ""1"": 0.010321426729534667, ""2"": 0.0032059205421092274, ""3"": 0.008022168833254562, ""4"": 0.008624467482283474, ""5"": 0.013781770328865139}"
control,200,p0.10,nan,1.0,5,0.1,19.900000000000002,20.535,9,35,4107,2114,1.5928714941208355,80,0.36748956365767893,0.00734979127315358,15.991793328604379,17.20478434640893,2.003331512445091,3.1667877092684655,9,"{""0"": 0.002454931002797325, ""1"": 0.009953115366100154, ""2"": 0.0030112341591823997, ""3"": 0.008161254257524588, ""4"": 0.00794711128187051, ""5"": 0.012571101571446502}"
control,200,p0.10,nan,1.0,5,0.1,19.900000000000002,20.535,9,35,4107,2114,1.5928714941208355,90,0.3588603734171172,0.007177207468342345,7.511655887119288,17.329051586493716,2.003908630291034,2.9741682185570055,9,"{""0"": 0.0025866919581918704, ""1"": 0.00962910106172261, ""2"": 0.003414069168914337, ""3"": 0.0072901572638862325, ""4"": 0.009550951057724228, ""5"": 0.010592274299614787}"
control,200,p0.10,nan,1.0,5,0.1,19.900000000000002,20.535,9,35,4107,2114,1.5928714941208355,100,0.3576538357419846,0.007153076714839694,2.809973199280326,17.429252214331107,2.0023443023074865,2.966787279358875,9,"{""0"": 0.0025306448298278135, ""1"": 0.010523506299289432, ""2"": 0.0035091707078101003, ""3"": 0.007782723305161323, ""4"": 0.00894416908877433, ""5"": 0.009628246058175161}"
control,200,p0.10,nan,1.0,5,0.1,19.900000000000002,20.535,9,35,4107,2114,1.5928714941208355,110,0.3726914611798392,0.0074538292235967855,2.5384942125709666,17.424420291288047,2.0095962744672557,2.7858028876604823,9,"{""0"": 0.002645869984182466, ""1"": 0.014326537237326218, ""2"": 0.003802745107719091, ""3"": 0.006686468747913885, ""4"": 0.010167917610490082, ""5"": 0.007093436653948968}"
control,200,p0.10,nan,1.0,5,0.1,19.900000000000002,20.535,9,35,4107,2114,1.5928714941208355,120,0.36557634200841166,0.007311526840168234,1.6822917788041487,17.576335125132644,2.022647974308653,2.8137459722054947,9,"{""0"": 0.0019825308946934406, ""1"": 0.013168969114773641, ""2"": 0.004145979031205735, ""3"": 0.006205091323950374, ""4"": 0.0108115107225079, ""5"": 0.0075550799538783115}"
control,200,p0.10,nan,1.0,5,0.1,19.900000000000002,20.535,9,35,4107,2114,1.5928714941208355,130,0.3612947065573566,0.007225894131147133,2.4374470132526684,17.545758654281954,2.011497607519668,2.7785772141585845,9,"{""0"": 0.0021765295205894222, ""1"": 0.01200648200370602, ""2"": 0.004214008190858228, ""3"": 0.005833970779149616, ""4"": 0.011488643646787491, ""5"": 0.0076357306457920295}"
control,200,p0.10,nan,1.0,5,0.1,19.900000000000002,20.535,9,35,4107,2114,1.5928714941208355,140,0.3463919852636989,0.006927839705273979,3.515054614820897,17.617084891263374,2.0014164939208787,2.867411302256702,9,"{""0"": 0.002118229365690559, ""1"": 0.010631358973714203, ""2"": 0.004219521831971105, ""3"": 0.006208151607915155, ""4"": 0.010878059537201787, ""5"": 0.007511716915151068}"
control,200,p0.10,nan,1.0,5,0.1,19.900000000000002,20.535,9,35,4107,2114,1.5928714941208355,150,0.3445306410965962,0.006890612821931925,4.11870069735886,17.705697608908423,1.9968833161785584,2.8335205623088444,9,"{""0"": 0.002090020139365082, ""1"": 0.0104932989581441, ""2"": 0.004096184279386015, ""3"": 0.006130280879804899, ""4"": 0.011021307017242373, ""5"": 0.0075125856576490875}"
control,200,p0.10,nan,1.0,5,0.1,19.900000000000002,20.535,9,35,4107,2114,1.5928714941208355,160,0.3356538468879256,0.0067130769377585124,3.922758593951176,17.741593585729262,1.9948706091343482,2.942505857816543,9,"{""0"": 0.002264173182469991, ""1"": 0.0094012841278303, ""2"": 0.004467340460669739, ""3"": 0.00622244849790019, ""4"": 0.010710275893470173, ""5"": 0.0072129394642106905}"
control,200,p0.10,nan,1.0,5,0.1,19.900000000000002,20.535,9,35,4107,2114,1.5928714941208355,170,0.3358559533978214,0.006717119067956429,1.7919331493501243,17.816334051801697,2.0033712121293226,2.898813129823444,9,"{""0"": 0.00219320584086802, ""1"": 0.009358876367419508, ""2"": 0.004414432341789322, ""3"": 0.006123344283156581, ""4"": 0.010845020246586647, ""5"": 0.007367835327918487}"
control,200,p0.10,nan,1.0,5,0.1,19.900000000000002,20.535,9,35,4107,2114,1.5928714941208355,180,0.33011525912876344,0.006602305182575269,4.1945920005395445,17.85101298911638,2.0170533617841797,2.885454098431375,8,"{""0"": 0.0017007549265976804, ""1"": 0.008250122132601668, ""2"": 0.004645909988547537, ""3"": 0.005179560216176309, ""4"": 0.011600565813821555, ""5"": 0.008236918017706868}"
control,200,p0.10,nan,1.0,5,0.1,19.900000000000002,20.535,9,35,4107,2114,1.5928714941208355,190,0.33068931994207085,0.006613786398841418,0.5737577193685598,17.91846918478372,2.029942051764387,2.8609077621521455,8,"{""0"": 0.0016929215817833327, ""1"": 0.00868348683358008, ""2"": 0.004394391723235742, ""3"": 0.005358722288871353, ""4"": 0.01191149185517069, ""5"": 0.007641704110407309}"
control,200,p0.10,nan,1.0,5,0.1,19.900000000000002,20.535,9,35,4107,2114,1.5928714941208355,200,0.32609211495591717,0.006521842299118344,3.143328194909699,18.002723475326704,2.0363098949452203,2.8660993097441962,8,"{""0"": 0.0015877336507517889, ""1"": 0.007748684981683636, ""2"": 0.004609669978115721, ""3"": 0.005162673069820486, ""4"": 0.012186169038072172, ""5"": 0.007836123076266258}"
control,200,p0.20,nan,1.0,5,0.2,39.800000000000004,40.175,26,53,8035,2114,1.6067348797276146,0,1.0436561656226313,0.020873123312452627,nan,0.0,1.6067348797276146,4.4114083335921475,12,"{""0"": 0.022832243849462513, ""1"": 0.021323613016223965, ""2"": 0.02017119125226745, ""3"": 0.020751051055237245, ""4"": 0.020189230721011114, ""5"": 0.019971409980513482}"
control,200,p0.20,nan,1.0,5,0.2,39.800000000000004,40.175,26,53,8035,2114,1.6067348797276146,10,0.6943535608163728,0.013887071216327459,0.9920175926717939,13.468411826679132,1.93550562121248,3.612289959874718,10,"{""0"": 0.003409059471892969, ""1"": 0.03635826112663828, ""2"": 0.015864376797835814, ""3"": 0.0049634944188752415, ""4"": 0.007244644095496844, ""5"": 0.015482591387225603}"
control,200,p0.20,nan,1.0,5,0.2,39.800000000000004,40.175,26,53,8035,2114,1.6067348797276146,20,0.5866138527841837,0.011732277055683674,5.363585995979716,14.994092218263859,2.1073454180058167,3.210188954522353,10,"{""0"": 0.010444996833119133, ""1"": 0.01988861449697831, ""2"": 0.009902266078475093, ""3"": 0.01030811329938722, ""4"": 0.015402025477458184, ""5"": 0.004447646148684108}"
control,200,p0.20,nan,1.0,5,0.2,39.800000000000004,40.175,26,53,8035,2114,1.6067348797276146,30,0.48140215063208003,0.009628043012641602,23.11080403782209,15.343407792835631,2.02584997601147,3.347558345055892,10,"{""0"": 0.009977285573186096, ""1"": 0.020376823316211545, ""2"": 0.00467712998979832, ""3"": 0.005517122237289037, ""4"": 0.012367783319851318, ""5"": 0.0048521136395132955}"
control,200,p0.20,nan,1.0,5,0.2,39.800000000000004,40.175,26,53,8035,2114,1.6067348797276146,40,0.40752623001729404,0.008150524600345882,5.17194069071597,15.601999208906102,1.9478319133166455,3.561981329839394,10,"{""0"": 0.009744107886424365, ""1"": 0.006227100737082151, ""2"": 0.0068914313860414965, ""3"": 0.005558101230082382, ""4"": 0.015251619231098214, ""5"": 0.005230787131346686}"
control,200,p0.20,nan,1.0,5,0.2,39.800000000000004,40.175,26,53,8035,2114,1.6067348797276146,50,0.38103523329746586,0.007620704665949318,3.3435421973128228,15.830885999760751,1.9929984355742327,3.4897700309272754,10,"{""0"": 0.007998276545964425, ""1"": 0.007422211141319549, ""2"": 0.004398466524220508, ""3"": 0.005726954194285647, ""4"": 0.016493085644627627, ""5"": 0.0036852339452781513}"
control,200,p0.20,nan,1.0,5,0.2,39.800000000000004,40.175,26,53,8035,2114,1.6067348797276146,60,0.36572735127311257,0.007314547025462252,7.01541148218929,16.081911198794106,1.995573197272603,3.446853053217586,10,"{""0"": 0.006536688541122754, ""1"": 0.00612779593980872, ""2"": 0.005160751778432209, ""3"": 0.005763642966738714, ""4"": 0.01666141590750381, ""5"": 0.0036369870191673087}"
control,200,p0.20,nan,1.0,5,0.2,39.800000000000004,40.175,26,53,8035,2114,1.6067348797276146,70,0.34993364425218904,0.006998672885043782,11.689085554104164,16.142949331305523,1.9994906910428738,3.5539046651591453,11,"{""0"": 0.007779925571287291, ""1"": 0.004945074287216385, ""2"": 0.004666844432779815, ""3"": 0.006624282527559357, ""4"": 0.014314480207502178, ""5"": 0.0036614302839176674}"
control,200,p0.20,nan,1.0,5,0.2,39.800000000000004,40.175,26,53,8035,2114,1.6067348797276146,80,0.3379042176155813,0.006758084352311627,10.940414534324592,16.33492645219249,2.0266970179247163,3.338352152710466,10,"{""0"": 0.00492088718603843, ""1"": 0.005582176741985843, ""2"": 0.004004652899549857, ""3"": 0.010399766482757335, ""4"": 0.012823997512613775, ""5"": 0.002817025290924529}"
control,200,p0.20,nan,1.0,5,0.2,39.800000000000004,40.175,26,53,8035,2114,1.6067348797276146,90,0.28698339928317196,0.00573966798566344,7.219851702299543,16.460225689186657,2.041284088733156,3.3552991545267434,10,"{""0"": 0.0029916876903872108, ""1"": 0.0063340756224222, ""2"": 0.004171308419815529, ""3"": 0.007601752684870786, ""4"": 0.010640871279524254, ""5"": 0.00269831221696066}"
control,200,p0.20,nan,1.0,5,0.2,39.800000000000004,40.175,26,53,8035,2114,1.6067348797276146,100,0.2604560958569979,0.005209121917139958,3.141918256340177,16.529932603555196,2.0627485555787985,3.613402934251674,10,"{""0"": 0.00241433729585794, ""1"": 0.0050553697997980694, ""2"": 0.006603143550032327, ""3"": 0.005333901023402402, ""4"": 0.009117845527151993, ""5"": 0.00273013430659702}"
control,200,p0.20,nan,1.0,5,0.2,39.800000000000004,40.175,26,53,8035,2114,1.6067348797276146,110,0.26342603017098504,0.005268520603419702,5.52587732777257,16.614308580030958,2.0645807283880613,3.5412965386790063,10,"{""0"": 0.0019961478360243966, ""1"": 0.004839507479047853, ""2"": 0.006223366967341019, ""3"": 0.006113662484983335, ""4"": 0.00992838357086593, ""5"": 0.00251005528225568}"
control,200,p0.20,nan,1.0,5,0.2,39.800000000000004,40.175,26,53,8035,2114,1.6067348797276146,120,0.2782733839408537,0.005565467678817075,2.0291277037369526,16.672541499303925,2.0775216043913574,3.49052333720161,10,"{""0"": 0.001479846534616594, ""1"": 0.004595643061479429, ""2"": 0.006888660520280909, ""3"": 0.007687487359564113, ""4"": 0.010213715578267562, ""5"": 0.002527453018693846}"
control,200,p0.20,nan,1.0,5,0.2,39.800000000000004,40.175,26,53,8035,2114,1.6067348797276146,130,0.27718727453629566,0.005543745490725914,2.7635560825914003,16.698707374395802,2.086454412783167,3.499030731807906,10,"{""0"": 0.0014384266434845536, ""1"": 0.004571519627094366, ""2"": 0.0076415461611438916, ""3"": 0.00674122605425038, ""4"": 0.01040975899573203, ""5"": 0.00245999546265026}"
control,200,p0.20,nan,1.0,5,0.2,39.800000000000004,40.175,26,53,8035,2114,1.6067348797276146,140,0.2857248572391977,0.0057144971447839555,5.586563023432023,16.76516621258039,2.0508445747626283,3.507800871205808,10,"{""0"": 0.0014406821675497037, ""1"": 0.003822211020919641, ""2"": 0.008238727063803386, ""3"": 0.008443298719233775, ""4"": 0.009867890024726631, ""5"": 0.002474173872470598}"
control,200,p0.20,nan,1.0,5,0.2,39.800000000000004,40.175,26,53,8035,2114,1.6067348797276146,150,0.2730286775076304,0.005460573550152608,2.866267749019926,16.80552725903672,2.0341491274205294,3.4822173873259246,10,"{""0"": 0.0014153508077015319, ""1"": 0.004500485682352945, ""2"": 0.006477347146450828, ""3"": 0.008100940044892199, ""4"": 0.009925474481167876, ""5"": 0.0023438431383502717}"
control,200,p0.20,nan,1.0,5,0.2,39.800000000000004,40.175,26,53,8035,2114,1.6067348797276146,160,0.2567417831409729,0.005134835662819459,12.142735520117839,16.838251267573796,1.996732416011809,3.5284146168054145,10,"{""0"": 0.0013402538419602756, ""1"": 0.005085050817049847, ""2"": 0.005743151178732918, ""3"": 0.0064096023826594115, ""4"": 0.009778748071013778, ""5"": 0.0024522076855005175}"
control,200,p0.20,nan,1.0,5,0.2,39.800000000000004,40.175,26,53,8035,2114,1.6067348797276146,170,0.258109444238453,0.00516218888476906,3.0264244836359873,16.866325396176606,1.993414163165676,3.4647355019963104,10,"{""0"": 0.0012991032502716693, ""1"": 0.005293404345858173, ""2"": 0.005075509188799911, ""3"": 0.006756732679662732, ""4"": 0.010085287438527046, ""5"": 0.0024630964054948323}"
control,200,p0.20,nan,1.0,5,0.2,39.800000000000004,40.175,26,53,8035,2114,1.6067348797276146,180,0.2469832357046659,0.004939664714093319,6.128319314631416,16.903272102115533,1.99066891764548,3.54307010860637,10,"{""0"": 0.0011569884286020482, ""1"": 0.005134230334633582, ""2"": 0.005496387132382005, ""3"": 0.006334476378138301, ""4"": 0.008982441615974394, ""5"": 0.00253346439482958}"
control,200,p0.20,nan,1.0,5,0.2,39.800000000000004,40.175,26,53,8035,2114,1.6067348797276146,190,0.23792868063718925,0.004758573612743786,6.6641466676060235,16.967003646820753,1.9629226119688523,3.4633835604958834,10,"{""0"": 0.0010256577951815594, ""1"": 0.005392476313767125, ""2"": 0.004557505639531339, ""3"": 0.0059074955438791765, ""4"": 0.009112413699780334, ""5"": 0.0025558926843231803}"
control,200,p0.20,nan,1.0,5,0.2,39.800000000000004,40.175,26,53,8035,2114,1.6067348797276146,200,0.24200664908573408,0.004840132981714682,2.946268146922817,17.03804301619993,1.9544592517133081,3.4070680044920825,10,"{""0"": 0.0011529732563356429, ""1"": 0.005615899042445169, ""2"": 0.004444371673921742, ""3"": 0.005704171679607779, ""4"": 0.009532490510899402, ""5"": 0.002590891727078358}"
control,200,p0.40,nan,1.0,5,0.4,79.60000000000001,79.915,63,96,15983,2114,1.5125041571737956,0,1.0011255252856457,0.020022510505712916,nan,0.0,1.5125041571737956,4.688383002255485,13,"{""0"": 0.02025909830270551, ""1"": 0.019554337266063163, ""2"": 0.02273436253248364, ""3"": 0.01785465861417663, ""4"": 0.0212512677604658, ""5"": 0.01848133855838275}"
control,200,p0.40,nan,1.0,5,0.4,79.60000000000001,79.915,63,96,15983,2114,1.5125041571737956,10,0.9192364978787011,0.018384729957574026,12.01204465454876,15.391729112355424,2.0883747830209307,3.155546365924253,13,"{""0"": 0.020573723807983755, ""1"": 0.027598422715492794, ""2"": 0.0036228961936837093, ""3"": 0.041319467113883686, ""4"": 0.01308648973842333, ""5"": 0.004107380175976882}"
control,200,p0.40,nan,1.0,5,0.4,79.60000000000001,79.915,63,96,15983,2114,1.5125041571737956,20,0.8385492254978757,0.016770984509957516,4.019812221429835,15.90984218626217,2.094489576000534,2.7992163008254543,12,"{""0"": 0.018915082509813077, ""1"": 0.02215740044732586, ""2"": 0.0029352055238337314, ""3"": 0.033809598107434176, ""4"": 0.019579844075185482, ""5"": 0.0032287763961527647}"
control,200,p0.40,nan,1.0,5,0.4,79.60000000000001,79.915,63,96,15983,2114,1.5125041571737956,30,1.0452448170178081,0.020904896340356166,16.392603312495492,16.586065213246698,2.080763279919307,4.955747600068278,16,"{""0"": 0.016528262168498824, ""1"": 0.03794173130083049, ""2"": 0.008275142387574094, ""3"": 0.02346232848057528, ""4"": 0.03549462322097265, ""5"": 0.0037272904836856352}"
control,200,p0.40,nan,1.0,5,0.4,79.60000000000001,79.915,63,96,15983,2114,1.5125041571737956,40,0.8757922456199051,0.017515844912398104,31.167223185643,16.61484938735915,2.06643864443744,5.603624290734173,17,"{""0"": 0.011241423669647595, ""1"": 0.02282904584026333, ""2"": 0.019525097448127755, ""3"": 0.017790632468819376, ""4"": 0.02989843386009448, ""5"": 0.0038104361874361017}"
control,200,p0.40,nan,1.0,5,0.4,79.60000000000001,79.915,63,96,15983,2114,1.5125041571737956,50,0.7850067800293373,0.015700135600586747,24.577506209721225,16.88136781801074,2.071861376401186,6.383514668250575,17,"{""0"": 0.00993758373472113, ""1"": 0.023199024077339335, ""2"": 0.012249613453387573, ""3"": 0.022163984233954416, ""4"": 0.022330053851444695, ""5"": 0.004320554252673329}"
control,200,p0.40,nan,1.0,5,0.4,79.60000000000001,79.915,63,96,15983,2114,1.5125041571737956,60,0.7748974106299813,0.015497948212599628,23.327276014641168,16.96345726297258,2.0626707578614205,6.892832737993527,18,"{""0"": 0.012712622273269391, ""1"": 0.018563007632533823, ""2"": 0.018336220760622562, ""3"": 0.018736556298641033, ""4"": 0.02126446369363775, ""5"": 0.003374818616893223}"
control,200,p0.40,nan,1.0,5,0.4,79.60000000000001,79.915,63,96,15983,2114,1.5125041571737956,70,0.741523606751733,0.014830472135034661,8.95584965579393,17.08582671492604,2.0491276504532796,6.98982156678262,18,"{""0"": 0.013387806625869147, ""1"": 0.01991170188241629, ""2"": 0.014404148051580737, ""3"": 0.019498196915764827, ""4"": 0.018845779125690593, ""5"": 0.0029352002088863607}"
control,200,p0.40,nan,1.0,5,0.4,79.60000000000001,79.915,63,96,15983,2114,1.5125041571737956,80,0.7085485540009409,0.01417097108001882,19.63424167733363,17.137398412052097,2.0325026537342517,6.875322567045762,18,"{""0"": 0.01749633742743313, ""1"": 0.016605955816362324, ""2"": 0.013329304221481413, ""3"": 0.016133061822389407, ""4"": 0.018664465803759904, ""5"": 0.002796701388686758}"
control,200,p0.40,nan,1.0,5,0.4,79.60000000000001,79.915,63,96,15983,2114,1.5125041571737956,90,0.7086920944109674,0.014173841888219348,18.40138000850991,17.347607268600473,2.0470343046005697,6.841546169479001,18,"{""0"": 0.017677668945583362, ""1"": 0.020273027320702814, ""2"": 0.013750646464058675, ""3"": 0.012611793628431418, ""4"": 0.0178447597644072, ""5"": 0.0028851552061326243}"
control,200,p0.40,nan,1.0,5,0.4,79.60000000000001,79.915,63,96,15983,2114,1.5125041571737956,100,0.7151373890629731,0.014302747781259463,6.495108187000598,17.427805933444972,2.0601184483871786,6.551343578731121,17,"{""0"": 0.017492591935835626, ""1"": 0.021543060565226767, ""2"": 0.013840583397441703, ""3"": 0.012260983206692852, ""4"": 0.018014129791234408, ""5"": 0.002665137791125429}"
control,200,p0.40,nan,1.0,5,0.4,79.60000000000001,79.915,63,96,15983,2114,1.5125041571737956,110,0.7387901638712471,0.014775803277424945,25.733735348073594,17.553852601546293,2.0625637437507813,6.9750894652259126,18,"{""0"": 0.016789133405270586, ""1"": 0.023279675963109897, ""2"": 0.014418565004125866, ""3"": 0.01332782150503627, ""4"": 0.018115301639551443, ""5"": 0.0027243221474555837}"
control,200,p0.40,nan,1.0,5,0.4,79.60000000000001,79.915,63,96,15983,2114,1.5125041571737956,120,0.6949906797117023,0.013899813594234048,4.291534479381546,17.623138357861425,2.074238269492969,6.44766905106944,17,"{""0"": 0.012601920787316761, ""1"": 0.022552582372767506, ""2"": 0.015250080957520253, ""3"": 0.01092997786733784, ""4"": 0.019189869135470477, ""5"": 0.0028744504449914436}"
control,200,p0.40,nan,1.0,5,0.4,79.60000000000001,79.915,63,96,15983,2114,1.5125041571737956,130,0.6800058821882893,0.013600117643765789,3.4181279474187636,17.698085673293495,2.064247265440691,6.127667670032564,17,"{""0"": 0.0123776335254614, ""1"": 0.021551598772953144, ""2"": 0.01505671666851332, ""3"": 0.009927213018720226, ""4"": 0.01959891234162156, ""5"": 0.0030886315353250847}"
control,200,p0.40,nan,1.0,5,0.4,79.60000000000001,79.915,63,96,15983,2114,1.5125041571737956,140,0.67773343328858,0.013554668665771603,20.97852217240334,17.772961688568117,2.0733157565629927,6.271966992490515,17,"{""0"": 0.011205617692792446, ""1"": 0.02063890504326667, ""2"": 0.014316386346476676, ""3"": 0.012279973956762506, ""4"": 0.01989197466991309, ""5"": 0.0029951542854182315}"
control,200,p0.40,nan,1.0,5,0.4,79.60000000000001,79.915,63,96,15983,2114,1.5125041571737956,150,0.6581672456373693,0.013163344912747387,3.7584471054405704,17.80750278013972,2.0715958916443986,6.07862241149224,17,"{""0"": 0.010307807484799739, ""1"": 0.02058296445329915, ""2"": 0.014552532659044399, ""3"": 0.011123902409491524, ""4"": 0.019581893303393973, ""5"": 0.0028309691664555473}"
control,200,p0.40,nan,1.0,5,0.4,79.60000000000001,79.915,63,96,15983,2114,1.5125041571737956,160,0.6363806491412635,0.01272761298282527,3.8868761853868774,17.8457084801349,2.082957637543225,5.987119955989775,16,"{""0"": 0.009504783262348755, ""1"": 0.019655131040074984, ""2"": 0.01528745587874541, ""3"": 0.010571416495486076, ""4"": 0.018614439469116832, ""5"": 0.002732451751179566}"
control,200,p0.40,nan,1.0,5,0.4,79.60000000000001,79.915,63,96,15983,2114,1.5125041571737956,170,0.6354360212695727,0.012708720425391454,3.2815389462067777,17.9493315256406,2.088787859542677,5.942155486906346,17,"{""0"": 0.009941200746289415, ""1"": 0.019635361673823258, ""2"": 0.014967291196320901, ""3"": 0.010778169747295816, ""4"": 0.018116973383312994, ""5"": 0.002813325805306335}"
control,200,p0.40,nan,1.0,5,0.4,79.60000000000001,79.915,63,96,15983,2114,1.5125041571737956,180,0.6323950945032972,0.012647901890065946,12.255708280363757,17.966332345418294,2.0875113798487956,5.682686938511401,17,"{""0"": 0.009507007545147958, ""1"": 0.01958664082264369, ""2"": 0.015728436562870627, ""3"": 0.009728387880155575, ""4"": 0.0184298531350507, ""5"": 0.00290708539452712}"
control,200,p0.40,nan,1.0,5,0.4,79.60000000000001,79.915,63,96,15983,2114,1.5125041571737956,190,0.6158608369507615,0.012317216739015233,3.4692130441361,18.025703976577464,2.0850341643858004,5.559310738866105,16,"{""0"": 0.009497041005791927, ""1"": 0.01915015471867257, ""2"": 0.014362440526874787, ""3"": 0.009780151330936302, ""4"": 0.018246430576486096, ""5"": 0.0028670822753297078}"
control,200,p0.40,nan,1.0,5,0.4,79.60000000000001,79.915,63,96,15983,2114,1.5125041571737956,200,0.5995697655121621,0.011991395310243244,5.0016986762302365,18.10119408948091,2.089371905885117,5.43706547247688,16,"{""0"": 0.009401577140094965, ""1"": 0.01872533004622909, ""2"": 0.013675618587520005, ""3"": 0.009137281046792844, ""4"": 0.018031807228468394, ""5"": 0.0029767578123541744}"
control,200,p0.05,nan,1.0,6,0.05,9.950000000000001,9.645,3,19,1929,1929,1.6288936480071088,0,1.0180392025818665,0.020360784051637333,nan,0.0,1.6288936480071088,4.221653609262846,10,"{""0"": 0.021042746703955405, ""1"": 0.022083740105811888, ""2"": 0.020055885576885424, ""3"": 0.020150901470946468, ""4"": 0.020274926695060497, ""5"": 0.01855650375716432}"
control,200,p0.05,nan,1.0,6,0.05,9.950000000000001,9.645,3,19,1929,1929,1.6288936480071088,10,1.4054463390024359,0.02810892678004872,9.220843425173054,13.59904702882172,1.840669496274149,2.921441005795863,9,"{""0"": 0.012839905191444512, ""1"": 0.03281430037983325, ""2"": 0.022403324634370815, ""3"": 0.04110900680783673, ""4"": 0.02726320371763429, ""5"": 0.03222381994917271}"
control,200,p0.05,nan,1.0,6,0.05,9.950000000000001,9.645,3,19,1929,1929,1.6288936480071088,20,0.7215874633992839,0.014431749267985681,13.633290599461702,14.862868052997523,1.9419128802802825,3.397287022364031,9,"{""0"": 0.009040571491745766, ""1"": 0.010976986122614727, ""2"": 0.009923764005216112, ""3"": 0.010550293856383341, ""4"": 0.02363119627946093, ""5"": 0.022467683852493196}"
control,200,p0.05,nan,1.0,6,0.05,9.950000000000001,9.645,3,19,1929,1929,1.6288936480071088,30,0.5634364616481892,0.011268729232963785,14.425674790136819,15.274198502097361,1.959447722241978,3.7670570400385723,10,"{""0"": 0.008039340552202436, ""1"": 0.015476850465125794, ""2"": 0.006009719859056857, ""3"": 0.010993384715847685, ""4"": 0.01271772918617406, ""5"": 0.014375350619375879}"
control,200,p0.05,nan,1.0,6,0.05,9.950000000000001,9.645,3,19,1929,1929,1.6288936480071088,40,0.45393493978453925,0.009078698795690787,9.036792469829438,15.621960934412838,1.9560299922481015,3.6311850487181254,9,"{""0"": 0.007231547508591511, ""1"": 0.012553441823051566, ""2"": 0.007972703828415598, ""3"": 0.005638363368262134, ""4"": 0.00742944400620772, ""5"": 0.013646692239616186}"
control,200,p0.05,nan,1.0,6,0.05,9.950000000000001,9.645,3,19,1929,1929,1.6288936480071088,50,0.3990344651188302,0.007980689302376606,1.1362638127710458,15.97246797206418,1.965925402212779,3.46438104511989,8,"{""0"": 0.007194780878076269, ""1"": 0.009822638764529643, ""2"": 0.007175815177758863, ""3"": 0.005775634426062016, ""4"": 0.004260567998717605, ""5"": 0.013654698569115237}"
control,200,p0.05,nan,1.0,6,0.05,9.950000000000001,9.645,3,19,1929,1929,1.6288936480071088,60,0.36851292069301556,0.007370258413860312,3.836484399526804,16.07816042215657,1.9305560560309083,3.436597619253085,9,"{""0"": 0.0061045265343227535, ""1"": 0.008048423368574018, ""2"": 0.006710143802800457, ""3"": 0.003477415001543832, ""4"": 0.005859156053941481, ""5"": 0.014021885721979332}"
control,200,p0.05,nan,1.0,6,0.05,9.950000000000001,9.645,3,19,1929,1929,1.6288936480071088,70,0.3324321310794469,0.006648642621588939,7.066933857839227,16.249820146559806,1.9330114446316782,3.5261950776030435,9,"{""0"": 0.0055276103804407836, ""1"": 0.00884772592213313, ""2"": 0.004270696859171038, ""3"": 0.003998042771602483, ""4"": 0.004079626425022391, ""5"": 0.01316815337116381}"
control,200,p0.05,nan,1.0,6,0.05,9.950000000000001,9.645,3,19,1929,1929,1.6288936480071088,80,0.3171200906800116,0.006342401813600233,6.235559769421766,16.488202895233115,1.9231352432878486,3.460748260321317,9,"{""0"": 0.004682664863080178, ""1"": 0.008266753767593444, ""2"": 0.003922664184018011, ""3"": 0.0034394398908216576, ""4"": 0.004830995343805799, ""5"": 0.012911892832282312}"
control,200,p0.05,nan,1.0,6,0.05,9.950000000000001,9.645,3,19,1929,1929,1.6288936480071088,90,0.29426643974188477,0.005885328794837696,8.534321485180163,16.601117517021855,1.9390024578585858,3.528894359534934,9,"{""0"": 0.005319423104335223, ""1"": 0.008396282081960825, ""2"": 0.004309355862448334, ""3"": 0.0026083328134303787, ""4"": 0.006532661109013319, ""5"": 0.0081459177978381}"
control,200,p0.05,nan,1.0,6,0.05,9.950000000000001,9.645,3,19,1929,1929,1.6288936480071088,100,0.27886019294619363,0.005577203858923874,6.159105898485169,16.721600490469058,1.9558916073486288,3.4900323933979402,9,"{""0"": 0.005417121301827355, ""1"": 0.0075349884257614064, ""2"": 0.004681773878447559, ""3"": 0.0025883483718662755, ""4"": 0.005355743068352343, ""5"": 0.007885248107288306}"
control,200,p0.05,nan,1.0,6,0.05,9.950000000000001,9.645,3,19,1929,1929,1.6288936480071088,110,0.2778497697256868,0.005556995394513737,2.7174547361289765,16.86570863025261,1.966645475017859,3.4414148123485315,9,"{""0"": 0.004813435484030463, ""1"": 0.007972048083002291, ""2"": 0.004103952461239252, ""3"": 0.0025660431857651837, ""4"": 0.005677145959218854, ""5"": 0.008209347193826388}"
control,200,p0.05,nan,1.0,6,0.05,9.950000000000001,9.645,3,19,1929,1929,1.6288936480071088,120,0.26559564601474395,0.0053119129202948805,20.18824306407046,16.979946903190154,1.9766104788972092,3.4206313482715056,9,"{""0"": 0.005020014480559385, ""1"": 0.007853542680654576, ""2"": 0.003733594945157919, ""3"": 0.0026263509250131463, ""4"": 0.005080462366149914, ""5"": 0.007557512124234343}"
control,200,p0.05,nan,1.0,6,0.05,9.950000000000001,9.645,3,19,1929,1929,1.6288936480071088,130,0.26576600323985716,0.0053153200647971435,1.4163061794615928,17.08180310626848,1.970008349164715,3.3865668081413114,8,"{""0"": 0.0049612654501042346, ""1"": 0.007547996586686055, ""2"": 0.004041936855339842, ""3"": 0.002331808065437313, ""4"": 0.004739173455773396, ""5"": 0.008269739975442026}"
control,200,p0.05,nan,1.0,6,0.05,9.950000000000001,9.645,3,19,1929,1929,1.6288936480071088,140,0.26328065179697324,0.0052656130359394655,2.5444827718418486,17.137107748583592,1.9708000645126031,3.338179190712915,8,"{""0"": 0.005032499845246974, ""1"": 0.007501255082436184, ""2"": 0.004397389760251997, ""3"": 0.002346934893774449, ""4"": 0.004013978636459906, ""5"": 0.008301619997467282}"
control,200,p0.05,nan,1.0,6,0.05,9.950000000000001,9.645,3,19,1929,1929,1.6288936480071088,150,0.2497480418650999,0.004994960837301999,2.926656359108135,17.22350630543624,1.9948675936408802,3.4209755062555423,8,"{""0"": 0.005608008832096887, ""1"": 0.006757548375962766, ""2"": 0.003953233174443396, ""3"": 0.00257035030870367, ""4"": 0.0037820548371871607, ""5"": 0.00729856949541811}"
control,200,p0.05,nan,1.0,6,0.05,9.950000000000001,9.645,3,19,1929,1929,1.6288936480071088,160,0.23530305247996672,0.004706061049599335,9.506459599666396,17.288300258208267,2.0003475941151145,3.3758846979132975,8,"{""0"": 0.006142022013909142, ""1"": 0.005348179697272422, ""2"": 0.004081369048056327, ""3"": 0.0027474106405238285, ""4"": 0.0033440744367591764, ""5"": 0.006573310461075116}"
control,200,p0.05,nan,1.0,6,0.05,9.950000000000001,9.645,3,19,1929,1929,1.6288936480071088,170,0.23006302202435963,0.004601260440487194,4.007679198810917,17.3802836525112,2.005126202438898,3.3400391919214933,8,"{""0"": 0.006142604355711371, ""1"": 0.00530652698355196, ""2"": 0.00419746225269669, ""3"": 0.0025896245597151523, ""4"": 0.0031599863968434423, ""5"": 0.006211358094404546}"
control,200,p0.05,nan,1.0,6,0.05,9.950000000000001,9.645,3,19,1929,1929,1.6288936480071088,180,0.2131253851903149,0.004262507703806298,3.9262075299175176,17.493632454485752,2.001583335777555,3.3143561940531217,8,"{""0"": 0.00512280625805799, ""1"": 0.005690279862056675, ""2"": 0.0033392353998772683, ""3"": 0.0025843065372639037, ""4"": 0.0025954128714072025, ""5"": 0.006243005294174753}"
control,200,p0.05,nan,1.0,6,0.05,9.950000000000001,9.645,3,19,1929,1929,1.6288936480071088,190,0.21446970783954558,0.004289394156790912,5.032052625681235,17.562808917445885,1.997491288761719,3.2971082300284,8,"{""0"": 0.0046971155795482175, ""1"": 0.005740964263760198, ""2"": 0.003409839901205962, ""3"": 0.0024252929092438355, ""4"": 0.0026098608667954036, ""5"": 0.006853291420191854}"
control,200,p0.05,nan,1.0,6,0.05,9.950000000000001,9.645,3,19,1929,1929,1.6288936480071088,200,0.2145095407279849,0.0042901908145596985,4.546223730858179,17.610068300446233,1.9954964944886318,3.2798983142474856,8,"{""0"": 0.004573966161137318, ""1"": 0.0058193654414636165, ""2"": 0.0034242868432753587, ""3"": 0.002412419615162847, ""4"": 0.0023619004579634333, ""5"": 0.00714920636835562}"
control,200,p0.10,nan,1.0,6,0.1,19.900000000000002,19.865,11,31,3973,1929,1.5259065146384367,0,1.00905197754349,0.020181039550869806,nan,0.0,1.5259065146384367,6.447727661462857,12,"{""0"": 0.02292527654338982, ""1"": 0.018162952713886366, ""2"": 0.01837866857730142, ""3"": 0.01885300614450581, ""4"": 0.022633509592074424, ""5"": 0.02013282373406099}"
control,200,p0.10,nan,1.0,6,0.1,19.900000000000002,19.865,11,31,3973,1929,1.5259065146384367,10,1.0310247217584456,0.020620494435168914,12.075794871996715,13.810499733054879,2.074506830850712,3.1021346774949086,10,"{""0"": 0.009274832148927463, ""1"": 0.024952385002564782, ""2"": 0.017789917624313, ""3"": 0.00781408677163503, ""4"": 0.03433026869827915, ""5"": 0.029561476365294104}"
control,200,p0.10,nan,1.0,6,0.1,19.900000000000002,19.865,11,31,3973,1929,1.5259065146384367,20,0.9260969170784165,0.01852193834156833,16.58763979516584,14.650097215542255,1.9937891693396297,3.7600559578769266,12,"{""0"": 0.019609829271609168, ""1"": 0.01381693530974205, ""2"": 0.017877892577043666, ""3"": 0.007825675070425933, ""4"": 0.026493923397032992, ""5"": 0.025507374423556172}"
control,200,p0.10,nan,1.0,6,0.1,19.900000000000002,19.865,11,31,3973,1929,1.5259065146384367,30,0.8789357855663038,0.017578715711326076,6.214809547809858,15.091352982633303,2.0173389273096562,3.559355934531739,13,"{""0"": 0.026832410270875524, ""1"": 0.012180240534985039, ""2"": 0.017372599153610568, ""3"": 0.008216462947833118, ""4"": 0.027573877261128883, ""5"": 0.013296704099523337}"
control,200,p0.10,nan,1.0,6,0.1,19.900000000000002,19.865,11,31,3973,1929,1.5259065146384367,40,0.8625110238250088,0.01725022047650018,6.71095547754715,15.431936900081437,1.9937100267198373,4.017591379991432,13,"{""0"": 0.021233099120126216, ""1"": 0.013693746246342526, ""2"": 0.017748652882235767, ""3"": 0.007836465941547356, ""4"": 0.030077216447312333, ""5"": 0.012912142221436884}"
control,200,p0.10,nan,1.0,6,0.1,19.900000000000002,19.865,11,31,3973,1929,1.5259065146384367,50,0.8314567875357918,0.01662913575071584,9.840533897119457,15.711293433417936,2.0033303731033056,3.953429364820199,13,"{""0"": 0.01959648828336239, ""1"": 0.013703934353793546, ""2"": 0.01751963783169177, ""3"": 0.00812855680534413, ""4"": 0.029368937986952455, ""5"": 0.011457259243150737}"
control,200,p0.10,nan,1.0,6,0.1,19.900000000000002,19.865,11,31,3973,1929,1.5259065146384367,60,0.6199018381014644,0.01239803676202929,39.26128815791303,15.926724302596618,1.975203714726991,3.881281758432687,13,"{""0"": 0.00663939322318331, ""1"": 0.010345028643860651, ""2"": 0.017052060779541002, ""3"": 0.009015257985583686, ""4"": 0.019802831202705644, ""5"": 0.011533648737301432}"
control,200,p0.10,nan,1.0,6,0.1,19.900000000000002,19.865,11,31,3973,1929,1.5259065146384367,70,0.5806172206871676,0.011612344413743354,6.218035083846956,16.035856167449488,1.9923568486520764,3.6506918765966256,13,"{""0"": 0.005580377654634661, ""1"": 0.011378124262982599, ""2"": 0.016355206430516623, ""3"": 0.008366268153544524, ""4"": 0.019602169504591656, ""5"": 0.008391920476190067}"
control,200,p0.10,nan,1.0,6,0.1,19.900000000000002,19.865,11,31,3973,1929,1.5259065146384367,80,0.5221585176341988,0.010443170352683979,13.169405520880158,16.262453965553707,1.9892871027951098,3.7174918271394515,13,"{""0"": 0.004636519354676473, ""1"": 0.011267858035557543, ""2"": 0.012566785222651648, ""3"": 0.006818181586968494, ""4"": 0.01788899186071205, ""5"": 0.009480686055537677}"
control,200,p0.10,nan,1.0,6,0.1,19.900000000000002,19.865,11,31,3973,1929,1.5259065146384367,90,0.4773181038757508,0.009546362077515018,12.41774740978395,16.344479627655186,2.000411153169631,3.5807682184375627,13,"{""0"": 0.003815663345025927, ""1"": 0.012884680842464922, ""2"": 0.011707097612571521, ""3"": 0.00525679687468295, ""4"": 0.014266177678433658, ""5"": 0.009347756111911127}"
control,200,p0.10,nan,1.0,6,0.1,19.900000000000002,19.865,11,31,3973,1929,1.5259065146384367,100,0.4051104550068351,0.008102209100136704,15.100474407126528,16.504310124889837,1.974255781123548,3.6597283839561134,13,"{""0"": 0.00362145673919593, ""1"": 0.01153312126619944, ""2"": 0.010956519355814797, ""3"": 0.004705060172174663, ""4"": 0.009113493150342416, ""5"": 0.00868360391709297}"
control,200,p0.10,nan,1.0,6,0.1,19.900000000000002,19.865,11,31,3973,1929,1.5259065146384367,110,0.4007271423923726,0.008014542847847453,4.473939448910332,16.607515899176494,1.99339037241036,3.6261875028391435,13,"{""0"": 0.003175522884616305, ""1"": 0.011342549970139316, ""2"": 0.010952412009591187, ""3"": 0.00451762861890096, ""4"": 0.009490328751856904, ""5"": 0.008608814851980052}"
control,200,p0.10,nan,1.0,6,0.1,19.900000000000002,19.865,11,31,3973,1929,1.5259065146384367,120,0.35861903673483647,0.0071723807346967304,2.3139590174942506,16.757910549058924,2.009504815647477,3.7441867625941443,13,"{""0"": 0.0035554827247446068, ""1"": 0.010130412313432232, ""2"": 0.009674232509817606, ""3"": 0.005273248840456631, ""4"": 0.00680864237797788, ""5"": 0.007592265641751422}"
control,200,p0.10,nan,1.0,6,0.1,19.900000000000002,19.865,11,31,3973,1929,1.5259065146384367,130,0.33707293114911746,0.00674145862298235,2.1094593705156113,16.839208042088348,2.0143721222790543,3.766980443877538,13,"{""0"": 0.0031148397942283627, ""1"": 0.00959487667998791, ""2"": 0.010085187644134802, ""3"": 0.0044050568660696215, ""4"": 0.004754057332050383, ""5"": 0.00849473342142303}"
control,200,p0.10,nan,1.0,6,0.1,19.900000000000002,19.865,11,31,3973,1929,1.5259065146384367,140,0.31506908351714336,0.006301381670342868,2.7374888727022526,16.871497006450838,2.0221814596078693,3.8418529112955335,13,"{""0"": 0.0033047892165552276, ""1"": 0.007717706162324002, ""2"": 0.01015529433869636, ""3"": 0.004127898163218799, ""4"": 0.0035702727027538475, ""5"": 0.008932329438508968}"
control,200,p0.10,nan,1.0,6,0.1,19.900000000000002,19.865,11,31,3973,1929,1.5259065146384367,150,0.3026774857969602,0.006053549715939205,3.4156073408416336,16.88628347888501,2.025110953441621,3.8179875321643246,13,"{""0"": 0.0032554047150030047, ""1"": 0.007170915110157094, ""2"": 0.009920442725327697, ""3"": 0.004149192976334951, ""4"": 0.00358771626950635, ""5"": 0.008237626499306133}"
control,200,p0.10,nan,1.0,6,0.1,19.900000000000002,19.865,11,31,3973,1929,1.5259065146384367,160,0.289302787072926,0.0057860557414585205,2.625774076791542,16.999025716539236,2.027639231501879,3.8700886477086054,13,"{""0"": 0.0034728929699010813, ""1"": 0.006718265908814418, ""2"": 0.00973181965545536, ""3"": 0.004385526302006672, ""4"": 0.0030052173249407754, ""5"": 0.007402612287632814}"
control,200,p0.10,nan,1.0,6,0.1,19.900000000000002,19.865,11,31,3973,1929,1.5259065146384367,170,0.2838686168319737,0.005677372336639474,2.5693557641732987,17.009824651632314,2.014384433870079,3.8488697608096,13,"{""0"": 0.0032306179484714536, ""1"": 0.007460525625125636, ""2"": 0.009714334601771343, ""3"": 0.004089644166560116, ""4"": 0.00300353014131794, ""5"": 0.006565581536590359}"
control,200,p0.10,nan,1.0,6,0.1,19.900000000000002,19.865,11,31,3973,1929,1.5259065146384367,180,0.2815881076781234,0.005631762153562469,9.60929105475415,17.046248736010604,2.0224391703079583,3.8763739485952207,13,"{""0"": 0.003234794821008051, ""1"": 0.007631450436799733, ""2"": 0.009278782579240932, ""3"": 0.00399214353816334, ""4"": 0.0027373041153019757, ""5"": 0.006916097430860783}"
control,200,p0.10,nan,1.0,6,0.1,19.900000000000002,19.865,11,31,3973,1929,1.5259065146384367,190,0.2911482381578417,0.0058229647631568345,2.300416966778369,17.123131048292713,2.016362731433731,3.863713264118061,13,"{""0"": 0.0030460632628061713, ""1"": 0.007412519175995685, ""2"": 0.010266692891515777, ""3"": 0.0037258326049048962, ""4"": 0.002719293638841912, ""5"": 0.007767387004876565}"
control,200,p0.10,nan,1.0,6,0.1,19.900000000000002,19.865,11,31,3973,1929,1.5259065146384367,200,0.2922797305921685,0.00584559461184337,3.1191561268340693,17.205894472814123,2.0321408467098077,3.9016225418697026,13,"{""0"": 0.0030603897563668127, ""1"": 0.007207852869508322, ""2"": 0.010298705093220487, ""3"": 0.003743904710525967, ""4"": 0.002579603438985157, ""5"": 0.008183111802453482}"
control,200,p0.20,nan,1.0,6,0.2,39.800000000000004,40.06,25,60,8012,1929,1.5080959098367905,0,0.9888105015782805,0.019776210031565614,nan,0.0,1.5080959098367905,6.344756265732125,14,"{""0"": 0.020100211658130147, ""1"": 0.02099418546796098, ""2"": 0.019900212135677456, ""3"": 0.019139849899501953, ""4"": 0.020108045167283393, ""5"": 0.018414755860839748}"
control,200,p0.20,nan,1.0,6,0.2,39.800000000000004,40.06,25,60,8012,1929,1.5080959098367905,10,0.7627241255163615,0.015254482510327232,8.629617811878074,13.728082588344769,2.0176399088790964,4.152669541917738,11,"{""0"": 0.011128141369417545, ""1"": 0.01676277889011384, ""2"": 0.012963020204007133, ""3"": 0.012234746154951112, ""4"": 0.019608297550806487, ""5"": 0.01882991089266727}"
control,200,p0.20,nan,1.0,6,0.2,39.800000000000004,40.06,25,60,8012,1929,1.5080959098367905,20,0.9026296009801561,0.018052592019603124,17.513879114925725,15.514309626767767,2.0706093078429975,4.306374848123975,12,"{""0"": 0.009647160434476238, ""1"": 0.007216781861086258, ""2"": 0.019955772343361933, ""3"": 0.02138736206151658, ""4"": 0.03631499662259187, ""5"": 0.013793478794585862}"
control,200,p0.20,nan,1.0,6,0.2,39.800000000000004,40.06,25,60,8012,1929,1.5080959098367905,30,0.7204028987627223,0.014408057975254449,2.5060945964101418,15.746921944882624,2.0876509735804065,4.232969318089449,13,"{""0"": 0.008051583068555631, ""1"": 0.006988660226776164, ""2"": 0.017291142004856746, ""3"": 0.016004837750248045, ""4"": 0.029749213244574375, ""5"": 0.00836291155651573}"
control,200,p0.20,nan,1.0,6,0.2,39.800000000000004,40.06,25,60,8012,1929,1.5080959098367905,40,0.7380530773910299,0.014761061547820599,8.535489514000561,15.74691445093027,2.0353355999242404,4.105210941933348,12,"{""0"": 0.006178752717432968, ""1"": 0.008035003676088991, ""2"": 0.016839782820952158, ""3"": 0.013284585691548851, ""4"": 0.03609506349325377, ""5"": 0.008133180887646852}"
control,200,p0.20,nan,1.0,6,0.2,39.800000000000004,40.06,25,60,8012,1929,1.5080959098367905,50,0.5905519398137006,0.011811038796274013,40.42648061534002,15.779790406988441,2.0539273798727073,4.006283428811306,12,"{""0"": 0.005999601789258797, ""1"": 0.0073549130489199335, ""2"": 0.011168618497088806, ""3"": 0.010750941773052466, ""4"": 0.026912946436895957, ""5"": 0.008679211232428128}"
control,200,p0.20,nan,1.0,6,0.2,39.800000000000004,40.06,25,60,8012,1929,1.5080959098367905,60,0.5758766723493383,0.011517533446986765,22.173363152923013,15.904276413590527,2.0940458590495163,3.882457124873497,11,"{""0"": 0.00720174963807702, ""1"": 0.005539093458621354, ""2"": 0.011163939088847403, ""3"": 0.009758385797167576, ""4"": 0.025426794499151462, ""5"": 0.010015238200055784}"
control,200,p0.20,nan,1.0,6,0.2,39.800000000000004,40.06,25,60,8012,1929,1.5080959098367905,70,0.5132862668180665,0.010265725336361331,1.508121743124739,15.97899901154883,2.0696370524901364,4.068244885890497,12,"{""0"": 0.007997887750301516, ""1"": 0.006537165346924929, ""2"": 0.009698449034714738, ""3"": 0.011147978581462912, ""4"": 0.016809466037136088, ""5"": 0.009403405267627804}"
control,200,p0.20,nan,1.0,6,0.2,39.800000000000004,40.06,25,60,8012,1929,1.5080959098367905,80,0.4587009997761819,0.00917401999552364,9.36640119051694,16.00026165800017,2.0554346769689156,4.202326160724259,12,"{""0"": 0.006300958911313713, ""1"": 0.007094351985611008, ""2"": 0.012792057401233408, ""3"": 0.00724369922525228, ""4"": 0.014427468366832208, ""5"": 0.007185584082899226}"
control,200,p0.20,nan,1.0,6,0.2,39.800000000000004,40.06,25,60,8012,1929,1.5080959098367905,90,0.46675832832828174,0.009335166566565637,36.567662110164875,15.937635868771387,2.094090445809556,4.07823720051258,12,"{""0"": 0.005398850972174857, ""1"": 0.008419753161346478, ""2"": 0.013385992993525875, ""3"": 0.005619375260482523, ""4"": 0.015866196589451237, ""5"": 0.0073208304224128395}"
control,200,p0.20,nan,1.0,6,0.2,39.800000000000004,40.06,25,60,8012,1929,1.5080959098367905,100,0.4855788105326293,0.009711576210652587,11.463491554736777,16.097330587104462,2.088777642847093,3.814964349758278,11,"{""0"": 0.006258278461477117, ""1"": 0.008622811977944225, ""2"": 0.017009886065940588, ""3"": 0.005192588756613116, ""4"": 0.016334540220134607, ""5"": 0.004851351781805869}"
control,200,p0.20,nan,1.0,6,0.2,39.800000000000004,40.06,25,60,8012,1929,1.5080959098367905,110,0.4744947227532107,0.009489894455064214,1.3940586628597582,16.05580128017232,2.0847252091008577,3.8641620186591976,11,"{""0"": 0.005436386165811058, ""1"": 0.008187820965609386, ""2"": 0.01592172783784703, ""3"": 0.005458469785843216, ""4"": 0.01711560578018239, ""5"": 0.0048193561950922005}"
control,200,p0.20,nan,1.0,6,0.2,39.800000000000004,40.06,25,60,8012,1929,1.5080959098367905,120,0.4629541836201757,0.009259083672403516,1.4496353420722174,16.123125161199198,2.0984611264335937,3.83069470437182,11,"{""0"": 0.005789656345982374, ""1"": 0.007913628792596916, ""2"": 0.014398863821729765, ""3"": 0.005679735545343037, ""4"": 0.016982660726044502, ""5"": 0.004789956802724495}"
control,200,p0.20,nan,1.0,6,0.2,39.800000000000004,40.06,25,60,8012,1929,1.5080959098367905,130,0.46003050988540173,0.009200610197708035,5.7454417642849505,16.176647611940464,2.092172568392355,3.8300286568471416,11,"{""0"": 0.0054693857095892496, ""1"": 0.00775251857386537, ""2"": 0.014085544989343663, ""3"": 0.004929585408752017, ""4"": 0.01766997008888978, ""5"": 0.005296656415808137}"
control,200,p0.20,nan,1.0,6,0.2,39.800000000000004,40.06,25,60,8012,1929,1.5080959098367905,140,0.47349231502694095,0.00946984630053882,8.021827076961653,16.247969927858282,2.1013061465902045,3.8573755073062577,11,"{""0"": 0.005500508525963106, ""1"": 0.007378385831553917, ""2"": 0.014492345217300329, ""3"": 0.0057857933809442276, ""4"": 0.018354743259964047, ""5"": 0.005307301587507293}"
control,200,p0.20,nan,1.0,6,0.2,39.800000000000004,40.06,25,60,8012,1929,1.5080959098367905,150,0.46553975689073634,0.009310795137814729,52.93401046236886,16.332073571151398,2.082731253336899,3.8320913432011947,11,"{""0"": 0.005478959820212624, ""1"": 0.007688860704547842, ""2"": 0.013785342176124621, ""3"": 0.006442331195974546, ""4"": 0.017387536182674183, ""5"": 0.005081740747354543}"
control,200,p0.20,nan,1.0,6,0.2,39.800000000000004,40.06,25,60,8012,1929,1.5080959098367905,160,0.48230649668335485,0.009646129933667098,5.160257054006785,16.416631564749583,2.093003931827311,3.8361772332510133,11,"{""0"": 0.005999931222366429, ""1"": 0.007276394954522711, ""2"": 0.014933117189813392, ""3"": 0.007157920733022537, ""4"": 0.017711847362764946, ""5"": 0.004797568139512572}"
control,200,p0.20,nan,1.0,6,0.2,39.800000000000004,40.06,25,60,8012,1929,1.5080959098367905,170,0.47777282646631647,0.009555456529326331,1.3998738112658504,16.517141914050345,2.09414340958112,3.834968003991651,11,"{""0"": 0.0055475537994070095, ""1"": 0.007312725799737151, ""2"": 0.014718864654786442, ""3"": 0.00711963641510006, ""4"": 0.01742682382048793, ""5"": 0.0052071346864393945}"
control,200,p0.20,nan,1.0,6,0.2,39.800000000000004,40.06,25,60,8012,1929,1.5080959098367905,180,0.492150240995528,0.009843004819910562,4.87178486849147,16.58100884520018,2.102374630346616,3.7961124817482945,11,"{""0"": 0.005489059903969801, ""1"": 0.007647184225782857, ""2"": 0.01589657921710077, ""3"": 0.007135795827927907, ""4"": 0.01809613260346623, ""5"": 0.004793277141215807}"
control,200,p0.20,nan,1.0,6,0.2,39.800000000000004,40.06,25,60,8012,1929,1.5080959098367905,190,0.5035050238231553,0.010070100476463109,25.696005863029097,16.64713669404381,2.1015943124575944,3.8182672447953565,11,"{""0"": 0.005337080829055972, ""1"": 0.007509010790029562, ""2"": 0.01705183259561362, ""3"": 0.007231031871222422, ""4"": 0.018135245354338803, ""5"": 0.005156401418518271}"
control,200,p0.20,nan,1.0,6,0.2,39.800000000000004,40.06,25,60,8012,1929,1.5080959098367905,200,0.5085592296846819,0.01017118459369364,2.8272680902319625,16.695944669555352,2.1037409172296453,3.798249327370176,11,"{""0"": 0.005318520387915499, ""1"": 0.0075237496490926205, ""2"": 0.017049641942504773, ""3"": 0.007458041803343968, ""4"": 0.018306123329504077, ""5"": 0.005371030449800898}"
control,200,p0.40,nan,1.0,6,0.4,79.60000000000001,80.155,59,98,16031,1929,1.578782309788662,0,0.9671687957772023,0.01934337591554405,nan,0.0,1.578782309788662,5.896486072001465,13,"{""0"": 0.01928380622971087, ""1"": 0.02053989424258399, ""2"": 0.018875809051220837, ""3"": 0.01966896259210747, ""4"": 0.019192372425670196, ""5"": 0.018499410951970937}"
control,200,p0.40,nan,1.0,6,0.4,79.60000000000001,80.155,59,98,16031,1929,1.578782309788662,10,0.5211661018698027,0.010423322037396055,4.7052943009127715,12.90026631546841,2.181197704997166,2.8025009751750516,7,"{""0"": 0.012475120196314473, ""1"": 0.00396054125196773, ""2"": 0.021812221379426577, ""3"": 0.004178737932439921, ""4"": 0.00832377365543804, ""5"": 0.011789537808789594}"
control,200,p0.40,nan,1.0,6,0.4,79.60000000000001,80.155,59,98,16031,1929,1.578782309788662,20,0.5493479915083981,0.010986959830167963,34.39485686761905,14.079039700595972,2.316545861956118,3.228623834409186,8,"{""0"": 0.01622050041053017, ""1"": 0.003818121155703917, ""2"": 0.022479564238238752, ""3"": 0.005927349203844138, ""4"": 0.012666585376721185, ""5"": 0.00480963859596961}"
control,200,p0.40,nan,1.0,6,0.4,79.60000000000001,80.155,59,98,16031,1929,1.578782309788662,30,0.3789227241169195,0.007578454482338391,1.1128711760409362,14.879448959526968,2.2439603916192112,3.260276192549966,8,"{""0"": 0.009900707824936756, ""1"": 0.0051777915192195555, ""2"": 0.011416641525132606, ""3"": 0.0029504759409258426, ""4"": 0.014416228455103864, ""5"": 0.0016088816287117176}"
control,200,p0.40,nan,1.0,6,0.4,79.60000000000001,80.155,59,98,16031,1929,1.578782309788662,40,0.32684122969973495,0.0065368245939947,2.8281162346363633,15.290436830117896,2.2449046456056854,3.14610286814039,7,"{""0"": 0.00664589309789154, ""1"": 0.004917937043165553, ""2"": 0.008054438525084908, ""3"": 0.0021983040010047435, ""4"": 0.015339216710978643, ""5"": 0.0020651581858428074}"
control,200,p0.40,nan,1.0,6,0.4,79.60000000000001,80.155,59,98,16031,1929,1.578782309788662,50,0.32356961998283057,0.006471392399656612,21.69029673621104,15.471685118355628,2.2393538890904767,3.1630768346099014,7,"{""0"": 0.00632922249204389, ""1"": 0.0040188035740864585, ""2"": 0.008064481205113438, ""3"": 0.0017847705511416152, ""4"": 0.01576371930994542, ""5"": 0.0028673572656088544}"
control,200,p0.40,nan,1.0,6,0.4,79.60000000000001,80.155,59,98,16031,1929,1.578782309788662,60,0.33593620053126644,0.00671872401062533,38.8292228579628,15.606929027838687,2.2247266301484077,3.1674441196759044,8,"{""0"": 0.006065499872270823, ""1"": 0.003477817622152073, ""2"": 0.010460589232375753, ""3"": 0.0016548661667241137, ""4"": 0.0161644091104237, ""5"": 0.002489162059805516}"
control,200,p0.40,nan,1.0,6,0.4,79.60000000000001,80.155,59,98,16031,1929,1.578782309788662,70,0.3391157940200635,0.006782315880401271,2.7046710868167287,15.673199768371004,2.221749831159251,3.2384215271352907,8,"{""0"": 0.006187765125253755, ""1"": 0.0037578211819896622, ""2"": 0.010673469478244681, ""3"": 0.001611960638300414, ""4"": 0.01622005570831508, ""5"": 0.0022428231503040298}"
control,200,p0.40,nan,1.0,6,0.4,79.60000000000001,80.155,59,98,16031,1929,1.578782309788662,80,0.34009984476874494,0.0068019968953749,1.0887265801167751,15.773945606995584,2.229152129529953,3.2087867660421456,8,"{""0"": 0.006566324721645955, ""1"": 0.0030550819070976182, ""2"": 0.011042262571573347, ""3"": 0.0018157228073389024, ""4"": 0.015480280318053158, ""5"": 0.0028523090465404173}"
control,200,p0.40,nan,1.0,6,0.4,79.60000000000001,80.155,59,98,16031,1929,1.578782309788662,90,0.3256127967434388,0.006512255934868777,54.74911935704992,15.763248381166337,2.209692255877375,3.230318867080328,8,"{""0"": 0.005728085053325706, ""1"": 0.0032920671123885326, ""2"": 0.010742668612650564, ""3"": 0.0017899958217700393, ""4"": 0.015830105539883985, ""5"": 0.00169061346919384}"
control,200,p0.40,nan,1.0,6,0.4,79.60000000000001,80.155,59,98,16031,1929,1.578782309788662,100,0.3175085197652411,0.006350170395304823,2.315738248982927,15.851197084092034,2.220201794510233,3.252714694554237,8,"{""0"": 0.005914577566642364, ""1"": 0.0032223580705074335, ""2"": 0.010452557429896436, ""3"": 0.0018076948159580458, ""4"": 0.015050136927389466, ""5"": 0.0016536975614351984}"
control,200,p0.40,nan,1.0,6,0.4,79.60000000000001,80.155,59,98,16031,1929,1.578782309788662,110,0.3337544667744337,0.0066750893354886745,15.396350843019325,15.862227858899836,2.220584591503975,3.2603129774187414,8,"{""0"": 0.006080681605782967, ""1"": 0.003627288453688267, ""2"": 0.012736517982693079, ""3"": 0.0016637339024516984, ""4"": 0.014600989687657773, ""5"": 0.0013413243806582578}"
control,200,p0.40,nan,1.0,6,0.4,79.60000000000001,80.155,59,98,16031,1929,1.578782309788662,120,0.32856377620581034,0.006571275524116208,1.337651446186909,15.912582046961246,2.187050405955916,3.2644537230756394,8,"{""0"": 0.004978315727259452, ""1"": 0.003488488714588335, ""2"": 0.012923873862621931, ""3"": 0.0018318323095712068, ""4"": 0.0145549990540837, ""5"": 0.0016501434765726225}"
control,200,p0.40,nan,1.0,6,0.4,79.60000000000001,80.155,59,98,16031,1929,1.578782309788662,130,0.339641284990439,0.006792825699808781,6.126524259272764,15.895538142875775,2.1502671833648725,3.2332480466942144,8,"{""0"": 0.004269327553902121, ""1"": 0.003628373888224224, ""2"": 0.014895919358700946, ""3"": 0.0017306936312255004, ""4"": 0.014540724855499069, ""5"": 0.001691914911300825}"
control,200,p0.40,nan,1.0,6,0.4,79.60000000000001,80.155,59,98,16031,1929,1.578782309788662,140,0.34537914092888417,0.006907582818577684,17.934555714326077,15.921966134577348,2.150923639156387,3.229499380082472,9,"{""0"": 0.004191826898419293, ""1"": 0.003307339691301208, ""2"": 0.016083981274431662, ""3"": 0.001795575666085053, ""4"": 0.014092679153750638, ""5"": 0.001974094227478247}"
control,200,p0.40,nan,1.0,6,0.4,79.60000000000001,80.155,59,98,16031,1929,1.578782309788662,150,0.3541508644326017,0.007083017288652034,8.066274002525736,15.942577344650527,2.1564267773285786,3.2251524295779443,8,"{""0"": 0.004697308650852858, ""1"": 0.003108844425824568, ""2"": 0.017361352125675227, ""3"": 0.001915912498770201, ""4"": 0.013803301147013997, ""5"": 0.0016113848837753526}"
control,200,p0.40,nan,1.0,6,0.4,79.60000000000001,80.155,59,98,16031,1929,1.578782309788662,160,0.3561604356620438,0.007123208713240877,5.709084998781527,15.949086031329413,2.204973138508739,3.254412605508338,8,"{""0"": 0.0054284049496328745, ""1"": 0.00285989888006108, ""2"": 0.01754538095857804, ""3"": 0.0021674564151821377, ""4"": 0.0132751791694326, ""5"": 0.001462931906558528}"
control,200,p0.40,nan,1.0,6,0.4,79.60000000000001,80.155,59,98,16031,1929,1.578782309788662,170,0.3564326175734166,0.007128652351468333,0.818329367000518,15.948236139983901,2.212245045606769,3.2302397597762185,8,"{""0"": 0.005072274846765068, ""1"": 0.0029964364213570767, ""2"": 0.017932180577483452, ""3"": 0.002006143607863945, ""4"": 0.013276604165973557, ""5"": 0.001488274489366893}"
control,200,p0.40,nan,1.0,6,0.4,79.60000000000001,80.155,59,98,16031,1929,1.578782309788662,180,0.34087643503681764,0.006817528700736354,0.6746551330721045,16.001359353770614,2.2359574189322404,3.2630828916750136,8,"{""0"": 0.0050284706452703495, ""1"": 0.0029475511521176844, ""2"": 0.016392440153125333, ""3"": 0.0021641455575388143, ""4"": 0.013074150651112944, ""5"": 0.0012984140452530011}"
control,200,p0.40,nan,1.0,6,0.4,79.60000000000001,80.155,59,98,16031,1929,1.578782309788662,190,0.345683826646088,0.00691367653292176,22.777595415517165,16.07572222761283,2.2286254521075324,3.257228381312678,8,"{""0"": 0.0051321494986657935, ""1"": 0.002733019406321139, ""2"": 0.0173042090535492, ""3"": 0.0020862728749560778, ""4"": 0.01300391305877312, ""5"": 0.0012224953052652268}"
control,200,p0.40,nan,1.0,6,0.4,79.60000000000001,80.155,59,98,16031,1929,1.578782309788662,200,0.3410259817855765,0.006820519635711531,1.8940536958324232,16.141699753962538,2.2316771733647043,3.271838191069337,8,"{""0"": 0.005221064648825424, ""1"": 0.002697956168309275, ""2"": 0.016562282261231385, ""3"": 0.0020975557935266967, ""4"": 0.013118872906947729, ""5"": 0.0012253860354286784}"
control,200,p0.05,nan,1.0,7,0.05,9.950000000000001,9.81,0,19,1962,1962,1.4770066984621855,0,1.0244906414802457,0.020489812829604916,nan,0.0,1.4770066984621855,5.963283485494877,12,"{""0"": 0.02060026471051805, ""1"": 0.018985712838809753, ""2"": 0.024199824857126438, ""3"": 0.019410386408741452, ""4"": 0.018164459294674373, ""5"": 0.02157822886775943}"
control,200,p0.05,nan,1.0,7,0.05,9.950000000000001,9.81,0,19,1962,1962,1.4770066984621855,10,1.1635658336593089,0.023271316673186184,2.9998860120677073,14.831671286661692,1.9322375337697766,3.4394930684173715,10,"{""0"": 0.0253640226109891, ""1"": 0.03725248287309679, ""2"": 0.005144950580200045, ""3"": 0.023398438222856647, ""4"": 0.04259242326427189, ""5"": 0.005875582487702623}"
control,200,p0.05,nan,1.0,7,0.05,9.950000000000001,9.81,0,19,1962,1962,1.4770066984621855,20,0.8964281422662541,0.017928562845325083,16.3420618385905,15.49833697375386,1.9355920918316398,4.255666152390314,12,"{""0"": 0.007837859057235221, ""1"": 0.047857894302454476, ""2"": 0.007548392162778092, ""3"": 0.018538373762675548, ""4"": 0.010643271768729548, ""5"": 0.015145586018077611}"
control,200,p0.05,nan,1.0,7,0.05,9.950000000000001,9.81,0,19,1962,1962,1.4770066984621855,30,0.6178904912919762,0.012357809825839526,13.349157894330691,15.888565343083231,2.0171029617483516,4.494934372167213,12,"{""0"": 0.007926146807991287, ""1"": 0.01934934588702446, ""2"": 0.006117719972872415, ""3"": 0.02114238800470424, ""4"": 0.011537854607844324, ""5"": 0.008073403674600431}"
control,200,p0.05,nan,1.0,7,0.05,9.950000000000001,9.81,0,19,1962,1962,1.4770066984621855,40,0.5692505364727778,0.011385010729455558,10.224677756686173,16.44201092875639,2.020534661839375,3.9775051148646647,12,"{""0"": 0.005881356452127058, ""1"": 0.01763125436547569, ""2"": 0.007110349083531762, ""3"": 0.02254675971775854, ""4"": 0.009097359704034944, ""5"": 0.006042985053805366}"
control,200,p0.05,nan,1.0,7,0.05,9.950000000000001,9.81,0,19,1962,1962,1.4770066984621855,50,0.5271733305920235,0.010543466611840472,4.38452088298868,16.722114494302293,2.043377072908678,4.268933378947745,12,"{""0"": 0.004039699742234214, ""1"": 0.010153919090613292, ""2"": 0.010378980928515342, ""3"": 0.01901800808111999, ""4"": 0.015243755383080421, ""5"": 0.0044264364454795774}"
control,200,p0.05,nan,1.0,7,0.05,9.950000000000001,9.81,0,19,1962,1962,1.4770066984621855,60,0.5193994394945145,0.010387988789890291,5.788854642887107,16.904549754300977,2.056927248250895,3.7074896693291293,11,"{""0"": 0.0031439669229879307, ""1"": 0.01511180052018003, ""2"": 0.004094652612335901, ""3"": 0.021291177171340374, ""4"": 0.01467930153550367, ""5"": 0.004007033976993845}"
control,200,p0.05,nan,1.0,7,0.05,9.950000000000001,9.81,0,19,1962,1962,1.4770066984621855,70,0.43506832672976187,0.008701366534595238,38.97679437731813,17.120297413694257,2.063718126856845,3.9158452985670125,12,"{""0"": 0.0026307591513371853, ""1"": 0.008759842971793759, ""2"": 0.0035548341506541634, ""3"": 0.016626586747549025, ""4"": 0.01658461900109032, ""5"": 0.004051557185146976}"
control,200,p0.05,nan,1.0,7,0.05,9.950000000000001,9.81,0,19,1962,1962,1.4770066984621855,80,0.4360748084077454,0.008721496168154909,2.073914826356786,17.349333283362554,2.06620375514868,3.7041096428302547,11,"{""0"": 0.002304261206317775, ""1"": 0.009506650598442617, ""2"": 0.0030798008652469454, ""3"": 0.01695963109669578, ""4"": 0.016524533521596274, ""5"": 0.003954099720630059}"
control,200,p0.05,nan,1.0,7,0.05,9.950000000000001,9.81,0,19,1962,1962,1.4770066984621855,90,0.43803641378200486,0.008760728275640098,5.346195449454073,17.414286974782993,2.069331274063451,3.7428504241079934,11,"{""0"": 0.0029724640645760565, ""1"": 0.008124215822406813, ""2"": 0.0048164578400591625, ""3"": 0.01647000041717945, ""4"": 0.016220892560570802, ""5"": 0.0039603389490483025}"
control,200,p0.05,nan,1.0,7,0.05,9.950000000000001,9.81,0,19,1962,1962,1.4770066984621855,100,0.44629669026521623,0.008925933805304325,3.4543235687564757,17.597769894808664,2.077168305597775,3.7121336902626663,12,"{""0"": 0.0032946836002509194, ""1"": 0.00683450963034925, ""2"": 0.005858070423498162, ""3"": 0.01723274821122958, ""4"": 0.01639545415193682, ""5"": 0.003940136814561226}"
control,200,p0.05,nan,1.0,7,0.05,9.950000000000001,9.81,0,19,1962,1962,1.4770066984621855,110,0.4427409679912533,0.008854819359825067,11.46026347106456,17.85729618554206,2.085236704269207,3.657811213878723,12,"{""0"": 0.004258485739016709, ""1"": 0.005771993720094034, ""2"": 0.005383657060205252, ""3"": 0.01782332872826257, ""4"": 0.015526274618991993, ""5"": 0.004365176292379847}"
control,200,p0.05,nan,1.0,7,0.05,9.950000000000001,9.81,0,19,1962,1962,1.4770066984621855,120,0.4494247784783314,0.008988495569566629,5.898499778167621,17.970305932560937,2.093942949205773,3.456648469312471,11,"{""0"": 0.005813318766291308, ""1"": 0.005659415637403593, ""2"": 0.0037570097963586027, ""3"": 0.019398322880522414, ""4"": 0.014995272486566003, ""5"": 0.0043076338502578485}"
control,200,p0.05,nan,1.0,7,0.05,9.950000000000001,9.81,0,19,1962,1962,1.4770066984621855,130,0.4180590500481663,0.008361181000963327,4.213286791574666,18.12770885642841,2.093334556574575,3.642076304195222,12,"{""0"": 0.004700076954822168, ""1"": 0.005598599830506453, ""2"": 0.004131454927469995, ""3"": 0.021105749876031938, ""4"": 0.0104085204411678, ""5"": 0.004222683975781617}"
control,200,p0.05,nan,1.0,7,0.05,9.950000000000001,9.81,0,19,1962,1962,1.4770066984621855,140,0.4195992406892677,0.008391984813785355,3.414300640293071,18.281349150355645,2.097254732048092,3.6733784394818483,12,"{""0"": 0.005154850966921759, ""1"": 0.005388522318470875, ""2"": 0.0034174699904378366, ""3"": 0.02165906829541959, ""4"": 0.01067016556947038, ""5"": 0.004061831741991687}"
control,200,p0.05,nan,1.0,7,0.05,9.950000000000001,9.81,0,19,1962,1962,1.4770066984621855,150,0.4174880284846963,0.008349760569693927,3.98556742828124,18.476233864316686,2.1076358751938264,3.645012286984183,12,"{""0"": 0.004493737612664436, ""1"": 0.005261143761245576, ""2"": 0.0033108113285722483, ""3"": 0.022489874739138965, ""4"": 0.01050580657332048, ""5"": 0.004037189403221864}"
control,200,p0.05,nan,1.0,7,0.05,9.950000000000001,9.81,0,19,1962,1962,1.4770066984621855,160,0.4208171946997645,0.00841634389399529,4.048942012334534,18.513416836537225,2.1158057359037157,3.8628460998874568,12,"{""0"": 0.003531167512819158, ""1"": 0.005816117244994834, ""2"": 0.0035442921063591456, ""3"": 0.022631606809396205, ""4"": 0.010882259235079142, ""5"": 0.0040926204553232625}"
control,200,p0.05,nan,1.0,7,0.05,9.950000000000001,9.81,0,19,1962,1962,1.4770066984621855,170,0.4239171366324576,0.008478342732649153,2.814734627918353,18.64427547570508,2.124537948142124,3.8540254037402915,12,"{""0"": 0.003598732622827952, ""1"": 0.0058397874068583005, ""2"": 0.0032632200749317572, ""3"": 0.02315155030789337, ""4"": 0.011086294451653041, ""5"": 0.003930471531730498}"
control,200,p0.05,nan,1.0,7,0.05,9.950000000000001,9.81,0,19,1962,1962,1.4770066984621855,180,0.42553842411543014,0.008510768482308603,5.663582625028169,18.828525590499186,2.1294472535601754,3.8429282560636313,12,"{""0"": 0.003757909165461231, ""1"": 0.005000642508217421, ""2"": 0.003612864352330503, ""3"": 0.023774659357525284, ""4"": 0.010631191456169368, ""5"": 0.004287344054147813}"
control,200,p0.05,nan,1.0,7,0.05,9.950000000000001,9.81,0,19,1962,1962,1.4770066984621855,190,0.4571695116783508,0.009143390233567016,4.543531321110604,18.95225703829211,2.129192854307121,3.9846155506779475,12,"{""0"": 0.0035687734175272367, ""1"": 0.004954307495672633, ""2"": 0.007022668385514319, ""3"": 0.024310964734448787, ""4"": 0.010664850402216422, ""5"": 0.004338776966022714}"
control,200,p0.05,nan,1.0,7,0.05,9.950000000000001,9.81,0,19,1962,1962,1.4770066984621855,200,0.44982025835021294,0.00899640516700426,2.899195356247054,19.00605356019907,2.1390156118308368,4.010072976252368,12,"{""0"": 0.003357677555928108, ""1"": 0.005086673435207437, ""2"": 0.005864579369159367, ""3"": 0.024289310512134073, ""4"": 0.011111300950125422, ""5"": 0.004268889179471153}"
control,200,p0.10,nan,1.0,7,0.1,19.900000000000002,19.62,8,30,3924,1962,1.579374467960982,0,1.0449532229188299,0.0208990644583766,nan,0.0,1.579374467960982,7.189724566845599,14,"{""0"": 0.019838365113586203, ""1"": 0.021609509927562612, ""2"": 0.020892979149897, ""3"": 0.020930415692487752, ""4"": 0.02090879121094363, ""5"": 0.02121432565578239}"
control,200,p0.10,nan,1.0,7,0.1,19.900000000000002,19.62,8,30,3924,1962,1.579374467960982,10,0.9563526455918643,0.019127052911837288,14.661732841525605,13.891510692842848,1.9700293255647572,3.229075489014904,10,"{""0"": 0.03442423660282821, ""1"": 0.02592439078811859, ""2"": 0.009282017783531715, ""3"": 0.013739366628259014, ""4"": 0.02818669732043459, ""5"": 0.003205608347851604}"
control,200,p0.10,nan,1.0,7,0.1,19.900000000000002,19.62,8,30,3924,1962,1.579374467960982,20,0.9012567390717262,0.018025134781434526,18.85516106415157,14.862066472952213,1.90037792238017,3.803252715928469,11,"{""0"": 0.035279295438650674, ""1"": 0.014104854612186222, ""2"": 0.008984333583958901, ""3"": 0.017317397926891763, ""4"": 0.02369147507640458, ""5"": 0.008773452050515015}"
control,200,p0.10,nan,1.0,7,0.1,19.900000000000002,19.62,8,30,3924,1962,1.579374467960982,30,0.7329999780727586,0.014659999561455174,3.785521439356285,14.888049178687844,1.9123423419548238,2.8145472976054164,10,"{""0"": 0.02676233362822849, ""1"": 0.008042581484986915, ""2"": 0.0066749779252352134, ""3"": 0.020708542119727794, ""4"": 0.016810297187879138, ""5"": 0.00896126502267348}"
control,200,p0.10,nan,1.0,7,0.1,19.900000000000002,19.62,8,30,3924,1962,1.579374467960982,40,0.6218763407991235,0.01243752681598247,3.5855224964186507,15.174229992943326,1.9206786581981647,2.420366933670957,9,"{""0"": 0.01912096170727372, ""1"": 0.0068211789390869556, ""2"": 0.010116686433389286, ""3"": 0.0176230881947848, ""4"": 0.009960893855943502, ""5"": 0.010982351765416554}"
control,200,p0.10,nan,1.0,7,0.1,19.900000000000002,19.62,8,30,3924,1962,1.579374467960982,50,0.6650336750329527,0.013300673500659057,6.761412112177541,15.664901670940028,1.9389806897948818,2.879911198850024,9,"{""0"": 0.017064400210729525, ""1"": 0.009382987316074776, ""2"": 0.009874247730944094, ""3"": 0.018518899083408702, ""4"": 0.01495076020051532, ""5"": 0.010012746462281926}"
control,200,p0.10,nan,1.0,7,0.1,19.900000000000002,19.62,8,30,3924,1962,1.579374467960982,60,0.6672495552182656,0.013344991104365312,11.533980312875533,15.922105942149322,1.9066561970885607,2.7462298487981727,9,"{""0"": 0.02247548206739002, ""1"": 0.007948695944876696, ""2"": 0.008038259696643702, ""3"": 0.02293671047124788, ""4"": 0.00928066932985643, ""5"": 0.009390129116177164}"
control,200,p0.10,nan,1.0,7,0.1,19.900000000000002,19.62,8,30,3924,1962,1.579374467960982,70,0.6508190560401279,0.01301638112080256,4.177070932400336,16.232193267553203,1.9106427683054064,2.711359457790446,9,"{""0"": 0.020683809653940444, ""1"": 0.007693991290376527, ""2"": 0.007830343061385721, ""3"": 0.023409488527123424, ""4"": 0.009119209976857612, ""5"": 0.009361444215131628}"
control,200,p0.10,nan,1.0,7,0.1,19.900000000000002,19.62,8,30,3924,1962,1.579374467960982,80,0.6375971346323969,0.01275194269264794,29.92141051217443,16.50790607078473,1.9141795993963004,3.029664226978751,10,"{""0"": 0.019236630191793225, ""1"": 0.00877345698193028, ""2"": 0.007609855923724028, ""3"": 0.021738724458216348, ""4"": 0.01123136669530973, ""5"": 0.007921621904914015}"
control,200,p0.10,nan,1.0,7,0.1,19.900000000000002,19.62,8,30,3924,1962,1.579374467960982,90,0.6329205631149132,0.012658411262298264,9.01649572457516,16.778235393520422,1.9247112221465252,3.14630125688995,10,"{""0"": 0.018905011009579472, ""1"": 0.009812370033098417, ""2"": 0.008149343060432707, ""3"": 0.019964646443164286, ""4"": 0.011031033150722219, ""5"": 0.008088063876792485}"
control,200,p0.10,nan,1.0,7,0.1,19.900000000000002,19.62,8,30,3924,1962,1.579374467960982,100,0.5900461799584406,0.011800923599168813,2.7295203154793355,16.90360303191698,1.9274832059216207,3.0441443861150708,10,"{""0"": 0.018337349126303536, ""1"": 0.009334977168067997, ""2"": 0.008430829781212424, ""3"": 0.019026606130362462, ""4"": 0.0085245584997888, ""5"": 0.007151220889277661}"
control,200,p0.10,nan,1.0,7,0.1,19.900000000000002,19.62,8,30,3924,1962,1.579374467960982,110,0.5460982359284577,0.010921964718569157,3.484811468420846,16.925663032740353,1.9372614630046092,2.759457725672067,10,"{""0"": 0.01752125259700367, ""1"": 0.006876218663001804, ""2"": 0.009168819241758828, ""3"": 0.01853566643114803, ""4"": 0.006323196857440702, ""5"": 0.0071066345210619025}"
control,200,p0.10,nan,1.0,7,0.1,19.900000000000002,19.62,8,30,3924,1962,1.579374467960982,120,0.534871690738109,0.01069743381476218,3.169829096543203,17.194004628111042,1.9487219820882302,2.7485774885841705,9,"{""0"": 0.01721361398219813, ""1"": 0.006503161889616238, ""2"": 0.008913184605945637, ""3"": 0.018346658944799383, ""4"": 0.006503956299783881, ""5"": 0.006704027166229814}"
control,200,p0.10,nan,1.0,7,0.1,19.900000000000002,19.62,8,30,3924,1962,1.579374467960982,130,0.5150784001694514,0.01030156800338903,2.1463534168514276,17.32561190314634,1.955940230908956,2.768939920202826,9,"{""0"": 0.016709321447105536, ""1"": 0.006116100246694037, ""2"": 0.008812754683027061, ""3"": 0.018236321152891113, ""4"": 0.006739806622250851, ""5"": 0.005195103868365572}"
control,200,p0.10,nan,1.0,7,0.1,19.900000000000002,19.62,8,30,3924,1962,1.579374467960982,140,0.5143135131461748,0.010286270262923497,6.776984456031061,17.512026113739083,1.965663066214965,2.8889095777972043,9,"{""0"": 0.016850312103259314, ""1"": 0.00660211981622235, ""2"": 0.008340276740185202, ""3"": 0.018139828194427852, ""4"": 0.0074789241670748016, ""5"": 0.00430616055637147}"
control,200,p0.10,nan,1.0,7,0.1,19.900000000000002,19.62,8,30,3924,1962,1.579374467960982,150,0.5056870586151752,0.010113741172303506,2.742120462094291,17.67884561097669,1.9723553590435796,2.9178842640501115,9,"{""0"": 0.01667057027051603, ""1"": 0.0067362285788442385, ""2"": 0.008196815712165748, ""3"": 0.018087510602923247, ""4"": 0.007250148913316804, ""5"": 0.003741172956054968}"
control,200,p0.10,nan,1.0,7,0.1,19.900000000000002,19.62,8,30,3924,1962,1.579374467960982,160,0.4963749182527443,0.009927498365054887,2.923971541571166,17.86298392363587,1.9751210647930877,3.1500071529030835,10,"{""0"": 0.013585816457335559, ""1"": 0.007590361824374063, ""2"": 0.007751521674657158, ""3"": 0.018100395817418402, ""4"": 0.008690094584066244, ""5"": 0.003846799832477896}"
control,200,p0.10,nan,1.0,7,0.1,19.900000000000002,19.62,8,30,3924,1962,1.579374467960982,170,0.4975891782249885,0.00995178356449977,3.6723041227146354,18.022163159746665,1.9795233108637638,3.182968004094515,9,"{""0"": 0.013541402274917477, ""1"": 0.007729509227654379, ""2"": 0.007748689377476391, ""3"": 0.018204168998356796, ""4"": 0.008813953914047634, ""5"": 0.003672977594545946}"
control,200,p0.10,nan,1.0,7,0.1,19.900000000000002,19.62,8,30,3924,1962,1.579374467960982,180,0.47786209264624807,0.009557241852924963,12.808967421419416,18.103905794905316,1.9779638020171264,3.133848396216468,10,"{""0"": 0.012444202572387755, ""1"": 0.006651486144960067, ""2"": 0.008099847208474651, ""3"": 0.01770609583093246, ""4"": 0.007778248412175159, ""5"": 0.0046635709486196894}"
control,200,p0.10,nan,1.0,7,0.1,19.900000000000002,19.62,8,30,3924,1962,1.579374467960982,190,0.4571694296188002,0.009143388592376005,2.3613365521656116,18.139143876061024,1.9769016838292346,3.22520787560445,10,"{""0"": 0.011359607151244303, ""1"": 0.006685829531995933, ""2"": 0.007595913828115487, ""3"": 0.01671641118606595, ""4"": 0.0077890163868159935, ""5"": 0.00471355347001836}"
control,200,p0.10,nan,1.0,7,0.1,19.900000000000002,19.62,8,30,3924,1962,1.579374467960982,200,0.4392474317746592,0.008784948635493185,16.87454555570233,18.2562087333588,1.9796042350099183,3.369939797844236,10,"{""0"": 0.00949833412168057, ""1"": 0.006955460241660838, ""2"": 0.007574121908494944, ""3"": 0.015688451352847858, ""4"": 0.008223959943871373, ""5"": 0.00476936424440353}"
control,200,p0.20,nan,1.0,7,0.2,39.800000000000004,39.33,23,55,7866,1962,1.6185713768271706,0,0.9671595660899497,0.019343191321798996,nan,0.0,1.6185713768271706,6.023250080160993,13,"{""0"": 0.018406708441091345, ""1"": 0.0170209443917339, ""2"": 0.022734562145377144, ""3"": 0.022347663555866478, ""4"": 0.01676395870103444, ""5"": 0.018785310695690664}"
control,200,p0.20,nan,1.0,7,0.2,39.800000000000004,39.33,23,55,7866,1962,1.6185713768271706,10,0.7689924701177048,0.015379849402354097,2.5688654700019486,12.759227129655217,1.9618943440250003,2.2926284611706067,8,"{""0"": 0.005563647372896002, ""1"": 0.029982270117719163, ""2"": 0.006502910450659408, ""3"": 0.001990924643861706, ""4"": 0.026062697880138763, ""5"": 0.022176645948849553}"
control,200,p0.20,nan,1.0,7,0.2,39.800000000000004,39.33,23,55,7866,1962,1.6185713768271706,20,0.7212024549468001,0.014424049098936005,25.153082019004074,14.822136337054163,2.0063875475621957,3.000292873365354,11,"{""0"": 0.007158450748271809, ""1"": 0.03943614648549594, ""2"": 0.009914613043659995, ""3"": 0.006044664512986164, ""4"": 0.01466439212543473, ""5"": 0.00932602767776739}"
control,200,p0.20,nan,1.0,7,0.2,39.800000000000004,39.33,23,55,7866,1962,1.6185713768271706,30,0.5968634704225376,0.011937269408450754,10.990169216360389,14.850954758376876,1.949656553790464,3.292806349088139,11,"{""0"": 0.005064358413272492, ""1"": 0.02805458560407668, ""2"": 0.014214732791602763, ""3"": 0.0036582358972433128, ""4"": 0.01026273947703529, ""5"": 0.010368964267473977}"
control,200,p0.20,nan,1.0,7,0.2,39.800000000000004,39.33,23,55,7866,1962,1.6185713768271706,40,0.6797327325342539,0.01359465465068508,7.751744687967298,15.185303744329522,2.0115664671971127,3.756439490697245,12,"{""0"": 0.01573496888379327, ""1"": 0.028761958224005457, ""2"": 0.01421402532916248, ""3"": 0.00358261377793201, ""4"": 0.006587461309628497, ""5"": 0.012686900379588764}"
control,200,p0.20,nan,1.0,7,0.2,39.800000000000004,39.33,23,55,7866,1962,1.6185713768271706,50,0.6463305011130115,0.012926610022260232,26.452466294382926,15.051458477523784,1.9537897443322212,3.4965726884370865,11,"{""0"": 0.011902289274217822, ""1"": 0.02743089552331753, ""2"": 0.01346781135033474, ""3"": 0.0023741733249770395, ""4"": 0.010331565253165123, ""5"": 0.012052925407549127}"
control,200,p0.20,nan,1.0,7,0.2,39.800000000000004,39.33,23,55,7866,1962,1.6185713768271706,60,0.5052568821556751,0.010105137643113504,14.500519122171474,15.041790904032332,1.8987232010807418,2.622777737650031,10,"{""0"": 0.003361987559775356, ""1"": 0.022269886445748444, ""2"": 0.01179537614877156, ""3"": 0.002249514995116613, ""4"": 0.014367691947064411, ""5"": 0.006586368762204639}"
control,200,p0.20,nan,1.0,7,0.2,39.800000000000004,39.33,23,55,7866,1962,1.6185713768271706,70,0.47760086678564023,0.009552017335712806,32.58332479844925,15.012469861045934,1.8891267345075433,2.592817218244968,10,"{""0"": 0.0027709760239739366, ""1"": 0.0233769990198842, ""2"": 0.010075336792584665, ""3"": 0.0025143505245108426, ""4"": 0.013293709974274755, ""5"": 0.005280731679048431}"
control,200,p0.20,nan,1.0,7,0.2,39.800000000000004,39.33,23,55,7866,1962,1.6185713768271706,80,0.49267055653855757,0.009853411130771154,13.66057768073506,14.993444294924625,1.883363821175124,2.3511009925784294,9,"{""0"": 0.0027809003713310495, ""1"": 0.022738064118109785, ""2"": 0.009039041229244102, ""3"": 0.0025431285430068127, ""4"": 0.016134296317755207, ""5"": 0.005885036205179964}"
control,200,p0.20,nan,1.0,7,0.2,39.800000000000004,39.33,23,55,7866,1962,1.6185713768271706,90,0.4875162007728894,0.009750324015457789,3.0601380809822256,15.16773076543317,1.8792794911086368,2.4818698093561022,10,"{""0"": 0.0027025668556308878, ""1"": 0.021794141921410454, ""2"": 0.010106436860709046, ""3"": 0.002212479165491685, ""4"": 0.015405062894125549, ""5"": 0.006281256395379117}"
control,200,p0.20,nan,1.0,7,0.2,39.800000000000004,39.33,23,55,7866,1962,1.6185713768271706,100,0.490975067617881,0.009819501352357622,8.665919293823425,15.149229610294467,1.864876502355946,2.3956389224516985,10,"{""0"": 0.002980882794110071, ""1"": 0.02000465268215818, ""2"": 0.01000964458919491, ""3"": 0.00237032755175161, ""4"": 0.016816255065227326, ""5"": 0.006735245431703629}"
control,200,p0.20,nan,1.0,7,0.2,39.800000000000004,39.33,23,55,7866,1962,1.6185713768271706,110,0.4846132042351332,0.009692264084702666,22.4565187193253,15.229141830295312,1.8430332122478874,2.6935350883598885,10,"{""0"": 0.0030720802274980885, ""1"": 0.017962489658993643, ""2"": 0.011306013639538407, ""3"": 0.0024729200978827353, ""4"": 0.0141069215503335, ""5"": 0.009233159333969619}"
control,200,p0.20,nan,1.0,7,0.2,39.800000000000004,39.33,23,55,7866,1962,1.6185713768271706,120,0.45774615081944897,0.009154923016388981,15.699611659731815,15.324526416838612,1.841467314774771,2.8124525390432504,11,"{""0"": 0.003574734942703617, ""1"": 0.017603495270714364, ""2"": 0.01027070790140849, ""3"": 0.002583955381052679, ""4"": 0.012005432253450552, ""5"": 0.008891212349004187}"
control,200,p0.20,nan,1.0,7,0.2,39.800000000000004,39.33,23,55,7866,1962,1.6185713768271706,130,0.44191033967832183,0.008838206793566438,1.4432826377287038,15.462967755780788,1.8547322903913694,2.890165427587313,11,"{""0"": 0.003852256557979352, ""1"": 0.01786005434762828, ""2"": 0.009793511505696118, ""3"": 0.002636632659705798, ""4"": 0.010907777211769998, ""5"": 0.007979008478619088}"
control,200,p0.20,nan,1.0,7,0.2,39.800000000000004,39.33,23,55,7866,1962,1.6185713768271706,140,0.42504659930679367,0.008500931986135874,11.45483641260578,15.51139836844384,1.8611842459629235,2.9415243224177168,11,"{""0"": 0.0036678209270369798, ""1"": 0.0178251808737438, ""2"": 0.009277295090370332, ""3"": 0.002826916084056083, ""4"": 0.009952799927385408, ""5"": 0.00745557901422265}"
control,200,p0.20,nan,1.0,7,0.2,39.800000000000004,39.33,23,55,7866,1962,1.6185713768271706,150,0.4086236656831523,0.008172473313663046,15.39520879314781,15.58354259354914,1.8637917783605047,3.079585990069896,11,"{""0"": 0.004231426044649474, ""1"": 0.017687698542014574, ""2"": 0.008536262521202468, ""3"": 0.0034009404043646744, ""4"": 0.008418406423905575, ""5"": 0.006760105945841516}"
control,200,p0.20,nan,1.0,7,0.2,39.800000000000004,39.33,23,55,7866,1962,1.6185713768271706,160,0.4045756690497302,0.008091513380994605,10.316870860875122,15.599624885095396,1.865897440647048,2.961424442054641,11,"{""0"": 0.003738969568111163, ""1"": 0.01840323414297769, ""2"": 0.008277434644113601, ""3"": 0.0029898371876155017, ""4"": 0.008782732257607973, ""5"": 0.006356872485541704}"
control,200,p0.20,nan,1.0,7,0.2,39.800000000000004,39.33,23,55,7866,1962,1.6185713768271706,170,0.392186071212506,0.00784372142425012,1.7481439131060117,15.601246348804082,1.8813157301825232,2.9212303720299224,11,"{""0"": 0.0038350572574664204, ""1"": 0.01881883125293304, ""2"": 0.00710387586365911, ""3"": 0.003175735677909161, ""4"": 0.008084753466343688, ""5"": 0.006044075027189304}"
control,200,p0.20,nan,1.0,7,0.2,39.800000000000004,39.33,23,55,7866,1962,1.6185713768271706,180,0.39835563835456095,0.007967112767091219,24.88516880005046,15.66298307366456,1.8850267733822266,3.0371063359659423,11,"{""0"": 0.004347037387079378, ""1"": 0.01828645335360882, ""2"": 0.007816556327650345, ""3"": 0.0031591998041205723, ""4"": 0.007921175118728785, ""5"": 0.006272254611359412}"
control,200,p0.20,nan,1.0,7,0.2,39.800000000000004,39.33,23,55,7866,1962,1.6185713768271706,190,0.3950795964551606,0.007901591929103214,13.531474087227968,15.693921589043907,1.8940928602597884,3.08220740598864,11,"{""0"": 0.004286242458188991, ""1"": 0.018224923886810487, ""2"": 0.007804830233771072, ""3"": 0.002929892740489185, ""4"": 0.0076468795985114215, ""5"": 0.00651678265684813}"
control,200,p0.20,nan,1.0,7,0.2,39.800000000000004,39.33,23,55,7866,1962,1.6185713768271706,200,0.3924527185319032,0.007849054370638067,5.605848022080734,15.726298623548715,1.8999927441535251,3.0265473181514397,11,"{""0"": 0.0038848365717369846, ""1"": 0.01794998006489036, ""2"": 0.007444083354725237, ""3"": 0.0027883124598651024, ""4"": 0.008265425717956004, ""5"": 0.006761688054654699}"
control,200,p0.40,nan,1.0,7,0.4,79.60000000000001,79.595,58,97,15919,1962,1.5988854482655037,0,1.0270640764011567,0.020541281528023137,nan,0.0,1.5988854482655037,5.82359165993671,12,"{""0"": 0.01957788411944437, ""1"": 0.019386546521786237, ""2"": 0.02262078634353308, ""3"": 0.02265712317361748, ""4"": 0.02069898526192212, ""5"": 0.01830636374783554}"
control,200,p0.40,nan,1.0,7,0.4,79.60000000000001,79.595,58,97,15919,1962,1.5988854482655037,10,1.0051856536568673,0.02010371307313735,7.054260693287228,15.456880920343712,2.05294400057295,3.5386082896719926,11,"{""0"": 0.031526309561698065, ""1"": 0.040533652153890695, ""2"": 0.00607733514616896, ""3"": 0.009881956485385772, ""4"": 0.022108303248091817, ""5"": 0.010494721843588798}"
control,200,p0.40,nan,1.0,7,0.4,79.60000000000001,79.595,58,97,15919,1962,1.5988854482655037,20,0.8725576823704744,0.01745115364740949,6.988308205395973,16.597396492843764,2.1240646325199775,2.6795762971236043,9,"{""0"": 0.02083130195132547, ""1"": 0.04239964977509388, ""2"": 0.0048115520931313075, ""3"": 0.004787258854792937, ""4"": 0.020468710797121203, ""5"": 0.011408448412992152}"
control,200,p0.40,nan,1.0,7,0.4,79.60000000000001,79.595,58,97,15919,1962,1.5988854482655037,30,0.721759917716813,0.014435198354336262,10.327166339299666,16.2633465698032,2.129154098087917,2.4602247119471983,9,"{""0"": 0.012210634424884024, ""1"": 0.03544586617798926, ""2"": 0.0034853031322904264, ""3"": 0.008822005559177084, ""4"": 0.015035783334087682, ""5"": 0.011611597497589105}"
control,200,p0.40,nan,1.0,7,0.4,79.60000000000001,79.595,58,97,15919,1962,1.5988854482655037,40,0.6912071054950196,0.013824142109900395,7.7588316458275015,16.274766441418535,2.0734092543064735,2.954415888223766,10,"{""0"": 0.012782148667797085, ""1"": 0.032402314983905924, ""2"": 0.005215060829176729, ""3"": 0.010631011165513186, ""4"": 0.010254655553354265, ""5"": 0.011659661459655187}"
control,200,p0.40,nan,1.0,7,0.4,79.60000000000001,79.595,58,97,15919,1962,1.5988854482655037,50,0.6740226641323993,0.013480453282647988,5.068362543263367,16.373146960202963,1.9683556698884377,3.106662367279948,11,"{""0"": 0.012271757545079415, ""1"": 0.028547177129446755, ""2"": 0.005486116721441989, ""3"": 0.010061712411460099, ""4"": 0.012159735450919505, ""5"": 0.012356220437540161}"
control,200,p0.40,nan,1.0,7,0.4,79.60000000000001,79.595,58,97,15919,1962,1.5988854482655037,60,0.6790337495883417,0.013580674991766836,5.129249916873295,16.642555844074163,2.008251408090464,2.7930187609470414,11,"{""0"": 0.017187399251423107, ""1"": 0.024743424523682507, ""2"": 0.0049759307491352, ""3"": 0.01123082081260227, ""4"": 0.01240917347082338, ""5"": 0.010937301142934543}"
control,200,p0.40,nan,1.0,7,0.4,79.60000000000001,79.595,58,97,15919,1962,1.5988854482655037,70,0.6670186636919808,0.013340373273839619,4.897870858348335,16.830419073156754,2.027567158406292,3.240791928253249,12,"{""0"": 0.020967448637987895, ""1"": 0.02016346056818074, ""2"": 0.004615908750685672, ""3"": 0.012456251504699782, ""4"": 0.012250043096012752, ""5"": 0.009589127085470868}"
control,200,p0.40,nan,1.0,7,0.4,79.60000000000001,79.595,58,97,15919,1962,1.5988854482655037,80,0.6639148536933298,0.013278297073866598,5.517103357158562,16.73162102249976,2.030264412705493,2.955242121012249,12,"{""0"": 0.023176324158064653, ""1"": 0.023209264985915135, ""2"": 0.003828132913000775, ""3"": 0.010773162801188233, ""4"": 0.010622625231055593, ""5"": 0.00806027235397521}"
control,200,p0.40,nan,1.0,7,0.4,79.60000000000001,79.595,58,97,15919,1962,1.5988854482655037,90,0.6577157893984974,0.01315431578796995,3.91816534148208,16.878428054532577,2.046349992167044,2.9698608332605247,12,"{""0"": 0.021565874142531728, ""1"": 0.024492819658571873, ""2"": 0.003964286065174476, ""3"": 0.010049986441850945, ""4"": 0.010877566942888613, ""5"": 0.007975361476802067}"
control,200,p0.40,nan,1.0,7,0.4,79.60000000000001,79.595,58,97,15919,1962,1.5988854482655037,100,0.6593168615688585,0.01318633723137717,4.51504100880726,16.81904822625755,2.0410418352442687,3.1216822252069307,12,"{""0"": 0.021843640613401806, ""1"": 0.020800184138518616, ""2"": 0.004047459359300459, ""3"": 0.01142286089359804, ""4"": 0.011552120118958445, ""5"": 0.009451758264485664}"
control,200,p0.40,nan,1.0,7,0.4,79.60000000000001,79.595,58,97,15919,1962,1.5988854482655037,110,0.6735817972788827,0.013471635945577655,19.961376841252743,16.735936322378954,2.0309595408643024,3.2480090684608167,12,"{""0"": 0.02336270274242583, ""1"": 0.018225648582417115, ""2"": 0.004526999205301696, ""3"": 0.014933173726384719, ""4"": 0.01155239535973809, ""5"": 0.008228896057198476}"
control,200,p0.40,nan,1.0,7,0.4,79.60000000000001,79.595,58,97,15919,1962,1.5988854482655037,120,0.6679044519904377,0.013358089039808755,6.64803354744901,16.84144620746174,2.044575482576923,3.2188809264326723,12,"{""0"": 0.02298809663710848, ""1"": 0.019299635932576338, ""2"": 0.00461456756387439, ""3"": 0.013580064230434109, ""4"": 0.011443649357543599, ""5"": 0.00822252051731562}"
control,200,p0.40,nan,1.0,7,0.4,79.60000000000001,79.595,58,97,15919,1962,1.5988854482655037,130,0.6430534188416819,0.012861068376833639,1.974098088957649,16.96499971855443,2.060259734451732,3.3196544050855255,12,"{""0"": 0.02237595954578549, ""1"": 0.01860722834359923, ""2"": 0.005073239924620602, ""3"": 0.011696907944566232, ""4"": 0.010841057094253747, ""5"": 0.008572017408176532}"
control,200,p0.40,nan,1.0,7,0.4,79.60000000000001,79.595,58,97,15919,1962,1.5988854482655037,140,0.6167533812441128,0.012335067624882259,3.4412784052788234,16.867029628433336,2.047638501883177,3.424933256301954,13,"{""0"": 0.02243639607757655, ""1"": 0.015842384573331182, ""2"": 0.00512546620358661, ""3"": 0.012763678952410004, ""4"": 0.01039066341256853, ""5"": 0.007451816529820692}"
control,200,p0.40,nan,1.0,7,0.4,79.60000000000001,79.595,58,97,15919,1962,1.5988854482655037,150,0.6545759493356273,0.013091518986712548,4.917306288230913,16.89412641681249,2.0174410175914734,3.381964096151459,13,"{""0"": 0.021736987639252574, ""1"": 0.018510165457831615, ""2"": 0.005203625456483491, ""3"": 0.014599695273555997, ""4"": 0.010520352083049935, ""5"": 0.00797828801010168}"
control,200,p0.40,nan,1.0,7,0.4,79.60000000000001,79.595,58,97,15919,1962,1.5988854482655037,160,0.6322222996499667,0.012644445992999336,9.118245163917285,16.87366393629781,2.017551604874509,3.597871777203605,13,"{""0"": 0.018010551832661127, ""1"": 0.01746180684299607, ""2"": 0.005413089101844603, ""3"": 0.014443360655512199, ""4"": 0.01245109806617149, ""5"": 0.008086769458810508}"
control,200,p0.40,nan,1.0,7,0.4,79.60000000000001,79.595,58,97,15919,1962,1.5988854482655037,170,0.6294089196898652,0.012588178393797307,9.60931196696662,16.89065045428498,2.020925433720485,3.2895499732286275,12,"{""0"": 0.01948395794166109, ""1"": 0.018255511547260454, ""2"": 0.0048663066036716916, ""3"": 0.013335862764877582, ""4"": 0.012765464448925817, ""5"": 0.006821967056387204}"
control,200,p0.40,nan,1.0,7,0.4,79.60000000000001,79.595,58,97,15919,1962,1.5988854482655037,180,0.6029625138358743,0.012059250276717488,5.00678212073649,16.86286984401276,2.0162558277743843,3.633249735456337,13,"{""0"": 0.019169490583129997, ""1"": 0.015956198059357617, ""2"": 0.0053134415110704285, ""3"": 0.014161162140012335, ""4"": 0.010115604910061079, ""5"": 0.007639604456673459}"
control,200,p0.40,nan,1.0,7,0.4,79.60000000000001,79.595,58,97,15919,1962,1.5988854482655037,190,0.5898452554192571,0.011796905108385143,18.261543210355324,16.844559266171117,2.0156275448089067,3.5113919858431735,13,"{""0"": 0.019161285227041015, ""1"": 0.018257051097636225, ""2"": 0.0050896615760952085, ""3"": 0.012341879095662736, ""4"": 0.0080872923882724, ""5"": 0.007844261265603282}"
control,200,p0.40,nan,1.0,7,0.4,79.60000000000001,79.595,58,97,15919,1962,1.5988854482655037,200,0.616053373066708,0.012321067461334162,27.140665332851416,16.875974288501848,2.0076726873379482,3.511805551584127,13,"{""0"": 0.021606494791509168, ""1"": 0.018921971531559358, ""2"": 0.004998689085313962, ""3"": 0.011424223188603793, ""4"": 0.009197400834409971, ""5"": 0.007777625336608728}"
control,200,p0.05,nan,1.0,8,0.05,9.950000000000001,9.85,2,21,1970,1970,1.5012948255887297,0,1.0247235278196312,0.020494470556392624,nan,0.0,1.5012948255887297,3.5229675845146318,11,"{""0"": 0.017946901447759588, ""1"": 0.021284717622702766, ""2"": 0.021128240674433436, ""3"": 0.022014069666818292, ""4"": 0.01932090929782119, ""5"": 0.021271984628820483}"
control,200,p0.05,nan,1.0,8,0.05,9.950000000000001,9.85,2,21,1970,1970,1.5012948255887297,10,0.8967866031860899,0.0179357320637218,4.510060087476637,15.185659788922678,1.9304408586113815,1.908943543017735,7,"{""0"": 0.0352103828616037, ""1"": 0.014612479996273676, ""2"": 0.020377550888711914, ""3"": 0.014189091271465639, ""4"": 0.002660023304131917, ""5"": 0.02056486406014394}"
control,200,p0.05,nan,1.0,8,0.05,9.950000000000001,9.85,2,21,1970,1970,1.5012948255887297,20,0.653085775282368,0.01306171550564736,2.7084168993063105,16.23190146659513,2.1782890395257026,3.5014069276337776,11,"{""0"": 0.019846953695364693, ""1"": 0.009470309290624198, ""2"": 0.011090975743840631, ""3"": 0.016092053392120435, ""4"": 0.007300294915188863, ""5"": 0.014569705996745346}"
control,200,p0.05,nan,1.0,8,0.05,9.950000000000001,9.85,2,21,1970,1970,1.5012948255887297,30,0.5853215352448833,0.011706430704897667,8.863742481401806,16.856982610906794,2.1233093293841074,3.515405235455002,11,"{""0"": 0.016664267785970726, ""1"": 0.01223458495816486, ""2"": 0.007296532521873342, ""3"": 0.02107717798193699, ""4"": 0.005672884042004585, ""5"": 0.007293136939435485}"
control,200,p0.05,nan,1.0,8,0.05,9.950000000000001,9.85,2,21,1970,1970,1.5012948255887297,40,0.6297726540160129,0.012595453080320259,17.56265498398513,16.659231488407627,2.134776782214032,3.542667830784922,10,"{""0"": 0.018007248933687253, ""1"": 0.02050993505562225, ""2"": 0.006288509953272198, ""3"": 0.017430590636623743, ""4"": 0.00831609371269231, ""5"": 0.005020340190023802}"
control,200,p0.05,nan,1.0,8,0.05,9.950000000000001,9.85,2,21,1970,1970,1.5012948255887297,50,0.4875753582972616,0.009751507165945233,15.552930589666964,16.825339104395866,2.1193808518674095,3.663687672287251,11,"{""0"": 0.015801291376018097, ""1"": 0.008392683938879479, ""2"": 0.0072365830527723355, ""3"": 0.013697235191499702, ""4"": 0.008150429199002971, ""5"": 0.0052308202374988155}"
control,200,p0.05,nan,1.0,8,0.05,9.950000000000001,9.85,2,21,1970,1970,1.5012948255887297,60,0.4516992887123195,0.009033985774246392,3.1543818754804946,17.19811107057526,2.086483751297999,3.7313148855188136,11,"{""0"": 0.01161985671113805, ""1"": 0.00916876729932713, ""2"": 0.00917994919743623, ""3"": 0.013813913997102042, ""4"": 0.005929431292141381, ""5"": 0.004491996148333522}"
control,200,p0.05,nan,1.0,8,0.05,9.950000000000001,9.85,2,21,1970,1970,1.5012948255887297,70,0.40429857847357675,0.008085971569471535,3.0555490456871373,17.38115839970912,2.0643241225195847,3.7287065275069438,10,"{""0"": 0.007790945413734605, ""1"": 0.008711528100250058, ""2"": 0.009219934459794792, ""3"": 0.013440708588640026, ""4"": 0.005289103406298104, ""5"": 0.004063609448111625}"
control,200,p0.05,nan,1.0,8,0.05,9.950000000000001,9.85,2,21,1970,1970,1.5012948255887297,80,0.36258445119896004,0.007251689023979202,3.11080109266372,17.55019351288842,2.040619454500412,3.83207511654557,10,"{""0"": 0.005344514866209453, ""1"": 0.008074819451688356, ""2"": 0.008749741652394949, ""3"": 0.011249170584933726, ""4"": 0.0065053718891889215, ""5"": 0.0035865156994598036}"
control,200,p0.05,nan,1.0,8,0.05,9.950000000000001,9.85,2,21,1970,1970,1.5012948255887297,90,0.32528069925023867,0.006505613985004773,2.994694886470826,17.710906106506638,2.0350782242381804,3.6751100703874906,10,"{""0"": 0.005465057793446099, ""1"": 0.010083784399955551, ""2"": 0.008047689935583496, ""3"": 0.005554175094091655, ""4"": 0.006238648170898753, ""5"": 0.003644328516053089}"
control,200,p0.05,nan,1.0,8,0.05,9.950000000000001,9.85,2,21,1970,1970,1.5012948255887297,100,0.28798694159607685,0.005759738831921538,26.47101001290757,17.810452859169306,2.0840648037082596,3.575743874431576,10,"{""0"": 0.005512861541699497, ""1"": 0.008974269170032226, ""2"": 0.00797494296803373, ""3"": 0.003028681060194471, ""4"": 0.005530467109128282, ""5"": 0.0035372111424410236}"
control,200,p0.05,nan,1.0,8,0.05,9.950000000000001,9.85,2,21,1970,1970,1.5012948255887297,110,0.29471934776048603,0.005894386955209722,2.5420943235778273,17.932005279389653,2.118367861469295,3.5746746684505677,9,"{""0"": 0.0061573923086283055, ""1"": 0.010531301450018725, ""2"": 0.006935143128882669, ""3"": 0.002477125861139639, ""4"": 0.005965072003067603, ""5"": 0.0033002869795213893}"
control,200,p0.05,nan,1.0,8,0.05,9.950000000000001,9.85,2,21,1970,1970,1.5012948255887297,120,0.29625195843214086,0.0059250391686428185,1.9169398994248645,18.00906143808524,2.140571413660132,3.578576172181747,9,"{""0"": 0.0062094880061973, ""1"": 0.01145190144114348, ""2"": 0.005692415324903292, ""3"": 0.002388682131599506, ""4"": 0.0066432117597307674, ""5"": 0.003164536348282563}"
control,200,p0.05,nan,1.0,8,0.05,9.950000000000001,9.85,2,21,1970,1970,1.5012948255887297,130,0.292463810067446,0.005849276201348921,6.752581897914977,18.094167263787618,2.1549326841829366,3.4962028891723427,9,"{""0"": 0.005428514347846636, ""1"": 0.011911853947105838, ""2"": 0.006103388425886052, ""3"": 0.0020700679012005813, ""4"": 0.0061523392878857055, ""5"": 0.0034294932981687115}"
control,200,p0.05,nan,1.0,8,0.05,9.950000000000001,9.85,2,21,1970,1970,1.5012948255887297,140,0.28221711383032394,0.00564434227660648,0.9723043750998501,18.16655229309158,2.184795852594939,3.4959321204357057,9,"{""0"": 0.006069126104243738, ""1"": 0.011608997369616425, ""2"": 0.00463816386465043, ""3"": 0.0018695943763268352, ""4"": 0.006114025393503246, ""5"": 0.0035661465512982055}"
control,200,p0.05,nan,1.0,8,0.05,9.950000000000001,9.85,2,21,1970,1970,1.5012948255887297,150,0.26514770920470515,0.005302954184094103,11.960340870853386,18.2712245104231,2.1887436748438844,3.459278560473748,9,"{""0"": 0.006657702560169501, ""1"": 0.00937822113380243, ""2"": 0.00466471172640834, ""3"": 0.0018689238512765026, ""4"": 0.00525117468771104, ""5"": 0.003996991145196807}"
control,200,p0.05,nan,1.0,8,0.05,9.950000000000001,9.85,2,21,1970,1970,1.5012948255887297,160,0.27820174821143157,0.005564034964228632,34.22005839447998,18.273699498082028,2.195111067078609,3.4020876229867425,9,"{""0"": 0.006501480355162631, ""1"": 0.009646732202263992, ""2"": 0.005783296227527915, ""3"": 0.0017546696608039592, ""4"": 0.005164607620684524, ""5"": 0.004533423718928767}"
control,200,p0.05,nan,1.0,8,0.05,9.950000000000001,9.85,2,21,1970,1970,1.5012948255887297,170,0.2714144988806932,0.005428289977613865,1.9441300504558778,18.373411769210094,2.2053920543694003,3.441464905078139,9,"{""0"": 0.007105729842487656, ""1"": 0.00949976473403367, ""2"": 0.0041377951096157675, ""3"": 0.001955259371769563, ""4"": 0.005621576601275035, ""5"": 0.0042496142065015004}"
control,200,p0.05,nan,1.0,8,0.05,9.950000000000001,9.85,2,21,1970,1970,1.5012948255887297,180,0.27304163868309733,0.0054608327736619475,1.0849301707891292,18.381518543365996,2.223324019646887,3.4629156397118246,8,"{""0"": 0.007034597086256962, ""1"": 0.009343628884105285, ""2"": 0.003698346686581492, ""3"": 0.0018696745042896424, ""4"": 0.006464542280700236, ""5"": 0.0043542072000380735}"
control,200,p0.05,nan,1.0,8,0.05,9.950000000000001,9.85,2,21,1970,1970,1.5012948255887297,190,0.2752207933278487,0.005504415866556975,18.455177218678386,18.473447708960812,2.2283737733125717,3.4399190322176754,8,"{""0"": 0.0067605656023898685, ""1"": 0.009342305881246371, ""2"": 0.004446363911826961, ""3"": 0.0017422789026651068, ""4"": 0.006320911332169823, ""5"": 0.004414069569043714}"
control,200,p0.05,nan,1.0,8,0.05,9.950000000000001,9.85,2,21,1970,1970,1.5012948255887297,200,0.2604222969230078,0.005208445938460157,35.14136135934923,18.54649240793384,2.231866434992681,3.4586148015572538,9,"{""0"": 0.00698800455419535, ""1"": 0.008515762659623062, ""2"": 0.003374857065659991, ""3"": 0.001607263047127528, ""4"": 0.00639117465311501, ""5"": 0.004373613651039996}"
control,200,p0.10,nan,1.0,8,0.1,19.900000000000002,19.91,6,32,3982,1970,1.572872729793257,0,0.9841001403192708,0.01968200280638542,nan,0.0,1.572872729793257,5.423495014226025,12,"{""0"": 0.01596510667597247, ""1"": 0.017019859854724925, ""2"": 0.021257699868332026, ""3"": 0.02465316193635915, ""4"": 0.018608964794549567, ""5"": 0.020587223708374392}"
control,200,p0.10,nan,1.0,8,0.1,19.900000000000002,19.91,6,32,3982,1970,1.572872729793257,10,1.0303426587640074,0.02060685317528015,3.7691480697749014,14.689659337692111,1.8693350936066369,3.322688920370469,12,"{""0"": 0.02261557689320407, ""1"": 0.013937325460771024, ""2"": 0.01282052955870911, ""3"": 0.029819864112274642, ""4"": 0.022404212019552994, ""5"": 0.022043611007169072}"
control,200,p0.10,nan,1.0,8,0.1,19.900000000000002,19.91,6,32,3982,1970,1.572872729793257,20,0.96658232837598,0.0193316465675196,7.109453831874388,15.329459448913987,2.051223106185813,2.46041424779317,9,"{""0"": 0.024588798302180293, ""1"": 0.021688595036439565, ""2"": 0.005391715847549041, ""3"": 0.03604217601529301, ""4"": 0.0231994483206218, ""5"": 0.0050791458830339265}"
control,200,p0.10,nan,1.0,8,0.1,19.900000000000002,19.91,6,32,3982,1970,1.572872729793257,30,0.7680287824518298,0.015360575649036597,3.1955447860620927,15.786947319904733,2.091779398726276,2.085790879919704,8,"{""0"": 0.020479353786243343, ""1"": 0.02145014903384813, ""2"": 0.0034128754764026726, ""3"": 0.02796973481780901, ""4"": 0.01513032145973145, ""5"": 0.003721019320184974}"
control,200,p0.10,nan,1.0,8,0.1,19.900000000000002,19.91,6,32,3982,1970,1.572872729793257,40,0.514693469953689,0.010293869399073782,29.05691712066805,16.212552789281673,2.079127219784865,2.7941026373536832,11,"{""0"": 0.009480632174032926, ""1"": 0.013629805784714469, ""2"": 0.002137936537422772, ""3"": 0.017338251755053363, ""4"": 0.016195079239082567, ""5"": 0.0029815109041365874}"
control,200,p0.10,nan,1.0,8,0.1,19.900000000000002,19.91,6,32,3982,1970,1.572872729793257,50,0.60902466600272,0.0121804933200544,49.962984400219455,16.331715612541466,2.0908352215348973,2.4124266486987342,10,"{""0"": 0.014576508439479644, ""1"": 0.007929648681548511, ""2"": 0.002911765403532086, ""3"": 0.02391054460594769, ""4"": 0.01618866363057555, ""5"": 0.007565829159242932}"
control,200,p0.10,nan,1.0,8,0.1,19.900000000000002,19.91,6,32,3982,1970,1.572872729793257,60,0.5860915177811277,0.011721830355622553,4.3377475652351345,16.759346247506873,2.106616239547685,2.517776957869063,10,"{""0"": 0.013398648359333395, ""1"": 0.007012389079642726, ""2"": 0.003085227102011863, ""3"": 0.023956711472441987, ""4"": 0.01541102428613863, ""5"": 0.0074669818341667245}"
control,200,p0.10,nan,1.0,8,0.1,19.900000000000002,19.91,6,32,3982,1970,1.572872729793257,70,0.5619406543334153,0.011238813086668308,9.46999611104428,17.03438169515357,2.0764708357795434,2.6315491713755828,10,"{""0"": 0.01143797704708956, ""1"": 0.006381439075195236, ""2"": 0.0031465876928208924, ""3"": 0.021687416816565105, ""4"": 0.016077391089995095, ""5"": 0.008702066798343962}"
control,200,p0.10,nan,1.0,8,0.1,19.900000000000002,19.91,6,32,3982,1970,1.572872729793257,80,0.505584152603359,0.01011168305206718,26.90761355442832,17.13767729548494,2.086542059970961,2.9404269411731576,10,"{""0"": 0.01154128604985279, ""1"": 0.0070284669179937285, ""2"": 0.003057316869990734, ""3"": 0.014033466440786502, ""4"": 0.0165269973630308, ""5"": 0.008482564670748514}"
control,200,p0.10,nan,1.0,8,0.1,19.900000000000002,19.91,6,32,3982,1970,1.572872729793257,90,0.4883633253352058,0.009767266506704118,1.3577392947559224,17.404874353757073,2.102716863132883,2.948112812382049,10,"{""0"": 0.011746436718489104, ""1"": 0.00627648271706228, ""2"": 0.003005232796418259, ""3"": 0.013287961194793512, ""4"": 0.015953036670656704, ""5"": 0.008334448942804846}"
control,200,p0.10,nan,1.0,8,0.1,19.900000000000002,19.91,6,32,3982,1970,1.572872729793257,100,0.47825867299131763,0.009565173459826354,10.377030134720979,17.436874628794957,2.111492363946052,3.05057070142588,10,"{""0"": 0.011161469080237236, ""1"": 0.007012335350771439, ""2"": 0.002782191043033595, ""3"": 0.013720008143435224, ""4"": 0.015804519088026332, ""5"": 0.006910518053454294}"
control,200,p0.10,nan,1.0,8,0.1,19.900000000000002,19.91,6,32,3982,1970,1.572872729793257,110,0.4507346795902626,0.009014693591805253,19.697872253636504,17.48455675431089,2.0961177005242524,3.0661145973096073,10,"{""0"": 0.010715126913962151, ""1"": 0.006984069516277126, ""2"": 0.0020554237415239098, ""3"": 0.011066153599475867, ""4"": 0.016062534249543632, ""5"": 0.007204853530048835}"
control,200,p0.10,nan,1.0,8,0.1,19.900000000000002,19.91,6,32,3982,1970,1.572872729793257,120,0.4254985758013185,0.00850997151602637,2.6823177606100357,17.51953532409563,2.0929179127636868,3.1099255617445953,10,"{""0"": 0.009920332401180478, ""1"": 0.007055729831949968, ""2"": 0.0017544562205196006, ""3"": 0.009208444009195984, ""4"": 0.0162591631455938, ""5"": 0.006861703487718395}"
control,200,p0.10,nan,1.0,8,0.1,19.900000000000002,19.91,6,32,3982,1970,1.572872729793257,130,0.43089018334304524,0.008617803666860905,6.38161461784716,17.514995201434875,2.0892403223574902,3.195610242740848,10,"{""0"": 0.00948556185923856, ""1"": 0.007610644428825622, ""2"": 0.001852393101958998, ""3"": 0.009884673214820052, ""4"": 0.015690950513849868, ""5"": 0.007182598882472341}"
control,200,p0.10,nan,1.0,8,0.1,19.900000000000002,19.91,6,32,3982,1970,1.572872729793257,140,0.4077296426430929,0.00815459285286186,1.7277864931825853,17.616467562222176,2.09550305158719,3.1825857576677654,9,"{""0"": 0.009246996373132676, ""1"": 0.007401888059725528, ""2"": 0.0018224520884573387, ""3"": 0.007713278566655648, ""4"": 0.015659078171275286, ""5"": 0.0070838638579246785}"
control,200,p0.10,nan,1.0,8,0.1,19.900000000000002,19.91,6,32,3982,1970,1.572872729793257,150,0.4151502840792348,0.008303005681584697,1.4129019898507265,17.655815538935595,2.0852360839989976,3.097819695930087,9,"{""0"": 0.009601241919442064, ""1"": 0.006908733914293305, ""2"": 0.001892049895365159, ""3"": 0.008971282056953741, ""4"": 0.01563186740230842, ""5"": 0.006812858901145499}"
control,200,p0.10,nan,1.0,8,0.1,19.900000000000002,19.91,6,32,3982,1970,1.572872729793257,160,0.3980322011986063,0.007960644023972126,8.00495405125165,17.72247731706104,2.0793339625663596,3.126548608306294,9,"{""0"": 0.009605562314722668, ""1"": 0.0067894317907256155, ""2"": 0.001862606349452162, ""3"": 0.007477153383518498, ""4"": 0.015606418272421502, ""5"": 0.006422692032992309}"
control,200,p0.10,nan,1.0,8,0.1,19.900000000000002,19.91,6,32,3982,1970,1.572872729793257,170,0.38299083154659747,0.007659816630931951,1.678158804827129,17.6739219629182,2.067305976303625,3.2039683674949107,9,"{""0"": 0.008110463281113433, ""1"": 0.006898515034556641, ""2"": 0.0018657743020802906, ""3"": 0.0068860689712094665, ""4"": 0.015636449620228473, ""5"": 0.006561628576403395}"
control,200,p0.10,nan,1.0,8,0.1,19.900000000000002,19.91,6,32,3982,1970,1.572872729793257,180,0.38263599724304626,0.007652719944860926,2.9969443020477327,17.768978871835877,2.055084695570601,3.2806152368763155,10,"{""0"": 0.00823447203395831, ""1"": 0.006439226723443681, ""2"": 0.002116610666465485, ""3"": 0.00623568084416856, ""4"": 0.015377532637225268, ""5"": 0.007512796763904256}"
control,200,p0.10,nan,1.0,8,0.1,19.900000000000002,19.91,6,32,3982,1970,1.572872729793257,190,0.37139541628750034,0.007427908325750007,12.54695096086554,17.83314446679946,2.0492531003748824,3.3468567360536103,10,"{""0"": 0.007703566742637913, ""1"": 0.007161320807942665, ""2"": 0.0020011804964905964, ""3"": 0.006507668795951856, ""4"": 0.01437542717370543, ""5"": 0.006818285937771592}"
control,200,p0.10,nan,1.0,8,0.1,19.900000000000002,19.91,6,32,3982,1970,1.572872729793257,200,0.3812614517869479,0.007625229035738959,8.75599709516609,17.901295902187353,2.0469848622766547,3.342216107881613,10,"{""0"": 0.008245105005480265, ""1"": 0.006653835350752893, ""2"": 0.0021634187158160114, ""3"": 0.006212906632004992, ""4"": 0.014805562156099916, ""5"": 0.007670546354279682}"
control,200,p0.20,nan,1.0,8,0.2,39.800000000000004,39.53,23,60,7906,1970,1.7570515935405577,0,0.9261780920160354,0.01852356184032071,nan,0.0,1.7570515935405577,2.734366310535652,10,"{""0"": 0.016546595824435392, ""1"": 0.016879346402820086, ""2"": 0.01962678464699783, ""3"": 0.020016873897720448, ""4"": 0.018464825776475187, ""5"": 0.01960694449347531}"
control,200,p0.20,nan,1.0,8,0.2,39.800000000000004,39.53,23,60,7906,1970,1.7570515935405577,10,0.8011403269660217,0.016022806539320436,1.831770664059367,12.434977086896653,2.216501695889503,2.7544492338336215,9,"{""0"": 0.015390539736516107, ""1"": 0.02388752819909169, ""2"": 0.01892049033362444, ""3"": 0.004949315379523221, ""4"": 0.003889360332767321, ""5"": 0.029099605254399828}"
control,200,p0.20,nan,1.0,8,0.2,39.800000000000004,39.53,23,60,7906,1970,1.7570515935405577,20,0.6166121156743843,0.012332242313487687,5.772440721596233,14.777119066263001,2.170512528194102,4.086415640747691,11,"{""0"": 0.017747971815728937, ""1"": 0.009550514972322632, ""2"": 0.007858546770461508, ""3"": 0.016319765492744727, ""4"": 0.006156616486840441, ""5"": 0.016360038342827878}"
control,200,p0.20,nan,1.0,8,0.2,39.800000000000004,39.53,23,60,7906,1970,1.7570515935405577,30,0.5852255848183833,0.011704511696367667,5.578232160410783,15.28464313114877,2.1875419707083132,3.9692070782755944,12,"{""0"": 0.017693894287245604, ""1"": 0.011527616187701494, ""2"": 0.004384509993696358, ""3"": 0.015303859806494482, ""4"": 0.006346577246889156, ""5"": 0.014970612656178908}"
control,200,p0.20,nan,1.0,8,0.2,39.800000000000004,39.53,23,60,7906,1970,1.7570515935405577,40,0.5353450810133707,0.010706901620267417,14.128659715225933,15.701298050210513,2.18108583598242,3.8252555434896705,12,"{""0"": 0.006632040272966056, ""1"": 0.014878804372303978, ""2"": 0.0034107543255075925, ""3"": 0.01907231215664792, ""4"": 0.007362576319334039, ""5"": 0.012884922274844918}"
control,200,p0.20,nan,1.0,8,0.2,39.800000000000004,39.53,23,60,7906,1970,1.7570515935405577,50,0.4748812806804891,0.009497625613609784,20.52934996637515,15.61622249060032,2.2267532544747333,4.075748566723535,12,"{""0"": 0.005954733322617785, ""1"": 0.013157830056515347, ""2"": 0.004014272330666869, ""3"": 0.014354130927090264, ""4"": 0.005623495769111286, ""5"": 0.013881291275657154}"
control,200,p0.20,nan,1.0,8,0.2,39.800000000000004,39.53,23,60,7906,1970,1.7570515935405577,60,0.4415344276073883,0.008830688552147766,10.74248374449391,15.742746384369616,2.2249235649734596,4.042203858778662,12,"{""0"": 0.0039351778000583995, ""1"": 0.012461735897461185, ""2"": 0.00380309871477037, ""3"": 0.013424071437158454, ""4"": 0.006003147087596776, ""5"": 0.013356900375841415}"
control,200,p0.20,nan,1.0,8,0.2,39.800000000000004,39.53,23,60,7906,1970,1.7570515935405577,70,0.4827797080599033,0.009655594161198067,9.568050090394093,15.954260795925405,2.2197437647060134,3.9855067574057923,12,"{""0"": 0.0037730652770579325, ""1"": 0.01204358831699404, ""2"": 0.005803912203774388, ""3"": 0.018221672167250205, ""4"": 0.005779265570715814, ""5"": 0.012312061431396022}"
control,200,p0.20,nan,1.0,8,0.2,39.800000000000004,39.53,23,60,7906,1970,1.7570515935405577,80,0.4421590906771139,0.008843181813542279,34.08142685776276,15.920758124129806,2.2063099952475875,3.697870404930209,12,"{""0"": 0.0035326358877647507, ""1"": 0.01259977031724096, ""2"": 0.003401902856107971, ""3"": 0.017040752796419208, ""4"": 0.005429710673159151, ""5"": 0.011054318350561641}"
control,200,p0.20,nan,1.0,8,0.2,39.800000000000004,39.53,23,60,7906,1970,1.7570515935405577,90,0.45584926064536485,0.009116985212907299,29.905929402191074,16.107689166120732,2.1778795445259704,3.8077557063505902,12,"{""0"": 0.001933132064117488, ""1"": 0.012968708099069193, ""2"": 0.00536411133979247, ""3"": 0.018104157668913018, ""4"": 0.00592076534755192, ""5"": 0.0104110367579997}"
control,200,p0.20,nan,1.0,8,0.2,39.800000000000004,39.53,23,60,7906,1970,1.7570515935405577,100,0.44848431017678464,0.008969686203535695,13.64871231094453,16.137434537470632,2.1951077371306145,3.856992845229862,12,"{""0"": 0.001601837331001767, ""1"": 0.012902693029045736, ""2"": 0.0037798322519992877, ""3"": 0.019508125299604266, ""4"": 0.00561063808261933, ""5"": 0.010414991226943773}"
control,200,p0.20,nan,1.0,8,0.2,39.800000000000004,39.53,23,60,7906,1970,1.7570515935405577,110,0.46640834176636303,0.009328166835327263,28.764660006204444,16.202179773379743,2.1810782165500218,3.7758496674415114,12,"{""0"": 0.0022521061570963323, ""1"": 0.01400338190788356, ""2"": 0.0073071475661092245, ""3"": 0.01745660158720184, ""4"": 0.006261383899118738, ""5"": 0.008688379894553866}"
control,200,p0.20,nan,1.0,8,0.2,39.800000000000004,39.53,23,60,7906,1970,1.7570515935405577,120,0.45760582966393015,0.009152116593278603,1.3235727338626377,16.32933922292641,2.1955169523014666,3.6594258316631856,12,"{""0"": 0.0020003080527555327, ""1"": 0.012409485218305821, ""2"": 0.007873149017933232, ""3"": 0.017748825252146834, ""4"": 0.006514281252845153, ""5"": 0.008366650765685043}"
control,200,p0.20,nan,1.0,8,0.2,39.800000000000004,39.53,23,60,7906,1970,1.7570515935405577,130,0.4596483819281068,0.009192967638562137,1.0072927238859612,16.39721202195265,2.208093760499333,3.679310465881774,12,"{""0"": 0.0021040416241235563, ""1"": 0.013287272200987216, ""2"": 0.008972867772540869, ""3"": 0.017368676044681446, ""4"": 0.005666857709765624, ""5"": 0.007758090479274111}"
control,200,p0.20,nan,1.0,8,0.2,39.800000000000004,39.53,23,60,7906,1970,1.7570515935405577,140,0.43751581998557354,0.008750316399711472,14.37886519133513,16.511692328459645,2.1890039065497127,3.580134772113981,12,"{""0"": 0.0021032898569282405, ""1"": 0.009303070065108231, ""2"": 0.009411552544130227, ""3"": 0.018057343767159555, ""4"": 0.0066255288294544456, ""5"": 0.007001113335488125}"
control,200,p0.20,nan,1.0,8,0.2,39.800000000000004,39.53,23,60,7906,1970,1.7570515935405577,150,0.4510401708594084,0.009020803417188169,1.0758091156840732,16.61878667299107,2.217278637448949,3.7242426523775407,12,"{""0"": 0.001863645193721827, ""1"": 0.008647881878254928, ""2"": 0.010101020325735054, ""3"": 0.020034372624973113, ""4"": 0.006176866848890622, ""5"": 0.007301033631553465}"
control,200,p0.20,nan,1.0,8,0.2,39.800000000000004,39.53,23,60,7906,1970,1.7570515935405577,160,0.4384083176161709,0.00876816635232342,3.3171107353769775,16.672674463902297,2.2185403577540095,3.7216634948217937,12,"{""0"": 0.0023858133347095063, ""1"": 0.008264620128059523, ""2"": 0.009956323756552976, ""3"": 0.020468036269561514, ""4"": 0.0061757478907947545, ""5"": 0.005358456734262235}"
control,200,p0.20,nan,1.0,8,0.2,39.800000000000004,39.53,23,60,7906,1970,1.7570515935405577,170,0.4403121155695523,0.008806242311391047,2.4404394680142603,16.720491531989552,2.2212438965174717,3.6610201827932083,11,"{""0"": 0.0028287448470303263, ""1"": 0.008075049826794606, ""2"": 0.010260454267389288, ""3"": 0.02101748158983657, ""4"": 0.005902227226020668, ""5"": 0.004753496111274831}"
control,200,p0.20,nan,1.0,8,0.2,39.800000000000004,39.53,23,60,7906,1970,1.7570515935405577,180,0.44565675802471955,0.008913135160494393,2.060671135085287,16.786580846514973,2.2277087404381475,3.680631540414927,11,"{""0"": 0.0028830874782753333, ""1"": 0.008583964770357468, ""2"": 0.010350279488548827, ""3"": 0.021295966466247797, ""4"": 0.0062158933723742375, ""5"": 0.004149619387162696}"
control,200,p0.20,nan,1.0,8,0.2,39.800000000000004,39.53,23,60,7906,1970,1.7570515935405577,190,0.45575314286952057,0.009115062857390412,22.98653250327925,16.81971221125269,2.238607301833959,3.9277569475760905,12,"{""0"": 0.0024828532387944956, ""1"": 0.008553816505964958, ""2"": 0.010827788233570465, ""3"": 0.020505574985652995, ""4"": 0.006077136750270694, ""5"": 0.006243207430088866}"
control,200,p0.20,nan,1.0,8,0.2,39.800000000000004,39.53,23,60,7906,1970,1.7570515935405577,200,0.4495663945932453,0.008991327891864909,12.004609620110607,16.849481849033577,2.230583924115734,3.736101012912871,11,"{""0"": 0.0020776190726572836, ""1"": 0.009236850700706905, ""2"": 0.010974111894119207, ""3"": 0.020839264248693725, ""4"": 0.006764968005932374, ""5"": 0.004055153429079945}"
control,200,p0.40,nan,1.0,8,0.4,79.60000000000001,78.99,64,99,15798,1970,1.5490364005144506,0,0.9707531136254992,0.019415062272509987,nan,0.0,1.5490364005144506,4.768208001483257,13,"{""0"": 0.018743329002327946, ""1"": 0.01984317293301633, ""2"": 0.019379975259744896, ""3"": 0.018997151460362113, ""4"": 0.020571844894259228, ""5"": 0.0189549000853494}"
control,200,p0.40,nan,1.0,8,0.4,79.60000000000001,78.99,64,99,15798,1970,1.5490364005144506,10,0.8185988512505824,0.016371977025011652,14.058908055027834,15.726975471171329,1.9804285943389923,5.124473592179607,16,"{""0"": 0.012936460176712669, ""1"": 0.009955779540148998, ""2"": 0.02897663893626482, ""3"": 0.012500092087682255, ""4"": 0.014672731882500836, ""5"": 0.01919015952676032}"
control,200,p0.40,nan,1.0,8,0.4,79.60000000000001,78.99,64,99,15798,1970,1.5490364005144506,20,0.567648552527732,0.011352971050554644,4.328957408586128,16.940627394712497,2.0470162710933297,3.784251163654422,14,"{""0"": 0.010006900544551887, ""1"": 0.005013591003098177, ""2"": 0.021450912088707086, ""3"": 0.01451940035710515, ""4"": 0.008610340148354653, ""5"": 0.0085166821615109}"
control,200,p0.40,nan,1.0,8,0.4,79.60000000000001,78.99,64,99,15798,1970,1.5490364005144506,30,0.5697590708535111,0.011395181417070221,14.303679284385614,17.113025864466493,2.0048717063798276,5.641222602180851,16,"{""0"": 0.011388416523544585, ""1"": 0.01404783986404301, ""2"": 0.008720729029846436, ""3"": 0.010362857489739386, ""4"": 0.011388623443070308, ""5"": 0.012462622152177603}"
control,200,p0.40,nan,1.0,8,0.4,79.60000000000001,78.99,64,99,15798,1970,1.5490364005144506,40,0.5466087343310668,0.010932174686621339,8.646479811315203,17.484039692760902,2.0783521197913117,5.147730141338718,16,"{""0"": 0.011758739592750998, ""1"": 0.009383785228944572, ""2"": 0.008433435167388002, ""3"": 0.011133692193780197, ""4"": 0.014529912259981884, ""5"": 0.010353483676882373}"
control,200,p0.40,nan,1.0,8,0.4,79.60000000000001,78.99,64,99,15798,1970,1.5490364005144506,50,0.5406703989103764,0.01081340797820753,3.416651163515238,17.62183409956774,2.101624588575858,4.684189321619822,15,"{""0"": 0.01429303690810706, ""1"": 0.008763158804465659, ""2"": 0.007277622776633854, ""3"": 0.014165600109918425, ""4"": 0.00899952103980624, ""5"": 0.011381508230313931}"
control,200,p0.40,nan,1.0,8,0.4,79.60000000000001,78.99,64,99,15798,1970,1.5490364005144506,60,0.6242657129149288,0.012485314258298578,15.904879476493438,17.848946808877237,2.075518325128751,4.953849119554438,16,"{""0"": 0.013564607850057775, ""1"": 0.01155390997927741, ""2"": 0.006519559767678753, ""3"": 0.01526957699669857, ""4"": 0.011000383892773333, ""5"": 0.01700384706330561}"
control,200,p0.40,nan,1.0,8,0.4,79.60000000000001,78.99,64,99,15798,1970,1.5490364005144506,70,0.5831759716002571,0.011663519432005144,12.088219195755661,17.945073631255475,2.1235569183516616,4.169704793690022,15,"{""0"": 0.011199519095295683, ""1"": 0.007645175832739909, ""2"": 0.008641297458428152, ""3"": 0.01638107436545125, ""4"": 0.008816765089913803, ""5"": 0.01729728475020207}"
control,200,p0.40,nan,1.0,8,0.4,79.60000000000001,78.99,64,99,15798,1970,1.5490364005144506,80,0.5228488468514709,0.01045697693702942,42.96889654981915,17.79970560182546,2.102415068295059,4.029189034678533,14,"{""0"": 0.010862979289841495, ""1"": 0.0047185533770111535, ""2"": 0.009376197088852086, ""3"": 0.015252910647832556, ""4"": 0.008438804225847215, ""5"": 0.014092416992792015}"
control,200,p0.40,nan,1.0,8,0.4,79.60000000000001,78.99,64,99,15798,1970,1.5490364005144506,90,0.5042198243511948,0.010084396487023898,8.567486078874206,17.911427271928,2.1108198396602886,4.217589178850292,15,"{""0"": 0.0125300046039097, ""1"": 0.00455001745653612, ""2"": 0.009214218768241026, ""3"": 0.013283482749620351, ""4"": 0.008787692736337656, ""5"": 0.01214096260749853}"
control,200,p0.40,nan,1.0,8,0.4,79.60000000000001,78.99,64,99,15798,1970,1.5490364005144506,100,0.5028076411658154,0.010056152823316311,2.4379486751283235,18.00879051345092,2.12863488345379,4.188450767713614,15,"{""0"": 0.012925843447638327, ""1"": 0.004525149549970482, ""2"": 0.008629326252273053, ""3"": 0.012708480347822942, ""4"": 0.008494284906803254, ""5"": 0.013053832435389812}"
control,200,p0.40,nan,1.0,8,0.4,79.60000000000001,78.99,64,99,15798,1970,1.5490364005144506,110,0.4826038853417182,0.009652077706834366,13.144278661086462,18.04995875639212,2.1285632935621703,4.261001362383331,15,"{""0"": 0.013413650366061272, ""1"": 0.004272854598692269, ""2"": 0.007987006360980101, ""3"": 0.011921267147892049, ""4"": 0.008595608306041825, ""5"": 0.011722079461338688}"
control,200,p0.40,nan,1.0,8,0.4,79.60000000000001,78.99,64,99,15798,1970,1.5490364005144506,120,0.45189044975589454,0.009037808995117892,5.619607448508311,18.11474768827889,2.1366221887871806,4.477320465819352,15,"{""0"": 0.014711809336648674, ""1"": 0.004050307597163986, ""2"": 0.007742244091740571, ""3"": 0.009681005378087758, ""4"": 0.009178506456563618, ""5"": 0.008862981110502741}"
control,200,p0.40,nan,1.0,8,0.4,79.60000000000001,78.99,64,99,15798,1970,1.5490364005144506,130,0.45864354755300407,0.009172870951060083,3.962786472392334,18.145441345210855,2.145894541258798,4.363661618682706,15,"{""0"": 0.014067036948632714, ""1"": 0.0041029964334883245, ""2"": 0.007868836298044923, ""3"": 0.010153532453873102, ""4"": 0.008470848419177847, ""5"": 0.010373975153143575}"
control,200,p0.40,nan,1.0,8,0.4,79.60000000000001,78.99,64,99,15798,1970,1.5490364005144506,140,0.44316147525920285,0.008863229505184058,8.007898743741139,18.20708640101935,2.150739035043007,4.46712486890999,15,"{""0"": 0.01402525686168746, ""1"": 0.0040554074460561786, ""2"": 0.007733435978802645, ""3"": 0.009038542331489905, ""4"": 0.008654183756098237, ""5"": 0.009672550656969921}"
control,200,p0.40,nan,1.0,8,0.4,79.60000000000001,78.99,64,99,15798,1970,1.5490364005144506,150,0.44589381118084015,0.008917876223616804,9.228967378799322,18.284679632915417,2.1599464995140902,4.355682555127301,15,"{""0"": 0.014249003388823673, ""1"": 0.003873719658778453, ""2"": 0.007807949413041132, ""3"": 0.009410163481020337, ""4"": 0.007780580303316903, ""5"": 0.010385841096720328}"
control,200,p0.40,nan,1.0,8,0.4,79.60000000000001,78.99,64,99,15798,1970,1.5490364005144506,160,0.43347420625279803,0.008669484125055962,6.266771264433626,18.363297130592986,2.1638638295668824,4.3591878990767166,15,"{""0"": 0.01484458383231645, ""1"": 0.0037205310395166313, ""2"": 0.007710211423181598, ""3"": 0.00898393129507007, ""4"": 0.007652987811623617, ""5"": 0.009104659348627408}"
control,200,p0.40,nan,1.0,8,0.4,79.60000000000001,78.99,64,99,15798,1970,1.5490364005144506,170,0.427290393638647,0.008545807872772941,14.998168806447158,18.429396783128894,2.176349212719466,4.283142403312677,15,"{""0"": 0.015193153015135666, ""1"": 0.003547014980304622, ""2"": 0.007603257039667771, ""3"": 0.009464593593356482, ""4"": 0.007225886020675016, ""5"": 0.008240942587498093}"
control,200,p0.40,nan,1.0,8,0.4,79.60000000000001,78.99,64,99,15798,1970,1.5490364005144506,180,0.4363264930565917,0.008726529861131834,11.06652244823648,18.502605829543217,2.186911886909556,4.297916210886246,15,"{""0"": 0.015380714170920901, ""1"": 0.0034308995529469663, ""2"": 0.007488278323626006, ""3"": 0.009572867355563858, ""4"": 0.008139365143567872, ""5"": 0.008347054620165412}"
control,200,p0.40,nan,1.0,8,0.4,79.60000000000001,78.99,64,99,15798,1970,1.5490364005144506,190,0.45440353636744213,0.009088070727348845,11.563361273567681,18.475474255287942,2.186519568491134,4.291347856055884,15,"{""0"": 0.014766213191160843, ""1"": 0.00342440603111929, ""2"": 0.007167965713329743, ""3"": 0.010211029014772537, ""4"": 0.007941548920280738, ""5"": 0.011017261493429907}"
control,200,p0.40,nan,1.0,8,0.4,79.60000000000001,78.99,64,99,15798,1970,1.5490364005144506,200,0.4476912033097057,0.008953824066194115,10.052032361035122,18.508128773095432,2.198055610072715,4.205555746809052,15,"{""0"": 0.014950192250406202, ""1"": 0.003369135172853634, ""2"": 0.007194487915247433, ""3"": 0.010336459664267907, ""4"": 0.006950873250852116, ""5"": 0.010921796143537396}"
control,200,p0.05,nan,1.0,9,0.05,9.950000000000001,10.095,1,20,2019,2019,1.5442232059857186,0,0.95729374527333,0.0191458749054666,nan,0.0,1.5442232059857186,4.460980282838637,11,"{""0"": 0.014725902988746481, ""1"": 0.01747003133813644, ""2"": 0.019456947839376564, ""3"": 0.02350754638093369, ""4"": 0.019167393817231683, ""5"": 0.020547427068374754}"
control,200,p0.05,nan,1.0,9,0.05,9.950000000000001,10.095,1,20,2019,2019,1.5442232059857186,10,0.9293196339839538,0.018586392679679077,10.700173770225641,11.91797286832513,1.922850259604984,3.073874115743439,7,"{""0"": 0.003631301484323381, ""1"": 0.017143308031900405, ""2"": 0.01751026615901272, ""3"": 0.051296023463932874, ""4"": 0.003844588907194553, ""5"": 0.018092868031710535}"
control,200,p0.05,nan,1.0,9,0.05,9.950000000000001,10.095,1,20,2019,2019,1.5442232059857186,20,0.5420417771295123,0.010840835542590249,10.68720702996935,13.67726600594589,1.918277812556808,3.2577319972611583,8,"{""0"": 0.0033215551754167314, ""1"": 0.008644786477312828, ""2"": 0.007762716088597149, ""3"": 0.02439367890981408, ""4"": 0.0034382424617524416, ""5"": 0.01748403414264827}"
control,200,p0.05,nan,1.0,9,0.05,9.950000000000001,10.095,1,20,2019,2019,1.5442232059857186,30,0.506991846791128,0.01013983693582256,3.258485773851668,14.32559592696398,1.9383106739711107,3.037656767063038,8,"{""0"": 0.0028932887625615794, ""1"": 0.009873608680715525, ""2"": 0.008312271211171797, ""3"": 0.0285582462712148, ""4"": 0.002260466896066289, ""5"": 0.008941139793205372}"
control,200,p0.05,nan,1.0,9,0.05,9.950000000000001,10.095,1,20,2019,2019,1.5442232059857186,40,0.4341542319830336,0.008683084639660674,26.014243857702898,14.700805188856805,2.0085560578732142,3.0302967320008687,7,"{""0"": 0.004661036941528878, ""1"": 0.006329897174417563, ""2"": 0.006023576173552836, ""3"": 0.027992683508016196, ""4"": 0.0018654456970935145, ""5"": 0.005225868343355048}"
control,200,p0.05,nan,1.0,9,0.05,9.950000000000001,10.095,1,20,2019,2019,1.5442232059857186,50,0.319548849921534,0.006390976998430681,17.085843667045815,15.231067636201866,1.993664107898596,3.058124688833788,7,"{""0"": 0.0032706083070146883, ""1"": 0.00822188256308793, ""2"": 0.004360446849364282, ""3"": 0.012485386810650435, ""4"": 0.003239990727540082, ""5"": 0.006767546732926672}"
control,200,p0.05,nan,1.0,9,0.05,9.950000000000001,10.095,1,20,2019,2019,1.5442232059857186,60,0.36268473668016576,0.007253694733603316,9.322451968587234,15.792452363053055,2.044987344653101,2.958230380049947,7,"{""0"": 0.007897163737742888, ""1"": 0.01026282936502059, ""2"": 0.006470263413370318, ""3"": 0.007788829564746649, ""4"": 0.006771502040796891, ""5"": 0.0043315802799425655}"
control,200,p0.05,nan,1.0,9,0.05,9.950000000000001,10.095,1,20,2019,2019,1.5442232059857186,70,0.3720803934189952,0.007441607868379905,1.671237372656292,16.011988108145154,2.0402767681266676,2.994462269518633,7,"{""0"": 0.008313550424724925, ""1"": 0.010557118939735204, ""2"": 0.007987422884465929, ""3"": 0.007323097659559319, ""4"": 0.005981992100725565, ""5"": 0.0044864652010684946}"
control,200,p0.05,nan,1.0,9,0.05,9.950000000000001,10.095,1,20,2019,2019,1.5442232059857186,80,0.3233275120719649,0.0064665502414393,1.6366022447416084,16.341051205358415,2.085588067027337,2.7680193535995516,7,"{""0"": 0.0063505827352996775, ""1"": 0.009835062185294775, ""2"": 0.003812089387792668, ""3"": 0.006887138678971274, ""4"": 0.007575834701232418, ""5"": 0.004338593760044978}"
control,200,p0.05,nan,1.0,9,0.05,9.950000000000001,10.095,1,20,2019,2019,1.5442232059857186,90,0.2998671199884517,0.005997342399769035,4.538910617708546,16.425469420281697,2.0947148355011045,2.82903026033593,7,"{""0"": 0.005972180058035158, ""1"": 0.008412767917294327, ""2"": 0.004245422232630494, ""3"": 0.007375394772459659, ""4"": 0.004806534714227392, ""5"": 0.005171754703967182}"
control,200,p0.05,nan,1.0,9,0.05,9.950000000000001,10.095,1,20,2019,2019,1.5442232059857186,100,0.28738207204438465,0.005747641440887693,21.61798180849975,16.639538268951473,2.0952221097021893,2.698671972906284,7,"{""0"": 0.005687055044319318, ""1"": 0.007770198222431654, ""2"": 0.003183436164560334, ""3"": 0.007808905831390235, ""4"": 0.004764983403820411, ""5"": 0.0052712699788042125}"
control,200,p0.05,nan,1.0,9,0.05,9.950000000000001,10.095,1,20,2019,2019,1.5442232059857186,110,0.241505105297422,0.00483010210594844,8.057400455196756,16.779935143373674,2.0846678455559964,2.8683549085622437,7,"{""0"": 0.0039764626888180565, ""1"": 0.006771471011624591, ""2"": 0.003967027612490936, ""3"": 0.00616010167577052, ""4"": 0.0024626695111620773, ""5"": 0.005642880135824464}"
control,200,p0.05,nan,1.0,9,0.05,9.950000000000001,10.095,1,20,2019,2019,1.5442232059857186,120,0.24448165431810867,0.004889633086362174,4.597212587577324,16.96534335974513,2.084025362787918,2.92899299893192,7,"{""0"": 0.0036416034706058856, ""1"": 0.006452831014336127, ""2"": 0.005377993726793343, ""3"": 0.005791290133528376, ""4"": 0.0017437585866755347, ""5"": 0.006330321586233772}"
control,200,p0.05,nan,1.0,9,0.05,9.950000000000001,10.095,1,20,2019,2019,1.5442232059857186,130,0.2494207655586193,0.004988415311172387,0.758110263330078,17.067675369245634,2.087106170343937,2.946353626374681,7,"{""0"": 0.0037395732244162178, ""1"": 0.005982461356721448, ""2"": 0.006470214362831894, ""3"": 0.005314346782241144, ""4"": 0.0012585776293714671, ""5"": 0.00716531851145215}"
control,200,p0.05,nan,1.0,9,0.05,9.950000000000001,10.095,1,20,2019,2019,1.5442232059857186,140,0.2476350715245946,0.0049527014304918925,8.77892776404419,17.19761623720835,2.0848098178347527,2.932839244780879,7,"{""0"": 0.003545948291136617, ""1"": 0.006154706000183107, ""2"": 0.005999058482304787, ""3"": 0.005266808047504465, ""4"": 0.0013281518177699723, ""5"": 0.007421535944052406}"
control,200,p0.05,nan,1.0,9,0.05,9.950000000000001,10.095,1,20,2019,2019,1.5442232059857186,150,0.24486569762564545,0.004897313952512909,2.708199004755302,17.30352939036912,2.0859793634220707,2.9076310890278307,7,"{""0"": 0.0035156636674941607, ""1"": 0.006291700251336571, ""2"": 0.0057197900911425004, ""3"": 0.0052045921946579105, ""4"": 0.0014617775498120236, ""5"": 0.00719035996063429}"
control,200,p0.05,nan,1.0,9,0.05,9.950000000000001,10.095,1,20,2019,2019,1.5442232059857186,160,0.24706283315114888,0.004941256663022978,2.1721816798149445,17.410655021456687,2.0856732231036172,2.9374483342648894,7,"{""0"": 0.0027914434627371045, ""1"": 0.006429046358775059, ""2"": 0.005978357592678368, ""3"": 0.0046851897772330385, ""4"": 0.0014141539378091507, ""5"": 0.00834934884890515}"
control,200,p0.05,nan,1.0,9,0.05,9.950000000000001,10.095,1,20,2019,2019,1.5442232059857186,170,0.24583032041155145,0.004916606408231029,6.25900303461772,17.545711330634912,2.087123567327576,2.922589568121771,7,"{""0"": 0.002476108698774874, ""1"": 0.006510484313827658, ""2"": 0.005691873383011795, ""3"": 0.004631177562123391, ""4"": 0.001556764033556057, ""5"": 0.008633230458092401}"
control,200,p0.05,nan,1.0,9,0.05,9.950000000000001,10.095,1,20,2019,2019,1.5442232059857186,180,0.24009920502360077,0.004801984100472016,4.029331572177233,17.618515882642043,2.0885909545503383,2.925917132515018,7,"{""0"": 0.0024241823438231136, ""1"": 0.006354104106594133, ""2"": 0.005752875447035991, ""3"": 0.0047135375685096485, ""4"": 0.001501116443187594, ""5"": 0.008066088693681618}"
control,200,p0.05,nan,1.0,9,0.05,9.950000000000001,10.095,1,20,2019,2019,1.5442232059857186,190,0.23361533927168077,0.004672306785433616,3.505299870525635,17.67511027315424,2.0938997586975683,2.8948235948131638,7,"{""0"": 0.0026442451598986073, ""1"": 0.006225590387411098, ""2"": 0.005405342403917917, ""3"": 0.005026848733407548, ""4"": 0.001483391561910851, ""5"": 0.007248422466055678}"
control,200,p0.05,nan,1.0,9,0.05,9.950000000000001,10.095,1,20,2019,2019,1.5442232059857186,200,0.23016022449553583,0.0046032044899107175,1.9863170611924137,17.73715105022323,2.0963405734287357,2.8566642913654414,7,"{""0"": 0.0025968729870094035, ""1"": 0.006495057394298132, ""2"": 0.005018058766449889, ""3"": 0.005049042807703062, ""4"": 0.0016700988697253359, ""5"": 0.006790096114278485}"
control,200,p0.10,nan,1.0,9,0.1,19.900000000000002,20.025,9,33,4005,2019,1.5574610548329286,0,1.0269833519818814,0.020539667039637628,nan,0.0,1.5574610548329286,6.271648288832789,13,"{""0"": 0.020929644034970718, ""1"": 0.019944777873161786, ""2"": 0.019057860883476233, ""3"": 0.021035581208277802, ""4"": 0.021245892720405953, ""5"": 0.021024245517533284}"
control,200,p0.10,nan,1.0,9,0.1,19.900000000000002,20.025,9,33,4005,2019,1.5574610548329286,10,0.9079804431681379,0.01815960886336276,8.97290302551228,13.237135347378004,1.9664440860061965,3.2493681886755312,9,"{""0"": 0.0016303417331567116, ""1"": 0.03934768117368857, ""2"": 0.025266255416560923, ""3"": 0.011669443087559631, ""4"": 0.009799771062618779, ""5"": 0.021244160706591946}"
control,200,p0.10,nan,1.0,9,0.1,19.900000000000002,20.025,9,33,4005,2019,1.5574610548329286,20,0.6924484388908871,0.013848968777817746,2.458227177891801,14.650928064817766,2.0921450545047584,3.278768850008482,10,"{""0"": 0.0027670669173937195, ""1"": 0.030232566970262352, ""2"": 0.019159218847861113, ""3"": 0.0061496306403778745, ""4"": 0.005861243523956525, ""5"": 0.018924085767054878}"
control,200,p0.10,nan,1.0,9,0.1,19.900000000000002,20.025,9,33,4005,2019,1.5574610548329286,30,0.6550193011563777,0.013100386023127557,8.805287438989334,15.097378165216568,1.9869032365136516,3.4354847651201417,10,"{""0"": 0.0019287815101860118, ""1"": 0.02810251641639507, ""2"": 0.01516513671992179, ""3"": 0.013068024200951383, ""4"": 0.005988758999762806, ""5"": 0.014349098291548295}"
control,200,p0.10,nan,1.0,9,0.1,19.900000000000002,20.025,9,33,4005,2019,1.5574610548329286,40,0.5518871506874328,0.011037743013748658,2.268514727748736,15.295301073637477,2.039921527707749,3.8320677042196154,12,"{""0"": 0.0034559827494900705, ""1"": 0.022433762816396065, ""2"": 0.01164213807288907, ""3"": 0.012815814396591449, ""4"": 0.004935140136353713, ""5"": 0.010943619910771578}"
control,200,p0.10,nan,1.0,9,0.1,19.900000000000002,20.025,9,33,4005,2019,1.5574610548329286,50,0.5459124135643487,0.010918248271286976,12.45410481100373,15.57729346583864,2.0035953141238902,3.408039818829451,11,"{""0"": 0.004982021394948975, ""1"": 0.02588245956155314, ""2"": 0.00590733781684114, ""3"": 0.014109887739730292, ""4"": 0.005036025981649826, ""5"": 0.00959175713299848}"
control,200,p0.10,nan,1.0,9,0.1,19.900000000000002,20.025,9,33,4005,2019,1.5574610548329286,60,0.5178525970540301,0.010357051941080603,4.985707319547851,15.932099782819119,1.9982553128218568,3.200965663254539,10,"{""0"": 0.004699354542864408, ""1"": 0.02659108382576183, ""2"": 0.004312751371699906, ""3"": 0.013127410756123928, ""4"": 0.004812467334737918, ""5"": 0.008599243815295633}"
control,200,p0.10,nan,1.0,9,0.1,19.900000000000002,20.025,9,33,4005,2019,1.5574610548329286,70,0.49130413181105853,0.009826082636221171,7.803525346158744,16.183638237066624,2.049825361000697,3.359670477132663,11,"{""0"": 0.00454188225457596, ""1"": 0.02264713237765778, ""2"": 0.004397068389881487, ""3"": 0.013668608400667854, ""4"": 0.004869621142022111, ""5"": 0.008832183252521835}"
control,200,p0.10,nan,1.0,9,0.1,19.900000000000002,20.025,9,33,4005,2019,1.5574610548329286,80,0.48528363769094934,0.009705672753818988,9.18622779277338,16.441017290667904,2.0820483331943267,3.252398675787931,10,"{""0"": 0.00480249364080039, ""1"": 0.022171042092623088, ""2"": 0.003790431911968959, ""3"": 0.014860060416749954, ""4"": 0.005345147191456253, ""5"": 0.007264861269315287}"
control,200,p0.10,nan,1.0,9,0.1,19.900000000000002,20.025,9,33,4005,2019,1.5574610548329286,90,0.4611405143039357,0.009222810286078716,6.5940933101731884,16.653817991068347,2.1089138582623206,3.404707306333086,11,"{""0"": 0.005487423349468072, ""1"": 0.018586319444031333, ""2"": 0.004349080182412264, ""3"": 0.013729972379219487, ""4"": 0.004995571400877823, ""5"": 0.008188494960463312}"
control,200,p0.10,nan,1.0,9,0.1,19.900000000000002,20.025,9,33,4005,2019,1.5574610548329286,100,0.4365411316635607,0.008730822633271214,6.446156940615695,16.70768225120471,2.095423967009043,3.2191719587933134,11,"{""0"": 0.006005586236685135, ""1"": 0.016078055271869906, ""2"": 0.004189498100943578, ""3"": 0.013532745011095925, ""4"": 0.005883781269830669, ""5"": 0.006695269909202067}"
control,200,p0.10,nan,1.0,9,0.1,19.900000000000002,20.025,9,33,4005,2019,1.5574610548329286,110,0.4182725449307895,0.008365450898615791,5.157598194338632,16.819140463465885,2.093899713473244,3.348060270465526,11,"{""0"": 0.004478530935679341, ""1"": 0.014784486410202349, ""2"": 0.004266104903157237, ""3"": 0.013790319743440364, ""4"": 0.0061913548715095395, ""5"": 0.006681908527705928}"
control,200,p0.10,nan,1.0,9,0.1,19.900000000000002,20.025,9,33,4005,2019,1.5574610548329286,120,0.3980467632305259,0.00796093526461052,11.758499266235473,16.891805228835448,2.110673724618845,3.4541370915798484,11,"{""0"": 0.004428217400635653, ""1"": 0.013178967214552886, ""2"": 0.004467523807656706, ""3"": 0.01228875118436012, ""4"": 0.005678965746766795, ""5"": 0.007723186233690955}"
control,200,p0.10,nan,1.0,9,0.1,19.900000000000002,20.025,9,33,4005,2019,1.5574610548329286,130,0.3867756814608065,0.007735513629216131,2.3536028567358183,16.96441576045746,2.121131882550296,3.5552134640956568,11,"{""0"": 0.004886782875098332, ""1"": 0.010963610872478343, ""2"": 0.0049943683686118675, ""3"": 0.012263306339052588, ""4"": 0.005316713137782143, ""5"": 0.007988300182273507}"
control,200,p0.10,nan,1.0,9,0.1,19.900000000000002,20.025,9,33,4005,2019,1.5574610548329286,140,0.3669721799813984,0.007339443599627969,2.768778803166262,17.052110823450384,2.1089600412917813,3.6159520859780874,11,"{""0"": 0.005210198960392123, ""1"": 0.0081009924757395, ""2"": 0.004830820649193489, ""3"": 0.012610501232703172, ""4"": 0.005542486748420155, ""5"": 0.007741661531319377}"
control,200,p0.10,nan,1.0,9,0.1,19.900000000000002,20.025,9,33,4005,2019,1.5574610548329286,150,0.36495932815338267,0.007299186563067654,9.830729316949803,17.098325432329478,2.1141589361489896,3.712307901806568,12,"{""0"": 0.005414477080614157, ""1"": 0.007441003867292098, ""2"": 0.006201625923796933, ""3"": 0.011745340621553897, ""4"": 0.005495299056864909, ""5"": 0.00749737282828393}"
control,200,p0.10,nan,1.0,9,0.1,19.900000000000002,20.025,9,33,4005,2019,1.5574610548329286,160,0.3595848715258688,0.007191697430517377,10.791826644857949,17.125517741093326,2.1143433489941765,3.7406028404506113,12,"{""0"": 0.004533665052054824, ""1"": 0.007463967332044549, ""2"": 0.007546810453891828, ""3"": 0.010597931646772302, ""4"": 0.004743201258507923, ""5"": 0.008264608839832835}"
control,200,p0.10,nan,1.0,9,0.1,19.900000000000002,20.025,9,33,4005,2019,1.5574610548329286,170,0.3704809608989452,0.007409619217978905,5.100122044970327,17.227613768543943,2.1131770011529687,3.7348432871874064,12,"{""0"": 0.004618460182979129, ""1"": 0.0076644331724538065, ""2"": 0.007208382793775138, ""3"": 0.010982554285579751, ""4"": 0.005088348095952136, ""5"": 0.008895536777133473}"
control,200,p0.10,nan,1.0,9,0.1,19.900000000000002,20.025,9,33,4005,2019,1.5574610548329286,180,0.37096790110622735,0.007419358022124548,10.518179507124167,17.264757199924826,2.114905402470648,3.705935542274075,11,"{""0"": 0.004844767224171837, ""1"": 0.0076654021581646845, ""2"": 0.006824616785194654, ""3"": 0.01159414303086697, ""4"": 0.0051230789814460526, ""5"": 0.00846413995290309}"
control,200,p0.10,nan,1.0,9,0.1,19.900000000000002,20.025,9,33,4005,2019,1.5574610548329286,190,0.3680175390512623,0.007360350781025247,3.0969922399350533,17.347010632505604,2.1095892105884637,3.6642298945276432,11,"{""0"": 0.004962929796325502, ""1"": 0.007762034421524125, ""2"": 0.006411672230885203, ""3"": 0.011949467484402803, ""4"": 0.005208197090339284, ""5"": 0.007867803662674566}"
control,200,p0.10,nan,1.0,9,0.1,19.900000000000002,20.025,9,33,4005,2019,1.5574610548329286,200,0.36334384407730685,0.007266876881546138,8.957236325854085,17.386967576296396,2.111057942606981,3.6447106848006334,11,"{""0"": 0.0049523401657840666, ""1"": 0.007641900547902, ""2"": 0.006421532827932223, ""3"": 0.011850833468555307, ""4"": 0.0050678169681610125, ""5"": 0.007666837310942221}"
control,200,p0.20,nan,1.0,9,0.2,39.800000000000004,40.19,26,59,8038,2019,1.6023630152012693,0,1.0063397248711445,0.020126794497422894,nan,0.0,1.6023630152012693,6.085513835299136,13,"{""0"": 0.018379050721359487, ""1"": 0.01771186658050492, ""2"": 0.018135538477318077, ""3"": 0.02170706674343617, ""4"": 0.022004922338812634, ""5"": 0.02282232212310607}"
control,200,p0.20,nan,1.0,9,0.2,39.800000000000004,40.19,26,59,8038,2019,1.6023630152012693,10,0.6895609653380609,0.01379121930676122,8.141831915167732,13.064789090022837,1.9502284189979031,4.405171712191537,13,"{""0"": 0.018049006832762428, ""1"": 0.009144759334377552, ""2"": 0.016473974521722203, ""3"": 0.008303968595725563, ""4"": 0.00600349569064126, ""5"": 0.024772110865338322}"
control,200,p0.20,nan,1.0,9,0.2,39.800000000000004,40.19,26,59,8038,2019,1.6023630152012693,20,0.6108153390309645,0.012216306780619293,13.417468366858433,14.653649050751767,2.0929066775554817,3.4915915243177613,11,"{""0"": 0.025198853733531888, ""1"": 0.010728478631564883, ""2"": 0.00415366100677312, ""3"": 0.015417617242648035, ""4"": 0.007728823208565891, ""5"": 0.010070406860631936}"
control,200,p0.20,nan,1.0,9,0.2,39.800000000000004,40.19,26,59,8038,2019,1.6023630152012693,30,0.5964035264985024,0.011928070529970048,6.084794938848748,14.679397822620608,2.1115306585320446,3.871384106385492,11,"{""0"": 0.018733346385203624, ""1"": 0.010459526431416977, ""2"": 0.008056505726276008, ""3"": 0.020184923830131013, ""4"": 0.0068118005954774016, ""5"": 0.007322320211315274}"
control,200,p0.20,nan,1.0,9,0.2,39.800000000000004,40.19,26,59,8038,2019,1.6023630152012693,40,0.6153060894994079,0.01230612178998816,3.8096064202712157,15.192920920718045,2.1391755573733438,3.5346884366056166,11,"{""0"": 0.020918199472246234, ""1"": 0.013291088455533302, ""2"": 0.005158524800269723, ""3"": 0.0218729950114273, ""4"": 0.00641829957123628, ""5"": 0.006177623429216105}"
control,200,p0.20,nan,1.0,9,0.2,39.800000000000004,40.19,26,59,8038,2019,1.6023630152012693,50,0.6216775625214398,0.012433551250428797,48.300880128875164,15.22939262522139,2.1066347803863064,3.5888676078486337,11,"{""0"": 0.019697490070178746, ""1"": 0.019141243883953357, ""2"": 0.0033617618371101733, ""3"": 0.020673916847368044, ""4"": 0.006586822036123553, ""5"": 0.0051400728278389015}"
control,200,p0.20,nan,1.0,9,0.2,39.800000000000004,40.19,26,59,8038,2019,1.6023630152012693,60,0.5954204786137393,0.011908409572274787,14.958261614255473,15.303089554454733,2.1171988657535055,3.836153270809219,11,"{""0"": 0.02359495794996761, ""1"": 0.015054362108069244, ""2"": 0.0027744051910569825, ""3"": 0.016009667577021557, ""4"": 0.007416517143655009, ""5"": 0.006600547463878325}"
control,200,p0.20,nan,1.0,9,0.2,39.800000000000004,40.19,26,59,8038,2019,1.6023630152012693,70,0.5581260541364872,0.011162521082729747,1.4329154520509584,15.443829968754468,2.1496500982075224,3.90670545354174,11,"{""0"": 0.022950062865616825, ""1"": 0.013187259067459076, ""2"": 0.0027112729007225975, ""3"": 0.014643830724299159, ""4"": 0.006219624553084585, ""5"": 0.007263076385196228}"
control,200,p0.20,nan,1.0,9,0.2,39.800000000000004,40.19,26,59,8038,2019,1.6023630152012693,80,0.5522795579882797,0.011045591159765595,3.456077818701135,15.639567269536805,2.1436289590792263,3.9826689228933856,11,"{""0"": 0.022697882151649213, ""1"": 0.014022631115843422, ""2"": 0.002514159554156375, ""3"": 0.015059429907519989, ""4"": 0.005036250172464025, ""5"": 0.006943194056960549}"
control,200,p0.20,nan,1.0,9,0.2,39.800000000000004,40.19,26,59,8038,2019,1.6023630152012693,90,0.5396238579040139,0.010792477158080278,3.534338708057354,15.827751891654305,2.146126721482751,4.230479892877415,12,"{""0"": 0.024039879418885017, ""1"": 0.011141755382236914, ""2"": 0.0026756039127409127, ""3"": 0.015891610436649044, ""4"": 0.003484127197839273, ""5"": 0.0075218866001305175}"
control,200,p0.20,nan,1.0,9,0.2,39.800000000000004,40.19,26,59,8038,2019,1.6023630152012693,100,0.517773694384188,0.01035547388768376,5.033345196304599,15.97806872872196,2.1505620143810056,4.063651356220389,11,"{""0"": 0.02260172826725284, ""1"": 0.010760392134981454, ""2"": 0.0024973128752401423, ""3"": 0.01580763931423581, ""4"": 0.0037554928408999656, ""5"": 0.006710277893492348}"
control,200,p0.20,nan,1.0,9,0.2,39.800000000000004,40.19,26,59,8038,2019,1.6023630152012693,110,0.5002406704476049,0.0100048134089521,7.155376944022769,15.941650813322257,2.158486692830338,4.076840075183885,12,"{""0"": 0.02219808857283397, ""1"": 0.010058420554198824, ""2"": 0.0027523978773708294, ""3"": 0.014727992185937422, ""4"": 0.003279844117250728, ""5"": 0.007012137146120823}"
control,200,p0.20,nan,1.0,9,0.2,39.800000000000004,40.19,26,59,8038,2019,1.6023630152012693,120,0.487691991706319,0.009753839834126381,0.6382802100960254,15.982884694412553,2.1650348881979373,4.107153147628122,11,"{""0"": 0.020327926445373432, ""1"": 0.010765835192340225, ""2"": 0.0028548501698916116, ""3"": 0.013731217128029518, ""4"": 0.003353973868391387, ""5"": 0.007489236200732105}"
control,200,p0.20,nan,1.0,9,0.2,39.800000000000004,40.19,26,59,8038,2019,1.6023630152012693,130,0.4695793966579135,0.009391587933158271,2.3978587660660557,16.027309543965593,2.1780245020719198,4.12933769140275,11,"{""0"": 0.018687835914973458, ""1"": 0.011343987353335822, ""2"": 0.002981852119411071, ""3"": 0.012697693074244756, ""4"": 0.0031173777062374042, ""5"": 0.007520781430747109}"
control,200,p0.20,nan,1.0,9,0.2,39.800000000000004,40.19,26,59,8038,2019,1.6023630152012693,140,0.4681553500748484,0.009363107001496968,12.99295885027583,16.109741046739835,2.1816136478134163,4.218560148047741,11,"{""0"": 0.018004996880181735, ""1"": 0.01113757635184502, ""2"": 0.002844829433628431, ""3"": 0.012962427940119458, ""4"": 0.003431949490114631, ""5"": 0.007796861913092534}"
control,200,p0.20,nan,1.0,9,0.2,39.800000000000004,40.19,26,59,8038,2019,1.6023630152012693,150,0.4624619322981829,0.00924923864596366,6.058271476687268,16.22459418125401,2.1810428682598393,4.274649420162626,12,"{""0"": 0.0185105198861931, ""1"": 0.010990359839862818, ""2"": 0.0027799766153935594, ""3"": 0.011505969160473367, ""4"": 0.0035526375856486437, ""5"": 0.008155968788210465}"
control,200,p0.20,nan,1.0,9,0.2,39.800000000000004,40.19,26,59,8038,2019,1.6023630152012693,160,0.4840164356760322,0.009680328713520646,7.49216852442985,16.276511936717977,2.1783402254241686,4.19448104893134,12,"{""0"": 0.021121898084226046, ""1"": 0.010977527554016212, ""2"": 0.0028001156489294407, ""3"": 0.011084139875555203, ""4"": 0.003763727979243064, ""5"": 0.008334563139153909}"
control,200,p0.20,nan,1.0,9,0.2,39.800000000000004,40.19,26,59,8038,2019,1.6023630152012693,170,0.4711330175595429,0.009422660351190859,6.126636902207284,16.312835096957784,2.1847183117422677,4.198463652655818,12,"{""0"": 0.02007229550273609, ""1"": 0.010850350601594061, ""2"": 0.0027820546211978505, ""3"": 0.010297390628335599, ""4"": 0.0040728082010039, ""5"": 0.008461062552277656}"
control,200,p0.20,nan,1.0,9,0.2,39.800000000000004,40.19,26,59,8038,2019,1.6023630152012693,180,0.46596684973691993,0.0093193369947384,28.432980903378706,16.363044055008746,2.181439783650646,4.186014577195461,12,"{""0"": 0.019353271670599942, ""1"": 0.011273554812227068, ""2"": 0.002766768456976391, ""3"": 0.010098441971984413, ""4"": 0.004051712850504536, ""5"": 0.008372272206138048}"
control,200,p0.20,nan,1.0,9,0.2,39.800000000000004,40.19,26,59,8038,2019,1.6023630152012693,190,0.46435153095132736,0.009287030619026549,13.802507648720718,16.469170418974592,2.1984129707646436,4.069777328905844,11,"{""0"": 0.02065344535957681, ""1"": 0.010274748165887705, ""2"": 0.0027100575185739647, ""3"": 0.010419328477618468, ""4"": 0.003783707059567589, ""5"": 0.007880897132934757}"
control,200,p0.20,nan,1.0,9,0.2,39.800000000000004,40.19,26,59,8038,2019,1.6023630152012693,200,0.480139390215885,0.0096027878043177,5.396667741891746,16.54539621629363,2.202962680588683,3.932953082076921,11,"{""0"": 0.022091031590973118, ""1"": 0.010709141739136044, ""2"": 0.002632927888861503, ""3"": 0.010635820769998968, ""4"": 0.004007962345527602, ""5"": 0.007539842491408969}"
control,200,p0.40,nan,1.0,9,0.4,79.60000000000001,80.03,62,98,16006,2019,1.592345332418745,0,1.0035901461108314,0.02007180292221663,nan,0.0,1.592345332418745,6.889647317837797,14,"{""0"": 0.019445951408837862, ""1"": 0.02020987070770894, ""2"": 0.020628606357061773, ""3"": 0.019094206083195807, ""4"": 0.0196241583246025, ""5"": 0.02142802465189289}"
control,200,p0.40,nan,1.0,9,0.4,79.60000000000001,80.03,62,98,16006,2019,1.592345332418745,10,0.5592712570436148,0.011185425140872297,19.429225839894656,11.811681663595643,2.1262230528937307,2.5778310962773974,8,"{""0"": 0.0034553455463733436, ""1"": 0.02090719811911527, ""2"": 0.0055425215269843935, ""3"": 0.01993211966986854, ""4"": 0.009977260616929039, ""5"": 0.007298105365963199}"
control,200,p0.40,nan,1.0,9,0.4,79.60000000000001,80.03,62,98,16006,2019,1.592345332418745,20,0.47582739481674496,0.0095165478963349,26.57461434221445,12.998094559763194,2.163975383276683,2.8596919952084265,9,"{""0"": 0.005187794587165883, ""1"": 0.023041591104029695, ""2"": 0.003135998637561981, ""3"": 0.01680279606884987, ""4"": 0.005066699689334875, ""5"": 0.003864407291067097}"
control,200,p0.40,nan,1.0,9,0.4,79.60000000000001,80.03,62,98,16006,2019,1.592345332418745,30,0.4461930321043547,0.008923860642087096,4.489174816078319,13.95676646897356,2.1963064067797933,2.895439284186346,9,"{""0"": 0.005307016649444767, ""1"": 0.018675623220241706, ""2"": 0.003527079283682292, ""3"": 0.018050015098802344, ""4"": 0.0041049984764368105, ""5"": 0.0038784311239146523}"
control,200,p0.40,nan,1.0,9,0.4,79.60000000000001,80.03,62,98,16006,2019,1.592345332418745,40,0.430937903436704,0.008618758068734082,12.734422918006853,14.410060830132712,2.183714283592565,2.886878754683166,9,"{""0"": 0.0061484777785838956, ""1"": 0.017158581809652008, ""2"": 0.003053564164547051, ""3"": 0.018342704221437967, ""4"": 0.0036189649013623794, ""5"": 0.003390255536821196}"
control,200,p0.40,nan,1.0,9,0.4,79.60000000000001,80.03,62,98,16006,2019,1.592345332418745,50,0.4024380040453627,0.008048760080907253,45.40341065247471,14.748505930146658,2.185002621993723,2.9831489068594914,9,"{""0"": 0.006326976869181755, ""1"": 0.01722126309418383, ""2"": 0.0027797448090237497, ""3"": 0.01539831368799997, ""4"": 0.0033763316563393793, ""5"": 0.003189930368714836}"
control,200,p0.40,nan,1.0,9,0.4,79.60000000000001,80.03,62,98,16006,2019,1.592345332418745,60,0.3345731362131196,0.0066914627242623936,4.4790242580067225,15.128447384127806,2.1260364683546573,3.220025183151865,10,"{""0"": 0.006720377859642733, ""1"": 0.012799482924522787, ""2"": 0.0033087119389840674, ""3"": 0.010345664505662103, ""4"": 0.002869299652101641, ""5"": 0.004105239464661027}"
control,200,p0.40,nan,1.0,9,0.4,79.60000000000001,80.03,62,98,16006,2019,1.592345332418745,70,0.3621181568117975,0.00724236313623595,6.437306766131925,15.336006009953405,2.1177185584487574,3.403351914611339,10,"{""0"": 0.006570611171266292, ""1"": 0.012172979694360311, ""2"": 0.004523119458015451, ""3"": 0.010114888359575856, ""4"": 0.003013294069085325, ""5"": 0.007059286065112471}"
control,200,p0.40,nan,1.0,9,0.4,79.60000000000001,80.03,62,98,16006,2019,1.592345332418745,80,0.36640833735543366,0.007328166747108674,7.904899562782764,15.58815494026678,2.1103301954040066,3.4095158377777874,10,"{""0"": 0.005376145870920325, ""1"": 0.012919404740560848, ""2"": 0.004167145505334062, ""3"": 0.01140370256935173, ""4"": 0.0029114730136901917, ""5"": 0.007191128782794889}"
control,200,p0.40,nan,1.0,9,0.4,79.60000000000001,80.03,62,98,16006,2019,1.592345332418745,90,0.3399671880050504,0.006799343760101008,10.954493590130324,15.514140327452367,2.1418835210460108,3.3604522511587436,10,"{""0"": 0.006016130381543032, ""1"": 0.011482870643172225, ""2"": 0.0034138218403575024, ""3"": 0.010870656940360256, ""4"": 0.002570942027327857, ""5"": 0.006441640727845177}"
control,200,p0.40,nan,1.0,9,0.4,79.60000000000001,80.03,62,98,16006,2019,1.592345332418745,100,0.33883460545204397,0.0067766921090408805,3.326338136575004,15.68930555749775,2.156652481865734,3.2446430463606686,10,"{""0"": 0.006937600994178256, ""1"": 0.011639463635937528, ""2"": 0.003109034191196139, ""3"": 0.011407100343066637, ""4"": 0.0024471075987592943, ""5"": 0.0051198458911074305}"
control,200,p0.40,nan,1.0,9,0.4,79.60000000000001,80.03,62,98,16006,2019,1.592345332418745,110,0.32041338278182707,0.006408267655636543,5.775039243436731,15.813775827452883,2.150419476757551,3.3786146864548696,10,"{""0"": 0.005497323354174802, ""1"": 0.011016303687928376, ""2"": 0.004020512230233173, ""3"": 0.010128012829247397, ""4"": 0.0024147105947698354, ""5"": 0.005372743237465677}"
control,200,p0.40,nan,1.0,9,0.4,79.60000000000001,80.03,62,98,16006,2019,1.592345332418745,120,0.30279597003224074,0.006055919400644816,1.7788945936504608,15.863692488903284,2.1493671796582983,3.3441816827513478,10,"{""0"": 0.005233400453059431, ""1"": 0.009941209323241114, ""2"": 0.0041552245175666145, ""3"": 0.010067360794173415, ""4"": 0.002585127577961796, ""5"": 0.004353193737866521}"
control,200,p0.40,nan,1.0,9,0.4,79.60000000000001,80.03,62,98,16006,2019,1.592345332418745,130,0.30093646040027844,0.006018729208005569,3.0919268988008373,16.010987013514082,2.148381826379709,3.4092174333307494,10,"{""0"": 0.0051577170692477855, ""1"": 0.009016105905129189, ""2"": 0.004669678665856851, ""3"": 0.010329904773384526, ""4"": 0.0022238117303683487, ""5"": 0.004715157104046715}"
control,200,p0.40,nan,1.0,9,0.4,79.60000000000001,80.03,62,98,16006,2019,1.592345332418745,140,0.29240136890456087,0.005848027378091218,19.95508108207827,16.072644925200578,2.157347032911463,3.409276559067882,10,"{""0"": 0.004930466474714581, ""1"": 0.008427198370998697, ""2"": 0.004511066924885612, ""3"": 0.010605670753240527, ""4"": 0.0024023770492317925, ""5"": 0.004211384695476095}"
control,200,p0.40,nan,1.0,9,0.4,79.60000000000001,80.03,62,98,16006,2019,1.592345332418745,150,0.2814616145193615,0.005629232290387231,5.472445280230462,16.105899220936497,2.156762992676617,3.4650295056974634,10,"{""0"": 0.004792584128790948, ""1"": 0.007965069684439843, ""2"": 0.004640456056014402, ""3"": 0.009640209750257912, ""4"": 0.0022344957197654334, ""5"": 0.004502578403054849}"
control,200,p0.40,nan,1.0,9,0.4,79.60000000000001,80.03,62,98,16006,2019,1.592345332418745,160,0.2834976481491409,0.005669952962982819,1.7690792974844496,16.164104383832278,2.145118129482446,3.472075903130127,10,"{""0"": 0.004637951463346681, ""1"": 0.007904053799209205, ""2"": 0.005201756489771341, ""3"": 0.009506683619404759, ""4"": 0.002093442809507147, ""5"": 0.004675829596657782}"
control,200,p0.40,nan,1.0,9,0.4,79.60000000000001,80.03,62,98,16006,2019,1.592345332418745,170,0.28589291934927336,0.005717858386985467,2.9650149731985445,16.228262971308123,2.141268272375038,3.479344657688675,10,"{""0"": 0.004511739027945135, ""1"": 0.008208071021901714, ""2"": 0.005222005522937933, ""3"": 0.009571233684206839, ""4"": 0.0021495420285347097, ""5"": 0.0046445590363864715}"
control,200,p0.40,nan,1.0,9,0.4,79.60000000000001,80.03,62,98,16006,2019,1.592345332418745,180,0.28729592893777844,0.0057459185787555695,4.447425930163142,16.294280744634754,2.148734520926798,3.461036661982117,10,"{""0"": 0.004476381637881059, ""1"": 0.008805734042778754, ""2"": 0.004944824804071793, ""3"": 0.0094850023293107, ""4"": 0.002176597020098165, ""5"": 0.004586971638392946}"
control,200,p0.40,nan,1.0,9,0.4,79.60000000000001,80.03,62,98,16006,2019,1.592345332418745,190,0.29057287567559276,0.005811457513511856,5.339253832415492,16.34287152168633,2.1560086408657675,3.452735872342295,10,"{""0"": 0.004491452839868584, ""1"": 0.00863089154921522, ""2"": 0.004751603344854177, ""3"": 0.010251727801719072, ""4"": 0.0022219697609819717, ""5"": 0.0045210997844321085}"
control,200,p0.40,nan,1.0,9,0.4,79.60000000000001,80.03,62,98,16006,2019,1.592345332418745,200,0.2737264054379792,0.005474528108759586,2.1783996751975683,16.391372005455324,2.1655198000846223,3.4618001100664126,10,"{""0"": 0.004289755344636691, ""1"": 0.00823829242302975, ""2"": 0.0045578860514869, ""3"": 0.009353224211968908, ""4"": 0.0023931495938934017, ""5"": 0.004014861027541864}"
control,200,p0.05,nan,1.0,10,0.05,9.950000000000001,9.65,3,18,1930,1930,1.6004467644631526,0,0.9400314953771648,0.018800629907543297,nan,0.0,1.6004467644631526,6.233823172808147,12,"{""0"": 0.016858676654577485, ""1"": 0.01633160401691394, ""2"": 0.020840427679226323, ""3"": 0.018531921858469025, ""4"": 0.019307240026044902, ""5"": 0.020933909210028107}"
control,200,p0.05,nan,1.0,10,0.05,9.950000000000001,9.65,3,18,1930,1930,1.6004467644631526,10,0.709144220503821,0.01418288441007642,2.0610334147820693,11.083870057436446,2.2842233203763636,2.5963712560203756,7,"{""0"": 0.01636136742095238, ""1"": 0.002016599265477808, ""2"": 0.020049062605098165, ""3"": 0.024922322114477563, ""4"": 0.002464252175076867, ""5"": 0.019283702879375742}"
control,200,p0.05,nan,1.0,10,0.05,9.950000000000001,9.65,3,18,1930,1930,1.6004467644631526,20,0.7977629479968817,0.015955258959937636,3.825066528062178,13.219010392143424,2.222774300575584,2.7374026683166277,7,"{""0"": 0.0036951457233908316, ""1"": 0.012205736361746882, ""2"": 0.0331210726763561, ""3"": 0.016556469789730122, ""4"": 0.00932222382629724, ""5"": 0.020830905382104626}"
control,200,p0.05,nan,1.0,10,0.05,9.950000000000001,9.65,3,18,1930,1930,1.6004467644631526,30,0.6698844404133167,0.013397688808266337,7.5957964679788335,14.009478272866277,2.1826759601988375,2.8793777765390014,7,"{""0"": 0.003527894222274833, ""1"": 0.012294661730028678, ""2"": 0.028584617691369524, ""3"": 0.017126501630802676, ""4"": 0.01202271582641964, ""5"": 0.00682974174870266}"
control,200,p0.05,nan,1.0,10,0.05,9.950000000000001,9.65,3,18,1930,1930,1.6004467644631526,40,0.5547948591054055,0.01109589718210811,9.876207108757477,14.141390094043041,2.088824618368,3.1017995562124496,8,"{""0"": 0.0029675047196009025, ""1"": 0.0066463846596256345, ""2"": 0.023441716514449172, ""3"": 0.023352712831031498, ""4"": 0.004554349889972664, ""5"": 0.00561271447796879}"
control,200,p0.05,nan,1.0,10,0.05,9.950000000000001,9.65,3,18,1930,1930,1.6004467644631526,50,0.6269317690054232,0.012538635380108467,3.2943909666605453,14.629414370529563,2.1328401756483726,2.8854619241896398,7,"{""0"": 0.0025607232280016744, ""1"": 0.005796779955697337, ""2"": 0.03171003557752269, ""3"": 0.024051049566694967, ""4"": 0.005631956153049837, ""5"": 0.005481267799684298}"
control,200,p0.05,nan,1.0,10,0.05,9.950000000000001,9.65,3,18,1930,1930,1.6004467644631526,60,0.6047186840448505,0.012094373680897011,3.950305524476877,14.75104230539789,2.15789809191249,2.989334959245917,7,"{""0"": 0.003087098619399312, ""1"": 0.0038854544350410735, ""2"": 0.033409849458971644, ""3"": 0.023835127405552443, ""4"": 0.0045493234454814626, ""5"": 0.0037993887209361228}"
control,200,p0.05,nan,1.0,10,0.05,9.950000000000001,9.65,3,18,1930,1930,1.6004467644631526,70,0.518250451599894,0.010365009031997881,49.439513067507875,15.000950541158648,2.1546233689422243,3.098949069554031,8,"{""0"": 0.0032783220636062394, ""1"": 0.003919733954026441, ""2"": 0.024782826912674548, ""3"": 0.021937287887470906, ""4"": 0.0035318504634607195, ""5"": 0.004740032910748441}"
control,200,p0.05,nan,1.0,10,0.05,9.950000000000001,9.65,3,18,1930,1930,1.6004467644631526,80,0.4952098603250634,0.009904197206501271,6.778824471175336,15.212179842383929,2.152913905529379,3.174067482951065,8,"{""0"": 0.003434687610001303, ""1"": 0.003334503154872074, ""2"": 0.02633015631210043, ""3"": 0.018719781072266583, ""4"": 0.0034900977212118656, ""5"": 0.0041159573685553685}"
control,200,p0.05,nan,1.0,10,0.05,9.950000000000001,9.65,3,18,1930,1930,1.6004467644631526,90,0.49558014273279044,0.00991160285465581,4.095998472349623,15.537370929563714,2.172216720224659,2.9861252555736866,8,"{""0"": 0.0027452725004201073, ""1"": 0.004088496363675503, ""2"": 0.027263659107446138, ""3"": 0.01741030428165285, ""4"": 0.003955876607317754, ""5"": 0.0040060082674224975}"
control,200,p0.05,nan,1.0,10,0.05,9.950000000000001,9.65,3,18,1930,1930,1.6004467644631526,100,0.43085913205369747,0.00861718264107395,6.00247436870929,15.684608103772309,2.170504445031907,3.1151712770950755,8,"{""0"": 0.003058318248304423, ""1"": 0.002817022912180824, ""2"": 0.022912420964307324, ""3"": 0.015787267309205606, ""4"": 0.003392161214697239, ""5"": 0.003735905197748282}"
control,200,p0.05,nan,1.0,10,0.05,9.950000000000001,9.65,3,18,1930,1930,1.6004467644631526,110,0.4017438018005718,0.008034876036011437,34.04650144326767,15.944534888975857,2.147090534662535,3.1709123503837566,8,"{""0"": 0.0030961687775757905, ""1"": 0.003925430068514914, ""2"": 0.02249341277014407, ""3"": 0.01157313446394174, ""4"": 0.0034602338421960677, ""5"": 0.003660876293696041}"
control,200,p0.05,nan,1.0,10,0.05,9.950000000000001,9.65,3,18,1930,1930,1.6004467644631526,120,0.3853153614948014,0.007706307229896029,4.590554414839793,16.026446083099096,2.1484281077017373,3.207507953701809,8,"{""0"": 0.003537467415368748, ""1"": 0.0037244925188022722, ""2"": 0.021727540996345773, ""3"": 0.010848204782320448, ""4"": 0.0032277022814974875, ""5"": 0.003172435385041456}"
control,200,p0.05,nan,1.0,10,0.05,9.950000000000001,9.65,3,18,1930,1930,1.6004467644631526,130,0.3832001764558643,0.007664003529117286,1.468588250515074,16.373178669327704,2.1431521586863846,3.235907297951059,8,"{""0"": 0.004082547397318273, ""1"": 0.004836343704631586, ""2"": 0.021741549575037385, ""3"": 0.009041029520578888, ""4"": 0.0032582515555428177, ""5"": 0.003024299421594763}"
control,200,p0.05,nan,1.0,10,0.05,9.950000000000001,9.65,3,18,1930,1930,1.6004467644631526,140,0.37464259918660053,0.0074928519837320125,7.184931537255341,16.465164774646617,2.1396736554250584,3.2149936054658004,8,"{""0"": 0.004373560531264412, ""1"": 0.004956254489814202, ""2"": 0.0208739330788297, ""3"": 0.00849533343327155, ""4"": 0.002935881543650749, ""5"": 0.003322148825561454}"
control,200,p0.05,nan,1.0,10,0.05,9.950000000000001,9.65,3,18,1930,1930,1.6004467644631526,150,0.3720542863999717,0.007441085727999434,3.345696494013957,16.639504558041192,2.137541806877592,3.213664023262813,8,"{""0"": 0.004585208037944015, ""1"": 0.004632823104196325, ""2"": 0.021240830046388316, ""3"": 0.008155655050100925, ""4"": 0.0030771890221063707, ""5"": 0.0029548091072606596}"
control,200,p0.05,nan,1.0,10,0.05,9.950000000000001,9.65,3,18,1930,1930,1.6004467644631526,160,0.36879997155727834,0.007375999431145568,4.2563248395029465,16.791566442160082,2.147122538473456,3.179658347504885,8,"{""0"": 0.004594072384864714, ""1"": 0.0051796675623914405, ""2"": 0.02133242453383228, ""3"": 0.006945658701143683, ""4"": 0.0032138575750013756, ""5"": 0.0029903158296399183}"
control,200,p0.05,nan,1.0,10,0.05,9.950000000000001,9.65,3,18,1930,1930,1.6004467644631526,170,0.36868005321485725,0.007373601064297146,13.671044664552364,16.997297402079123,2.1332106747364774,3.152705101409038,9,"{""0"": 0.004388119425056283, ""1"": 0.005620302923362302, ""2"": 0.021180929253718513, ""3"": 0.006573054578870445, ""4"": 0.0035341993281961747, ""5"": 0.0029450008765791566}"
control,200,p0.05,nan,1.0,10,0.05,9.950000000000001,9.65,3,18,1930,1930,1.6004467644631526,180,0.35776757869275194,0.00715535157385504,5.0812871437651905,17.137100236771573,2.13480919135521,3.116612519409646,8,"{""0"": 0.004296163583164624, ""1"": 0.00624829283121067, ""2"": 0.01946754491030913, ""3"": 0.006207557788949989, ""4"": 0.003737946743971157, ""5"": 0.002974603585524667}"
control,200,p0.05,nan,1.0,10,0.05,9.950000000000001,9.65,3,18,1930,1930,1.6004467644631526,190,0.3370829588739645,0.006741659177479291,32.373201327317716,17.264535040516503,2.131818508793631,3.099404518035576,8,"{""0"": 0.004895813904250479, ""1"": 0.0056245557068831204, ""2"": 0.017059059931591514, ""3"": 0.0065303864650846895, ""4"": 0.0035366915442230406, ""5"": 0.0028034475128429067}"
control,200,p0.05,nan,1.0,10,0.05,9.950000000000001,9.65,3,18,1930,1930,1.6004467644631526,200,0.3321196840336218,0.006642393680672436,1.3058148148794784,17.370797729520717,2.1388081502823875,3.047379721280878,8,"{""0"": 0.004436459619743571, ""1"": 0.005658509768557841, ""2"": 0.017040973704445194, ""3"": 0.006213286380784543, ""4"": 0.003473407502773041, ""5"": 0.0030317251077304277}"
control,200,p0.10,nan,1.0,10,0.1,19.900000000000002,19.7,9,33,3940,1930,1.5400323056203642,0,1.0222901684748147,0.020445803369496297,nan,0.0,1.5400323056203642,5.440237893370059,12,"{""0"": 0.0187734788196846, ""1"": 0.019197753414271854, ""2"": 0.021758972758163762, ""3"": 0.019278392752328028, ""4"": 0.019765049685502488, ""5"": 0.023901172787027043}"
control,200,p0.10,nan,1.0,10,0.1,19.900000000000002,19.7,9,33,3940,1930,1.5400323056203642,10,0.816322138087827,0.016326442761756543,1.2688467640613261,11.655995380812238,1.924822701302415,3.4841886011036496,8,"{""0"": 0.017007852976593546, ""1"": 0.00790704319281324, ""2"": 0.005336164915757936, ""3"": 0.051906697476130734, ""4"": 0.005269424945716312, ""5"": 0.010531473063527499}"
control,200,p0.10,nan,1.0,10,0.1,19.900000000000002,19.7,9,33,3940,1930,1.5400323056203642,20,0.814011949947368,0.01628023899894736,18.975756430515148,13.646493364625165,2.0695565642196665,3.304102421801549,9,"{""0"": 0.004384015190951465, ""1"": 0.0050733680610794045, ""2"": 0.011541289220529365, ""3"": 0.02628736155019764, ""4"": 0.012107363284329084, ""5"": 0.038288036686597214}"
control,200,p0.10,nan,1.0,10,0.1,19.900000000000002,19.7,9,33,3940,1930,1.5400323056203642,30,0.6006473380199063,0.012012946760398128,1.7522803205375195,14.396851108366635,2.024829565953365,2.4928709093956636,7,"{""0"": 0.003072142156332241, ""1"": 0.007543674226662335, ""2"": 0.010159534282424812, ""3"": 0.014302774319993314, ""4"": 0.01700046405624856, ""5"": 0.019999091520727503}"
control,200,p0.10,nan,1.0,10,0.1,19.900000000000002,19.7,9,33,3940,1930,1.5400323056203642,40,0.5430539988961162,0.010861079977922324,8.297774277531357,14.378746168609682,2.0151997070437377,3.316978089926425,9,"{""0"": 0.004226614936593071, ""1"": 0.01598483002502312, ""2"": 0.007510174713214692, ""3"": 0.018258991818299992, ""4"": 0.006803825976644312, ""5"": 0.012382042397758766}"
control,200,p0.10,nan,1.0,10,0.1,19.900000000000002,19.7,9,33,3940,1930,1.5400323056203642,50,0.40125360874904653,0.008025072174980932,4.860203487784123,14.581178407800223,2.015145855861825,3.1902204402237904,8,"{""0"": 0.004254737662654577, ""1"": 0.016295451489509477, ""2"": 0.0070243771937121445, ""3"": 0.005273589540398907, ""4"": 0.007066545151506479, ""5"": 0.008235732012103997}"
control,200,p0.10,nan,1.0,10,0.1,19.900000000000002,19.7,9,33,3940,1930,1.5400323056203642,60,0.3795747288808359,0.007591494577616718,4.367733272670197,14.916465825637886,2.028565032941407,3.28117909084449,8,"{""0"": 0.0044071329064530335, ""1"": 0.016309471182864924, ""2"": 0.006427525602408876, ""3"": 0.006452529819222392, ""4"": 0.006290261044682952, ""5"": 0.005662046910068138}"
control,200,p0.10,nan,1.0,10,0.1,19.900000000000002,19.7,9,33,3940,1930,1.5400323056203642,70,0.3729445888613985,0.007458891777227971,3.679869381098854,15.088664002271758,2.0618228163651486,3.23267870245612,7,"{""0"": 0.004593353610637641, ""1"": 0.016853636647619432, ""2"": 0.006079510587590429, ""3"": 0.004474718102685482, ""4"": 0.0062637773972784834, ""5"": 0.006488354317556358}"
control,200,p0.10,nan,1.0,10,0.1,19.900000000000002,19.7,9,33,3940,1930,1.5400323056203642,80,0.3575419329989652,0.007150838659979304,2.31796151597453,15.20598077306212,2.0716502288410195,3.30600966544694,8,"{""0"": 0.004703321825370848, ""1"": 0.01618181311281667, ""2"": 0.005644695025780833, ""3"": 0.005570926128119887, ""4"": 0.005840778822977405, ""5"": 0.004963497044810189}"
control,200,p0.10,nan,1.0,10,0.1,19.900000000000002,19.7,9,33,3940,1930,1.5400323056203642,90,0.3538765739964614,0.007077531479929229,9.490638663957167,15.404968025009596,2.0933613094415153,3.3200471873163995,8,"{""0"": 0.0042415822088233465, ""1"": 0.016150841304656473, ""2"": 0.00451074347623443, ""3"": 0.007746066424820265, ""4"": 0.0061180539428001375, ""5"": 0.003697901522240718}"
control,200,p0.10,nan,1.0,10,0.1,19.900000000000002,19.7,9,33,3940,1930,1.5400323056203642,100,0.35209241449609857,0.007041848289921973,4.751875145238,15.489994750135391,2.083293725761536,3.2652699448787166,8,"{""0"": 0.004610642230351081, ""1"": 0.015414346624522646, ""2"": 0.004973891506189215, ""3"": 0.005458207138631039, ""4"": 0.005767602801831734, ""5"": 0.006026399438006129}"
control,200,p0.10,nan,1.0,10,0.1,19.900000000000002,19.7,9,33,3940,1930,1.5400323056203642,110,0.35314722320996483,0.007062944464199298,2.655084550309353,15.707489521601131,2.084672657786941,3.3177864902875602,8,"{""0"": 0.004812885611532497, ""1"": 0.014225449803661912, ""2"": 0.005368774344363218, ""3"": 0.00417722989661546, ""4"": 0.005652681432755308, ""5"": 0.008140645696267388}"
control,200,p0.10,nan,1.0,10,0.1,19.900000000000002,19.7,9,33,3940,1930,1.5400323056203642,120,0.297906866099998,0.005958137321999961,36.39936009295003,15.800914842197276,2.061949173520965,3.3402217087660695,8,"{""0"": 0.005230536743547696, ""1"": 0.009319146630591699, ""2"": 0.004561701240727709, ""3"": 0.0062285012116785905, ""4"": 0.0045376064928457985, ""5"": 0.00587133161260827}"
control,200,p0.10,nan,1.0,10,0.1,19.900000000000002,19.7,9,33,3940,1930,1.5400323056203642,130,0.26682860839076356,0.0053365721678152725,10.96764248627536,16.04494493779684,2.075360241576693,3.351251476940242,8,"{""0"": 0.005143977319105595, ""1"": 0.009898441965247756, ""2"": 0.003509914042748449, ""3"": 0.005816764142470406, ""4"": 0.004262996318708892, ""5"": 0.0033873392186105343}"
control,200,p0.10,nan,1.0,10,0.1,19.900000000000002,19.7,9,33,3940,1930,1.5400323056203642,140,0.274170329378352,0.005483406587567041,5.2349647933672205,16.141471976008475,2.049395255346134,3.2832221649987834,8,"{""0"": 0.005264105388771182, ""1"": 0.00810917919292026, ""2"": 0.00461871924445155, ""3"": 0.0056493353353027015, ""4"": 0.0038210807180008776, ""5"": 0.0054380196459556775}"
control,200,p0.10,nan,1.0,10,0.1,19.900000000000002,19.7,9,33,3940,1930,1.5400323056203642,150,0.29418915714826455,0.005883783142965292,8.403626128752915,16.17776513366546,2.0709554103327212,3.2766706066158395,8,"{""0"": 0.0059198251584694885, ""1"": 0.007519317391642857, ""2"": 0.003874616641034524, ""3"": 0.003953224677048066, ""4"": 0.0045189441265642135, ""5"": 0.009516770863032604}"
control,200,p0.10,nan,1.0,10,0.1,19.900000000000002,19.7,9,33,3940,1930,1.5400323056203642,160,0.26182715482732327,0.005236543096546466,1.8160484984482332,16.323821238991062,2.089432126519756,3.2840414431378298,8,"{""0"": 0.006065719568201494, ""1"": 0.008141779950115264, ""2"": 0.0034718645043301153, ""3"": 0.0034835168411853543, ""4"": 0.0043888509109031425, ""5"": 0.005867526804543427}"
control,200,p0.10,nan,1.0,10,0.1,19.900000000000002,19.7,9,33,3940,1930,1.5400323056203642,170,0.2299319945043041,0.004598639890086082,6.254335328177812,16.430769297353205,2.0674231161169967,3.2716653014921944,8,"{""0"": 0.005248129176829143, ""1"": 0.0077280308401663405, ""2"": 0.003517052635930406, ""3"": 0.0034351769611053553, ""4"": 0.004915922009174527, ""5"": 0.0027475277173107234}"
control,200,p0.10,nan,1.0,10,0.1,19.900000000000002,19.7,9,33,3940,1930,1.5400323056203642,180,0.23096218675189897,0.0046192437350379804,6.139846880023288,16.496805439610387,2.0594293151973453,3.2486697500478376,8,"{""0"": 0.0049320693547118405, ""1"": 0.007201508328378259, ""2"": 0.0035653421790578727, ""3"": 0.0032747715386779223, ""4"": 0.005464837674162006, ""5"": 0.0032769333352399817}"
control,200,p0.10,nan,1.0,10,0.1,19.900000000000002,19.7,9,33,3940,1930,1.5400323056203642,190,0.22595390464121384,0.004519078092824278,7.218287895370527,16.597915143749578,2.072933884964002,3.2645121630325455,8,"{""0"": 0.005014139989719656, ""1"": 0.007324240564867232, ""2"": 0.0032081823316784295, ""3"": 0.0034588631273854372, ""4"": 0.0050940301911080385, ""5"": 0.003015012352186873}"
control,200,p0.10,nan,1.0,10,0.1,19.900000000000002,19.7,9,33,3940,1930,1.5400323056203642,200,0.2393688565626752,0.004787377131253505,8.6436768988202,16.694492978053,2.0744853812169066,3.292573510448603,8,"{""0"": 0.004997832882512162, ""1"": 0.00728055773034691, ""2"": 0.003151789235972437, ""3"": 0.0033611399110810925, ""4"": 0.004924544957635519, ""5"": 0.005008398069972906}"
control,200,p0.20,nan,1.0,10,0.2,39.800000000000004,40.125,28,57,8025,1930,1.523645719928647,0,0.966386796590942,0.019327735931818843,nan,0.0,1.523645719928647,5.459684332066764,13,"{""0"": 0.021371343301831994, ""1"": 0.015607847805849919, ""2"": 0.019485485571254912, ""3"": 0.01911910028323429, ""4"": 0.016705069712358404, ""5"": 0.023677568916383524}"
control,200,p0.20,nan,1.0,10,0.2,39.800000000000004,40.125,28,57,8025,1930,1.523645719928647,10,0.6070311642964578,0.012140623285929155,1.6360260435817067,12.25044647944453,2.0844548387589352,2.6740427722953353,6,"{""0"": 0.005823022042569648, ""1"": 0.0013661467283337901, ""2"": 0.006564805750447404, ""3"": 0.04944898103994421, ""4"": 0.002177503371227443, ""5"": 0.007463280783052431}"
control,200,p0.20,nan,1.0,10,0.2,39.800000000000004,40.125,28,57,8025,1930,1.523645719928647,20,0.587339737173547,0.011746794743470942,1.1364963421741008,15.942371274945817,2.110027749651484,2.9802259716657886,7,"{""0"": 0.015860983618629403, ""1"": 0.012764926092080967, ""2"": 0.00857080928345937, ""3"": 0.012213055650244725, ""4"": 0.0028739622256646257, ""5"": 0.01819703159074656}"
control,200,p0.20,nan,1.0,10,0.2,39.800000000000004,40.125,28,57,8025,1930,1.523645719928647,30,0.4732355004958458,0.009464710009916917,1.9022285433487423,16.971425287571545,2.063714333239009,2.86957922219014,7,"{""0"": 0.004062413491112995, ""1"": 0.011554696460035431, ""2"": 0.008434666222439617, ""3"": 0.013026888560609328, ""4"": 0.00942145326977048, ""5"": 0.01028814205553365}"
control,200,p0.20,nan,1.0,10,0.2,39.800000000000004,40.125,28,57,8025,1930,1.523645719928647,40,0.44000446080486144,0.008800089216097231,2.4987622304951866,16.96178128623373,1.9605236512004705,2.6916213114207648,7,"{""0"": 0.0050558875883883825, ""1"": 0.0052944193794149125, ""2"": 0.006948479584143334, ""3"": 0.01881495356695174, ""4"": 0.010932906886278768, ""5"": 0.005753888291406242}"
control,200,p0.20,nan,1.0,10,0.2,39.800000000000004,40.125,28,57,8025,1930,1.523645719928647,50,0.4131791869292082,0.008263583738584164,11.756379678065858,17.00773861785822,2.083802987696848,2.76349299590871,7,"{""0"": 0.006777939763829394, ""1"": 0.007877325408008642, ""2"": 0.004149029492359535, ""3"": 0.015568154639823261, ""4"": 0.009451792283541663, ""5"": 0.005757260843942484}"
control,200,p0.20,nan,1.0,10,0.2,39.800000000000004,40.125,28,57,8025,1930,1.523645719928647,60,0.36196914750878684,0.0072393829501757375,53.26551183676604,16.933247822918627,2.0659639232036557,2.832659567650955,7,"{""0"": 0.006353575310684234, ""1"": 0.006933962484311644, ""2"": 0.004141783776294573, ""3"": 0.015586279981458872, ""4"": 0.005900962909812629, ""5"": 0.004519733238492477}"
control,200,p0.20,nan,1.0,10,0.2,39.800000000000004,40.125,28,57,8025,1930,1.523645719928647,70,0.3394963332113405,0.006789926664226811,2.405807833452104,17.070170736073564,2.08116749731304,2.877698364659787,7,"{""0"": 0.005926716595923231, ""1"": 0.006028918409161901, ""2"": 0.00435071077772887, ""3"": 0.015506815624574583, ""4"": 0.004175671655775181, ""5"": 0.004750726922197101}"
control,200,p0.20,nan,1.0,10,0.2,39.800000000000004,40.125,28,57,8025,1930,1.523645719928647,80,0.3287875293417627,0.006575750586835255,1.915999776688658,17.268203956602417,2.035117138311689,2.8987681861555625,7,"{""0"": 0.004678413144231999, ""1"": 0.0031850484659385093, ""2"": 0.005989364865355927, ""3"": 0.01615859974649359, ""4"": 0.005109690661079451, ""5"": 0.004333386637912056}"
control,200,p0.20,nan,1.0,10,0.2,39.800000000000004,40.125,28,57,8025,1930,1.523645719928647,90,0.33087425814708693,0.006617485162941739,1.9028707041796835,17.414112165206234,2.0314905593386685,3.0209051804968214,7,"{""0"": 0.0036679747232863215, ""1"": 0.003994701285159498, ""2"": 0.006644980114842286, ""3"": 0.01547181348496796, ""4"": 0.005351815640356447, ""5"": 0.004573625729037923}"
control,200,p0.20,nan,1.0,10,0.2,39.800000000000004,40.125,28,57,8025,1930,1.523645719928647,100,0.33330710693566035,0.0066661421387132075,9.311927978800206,17.47024606894355,2.031302190660014,3.006541976548307,7,"{""0"": 0.0032152196530202343, ""1"": 0.0030133485786616827, ""2"": 0.007199746224391177, ""3"": 0.016307411766589463, ""4"": 0.0058942379197458586, ""5"": 0.004366888689870821}"
control,200,p0.20,nan,1.0,10,0.2,39.800000000000004,40.125,28,57,8025,1930,1.523645719928647,110,0.33237821977130555,0.006647564395426111,8.860693990016156,17.623362068919874,2.037226444869421,2.9703295578378888,7,"{""0"": 0.0035185292612417013, ""1"": 0.0028013034676227563, ""2"": 0.006583948077327198, ""3"": 0.01573317397996336, ""4"": 0.0070576878557060034, ""5"": 0.0041907437306956475}"
control,200,p0.20,nan,1.0,10,0.2,39.800000000000004,40.125,28,57,8025,1930,1.523645719928647,120,0.3293956274550477,0.006587912549100954,12.33538299836652,17.738412986991076,2.046346025778877,3.0062731611010225,7,"{""0"": 0.0034486733076723257, ""1"": 0.002542387399871141, ""2"": 0.0068261533875774395, ""3"": 0.015930361928246827, ""4"": 0.006513209641342443, ""5"": 0.004266689629895547}"
control,200,p0.20,nan,1.0,10,0.2,39.800000000000004,40.125,28,57,8025,1930,1.523645719928647,130,0.35444180076159365,0.007088836015231873,1.6395456458909488,17.901158758274338,2.0518494042617927,3.061951114128078,8,"{""0"": 0.0036577006152324226, ""1"": 0.0025387610925209107, ""2"": 0.007430317703213315, ""3"": 0.01744792701131443, ""4"": 0.0070962729144517876, ""5"": 0.004362036754658372}"
control,200,p0.20,nan,1.0,10,0.2,39.800000000000004,40.125,28,57,8025,1930,1.523645719928647,140,0.307908546409595,0.0061581709281919,12.139160646201857,17.922794414780704,2.0674205461470474,3.0188357723598847,8,"{""0"": 0.005922389759770419, ""1"": 0.0022459889382658712, ""2"": 0.006767640021023105, ""3"": 0.013822243903212484, ""4"": 0.0033448097644154158, ""5"": 0.004845953182464107}"
control,200,p0.20,nan,1.0,10,0.2,39.800000000000004,40.125,28,57,8025,1930,1.523645719928647,150,0.3076950239821307,0.006153900479642616,1.3147486782642561,17.953513413298918,2.0814408250457497,2.8551093312399902,7,"{""0"": 0.006083926110420265, ""1"": 0.0022560172813756397, ""2"": 0.005623881202965375, ""3"": 0.015360671611072251, ""4"": 0.0028926735813868984, ""5"": 0.0047062330906352656}"
control,200,p0.20,nan,1.0,10,0.2,39.800000000000004,40.125,28,57,8025,1930,1.523645719928647,160,0.3027982355873533,0.006055964711747067,1.1814420699569042,18.0416698936019,2.08493455731487,2.920071511700191,7,"{""0"": 0.0063377612845329865, ""1"": 0.0023404906663789388, ""2"": 0.005524137576287993, ""3"": 0.01384008785219685, ""4"": 0.0029538737767500606, ""5"": 0.005339437114335573}"
control,200,p0.20,nan,1.0,10,0.2,39.800000000000004,40.125,28,57,8025,1930,1.523645719928647,170,0.2731085457496763,0.005462170914993527,1.3870236720240934,18.02714126331491,2.0810399280133716,3.1063582222751065,8,"{""0"": 0.003705576531720548, ""1"": 0.0020623705490960117, ""2"": 0.00622969429836704, ""3"": 0.01171033040936993, ""4"": 0.0037165307945369263, ""5"": 0.005348522906870705}"
control,200,p0.20,nan,1.0,10,0.2,39.800000000000004,40.125,28,57,8025,1930,1.523645719928647,180,0.2679198986948333,0.005358397973896666,3.1584597863303845,18.084720403107074,2.115636261065897,3.0930329122553912,7,"{""0"": 0.0030948814616213096, ""1"": 0.002110102882591856, ""2"": 0.006375811253666716, ""3"": 0.01032552080583864, ""4"": 0.004663490917765814, ""5"": 0.005580580521895662}"
control,200,p0.20,nan,1.0,10,0.2,39.800000000000004,40.125,28,57,8025,1930,1.523645719928647,190,0.27364829369131116,0.005472965873826224,40.62887177855971,18.09968348411234,2.0798823655344876,3.0770609986545323,7,"{""0"": 0.0035203678920022958, ""1"": 0.0020396539417595885, ""2"": 0.005861024496787966, ""3"": 0.01158761245070261, ""4"": 0.00432291370453485, ""5"": 0.00550622275717003}"
control,200,p0.20,nan,1.0,10,0.2,39.800000000000004,40.125,28,57,8025,1930,1.523645719928647,200,0.2656040730517395,0.005312081461034791,2.252424024470616,18.165621949776558,2.104624603789155,3.0755822606124674,7,"{""0"": 0.0029463244265530643, ""1"": 0.0020057241819085607, ""2"": 0.0058365209686955175, ""3"": 0.010681150470978293, ""4"": 0.004618045749894072, ""5"": 0.005784722968179239}"
control,200,p0.40,nan,1.0,10,0.4,79.60000000000001,80.045,62,97,16009,1930,1.549722575854332,0,1.0280394889485345,0.020560789778970693,nan,0.0,1.549722575854332,8.938746358724194,14,"{""0"": 0.021919289425282016, ""1"": 0.019674802472960776, ""2"": 0.021928740419002148, ""3"": 0.023282435628981808, ""4"": 0.019230330955751954, ""5"": 0.01732913977184547}"
control,200,p0.40,nan,1.0,10,0.4,79.60000000000001,80.045,62,97,16009,1930,1.549722575854332,10,0.7298272969313774,0.014596545938627548,0.703583120466089,11.164223093841475,1.9550698780332152,3.2548538178029895,8,"{""0"": 0.012223353712875392, ""1"": 0.011435414102450135, ""2"": 0.01310922772325308, ""3"": 0.03691722891985096, ""4"": 0.007415159480095088, ""5"": 0.00647889169324065}"
control,200,p0.40,nan,1.0,10,0.4,79.60000000000001,80.045,62,97,16009,1930,1.549722575854332,20,0.6601994254752621,0.013203988509505243,34.71448850780001,13.832239147588833,2.028569779790039,2.607003081785119,7,"{""0"": 0.0030647840626585134, ""1"": 0.006907420676158678, ""2"": 0.006958764083020851, ""3"": 0.04186719678754651, ""4"": 0.007020686189526312, ""5"": 0.013405079258120584}"
control,200,p0.40,nan,1.0,10,0.4,79.60000000000001,80.045,62,97,16009,1930,1.549722575854332,30,0.4573667126619998,0.009147334253239997,15.71316886447367,14.41301862873363,2.0449368983428893,2.536076711743242,7,"{""0"": 0.0038186781201336754, ""1"": 0.009679635476475486, ""2"": 0.003577612312014029, ""3"": 0.021912814693399025, ""4"": 0.011373043355645889, ""5"": 0.004522221561771891}"
control,200,p0.40,nan,1.0,10,0.4,79.60000000000001,80.045,62,97,16009,1930,1.549722575854332,40,0.4235019095888707,0.008470038191777416,16.79538211136348,14.99383169184369,2.033489886380893,2.9548432096766555,8,"{""0"": 0.0058278008095175755, ""1"": 0.0077406761870730005, ""2"": 0.0024471830416515007, ""3"": 0.02380309402066019, ""4"": 0.00820310822487691, ""5"": 0.0027983668668853144}"
control,200,p0.40,nan,1.0,10,0.4,79.60000000000001,80.045,62,97,16009,1930,1.549722575854332,50,0.31781706954019234,0.006356341390803848,6.417089210970424,15.395544327869912,2.029030426688585,2.9015753933357247,8,"{""0"": 0.004390172428917165, ""1"": 0.005864445512522956, ""2"": 0.001797604256657402, ""3"": 0.015866390415742882, ""4"": 0.006265009194361897, ""5"": 0.003954426536620786}"
control,200,p0.40,nan,1.0,10,0.4,79.60000000000001,80.045,62,97,16009,1930,1.549722575854332,60,0.337516199713413,0.0067503239942682605,4.052297696647008,15.713016587831843,2.0396299798890754,3.0120555607811803,8,"{""0"": 0.004490734267071162, ""1"": 0.004742877724559015, ""2"": 0.0017769986878653863, ""3"": 0.02124352658431617, ""4"": 0.005199630273748935, ""5"": 0.0030481764280488955}"
control,200,p0.40,nan,1.0,10,0.4,79.60000000000001,80.045,62,97,16009,1930,1.549722575854332,70,0.3031602964108541,0.0060632059282170825,6.153620045062433,15.922453759899224,2.0328266797151904,2.9189647366479314,8,"{""0"": 0.004552471710778655, ""1"": 0.005314181567120863, ""2"": 0.0014467717939165422, ""3"": 0.017245089480692248, ""4"": 0.004194348391885113, ""5"": 0.003626372624909075}"
control,200,p0.40,nan,1.0,10,0.4,79.60000000000001,80.045,62,97,16009,1930,1.549722575854332,80,0.28797002497376556,0.005759400499475312,3.6389580648950988,16.024592035662614,2.036860127714059,2.925566161386276,8,"{""0"": 0.00442549212282086, ""1"": 0.005125855543810019, ""2"": 0.0015014678973915626, ""3"": 0.016236551973599817, ""4"": 0.004869513877116762, ""5"": 0.0023975215821128524}"
control,200,p0.40,nan,1.0,10,0.4,79.60000000000001,80.045,62,97,16009,1930,1.549722575854332,90,0.2789567919140594,0.00557913583828119,8.645045671554165,16.245301546471392,2.0442320375361174,2.8921024875730734,8,"{""0"": 0.004119135638439568, ""1"": 0.005741568118301745, ""2"": 0.0014335522708388566, ""3"": 0.014856547207802365, ""4"": 0.0047168554114369755, ""5"": 0.00260715638286763}"
control,200,p0.40,nan,1.0,10,0.4,79.60000000000001,80.045,62,97,16009,1930,1.549722575854332,100,0.2657390042886677,0.005314780085773354,8.428505785825596,16.39729957564121,2.047590253113743,2.9560007548344718,8,"{""0"": 0.004518658259656529, ""1"": 0.005167936536507355, ""2"": 0.0013387286104065154, ""3"": 0.013992823929229672, ""4"": 0.003926688422768583, ""5"": 0.0029438447560714734}"
control,200,p0.40,nan,1.0,10,0.4,79.60000000000001,80.045,62,97,16009,1930,1.549722575854332,110,0.26352065348784376,0.005270413069756876,1.2700326633214203,16.492493692881006,2.0492639594576976,2.947392532618917,8,"{""0"": 0.004180664992879245, ""1"": 0.0052775393877979426, ""2"": 0.0013209406170836438, ""3"": 0.014170009606080208, ""4"": 0.003649710422757642, ""5"": 0.003023613391942579}"
control,200,p0.40,nan,1.0,10,0.4,79.60000000000001,80.045,62,97,16009,1930,1.549722575854332,120,0.2470456364324518,0.004940912728649037,11.15586319388669,16.598468316725956,2.0521198440495545,3.012253384272794,8,"{""0"": 0.0046855320078298835, ""1"": 0.004812395478654037, ""2"": 0.0013122699321637921, ""3"": 0.013407360096457249, ""4"": 0.0028886658730404744, ""5"": 0.002539252983748786}"
control,200,p0.40,nan,1.0,10,0.4,79.60000000000001,80.045,62,97,16009,1930,1.549722575854332,130,0.237455338542509,0.004749106770850181,3.6931066863718423,16.756540414240234,2.0582399249602625,3.0344870635703476,8,"{""0"": 0.00486165950626265, ""1"": 0.004436738468752947, ""2"": 0.0014731014294194179, ""3"": 0.01290294439990108, ""4"": 0.0024757195557860824, ""5"": 0.0023444772649789097}"
control,200,p0.40,nan,1.0,10,0.4,79.60000000000001,80.045,62,97,16009,1930,1.549722575854332,140,0.23215170355373468,0.004643034071074694,6.360013954266304,16.880148062248534,2.059072441525343,3.0535598616440365,8,"{""0"": 0.004859907397025789, ""1"": 0.004034633776567044, ""2"": 0.001570419706380196, ""3"": 0.012530317327157165, ""4"": 0.0021017516204401613, ""5"": 0.00276117459887781}"
control,200,p0.40,nan,1.0,10,0.4,79.60000000000001,80.045,62,97,16009,1930,1.549722575854332,150,0.21575946184484965,0.004315189236896993,0.9446397659322013,16.946880139389783,2.057150479898819,3.063635255532897,8,"{""0"": 0.004853193073662824, ""1"": 0.003917254600224836, ""2"": 0.0014979125246159005, ""3"": 0.011013684842161173, ""4"": 0.0019996446127846642, ""5"": 0.0026094457679325628}"
control,200,p0.40,nan,1.0,10,0.4,79.60000000000001,80.045,62,97,16009,1930,1.549722575854332,160,0.2103213430942185,0.00420642686188437,10.837144804726123,16.994812619137218,2.063937966445089,3.040087667239208,8,"{""0"": 0.004592189468830015, ""1"": 0.00429530330890506, ""2"": 0.0014793465624488912, ""3"": 0.010187728134796193, ""4"": 0.0021671853080658613, ""5"": 0.0025168083882602015}"
control,200,p0.40,nan,1.0,10,0.4,79.60000000000001,80.045,62,97,16009,1930,1.549722575854332,170,0.20302868622153095,0.004060573724430619,0.8349214508123802,17.08238107806676,2.0577789412891963,3.038487413607111,8,"{""0"": 0.004394163187243575, ""1"": 0.0046083307621491935, ""2"": 0.0014144761972117044, ""3"": 0.008908420151902793, ""4"": 0.002433071633711534, ""5"": 0.002604980414364919}"
control,200,p0.40,nan,1.0,10,0.4,79.60000000000001,80.045,62,97,16009,1930,1.549722575854332,180,0.19831906082312556,0.003966381216462512,3.8968138698188723,17.145943098869648,2.0616249804062865,3.0011148188216317,8,"{""0"": 0.004102305524693611, ""1"": 0.005027975009570596, ""2"": 0.001406528977367695, ""3"": 0.008029551444412236, ""4"": 0.0024951402460150853, ""5"": 0.0027367860967158425}"
control,200,p0.40,nan,1.0,10,0.4,79.60000000000001,80.045,62,97,16009,1930,1.549722575854332,190,0.19482580513144088,0.003896516102628818,17.458021133058622,17.221530942912164,2.060356793879506,3.0402053667971827,8,"{""0"": 0.004376622322748631, ""1"": 0.0047455108799189264, ""2"": 0.0013244670315080136, ""3"": 0.00827619735423679, ""4"": 0.002143864199949444, ""5"": 0.0025124348274110997}"
control,200,p0.40,nan,1.0,10,0.4,79.60000000000001,80.045,62,97,16009,1930,1.549722575854332,200,0.1985566611999109,0.003971133223998218,0.42063556716665595,17.235649381475454,2.0643456020432156,2.995970985296112,8,"{""0"": 0.004011259172070154, ""1"": 0.005003491485777302, ""2"": 0.0013353930263440114, ""3"": 0.008391718280030002, ""4"": 0.0026203211484996753, ""5"": 0.002464616231268164}"
control,200,p0.05,nan,1.0,11,0.05,9.950000000000001,9.97,3,19,1994,1994,1.628190124348569,0,0.9631965188729344,0.01926393037745869,nan,0.0,1.628190124348569,8.0070707302085,14,"{""0"": 0.017606185765965843, ""1"": 0.01733238432689315, ""2"": 0.023039769352213947, ""3"": 0.018123474068770244, ""4"": 0.02217686441816001, ""5"": 0.017304904332748953}"
control,200,p0.05,nan,1.0,11,0.05,9.950000000000001,9.97,3,19,1994,1994,1.628190124348569,10,0.8881523051277328,0.01776304610255466,4.494698409342183,14.127457902647864,2.1980426924354934,2.9752967484622928,8,"{""0"": 0.022267528201531057, ""1"": 0.030372257784412753, ""2"": 0.04081341691127132, ""3"": 0.004215280524251683, ""4"": 0.006216916473918159, ""5"": 0.002692876719942983}"
control,200,p0.05,nan,1.0,11,0.05,9.950000000000001,9.97,3,19,1994,1994,1.628190124348569,20,0.7382933417307889,0.01476586683461578,27.424012384287828,15.314608575871654,2.0328728030644654,3.2692299121701303,8,"{""0"": 0.032619868859738624, ""1"": 0.007971883080726183, ""2"": 0.023627848286772574, ""3"": 0.007437146986208181, ""4"": 0.013592413135879972, ""5"": 0.0033460406583691532}"
control,200,p0.05,nan,1.0,11,0.05,9.950000000000001,9.97,3,19,1994,1994,1.628190124348569,30,0.5778959771547946,0.011557919543095894,16.14861918505485,16.581717800261945,2.072616897640253,2.674458316325719,10,"{""0"": 0.022891244844633094, ""1"": 0.011303260425831572, ""2"": 0.003327097488567331, ""3"": 0.011470197474259567, ""4"": 0.01009835883313365, ""5"": 0.010257358192150148}"
control,200,p0.05,nan,1.0,11,0.05,9.950000000000001,9.97,3,19,1994,1994,1.628190124348569,40,0.5822931650923441,0.011645863301846884,15.735590023870651,16.92108229063522,2.0296841982274487,3.374510231360548,11,"{""0"": 0.014971915195657683, ""1"": 0.008486150007498807, ""2"": 0.014470530327778222, ""3"": 0.011005760728440823, ""4"": 0.010830668946130533, ""5"": 0.010110154605575229}"
control,200,p0.05,nan,1.0,11,0.05,9.950000000000001,9.97,3,19,1994,1994,1.628190124348569,50,0.48105087662236956,0.009621017532447393,11.381085909358054,17.055084499235544,2.0345915950705,3.6714490433801603,12,"{""0"": 0.013055393040653899, ""1"": 0.006193228320183047, ""2"": 0.009233893644676194, ""3"": 0.010129102021462076, ""4"": 0.007543960115561796, ""5"": 0.011570528052147347}"
control,200,p0.05,nan,1.0,11,0.05,9.950000000000001,9.97,3,19,1994,1994,1.628190124348569,60,0.4500941385408212,0.009001882770816426,4.419384630830318,17.315949853229423,2.072613901970511,3.735476375338247,11,"{""0"": 0.008905680990863555, ""1"": 0.004778545827578376, ""2"": 0.009942512289956627, ""3"": 0.009595686903131614, ""4"": 0.009730389593334695, ""5"": 0.011058481020033692}"
control,200,p0.05,nan,1.0,11,0.05,9.950000000000001,9.97,3,19,1994,1994,1.628190124348569,70,0.40613213558581046,0.00812264271171621,6.827323809239435,17.36515940920784,2.0531983483480807,3.7617767695335806,11,"{""0"": 0.006943046310372461, ""1"": 0.0049803758493375426, ""2"": 0.01044693807632684, ""3"": 0.0074348130039115345, ""4"": 0.010465569468090588, ""5"": 0.008465113562258288}"
control,200,p0.05,nan,1.0,11,0.05,9.950000000000001,9.97,3,19,1994,1994,1.628190124348569,80,0.40097862388779404,0.008019572477755883,4.462046544022145,17.548684941684947,2.0609364330686506,3.754072189707632,11,"{""0"": 0.00719277546102666, ""1"": 0.004811692185646784, ""2"": 0.010882222798846411, ""3"": 0.00761623004988041, ""4"": 0.008906555321764386, ""5"": 0.00870795904937064}"
control,200,p0.05,nan,1.0,11,0.05,9.950000000000001,9.97,3,19,1994,1994,1.628190124348569,90,0.36840815898435436,0.007368163179687089,5.228597991817319,17.571204428464707,2.057776968909741,3.826890590781454,11,"{""0"": 0.006315605918596351, ""1"": 0.004392251910658062, ""2"": 0.010026196618682507, ""3"": 0.008851450115294432, ""4"": 0.007005690302273886, ""5"": 0.00761778421261729}"
control,200,p0.05,nan,1.0,11,0.05,9.950000000000001,9.97,3,19,1994,1994,1.628190124348569,100,0.3472556612654187,0.0069451132253083745,1.8164270141325303,17.69561319935345,2.061121113036782,3.761300568336436,11,"{""0"": 0.004812344968080032, ""1"": 0.004119153963950175, ""2"": 0.009176812674741073, ""3"": 0.009147348672502083, ""4"": 0.006631083631293959, ""5"": 0.00778393544128293}"
control,200,p0.05,nan,1.0,11,0.05,9.950000000000001,9.97,3,19,1994,1994,1.628190124348569,110,0.34172146138499676,0.0068344292276999365,7.13367712045495,17.838377206117134,2.080261289199551,3.7169253174955785,11,"{""0"": 0.005514255489364569, ""1"": 0.0038562461897889443, ""2"": 0.008029195978067054, ""3"": 0.009513543798844426, ""4"": 0.006745336226901974, ""5"": 0.007347997683232653}"
control,200,p0.05,nan,1.0,11,0.05,9.950000000000001,9.97,3,19,1994,1994,1.628190124348569,120,0.3443645150352283,0.006887290300704566,7.416384384624749,17.903762030619465,2.071573098792403,3.7604737966560378,11,"{""0"": 0.004804536448480561, ""1"": 0.0035792042792348495, ""2"": 0.009182701484590237, ""3"": 0.009890568108084308, ""4"": 0.006027633163491597, ""5"": 0.007839098320345853}"
control,200,p0.05,nan,1.0,11,0.05,9.950000000000001,9.97,3,19,1994,1994,1.628190124348569,130,0.3370562905808783,0.006741125811617567,5.031371103624088,18.024096028168685,2.070498906217565,3.7896753637010034,11,"{""0"": 0.004346174338127593, ""1"": 0.0037146630624030714, ""2"": 0.009415560309848981, ""3"": 0.009869940275045374, ""4"": 0.005715140803136235, ""5"": 0.007385276081144146}"
control,200,p0.05,nan,1.0,11,0.05,9.950000000000001,9.97,3,19,1994,1994,1.628190124348569,140,0.3468660132930253,0.0069373202658605075,3.197501010028389,18.089987635247365,2.077072245880381,3.800959226636691,11,"{""0"": 0.004817317417438713, ""1"": 0.003809296149725816, ""2"": 0.009590762786221221, ""3"": 0.01086366877958806, ""4"": 0.005543908191671301, ""5"": 0.006998968270517934}"
control,200,p0.05,nan,1.0,11,0.05,9.950000000000001,9.97,3,19,1994,1994,1.628190124348569,150,0.33498522237069284,0.006699704447413858,29.915632599566276,18.1554785727092,2.077679644579922,3.794487584654919,11,"{""0"": 0.004280190475333043, ""1"": 0.003783552362805338, ""2"": 0.009397421160092572, ""3"": 0.009897134257927955, ""4"": 0.005744073233892592, ""5"": 0.007095855194431647}"
control,200,p0.05,nan,1.0,11,0.05,9.950000000000001,9.97,3,19,1994,1994,1.628190124348569,160,0.32401187874241616,0.006480237574848324,2.2815775907476974,18.188415920269357,2.0816809345285754,3.7513669399343796,11,"{""0"": 0.004306115034302859, ""1"": 0.003756491716589364, ""2"": 0.010021066577793041, ""3"": 0.007868620132525376, ""4"": 0.005825203432740968, ""5"": 0.007103928555138339}"
control,200,p0.05,nan,1.0,11,0.05,9.950000000000001,9.97,3,19,1994,1994,1.628190124348569,170,0.3191429940881203,0.006382859881762407,7.258009231010549,18.253858167932474,2.081505645737606,3.7584684959452836,11,"{""0"": 0.004684777506277966, ""1"": 0.003868125537592254, ""2"": 0.009623523229840975, ""3"": 0.007750304002761934, ""4"": 0.00569810311178108, ""5"": 0.006672325902320227}"
control,200,p0.05,nan,1.0,11,0.05,9.950000000000001,9.97,3,19,1994,1994,1.628190124348569,180,0.3055073747529782,0.006110147495059564,18.377177985855862,18.312263518473273,2.078308095900501,3.757929363681775,11,"{""0"": 0.004022891856660938, ""1"": 0.0036747916167731076, ""2"": 0.00853936037286514, ""3"": 0.00816671729082408, ""4"": 0.00554422290298501, ""5"": 0.00671290093024911}"
control,200,p0.05,nan,1.0,11,0.05,9.950000000000001,9.97,3,19,1994,1994,1.628190124348569,190,0.2946678174320812,0.005893356348641625,2.6468679237120094,18.381667162044838,2.075107676194823,3.742147207229462,10,"{""0"": 0.0038549436239519396, ""1"": 0.003607792382471781, ""2"": 0.008471315325122176, ""3"": 0.007404443850646342, ""4"": 0.005415432423246651, ""5"": 0.0066062104864108625}"
control,200,p0.05,nan,1.0,11,0.05,9.950000000000001,9.97,3,19,1994,1994,1.628190124348569,200,0.30036942184262955,0.006007388436852592,4.849725010313851,18.425018836136,2.0770766017033853,3.766306777676581,11,"{""0"": 0.003927641122595174, ""1"": 0.0036292780451393897, ""2"": 0.008455103638427762, ""3"": 0.008283993326127902, ""4"": 0.005008430554256671, ""5"": 0.0067398839345686485}"
control,200,p0.10,nan,1.0,11,0.1,19.900000000000002,19.63,11,32,3926,1994,1.5425500028197363,0,1.0165716152540283,0.020331432305080572,nan,0.0,1.5425500028197363,5.772863311347718,14,"{""0"": 0.021931651640940786, ""1"": 0.018816066977720092, ""2"": 0.017356677756503965, ""3"": 0.020832294307491526, ""4"": 0.020460750458335047, ""5"": 0.02259115268949201}"
control,200,p0.10,nan,1.0,11,0.1,19.900000000000002,19.63,11,32,3926,1994,1.5425500028197363,10,0.911813866139147,0.01823627732278294,8.103767775994731,13.273300699981327,2.0557951779406967,2.725696518203083,7,"{""0"": 0.01598977421530976, ""1"": 0.04063613392954785, ""2"": 0.03977036787991697, ""3"": 0.004917051131355787, ""4"": 0.0033718806941489183, ""5"": 0.004732456086418357}"
control,200,p0.10,nan,1.0,11,0.1,19.900000000000002,19.63,11,32,3926,1994,1.5425500028197363,20,0.6298632256147085,0.012597264512294173,19.197206804849586,14.882238276178597,2.0541511590679877,3.479970182602505,10,"{""0"": 0.006917875441094722, ""1"": 0.019485393561965, ""2"": 0.02219659415203517, ""3"": 0.007200264587065325, ""4"": 0.010535017865597383, ""5"": 0.009248441466007439}"
control,200,p0.10,nan,1.0,11,0.1,19.900000000000002,19.63,11,32,3926,1994,1.5425500028197363,30,0.7378229440151649,0.0147564588803033,26.158423072991653,15.588616740780104,1.8980154965572071,4.186091599273948,12,"{""0"": 0.01448725110458377, ""1"": 0.018597139201986197, ""2"": 0.011529845042219313, ""3"": 0.008857912643181132, ""4"": 0.013891611865895426, ""5"": 0.021174993423953976}"
control,200,p0.10,nan,1.0,11,0.1,19.900000000000002,19.63,11,32,3926,1994,1.5425500028197363,40,0.5168100942382421,0.010336201884764843,9.258273922873476,15.785066338635021,1.878993842856357,3.9720012091978862,12,"{""0"": 0.0064849771521448135, ""1"": 0.015486138305510974, ""2"": 0.0067640769101255825, ""3"": 0.006601433330361654, ""4"": 0.013167240482761938, ""5"": 0.013513345127684106}"
control,200,p0.10,nan,1.0,11,0.1,19.900000000000002,19.63,11,32,3926,1994,1.5425500028197363,50,0.45650204430903957,0.009130040886180793,5.784439149286324,16.24343100713637,1.8858361093555391,3.2404058543428973,11,"{""0"": 0.003048456071351938, ""1"": 0.01842531498100349, ""2"": 0.005662361571272295, ""3"": 0.0032641054725150035, ""4"": 0.012622759173737657, ""5"": 0.011757248047204372}"
control,200,p0.10,nan,1.0,11,0.1,19.900000000000002,19.63,11,32,3926,1994,1.5425500028197363,60,0.41717511964042303,0.008343502392808462,15.631274333512584,16.57320786125074,1.8968568473915883,3.0161277605668415,10,"{""0"": 0.00271028498100479, ""1"": 0.01562716953391833, ""2"": 0.005773517034250423, ""3"": 0.0032460999709892024, ""4"": 0.014494108581995721, ""5"": 0.008209834254692305}"
control,200,p0.10,nan,1.0,11,0.1,19.900000000000002,19.63,11,32,3926,1994,1.5425500028197363,70,0.4580164308147737,0.009160328616295475,8.171854296592736,16.898430854513183,1.9043187034620435,2.6545696226325326,9,"{""0"": 0.0022736134674007846, ""1"": 0.01747464159711374, ""2"": 0.005645456226933908, ""3"": 0.0022734350096915807, ""4"": 0.019295053810117528, ""5"": 0.00799977158651532}"
control,200,p0.10,nan,1.0,11,0.1,19.900000000000002,19.63,11,32,3926,1994,1.5425500028197363,80,0.43360490420495257,0.008672098084099052,9.755809407791423,17.03817469271922,1.9085625469182805,3.1919991987479372,11,"{""0"": 0.003780442347268074, ""1"": 0.012717107551299811, ""2"": 0.005854220662425706, ""3"": 0.002930477611098004, ""4"": 0.017760511391300228, ""5"": 0.008989828941202486}"
control,200,p0.10,nan,1.0,11,0.1,19.900000000000002,19.63,11,32,3926,1994,1.5425500028197363,90,0.4004047438513243,0.008008094877026486,4.5354775571997425,17.11024602330726,1.906878286557027,2.802347646167618,9,"{""0"": 0.0025821817002264864, ""1"": 0.0157600100077089, ""2"": 0.005623054799720353, ""3"": 0.00247963369370906, ""4"": 0.015875769977884653, ""5"": 0.005727919082909474}"
control,200,p0.10,nan,1.0,11,0.1,19.900000000000002,19.63,11,32,3926,1994,1.5425500028197363,100,0.39156560099989385,0.007831312019997878,12.240974737482338,17.23609367721868,1.9063424467036358,2.9547930569493164,9,"{""0"": 0.0027674145300708025, ""1"": 0.014939374637606456, ""2"": 0.004919999960976071, ""3"": 0.002918394939774693, ""4"": 0.014806914190149623, ""5"": 0.006635773861409622}"
control,200,p0.10,nan,1.0,11,0.1,19.900000000000002,19.63,11,32,3926,1994,1.5425500028197363,110,0.39329732666250244,0.007865946533250049,3.4872255817930515,17.336767248140166,1.9136217153373363,3.0924549412489357,9,"{""0"": 0.003421495586760441, ""1"": 0.013648318244677621, ""2"": 0.004785514854149451, ""3"": 0.003850388609388005, ""4"": 0.015866169976068458, ""5"": 0.005623791928456322}"
control,200,p0.10,nan,1.0,11,0.1,19.900000000000002,19.63,11,32,3926,1994,1.5425500028197363,120,0.3247964123572244,0.006495928247144489,2.591573307680206,17.388132231634803,1.928395903756051,3.112360178976649,9,"{""0"": 0.0034507749049821285, ""1"": 0.012771840244215574, ""2"": 0.004417045656293283, ""3"": 0.0034172766298028166, ""4"": 0.010194923949981703, ""5"": 0.004723708097591425}"
control,200,p0.10,nan,1.0,11,0.1,19.900000000000002,19.63,11,32,3926,1994,1.5425500028197363,130,0.290363802023004,0.005807276040460081,1.0202040917680824,17.513484797445017,1.9407306807225415,3.1683149822894414,9,"{""0"": 0.0035771995852280996, ""1"": 0.013253083801963106, ""2"": 0.004158510814544323, ""3"": 0.0034121998846299148, ""4"": 0.00641525982976515, ""5"": 0.004027402326629889}"
control,200,p0.10,nan,1.0,11,0.1,19.900000000000002,19.63,11,32,3926,1994,1.5425500028197363,140,0.2803540627371176,0.005607081254742353,5.184415241934694,17.582088686787014,1.947506312990878,3.174459699212172,9,"{""0"": 0.0037897389176664567, ""1"": 0.012734362548812148, ""2"": 0.004129444589215807, ""3"": 0.003298029052080248, ""4"": 0.005979477726962992, ""5"": 0.003711434693716468}"
control,200,p0.10,nan,1.0,11,0.1,19.900000000000002,19.63,11,32,3926,1994,1.5425500028197363,150,0.2877232492784475,0.005754464985568951,4.312095528245116,17.629472524452822,1.949569860713257,3.1831028307555256,9,"{""0"": 0.00374299799690605, ""1"": 0.013337997492488513, ""2"": 0.00400594839083415, ""3"": 0.003397701394500708, ""4"": 0.006191564707151359, ""5"": 0.003850579931532927}"
control,200,p0.10,nan,1.0,11,0.1,19.900000000000002,19.63,11,32,3926,1994,1.5425500028197363,160,0.2728561303839801,0.005457122607679602,20.926356418140756,17.682928711739436,1.9570293042992393,3.2039918521944686,9,"{""0"": 0.0034655494683823824, ""1"": 0.012499959943671424, ""2"": 0.0042503349066676955, ""3"": 0.002877483008452403, ""4"": 0.005755082328112689, ""5"": 0.0038943259907910166}"
control,200,p0.10,nan,1.0,11,0.1,19.900000000000002,19.63,11,32,3926,1994,1.5425500028197363,170,0.2702057073934044,0.005404114147868088,2.9216411586188147,17.782798344319456,1.9611438872044122,3.1603272981162682,9,"{""0"": 0.0035019440677053516, ""1"": 0.012852794483512703, ""2"": 0.004055368026182735, ""3"": 0.0029888194809419484, ""4"": 0.00559498254591562, ""5"": 0.0034307762829501724}"
control,200,p0.10,nan,1.0,11,0.1,19.900000000000002,19.63,11,32,3926,1994,1.5425500028197363,180,0.2624073408985028,0.005248146817970057,14.901362003752139,17.85642318883397,1.9727320198204663,3.1470837240210923,9,"{""0"": 0.003476522761257774, ""1"": 0.013399570079668785, ""2"": 0.00414621827300483, ""3"": 0.0026595066965373485, ""4"": 0.00450651549784327, ""5"": 0.003300547599508335}"
control,200,p0.10,nan,1.0,11,0.1,19.900000000000002,19.63,11,32,3926,1994,1.5425500028197363,190,0.264717670784127,0.00529435341568254,1.5892961478827985,17.927666622010122,1.9705058274331162,3.145540823439022,9,"{""0"": 0.003440007239718365, ""1"": 0.013766832060882306, ""2"": 0.004084858772796909, ""3"": 0.002760762694392497, ""4"": 0.004413512743947863, ""5"": 0.0033001469823573013}"
control,200,p0.10,nan,1.0,11,0.1,19.900000000000002,19.63,11,32,3926,1994,1.5425500028197363,200,0.26307936476114163,0.005261587295222833,24.023646922565646,17.981230437083877,1.9675965717868729,3.1656619030522046,9,"{""0"": 0.0035398751493887575, ""1"": 0.01331565293185585, ""2"": 0.0041061449455820015, ""3"": 0.0029095001384762233, ""4"": 0.004516200803509721, ""5"": 0.0031821498025244414}"
control,200,p0.20,nan,1.0,11,0.2,39.800000000000004,40.11,26,57,8022,1994,1.610197740569757,0,1.0585611817650868,0.02117122363530174,nan,0.0,1.610197740569757,6.345237324032052,13,"{""0"": 0.020805954712848764, ""1"": 0.01903232563332069, ""2"": 0.022451780961233646, ""3"": 0.0204400073966393, ""4"": 0.02258370338933694, ""5"": 0.02171356971843111}"
control,200,p0.20,nan,1.0,11,0.2,39.800000000000004,40.11,26,57,8022,1994,1.610197740569757,10,1.1229620888912846,0.022459241777825698,2.4525504534673015,13.740372308767158,1.9564947406362398,3.4569112379105484,11,"{""0"": 0.0417426881605379, ""1"": 0.049202129249490315, ""2"": 0.03105540758465235, ""3"": 0.003522963169930616, ""4"": 0.006708145104420094, ""5"": 0.0025241173979228828}"
control,200,p0.20,nan,1.0,11,0.2,39.800000000000004,40.11,26,57,8022,1994,1.610197740569757,20,0.95113805297543,0.019022761059508602,3.703604473043724,14.213008551125611,1.8859837137067696,3.3615601990284145,10,"{""0"": 0.030773437137118997, ""1"": 0.04063048280621653, ""2"": 0.017889534385495235, ""3"": 0.0007728404656262196, ""4"": 0.015476343349278127, ""5"": 0.00859392821331651}"
control,200,p0.20,nan,1.0,11,0.2,39.800000000000004,40.11,26,57,8022,1994,1.610197740569757,30,0.7562047019567564,0.01512409403913513,37.446065459503956,15.402520180516143,1.9951295152189803,3.844009599468103,11,"{""0"": 0.02098185415955405, ""1"": 0.025636710997692647, ""2"": 0.006540005507274837, ""3"": 0.0017332319538230453, ""4"": 0.022151835849569788, ""5"": 0.013700925766896414}"
control,200,p0.20,nan,1.0,11,0.2,39.800000000000004,40.11,26,57,8022,1994,1.610197740569757,40,0.6644106634888607,0.013288213269777216,1.2321395451076802,16.014831364677715,2.007100608161594,3.777770551861307,12,"{""0"": 0.014328056834232564, ""1"": 0.02021966549036599, ""2"": 0.0061056382556032174, ""3"": 0.002097869078611957, ""4"": 0.023135244761594242, ""5"": 0.013842805198255318}"
control,200,p0.20,nan,1.0,11,0.2,39.800000000000004,40.11,26,57,8022,1994,1.610197740569757,50,0.6369988459497374,0.01273997691899475,4.698963295638092,16.177182498810083,2.0021329754269988,3.966750562972058,13,"{""0"": 0.013000128667781025, ""1"": 0.020550205793367943, ""2"": 0.006062344197633091, ""3"": 0.0020444066144387845, ""4"": 0.02137655416677098, ""5"": 0.013406222073976671}"
control,200,p0.20,nan,1.0,11,0.2,39.800000000000004,40.11,26,57,8022,1994,1.610197740569757,60,0.5728696948220332,0.011457393896440666,13.366600970180885,16.595062773370657,2.024502595388571,4.2210033486827525,13,"{""0"": 0.007438579517239317, ""1"": 0.0127500955733743, ""2"": 0.005473545907702351, ""3"": 0.0031925218586137, ""4"": 0.021872020447987146, ""5"": 0.01801760007372717}"
control,200,p0.20,nan,1.0,11,0.2,39.800000000000004,40.11,26,57,8022,1994,1.610197740569757,70,0.562794936263473,0.011255898725269463,10.216612536059841,16.875361034149535,2.032301948592261,4.04320487217634,14,"{""0"": 0.00838669491808872, ""1"": 0.012094961295624766, ""2"": 0.005114798200047758, ""3"": 0.002783192704030014, ""4"": 0.021381224876486776, ""5"": 0.017774520357338747}"
control,200,p0.20,nan,1.0,11,0.2,39.800000000000004,40.11,26,57,8022,1994,1.610197740569757,80,0.5336840881690503,0.010673681763381007,2.222563844542569,16.809809795993395,2.0155117573274137,4.345544062798077,14,"{""0"": 0.007651631485907582, ""1"": 0.011824936913911382, ""2"": 0.004784543709215593, ""3"": 0.0025229440396302622, ""4"": 0.01982776062679987, ""5"": 0.01743027380482135}"
control,200,p0.20,nan,1.0,11,0.2,39.800000000000004,40.11,26,57,8022,1994,1.610197740569757,90,0.49587076939639513,0.009917415387927904,23.159897295938904,16.933668030913687,2.004506341503778,4.359703487127205,14,"{""0"": 0.006875173551135485, ""1"": 0.011561758979160754, ""2"": 0.004985328230863421, ""3"": 0.0018935643211400867, ""4"": 0.016640500476890863, ""5"": 0.017548166768376807}"
control,200,p0.20,nan,1.0,11,0.2,39.800000000000004,40.11,26,57,8022,1994,1.610197740569757,100,0.5057782580086,0.010115565160172,5.028164993393554,16.981491704021586,2.007310224498814,4.443207578888976,14,"{""0"": 0.008347375495054168, ""1"": 0.011798578714858534, ""2"": 0.005014929787323067, ""3"": 0.0017099766637294986, ""4"": 0.014828854099220001, ""5"": 0.018993676200846736}"
control,200,p0.20,nan,1.0,11,0.2,39.800000000000004,40.11,26,57,8022,1994,1.610197740569757,110,0.5009456506060334,0.010018913012120668,4.994675869171031,17.075572541027835,2.012877138013333,4.356270522425161,14,"{""0"": 0.009475211381446722, ""1"": 0.009913597461747092, ""2"": 0.004985736361754419, ""3"": 0.0022730146700148794, ""4"": 0.016210861067055025, ""5"": 0.01725505713070587}"
control,200,p0.20,nan,1.0,11,0.2,39.800000000000004,40.11,26,57,8022,1994,1.610197740569757,120,0.47740266004285814,0.009548053200857165,2.5367067392403357,17.068028596089754,2.0242766947262094,4.398935281005349,14,"{""0"": 0.007042511837604948, ""1"": 0.010208313659927627, ""2"": 0.005241049383681646, ""3"": 0.0020523296900417914, ""4"": 0.015591122786478884, ""5"": 0.01715299184740809}"
control,200,p0.20,nan,1.0,11,0.2,39.800000000000004,40.11,26,57,8022,1994,1.610197740569757,130,0.43521869804847546,0.00870437396096951,0.30756419785847466,17.055836196138554,2.020317894667023,4.328422018565843,14,"{""0"": 0.005623145528788233, ""1"": 0.010121492042003901, ""2"": 0.005446135797729279, ""3"": 0.0017395533812340207, ""4"": 0.014442393257151886, ""5"": 0.014853523758909743}"
control,200,p0.20,nan,1.0,11,0.2,39.800000000000004,40.11,26,57,8022,1994,1.610197740569757,140,0.4248751041825376,0.008497502083650754,7.410363815847787,17.109653154912266,2.021251774352524,4.231447423808743,14,"{""0"": 0.005126551992198169, ""1"": 0.009631952162772055, ""2"": 0.005339252962669604, ""3"": 0.0018989966940530993, ""4"": 0.014699973817539838, ""5"": 0.014288284872671756}"
control,200,p0.20,nan,1.0,11,0.2,39.800000000000004,40.11,26,57,8022,1994,1.610197740569757,150,0.39858538229311,0.007971707645862202,10.642767610063922,17.136023540083524,2.0334370932575547,4.240030605265472,14,"{""0"": 0.0046499526709050795, ""1"": 0.009919206501504414, ""2"": 0.005309959902809717, ""3"": 0.0016895487611708168, ""4"": 0.013119240885829738, ""5"": 0.013142337152953442}"
control,200,p0.20,nan,1.0,11,0.2,39.800000000000004,40.11,26,57,8022,1994,1.610197740569757,160,0.39714256501858125,0.007942851300371626,18.60747813849571,17.22465440407827,2.0318464540312795,4.274321665920852,14,"{""0"": 0.004736259615957114, ""1"": 0.009054073090316785, ""2"": 0.005850261045821975, ""3"": 0.0015351607132577927, ""4"": 0.012506631528724037, ""5"": 0.01397472180815205}"
control,200,p0.20,nan,1.0,11,0.2,39.800000000000004,40.11,26,57,8022,1994,1.610197740569757,170,0.3829045589231441,0.007658091178462884,13.666869320161814,17.29949750448352,2.032929779128126,4.244198650086407,13,"{""0"": 0.005708251047772698, ""1"": 0.009107491419922505, ""2"": 0.005739001987908934, ""3"": 0.0014964292168449802, ""4"": 0.012150617715255963, ""5"": 0.011746755683072225}"
control,200,p0.20,nan,1.0,11,0.2,39.800000000000004,40.11,26,57,8022,1994,1.610197740569757,180,0.37829091999392955,0.007565818399878591,5.482125136494491,17.301686655148767,2.024131319877812,4.205654406882805,13,"{""0"": 0.006336685771307837, ""1"": 0.009327167473629761, ""2"": 0.005859248481926768, ""3"": 0.0015636950995698198, ""4"": 0.011073506994388308, ""5"": 0.011234606578449062}"
control,200,p0.20,nan,1.0,11,0.2,39.800000000000004,40.11,26,57,8022,1994,1.610197740569757,190,0.37052680014420075,0.0074105360028840165,48.98460961046681,17.335567375549754,2.0310059342461457,4.193091151525273,13,"{""0"": 0.006453865968878286, ""1"": 0.00888269835844047, ""2"": 0.005875957844450918, ""3"": 0.0016497873386675248, ""4"": 0.01102986785253507, ""5"": 0.010571038654331835}"
control,200,p0.20,nan,1.0,11,0.2,39.800000000000004,40.11,26,57,8022,1994,1.610197740569757,200,0.3651131899987907,0.007302263799975815,56.31084461559229,17.31566953155993,2.0245821917282525,4.188074898037774,13,"{""0"": 0.007384242157532503, ""1"": 0.00875719810703319, ""2"": 0.006324265020982002, ""3"": 0.0017095777901442546, ""4"": 0.00978375247113993, ""5"": 0.009854547253023007}"
control,200,p0.40,nan,1.0,11,0.4,79.60000000000001,80.145,59,100,16029,1994,1.528932141640719,0,1.000044250985644,0.020000885019712884,nan,0.0,1.528932141640719,4.6838742420616555,13,"{""0"": 0.020127517956029038, ""1"": 0.020730868762003415, ""2"": 0.02217664399901114, ""3"": 0.017727394422109046, ""4"": 0.018719715548283798, ""5"": 0.020523169430840885}"
control,200,p0.40,nan,1.0,11,0.4,79.60000000000001,80.145,59,100,16029,1994,1.528932141640719,10,1.0996555292672587,0.02199311058534518,15.917247899007887,12.945111708404688,1.8892589973364704,2.6092289738708425,9,"{""0"": 0.04002579248615224, ""1"": 0.04612407752913, ""2"": 0.021823062016171006, ""3"": 0.00954489900691725, ""4"": 0.008001501289177652, ""5"": 0.006439331184522913}"
control,200,p0.40,nan,1.0,11,0.4,79.60000000000001,80.145,59,100,16029,1994,1.528932141640719,20,0.6985208537837884,0.01397041707567577,13.804826725975731,14.4139030646023,1.9765298290819737,3.3109408385258217,12,"{""0"": 0.007219865433320498, ""1"": 0.027779350858043044, ""2"": 0.019961443073611855, ""3"": 0.0076912207488594895, ""4"": 0.00979169535610532, ""5"": 0.011378926984114399}"
control,200,p0.40,nan,1.0,11,0.4,79.60000000000001,80.145,59,100,16029,1994,1.528932141640719,30,0.5671373503174634,0.01134274700634927,8.867693272148179,14.748777215872384,1.9710285902413254,3.6086710385607788,12,"{""0"": 0.010535435412123926, ""1"": 0.025356479841531415, ""2"": 0.011542518209932748, ""3"": 0.005809884488784513, ""4"": 0.004266534680518776, ""5"": 0.010545629405204242}"
control,200,p0.40,nan,1.0,11,0.4,79.60000000000001,80.145,59,100,16029,1994,1.528932141640719,40,0.47175373861578074,0.009435074772315616,3.526595428081009,15.029531966910556,1.9709976321258569,3.2957479606582267,12,"{""0"": 0.007374985980581375, ""1"": 0.01900349364907522, ""2"": 0.009839786373368468, ""3"": 0.00366925144107732, ""4"": 0.004330832049189104, ""5"": 0.012392099140602209}"
control,200,p0.40,nan,1.0,11,0.4,79.60000000000001,80.145,59,100,16029,1994,1.528932141640719,50,0.4701076353344653,0.009402152706689308,26.77468538741729,15.274698860788448,1.9859461868720554,3.4115809000183996,12,"{""0"": 0.005999573066351479, ""1"": 0.022960553678714794, ""2"": 0.007476535508972237, ""3"": 0.0039898215433440826, ""4"": 0.003154740674904439, ""5"": 0.012831691767848813}"
control,200,p0.40,nan,1.0,11,0.4,79.60000000000001,80.145,59,100,16029,1994,1.528932141640719,60,0.49146750323591604,0.009829350064718322,17.81920769285396,15.178455842777272,1.99329699268503,4.077850927418184,13,"{""0"": 0.005576707454568911, ""1"": 0.023049234616431925, ""2"": 0.009694779072715634, ""3"": 0.003544518642591444, ""4"": 0.0019164133989893282, ""5"": 0.015194447203012695}"
control,200,p0.40,nan,1.0,11,0.4,79.60000000000001,80.145,59,100,16029,1994,1.528932141640719,70,0.5135799822924403,0.010271599645848808,18.011828457303338,15.445990620556564,1.9968285290786618,3.9800323602828733,13,"{""0"": 0.006200049298392354, ""1"": 0.02548893484977844, ""2"": 0.008793717713407211, ""3"": 0.003311315821375656, ""4"": 0.0017944607861465887, ""5"": 0.016041119405992607}"
control,200,p0.40,nan,1.0,11,0.4,79.60000000000001,80.145,59,100,16029,1994,1.528932141640719,80,0.46623813260809266,0.009324762652161854,1.040569817804335,15.636649843568385,2.0057804812970526,3.999712498508258,14,"{""0"": 0.005229225553642387, ""1"": 0.022308403451060697, ""2"": 0.008625650882867094, ""3"": 0.0026112563471365736, ""4"": 0.0018898495958177119, ""5"": 0.01528419008244666}"
control,200,p0.40,nan,1.0,11,0.4,79.60000000000001,80.145,59,100,16029,1994,1.528932141640719,90,0.47101743401732843,0.00942034868034657,2.510101737014827,15.740873449260958,1.9939531148581222,3.8646761044034332,14,"{""0"": 0.0046942795447797395, ""1"": 0.023709507942051573, ""2"": 0.008235225440252725, ""3"": 0.0024124546198761505, ""4"": 0.0017789943663986344, ""5"": 0.015691630168720598}"
control,200,p0.40,nan,1.0,11,0.4,79.60000000000001,80.145,59,100,16029,1994,1.528932141640719,100,0.46364475991798637,0.00927289519835973,19.033784689962676,15.842509262853328,2.001421402642922,3.945270318782642,14,"{""0"": 0.005244038359205583, ""1"": 0.021223188650990897, ""2"": 0.008470339068871343, ""3"": 0.0024221542003423292, ""4"": 0.0016316550638342507, ""5"": 0.016645995846913973}"
control,200,p0.40,nan,1.0,11,0.4,79.60000000000001,80.145,59,100,16029,1994,1.528932141640719,110,0.473571627511796,0.009471432550235921,12.754791555017155,16.02196681841717,2.0027392497728784,4.088666390711187,14,"{""0"": 0.005981127984170915, ""1"": 0.019459695920711624, ""2"": 0.008770218262579354, ""3"": 0.0026068004955871935, ""4"": 0.001988896720238181, ""5"": 0.018021855918128278}"
control,200,p0.40,nan,1.0,11,0.4,79.60000000000001,80.145,59,100,16029,1994,1.528932141640719,120,0.4931840470563317,0.009863680941126635,4.378459687614995,16.045076213213623,2.0143247591060205,4.120195038599206,14,"{""0"": 0.0065061245371848125, ""1"": 0.01913274384888938, ""2"": 0.009948898935705625, ""3"": 0.002885602264851304, ""4"": 0.0019267760884970752, ""5"": 0.018781939971631613}"
control,200,p0.40,nan,1.0,11,0.4,79.60000000000001,80.145,59,100,16029,1994,1.528932141640719,130,0.4822916045762412,0.009645832091524826,8.145884796580864,16.220202212286114,2.0121469506123493,4.025121473935062,13,"{""0"": 0.006260672859820149, ""1"": 0.017666985508166925, ""2"": 0.010288791956262653, ""3"": 0.002583508602842239, ""4"": 0.0020596960755506597, ""5"": 0.01901533754650633}"
control,200,p0.40,nan,1.0,11,0.4,79.60000000000001,80.145,59,100,16029,1994,1.528932141640719,140,0.4701597313469531,0.009403194626939063,21.450246532268114,16.39933886659006,2.025262220481412,4.074989668401213,13,"{""0"": 0.006744148015203552, ""1"": 0.015891738342830426, ""2"": 0.010942108131160241, ""3"": 0.0029756694747757606, ""4"": 0.0024597605476270774, ""5"": 0.01740574325003732}"
control,200,p0.40,nan,1.0,11,0.4,79.60000000000001,80.145,59,100,16029,1994,1.528932141640719,150,0.4689996604466661,0.009379993208933323,13.827470859596799,16.474089439088846,2.0314390675674012,4.002278086367184,13,"{""0"": 0.006506761971772542, ""1"": 0.015481257223062001, ""2"": 0.011418338272883672, ""3"": 0.0028201725012511987, ""4"": 0.0024873852426793115, ""5"": 0.017566044041951213}"
control,200,p0.40,nan,1.0,11,0.4,79.60000000000001,80.145,59,100,16029,1994,1.528932141640719,160,0.4520830028101166,0.009041660056202333,10.946677801663162,16.517102590854265,2.0367658006917155,3.9123768219878343,13,"{""0"": 0.005366446700126465, ""1"": 0.014770858655949733, ""2"": 0.011638053066115725, ""3"": 0.0024523041818126584, ""4"": 0.002821093704798483, ""5"": 0.017201204028410928}"
control,200,p0.40,nan,1.0,11,0.4,79.60000000000001,80.145,59,100,16029,1994,1.528932141640719,170,0.43124578547736436,0.008624915709547288,7.198686274199066,16.58804223180232,2.0427785062157238,3.8834031375190157,13,"{""0"": 0.0058708336043225475, ""1"": 0.014134203333154466, ""2"": 0.011066780290543204, ""3"": 0.0023120534370553495, ""4"": 0.00245532055432465, ""5"": 0.015910303037883516}"
control,200,p0.40,nan,1.0,11,0.4,79.60000000000001,80.145,59,100,16029,1994,1.528932141640719,180,0.4220326502004547,0.008440653004009096,32.04503030090632,16.586324448692384,2.0392889678356014,3.82837449393458,13,"{""0"": 0.006042850970793002, ""1"": 0.014676484200246202, ""2"": 0.010519437507790509, ""3"": 0.002001401115814943, ""4"": 0.002275752472968369, ""5"": 0.01512799175644155}"
control,200,p0.40,nan,1.0,11,0.4,79.60000000000001,80.145,59,100,16029,1994,1.528932141640719,190,0.4202711116872915,0.008405422233745831,9.132373752274571,16.662860632306113,2.038126186366134,3.830727444226624,13,"{""0"": 0.0061707845921942645, ""1"": 0.014287369033623057, ""2"": 0.010318550808047357, ""3"": 0.0020311944540296846, ""4"": 0.0021196261214649703, ""5"": 0.015505008393115647}"
control,200,p0.40,nan,1.0,11,0.4,79.60000000000001,80.145,59,100,16029,1994,1.528932141640719,200,0.4192851704624159,0.008385703409248319,23.00293027370333,16.73987406793766,2.037619869671036,3.8605852183147924,13,"{""0"": 0.006446657050224766, ""1"": 0.015134883830832774, ""2"": 0.009738235214745136, ""3"": 0.002141867243849364, ""4"": 0.0021157623672885604, ""5"": 0.014736814748549315}"
control,200,p0.05,nan,1.0,12,0.05,9.950000000000001,9.795,1,19,1959,1959,1.5233865465744076,0,1.017413052042244,0.02034826104084488,nan,0.0,1.5233865465744076,4.6871526490190645,12,"{""0"": 0.02003201395491972, ""1"": 0.01967527447171764, ""2"": 0.021608234255549953, ""3"": 0.019792106391627984, ""4"": 0.020273861156889894, ""5"": 0.020708076014364085}"
control,200,p0.05,nan,1.0,12,0.05,9.950000000000001,9.795,1,19,1959,1959,1.5233865465744076,10,0.6857960378352992,0.013715920756705986,5.930547448134627,13.44730279096949,1.928230552495471,2.950650069085585,7,"{""0"": 0.02554131483373086, ""1"": 0.0050146295142650486, ""2"": 0.004854951299166953, ""3"": 0.023722947324329013, ""4"": 0.01660342248284962, ""5"": 0.006558259085894425}"
control,200,p0.05,nan,1.0,12,0.05,9.950000000000001,9.795,1,19,1959,1959,1.5233865465744076,20,0.6209582718811262,0.012419165437622526,3.9489140786775025,16.353516434866275,2.266910798061554,2.1200087985612788,6,"{""0"": 0.01157677886165981, ""1"": 0.0066840540947582915, ""2"": 0.019844827948947173, ""3"": 0.012794757546274446, ""4"": 0.0017561623116629174, ""5"": 0.02185841186243253}"
control,200,p0.05,nan,1.0,12,0.05,9.950000000000001,9.795,1,19,1959,1959,1.5233865465744076,30,0.6935016629135211,0.013870033258270425,12.180438161464135,16.72589747870359,2.1566920255518576,2.5713989518198175,8,"{""0"": 0.024497388422628736, ""1"": 0.0140354505312203, ""2"": 0.009110939597978021, ""3"": 0.017465872758326208, ""4"": 0.01003244824246158, ""5"": 0.008078099997007714}"
control,200,p0.05,nan,1.0,12,0.05,9.950000000000001,9.795,1,19,1959,1959,1.5233865465744076,40,0.6592554851185755,0.01318510970237151,26.135801490256693,16.940189692064667,2.141399171701565,2.879956349163912,8,"{""0"": 0.02582872867344263, ""1"": 0.011719327237939194, ""2"": 0.008471295923141007, ""3"": 0.01832589238310474, ""4"": 0.007025924528357002, ""5"": 0.007739489468244487}"
control,200,p0.05,nan,1.0,12,0.05,9.950000000000001,9.795,1,19,1959,1959,1.5233865465744076,50,0.5354096880415327,0.010708193760830655,6.73688933514029,16.972893906943224,2.0461663479291827,2.9755738373425387,8,"{""0"": 0.01660699914033874, ""1"": 0.010877580747161948, ""2"": 0.008899204893317244, ""3"": 0.015435401614661007, ""4"": 0.0054755935525664726, ""5"": 0.006954382616938511}"
control,200,p0.05,nan,1.0,12,0.05,9.950000000000001,9.795,1,19,1959,1959,1.5233865465744076,60,0.5234871061449643,0.010469742122899287,1.3000219980623895,17.16369456264237,1.9754166935222053,3.429305855840179,8,"{""0"": 0.01862193382826703, ""1"": 0.00829983816205137, ""2"": 0.008488954810034813, ""3"": 0.01893715287524188, ""4"": 0.0023859354844265714, ""5"": 0.006084637577374057}"
control,200,p0.05,nan,1.0,12,0.05,9.950000000000001,9.795,1,19,1959,1959,1.5233865465744076,70,0.48361466755113747,0.009672293351022751,49.59433595212228,17.249027437788243,1.9568733787160983,3.3984327608103757,8,"{""0"": 0.01312869785574978, ""1"": 0.00954668820582718, ""2"": 0.006211948770697875, ""3"": 0.020562817017183998, ""4"": 0.004141394020940456, ""5"": 0.00444221423573722}"
control,200,p0.05,nan,1.0,12,0.05,9.950000000000001,9.795,1,19,1959,1959,1.5233865465744076,80,0.431813031993122,0.00863626063986244,1.1619462025727396,17.405343208328603,1.9664175384839258,3.5643740375985833,9,"{""0"": 0.011404803158328274, ""1"": 0.00781245598758223, ""2"": 0.005139601840421626, ""3"": 0.02138710952632647, ""4"": 0.0027273460429311546, ""5"": 0.003346247283584898}"
control,200,p0.05,nan,1.0,12,0.05,9.950000000000001,9.795,1,19,1959,1959,1.5233865465744076,90,0.3923712555515208,0.007847425111030417,19.27661868135969,17.544575735421684,1.9778008988210036,3.54102600507635,8,"{""0"": 0.011199140084880968, ""1"": 0.0053640475048204635, ""2"": 0.004312611138090596, ""3"": 0.02006092151643108, ""4"": 0.0033835744185352784, ""5"": 0.002764256003424114}"
control,200,p0.05,nan,1.0,12,0.05,9.950000000000001,9.795,1,19,1959,1959,1.5233865465744076,100,0.3665479259266576,0.007330958518533153,46.87341095689824,17.589237057652728,1.9788823406682645,3.6701640003568405,9,"{""0"": 0.012381507215359262, ""1"": 0.005088109635040965, ""2"": 0.0034844678425371436, ""3"": 0.017562512873457302, ""4"": 0.00260124876460438, ""5"": 0.00286790478019986}"
control,200,p0.05,nan,1.0,12,0.05,9.950000000000001,9.795,1,19,1959,1959,1.5233865465744076,110,0.3383915298561985,0.006767830597123971,12.012143271199303,17.688390884114103,1.9814567517107424,3.4484327301342743,8,"{""0"": 0.008887914005882498, ""1"": 0.007129585580328837, ""2"": 0.00460942866856209, ""3"": 0.014571634509527595, ""4"": 0.001847386403919246, ""5"": 0.0035610344145235603}"
control,200,p0.05,nan,1.0,12,0.05,9.950000000000001,9.795,1,19,1959,1959,1.5233865465744076,120,0.32782236004614385,0.006556447200922877,4.676422727550436,17.779371627831303,1.9883157616415863,3.634728086727981,9,"{""0"": 0.010013309179820126, ""1"": 0.00545785431495326, ""2"": 0.0034349018977407877, ""3"": 0.01612766996351251, ""4"": 0.001581549358662564, ""5"": 0.0027233984908480125}"
control,200,p0.05,nan,1.0,12,0.05,9.950000000000001,9.795,1,19,1959,1959,1.5233865465744076,130,0.28032711367713914,0.005606542273542784,5.8024775917438145,17.888331537485218,1.9977083504317166,3.406759843369689,8,"{""0"": 0.0079120338610703, ""1"": 0.002495032082113707, ""2"": 0.004131230050574026, ""3"": 0.01447393521390967, ""4"": 0.0013757031475794155, ""5"": 0.003251319286009577}"
control,200,p0.05,nan,1.0,12,0.05,9.950000000000001,9.795,1,19,1959,1959,1.5233865465744076,140,0.27225126115522197,0.0054450252231044395,0.8820770234124066,17.988255189197364,2.013010721292778,3.325920193792825,7,"{""0"": 0.007336762628823543, ""1"": 0.0018391937677702402, ""2"": 0.004817024909949455, ""3"": 0.013079279441028194, ""4"": 0.001178077398674832, ""5"": 0.004419813192380379}"
control,200,p0.05,nan,1.0,12,0.05,9.950000000000001,9.795,1,19,1959,1959,1.5233865465744076,150,0.2382611279171906,0.0047652225583438125,7.017884043883051,18.007702337277852,2.0104356895386255,3.390731830571077,8,"{""0"": 0.0076496397238641906, ""1"": 0.0020925320307942446, ""2"": 0.004707615782137708, ""3"": 0.008391378739289185, ""4"": 0.0011835675072711855, ""5"": 0.004566601566706364}"
control,200,p0.05,nan,1.0,12,0.05,9.950000000000001,9.795,1,19,1959,1959,1.5233865465744076,160,0.2578569758001369,0.005157139516002738,52.225183023155324,18.01762916900033,2.026783272054133,3.412403320533042,8,"{""0"": 0.0108895394419977, ""1"": 0.0016610587940442429, ""2"": 0.004920800640327948, ""3"": 0.007640751600426973, ""4"": 0.0010389713006233275, ""5"": 0.0047917153185962355}"
control,200,p0.05,nan,1.0,12,0.05,9.950000000000001,9.795,1,19,1959,1959,1.5233865465744076,170,0.251317957226225,0.005026359144524501,0.8311682664342701,18.10483706790972,2.0293153475012997,3.483457224651597,8,"{""0"": 0.011964678530811401, ""1"": 0.0016440496010476165, ""2"": 0.003886140596660738, ""3"": 0.007924234869643911, ""4"": 0.0010572107922332298, ""5"": 0.003681840476750109}"
control,200,p0.05,nan,1.0,12,0.05,9.950000000000001,9.795,1,19,1959,1959,1.5233865465744076,180,0.24842936703568075,0.004968587340713615,4.997871689350214,18.198658834134342,2.045185229017738,3.3867936362030493,8,"{""0"": 0.01166126945426, ""1"": 0.0017033798853044388, ""2"": 0.0035680412748066563, ""3"": 0.008062015489145176, ""4"": 0.0010429653082935642, ""5"": 0.003773852632471862}"
control,200,p0.05,nan,1.0,12,0.05,9.950000000000001,9.795,1,19,1959,1959,1.5233865465744076,190,0.24536115885636786,0.004907223177127358,5.149589276117903,18.326551133031984,2.0473649691997786,3.3585407833093175,8,"{""0"": 0.011685157074958147, ""1"": 0.0016793693380746672, ""2"": 0.003427323359161391, ""3"": 0.007805783446296852, ""4"": 0.0009774485396056723, ""5"": 0.0038682573046674206}"
control,200,p0.05,nan,1.0,12,0.05,9.950000000000001,9.795,1,19,1959,1959,1.5233865465744076,200,0.2474191644111933,0.004948383288223866,1.0070345916771148,18.406103886916448,2.060125999752363,3.3514957993394363,8,"{""0"": 0.011367046970556976, ""1"": 0.0018074268325917325, ""2"": 0.003815499564990915, ""3"": 0.00754749106139016, ""4"": 0.0009960712208095328, ""5"": 0.004156764079003881}"
control,200,p0.10,nan,1.0,12,0.1,19.900000000000002,19.58,9,31,3916,1959,1.5144697430301919,0,0.9594710710322025,0.019189421420644052,nan,0.0,1.5144697430301919,6.022403348827291,13,"{""0"": 0.017860010810778947, ""1"": 0.019679776603931165, ""2"": 0.019992700103969283, ""3"": 0.020933466234926024, ""4"": 0.018187400149878345, ""5"": 0.018483174620380564}"
control,200,p0.10,nan,1.0,12,0.1,19.900000000000002,19.58,9,31,3916,1959,1.5144697430301919,10,0.8536110489849477,0.017072220979698956,4.709757562495139,12.975124252037993,1.7819066029211383,2.338946444792485,8,"{""0"": 0.02289338509519407, ""1"": 0.0033668142889551737, ""2"": 0.015769459955489375, ""3"": 0.02201503423860898, ""4"": 0.02236119999699441, ""5"": 0.016027432302951738}"
control,200,p0.10,nan,1.0,12,0.1,19.900000000000002,19.58,9,31,3916,1959,1.5144697430301919,20,0.7085045471882292,0.014170090943764585,13.7033554185819,15.148544091352912,1.8671161224525328,3.0786305884269076,10,"{""0"": 0.012265146081114576, ""1"": 0.0035756569570593415, ""2"": 0.02082046257200293, ""3"": 0.015796231787271096, ""4"": 0.008232553653829796, ""5"": 0.024330494611309778}"
control,200,p0.10,nan,1.0,12,0.1,19.900000000000002,19.58,9,31,3916,1959,1.5144697430301919,30,0.7012384615558159,0.01402476923111632,19.606006932314813,16.063449687310094,1.9007110730359824,4.194396624160661,11,"{""0"": 0.012553650339376563, ""1"": 0.011198737201514614, ""2"": 0.010084532985838007, ""3"": 0.019887519273812652, ""4"": 0.021143750987337655, ""5"": 0.00928042459881844}"
control,200,p0.10,nan,1.0,12,0.1,19.900000000000002,19.58,9,31,3916,1959,1.5144697430301919,40,0.6166196390762901,0.012332392781525803,21.837061467735353,16.4371451636368,1.9312461061905912,3.610311831617985,10,"{""0"": 0.009908295941937099, ""1"": 0.010210263990906923, ""2"": 0.010885031241407776, ""3"": 0.019629716951527654, ""4"": 0.011273510451291558, ""5"": 0.012087538112083811}"
control,200,p0.10,nan,1.0,12,0.1,19.900000000000002,19.58,9,31,3916,1959,1.5144697430301919,50,0.6061552043540451,0.012123104087080904,12.747537073399247,16.759537406814836,1.929369252974118,3.457596897495859,11,"{""0"": 0.009545147385189457, ""1"": 0.012587167288921789, ""2"": 0.00993961556234866, ""3"": 0.019787114455708254, ""4"": 0.008390213647517115, ""5"": 0.012489366182800157}"
control,200,p0.10,nan,1.0,12,0.1,19.900000000000002,19.58,9,31,3916,1959,1.5144697430301919,60,0.6489385082886137,0.012978770165772275,4.165899629773072,17.01234964511884,1.9379051426124343,3.044861962276617,10,"{""0"": 0.010693885637498143, ""1"": 0.009973771999044142, ""2"": 0.014260884596141851, ""3"": 0.02273119563366062, ""4"": 0.00367008087752246, ""5"": 0.01654280225076645}"
control,200,p0.10,nan,1.0,12,0.1,19.900000000000002,19.58,9,31,3916,1959,1.5144697430301919,70,0.5802381547020059,0.01160476309404012,3.612019464916531,17.122735238752163,1.9342219088898227,3.8485352407844413,11,"{""0"": 0.009032757868733492, ""1"": 0.011221225825257409, ""2"": 0.012416087036042042, ""3"": 0.019649345538742594, ""4"": 0.008160662973301577, ""5"": 0.009148499322163595}"
control,200,p0.10,nan,1.0,12,0.1,19.900000000000002,19.58,9,31,3916,1959,1.5144697430301919,80,0.5600062875731556,0.011200125751463114,5.339133272675406,17.308585139378195,1.9429612294541667,3.820846714193383,11,"{""0"": 0.009219256682268286, ""1"": 0.009239092644657745, ""2"": 0.011581975886437442, ""3"": 0.02145910681062983, ""4"": 0.007497102380536104, ""5"": 0.00820422010424928}"
control,200,p0.10,nan,1.0,12,0.1,19.900000000000002,19.58,9,31,3916,1959,1.5144697430301919,90,0.5805880778419865,0.011611761556839732,4.844393476181518,17.427886133893647,1.9398666406297664,4.021542394612014,11,"{""0"": 0.009683198391076672, ""1"": 0.009624431593960172, ""2"": 0.010398765807546635, ""3"": 0.02633478199020204, ""4"": 0.007918550987146415, ""5"": 0.005710840571106463}"
control,200,p0.10,nan,1.0,12,0.1,19.900000000000002,19.58,9,31,3916,1959,1.5144697430301919,100,0.5555800284175791,0.011111600568351586,32.752899826937465,17.515506397049364,1.9405932029447948,3.9657395169334393,11,"{""0"": 0.009631725113392624, ""1"": 0.009508115842775243, ""2"": 0.00980174258101016, ""3"": 0.024526521862305823, ""4"": 0.007078360069403253, ""5"": 0.006123137941222407}"
control,200,p0.10,nan,1.0,12,0.1,19.900000000000002,19.58,9,31,3916,1959,1.5144697430301919,110,0.5371099856500295,0.010742199713000592,4.92439220901809,17.62052863166811,1.9591748308498425,3.9184126160759667,11,"{""0"": 0.010034801086057895, ""1"": 0.01077154074188309, ""2"": 0.01006983450967663, ""3"": 0.022292676505814634, ""4"": 0.005496090785961775, ""5"": 0.005788254648609522}"
control,200,p0.10,nan,1.0,12,0.1,19.900000000000002,19.58,9,31,3916,1959,1.5144697430301919,120,0.5243039648973585,0.010486079297947173,11.969495213514284,17.75440498207439,1.977622695242004,3.817082995283588,11,"{""0"": 0.010582930795613829, ""1"": 0.009538523001648671, ""2"": 0.009618123051867813, ""3"": 0.023795390946201776, ""4"": 0.0032906611259323247, ""5"": 0.006090846866418621}"
control,200,p0.10,nan,1.0,12,0.1,19.900000000000002,19.58,9,31,3916,1959,1.5144697430301919,130,0.5172012922015138,0.010344025844030276,4.523077569766903,17.90976671894259,1.987750776373027,3.7698722951934465,11,"{""0"": 0.010297497814698858, ""1"": 0.009466559119235943, ""2"": 0.009876273895775573, ""3"": 0.023138046473373086, ""4"": 0.003271847462158338, ""5"": 0.006013930298939868}"
control,200,p0.10,nan,1.0,12,0.1,19.900000000000002,19.58,9,31,3916,1959,1.5144697430301919,140,0.4942939410536043,0.009885878821072088,1.3632911967910977,17.954453934042913,1.9956630540387454,3.4773125669247493,11,"{""0"": 0.009401136905981832, ""1"": 0.008326453269973574, ""2"": 0.010056260318504663, ""3"": 0.02003077644490469, ""4"": 0.0030045032202623985, ""5"": 0.008496142766805374}"
control,200,p0.10,nan,1.0,12,0.1,19.900000000000002,19.58,9,31,3916,1959,1.5144697430301919,150,0.46972688096855497,0.009394537619371101,3.6597469632800363,18.04576532526237,1.99372959236063,3.549033505651245,11,"{""0"": 0.008526746447520665, ""1"": 0.008751730749313933, ""2"": 0.009605575852709613, ""3"": 0.0193498839431738, ""4"": 0.0029483137650693917, ""5"": 0.007184974958439204}"
control,200,p0.10,nan,1.0,12,0.1,19.900000000000002,19.58,9,31,3916,1959,1.5144697430301919,160,0.4580489471752339,0.009160978943504679,28.72376128207134,18.098794982600673,2.0032811390507006,3.363015697112237,11,"{""0"": 0.009674137317809304, ""1"": 0.007497757912477095, ""2"": 0.009422887525123278, ""3"": 0.017460482125861498, ""4"": 0.002729427781365575, ""5"": 0.008181180998391324}"
control,200,p0.10,nan,1.0,12,0.1,19.900000000000002,19.58,9,31,3916,1959,1.5144697430301919,170,0.4686616675854956,0.009373233351709913,2.864177083771332,18.16894451184219,1.9969786174793902,3.65023673354754,11,"{""0"": 0.010771713182640828, ""1"": 0.00822997715130593, ""2"": 0.008701098257656841, ""3"": 0.01953144052417783, ""4"": 0.0027746611083433598, ""5"": 0.00623050988613469}"
control,200,p0.10,nan,1.0,12,0.1,19.900000000000002,19.58,9,31,3916,1959,1.5144697430301919,180,0.4560387153939423,0.009120774307878847,1.9069304266843627,18.194185687508085,1.998227374341512,3.575349693897546,11,"{""0"": 0.010408268856453587, ""1"": 0.007802046030321241, ""2"": 0.008725546549978772, ""3"": 0.01892186753187546, ""4"": 0.00264105105074143, ""5"": 0.006225865827902592}"
control,200,p0.10,nan,1.0,12,0.1,19.900000000000002,19.58,9,31,3916,1959,1.5144697430301919,190,0.4535790600020999,0.009071581200041999,9.078480156495921,18.292694474759987,1.9950759623750618,3.6142903438050715,11,"{""0"": 0.010041254992722588, ""1"": 0.007675877207387634, ""2"": 0.008746896685675406, ""3"": 0.0191219017970914, ""4"": 0.00262818223557637, ""5"": 0.006215374281798603}"
control,200,p0.10,nan,1.0,12,0.1,19.900000000000002,19.58,9,31,3916,1959,1.5144697430301919,200,0.4576971955534124,0.009153943911068248,2.229845199235413,18.342493544155708,1.9940920283763341,3.672942377238622,11,"{""0"": 0.010699836352496071, ""1"": 0.008292537501302794, ""2"": 0.00860598768639206, ""3"": 0.01865628938552211, ""4"": 0.002679455655338386, ""5"": 0.005989556885358077}"
control,200,p0.20,nan,1.0,12,0.2,39.800000000000004,39.38,25,54,7876,1959,1.5292825657472828,0,1.0054595225191891,0.020109190450383785,nan,0.0,1.5292825657472828,5.369412378824965,12,"{""0"": 0.02057973162614573, ""1"": 0.01696182020211196, ""2"": 0.020051669976372068, ""3"": 0.018594212882705397, ""4"": 0.020912448161032045, ""5"": 0.023555259853935515}"
control,200,p0.20,nan,1.0,12,0.2,39.800000000000004,39.38,25,54,7876,1959,1.5292825657472828,10,0.8482943304027843,0.01696588660805569,11.084274216219463,13.48571445547114,1.8806664041016545,3.4519311063430576,12,"{""0"": 0.020990051333548344, ""1"": 0.01853163843306363, ""2"": 0.008377811599669544, ""3"": 0.027048737869833105, ""4"": 0.011778732746521702, ""5"": 0.015068347665697817}"
control,200,p0.20,nan,1.0,12,0.2,39.800000000000004,39.38,25,54,7876,1959,1.5292825657472828,20,0.6731235112495272,0.013462470224990544,11.172623202854147,15.451761858897983,2.1041357970099877,3.18581121447617,10,"{""0"": 0.005674935374992962, ""1"": 0.026969566885812278, ""2"": 0.011015159221909926, ""3"": 0.007805582364595992, ""4"": 0.014254299127601932, ""5"": 0.015055278375030168}"
control,200,p0.20,nan,1.0,12,0.2,39.800000000000004,39.38,25,54,7876,1959,1.5292825657472828,30,0.6228151768673494,0.01245630353734699,12.54371923766957,16.15204490725447,2.0245025771654985,3.717769040235478,12,"{""0"": 0.004802062828049955, ""1"": 0.022737101218270283, ""2"": 0.00949612911282353, ""3"": 0.012636584229970663, ""4"": 0.009747039078020655, ""5"": 0.015318904756946838}"
control,200,p0.20,nan,1.0,12,0.2,39.800000000000004,39.38,25,54,7876,1959,1.5292825657472828,40,0.6143041065935275,0.012286082131870551,11.646291171990416,16.1452284927282,2.0426568306940482,4.901426713298136,14,"{""0"": 0.0056719101259347215, ""1"": 0.023379685713875182, ""2"": 0.008464766272747119, ""3"": 0.023158910531733527, ""4"": 0.006335659323728864, ""5"": 0.006705560823203895}"
control,200,p0.20,nan,1.0,12,0.2,39.800000000000004,39.38,25,54,7876,1959,1.5292825657472828,50,0.49838691431136933,0.009967738286227388,12.065608306192402,16.350790237508004,2.0142337594396778,3.7210970473620657,12,"{""0"": 0.005388330200885846, ""1"": 0.020881692455983918, ""2"": 0.006452994883278523, ""3"": 0.01104957422247306, ""4"": 0.0087409175708783, ""5"": 0.0072929203838646706}"
control,200,p0.20,nan,1.0,12,0.2,39.800000000000004,39.38,25,54,7876,1959,1.5292825657472828,60,0.49076902178830334,0.009815380435766068,3.5840540924422837,16.53928157676525,2.025743491868999,4.0921135481179585,12,"{""0"": 0.00612302895482506, ""1"": 0.02183581473806294, ""2"": 0.005794726384937499, ""3"": 0.013213302339573445, ""4"": 0.007010672636341442, ""5"": 0.004914737560856021}"
control,200,p0.20,nan,1.0,12,0.2,39.800000000000004,39.38,25,54,7876,1959,1.5292825657472828,70,0.49998661838001834,0.009999732367600368,5.216463567388907,16.796313551501026,2.0422916310351944,4.096669317707955,12,"{""0"": 0.0063086768220519075, ""1"": 0.021648637365612795, ""2"": 0.005683355947127855, ""3"": 0.013370724269269885, ""4"": 0.008184825437323393, ""5"": 0.004802174364216373}"
control,200,p0.20,nan,1.0,12,0.2,39.800000000000004,39.38,25,54,7876,1959,1.5292825657472828,80,0.49366957047537446,0.009873391409507491,45.11079283821757,16.873519182911156,2.0314498123301385,4.107029879443284,13,"{""0"": 0.006088542129394486, ""1"": 0.02007669612359392, ""2"": 0.0059751313393140324, ""3"": 0.014125209359888622, ""4"": 0.007410721508640988, ""5"": 0.005564047996212898}"
control,200,p0.20,nan,1.0,12,0.2,39.800000000000004,39.38,25,54,7876,1959,1.5292825657472828,90,0.5034724595485794,0.01006944919097159,3.9250641414378866,17.01333892837063,2.05018714452488,3.9988483252450258,13,"{""0"": 0.007267786581887407, ""1"": 0.02138369110847983, ""2"": 0.005073265513603183, ""3"": 0.013725954575394583, ""4"": 0.008642196085834107, ""5"": 0.004323801280630429}"
control,200,p0.20,nan,1.0,12,0.2,39.800000000000004,39.38,25,54,7876,1959,1.5292825657472828,100,0.5182410715777306,0.010364821431554613,32.03312684112437,17.05721209645292,2.021419900324821,3.914841288486978,12,"{""0"": 0.008345159518290405, ""1"": 0.021935505999343845, ""2"": 0.005196635756651619, ""3"": 0.014123258200826088, ""4"": 0.008184980394902128, ""5"": 0.004403388719313591}"
control,200,p0.20,nan,1.0,12,0.2,39.800000000000004,39.38,25,54,7876,1959,1.5292825657472828,110,0.5121401527675311,0.010242803055350623,30.171065715129263,17.217711303415424,2.0477427503167953,3.8144440604506085,13,"{""0"": 0.009077050273261812, ""1"": 0.02175988639104832, ""2"": 0.0052141582853955665, ""3"": 0.0121832888118312, ""4"": 0.008367266701083852, ""5"": 0.004855167869482979}"
control,200,p0.20,nan,1.0,12,0.2,39.800000000000004,39.38,25,54,7876,1959,1.5292825657472828,120,0.4987506546496885,0.00997501309299377,6.017381776071293,17.248668001793668,2.054603298483306,3.963666779585855,13,"{""0"": 0.010093778949979268, ""1"": 0.019985375015248108, ""2"": 0.004753865489672703, ""3"": 0.012476343517442867, ""4"": 0.008278140452371689, ""5"": 0.004262575133247991}"
control,200,p0.20,nan,1.0,12,0.2,39.800000000000004,39.38,25,54,7876,1959,1.5292825657472828,130,0.5101593366393913,0.010203186732787828,4.9026310669498985,17.384576116437014,2.0678330772207483,4.03548982072996,13,"{""0"": 0.010951692443294478, ""1"": 0.020589676835169428, ""2"": 0.004939346563601156, ""3"": 0.012017321267506717, ""4"": 0.007915700103106334, ""5"": 0.004805383184048849}"
control,200,p0.20,nan,1.0,12,0.2,39.800000000000004,39.38,25,54,7876,1959,1.5292825657472828,140,0.507398174378226,0.010147963487564521,8.601765140882453,17.505843230662958,2.069700742537021,4.174811990825982,13,"{""0"": 0.0103143235300286, ""1"": 0.01984159938701801, ""2"": 0.004579695011738986, ""3"": 0.014120994553604837, ""4"": 0.007375645610052432, ""5"": 0.004655522832944259}"
control,200,p0.20,nan,1.0,12,0.2,39.800000000000004,39.38,25,54,7876,1959,1.5292825657472828,150,0.4872156110459921,0.009744312220919843,4.249100034241122,17.53564610677966,2.0654291167219925,3.950654071217622,12,"{""0"": 0.008238906671141619, ""1"": 0.020661658685225737, ""2"": 0.004683698410181847, ""3"": 0.012339033003496033, ""4"": 0.007485169812764339, ""5"": 0.00505740674270949}"
control,200,p0.20,nan,1.0,12,0.2,39.800000000000004,39.38,25,54,7876,1959,1.5292825657472828,160,0.48348840722195935,0.009669768144439189,29.392223636254933,17.581636959076473,2.0624626229475465,4.149217408732736,13,"{""0"": 0.009440647951414475, ""1"": 0.019474272607300523, ""2"": 0.004603091072778137, ""3"": 0.012470514870623353, ""4"": 0.007288839000941132, ""5"": 0.004741243363577506}"
control,200,p0.20,nan,1.0,12,0.2,39.800000000000004,39.38,25,54,7876,1959,1.5292825657472828,170,0.47545482458877075,0.009509096491775415,3.753740427295788,17.64413879415763,2.0689720573627923,4.256134905165654,13,"{""0"": 0.009482427200522434, ""1"": 0.019294360778389277, ""2"": 0.004284481682983672, ""3"": 0.013159800982689273, ""4"": 0.007221198593453279, ""5"": 0.003612309712614569}"
control,200,p0.20,nan,1.0,12,0.2,39.800000000000004,39.38,25,54,7876,1959,1.5292825657472828,180,0.4595705622418127,0.009191411244836255,11.678092245115709,17.696901418731105,2.084780114572365,4.290897332628561,13,"{""0"": 0.007814677229457648, ""1"": 0.018771754408405263, ""2"": 0.004290419050858095, ""3"": 0.01358861652948459, ""4"": 0.007284420625525759, ""5"": 0.003398579625286182}"
control,200,p0.20,nan,1.0,12,0.2,39.800000000000004,39.38,25,54,7876,1959,1.5292825657472828,190,0.4546619706716174,0.009093239413432349,31.061414190125003,17.656317361191956,2.0746619852788286,4.111645914440028,13,"{""0"": 0.008999836918422096, ""1"": 0.018737655339459536, ""2"": 0.004175432380398057, ""3"": 0.011703814855371359, ""4"": 0.007420881625401503, ""5"": 0.003521815361541543}"
control,200,p0.20,nan,1.0,12,0.2,39.800000000000004,39.38,25,54,7876,1959,1.5292825657472828,200,0.48013549491709523,0.009602709898341905,2.577957562633661,17.715168487071818,2.086938928463291,4.077422324995975,13,"{""0"": 0.01049123094933923, ""1"": 0.01880812372153826, ""2"": 0.004178401996238891, ""3"": 0.012288411573375556, ""4"": 0.008136339810120545, ""5"": 0.0037137513394389517}"
control,200,p0.40,nan,1.0,12,0.4,79.60000000000001,79.25,58,99,15850,1959,1.6319930765496493,0,0.9826988338008663,0.01965397667601733,nan,0.0,1.6319930765496493,10.706670792952728,16,"{""0"": 0.020152222102350674, ""1"": 0.02102493026727047, ""2"": 0.018786029758192803, ""3"": 0.018895778316262136, ""4"": 0.019070186033463624, ""5"": 0.019994713578564284}"
control,200,p0.40,nan,1.0,12,0.4,79.60000000000001,79.25,58,99,15850,1959,1.6319930765496493,10,0.7886064612983926,0.015772129225967855,2.8646761138496832,13.817764736324861,2.0038910613542176,2.417476810120898,8,"{""0"": 0.021659742627415875, ""1"": 0.002496714145617478, ""2"": 0.02233142082863761, ""3"": 0.01989208931249504, ""4"": 0.0040011679743921225, ""5"": 0.024251640467248987}"
control,200,p0.40,nan,1.0,12,0.4,79.60000000000001,79.25,58,99,15850,1959,1.6319930765496493,20,0.8363238967216334,0.01672647793443267,16.942270892473182,15.840095003988452,2.0740219800108104,2.625748576951914,11,"{""0"": 0.020979943326437534, ""1"": 0.00952844987301665, ""2"": 0.02830172374063667, ""3"": 0.016204051909754328, ""4"": 0.008091163967972406, ""5"": 0.01725353478877846}"
control,200,p0.40,nan,1.0,12,0.4,79.60000000000001,79.25,58,99,15850,1959,1.6319930765496493,30,0.77133956968312,0.015426791393662403,4.524735499376872,16.99811394432721,2.20684372058175,4.218466332640119,14,"{""0"": 0.015931090010868697, ""1"": 0.009742122911961037, ""2"": 0.01719123741214496, ""3"": 0.020961202464048652, ""4"": 0.017898287837280057, ""5"": 0.010836807725671015}"
control,200,p0.40,nan,1.0,12,0.4,79.60000000000001,79.25,58,99,15850,1959,1.6319930765496493,40,0.6418221525030162,0.012836443050060327,11.039129752386868,17.008177801905344,2.2222632398128432,4.1615546247781126,14,"{""0"": 0.0120055512072836, ""1"": 0.00985610210327249, ""2"": 0.01382901279437534, ""3"": 0.019479916965879855, ""4"": 0.012674405106949732, ""5"": 0.009173670122600938}"
control,200,p0.40,nan,1.0,12,0.4,79.60000000000001,79.25,58,99,15850,1959,1.6319930765496493,50,0.6786144499419635,0.013572288998839274,2.5037395007026433,17.402143170060445,2.2462885905333394,4.299779281022335,14,"{""0"": 0.014246799507599602, ""1"": 0.012359520011915532, ""2"": 0.0160070874849443, ""3"": 0.017168183011503323, ""4"": 0.012711928441498443, ""5"": 0.008940215535574432}"
control,200,p0.40,nan,1.0,12,0.4,79.60000000000001,79.25,58,99,15850,1959,1.6319930765496493,60,0.6412988595128395,0.012825977190256792,2.0210929606393453,17.498995061430318,2.276536295050583,4.2684171442763414,14,"{""0"": 0.014780370761132432, ""1"": 0.015997178735209144, ""2"": 0.010593545209471244, ""3"": 0.02069880828489026, ""4"": 0.009280381178970024, ""5"": 0.0056055789718676375}"
control,200,p0.40,nan,1.0,12,0.4,79.60000000000001,79.25,58,99,15850,1959,1.6319930765496493,70,0.554539994954189,0.011090799899083783,4.011576282591203,17.52555594749395,2.280057908442946,4.1404612152550735,13,"{""0"": 0.00842370362550753, ""1"": 0.015275224225872852, ""2"": 0.010530844442594799, ""3"": 0.019027930244857143, ""4"": 0.008753269871038142, ""5"": 0.004533826984632229}"
control,200,p0.40,nan,1.0,12,0.4,79.60000000000001,79.25,58,99,15850,1959,1.6319930765496493,80,0.5476011434009314,0.010952022868018628,16.736617557672997,17.533411223151095,2.270973727065442,3.95992929750997,13,"{""0"": 0.007671135751009345, ""1"": 0.014255234344100809, ""2"": 0.013817900458470849, ""3"": 0.01661316089836653, ""4"": 0.0082860605667176, ""5"": 0.0050686451894466356}"
control,200,p0.40,nan,1.0,12,0.4,79.60000000000001,79.25,58,99,15850,1959,1.6319930765496493,90,0.5605100423102403,0.011210200846204806,8.037643448880898,17.53754962841487,2.274318780015603,3.9393491866992267,13,"{""0"": 0.00730769214160028, ""1"": 0.014839461740194715, ""2"": 0.012316344466149147, ""3"": 0.017913774049420253, ""4"": 0.0094412925383861, ""5"": 0.005442640141478342}"
control,200,p0.40,nan,1.0,12,0.4,79.60000000000001,79.25,58,99,15850,1959,1.6319930765496493,100,0.580324309177774,0.011606486183555483,3.6417306553507216,17.564119821033287,2.2741258933316617,4.014739687181018,13,"{""0"": 0.00922589779778904, ""1"": 0.016464301286277395, ""2"": 0.012318297629718668, ""3"": 0.018490007878908192, ""4"": 0.008949635767069168, ""5"": 0.004190776741570429}"
control,200,p0.40,nan,1.0,12,0.4,79.60000000000001,79.25,58,99,15850,1959,1.6319930765496493,110,0.5925530473114706,0.011851060946229414,11.885815567278133,17.628493499177633,2.271884295078268,3.997161837121927,13,"{""0"": 0.009629980107592914, ""1"": 0.01699385110420525, ""2"": 0.01329974028034966, ""3"": 0.018395710236033768, ""4"": 0.008644972056605443, ""5"": 0.004142111892589452}"
control,200,p0.40,nan,1.0,12,0.4,79.60000000000001,79.25,58,99,15850,1959,1.6319930765496493,120,0.5775502360376075,0.01155100472075215,1.4869540539637274,17.63501087723915,2.2669757383632203,4.197564431138058,13,"{""0"": 0.009477273936441443, ""1"": 0.015268381178242373, ""2"": 0.00946292022113672, ""3"": 0.02121098172975502, ""4"": 0.009789209673017754, ""5"": 0.0040972615859195954}"
control,200,p0.40,nan,1.0,12,0.4,79.60000000000001,79.25,58,99,15850,1959,1.6319930765496493,130,0.5470286362410958,0.010940572724821917,12.21124305192349,17.650294841954842,2.2667527733929003,4.143387419501663,13,"{""0"": 0.008903660999427859, ""1"": 0.012496058070338706, ""2"": 0.01039487759142871, ""3"": 0.020531493475114473, ""4"": 0.009322729741272774, ""5"": 0.0039946164713489845}"
control,200,p0.40,nan,1.0,12,0.4,79.60000000000001,79.25,58,99,15850,1959,1.6319930765496493,140,0.5234282987936255,0.010468565975872512,5.503266132762827,17.73216143619889,2.27107152846746,4.023640032779461,13,"{""0"": 0.007439996405262797, ""1"": 0.00806880168321242, ""2"": 0.01168743458043386, ""3"": 0.022050917885281032, ""4"": 0.009299162648964418, ""5"": 0.0042650826520805474}"
control,200,p0.40,nan,1.0,12,0.4,79.60000000000001,79.25,58,99,15850,1959,1.6319930765496493,150,0.5093455101546003,0.010186910203092007,17.714579363942214,17.6807411451109,2.268774325768877,4.1807478523606285,13,"{""0"": 0.005939915662510236, ""1"": 0.010721819999829543, ""2"": 0.00906463666265692, ""3"": 0.0202653055989434, ""4"": 0.010968286193543918, ""5"": 0.004161497101068028}"
control,200,p0.40,nan,1.0,12,0.4,79.60000000000001,79.25,58,99,15850,1959,1.6319930765496493,160,0.4782448660665827,0.009564897321331655,1.79280700230666,17.683788780927006,2.258585550345302,4.15147090985781,13,"{""0"": 0.006855812690079069, ""1"": 0.009116735504266112, ""2"": 0.009702269721133906, ""3"": 0.018045071921649974, ""4"": 0.009529715735227224, ""5"": 0.004139778355633636}"
control,200,p0.40,nan,1.0,12,0.4,79.60000000000001,79.25,58,99,15850,1959,1.6319930765496493,170,0.4986572537326144,0.009973145074652289,6.500134805095627,17.753315830132163,2.257533329493467,4.120281616785493,13,"{""0"": 0.007530806355391098, ""1"": 0.009310259869757503, ""2"": 0.009028726125072386, ""3"": 0.01960840342164623, ""4"": 0.010356666750187291, ""5"": 0.004004007925859227}"
control,200,p0.40,nan,1.0,12,0.4,79.60000000000001,79.25,58,99,15850,1959,1.6319930765496493,180,0.4900009604119944,0.00980001920823989,4.121055795763566,17.83774201231526,2.261498507485467,4.125368428298158,13,"{""0"": 0.005835465977351185, ""1"": 0.010319094744299147, ""2"": 0.008520724652534345, ""3"": 0.019828248868768886, ""4"": 0.010285107964920479, ""5"": 0.0040114730415653}"
control,200,p0.40,nan,1.0,12,0.4,79.60000000000001,79.25,58,99,15850,1959,1.6319930765496493,190,0.5138772294945431,0.010277544589890861,12.858664611704656,17.86930475912643,2.261195155038556,4.103013036633025,13,"{""0"": 0.006000708765963055, ""1"": 0.012289731700976017, ""2"": 0.008695518133110664, ""3"": 0.01970029569536998, ""4"": 0.00991204152340407, ""5"": 0.00506697172052138}"
control,200,p0.40,nan,1.0,12,0.4,79.60000000000001,79.25,58,99,15850,1959,1.6319930765496493,200,0.4994001829237057,0.009988003658474116,8.464919436283266,17.937841030282605,2.265370605737027,4.117641230919815,13,"{""0"": 0.004367672512040257, ""1"": 0.012212010515971086, ""2"": 0.008352695128136852, ""3"": 0.01933446765333236, ""4"": 0.010596678954296262, ""5"": 0.005064497187067876}"
control,200,p0.05,nan,1.0,13,0.05,9.950000000000001,9.91,4,19,1982,1982,1.5620353220756293,0,0.9870029208204188,0.01974005841640838,nan,0.0,1.5620353220756293,7.557450419416688,15,"{""0"": 0.019928539955930417, ""1"": 0.02068953413397932, ""2"": 0.01864812333876045, ""3"": 0.01881213413798677, ""4"": 0.020748500581302298, ""5"": 0.01961351835049104}"
control,200,p0.05,nan,1.0,13,0.05,9.950000000000001,9.91,4,19,1982,1982,1.5620353220756293,10,0.7800386810023848,0.015600773620047697,6.349322117976423,12.783310766814857,2.307949417836722,2.7736286511392314,10,"{""0"": 0.02270294701923229, ""1"": 0.004438751037033223, ""2"": 0.02098622047612625, ""3"": 0.012220801744837957, ""4"": 0.009706787791167872, ""5"": 0.0235491336518886}"
control,200,p0.05,nan,1.0,13,0.05,9.950000000000001,9.91,4,19,1982,1982,1.5620353220756293,20,0.5914541928733057,0.011829083857466114,18.015765393378892,12.879620640059715,2.125567934337035,2.801063772080836,9,"{""0"": 0.014226300640913148, ""1"": 0.012280881811819477, ""2"": 0.01653005839645445, ""3"": 0.001790264928766605, ""4"": 0.003807938615047556, ""5"": 0.022339058751795447}"
control,200,p0.05,nan,1.0,13,0.05,9.950000000000001,9.91,4,19,1982,1982,1.5620353220756293,30,0.5728864520913797,0.011457729041827593,1.2328316364479164,13.153561239226958,2.0138477217565653,3.348285274151134,10,"{""0"": 0.009281735229370933, ""1"": 0.009658099569069972, ""2"": 0.017289381774202243, ""3"": 0.008897611987593193, ""4"": 0.005234807475287641, ""5"": 0.01838473821544158}"
control,200,p0.05,nan,1.0,13,0.05,9.950000000000001,9.91,4,19,1982,1982,1.5620353220756293,40,0.46306744287790047,0.00926134885755801,15.915980396343258,13.607298821545275,2.046086849701559,3.78607194873722,10,"{""0"": 0.008521850257916984, ""1"": 0.009966609968302068, ""2"": 0.01335477264760856, ""3"": 0.005888044760172969, ""4"": 0.006732233467259996, ""5"": 0.011104582044087482}"
control,200,p0.05,nan,1.0,13,0.05,9.950000000000001,9.91,4,19,1982,1982,1.5620353220756293,50,0.46685553889990783,0.009337110777998158,2.666440960932422,13.992888426363212,2.0902044474742323,3.4600492715046474,9,"{""0"": 0.00988202623491204, ""1"": 0.010237930129604295, ""2"": 0.012835804372516949, ""3"": 0.007753040871104877, ""4"": 0.004050134694599077, ""5"": 0.01126372836525171}"
control,200,p0.05,nan,1.0,13,0.05,9.950000000000001,9.91,4,19,1982,1982,1.5620353220756293,60,0.40324010965057705,0.008064802193011542,20.97867784035797,14.194119072081106,2.083285816469219,3.7666793919311448,10,"{""0"": 0.010154105864345762, ""1"": 0.011346836128039965, ""2"": 0.008439664046377393, ""3"": 0.004456613478080162, ""4"": 0.004607810038930558, ""5"": 0.00938378360229542}"
control,200,p0.05,nan,1.0,13,0.05,9.950000000000001,9.91,4,19,1982,1982,1.5620353220756293,70,0.4036182042830898,0.008072364085661797,4.963122769636441,14.34198419990338,2.0790065781829346,3.5987939761154832,9,"{""0"": 0.008511665731281806, ""1"": 0.011017177271099179, ""2"": 0.01057830494906831, ""3"": 0.0031912694928906554, ""4"": 0.005297658419850401, ""5"": 0.00983810864978043}"
control,200,p0.05,nan,1.0,13,0.05,9.950000000000001,9.91,4,19,1982,1982,1.5620353220756293,80,0.37912371353947183,0.007582474270789437,0.8407649579947017,14.521606713113979,2.0733099393060175,3.5963749005854644,9,"{""0"": 0.008024090384948602, ""1"": 0.011110280269588586, ""2"": 0.009231560012315577, ""3"": 0.0015654992781160483, ""4"": 0.006259865249528406, ""5"": 0.009303550430239397}"
control,200,p0.05,nan,1.0,13,0.05,9.950000000000001,9.91,4,19,1982,1982,1.5620353220756293,90,0.37416654231722385,0.007483330846344478,19.808506551677908,14.671062586765368,2.05734454815314,3.5987899038122797,9,"{""0"": 0.00934243987297206, ""1"": 0.009413569692853632, ""2"": 0.008856555086376965, ""3"": 0.002076064527351642, ""4"": 0.0051810370624813, ""5"": 0.010030318836031263}"
control,200,p0.05,nan,1.0,13,0.05,9.950000000000001,9.91,4,19,1982,1982,1.5620353220756293,100,0.35284737349928713,0.007056947469985744,1.5134951789285322,14.851813145922476,2.0429178528819896,3.691491097862834,9,"{""0"": 0.008840773502388741, ""1"": 0.009030220779347745, ""2"": 0.0072181273117335135, ""3"": 0.00389686981682196, ""4"": 0.004791072937916595, ""5"": 0.008564620471705905}"
control,200,p0.05,nan,1.0,13,0.05,9.950000000000001,9.91,4,19,1982,1982,1.5620353220756293,110,0.3517382895496547,0.007034765790993094,3.9976572461833517,14.964824019916179,2.036242988278138,3.5561897352870075,9,"{""0"": 0.007350990089872024, ""1"": 0.01027840165552769, ""2"": 0.008306722292966025, ""3"": 0.0023742105310055914, ""4"": 0.004321034013823813, ""5"": 0.009577236162763417}"
control,200,p0.05,nan,1.0,13,0.05,9.950000000000001,9.91,4,19,1982,1982,1.5620353220756293,120,0.3370269155026037,0.006740538310052076,2.267103828578534,15.071866482232668,2.0465747743223086,3.6158354148864142,9,"{""0"": 0.007937406185424949, ""1"": 0.008823459343312542, ""2"": 0.008102695114917085, ""3"": 0.002577405374065043, ""4"": 0.004433679712922902, ""5"": 0.008568584129669933}"
control,200,p0.05,nan,1.0,13,0.05,9.950000000000001,9.91,4,19,1982,1982,1.5620353220756293,130,0.3460102039620156,0.006920204079240313,23.01399688915739,15.177188190365577,2.040418132410907,3.5541060912705067,9,"{""0"": 0.007743553028114506, ""1"": 0.009301419720136081, ""2"": 0.008595207727477428, ""3"": 0.003068850632876977, ""4"": 0.003959524779685284, ""5"": 0.008852668587151603}"
control,200,p0.05,nan,1.0,13,0.05,9.950000000000001,9.91,4,19,1982,1982,1.5620353220756293,140,0.3424812869695587,0.006849625739391175,0.6482780215837808,15.113603683533976,2.0365053169292646,3.637771083271309,9,"{""0"": 0.00902696777588305, ""1"": 0.008411656965006262, ""2"": 0.007160120836167664, ""3"": 0.0038264110189447443, ""4"": 0.003880246301713251, ""5"": 0.008792351538632079}"
control,200,p0.05,nan,1.0,13,0.05,9.950000000000001,9.91,4,19,1982,1982,1.5620353220756293,150,0.3639873410819733,0.007279746821639466,2.7326373650495213,15.19514385598637,2.0320303267416815,3.647532694328608,9,"{""0"": 0.009727460853422555, ""1"": 0.010293635348557139, ""2"": 0.0062276010088855634, ""3"": 0.005861815711904653, ""4"": 0.0033392879383750502, ""5"": 0.00822868006869183}"
control,200,p0.05,nan,1.0,13,0.05,9.950000000000001,9.91,4,19,1982,1982,1.5620353220756293,160,0.357082085652178,0.0071416417130435615,1.5821201883258862,15.236106088060438,2.0496472308533815,3.5828727589898106,9,"{""0"": 0.010189823130798706, ""1"": 0.009079286253192747, ""2"": 0.0065435527468243725, ""3"": 0.004848233178196627, ""4"": 0.0033194115427293675, ""5"": 0.008869543426519551}"
control,200,p0.05,nan,1.0,13,0.05,9.950000000000001,9.91,4,19,1982,1982,1.5620353220756293,170,0.35051708057138503,0.007010341611427701,7.405098430792111,15.308700326127887,2.054754605580036,3.546714672533428,9,"{""0"": 0.010052033188937614, ""1"": 0.009365827242009347, ""2"": 0.0068112121582388635, ""3"": 0.0032084890675659838, ""4"": 0.0034018952670560564, ""5"": 0.009222592744758337}"
control,200,p0.05,nan,1.0,13,0.05,9.950000000000001,9.91,4,19,1982,1982,1.5620353220756293,180,0.349380048883682,0.006987600977673641,1.404204774519692,15.38291084135584,2.0754003692325336,3.4814013933485164,9,"{""0"": 0.010515083920901462, ""1"": 0.00838959890844342, ""2"": 0.007336656021430495, ""3"": 0.0027272591211062263, ""4"": 0.0033181599818736403, ""5"": 0.009638847912286608}"
control,200,p0.05,nan,1.0,13,0.05,9.950000000000001,9.91,4,19,1982,1982,1.5620353220756293,190,0.3495421615867281,0.006990843231734562,0.950738790618525,15.415519289573297,2.0748674604062143,3.4418274358108247,9,"{""0"": 0.010108021902506483, ""1"": 0.008672714867887166, ""2"": 0.0076913456431869295, ""3"": 0.0018542842225569747, ""4"": 0.0034677440913668976, ""5"": 0.01015094866290293}"
control,200,p0.05,nan,1.0,13,0.05,9.950000000000001,9.91,4,19,1982,1982,1.5620353220756293,200,0.34524420299968545,0.00690488405999371,4.0409462217445355,15.494431671372823,2.0819077295942536,3.4432849897872266,9,"{""0"": 0.010359114475305223, ""1"": 0.00830257341077926, ""2"": 0.0075231946431480335, ""3"": 0.0018344039855808752, ""4"": 0.003441941128282613, ""5"": 0.009968076716866253}"
control,200,p0.10,nan,1.0,13,0.1,19.900000000000002,19.87,9,34,3974,1982,1.5251132702337609,0,1.032272885681992,0.020645457713639848,nan,0.0,1.5251132702337609,7.942774705590108,14,"{""0"": 0.016863887221579832, ""1"": 0.018286210382276756, ""2"": 0.022612069868543, ""3"": 0.021368890970551068, ""4"": 0.02067001387227571, ""5"": 0.02407167396661269}"
control,200,p0.10,nan,1.0,13,0.1,19.900000000000002,19.87,9,34,3974,1982,1.5251132702337609,10,0.6708069542645468,0.01341613908529094,10.213517765871977,14.02919774338773,2.079199779589287,2.8273705456582205,9,"{""0"": 0.021965463633934604, ""1"": 0.006366665992774571, ""2"": 0.007363301029172537, ""3"": 0.012368264923151361, ""4"": 0.005129929133457995, ""5"": 0.02730320979925458}"
control,200,p0.10,nan,1.0,13,0.1,19.900000000000002,19.87,9,34,3974,1982,1.5251132702337609,20,0.432416748356956,0.008648334967139121,3.139775030792272,14.789821088996064,2.061358083142076,3.084344242158036,9,"{""0"": 0.00605620568791798, ""1"": 0.01019576161855589, ""2"": 0.006066508398683059, ""3"": 0.004874112948064094, ""4"": 0.00880212003792811, ""5"": 0.015895301111685592}"
control,200,p0.10,nan,1.0,13,0.1,19.900000000000002,19.87,9,34,3974,1982,1.5251132702337609,30,0.4379388146579983,0.008758776293159966,15.42496467545012,15.520059883309129,2.096194744886354,3.177168674348988,9,"{""0"": 0.007027810992886541, ""1"": 0.006560245981802286, ""2"": 0.009141691985534318, ""3"": 0.007001349145116217, ""4"": 0.0071082058285789175, ""5"": 0.01571335382504152}"
control,200,p0.10,nan,1.0,13,0.1,19.900000000000002,19.87,9,34,3974,1982,1.5251132702337609,40,0.34589074293214905,0.006917814858642982,7.247889278941771,15.560670424677715,2.021507749322358,3.2128169870433863,9,"{""0"": 0.007454058873786823, ""1"": 0.0052058094362252404, ""2"": 0.007172856886862283, ""3"": 0.008693543128225187, ""4"": 0.00513056435487016, ""5"": 0.0078500564718882}"
control,200,p0.10,nan,1.0,13,0.1,19.900000000000002,19.87,9,34,3974,1982,1.5251132702337609,50,0.3420500809716201,0.006841001619432403,2.7636035261685965,15.944246952982317,1.990515839553819,3.2906321426493617,9,"{""0"": 0.009941235894618556, ""1"": 0.0044370802757260006, ""2"": 0.004435179765305002, ""3"": 0.007630380423743125, ""4"": 0.004981230214369846, ""5"": 0.009620903142831894}"
control,200,p0.10,nan,1.0,13,0.1,19.900000000000002,19.87,9,34,3974,1982,1.5251132702337609,60,0.31568709457758537,0.006313741891551709,2.120762481332615,16.136107954207827,1.9963542559058602,3.3088020788101344,9,"{""0"": 0.007639296976728287, ""1"": 0.0044667018029436855, ""2"": 0.003799896984917486, ""3"": 0.007137033464399067, ""4"": 0.00502810232935756, ""5"": 0.00981141979096416}"
control,200,p0.10,nan,1.0,13,0.1,19.900000000000002,19.87,9,34,3974,1982,1.5251132702337609,70,0.33198044342750643,0.006639608868550129,10.005204504196945,16.19748328649931,1.9863617846655863,3.5005665350908886,10,"{""0"": 0.007282710455966531, ""1"": 0.009994022530140697, ""2"": 0.0021856292480208843, ""3"": 0.005546680489389233, ""4"": 0.005539229169830688, ""5"": 0.009289381317952736}"
control,200,p0.10,nan,1.0,13,0.1,19.900000000000002,19.87,9,34,3974,1982,1.5251132702337609,80,0.3182283833838947,0.0063645676676778945,2.5846294613624203,16.324402082530906,1.995426675309146,3.3748388492337966,10,"{""0"": 0.007124056704293514, ""1"": 0.01277674045666032, ""2"": 0.0019834112605419444, ""3"": 0.004826672136815736, ""4"": 0.005419683869550273, ""5"": 0.006056841578205575}"
control,200,p0.10,nan,1.0,13,0.1,19.900000000000002,19.87,9,34,3974,1982,1.5251132702337609,90,0.3012128071878571,0.006024256143757143,1.3221483888854688,16.37906246847053,2.0059333101523227,3.4320089120692296,10,"{""0"": 0.007322055012369898, ""1"": 0.009943915032795526, ""2"": 0.0017814047209453719, ""3"": 0.005278471740257841, ""4"": 0.005287149680414623, ""5"": 0.006532540675759603}"
control,200,p0.10,nan,1.0,13,0.1,19.900000000000002,19.87,9,34,3974,1982,1.5251132702337609,100,0.2868005907926246,0.005736011815852492,14.307050301136925,16.517673041727562,1.9984665456616564,3.4349388201094637,10,"{""0"": 0.007430829962482198, ""1"": 0.008251105359093661, ""2"": 0.0017954309929263245, ""3"": 0.005045775467804113, ""4"": 0.00531209353050124, ""5"": 0.00658083558230742}"
control,200,p0.10,nan,1.0,13,0.1,19.900000000000002,19.87,9,34,3974,1982,1.5251132702337609,110,0.2663813478390546,0.005327626956781092,20.785532659884712,16.615085876555284,2.0013551733940407,3.4622947491915843,10,"{""0"": 0.006207790561757225, ""1"": 0.006812413064710046, ""2"": 0.0021019536228410593, ""3"": 0.0048863021551360155, ""4"": 0.004987855076922192, ""5"": 0.0069694472593200135}"
control,200,p0.10,nan,1.0,13,0.1,19.900000000000002,19.87,9,34,3974,1982,1.5251132702337609,120,0.26004954064684865,0.005200990812936973,2.446640541788097,16.708691374984454,2.0071813954465045,3.420666487405115,10,"{""0"": 0.0056004919642503054, ""1"": 0.0066601025967042895, ""2"": 0.0019988036005791033, ""3"": 0.004649419564922502, ""4"": 0.005175485728281884, ""5"": 0.0071216414228837555}"
control,200,p0.10,nan,1.0,13,0.1,19.900000000000002,19.87,9,34,3974,1982,1.5251132702337609,130,0.25918409250489344,0.00518368185009787,7.858691330989288,16.806646507036547,2.001129886975268,3.419540557538468,10,"{""0"": 0.005893275735464258, ""1"": 0.004307734800467926, ""2"": 0.0020726291426104446, ""3"": 0.004792889417084386, ""4"": 0.004710215320437557, ""5"": 0.009325346684522647}"
control,200,p0.10,nan,1.0,13,0.1,19.900000000000002,19.87,9,34,3974,1982,1.5251132702337609,140,0.24023388254877073,0.004804677650975415,6.869461436886728,16.852980616498115,2.002290894809952,3.460973758597167,10,"{""0"": 0.00617718712617005, ""1"": 0.004778234579769156, ""2"": 0.0019392950181807503, ""3"": 0.004661369019049641, ""4"": 0.005030757272440992, ""5"": 0.006241222890241905}"
control,200,p0.10,nan,1.0,13,0.1,19.900000000000002,19.87,9,34,3974,1982,1.5251132702337609,150,0.23398073937680122,0.0046796147875360255,1.1031082296373538,16.94903654606783,2.0052120569090492,3.453264507679943,10,"{""0"": 0.006272275859797134, ""1"": 0.004683475815132036, ""2"": 0.0017235875569858866, ""3"": 0.00489303722050243, ""4"": 0.004614515616141068, ""5"": 0.005890796656657596}"
control,200,p0.10,nan,1.0,13,0.1,19.900000000000002,19.87,9,34,3974,1982,1.5251132702337609,160,0.22132228095102732,0.004426445619020547,8.089644234225318,17.021270307483842,2.0037425774452107,3.3966916162135754,10,"{""0"": 0.0056605635051360376, ""1"": 0.0037849061696748217, ""2"": 0.0018195633860740527, ""3"": 0.004859374884589676, ""4"": 0.0042558010143960755, ""5"": 0.006178464754252615}"
control,200,p0.10,nan,1.0,13,0.1,19.900000000000002,19.87,9,34,3974,1982,1.5251132702337609,170,0.2212108120244284,0.004424216240488569,12.491598738867504,16.980914543666316,2.0166747940876215,3.4681150145620925,10,"{""0"": 0.005861828155012556, ""1"": 0.003458057522927756, ""2"": 0.0018670952067272914, ""3"": 0.0046286929617334995, ""4"": 0.004235956900074086, ""5"": 0.006493666696456223}"
control,200,p0.10,nan,1.0,13,0.1,19.900000000000002,19.87,9,34,3974,1982,1.5251132702337609,180,0.21439127319028187,0.0042878254638056374,1.9942231499135243,17.06984529008634,2.0258945300770583,3.4679126903540975,10,"{""0"": 0.005889053026105305, ""1"": 0.00302636028160097, ""2"": 0.0018372040993731788, ""3"": 0.004704696541507731, ""4"": 0.003952651818218546, ""5"": 0.006316987016028094}"
control,200,p0.10,nan,1.0,13,0.1,19.900000000000002,19.87,9,34,3974,1982,1.5251132702337609,190,0.21321267969495972,0.0042642535938991945,5.269007841115352,17.11711862564489,2.0257774046515644,3.4070515367530967,10,"{""0"": 0.005819431776358965, ""1"": 0.0029440134528415035, ""2"": 0.0020037560619719356, ""3"": 0.0046593001373465255, ""4"": 0.003822365920946002, ""5"": 0.006336654213930237}"
control,200,p0.10,nan,1.0,13,0.1,19.900000000000002,19.87,9,34,3974,1982,1.5251132702337609,200,0.20978128437197952,0.004195625687439591,11.145598775651518,17.189224032493303,2.0331128725850682,3.3705212285201274,10,"{""0"": 0.00617193175206361, ""1"": 0.0028104108510746953, ""2"": 0.0017588802392013623, ""3"": 0.00486817276543125, ""4"": 0.0035333633076544864, ""5"": 0.006030995209212143}"
control,200,p0.20,nan,1.0,13,0.2,39.800000000000004,39.44,25,54,7888,1982,1.6153084641989175,0,1.0159815187728147,0.020319630375456296,nan,0.0,1.6153084641989175,5.391432920472249,12,"{""0"": 0.020281669965628406, ""1"": 0.019974737068026983, ""2"": 0.020369277875508802, ""3"": 0.019431759857631306, ""4"": 0.022191752148544457, ""5"": 0.019668585337397813}"
control,200,p0.20,nan,1.0,13,0.2,39.800000000000004,39.44,25,54,7888,1982,1.6153084641989175,10,0.8974696964196337,0.017949393928392676,5.5030665649729,12.529247090063649,2.1370584389416623,2.231102184144768,6,"{""0"": 0.032060042591738114, ""1"": 0.008939986716610577, ""2"": 0.019079294046192984, ""3"": 0.014910291903051529, ""4"": 0.012525253937113696, ""5"": 0.020181494375649166}"
control,200,p0.20,nan,1.0,13,0.2,39.800000000000004,39.44,25,54,7888,1982,1.6153084641989175,20,0.698060497171156,0.013961209943423121,17.611508287384723,13.692805187423009,2.1343644740373633,2.8084326835402256,7,"{""0"": 0.025700405623621435, ""1"": 0.008844610740759252, ""2"": 0.011561753530195862, ""3"": 0.010247667676429355, ""4"": 0.012586518223402014, ""5"": 0.01482630386613081}"
control,200,p0.20,nan,1.0,13,0.2,39.800000000000004,39.44,25,54,7888,1982,1.6153084641989175,30,0.6689566094739041,0.013379132189478084,1.0782274428253977,14.258291926363048,2.138819093977557,3.019313363959335,9,"{""0"": 0.021789608481849815, ""1"": 0.013616652569558588, ""2"": 0.008194963569670009, ""3"": 0.006488590978061258, ""4"": 0.015835847894652665, ""5"": 0.014349129643076169}"
control,200,p0.20,nan,1.0,13,0.2,39.800000000000004,39.44,25,54,7888,1982,1.6153084641989175,40,0.5884373188465472,0.011768746376930945,3.548800040711517,14.690132987107901,2.1345583282054252,3.61876869791478,9,"{""0"": 0.02296316871277653, ""1"": 0.010308985011526139, ""2"": 0.003928266408050042, ""3"": 0.005542763445949471, ""4"": 0.017174550844806437, ""5"": 0.010694743838477051}"
control,200,p0.20,nan,1.0,13,0.2,39.800000000000004,39.44,25,54,7888,1982,1.6153084641989175,50,0.6069590319017386,0.012139180638034775,7.539134622072029,14.867772135099067,2.178990392049568,3.1946186705004,8,"{""0"": 0.024889320280334686, ""1"": 0.0071976834105567196, ""2"": 0.006857971317207508, ""3"": 0.006477018198652587, ""4"": 0.012773162934961021, ""5"": 0.014639927686496116}"
control,200,p0.20,nan,1.0,13,0.2,39.800000000000004,39.44,25,54,7888,1982,1.6153084641989175,60,0.5485984016621662,0.010971968033243325,7.627938385027313,15.17795533606388,2.1967633121103107,3.260861183974768,9,"{""0"": 0.0220655937110003, ""1"": 0.006574911653370911, ""2"": 0.005425161083511437, ""3"": 0.00838569659993518, ""4"": 0.011998956424080963, ""5"": 0.011381488727561158}"
control,200,p0.20,nan,1.0,13,0.2,39.800000000000004,39.44,25,54,7888,1982,1.6153084641989175,70,0.5298925336339919,0.01059785067267984,2.029498923077549,15.465926087366084,2.1968914758272904,3.2518727773635403,9,"{""0"": 0.018620873472401316, ""1"": 0.007492793035989443, ""2"": 0.006113293147751361, ""3"": 0.007984830580223787, ""4"": 0.010934625650148851, ""5"": 0.012440688149564276}"
control,200,p0.20,nan,1.0,13,0.2,39.800000000000004,39.44,25,54,7888,1982,1.6153084641989175,80,0.4568804900059514,0.009137609800119028,1.298650958703379,15.735324556201316,2.192234248776707,3.4434463427274338,9,"{""0"": 0.01552381670770786, ""1"": 0.009608104141522656, ""2"": 0.0035591359075027376, ""3"": 0.004783139174815465, ""4"": 0.010947221899049241, ""5"": 0.010404240970116203}"
control,200,p0.20,nan,1.0,13,0.2,39.800000000000004,39.44,25,54,7888,1982,1.6153084641989175,90,0.47050874790674935,0.009410174958134988,0.4485129182263989,15.78869128887471,2.2092036507759008,3.478621248212963,9,"{""0"": 0.01536868878438311, ""1"": 0.010354718883612866, ""2"": 0.003107845022918092, ""3"": 0.0069190755157906595, ""4"": 0.010260273297763065, ""5"": 0.010450448244342134}"
control,200,p0.20,nan,1.0,13,0.2,39.800000000000004,39.44,25,54,7888,1982,1.6153084641989175,100,0.4304354632325843,0.008608709264651687,1.2175152727333265,15.848539270001927,2.1979314959257543,3.479506598772266,10,"{""0"": 0.013372759034871968, ""1"": 0.009820055719746932, ""2"": 0.0024302990773015223, ""3"": 0.007518608261187119, ""4"": 0.009595621895370655, ""5"": 0.008914911599431922}"
control,200,p0.20,nan,1.0,13,0.2,39.800000000000004,39.44,25,54,7888,1982,1.6153084641989175,110,0.4212484173067486,0.008424968346134973,12.9448262189656,15.810348750973331,2.1912443543404043,3.489678512356698,9,"{""0"": 0.013204477199438788, ""1"": 0.009017110441408105, ""2"": 0.0032639123347796015, ""3"": 0.006154491571252613, ""4"": 0.008592903441469402, ""5"": 0.010316915088461324}"
control,200,p0.20,nan,1.0,13,0.2,39.800000000000004,39.44,25,54,7888,1982,1.6153084641989175,120,0.4178556843308806,0.008357113686617613,1.5812566972780329,15.875463828745312,2.184808807014573,3.4769656333198076,9,"{""0"": 0.012909928216815442, ""1"": 0.009175036234558114, ""2"": 0.002512207275705481, ""3"": 0.006070747961617637, ""4"": 0.00931675531118301, ""5"": 0.010158007119825988}"
control,200,p0.20,nan,1.0,13,0.2,39.800000000000004,39.44,25,54,7888,1982,1.6153084641989175,130,0.40397438610852543,0.008079487722170509,3.1780230495395596,15.967365155307212,2.195332304173787,3.4660864662790076,9,"{""0"": 0.013058588667146135, ""1"": 0.008660968460411004, ""2"": 0.00229695915538906, ""3"": 0.005852067447355986, ""4"": 0.008521903594667377, ""5"": 0.010086439008053501}"
control,200,p0.20,nan,1.0,13,0.2,39.800000000000004,39.44,25,54,7888,1982,1.6153084641989175,140,0.40229522501485704,0.008045904500297142,1.7252181456850293,16.05833850977519,2.1862593471146288,3.4098207329880843,9,"{""0"": 0.012535309816477016, ""1"": 0.00926958543485372, ""2"": 0.0017654222155366404, ""3"": 0.00614887352368006, ""4"": 0.009334656436104084, ""5"": 0.009221579575131332}"
control,200,p0.20,nan,1.0,13,0.2,39.800000000000004,39.44,25,54,7888,1982,1.6153084641989175,150,0.3939977332053296,0.007879954664106594,0.986551037525349,16.13311121164487,2.193156378105215,3.37627800230013,9,"{""0"": 0.012981070510049408, ""1"": 0.009236036830591224, ""2"": 0.001620915082428041, ""3"": 0.0061087689943642234, ""4"": 0.008610293635870035, ""5"": 0.008722642931336625}"
control,200,p0.20,nan,1.0,13,0.2,39.800000000000004,39.44,25,54,7888,1982,1.6153084641989175,160,0.4011770164291334,0.008023540328582669,5.498390774554463,16.2158148392597,2.2083224550842955,3.3970522995451993,9,"{""0"": 0.013196612552514355, ""1"": 0.010729490621972194, ""2"": 0.0015847012518138976, ""3"": 0.00456181050419974, ""4"": 0.009023428929195302, ""5"": 0.009045198111800523}"
control,200,p0.20,nan,1.0,13,0.2,39.800000000000004,39.44,25,54,7888,1982,1.6153084641989175,170,0.42903286265371954,0.008580657253074392,3.371176988487668,16.304147972165644,2.1869408587923638,3.4397573419680016,9,"{""0"": 0.01252026711713638, ""1"": 0.014344854724019303, ""2"": 0.001405739486578924, ""3"": 0.004222586169812757, ""4"": 0.010122258594990663, ""5"": 0.00886823742590832}"
control,200,p0.20,nan,1.0,13,0.2,39.800000000000004,39.44,25,54,7888,1982,1.6153084641989175,180,0.4142739808204321,0.008285479616408643,2.735688961223659,16.384707097304958,2.197972543595041,3.442527011819491,9,"{""0"": 0.012714437400537548, ""1"": 0.012675120449510555, ""2"": 0.0015153424958085349, ""3"": 0.0041123043769124455, ""4"": 0.009787611087362268, ""5"": 0.008908061888320499}"
control,200,p0.20,nan,1.0,13,0.2,39.800000000000004,39.44,25,54,7888,1982,1.6153084641989175,190,0.4079610384014625,0.008159220768029251,12.52273208423291,16.494482826811613,2.2130382209302537,3.4450956146220975,9,"{""0"": 0.011869649454119443, ""1"": 0.013857520620750425, ""2"": 0.0015441295473109264, ""3"": 0.003921769696952678, ""4"": 0.00878284780695939, ""5"": 0.00897940748208264}"
control,200,p0.20,nan,1.0,13,0.2,39.800000000000004,39.44,25,54,7888,1982,1.6153084641989175,200,0.40517156328479026,0.008103431265695807,3.1780170351307397,16.541159197971744,2.2219574579586547,3.408975827102974,9,"{""0"": 0.012253442891236385, ""1"": 0.01396601031573321, ""2"": 0.0016026654466898362, ""3"": 0.004108310736538934, ""4"": 0.007995663768066213, ""5"": 0.008694494435910262}"
control,200,p0.40,nan,1.0,13,0.4,79.60000000000001,80.23,58,98,16046,1982,1.5498714937146643,0,1.0167808301040204,0.02033561660208041,nan,0.0,1.5498714937146643,3.4882924842957292,12,"{""0"": 0.02113423014344753, ""1"": 0.018391408726601055, ""2"": 0.022433285279695986, ""3"": 0.020072738216687654, ""4"": 0.019487509444651125, ""5"": 0.020494527801399126}"
control,200,p0.40,nan,1.0,13,0.4,79.60000000000001,80.23,58,98,16046,1982,1.5498714937146643,10,0.5713221807446144,0.01142644361489229,36.06273372539501,13.606232669507362,2.0018004574454817,4.077537274777564,12,"{""0"": 0.02420632735580136, ""1"": 0.003012933087583114, ""2"": 0.007867845243681776, ""3"": 0.009555853621741278, ""4"": 0.015561997147804216, ""5"": 0.008353705232742}"
control,200,p0.40,nan,1.0,13,0.4,79.60000000000001,80.23,58,98,16046,1982,1.5498714937146643,20,0.47219493352654357,0.009443898670530873,4.3060264674912405,14.872712748285005,2.004750771286666,3.7129193868679775,10,"{""0"": 0.012199564068662688, ""1"": 0.002911439063078988, ""2"": 0.0024684024425860496, ""3"": 0.019326035297010914, ""4"": 0.014139952495329422, ""5"": 0.005617998656517171}"
control,200,p0.40,nan,1.0,13,0.4,79.60000000000001,80.23,58,98,16046,1982,1.5498714937146643,30,0.45465772967852036,0.009093154593570407,13.39839268360318,15.613404808870772,2.0584065903651156,3.5466460348424365,10,"{""0"": 0.012799847743254763, ""1"": 0.0035740490708607367, ""2"": 0.0020617749872662116, ""3"": 0.018394238175697603, ""4"": 0.007200806085720095, ""5"": 0.01052821149862304}"
control,200,p0.40,nan,1.0,13,0.4,79.60000000000001,80.23,58,98,16046,1982,1.5498714937146643,40,0.4053687301750607,0.008107374603501215,2.088031636288557,15.816538321138092,2.052416551888437,3.489485617215928,10,"{""0"": 0.007818531259351702, ""1"": 0.009216795238965061, ""2"": 0.0022169742266659794, ""3"": 0.013680743726664335, ""4"": 0.010624179812354266, ""5"": 0.005087023357005949}"
control,200,p0.40,nan,1.0,13,0.4,79.60000000000001,80.23,58,98,16046,1982,1.5498714937146643,50,0.4039279699995591,0.008078559399991183,3.459925569826277,15.983943504270174,2.0516728196448017,3.5040995800442944,10,"{""0"": 0.008716401905909358, ""1"": 0.006871804398539188, ""2"": 0.0016482177515421866, ""3"": 0.016193983342362592, ""4"": 0.005395785058411576, ""5"": 0.00964516394318219}"
control,200,p0.40,nan,1.0,13,0.4,79.60000000000001,80.23,58,98,16046,1982,1.5498714937146643,60,0.40281229858689604,0.008056245971737921,1.72147892046563,16.212733926621407,2.0581768089006807,3.477684688793576,10,"{""0"": 0.008216238856176278, ""1"": 0.008914734696009292, ""2"": 0.001407311575648492, ""3"": 0.01507767135670664, ""4"": 0.009487469444280298, ""5"": 0.005234049901606528}"
control,200,p0.40,nan,1.0,13,0.4,79.60000000000001,80.23,58,98,16046,1982,1.5498714937146643,70,0.4087923028239925,0.00817584605647985,11.000997918784062,16.306183264113844,2.0488459346059242,3.711583390989262,11,"{""0"": 0.00482746088963174, ""1"": 0.009097639878497661, ""2"": 0.0016939535099131865, ""3"": 0.017696654528503462, ""4"": 0.008860671918028102, ""5"": 0.006878695614304953}"
control,200,p0.40,nan,1.0,13,0.4,79.60000000000001,80.23,58,98,16046,1982,1.5498714937146643,80,0.4100188279403245,0.008200376558806491,5.415911707617772,16.344881314838442,2.0472910638979127,3.4018993870301055,10,"{""0"": 0.0033549899758184287, ""1"": 0.01084322446674554, ""2"": 0.0021110119332508927, ""3"": 0.016650623045805727, ""4"": 0.011219030716721026, ""5"": 0.005023379214497342}"
control,200,p0.40,nan,1.0,13,0.4,79.60000000000001,80.23,58,98,16046,1982,1.5498714937146643,90,0.3753130728906602,0.007506261457813205,1.1758124911313708,16.40126938428845,2.0466107898646997,3.478365363726344,10,"{""0"": 0.003088801597335851, ""1"": 0.007180949788814177, ""2"": 0.001669304610403867, ""3"": 0.017968038212973637, ""4"": 0.010569750727281467, ""5"": 0.0045607238100702245}"
control,200,p0.40,nan,1.0,13,0.4,79.60000000000001,80.23,58,98,16046,1982,1.5498714937146643,100,0.38300285799513556,0.007660057159902712,15.84938069765549,16.43874527451511,2.0611616236312207,3.369627937092415,9,"{""0"": 0.0032197374199375434, ""1"": 0.007634905817957373, ""2"": 0.0015177725952945631, ""3"": 0.01650323905503355, ""4"": 0.01262219204919412, ""5"": 0.004462496021999129}"
control,200,p0.40,nan,1.0,13,0.4,79.60000000000001,80.23,58,98,16046,1982,1.5498714937146643,110,0.3594329921350617,0.007188659842701235,2.933275990555359,16.50206377291084,2.063848522929853,3.365417268071633,9,"{""0"": 0.0028800203859731172, ""1"": 0.0067021210446205305, ""2"": 0.0016970132174554456, ""3"": 0.016504552812359536, ""4"": 0.011334152047294734, ""5"": 0.0040140995485040505}"
control,200,p0.40,nan,1.0,13,0.4,79.60000000000001,80.23,58,98,16046,1982,1.5498714937146643,120,0.3704031978403631,0.007408063956807263,5.18088205590998,16.49908749088341,2.0712098538446875,3.3485978529057383,9,"{""0"": 0.002824543049087802, ""1"": 0.006988769814052502, ""2"": 0.0015916388405843949, ""3"": 0.016739507382665504, ""4"": 0.012920626665202741, ""5"": 0.0033832979892506306}"
control,200,p0.40,nan,1.0,13,0.4,79.60000000000001,80.23,58,98,16046,1982,1.5498714937146643,130,0.35231567935801955,0.007046313587160393,25.325397600373,16.58638611553106,2.0767347053313228,3.317416071374055,9,"{""0"": 0.002786572558616747, ""1"": 0.0064553174861663384, ""2"": 0.0016847505921454657, ""3"": 0.01641439324288506, ""4"": 0.011743619948221278, ""5"": 0.0031932276949274627}"
control,200,p0.40,nan,1.0,13,0.4,79.60000000000001,80.23,58,98,16046,1982,1.5498714937146643,140,0.3544813592599251,0.007089627185198503,14.904649678052968,16.684308569922674,2.097801764399002,3.2496452337786743,9,"{""0"": 0.0026594028261446036, ""1"": 0.007130371099108386, ""2"": 0.0015347144205495238, ""3"": 0.016051144179849517, ""4"": 0.012012621668462734, ""5"": 0.003149508917076255}"
control,200,p0.40,nan,1.0,13,0.4,79.60000000000001,80.23,58,98,16046,1982,1.5498714937146643,150,0.3544402892721992,0.007088805785443985,1.446718603898348,16.790193430267596,2.104018382605914,3.2183528530736254,9,"{""0"": 0.002609626384296707, ""1"": 0.007601979321754745, ""2"": 0.0014304247786501127, ""3"": 0.015881607723778102, ""4"": 0.012031759964714213, ""5"": 0.002977436539470032}"
control,200,p0.40,nan,1.0,13,0.4,79.60000000000001,80.23,58,98,16046,1982,1.5498714937146643,160,0.3454199951324925,0.006908399902649851,30.075833676939553,16.864917457506834,2.1044469223022992,3.2302488799116875,9,"{""0"": 0.00267062964857663, ""1"": 0.007362444024148487, ""2"": 0.0014565425899005185, ""3"": 0.015909454520462663, ""4"": 0.01093710225590876, ""5"": 0.0031142263769020424}"
control,200,p0.40,nan,1.0,13,0.4,79.60000000000001,80.23,58,98,16046,1982,1.5498714937146643,170,0.33463368997874055,0.006692673799574812,0.8331460027466054,16.877969888971116,2.112156635107506,3.2744388751330495,9,"{""0"": 0.002556786280840048, ""1"": 0.0073433874146224655, ""2"": 0.001488511488846827, ""3"": 0.015455104601129935, ""4"": 0.009896377171185342, ""5"": 0.0034158758408242553}"
control,200,p0.40,nan,1.0,13,0.4,79.60000000000001,80.23,58,98,16046,1982,1.5498714937146643,180,0.33009742648179724,0.006601948529635945,30.0135893723143,16.965805456318122,2.111780869043715,3.3251079622753856,9,"{""0"": 0.002655232065013075, ""1"": 0.007018130281149548, ""2"": 0.0015366018503919785, ""3"": 0.015308604616117083, ""4"": 0.00949244428438819, ""5"": 0.0036006780807558035}"
control,200,p0.40,nan,1.0,13,0.4,79.60000000000001,80.23,58,98,16046,1982,1.5498714937146643,190,0.33676927197531326,0.006735385439506266,5.151317287945995,16.99385760188914,2.107787750152953,3.325339876763604,9,"{""0"": 0.0024823470827662923, ""1"": 0.006560341730195833, ""2"": 0.0015824177894093968, ""3"": 0.01546817862225279, ""4"": 0.010594203582878292, ""5"": 0.003724823829534996}"
control,200,p0.40,nan,1.0,13,0.4,79.60000000000001,80.23,58,98,16046,1982,1.5498714937146643,200,0.33448710724419245,0.00668974214488385,0.6236503958397539,17.032480701841674,2.1077447155064974,3.335195844000983,9,"{""0"": 0.0025378395771133155, ""1"": 0.006440517746951517, ""2"": 0.001557430576192911, ""3"": 0.015471119332582845, ""4"": 0.010437191546486708, ""5"": 0.003694354089975796}"
control,200,p0.05,nan,1.0,14,0.05,9.950000000000001,9.915,1,18,1983,1983,1.596467426579523,0,1.0219384583828754,0.020438769167657515,nan,0.0,1.596467426579523,5.280091354920869,13,"{""0"": 0.020943362840667216, ""1"": 0.02003191141624408, ""2"": 0.022273333014763134, ""3"": 0.02108224370414908, ""4"": 0.01854326180026237, ""5"": 0.019758502229859205}"
control,200,p0.05,nan,1.0,14,0.05,9.950000000000001,9.915,1,18,1983,1983,1.596467426579523,10,0.8691361974320815,0.017382723948641633,1.4013112684893543,12.932350891609529,1.8763562261212121,1.953695273084736,7,"{""0"": 0.02198710644576082, ""1"": 0.021869474814945784, ""2"": 0.016391607978837264, ""3"": 0.012249902395113473, ""4"": 0.0009242109504135905, ""5"": 0.030874041106778872}"
control,200,p0.05,nan,1.0,14,0.05,9.950000000000001,9.915,1,18,1983,1983,1.596467426579523,20,0.6791417033818579,0.013582834067637158,18.081821314465603,15.445979022297834,1.9139313358689638,4.201080995127,14,"{""0"": 0.02240940949541918, ""1"": 0.00583438709032417, ""2"": 0.017158200205417022, ""3"": 0.020015825523650842, ""4"": 0.001993909990711329, ""5"": 0.014085272100300398}"
control,200,p0.05,nan,1.0,14,0.05,9.950000000000001,9.915,1,18,1983,1983,1.596467426579523,30,0.5335463336822923,0.010670926673645848,6.947637334752346,16.076176610461744,1.92805149954117,4.463807768311811,14,"{""0"": 0.014419837096503138, ""1"": 0.006815925868981219, ""2"": 0.013189520552638011, ""3"": 0.016412828641118267, ""4"": 0.004280374976315658, ""5"": 0.008907072906318798}"
control,200,p0.05,nan,1.0,14,0.05,9.950000000000001,9.915,1,18,1983,1983,1.596467426579523,40,0.5241961084233755,0.010483922168467512,24.7624497112768,16.471592324275296,1.9201210063699559,4.420546835820633,14,"{""0"": 0.010763695454880125, ""1"": 0.005518521369930493, ""2"": 0.015342648547724325, ""3"": 0.012837397718231613, ""4"": 0.007013984807424779, ""5"": 0.01142728511261373}"
control,200,p0.05,nan,1.0,14,0.05,9.950000000000001,9.915,1,18,1983,1983,1.596467426579523,50,0.5241515117458948,0.010483030234917897,2.098604516722204,16.700851448687008,1.9838104313053497,4.370754390667062,13,"{""0"": 0.013270067827817431, ""1"": 0.008406268720736932, ""2"": 0.011710254820730074, ""3"": 0.011074102778384717, ""4"": 0.004922047023675805, ""5"": 0.013515440238162429}"
control,200,p0.05,nan,1.0,14,0.05,9.950000000000001,9.915,1,18,1983,1983,1.596467426579523,60,0.49325875712088,0.009865175142417602,8.708725660933649,16.979861343693347,1.9886649163189043,4.365135135385762,14,"{""0"": 0.015243451513378498, ""1"": 0.005541901339822767, ""2"": 0.012725229091571689, ""3"": 0.009738104252547947, ""4"": 0.0070535002980317354, ""5"": 0.008888864359152978}"
control,200,p0.05,nan,1.0,14,0.05,9.950000000000001,9.915,1,18,1983,1983,1.596467426579523,70,0.44408360134431873,0.008881672026886375,3.2282593678876617,17.092028811683896,2.000292429126924,4.842610243624113,14,"{""0"": 0.015878068610450144, ""1"": 0.0055302718762240645, ""2"": 0.006490915592311875, ""3"": 0.008208404342341756, ""4"": 0.004984057415596847, ""5"": 0.012198314324393568}"
control,200,p0.05,nan,1.0,14,0.05,9.950000000000001,9.915,1,18,1983,1983,1.596467426579523,80,0.43128443703320024,0.008625688740664007,9.284332535487586,17.25903535217168,1.9697944807820642,4.7850783334298415,15,"{""0"": 0.01591789861247803, ""1"": 0.005334217718020421, ""2"": 0.007040818929023092, ""3"": 0.008410749392674562, ""4"": 0.006389988490593636, ""5"": 0.008660459301194301}"
control,200,p0.05,nan,1.0,14,0.05,9.950000000000001,9.915,1,18,1983,1983,1.596467426579523,90,0.4349373711825934,0.00869874742365187,2.526075737332562,17.270237628109545,1.9715124689479475,4.597795903444909,14,"{""0"": 0.015281728865245883, ""1"": 0.004454489434087066, ""2"": 0.010123883625446452, ""3"": 0.007534145136575162, ""4"": 0.006548046040063123, ""5"": 0.008250191440493526}"
control,200,p0.05,nan,1.0,14,0.05,9.950000000000001,9.915,1,18,1983,1983,1.596467426579523,100,0.4385547445805235,0.008771094891610471,3.336867186079973,17.40983321986405,1.9668171989228247,4.542694363523343,14,"{""0"": 0.015214903113451233, ""1"": 0.004164150075766237, ""2"": 0.010128785515443394, ""3"": 0.008174596343168285, ""4"": 0.007032717301050341, ""5"": 0.007911417000783325}"
control,200,p0.05,nan,1.0,14,0.05,9.950000000000001,9.915,1,18,1983,1983,1.596467426579523,110,0.43058506196186486,0.008611701239237298,2.102756220919821,17.512938334773022,1.9783977426790762,4.746426388447779,14,"{""0"": 0.014554435390138915, ""1"": 0.004695074319355964, ""2"": 0.009322348116060858, ""3"": 0.008217073175471695, ""4"": 0.006162513081604994, ""5"": 0.008718763352791361}"
control,200,p0.05,nan,1.0,14,0.05,9.950000000000001,9.915,1,18,1983,1983,1.596467426579523,120,0.4071680967912606,0.008143361935825212,9.75682320975145,17.674556655978446,1.9831323920181656,4.947862682600006,15,"{""0"": 0.012822821723726582, ""1"": 0.004987493688599791, ""2"": 0.009033321718265852, ""3"": 0.008155397555268912, ""4"": 0.006208252972934384, ""5"": 0.00765288395615576}"
control,200,p0.05,nan,1.0,14,0.05,9.950000000000001,9.915,1,18,1983,1983,1.596467426579523,130,0.41759692977605967,0.008351938595521195,4.2576843294039195,17.80891681026862,2.003208442655225,4.971254365542182,15,"{""0"": 0.013721571195659688, ""1"": 0.0053210573388471375, ""2"": 0.008815642683868485, ""3"": 0.007417439364983921, ""4"": 0.007288089495862774, ""5"": 0.007547831493905163}"
control,200,p0.05,nan,1.0,14,0.05,9.950000000000001,9.915,1,18,1983,1983,1.596467426579523,140,0.4213441128245054,0.008426882256490109,3.5914350913746085,17.9082242299646,2.0178903113680997,4.866971142178484,15,"{""0"": 0.013670346027915397, ""1"": 0.005169701191717409, ""2"": 0.009249109111967727, ""3"": 0.007041682703543895, ""4"": 0.007885223487736282, ""5"": 0.0075452310160599445}"
control,200,p0.05,nan,1.0,14,0.05,9.950000000000001,9.915,1,18,1983,1983,1.596467426579523,150,0.43246738174722127,0.008649347634944427,13.272719512693886,18.024298037621854,2.028140255476954,4.838345420436165,15,"{""0"": 0.014723867214563136, ""1"": 0.0054943854706452685, ""2"": 0.009452118924433003, ""3"": 0.006592330803987542, ""4"": 0.0077914195335415225, ""5"": 0.00784196386249609}"
control,200,p0.05,nan,1.0,14,0.05,9.950000000000001,9.915,1,18,1983,1983,1.596467426579523,160,0.4066647928133196,0.008133295856266393,6.210606519506045,18.099884342235548,2.040485552119085,4.513892550751734,14,"{""0"": 0.013873359203805577, ""1"": 0.00607256927175067, ""2"": 0.008653231680627168, ""3"": 0.006800789721141338, ""4"": 0.006413006333557189, ""5"": 0.0069868189267164125}"
control,200,p0.05,nan,1.0,14,0.05,9.950000000000001,9.915,1,18,1983,1983,1.596467426579523,170,0.4095826501311915,0.008191653002623832,2.782443862914267,18.205981764352078,2.051424885971646,4.45789967091114,14,"{""0"": 0.013834874154776295, ""1"": 0.006204165234651371, ""2"": 0.008610923656428425, ""3"": 0.0067524440223790325, ""4"": 0.006603164303538443, ""5"": 0.007144346643969414}"
control,200,p0.05,nan,1.0,14,0.05,9.950000000000001,9.915,1,18,1983,1983,1.596467426579523,180,0.4133487518579955,0.008266975037159912,1.3549550032925202,18.26066074107398,2.0613478623404644,4.306545241517721,14,"{""0"": 0.014382799530667604, ""1"": 0.006029794910932004, ""2"": 0.008748573114797016, ""3"": 0.006528790441366748, ""4"": 0.006317735016006484, ""5"": 0.007594157209189612}"
control,200,p0.05,nan,1.0,14,0.05,9.950000000000001,9.915,1,18,1983,1983,1.596467426579523,190,0.4083542420922017,0.008167084841844035,10.53159875166628,18.356666833019446,2.0605597834687353,4.283035071372119,14,"{""0"": 0.014581262721100224, ""1"": 0.005884567959279281, ""2"": 0.008397832750924242, ""3"": 0.0063813194153398934, ""4"": 0.005821520063731271, ""5"": 0.0079360061406893}"
control,200,p0.05,nan,1.0,14,0.05,9.950000000000001,9.915,1,18,1983,1983,1.596467426579523,200,0.41020932316310255,0.00820418646326205,12.728944148040732,18.432820894002468,2.0594945397819044,4.335819100425505,14,"{""0"": 0.013867744844651605, ""1"": 0.005946012901397761, ""2"": 0.00776929134474103, ""3"": 0.006583262173798679, ""4"": 0.005436044497681907, ""5"": 0.009622763017301326}"
control,200,p0.10,nan,1.0,14,0.1,19.900000000000002,20.255,9,31,4051,1983,1.5564205121425492,0,1.0616595825826538,0.02123319165165308,nan,0.0,1.5564205121425492,7.533751925763091,14,"{""0"": 0.020779781597008846, ""1"": 0.023524219993908767, ""2"": 0.019704939446939733, ""3"": 0.02047977073558983, ""4"": 0.021168336313578957, ""5"": 0.021742101822892344}"
control,200,p0.10,nan,1.0,14,0.1,19.900000000000002,20.255,9,31,4051,1983,1.5564205121425492,10,1.0706335798831577,0.021412671597663153,19.353178058638264,14.217957529616388,1.972864308726569,5.915188764760518,16,"{""0"": 0.022076309606809934, ""1"": 0.013016324454014381, ""2"": 0.00733698007487833, ""3"": 0.020926827548629755, ""4"": 0.015624840554269543, ""5"": 0.04949474734737699}"
control,200,p0.10,nan,1.0,14,0.1,19.900000000000002,20.255,9,31,4051,1983,1.5564205121425492,20,0.9626136029588838,0.019252272059177677,6.913903802114337,15.960074228536943,1.9845954328903155,6.068826325610859,18,"{""0"": 0.03796214912875605, ""1"": 0.016204574711661684, ""2"": 0.004559796713707217, ""3"": 0.022213395784292284, ""4"": 0.017192134581781895, ""5"": 0.017381581434866934}"
control,200,p0.10,nan,1.0,14,0.1,19.900000000000002,20.255,9,31,4051,1983,1.5564205121425492,30,0.7225988020544821,0.014451976041089644,22.169068772650853,15.922971717220207,1.9088593200031196,6.062894390752558,17,"{""0"": 0.019817056104277635, ""1"": 0.011597333027900263, ""2"": 0.00821841117902986, ""3"": 0.02170206523264352, ""4"": 0.014958609019010305, ""5"": 0.010418381683676276}"
control,200,p0.10,nan,1.0,14,0.1,19.900000000000002,20.255,9,31,4051,1983,1.5564205121425492,40,0.6678496952412293,0.013356993904824588,21.16035793484287,16.103390573942686,1.8594151076686283,5.755521551637535,17,"{""0"": 0.015772801534727373, ""1"": 0.011722063716433261, ""2"": 0.008203829875422645, ""3"": 0.016516240944077186, ""4"": 0.016457413288115275, ""5"": 0.011469614070171776}"
control,200,p0.10,nan,1.0,14,0.1,19.900000000000002,20.255,9,31,4051,1983,1.5564205121425492,50,0.637523210378582,0.012750464207571642,17.628119071818485,16.326898008087504,1.8704488183612829,5.390362531106361,17,"{""0"": 0.015522286237766284, ""1"": 0.011395072211542637, ""2"": 0.007257007255693354, ""3"": 0.01704768431664224, ""4"": 0.015591978420253883, ""5"": 0.00968875680353146}"
control,200,p0.10,nan,1.0,14,0.1,19.900000000000002,20.255,9,31,4051,1983,1.5564205121425492,60,0.5903850438717348,0.011807700877434699,12.28915818181975,16.52679339722825,1.8899678291755384,5.510397609756545,17,"{""0"": 0.011984070323773343, ""1"": 0.010225586075926066, ""2"": 0.0070585237993150115, ""3"": 0.018258146560456497, ""4"": 0.014106550243548191, ""5"": 0.009213328261589096}"
control,200,p0.10,nan,1.0,14,0.1,19.900000000000002,20.255,9,31,4051,1983,1.5564205121425492,70,0.5575985739739491,0.011151971479478983,5.158524312398979,16.561567265445383,1.8890819914776797,5.422563054853556,17,"{""0"": 0.011076375077485077, ""1"": 0.0102720346573975, ""2"": 0.005854249348385111, ""3"": 0.017868888855134168, ""4"": 0.012266109887381494, ""5"": 0.009574171051090551}"
control,200,p0.10,nan,1.0,14,0.1,19.900000000000002,20.255,9,31,4051,1983,1.5564205121425492,80,0.5407852680227639,0.010815705360455279,13.30366707415928,16.63546397704746,1.9005616269950836,5.262181506943303,17,"{""0"": 0.010499201913942931, ""1"": 0.010689267036523597, ""2"": 0.0056725903944147785, ""3"": 0.017243537173622016, ""4"": 0.011970626442765383, ""5"": 0.008819009201462964}"
control,200,p0.10,nan,1.0,14,0.1,19.900000000000002,20.255,9,31,4051,1983,1.5564205121425492,90,0.4967065748856283,0.009934131497712568,7.054453672451698,16.76346411137934,1.912792958519807,5.913298095192438,17,"{""0"": 0.007696012323602344, ""1"": 0.01084304298403063, ""2"": 0.006294301308071061, ""3"": 0.013559939442882538, ""4"": 0.010687779105225888, ""5"": 0.010523713822462952}"
control,200,p0.10,nan,1.0,14,0.1,19.900000000000002,20.255,9,31,4051,1983,1.5564205121425492,100,0.48207477808101895,0.00964149556162038,7.450888370400271,16.865327766391438,1.9209800681918634,5.948127172603292,16,"{""0"": 0.00764916153106546, ""1"": 0.009908946552045455, ""2"": 0.007234369534053113, ""3"": 0.013679424760850356, ""4"": 0.009162984163648358, ""5"": 0.010214086828059544}"
control,200,p0.10,nan,1.0,14,0.1,19.900000000000002,20.255,9,31,4051,1983,1.5564205121425492,110,0.46266662485591054,0.009253332497118212,10.028457768062971,16.96940319441761,1.9346779033846888,5.782600580660509,16,"{""0"": 0.007474647200232902, ""1"": 0.009373241004341826, ""2"": 0.006963699566935201, ""3"": 0.013371711731971566, ""4"": 0.008754329051888134, ""5"": 0.009582366427339643}"
control,200,p0.10,nan,1.0,14,0.1,19.900000000000002,20.255,9,31,4051,1983,1.5564205121425492,120,0.4236598248223169,0.00847319649644634,10.69390997179789,17.090079681322976,1.9499410504619592,5.597784473199814,16,"{""0"": 0.006512406828647668, ""1"": 0.009381375052104304, ""2"": 0.005993071375095907, ""3"": 0.010894003483377896, ""4"": 0.008316964877055829, ""5"": 0.009741357362396428}"
control,200,p0.10,nan,1.0,14,0.1,19.900000000000002,20.255,9,31,4051,1983,1.5564205121425492,130,0.42122892565613773,0.008424578513122756,6.129683841739275,17.199704091833226,1.9549282681882327,5.460682697540397,16,"{""0"": 0.006684395218096145, ""1"": 0.009380197701394427, ""2"": 0.005332848221718809, ""3"": 0.011092627544084752, ""4"": 0.00901696878611371, ""5"": 0.009040433607328695}"
control,200,p0.10,nan,1.0,14,0.1,19.900000000000002,20.255,9,31,4051,1983,1.5564205121425492,140,0.3930701667158312,0.007861403334316626,4.905554560732093,17.277069382768953,1.956018669481406,5.243318048405712,15,"{""0"": 0.00459427544185829, ""1"": 0.009648525374330358, ""2"": 0.00518378589146407, ""3"": 0.008436665844343133, ""4"": 0.008453803214101187, ""5"": 0.010851364239802713}"
control,200,p0.10,nan,1.0,14,0.1,19.900000000000002,20.255,9,31,4051,1983,1.5564205121425492,150,0.39846828714419147,0.00796936574288383,7.213681431863299,17.378340314913004,1.9669161828107793,5.1073795740092045,15,"{""0"": 0.004169951103587951, ""1"": 0.009900368699301125, ""2"": 0.005604096190157091, ""3"": 0.008248821589477926, ""4"": 0.008713596517173029, ""5"": 0.011179360357605857}"
control,200,p0.10,nan,1.0,14,0.1,19.900000000000002,20.255,9,31,4051,1983,1.5564205121425492,160,0.3945852891205432,0.007891705782410864,2.701416142802485,17.4119529256902,1.9697762419793106,5.123283273020561,15,"{""0"": 0.005819934483804961, ""1"": 0.009088147030197835, ""2"": 0.0057565060561289285, ""3"": 0.008543381863385189, ""4"": 0.008837797608656325, ""5"": 0.009304467652291957}"
control,200,p0.10,nan,1.0,14,0.1,19.900000000000002,20.255,9,31,4051,1983,1.5564205121425492,170,0.38534833491159215,0.007706966698231844,6.643068629165298,17.516393297199308,1.9748345559149503,4.9258031104141775,15,"{""0"": 0.005151062050120425, ""1"": 0.009029324580534273, ""2"": 0.005864267219070628, ""3"": 0.008017032911237069, ""4"": 0.008444588448569396, ""5"": 0.009735524979859276}"
control,200,p0.10,nan,1.0,14,0.1,19.900000000000002,20.255,9,31,4051,1983,1.5564205121425492,180,0.37227337502776053,0.007445467500555212,3.8184133097827284,17.604617455944958,1.9768053429923274,4.779805316303588,15,"{""0"": 0.004447669234626396, ""1"": 0.008759403488029182, ""2"": 0.006004182081694853, ""3"": 0.007516032406526783, ""4"": 0.007700983543373575, ""5"": 0.010244534249080482}"
control,200,p0.10,nan,1.0,14,0.1,19.900000000000002,20.255,9,31,4051,1983,1.5564205121425492,190,0.3840873674286303,0.0076817473485726075,2.941261881298062,17.693197209666057,1.9811183780580763,4.732114077107862,15,"{""0"": 0.004800596456858493, ""1"": 0.008054365731610324, ""2"": 0.006206330679090076, ""3"": 0.007528313098121672, ""4"": 0.006473999919991489, ""5"": 0.013026878205763592}"
control,200,p0.10,nan,1.0,14,0.1,19.900000000000002,20.255,9,31,4051,1983,1.5564205121425492,200,0.38074107865243734,0.007614821573048747,3.004434066864319,17.744841576343873,1.984254661308786,4.691956057706005,14,"{""0"": 0.005038588477807507, ""1"": 0.007639883270829491, ""2"": 0.005911147987685594, ""3"": 0.007597323775689657, ""4"": 0.005719806067604724, ""5"": 0.013782179858675515}"
control,200,p0.20,nan,1.0,14,0.2,39.800000000000004,40.19,29,58,8038,1983,1.5316585111628815,0,0.9666775344802999,0.019333550689606002,nan,0.0,1.5316585111628815,8.411115675587821,15,"{""0"": 0.020532784191213977, ""1"": 0.018113361551808593, ""2"": 0.020020491075809305, ""3"": 0.017870488242159317, ""4"": 0.01987586600379309, ""5"": 0.019588313072851703}"
control,200,p0.20,nan,1.0,14,0.2,39.800000000000004,40.19,29,58,8038,1983,1.5316585111628815,10,0.7695618009411083,0.015391236018822167,1.0791964021303244,12.046949593986724,2.0832235718441305,1.8407573581704877,5,"{""0"": 0.0123291753973826, ""1"": 0.0016551871740840384, ""2"": 0.01901202423863351, ""3"": 0.009171158476776216, ""4"": 0.0021781215650833264, ""5"": 0.04800174926097332}"
control,200,p0.20,nan,1.0,14,0.2,39.800000000000004,40.19,29,58,8038,1983,1.5316585111628815,20,0.32915498775515933,0.006583099755103187,14.218969944561582,13.84147388392603,1.9467522878166201,3.047015412398549,9,"{""0"": 0.00335674302893728, ""1"": 0.009424153704069385, ""2"": 0.0058284436755866404, ""3"": 0.004617968272245891, ""4"": 0.002437702727324236, ""5"": 0.013833587122455688}"
control,200,p0.20,nan,1.0,14,0.2,39.800000000000004,40.19,29,58,8038,1983,1.5316585111628815,30,0.28325137621550656,0.005665027524310132,17.380379848821818,14.21984271223047,1.94045449412072,2.7884494564326916,8,"{""0"": 0.0017246065358607365, ""1"": 0.009037125201198395, ""2"": 0.007462450383698001, ""3"": 0.0030209863862085125, ""4"": 0.0023113633115991686, ""5"": 0.010433633327295983}"
control,200,p0.20,nan,1.0,14,0.2,39.800000000000004,40.19,29,58,8038,1983,1.5316585111628815,40,0.2531681011748455,0.00506336202349691,1.2761425101334696,14.804883907943655,1.9858819818253537,2.909922717143789,9,"{""0"": 0.0017311247364607991, ""1"": 0.006350416923624066, ""2"": 0.00574535519878529, ""3"": 0.0017866851701653953, ""4"": 0.004295446422460248, ""5"": 0.010471143689485662}"
control,200,p0.20,nan,1.0,14,0.2,39.800000000000004,40.19,29,58,8038,1983,1.5316585111628815,50,0.23472869239535657,0.004694573847907132,1.7941477240228663,14.9276810193647,1.9824944055324143,3.0267753663468286,8,"{""0"": 0.002529868079399149, ""1"": 0.007167770202493033, ""2"": 0.004131370312460578, ""3"": 0.002170766388293989, ""4"": 0.0037040620508707344, ""5"": 0.008463606053925304}"
control,200,p0.20,nan,1.0,14,0.2,39.800000000000004,40.19,29,58,8038,1983,1.5316585111628815,60,0.21913378282023838,0.004382675656404768,1.5374970329414894,15.119070505204078,1.9893343079015193,3.120300117448895,8,"{""0"": 0.0027943435051592685, ""1"": 0.006651119359484571, ""2"": 0.0037462549995529878, ""3"": 0.0022758921980475847, ""4"": 0.0033789502484743482, ""5"": 0.007449493627709849}"
control,200,p0.20,nan,1.0,14,0.2,39.800000000000004,40.19,29,58,8038,1983,1.5316585111628815,70,0.25988258651207136,0.005197651730241427,6.203452435695205,15.344324061550537,1.982121627094863,3.194614889587593,9,"{""0"": 0.0034287562592582436, ""1"": 0.008410274273415359, ""2"": 0.0056913447350569885, ""3"": 0.002634332355185339, ""4"": 0.002541451478754852, ""5"": 0.008479751279777783}"
control,200,p0.20,nan,1.0,14,0.2,39.800000000000004,40.19,29,58,8038,1983,1.5316585111628815,80,0.2687884758667372,0.005375769517334744,4.487676040480302,15.371012317131681,1.9642394926772728,3.215902566509463,9,"{""0"": 0.002950123519787574, ""1"": 0.007570865976487544, ""2"": 0.006968168626242881, ""3"": 0.002352808644702389, ""4"": 0.0028579349386280537, ""5"": 0.009554715398160024}"
control,200,p0.20,nan,1.0,14,0.2,39.800000000000004,40.19,29,58,8038,1983,1.5316585111628815,90,0.2571775073728361,0.005143550147456723,1.7508572943029916,15.511578467974582,1.9676787372169229,3.1810849261471423,9,"{""0"": 0.0026068147650913317, ""1"": 0.005787920680623228, ""2"": 0.00730836057584019, ""3"": 0.0027107201267393016, ""4"": 0.0023708616325836727, ""5"": 0.010076623103862621}"
control,200,p0.20,nan,1.0,14,0.2,39.800000000000004,40.19,29,58,8038,1983,1.5316585111628815,100,0.24606507669289643,0.0049213015338579295,1.3006296331966611,15.53472234787946,1.9764440813533775,3.1463841249042126,9,"{""0"": 0.0025168484445918056, ""1"": 0.005066706079811468, ""2"": 0.006563658643890374, ""3"": 0.0028070075163593514, ""4"": 0.0022155414002376314, ""5"": 0.010358047118256945}"
control,200,p0.20,nan,1.0,14,0.2,39.800000000000004,40.19,29,58,8038,1983,1.5316585111628815,110,0.24012664653557816,0.004802532930711564,3.5440981116778882,15.612961365412659,1.9703346509717976,3.1891280937116133,8,"{""0"": 0.0027740283789980677, ""1"": 0.0057327199718285975, ""2"": 0.0056675874855493125, ""3"": 0.0028710811446159496, ""4"": 0.002046600896472842, ""5"": 0.00972317970680461}"
control,200,p0.20,nan,1.0,14,0.2,39.800000000000004,40.19,29,58,8038,1983,1.5316585111628815,120,0.22330387243121674,0.004466077448624335,6.957419289640528,15.719916786059763,1.9700475274321998,3.1657531138800623,8,"{""0"": 0.0025448982035732115, ""1"": 0.005135190680944755, ""2"": 0.004002235095629665, ""3"": 0.003171088846859998, ""4"": 0.0016811707824469005, ""5"": 0.010261881082291483}"
control,200,p0.20,nan,1.0,14,0.2,39.800000000000004,40.19,29,58,8038,1983,1.5316585111628815,130,0.22215789898998786,0.004443157979799758,6.890730476741926,15.838145278754281,1.9703359150025317,3.1726829301362796,8,"{""0"": 0.00257726566804579, ""1"": 0.005793723611337001, ""2"": 0.00389297033136213, ""3"": 0.0029279437275824107, ""4"": 0.0018932143961813582, ""5"": 0.009573830144289856}"
control,200,p0.20,nan,1.0,14,0.2,39.800000000000004,40.19,29,58,8038,1983,1.5316585111628815,140,0.23434665565846,0.0046869331131692005,4.984549504822657,15.871345260163167,1.9675467771970525,3.1177805037028103,8,"{""0"": 0.0023813306200038457, ""1"": 0.005518186752058428, ""2"": 0.005356252239301711, ""3"": 0.0028118288178303873, ""4"": 0.0020329805778949643, ""5"": 0.010021019671925868}"
control,200,p0.20,nan,1.0,14,0.2,39.800000000000004,40.19,29,58,8038,1983,1.5316585111628815,150,0.2286959998165377,0.004573919996330755,3.136295410664899,15.925744060142854,1.9638968241837569,3.1132349190334354,8,"{""0"": 0.002443571154447611, ""1"": 0.005801180629690045, ""2"": 0.005050706241730747, ""3"": 0.002721216570677467, ""4"": 0.0016481236305384956, ""5"": 0.009778721750900162}"
control,200,p0.20,nan,1.0,14,0.2,39.800000000000004,40.19,29,58,8038,1983,1.5316585111628815,160,0.2308556327902103,0.0046171126558042066,1.9280449831220536,15.98994270526898,1.96224943617107,3.131807566549984,8,"{""0"": 0.002628298662312074, ""1"": 0.0060743153510003116, ""2"": 0.006442174229225775, ""3"": 0.0027070100375390736, ""4"": 0.0019377010826463574, ""5"": 0.007913176572101645}"
control,200,p0.20,nan,1.0,14,0.2,39.800000000000004,40.19,29,58,8038,1983,1.5316585111628815,170,0.22153134389849136,0.004430626877969828,3.392410915654449,15.941605017296101,1.9544914290898718,3.1569495057223462,8,"{""0"": 0.0026897146340379378, ""1"": 0.006641190575837261, ""2"": 0.0043739404377195566, ""3"": 0.00255572686875453, ""4"": 0.0022873817047301412, ""5"": 0.008035807046739538}"
control,200,p0.20,nan,1.0,14,0.2,39.800000000000004,40.19,29,58,8038,1983,1.5316585111628815,180,0.2262580193316918,0.004525160386633836,0.77119468786833,15.990340117457098,1.9593705297974513,3.126693058811218,8,"{""0"": 0.0025920657313153136, ""1"": 0.006496704271560477, ""2"": 0.005369614443819672, ""3"": 0.002430445316423277, ""4"": 0.002239562496727979, ""5"": 0.0080225700599563}"
control,200,p0.20,nan,1.0,14,0.2,39.800000000000004,40.19,29,58,8038,1983,1.5316585111628815,190,0.22607955831840523,0.004521591166368105,6.280195911904023,16.043381333569787,1.9627448090108097,3.1118903864982563,8,"{""0"": 0.00263424024888726, ""1"": 0.00594536998763286, ""2"": 0.006535377115720696, ""3"": 0.002424939786072086, ""4"": 0.0024021652801312944, ""5"": 0.007187454579764434}"
control,200,p0.20,nan,1.0,14,0.2,39.800000000000004,40.19,29,58,8038,1983,1.5316585111628815,200,0.2052699482377487,0.004105398964754974,4.382942908447194,16.07287867371664,1.9622453452421773,3.1625468047894403,8,"{""0"": 0.002794562316169833, ""1"": 0.006233366236591126, ""2"": 0.004552130752260767, ""3"": 0.0027301370696958087, ""4"": 0.0021699339392293434, ""5"": 0.006152263474582966}"
control,200,p0.40,nan,1.0,14,0.4,79.60000000000001,80.02,61,96,16004,1983,1.514523684167867,0,1.0027913200661025,0.02005582640132205,nan,0.0,1.514523684167867,4.627517306147693,13,"{""0"": 0.01677352725114632, ""1"": 0.02224050437589506, ""2"": 0.020262284411592908, ""3"": 0.018281850331458967, ""4"": 0.02240051008175096, ""5"": 0.020376281956088087}"
control,200,p0.40,nan,1.0,14,0.4,79.60000000000001,80.02,61,96,16004,1983,1.514523684167867,10,0.8519981703177603,0.017039963406355208,1.2470628507032815,13.091671476023532,1.8565894012220938,2.0574717468215615,8,"{""0"": 0.018900551174777548, ""1"": 0.002129305660993633, ""2"": 0.02606590795223058, ""3"": 0.022678560434701178, ""4"": 0.001721367350584872, ""5"": 0.03074408786484344}"
control,200,p0.40,nan,1.0,14,0.4,79.60000000000001,80.02,61,96,16004,1983,1.514523684167867,20,0.6517578589312105,0.013035157178624211,2.5596085402451894,15.369983201437714,2.0547239614447217,3.557059758343832,11,"{""0"": 0.018331693782072733, ""1"": 0.011323165062599592, ""2"": 0.0034529038817177997, ""3"": 0.023763473220426275, ""4"": 0.01272156821469655, ""5"": 0.008618138910232321}"
control,200,p0.40,nan,1.0,14,0.4,79.60000000000001,80.02,61,96,16004,1983,1.514523684167867,30,0.48248268055100163,0.009649653611020034,2.43152525726697,16.447819634406734,2.0828309028267586,3.1815402583571903,11,"{""0"": 0.0068170680530242125, ""1"": 0.014087629809452338, ""2"": 0.003621088317893093, ""3"": 0.015539241031269479, ""4"": 0.012958923340482048, ""5"": 0.004873971113999032}"
control,200,p0.40,nan,1.0,14,0.4,79.60000000000001,80.02,61,96,16004,1983,1.514523684167867,40,0.4824729193134609,0.00964945838626922,9.79802412294703,16.47145717526115,1.9263352715216835,3.9594437697435043,13,"{""0"": 0.011615342935459353, ""1"": 0.007214857677987943, ""2"": 0.006139565075795998, ""3"": 0.012257489782839448, ""4"": 0.014901472095921265, ""5"": 0.005768022749611318}"
control,200,p0.40,nan,1.0,14,0.4,79.60000000000001,80.02,61,96,16004,1983,1.514523684167867,50,0.45483172988803194,0.00909663459776064,4.308383543174919,16.602420738036376,2.004669773384076,3.657322167432201,12,"{""0"": 0.012163902544177806, ""1"": 0.007133507020387886, ""2"": 0.005564430418586173, ""3"": 0.012470130610549865, ""4"": 0.0119319703549285, ""5"": 0.005315866637933604}"
control,200,p0.40,nan,1.0,14,0.4,79.60000000000001,80.02,61,96,16004,1983,1.514523684167867,60,0.43504191457140057,0.008700838291428013,5.195374640806256,16.715593400726966,2.0097594794665663,3.5701380477809455,11,"{""0"": 0.011952897126199402, ""1"": 0.007783929560488229, ""2"": 0.004828456127732401, ""3"": 0.012186347497733155, ""4"": 0.010532665357861713, ""5"": 0.004920734078553169}"
control,200,p0.40,nan,1.0,14,0.4,79.60000000000001,80.02,61,96,16004,1983,1.514523684167867,70,0.4798726530825985,0.009597453061651972,2.2348477002001625,16.779162515721318,2.004389059311318,3.666591423073685,11,"{""0"": 0.010971071585899252, ""1"": 0.011249040958277487, ""2"": 0.004792314229946022, ""3"": 0.01161082192624015, ""4"": 0.013580325859284398, ""5"": 0.005381143810264518}"
control,200,p0.40,nan,1.0,14,0.4,79.60000000000001,80.02,61,96,16004,1983,1.514523684167867,80,0.5023679558574178,0.010047359117148356,13.03260404016834,16.851604335219164,2.057279721805282,3.49987019705316,11,"{""0"": 0.011885277809778072, ""1"": 0.013291374609260645, ""2"": 0.003992496943521622, ""3"": 0.011826136948045686, ""4"": 0.014438968619664497, ""5"": 0.004849899772619614}"
control,200,p0.40,nan,1.0,14,0.4,79.60000000000001,80.02,61,96,16004,1983,1.514523684167867,90,0.45989672326889347,0.009197934465377871,41.23002209594121,16.90961314257805,2.0454441860351187,3.4663493208469607,10,"{""0"": 0.011672468299935412, ""1"": 0.012925450747085395, ""2"": 0.00364633667537428, ""3"": 0.011089002920444097, ""4"": 0.01108476702116321, ""5"": 0.004769581128264826}"
control,200,p0.40,nan,1.0,14,0.4,79.60000000000001,80.02,61,96,16004,1983,1.514523684167867,100,0.4354685553325953,0.008709371106651908,1.9416184776659873,16.975023002312344,1.99351391240894,3.491839669703696,10,"{""0"": 0.00969643268916727, ""1"": 0.011694396122278903, ""2"": 0.004055309211492214, ""3"": 0.010675975833438382, ""4"": 0.010774751794560408, ""5"": 0.005359360988974265}"
control,200,p0.40,nan,1.0,14,0.4,79.60000000000001,80.02,61,96,16004,1983,1.514523684167867,110,0.41254174043233155,0.008250834808646633,5.5880754839398,16.983198622051496,1.9724828185319294,3.4881763249311146,10,"{""0"": 0.008480187191009288, ""1"": 0.011274423112163761, ""2"": 0.0037194120290422587, ""3"": 0.010044147039249031, ""4"": 0.010811880370245368, ""5"": 0.005174959110170084}"
control,200,p0.40,nan,1.0,14,0.4,79.60000000000001,80.02,61,96,16004,1983,1.514523684167867,120,0.39136162035625666,0.007827232407125134,3.2054197819779753,17.041812083550553,1.9872239367814881,3.4939657763080922,10,"{""0"": 0.007257835169444282, ""1"": 0.010413615738138768, ""2"": 0.003730480289276989, ""3"": 0.009611282147437871, ""4"": 0.01114824946462181, ""5"": 0.004801931633831078}"
control,200,p0.40,nan,1.0,14,0.4,79.60000000000001,80.02,61,96,16004,1983,1.514523684167867,130,0.39042144471155316,0.007808428894231064,1.9360534252241066,17.12084455020237,1.9860562772900443,3.5004466920800197,10,"{""0"": 0.0075203980738302425, ""1"": 0.010717845734883423, ""2"": 0.00338359211761452, ""3"": 0.00923803992581009, ""4"": 0.01128025770007354, ""5"": 0.004710439813174573}"
control,200,p0.40,nan,1.0,14,0.4,79.60000000000001,80.02,61,96,16004,1983,1.514523684167867,140,0.36799184902330123,0.007359836980466025,1.6003310467356113,17.176879499200734,2.023185759776821,3.4746989887652804,10,"{""0"": 0.006530565441257616, ""1"": 0.010196582058556511, ""2"": 0.003506278163565835, ""3"": 0.008566031607736732, ""4"": 0.01072248659334495, ""5"": 0.0046370780183345095}"
control,200,p0.40,nan,1.0,14,0.4,79.60000000000001,80.02,61,96,16004,1983,1.514523684167867,150,0.36217473849720666,0.007243494769944134,10.202613306645011,17.27836972650603,2.0546236072249986,3.4753082712616776,10,"{""0"": 0.006591369027586983, ""1"": 0.009711610507536562, ""2"": 0.003485211965485819, ""3"": 0.008592691429051176, ""4"": 0.010730713482456357, ""5"": 0.004349372207547916}"
control,200,p0.40,nan,1.0,14,0.4,79.60000000000001,80.02,61,96,16004,1983,1.514523684167867,160,0.33108455300755407,0.006621691060151082,7.073958080798436,17.335907528324174,2.059983843957232,3.496377419742689,10,"{""0"": 0.0059390549222806755, ""1"": 0.007977711693373786, ""2"": 0.0035232042503623453, ""3"": 0.008254621970090869, ""4"": 0.009716226713390346, ""5"": 0.004319326811408468}"
control,200,p0.40,nan,1.0,14,0.4,79.60000000000001,80.02,61,96,16004,1983,1.514523684167867,170,0.31685008881668564,0.0063370017763337136,8.962456261235044,17.4228800909908,2.0705819521906634,3.489707902118946,10,"{""0"": 0.005084389614980481, ""1"": 0.007618976320885583, ""2"": 0.0035101462717329604, ""3"": 0.008075613088065791, ""4"": 0.009496125940796211, ""5"": 0.004236759421541251}"
control,200,p0.40,nan,1.0,14,0.4,79.60000000000001,80.02,61,96,16004,1983,1.514523684167867,180,0.3182262920034818,0.0063645258400696365,1.7141508391052807,17.48278384087901,2.075593866334787,3.473698577135911,10,"{""0"": 0.005182928665962715, ""1"": 0.007987679078178348, ""2"": 0.003497694458025804, ""3"": 0.007826870209911744, ""4"": 0.009538799652947174, ""5"": 0.004153182975392029}"
control,200,p0.40,nan,1.0,14,0.4,79.60000000000001,80.02,61,96,16004,1983,1.514523684167867,190,0.3269322051009487,0.0065386441020189754,13.55380860717283,17.493876456696505,2.073237023943814,3.427155948655092,10,"{""0"": 0.005826790415604725, ""1"": 0.007793609461858485, ""2"": 0.003704565206026146, ""3"": 0.007622437295430942, ""4"": 0.009775350492402812, ""5"": 0.004509111740790741}"
control,200,p0.40,nan,1.0,14,0.4,79.60000000000001,80.02,61,96,16004,1983,1.514523684167867,200,0.33294338161905795,0.00665886763238116,1.4874933486394002,17.496241077939448,2.066713696284596,3.4156576131502647,10,"{""0"": 0.006018201902638758, ""1"": 0.007870214599108147, ""2"": 0.003731958857457358, ""3"": 0.007841637772304608, ""4"": 0.009985916586740674, ""5"": 0.00450527607603741}"
control,200,p0.05,nan,1.0,15,0.05,9.950000000000001,9.955,4,18,1991,1991,1.447845543462565,0,0.9985198250722,0.019970396501444002,nan,0.0,1.447845543462565,6.331405301130988,13,"{""0"": 0.019825595129119186, ""1"": 0.018322523517464998, ""2"": 0.02176685467102304, ""3"": 0.018430973031478764, ""4"": 0.02019544475889098, ""5"": 0.02128098790068704}"
control,200,p0.05,nan,1.0,15,0.05,9.950000000000001,9.955,4,18,1991,1991,1.447845543462565,10,0.9943413128530082,0.019886826257060168,10.581258127762077,14.112185962950203,1.8634615514168078,3.0882882173521162,8,"{""0"": 0.013830228379188606, ""1"": 0.017142608607300346, ""2"": 0.030815403982755396, ""3"": 0.006942949864148192, ""4"": 0.018654686780727424, ""5"": 0.03193507992824103}"
control,200,p0.05,nan,1.0,15,0.05,9.950000000000001,9.955,4,18,1991,1991,1.447845543462565,20,0.6006394505460219,0.01201278901092044,3.09026608263684,15.475641336861306,2.10446979013914,2.1989242385858105,6,"{""0"": 0.03128868194191285, ""1"": 0.005518014419266911, ""2"": 0.015847079916270854, ""3"": 0.01066573156465415, ""4"": 0.001596628799532144, ""5"": 0.00716059742388572}"
control,200,p0.05,nan,1.0,15,0.05,9.950000000000001,9.955,4,18,1991,1991,1.447845543462565,30,0.45314665350656386,0.009062933070131278,2.2946146338723983,15.664675886748329,2.06293993860862,2.2535258558204116,6,"{""0"": 0.018675044939092146, ""1"": 0.002447818006799196, ""2"": 0.018545511130630403, ""3"": 0.007437457669414102, ""4"": 0.0009918291961623987, ""5"": 0.006279937478689421}"
control,200,p0.05,nan,1.0,15,0.05,9.950000000000001,9.955,4,18,1991,1991,1.447845543462565,40,0.49322065491595607,0.009864413098319123,1.0951693290919375,16.03306531698266,2.080181623011125,2.6837919105129657,6,"{""0"": 0.018145966142080732, ""1"": 0.005153213356744136, ""2"": 0.023467724500129683, ""3"": 0.001889639542024531, ""4"": 0.0026620270665540574, ""5"": 0.007867907982381604}"
control,200,p0.05,nan,1.0,15,0.05,9.950000000000001,9.955,4,18,1991,1991,1.447845543462565,50,0.4920095852270297,0.009840191704540596,1.7227678074858996,16.42452418998363,2.1185023550247255,2.9037354487425384,7,"{""0"": 0.020051623759083568, ""1"": 0.005892391725594808, ""2"": 0.02185426097644592, ""3"": 0.00197361725308449, ""4"": 0.0027611597909033285, ""5"": 0.0065080967221314585}"
control,200,p0.05,nan,1.0,15,0.05,9.950000000000001,9.955,4,18,1991,1991,1.447845543462565,60,0.4720210966213581,0.009440421932427162,3.784749901220795,16.772852299499135,2.1190278266345914,2.8291308513566196,7,"{""0"": 0.019223402933053756, ""1"": 0.005001308773291402, ""2"": 0.021543565176397918, ""3"": 0.0018309108853291594, ""4"": 0.002522733988893679, ""5"": 0.006520609837597056}"
control,200,p0.05,nan,1.0,15,0.05,9.950000000000001,9.955,4,18,1991,1991,1.447845543462565,70,0.49120477949649494,0.0098240955899299,1.0462977703020722,16.833840893438982,2.1099057442102764,2.8844049279531054,7,"{""0"": 0.01718643181321003, ""1"": 0.005886343361407946, ""2"": 0.023685075430284024, ""3"": 0.0017672610856902967, ""4"": 0.004100668882208945, ""5"": 0.006318792966778168}"
control,200,p0.05,nan,1.0,15,0.05,9.950000000000001,9.955,4,18,1991,1991,1.447845543462565,80,0.431279766011423,0.00862559532022846,4.707391256839528,16.89055194122089,2.0975316093866216,2.9300024666562727,7,"{""0"": 0.018726238350441834, ""1"": 0.005993198811906615, ""2"": 0.019855834353634146, ""3"": 0.001850895374462726, ""4"": 0.0025584633759535022, ""5"": 0.002768941654971941}"
control,200,p0.05,nan,1.0,15,0.05,9.950000000000001,9.955,4,18,1991,1991,1.447845543462565,90,0.38543201469598526,0.007708640293919706,0.7084529152142691,17.07957192457404,2.0996294401152054,2.7191823307049336,6,"{""0"": 0.014940128795015637, ""1"": 0.004359155843149391, ""2"": 0.019330312331431933, ""3"": 0.0017971852110553893, ""4"": 0.0020883404458913917, ""5"": 0.003736719136974489}"
control,200,p0.05,nan,1.0,15,0.05,9.950000000000001,9.955,4,18,1991,1991,1.447845543462565,100,0.3674109442085879,0.007348218884171759,0.8272097241190963,17.27701664593033,2.1067255721130675,2.7297202395710882,6,"{""0"": 0.015154813684056755, ""1"": 0.004369196972457045, ""2"": 0.01833224009677118, ""3"": 0.0018328574739679467, ""4"": 0.001660551706420271, ""5"": 0.0027396533713573545}"
control,200,p0.05,nan,1.0,15,0.05,9.950000000000001,9.955,4,18,1991,1991,1.447845543462565,110,0.35202430908467597,0.00704048618169352,1.2369574048523524,17.391066090342342,2.105361578069535,2.7767217181259216,6,"{""0"": 0.015314388893178762, ""1"": 0.004374937477861123, ""2"": 0.01690488815544151, ""3"": 0.0017582140162505343, ""4"": 0.0014429956348113566, ""5"": 0.002447492912617839}"
control,200,p0.05,nan,1.0,15,0.05,9.950000000000001,9.955,4,18,1991,1991,1.447845543462565,120,0.3421005586478916,0.006842011172957832,1.195508716660742,17.49766716841139,2.11776608801616,2.740014466728584,6,"{""0"": 0.01555337496155996, ""1"": 0.004452411789524255, ""2"": 0.01571407675509861, ""3"": 0.0019085717076477917, ""4"": 0.0011414237660227347, ""5"": 0.002282208057893639}"
control,200,p0.05,nan,1.0,15,0.05,9.950000000000001,9.955,4,18,1991,1991,1.447845543462565,130,0.35287987881517696,0.00705759757630354,3.185676053666077,17.475183678862305,2.1332513118596212,2.675192047807324,6,"{""0"": 0.018405534765835157, ""1"": 0.004406070683205558, ""2"": 0.01455092290838621, ""3"": 0.0019536311045835314, ""4"": 0.0009696130486409781, ""5"": 0.0020598129471697986}"
control,200,p0.05,nan,1.0,15,0.05,9.950000000000001,9.955,4,18,1991,1991,1.447845543462565,140,0.33295411049914647,0.00665908220998293,0.6949156311608489,17.591157903166035,2.142486261290518,2.6433691199402243,6,"{""0"": 0.0193872691926581, ""1"": 0.003851019495115944, ""2"": 0.011907511430982752, ""3"": 0.002232458128505015, ""4"": 0.0007098345512670471, ""5"": 0.0018664004613687217}"
control,200,p0.05,nan,1.0,15,0.05,9.950000000000001,9.955,4,18,1991,1991,1.447845543462565,150,0.33187039521019934,0.006637407904203987,0.5886415397036716,17.65319514760523,2.1377195658284847,2.637846250686191,6,"{""0"": 0.018746200533675646, ""1"": 0.0038504464028356515, ""2"": 0.012314084279175599, ""3"": 0.0021178523213486776, ""4"": 0.0007206260489054765, ""5"": 0.002075237839282874}"
control,200,p0.05,nan,1.0,15,0.05,9.950000000000001,9.955,4,18,1991,1991,1.447845543462565,160,0.3229314321726702,0.0064586286434534035,4.6153141335107515,17.7396832772041,2.1351921256970527,2.6256805407363584,6,"{""0"": 0.01841352086158555, ""1"": 0.003938770192363392, ""2"": 0.011331740500738298, ""3"": 0.002092682239151637, ""4"": 0.0007163277113405804, ""5"": 0.0022587303555409713}"
control,200,p0.05,nan,1.0,15,0.05,9.950000000000001,9.955,4,18,1991,1991,1.447845543462565,170,0.3230627342089604,0.006461254684179209,3.801714535116598,17.801547815234482,2.1429538227133045,2.612374349947918,6,"{""0"": 0.018265425814491205, ""1"": 0.004291728823479607, ""2"": 0.0112122019610141, ""3"": 0.002192103788371734, ""4"": 0.0006926547291691537, ""5"": 0.0021134129885494704}"
control,200,p0.05,nan,1.0,15,0.05,9.950000000000001,9.955,4,18,1991,1991,1.447845543462565,180,0.3132269770266488,0.006264539540532977,1.0003594887106217,17.85129251456975,2.146094689936711,2.6290713984908862,6,"{""0"": 0.01846519358787049, ""1"": 0.004771408330617082, ""2"": 0.009426614665189369, ""3"": 0.0022750247112375607, ""4"": 0.0006691978130594177, ""5"": 0.0019797981352239406}"
control,200,p0.05,nan,1.0,15,0.05,9.950000000000001,9.955,4,18,1991,1991,1.447845543462565,190,0.32137363621366183,0.006427472724273238,0.7986797250292788,17.8696974399813,2.145462560784595,2.6896581116613607,6,"{""0"": 0.019320127303099423, ""1"": 0.005518577343021704, ""2"": 0.008803710883073221, ""3"": 0.002218058486513536, ""4"": 0.0007658109861200937, ""5"": 0.00193855134381145}"
control,200,p0.05,nan,1.0,15,0.05,9.950000000000001,9.955,4,18,1991,1991,1.447845543462565,200,0.31672232521915794,0.00633444650438316,1.4419635747179071,17.929515357852015,2.1492548284670905,2.669853197002793,6,"{""0"": 0.019288796086804002, ""1"": 0.005664697140578303, ""2"": 0.008044946755736613, ""3"": 0.0024363702792612823, ""4"": 0.0007303116771778166, ""5"": 0.0018415570867409432}"
control,200,p0.10,nan,1.0,15,0.1,19.900000000000002,19.77,10,35,3954,1991,1.4638403689964645,0,1.0039845946825037,0.020079691893650078,nan,0.0,1.4638403689964645,7.019004912205709,12,"{""0"": 0.019709184261827863, ""1"": 0.019754231927187012, ""2"": 0.022120428866313897, ""3"": 0.019724280147481094, ""4"": 0.01990961360271938, ""5"": 0.01926041255637122}"
control,200,p0.10,nan,1.0,15,0.1,19.900000000000002,19.77,10,35,3954,1991,1.4638403689964645,10,0.5932556798891827,0.011865113597783656,24.400746003064597,13.301798427320685,2.0279446715661384,3.125164436239837,9,"{""0"": 0.008026400072025545, ""1"": 0.0032954331944768252, ""2"": 0.013852554202677853, ""3"": 0.019731020565171165, ""4"": 0.02203330324187997, ""5"": 0.004251970310470579}"
control,200,p0.10,nan,1.0,15,0.1,19.900000000000002,19.77,10,35,3954,1991,1.4638403689964645,20,0.4717393617300046,0.009434787234600093,11.057578101653029,14.169759504246382,2.202121981232383,2.2592936443712057,7,"{""0"": 0.012000172288784923, ""1"": 0.002956360340969854, ""2"": 0.004950449151045843, ""3"": 0.01867387857721835, ""4"": 0.011298862061701472, ""5"": 0.006729000987880119}"
control,200,p0.10,nan,1.0,15,0.1,19.900000000000002,19.77,10,35,3954,1991,1.4638403689964645,30,0.3483831566558591,0.006967663133117183,0.9359282671885787,14.920273808554045,2.1124321184922334,2.5404772489782657,7,"{""0"": 0.006196139869250756, ""1"": 0.0020949231475022164, ""2"": 0.0065974273868334155, ""3"": 0.019371066457488116, ""4"": 0.001893684765355281, ""5"": 0.005652737172273309}"
control,200,p0.10,nan,1.0,15,0.1,19.900000000000002,19.77,10,35,3954,1991,1.4638403689964645,40,0.3188665348965146,0.006377330697930293,1.166358152617688,15.434239460043614,2.0699347602457867,2.9637435839769806,8,"{""0"": 0.0021140797986893005, ""1"": 0.001514587683458198, ""2"": 0.0074797396601951616, ""3"": 0.016919010203626496, ""4"": 0.004209464354188255, ""5"": 0.006027102487424345}"
control,200,p0.10,nan,1.0,15,0.1,19.900000000000002,19.77,10,35,3954,1991,1.4638403689964645,50,0.33121910403370125,0.006624382080674026,2.445296256386975,15.530844382098786,2.148401009508971,2.8291119004374163,7,"{""0"": 0.002185081442897156, ""1"": 0.0025868344846985435, ""2"": 0.004907385458199696, ""3"": 0.01935845505465133, ""4"": 0.0070753657571471455, ""5"": 0.0036331702864502826}"
control,200,p0.10,nan,1.0,15,0.1,19.900000000000002,19.77,10,35,3954,1991,1.4638403689964645,60,0.2987915520856876,0.005975831041713752,3.588180158190074,15.787251151264952,2.1432962158024838,2.910260429857758,7,"{""0"": 0.0019848761984470665, ""1"": 0.0024186809335916934, ""2"": 0.004452858513039487, ""3"": 0.016141965145152683, ""4"": 0.006829587044153146, ""5"": 0.004027018415898436}"
control,200,p0.10,nan,1.0,15,0.1,19.900000000000002,19.77,10,35,3954,1991,1.4638403689964645,70,0.28754802604475027,0.005750960520895006,1.3352602085430987,15.952024616711531,2.1073003367328855,3.0299669879394386,7,"{""0"": 0.0013852033104484007, ""1"": 0.002588546628047998, ""2"": 0.005533172930821886, ""3"": 0.016049484473137022, ""4"": 0.005312791610775776, ""5"": 0.003636564172138955}"
control,200,p0.10,nan,1.0,15,0.1,19.900000000000002,19.77,10,35,3954,1991,1.4638403689964645,80,0.30907290803896,0.006181458160779201,12.468679310994261,16.18750575199158,2.0438517935173133,3.0350876305580234,7,"{""0"": 0.0018774121017155003, ""1"": 0.003056493889307837, ""2"": 0.007240845601111728, ""3"": 0.016315101729164956, ""4"": 0.005350430402698581, ""5"": 0.0032484652406766087}"
control,200,p0.10,nan,1.0,15,0.1,19.900000000000002,19.77,10,35,3954,1991,1.4638403689964645,90,0.2819948088054623,0.005639896176109246,1.692549203705295,16.258913223295313,2.0549841475797614,2.9874656452021635,7,"{""0"": 0.001800983559797634, ""1"": 0.0016374933660297092, ""2"": 0.007490638945241733, ""3"": 0.014068300280420679, ""4"": 0.004478723222013136, ""5"": 0.004363237683152589}"
control,200,p0.10,nan,1.0,15,0.1,19.900000000000002,19.77,10,35,3954,1991,1.4638403689964645,100,0.2736293418785486,0.005472586837570973,2.4315345876012215,16.361411485466302,2.0834974675720526,2.886022183621062,7,"{""0"": 0.0015886361974714537, ""1"": 0.0022670235983200896, ""2"": 0.008688555170267715, ""3"": 0.011244200556534611, ""4"": 0.004742116097168612, ""5"": 0.004304989405663354}"
control,200,p0.10,nan,1.0,15,0.1,19.900000000000002,19.77,10,35,3954,1991,1.4638403689964645,110,0.27228384655586935,0.005445676931117388,0.8635054908525288,16.47704586300122,2.0791441827764916,2.897304433340628,7,"{""0"": 0.0016402883295189505, ""1"": 0.0024387487515831903, ""2"": 0.009527137728279454, ""3"": 0.009589895307900788, ""4"": 0.004853463213071589, ""5"": 0.004624528256350352}"
control,200,p0.10,nan,1.0,15,0.1,19.900000000000002,19.77,10,35,3954,1991,1.4638403689964645,120,0.2671403105084745,0.005342806210169491,4.010635150019219,16.568440233916874,2.114338703324237,2.846665562872567,7,"{""0"": 0.0019008159789573632, ""1"": 0.0024873623337015346, ""2"": 0.008807556907080332, ""3"": 0.00915465166310379, ""4"": 0.004992341310856575, ""5"": 0.004714109067317347}"
control,200,p0.10,nan,1.0,15,0.1,19.900000000000002,19.77,10,35,3954,1991,1.4638403689964645,130,0.2701217402013227,0.005402434804026454,2.32620193628891,16.66849265138564,2.114691770785811,2.9434068996797285,7,"{""0"": 0.0018393776619083698, ""1"": 0.0032065730544929283, ""2"": 0.009297857082890036, ""3"": 0.007821705076770168, ""4"": 0.005706838192417932, ""5"": 0.0045422577556792935}"
control,200,p0.10,nan,1.0,15,0.1,19.900000000000002,19.77,10,35,3954,1991,1.4638403689964645,140,0.2670405097898524,0.005340810195797048,0.8883929656608661,16.77028798641705,2.125589381564427,2.899877862774645,7,"{""0"": 0.0020295122725890306, ""1"": 0.003165609514343136, ""2"": 0.008818708515487031, ""3"": 0.007216659367678631, ""4"": 0.005820130581054971, ""5"": 0.004994240923629491}"
control,200,p0.10,nan,1.0,15,0.1,19.900000000000002,19.77,10,35,3954,1991,1.4638403689964645,150,0.2639984388826972,0.005279968777653944,2.051005530477554,16.848930782905335,2.1095703943655755,2.9046871753098897,7,"{""0"": 0.001763976159740406, ""1"": 0.0031879043767738847, ""2"": 0.009461862129496198, ""3"": 0.0068992758189316186, ""4"": 0.005136561519942015, ""5"": 0.005230232661039544}"
control,200,p0.10,nan,1.0,15,0.1,19.900000000000002,19.77,10,35,3954,1991,1.4638403689964645,160,0.25914853489211426,0.005182970697842286,6.531801828682569,16.93760000628365,2.1083051171520224,2.931805570592687,7,"{""0"": 0.0015759433027874037, ""1"": 0.0030783369538953326, ""2"": 0.00906536334494317, ""3"": 0.006412810171042083, ""4"": 0.005623434954028591, ""5"": 0.005341935460357135}"
control,200,p0.10,nan,1.0,15,0.1,19.900000000000002,19.77,10,35,3954,1991,1.4638403689964645,170,0.2719765774205603,0.005439531548411207,2.0358057608615185,16.98776454097825,2.124397043259665,2.8832251435427683,7,"{""0"": 0.001830543876664229, ""1"": 0.0033613238064643196, ""2"": 0.009205001216554345, ""3"": 0.007166798594897157, ""4"": 0.00582951803177041, ""5"": 0.005244003764116783}"
control,200,p0.10,nan,1.0,15,0.1,19.900000000000002,19.77,10,35,3954,1991,1.4638403689964645,180,0.2782061851084804,0.005564123702169609,1.2387918914030394,17.058652776566564,2.123654970742105,2.890911676046833,7,"{""0"": 0.001940828347254022, ""1"": 0.003261481350494861, ""2"": 0.010048092580115183, ""3"": 0.0070657825679360155, ""4"": 0.005815020186892515, ""5"": 0.0052535371803250535}"
control,200,p0.10,nan,1.0,15,0.1,19.900000000000002,19.77,10,35,3954,1991,1.4638403689964645,190,0.27299659892507466,0.005459931978501495,1.7276201336400028,17.1177951231987,2.122362439926599,2.897936727775042,7,"{""0"": 0.0018212086253286373, ""1"": 0.0031674049625534627, ""2"": 0.00992760159083589, ""3"": 0.006905673607205114, ""4"": 0.005693490980455307, ""5"": 0.005244212104630556}"
control,200,p0.10,nan,1.0,15,0.1,19.900000000000002,19.77,10,35,3954,1991,1.4638403689964645,200,0.27306671058145576,0.005461334211629116,3.5574184884496183,17.202185809886956,2.134302336523667,2.855911824343924,7,"{""0"": 0.0019299393523901666, ""1"": 0.0027553778022430878, ""2"": 0.010152418115181753, ""3"": 0.0069873930114704285, ""4"": 0.005564400754976189, ""5"": 0.005378476233513069}"
control,200,p0.20,nan,1.0,15,0.2,39.800000000000004,39.87,24,61,7974,1991,1.5446776144888938,0,1.0167348074754852,0.020334696149509706,nan,0.0,1.5446776144888938,6.652569089972792,13,"{""0"": 0.021031565000017037, ""1"": 0.018847509717634863, ""2"": 0.019178063628219017, ""3"": 0.02194005945371395, ""4"": 0.02077769992347092, ""5"": 0.02023327917400246}"
control,200,p0.20,nan,1.0,15,0.2,39.800000000000004,39.87,24,61,7974,1991,1.5446776144888938,10,0.7040292180386313,0.014080584360772627,3.3190488209321227,13.605644262786821,1.8023621784266224,2.78464154402703,10,"{""0"": 0.012910637806318908, ""1"": 0.010736573083316435, ""2"": 0.02610787235784191, ""3"": 0.008339650229575564, ""4"": 0.0071552133383383145, ""5"": 0.019233559349244624}"
control,200,p0.20,nan,1.0,15,0.2,39.800000000000004,39.87,24,61,7974,1991,1.5446776144888938,20,0.5867464191805006,0.011734928383610014,4.069258910530287,14.49247170255353,1.8836791927639434,2.231409743432155,8,"{""0"": 0.021610084879608794, ""1"": 0.006444149482931689, ""2"": 0.008249229002429758, ""3"": 0.017426330650347256, ""4"": 0.005537059726857195, ""5"": 0.011142716559485396}"
control,200,p0.20,nan,1.0,15,0.2,39.800000000000004,39.87,24,61,7974,1991,1.5446776144888938,30,0.5608340678895648,0.011216681357791298,4.375175018501781,14.952917996990035,1.8951166360992702,2.4188827619621867,8,"{""0"": 0.012724404866823646, ""1"": 0.008658186064275023, ""2"": 0.014037552062065157, ""3"": 0.01206152582376489, ""4"": 0.00851533225838716, ""5"": 0.011303087071431909}"
control,200,p0.20,nan,1.0,15,0.2,39.800000000000004,39.87,24,61,7974,1991,1.5446776144888938,40,0.5447189376373938,0.010894378752747876,2.350787912184497,15.409273835873957,1.9289516755805478,2.6786840421667315,8,"{""0"": 0.012368459398571313, ""1"": 0.007983762755379303, ""2"": 0.013211958651205535, ""3"": 0.008463744758206401, ""4"": 0.010503719111682958, ""5"": 0.012834627841441742}"
control,200,p0.20,nan,1.0,15,0.2,39.800000000000004,39.87,24,61,7974,1991,1.5446776144888938,50,0.4838148496143874,0.00967629699228775,4.232532447621566,15.636305332742838,1.9502758678167527,2.6897312992242366,7,"{""0"": 0.012207846406449313, ""1"": 0.008210433403779627, ""2"": 0.011623995427095518, ""3"": 0.00732505428005112, ""4"": 0.010989393041096859, ""5"": 0.007701059395254059}"
control,200,p0.20,nan,1.0,15,0.2,39.800000000000004,39.87,24,61,7974,1991,1.5446776144888938,60,0.45960536703111454,0.009192107340622292,2.700418749188302,16.007005194599053,1.9621770886203929,2.661087910206921,7,"{""0"": 0.009420082011170828, ""1"": 0.007031665111898922, ""2"": 0.01347784851063212, ""3"": 0.0066190109631331, ""4"": 0.009878832127498143, ""5"": 0.008725205319400636}"
control,200,p0.20,nan,1.0,15,0.2,39.800000000000004,39.87,24,61,7974,1991,1.5446776144888938,70,0.43806649559945315,0.008761329911989064,0.8568110780239101,16.197321822705028,1.9792208387021513,2.7796603861923703,7,"{""0"": 0.0065117321253826185, ""1"": 0.006948949847461283, ""2"": 0.01771068556850119, ""3"": 0.005514408770749801, ""4"": 0.008979337635157935, ""5"": 0.0069028655246815545}"
control,200,p0.20,nan,1.0,15,0.2,39.800000000000004,39.87,24,61,7974,1991,1.5446776144888938,80,0.437502807926324,0.008750056158526481,0.7373876350951148,16.25053714795061,1.9897108050308734,2.787315384479213,7,"{""0"": 0.006227787626480299, ""1"": 0.007071334132732181, ""2"": 0.02063726779806404, ""3"": 0.004785354430203935, ""4"": 0.008092658935777633, ""5"": 0.005685934027900802}"
control,200,p0.20,nan,1.0,15,0.2,39.800000000000004,39.87,24,61,7974,1991,1.5446776144888938,90,0.426121820646896,0.008522436412937921,1.5417782498274863,16.314788736498613,1.9851986724486181,2.578446022955769,7,"{""0"": 0.007318345052464157, ""1"": 0.004419669231394244, ""2"": 0.02279867133716027, ""3"": 0.003925841361560082, ""4"": 0.00573961761391228, ""5"": 0.006932473881136493}"
control,200,p0.20,nan,1.0,15,0.2,39.800000000000004,39.87,24,61,7974,1991,1.5446776144888938,100,0.4349907676754672,0.008699815353509345,1.568136496008526,16.482756648391696,1.9894493589648896,2.6901467648081625,7,"{""0"": 0.0067257555977478884, ""1"": 0.00429883336257439, ""2"": 0.024740255359966663, ""3"": 0.0036093105927265424, ""4"": 0.006129140932337856, ""5"": 0.006695596275702727}"
control,200,p0.20,nan,1.0,15,0.2,39.800000000000004,39.87,24,61,7974,1991,1.5446776144888938,110,0.4285908505586558,0.008571817011173117,0.8787507163754789,16.621384282063197,1.9942228448386452,2.7073061641497222,7,"{""0"": 0.006059610487511265, ""1"": 0.003930187276838856, ""2"": 0.025965993338316718, ""3"": 0.0027156488001041377, ""4"": 0.005981579529773694, ""5"": 0.00677788263449404}"
control,200,p0.20,nan,1.0,15,0.2,39.800000000000004,39.87,24,61,7974,1991,1.5446776144888938,120,0.4299005061626688,0.008598010123253378,2.5930951419775465,16.75077188543386,2.006281506134327,2.738929260824595,7,"{""0"": 0.007255815252663602, ""1"": 0.003971575057621964, ""2"": 0.024970219869894623, ""3"": 0.0032343167373605672, ""4"": 0.005687923600051002, ""5"": 0.0064682102219285}"
control,200,p0.20,nan,1.0,15,0.2,39.800000000000004,39.87,24,61,7974,1991,1.5446776144888938,130,0.4256982438591922,0.008513964877183845,1.6094019748377164,16.82821453221052,2.002830083503442,2.7249489381778265,7,"{""0"": 0.009279929087015013, ""1"": 0.004099050427254477, ""2"": 0.02163011241554289, ""3"": 0.004623152944219411, ""4"": 0.005268858603683379, ""5"": 0.006182685785387909}"
control,200,p0.20,nan,1.0,15,0.2,39.800000000000004,39.87,24,61,7974,1991,1.5446776144888938,140,0.423190452096139,0.00846380904192278,1.063683042912455,16.94582957075721,2.0067410626268076,2.784107296897635,7,"{""0"": 0.009702431962983597, ""1"": 0.004089385916058774, ""2"": 0.021007834275664314, ""3"": 0.00464143240974605, ""4"": 0.005287993574230455, ""5"": 0.006053776112853499}"
control,200,p0.20,nan,1.0,15,0.2,39.800000000000004,39.87,24,61,7974,1991,1.5446776144888938,150,0.4194339502121999,0.008388679004244,1.656290474249765,17.001221181263446,2.008912243377698,2.8355525815966076,7,"{""0"": 0.008350933646907088, ""1"": 0.0039219234593968685, ""2"": 0.02186479109161017, ""3"": 0.004493885381301292, ""4"": 0.005508571558401494, ""5"": 0.006191968887847085}"
control,200,p0.20,nan,1.0,15,0.2,39.800000000000004,39.87,24,61,7974,1991,1.5446776144888938,160,0.4016379628525114,0.008032759257050229,1.3804940790737714,17.127660322562612,2.021503269822925,2.8579688841697117,8,"{""0"": 0.0088757603404933, ""1"": 0.0037691413149206375, ""2"": 0.019003444895581003, ""3"": 0.004698601313415268, ""4"": 0.005555470818347358, ""5"": 0.006294136859543808}"
control,200,p0.20,nan,1.0,15,0.2,39.800000000000004,39.87,24,61,7974,1991,1.5446776144888938,170,0.41027812989469836,0.008205562597893968,2.876680419829574,17.193460959296402,2.035069572367261,2.898250756197772,8,"{""0"": 0.009259125941947633, ""1"": 0.003880892591724458, ""2"": 0.019661196224217175, ""3"": 0.004678095469678003, ""4"": 0.005629398082356696, ""5"": 0.006124667277439851}"
control,200,p0.20,nan,1.0,15,0.2,39.800000000000004,39.87,24,61,7974,1991,1.5446776144888938,180,0.40422253842645245,0.00808445076852905,0.8482238311817006,17.279892695155223,2.0392353339223495,2.9075080886169964,8,"{""0"": 0.009265483835311825, ""1"": 0.003909994836353044, ""2"": 0.019272549921660338, ""3"": 0.004675018641093931, ""4"": 0.005546198720114858, ""5"": 0.005837458656640294}"
control,200,p0.20,nan,1.0,15,0.2,39.800000000000004,39.87,24,61,7974,1991,1.5446776144888938,190,0.41659372789956106,0.008331874557991222,1.3810823346332683,17.35027532901443,2.0373692267535013,2.9699386462659736,8,"{""0"": 0.009508466082408813, ""1"": 0.003890515220178225, ""2"": 0.020122536370520815, ""3"": 0.004569311288663247, ""4"": 0.0054978170505305774, ""5"": 0.006402601335645658}"
control,200,p0.20,nan,1.0,15,0.2,39.800000000000004,39.87,24,61,7974,1991,1.5446776144888938,200,0.4194206734536115,0.008388413469072232,9.270045264024018,17.434687072924344,2.0350562799720486,2.9729287344695967,8,"{""0"": 0.008870635893306339, ""1"": 0.00387734408067352, ""2"": 0.0205667499790595, ""3"": 0.0047379068642458815, ""4"": 0.00535909019904827, ""5"": 0.0069187537980998776}"
control,200,p0.40,nan,1.0,15,0.4,79.60000000000001,79.315,58,98,15863,1991,1.554175565148871,0,1.0480501776914601,0.020961003553829207,nan,0.0,1.554175565148871,4.732176092263666,14,"{""0"": 0.019609066515443203, ""1"": 0.024415946850574164, ""2"": 0.020229244488577654, ""3"": 0.019327831685816522, ""4"": 0.02020045487717339, ""5"": 0.021983476905390303}"
control,200,p0.40,nan,1.0,15,0.4,79.60000000000001,79.315,58,98,15863,1991,1.554175565148871,10,0.7615615295991499,0.015231230591983,14.87132143013899,13.669958538003005,1.8318630173680266,3.0286275299498056,11,"{""0"": 0.023903460531979087, ""1"": 0.01549371154157055, ""2"": 0.009429554384292571, ""3"": 0.006832658447956763, ""4"": 0.02834261929013185, ""5"": 0.007385379355967181}"
control,200,p0.40,nan,1.0,15,0.4,79.60000000000001,79.315,58,98,15863,1991,1.554175565148871,20,0.641437532452233,0.012828750649044662,10.133179229942277,13.988351534150885,1.8839772585573462,3.5374707182829352,13,"{""0"": 0.030086539580845006, ""1"": 0.016344149470374686, ""2"": 0.004194232525290016, ""3"": 0.010901378638517926, ""4"": 0.009613775062526649, ""5"": 0.005832428616713685}"
control,200,p0.40,nan,1.0,15,0.4,79.60000000000001,79.315,58,98,15863,1991,1.554175565148871,30,0.4356024909750424,0.008712049819500849,1.741430078269365,14.263088540386937,1.9238887085597403,3.7803004174780037,11,"{""0"": 0.01596987128547724, ""1"": 0.0038108591948173226, ""2"": 0.007134753891579776, ""3"": 0.013878004605713276, ""4"": 0.005709940726352206, ""5"": 0.005768869213065277}"
control,200,p0.40,nan,1.0,15,0.4,79.60000000000001,79.315,58,98,15863,1991,1.554175565148871,40,0.4369500369802128,0.008739000739604257,8.944819764493213,14.696443110442967,1.9610460677936352,3.6788307611914015,12,"{""0"": 0.006492571517790481, ""1"": 0.009933815163947889, ""2"": 0.006097402995444007, ""3"": 0.010195860750832524, ""4"": 0.012117145505257318, ""5"": 0.007597208504353317}"
control,200,p0.40,nan,1.0,15,0.4,79.60000000000001,79.315,58,98,15863,1991,1.554175565148871,50,0.4116739481985227,0.008233478963970454,3.8489346685917027,14.916705245580102,1.952459220650484,3.6775831791160427,11,"{""0"": 0.010929705401694297, ""1"": 0.0061527270022618576, ""2"": 0.0043334437484915025, ""3"": 0.011241572850444477, ""4"": 0.012744079442996308, ""5"": 0.003999345337934279}"
control,200,p0.40,nan,1.0,15,0.4,79.60000000000001,79.315,58,98,15863,1991,1.554175565148871,60,0.37355474019576235,0.007471094803915248,10.285916080920684,15.243492329320505,1.973633576315285,3.5694739515878733,11,"{""0"": 0.009748966072356532, ""1"": 0.004175598993253058, ""2"": 0.004591172155065544, ""3"": 0.01175233127362359, ""4"": 0.010841823789706417, ""5"": 0.003716676539486344}"
control,200,p0.40,nan,1.0,15,0.4,79.60000000000001,79.315,58,98,15863,1991,1.554175565148871,70,0.4152949383462444,0.008305898766924889,4.343282032243982,15.332904635659421,1.9830533542563908,3.57774342991281,11,"{""0"": 0.013645901206070812, ""1"": 0.0038916664413961737, ""2"": 0.005211921689876694, ""3"": 0.010865036306854198, ""4"": 0.011770767332052113, ""5"": 0.00445009962529935}"
control,200,p0.40,nan,1.0,15,0.4,79.60000000000001,79.315,58,98,15863,1991,1.554175565148871,80,0.4058956620690811,0.008117913241381624,5.207966435173647,15.619331960722553,1.9945592817110016,3.6749814752287633,11,"{""0"": 0.018307817128641476, ""1"": 0.0041264438883886236, ""2"": 0.004483044933573136, ""3"": 0.007294278449353338, ""4"": 0.010420169955230705, ""5"": 0.004075725093102461}"
control,200,p0.40,nan,1.0,15,0.4,79.60000000000001,79.315,58,98,15863,1991,1.554175565148871,90,0.387223748401767,0.007744474968035341,2.373141981171052,15.790195443466642,2.012934897932406,3.6979419626614103,12,"{""0"": 0.018436135065094096, ""1"": 0.003053784542910427, ""2"": 0.003475488194172818, ""3"": 0.008776069707337278, ""4"": 0.009330035901420251, ""5"": 0.0033953363972771752}"
control,200,p0.40,nan,1.0,15,0.4,79.60000000000001,79.315,58,98,15863,1991,1.554175565148871,100,0.3881447202522644,0.007762894405045289,5.05051053313767,15.993094113310988,2.016405467281391,3.770060815626368,11,"{""0"": 0.020451581838661075, ""1"": 0.002972618616224886, ""2"": 0.0035434637861992044, ""3"": 0.007461407614041246, ""4"": 0.008814739385371558, ""5"": 0.003333555189773766}"
control,200,p0.40,nan,1.0,15,0.4,79.60000000000001,79.315,58,98,15863,1991,1.554175565148871,110,0.3887549358184803,0.007775098716369608,1.234987417547552,16.12532506092472,2.0283709875890854,3.7280614016570106,12,"{""0"": 0.0202696648407264, ""1"": 0.0028266725599819893, ""2"": 0.005094310529722608, ""3"": 0.006999958630522959, ""4"": 0.008075289210880483, ""5"": 0.003384696526383206}"
control,200,p0.40,nan,1.0,15,0.4,79.60000000000001,79.315,58,98,15863,1991,1.554175565148871,120,0.3778489127626315,0.007556978255252631,8.510504068379518,16.206629291711263,2.0234449618824217,3.6546479963864478,11,"{""0"": 0.020459400992093472, ""1"": 0.003070426871902202, ""2"": 0.0035267879177237485, ""3"": 0.007312005546739532, ""4"": 0.008021291050699753, ""5"": 0.0029519571523570864}"
control,200,p0.40,nan,1.0,15,0.4,79.60000000000001,79.315,58,98,15863,1991,1.554175565148871,130,0.3788897406667359,0.0075777948133347196,8.54495952136618,16.33043926223381,2.0296570871909303,3.6437420734445385,11,"{""0"": 0.02056411639165176, ""1"": 0.0031855227782018936, ""2"": 0.003456804239916432, ""3"": 0.007240448906978699, ""4"": 0.008165609913006746, ""5"": 0.002854266650252793}"
control,200,p0.40,nan,1.0,15,0.4,79.60000000000001,79.315,58,98,15863,1991,1.554175565148871,140,0.3698266126253585,0.0073965322525071705,1.6838493652950415,16.410100270773384,2.0383620558303703,3.521292350678329,11,"{""0"": 0.02004839840089621, ""1"": 0.002837215921450212, ""2"": 0.0032294476029937806, ""3"": 0.007615048981881848, ""4"": 0.007890431415793566, ""5"": 0.002758651192027406}"
control,200,p0.40,nan,1.0,15,0.4,79.60000000000001,79.315,58,98,15863,1991,1.554175565148871,150,0.3752956512961248,0.007505913025922497,7.459969261594847,16.485666934199767,2.0443943404995384,3.630273316107126,11,"{""0"": 0.019765151584671802, ""1"": 0.0026884530639666093, ""2"": 0.003916428485101269, ""3"": 0.00708501976936889, ""4"": 0.00819895543879578, ""5"": 0.0033814698136306357}"
control,200,p0.40,nan,1.0,15,0.4,79.60000000000001,79.315,58,98,15863,1991,1.554175565148871,160,0.3651855770572926,0.007303711541145853,4.388896763049265,16.42656844824192,2.036582731768789,3.5520213650385806,11,"{""0"": 0.018249005735636196, ""1"": 0.002703245781966516, ""2"": 0.0031972984148640657, ""3"": 0.007620342962788124, ""4"": 0.008780512657994507, ""5"": 0.003271863693625709}"
control,200,p0.40,nan,1.0,15,0.4,79.60000000000001,79.315,58,98,15863,1991,1.554175565148871,170,0.359418507372943,0.0071883701474588614,3.0924457898628512,16.519470409131586,2.0405843742734797,3.520101871471586,11,"{""0"": 0.017856725542636783, ""1"": 0.0027781495014530316, ""2"": 0.0027530258742686684, ""3"": 0.007833181940253352, ""4"": 0.008839267805327804, ""5"": 0.0030698702208135304}"
control,200,p0.40,nan,1.0,15,0.4,79.60000000000001,79.315,58,98,15863,1991,1.554175565148871,180,0.35607992348310624,0.007121598469662126,2.034830760287995,16.590218834642027,2.045234191278999,3.509678312285196,10,"{""0"": 0.01846132952261351, ""1"": 0.0025760415554223664, ""2"": 0.002664158507500276, ""3"": 0.007706002294547737, ""4"": 0.008356983282882258, ""5"": 0.002965075655006607}"
control,200,p0.40,nan,1.0,15,0.4,79.60000000000001,79.315,58,98,15863,1991,1.554175565148871,190,0.3506598259622936,0.007013196519245873,2.2317451390326917,16.622378865552324,2.049894162408562,3.5430304448919965,10,"{""0"": 0.01783548488846024, ""1"": 0.0027447191186385288, ""2"": 0.002528220505326515, ""3"": 0.007452567211503436, ""4"": 0.008709424411248029, ""5"": 0.0028087629802984846}"
control,200,p0.40,nan,1.0,15,0.4,79.60000000000001,79.315,58,98,15863,1991,1.554175565148871,200,0.3511556696160463,0.007023113392320926,3.7156585481738507,16.66932486496378,2.0460659352532664,3.6188791129122566,11,"{""0"": 0.018297343366656664, ""1"": 0.0026693244485075053, ""2"": 0.0024698790214398754, ""3"": 0.007647057788910144, ""4"": 0.008401049845533758, ""5"": 0.002654025882877609}"
