arm,n_units,condition,frozen_fraction,gain_scale,seed,p_value,expected_in_degree,realized_degree_mean,realized_degree_min,realized_degree_max,synapse_count,plastic_weight_count,initial_spectral_radius,checkpoint_trial,heldout_nmse,heldout_raw_mse,online_feedback_loss,weight_change_fro,spectral_radius,d_pr,d90,per_target_mse_json
primary,100,p0.05,nan,1.0,0,0.05,4.95,4.96,1,13,496,496,1.5440883022913199,0,1.030055375698174,0.020601107513963487,nan,0.0,1.5440883022913199,5.967288373039168,8,"{""0"": 0.018970585657960143, ""1"": 0.019622597532055964, ""2"": 0.021897867169690506, ""3"": 0.021180383992464802, ""4"": 0.020683988538278512, ""5"": 0.021251222193330994}"
primary,100,p0.05,nan,1.0,0,0.05,4.95,4.96,1,13,496,496,1.5440883022913199,10,1.1664819707403329,0.02332963941480666,23.98554663695976,11.636685119874828,2.5072812725808378,2.1628535233162762,4,"{""0"": 0.02148703890883781, ""1"": 0.01372321535936318, ""2"": 0.019615919149739362, ""3"": 0.028629282086763814, ""4"": 0.020796253052178863, ""5"": 0.035726127931956925}"
primary,100,p0.05,nan,1.0,0,0.05,4.95,4.96,1,13,496,496,1.5440883022913199,20,0.9258401256430003,0.01851680251286001,12.935580289583621,11.727787199107716,2.0605578934307083,2.2852364746306093,5,"{""0"": 0.01353345180630583, ""1"": 0.02028607750574081, ""2"": 0.013743195029021988, ""3"": 0.018440248847592013, ""4"": 0.01951357614105428, ""5"": 0.02558426574744513}"
primary,100,p0.05,nan,1.0,0,0.05,4.95,4.96,1,13,496,496,1.5440883022913199,30,0.9620700141175551,0.019241400282351103,31.372590523197037,12.395541012947582,2.1895825141604957,2.359430989495377,5,"{""0"": 0.01713285095513013, ""1"": 0.014422041359538498, ""2"": 0.013952413186533735, ""3"": 0.02043066757783149, ""4"": 0.02468804604705623, ""5"": 0.024822382568016523}"
primary,100,p0.05,nan,1.0,0,0.05,4.95,4.96,1,13,496,496,1.5440883022913199,40,0.9302984595127093,0.018605969190254187,84.81523175277366,12.334638955067426,2.147697266978235,2.3193167924938076,5,"{""0"": 0.01631538208763301, ""1"": 0.015658150864901393, ""2"": 0.01591940374014591, ""3"": 0.018202619235640594, ""4"": 0.02192473844745276, ""5"": 0.023615520765751453}"
primary,100,p0.05,nan,1.0,0,0.05,4.95,4.96,1,13,496,496,1.5440883022913199,50,0.869138207057614,0.017382764141152283,68.59929985380613,12.282618258104069,2.111256935262338,2.8842839255836554,6,"{""0"": 0.014404913693374688, ""1"": 0.017612231554346176, ""2"": 0.013523114983819843, ""3"": 0.01760855388115138, ""4"": 0.018518019373921595, ""5"": 0.022629751360300022}"
primary,100,p0.05,nan,1.0,0,0.05,4.95,4.96,1,13,496,496,1.5440883022913199,60,0.8634310196135687,0.017268620392271377,53.025073366183506,12.365191762454412,2.1496252437437366,2.8420942823144966,6,"{""0"": 0.015030307234355871, ""1"": 0.016416968784375464, ""2"": 0.015202360282180935, ""3"": 0.016886412218443198, ""4"": 0.01719130424509815, ""5"": 0.02288436958917464}"
primary,100,p0.05,nan,1.0,0,0.05,4.95,4.96,1,13,496,496,1.5440883022913199,70,0.8230384416213159,0.01646076883242632,56.126782650034734,12.530581172864732,2.1535604136459594,3.228707008677557,7,"{""0"": 0.014861807274628939, ""1"": 0.014987873769190344, ""2"": 0.014118353079999138, ""3"": 0.018152117500680028, ""4"": 0.01322972913697593, ""5"": 0.02341473223308356}"
primary,100,p0.05,nan,1.0,0,0.05,4.95,4.96,1,13,496,496,1.5440883022913199,80,0.8967924209416389,0.01793584841883278,26.309349017381923,12.890890838916214,2.1869787694506924,3.006527068620494,6,"{""0"": 0.015510483361719776, ""1"": 0.01319032366760296, ""2"": 0.016583697504397598, ""3"": 0.021295488588197155, ""4"": 0.017922002127724213, ""5"": 0.02311309526335497}"
primary,100,p0.05,nan,1.0,0,0.05,4.95,4.96,1,13,496,496,1.5440883022913199,90,0.9036872874111124,0.01807374574822225,22.00586885736744,13.282141571948404,2.229794219733744,3.294694461766435,6,"{""0"": 0.01554906926234638, ""1"": 0.012224595399841576, ""2"": 0.015922237512891825, ""3"": 0.02062451770269368, ""4"": 0.021098453662564035, ""5"": 0.02302360094899601}"
primary,100,p0.05,nan,1.0,0,0.05,4.95,4.96,1,13,496,496,1.5440883022913199,100,0.8612729339766757,0.017225458679533515,51.743350322334706,13.396248404712045,2.149373704720927,3.719600203376859,7,"{""0"": 0.015794646959945157, ""1"": 0.010276319979805682, ""2"": 0.01663643110344864, ""3"": 0.017750600758091088, ""4"": 0.020766558987895183, ""5"": 0.022128194288015334}"
primary,100,p0.05,nan,1.0,0,0.05,4.95,4.96,1,13,496,496,1.5440883022913199,110,0.8547869056922885,0.017095738113845772,53.509773105790224,13.658155154970574,2.148529405295099,3.8267054054565564,7,"{""0"": 0.016304235136001884, ""1"": 0.010323775400496957, ""2"": 0.01648660324936593, ""3"": 0.01724766625515133, ""4"": 0.020203792356455638, ""5"": 0.022008356285602885}"
primary,100,p0.05,nan,1.0,0,0.05,4.95,4.96,1,13,496,496,1.5440883022913199,120,0.8388193705205705,0.016776387410411413,38.10806738290468,13.767282173964393,2.134942374113594,4.013587427218442,7,"{""0"": 0.015686358884676437, ""1"": 0.010394233526863488, ""2"": 0.017248803248310598, ""3"": 0.01649635806442224, ""4"": 0.020065580653158454, ""5"": 0.020766990085037258}"
primary,100,p0.05,nan,1.0,0,0.05,4.95,4.96,1,13,496,496,1.5440883022913199,130,0.7842529742705429,0.01568505948541086,33.15974648901527,13.985781334621713,2.0907722135392413,4.176494701088464,7,"{""0"": 0.014882096368736877, ""1"": 0.010564253430923768, ""2"": 0.01761822380117969, ""3"": 0.01633081339540173, ""4"": 0.014615745806128993, ""5"": 0.0200992241100941}"
primary,100,p0.05,nan,1.0,0,0.05,4.95,4.96,1,13,496,496,1.5440883022913199,140,0.8142813218040057,0.016285626436080114,26.88309766237462,14.088579194669526,2.0986843604610357,4.23439579237602,7,"{""0"": 0.015081993308611027, ""1"": 0.010387480773938274, ""2"": 0.01926546841589537, ""3"": 0.015371810266727967, ""4"": 0.01771147523807869, ""5"": 0.01989553061322936}"
primary,100,p0.05,nan,1.0,0,0.05,4.95,4.96,1,13,496,496,1.5440883022913199,150,0.7764798745050051,0.015529597490100105,60.559129078050184,14.206643629905837,2.0701099759116266,4.286004145087715,7,"{""0"": 0.014625649200888427, ""1"": 0.010111587068590631, ""2"": 0.01934000149377447, ""3"": 0.015377674388866808, ""4"": 0.01401406419358953, ""5"": 0.01970860859489075}"
primary,100,p0.05,nan,1.0,0,0.05,4.95,4.96,1,13,496,496,1.5440883022913199,160,0.786183141040842,0.01572366282081684,26.399525131563014,14.222004678958761,2.05171723914869,4.4067706325280795,7,"{""0"": 0.01457566037837876, ""1"": 0.010020329263197545, ""2"": 0.01925855135591029, ""3"": 0.016010292963015274, ""4"": 0.01417602466669024, ""5"": 0.02030111829770894}"
primary,100,p0.05,nan,1.0,0,0.05,4.95,4.96,1,13,496,496,1.5440883022913199,170,0.7785166966056261,0.015570333932112525,37.09284210964522,14.320309870971785,2.0562339569870587,4.489032179535216,7,"{""0"": 0.014220194919641457, ""1"": 0.009984089943081462, ""2"": 0.0196405726919674, ""3"": 0.015701254608639525, ""4"": 0.013615295200266869, ""5"": 0.020260596229078442}"
primary,100,p0.05,nan,1.0,0,0.05,4.95,4.96,1,13,496,496,1.5440883022913199,180,0.7878302639883911,0.015756605279767823,16.530225550715606,14.468190275856443,2.051323912662172,4.372900340294256,7,"{""0"": 0.014069668689628115, ""1"": 0.00969118715010067, ""2"": 0.019920946313302303, ""3"": 0.01508181804126697, ""4"": 0.013842701862899967, ""5"": 0.021933309621408898}"
primary,100,p0.05,nan,1.0,0,0.05,4.95,4.96,1,13,496,496,1.5440883022913199,190,0.7772439196380955,0.015544878392761911,53.92208087656459,14.593743666241418,2.05097492187381,4.4456052913731225,7,"{""0"": 0.013335754017688651, ""1"": 0.010228427765228847, ""2"": 0.019631531833623116, ""3"": 0.015102223806919368, ""4"": 0.012802231292904647, ""5"": 0.02216910164020684}"
primary,100,p0.05,nan,1.0,0,0.05,4.95,4.96,1,13,496,496,1.5440883022913199,200,0.7839814526734251,0.015679629053468504,106.03293977917927,14.723765654477535,2.0566958498066827,4.492485636201341,7,"{""0"": 0.01344427899102254, ""1"": 0.010705427023944036, ""2"": 0.019531000235365067, ""3"": 0.015158974023045784, ""4"": 0.01354859178504259, ""5"": 0.021689502262391004}"
primary,100,p0.10,nan,1.0,0,0.1,9.9,10.22,4,17,1022,1022,1.798956766410492,0,1.0325556723345188,0.02065111344669038,nan,0.0,1.798956766410492,4.6628317719541466,7,"{""0"": 0.020456803965313124, ""1"": 0.019618370454022722, ""2"": 0.02223594164741024, ""3"": 0.02012177119569908, ""4"": 0.022076745408117562, ""5"": 0.01939704800957956}"
primary,100,p0.10,nan,1.0,0,0.1,9.9,10.22,4,17,1022,1022,1.798956766410492,10,1.6128277370718787,0.03225655474143758,37.503626534271284,14.518856413647935,2.4556211522843823,2.1370692436419976,5,"{""0"": 0.0240188781292656, ""1"": 0.043477517578511, ""2"": 0.02387813111189438, ""3"": 0.039754509360715964, ""4"": 0.013100230681892606, ""5"": 0.049310061586345905}"
primary,100,p0.10,nan,1.0,0,0.1,9.9,10.22,4,17,1022,1022,1.798956766410492,20,1.4338458911764287,0.02867691782352858,9.012507914878743,15.43217352560306,2.381092594122789,2.862421978834883,6,"{""0"": 0.011527600295645887, ""1"": 0.03624167436232843, ""2"": 0.020052862058457348, ""3"": 0.040195596225028676, ""4"": 0.021658440273668124, ""5"": 0.042385333726042966}"
primary,100,p0.10,nan,1.0,0,0.1,9.9,10.22,4,17,1022,1022,1.798956766410492,30,1.2310224689284122,0.024620449378568245,76.76626452529203,15.428098890835667,2.236017765018393,3.7927817619686413,8,"{""0"": 0.011658037267779291, ""1"": 0.022326539298121725, ""2"": 0.01730684083742719, ""3"": 0.03208247928324578, ""4"": 0.02286765820817127, ""5"": 0.04148114137666421}"
primary,100,p0.10,nan,1.0,0,0.1,9.9,10.22,4,17,1022,1022,1.798956766410492,40,1.068118632361505,0.021362372647230107,14.47686690056538,15.448422177974562,2.325576818369957,3.411785041268773,9,"{""0"": 0.01428033041715315, ""1"": 0.024414866143002485, ""2"": 0.016187463062706846, ""3"": 0.0342670916205718, ""4"": 0.023051959494180325, ""5"": 0.015972525145766026}"
primary,100,p0.10,nan,1.0,0,0.1,9.9,10.22,4,17,1022,1022,1.798956766410492,50,1.025271787006684,0.020505435740133682,43.921662117081915,15.425070580083702,2.2640540754378318,3.725144008838301,9,"{""0"": 0.011011157178039823, ""1"": 0.020013298974434175, ""2"": 0.01927494742306856, ""3"": 0.030921852825428604, ""4"": 0.020790825813073843, ""5"": 0.02102053222675709}"
primary,100,p0.10,nan,1.0,0,0.1,9.9,10.22,4,17,1022,1022,1.798956766410492,60,0.9954189154704568,0.019908378309409138,28.600354012428404,15.615033920373703,2.2425648957290605,3.569532430630197,9,"{""0"": 0.013416004406044063, ""1"": 0.01828879304771936, ""2"": 0.021432897817980235, ""3"": 0.02680797816453844, ""4"": 0.020509746382134424, ""5"": 0.01899485003803833}"
primary,100,p0.10,nan,1.0,0,0.1,9.9,10.22,4,17,1022,1022,1.798956766410492,70,1.0035347739160563,0.02007069547832113,40.540729162473795,15.570895342264052,2.2157307942839344,3.815636124516727,9,"{""0"": 0.01414251300805712, ""1"": 0.019077888772826058, ""2"": 0.016053269176783312, ""3"": 0.03210022830555247, ""4"": 0.02253690285893405, ""5"": 0.01651337074777376}"
primary,100,p0.10,nan,1.0,0,0.1,9.9,10.22,4,17,1022,1022,1.798956766410492,80,0.9981188567003192,0.019962377134006386,15.245256186395826,15.627005813166958,2.2307523175896558,3.576020082408082,9,"{""0"": 0.015092651341855872, ""1"": 0.019665641833500027, ""2"": 0.016994619195660757, ""3"": 0.02966805763538579, ""4"": 0.023087036740577292, ""5"": 0.015266256057058558}"
primary,100,p0.10,nan,1.0,0,0.1,9.9,10.22,4,17,1022,1022,1.798956766410492,90,0.9872075300314663,0.01974415060062933,14.266343740784281,15.744073730149136,2.25786851502103,3.4929541040669427,9,"{""0"": 0.01481564754417801, ""1"": 0.017681035104397717, ""2"": 0.018918002098585678, ""3"": 0.029433454807585423, ""4"": 0.022416979684069534, ""5"": 0.015199784364959607}"
primary,100,p0.10,nan,1.0,0,0.1,9.9,10.22,4,17,1022,1022,1.798956766410492,100,0.9458620413392631,0.018917240826785264,24.349001302651764,15.860287086844243,2.2436840193554315,3.4923846742175972,9,"{""0"": 0.016702398456298853, ""1"": 0.01644140949115493, ""2"": 0.018802332070288592, ""3"": 0.028081686393538308, ""4"": 0.018229310454419133, ""5"": 0.015246308095011773}"
primary,100,p0.10,nan,1.0,0,0.1,9.9,10.22,4,17,1022,1022,1.798956766410492,110,0.953663363758393,0.019073267275167862,32.05362800021799,15.926114453290769,2.262846585683426,3.267060749704367,8,"{""0"": 0.01701525198876705, ""1"": 0.01563329190457482, ""2"": 0.019863645416169806, ""3"": 0.027188817435635927, ""4"": 0.019356643802336575, ""5"": 0.015381953103523}"
primary,100,p0.10,nan,1.0,0,0.1,9.9,10.22,4,17,1022,1022,1.798956766410492,120,0.9039851057859858,0.018079702115719718,48.235962693436704,16.087368160754703,2.2505671800719047,3.2004895753921305,8,"{""0"": 0.018002132985596435, ""1"": 0.013139847747081787, ""2"": 0.020220930297810368, ""3"": 0.026235647190153706, ""4"": 0.01575600500095916, ""5"": 0.015123649472716858}"
primary,100,p0.10,nan,1.0,0,0.1,9.9,10.22,4,17,1022,1022,1.798956766410492,130,0.8728834116082821,0.017457668232165643,38.682525549220195,16.296532165860587,2.255186658535979,3.546961525524025,9,"{""0"": 0.01687663933873005, ""1"": 0.012186351432503328, ""2"": 0.01987646854345743, ""3"": 0.02329158528091851, ""4"": 0.014632533915149964, ""5"": 0.01788243088223458}"
primary,100,p0.10,nan,1.0,0,0.1,9.9,10.22,4,17,1022,1022,1.798956766410492,140,0.8503971788707295,0.017007943577414593,22.465625519134154,16.214403212945676,2.2624895403446756,3.584539325305677,9,"{""0"": 0.0171396710137648, ""1"": 0.012019000478041794, ""2"": 0.020314562295384576, ""3"": 0.021940290785543534, ""4"": 0.013501020065963468, ""5"": 0.01713311682578938}"
primary,100,p0.10,nan,1.0,0,0.1,9.9,10.22,4,17,1022,1022,1.798956766410492,150,0.8226485085642224,0.016452970171284453,34.8065041869712,16.40376702273462,2.2613894607167024,3.226533573092476,9,"{""0"": 0.016603896948224735, ""1"": 0.008678317174999242, ""2"": 0.020992384636101258, ""3"": 0.02268183902139905, ""4"": 0.012286518119886453, ""5"": 0.017474865127095986}"
primary,100,p0.10,nan,1.0,0,0.1,9.9,10.22,4,17,1022,1022,1.798956766410492,160,0.8060983549608517,0.01612196709921704,36.39162705550725,16.409551273902636,2.2643944484843805,3.1262332221832883,8,"{""0"": 0.01651112728409187, ""1"": 0.008175965249479488, ""2"": 0.021161603504939164, ""3"": 0.02247901846767391, ""4"": 0.010835941634803198, ""5"": 0.017568146454314596}"
primary,100,p0.10,nan,1.0,0,0.1,9.9,10.22,4,17,1022,1022,1.798956766410492,170,0.8135194743546951,0.016270389487093903,66.74587961354798,16.37115057879496,2.259334098597746,3.13567562729867,8,"{""0"": 0.01643680963456106, ""1"": 0.008181666547609046, ""2"": 0.020795809204661297, ""3"": 0.024366895769328146, ""4"": 0.010959682231246378, ""5"": 0.016881473535157496}"
primary,100,p0.10,nan,1.0,0,0.1,9.9,10.22,4,17,1022,1022,1.798956766410492,180,0.8260904296060788,0.01652180859212158,15.039374857723718,16.45472193077895,2.2936165713225556,3.0140682197867013,8,"{""0"": 0.01566382987362605, ""1"": 0.008352139290771563, ""2"": 0.02135272367652425, ""3"": 0.02455412953602088, ""4"": 0.010621276627227935, ""5"": 0.018586752548558787}"
primary,100,p0.10,nan,1.0,0,0.1,9.9,10.22,4,17,1022,1022,1.798956766410492,190,0.8202027201129831,0.016404054402259664,16.313377293101222,16.526500161124762,2.2850124630071114,2.9250186349658622,8,"{""0"": 0.015698450092656788, ""1"": 0.007466517330494501, ""2"": 0.02162385520471883, ""3"": 0.02605996137991915, ""4"": 0.010735726085916697, ""5"": 0.01683981631985203}"
primary,100,p0.10,nan,1.0,0,0.1,9.9,10.22,4,17,1022,1022,1.798956766410492,200,0.8093434249360698,0.016186868498721398,111.2768444207733,16.48533492764095,2.256416926217874,3.0925976502135106,8,"{""0"": 0.0159656306057078, ""1"": 0.00813188314588945, ""2"": 0.0202577785955717, ""3"": 0.024949514266416672, ""4"": 0.01149433397665206, ""5"": 0.016322070402090712}"
primary,100,p0.20,nan,1.0,0,0.2,19.8,20.26,10,33,2026,2026,1.6009858435496926,0,1.0312848802489933,0.020625697604979867,nan,0.0,1.6009858435496926,4.3529663876825815,7,"{""0"": 0.021044320279608543, ""1"": 0.02053181586996515, ""2"": 0.022827182069892905, ""3"": 0.018588744994852906, ""4"": 0.019815089961017645, ""5"": 0.020947032454542065}"
primary,100,p0.20,nan,1.0,0,0.2,19.8,20.26,10,33,2026,2026,1.6009858435496926,10,1.4872546999169474,0.029745093998338953,11.856639611379936,18.170809209379648,2.7435183140306507,2.2947392277049543,6,"{""0"": 0.02911435369798119, ""1"": 0.03940752394616713, ""2"": 0.022544023722103335, ""3"": 0.045457844183602714, ""4"": 0.017667245273334513, ""5"": 0.02427957316684485}"
primary,100,p0.20,nan,1.0,0,0.2,19.8,20.26,10,33,2026,2026,1.6009858435496926,20,1.2984299777124348,0.0259685995542487,50.326466760055816,20.69149769107462,2.7061501821663287,3.73164830458851,12,"{""0"": 0.019241427397228977, ""1"": 0.042396989195919846, ""2"": 0.025698097753007243, ""3"": 0.010319341628233326, ""4"": 0.030827135323296062, ""5"": 0.027328606027806773}"
primary,100,p0.20,nan,1.0,0,0.2,19.8,20.26,10,33,2026,2026,1.6009858435496926,30,1.1665372954938997,0.023330745909878,33.796358634277354,21.59114772326788,2.6888541746318073,3.7620801575774276,12,"{""0"": 0.021072972751979162, ""1"": 0.013003004630933221, ""2"": 0.03433287336361357, ""3"": 0.017781152544059296, ""4"": 0.02232002711210382, ""5"": 0.03147444505657891}"
primary,100,p0.20,nan,1.0,0,0.2,19.8,20.26,10,33,2026,2026,1.6009858435496926,40,1.103206039179133,0.02206412078358266,29.3038470360011,22.024048849099007,2.671388113320352,5.389557542250558,14,"{""0"": 0.01923153677509152, ""1"": 0.028036871019666166, ""2"": 0.02490678066795963, ""3"": 0.017219994564226467, ""4"": 0.019430754039940008, ""5"": 0.023558787634612166}"
primary,100,p0.20,nan,1.0,0,0.2,19.8,20.26,10,33,2026,2026,1.6009858435496926,50,1.1932411603942181,0.023864823207884366,55.39558573736943,22.104745114206832,2.657435087124765,5.844214144831455,14,"{""0"": 0.019883130893911145, ""1"": 0.029393658756469255, ""2"": 0.02625438041090909, ""3"": 0.016088195067740153, ""4"": 0.02296036952066478, ""5"": 0.028609204597611772}"
primary,100,p0.20,nan,1.0,0,0.2,19.8,20.26,10,33,2026,2026,1.6009858435496926,60,1.135440061642516,0.022708801232850323,65.26925642493492,22.026206250706263,2.623393637431981,5.518878292457684,15,"{""0"": 0.020958712693289794, ""1"": 0.02191136300053272, ""2"": 0.02907139798986812, ""3"": 0.022919063294294807, ""4"": 0.0142575146950898, ""5"": 0.02713475572402669}"
primary,100,p0.20,nan,1.0,0,0.2,19.8,20.26,10,33,2026,2026,1.6009858435496926,70,1.0855876983162898,0.0217117539663258,52.9947653530971,21.96497815626038,2.6513268260195173,6.392291499775248,14,"{""0"": 0.01745187379342599, ""1"": 0.01929883992595576, ""2"": 0.03262501061396166, ""3"": 0.013264135995311645, ""4"": 0.022511635516254482, ""5"": 0.02511902795304525}"
primary,100,p0.20,nan,1.0,0,0.2,19.8,20.26,10,33,2026,2026,1.6009858435496926,80,0.9925611998478907,0.019851223996957816,71.56827488660136,21.947773844689994,2.6405736741803807,5.188141841669135,14,"{""0"": 0.0184831687034386, ""1"": 0.01569852739259804, ""2"": 0.028724019806876368, ""3"": 0.014194255514058517, ""4"": 0.01763820844647524, ""5"": 0.024369164118300136}"
primary,100,p0.20,nan,1.0,0,0.2,19.8,20.26,10,33,2026,2026,1.6009858435496926,90,0.9911344482674687,0.019822688965349375,32.565102365567824,21.934875192876735,2.6056827657591812,5.374215607008706,14,"{""0"": 0.020592604013514183, ""1"": 0.0169643775932924, ""2"": 0.027076265128484135, ""3"": 0.013914108145205214, ""4"": 0.018285934708023446, ""5"": 0.022102844203576888}"
primary,100,p0.20,nan,1.0,0,0.2,19.8,20.26,10,33,2026,2026,1.6009858435496926,100,0.9886718565863855,0.019773437131727713,75.64710045515578,22.033722968892132,2.5785343490591988,5.586560664664926,14,"{""0"": 0.019208158691354754, ""1"": 0.0159248953643319, ""2"": 0.026181274879644324, ""3"": 0.015315906232834482, ""4"": 0.020101389402230642, ""5"": 0.021908998219970166}"
primary,100,p0.20,nan,1.0,0,0.2,19.8,20.26,10,33,2026,2026,1.6009858435496926,110,1.0083296455423603,0.020166592910847207,62.72875805577788,22.019133140632746,2.579086851651917,5.037005635325673,14,"{""0"": 0.02006907665975064, ""1"": 0.016237705551745862, ""2"": 0.026494459587003062, ""3"": 0.016906910497710148, ""4"": 0.01837473749346788, ""5"": 0.022916667675405667}"
primary,100,p0.20,nan,1.0,0,0.2,19.8,20.26,10,33,2026,2026,1.6009858435496926,120,0.9763042229893072,0.019526084459786146,37.97085610942936,22.02924056546539,2.6033010780629993,5.0320037836251235,14,"{""0"": 0.02123805763575768, ""1"": 0.012766337246970405, ""2"": 0.02738514959635302, ""3"": 0.014731671651364112, ""4"": 0.017947745479086022, ""5"": 0.02308754514918564}"
primary,100,p0.20,nan,1.0,0,0.2,19.8,20.26,10,33,2026,2026,1.6009858435496926,130,1.0253760943925052,0.020507521887850107,70.24489684640048,22.03705223476605,2.608982903579384,5.28079548007486,14,"{""0"": 0.020641252492352585, ""1"": 0.016672175703227973, ""2"": 0.0316581852949795, ""3"": 0.013967217352093489, ""4"": 0.0183802798843388, ""5"": 0.0217260206001083}"
primary,100,p0.20,nan,1.0,0,0.2,19.8,20.26,10,33,2026,2026,1.6009858435496926,140,0.9989589265369432,0.019979178530738866,42.01740050356906,22.080051702294668,2.605432963483689,5.725838025699442,14,"{""0"": 0.021620017734416613, ""1"": 0.018234165344036497, ""2"": 0.03145934074602578, ""3"": 0.013167473372920502, ""4"": 0.018122347942841725, ""5"": 0.01727172604419207}"
primary,100,p0.20,nan,1.0,0,0.2,19.8,20.26,10,33,2026,2026,1.6009858435496926,150,0.9696443881073643,0.01939288776214729,35.471076415898715,22.070507844280396,2.602539387060009,6.597599191701969,15,"{""0"": 0.019259196325399085, ""1"": 0.01642450213478128, ""2"": 0.031838825958993275, ""3"": 0.013080998512289128, ""4"": 0.019100457087938, ""5"": 0.016653346553482974}"
primary,100,p0.20,nan,1.0,0,0.2,19.8,20.26,10,33,2026,2026,1.6009858435496926,160,0.9379120820918694,0.01875824164183739,50.47570170656294,22.089343586692152,2.6102205186651664,6.79320958109104,15,"{""0"": 0.01926156311049958, ""1"": 0.01473657320833984, ""2"": 0.03153826482993007, ""3"": 0.011783609920291038, ""4"": 0.020928624711752074, ""5"": 0.014300814070211734}"
primary,100,p0.20,nan,1.0,0,0.2,19.8,20.26,10,33,2026,2026,1.6009858435496926,170,0.953878283563312,0.01907756567126624,40.49763171966108,22.06014944208787,2.636146482179175,7.718705754147701,15,"{""0"": 0.02012230737525499, ""1"": 0.016680759376584926, ""2"": 0.030320142861435685, ""3"": 0.011207325050294176, ""4"": 0.019212808333813735, ""5"": 0.016922051030213936}"
primary,100,p0.20,nan,1.0,0,0.2,19.8,20.26,10,33,2026,2026,1.6009858435496926,180,0.9792747843960024,0.01958549568792005,22.04190540235293,22.10861398568075,2.652213236113349,7.425916719573626,15,"{""0"": 0.022150964732880793, ""1"": 0.017789513677002215, ""2"": 0.0311224557709766, ""3"": 0.009727742651060158, ""4"": 0.018806518953159074, ""5"": 0.01791577834244147}"
primary,100,p0.20,nan,1.0,0,0.2,19.8,20.26,10,33,2026,2026,1.6009858435496926,190,0.918159483898596,0.018363189677971924,43.22807587381596,22.089689890090327,2.6221384379858943,7.427318232428812,14,"{""0"": 0.020212737447527936, ""1"": 0.01637064734500946, ""2"": 0.02948412951466421, ""3"": 0.00977040143556046, ""4"": 0.01867201071053029, ""5"": 0.01566921161453918}"
primary,100,p0.20,nan,1.0,0,0.2,19.8,20.26,10,33,2026,2026,1.6009858435496926,200,0.9046709259667072,0.018093418519334145,80.61796241755938,22.13136395962331,2.6407608574540733,7.370043840379743,14,"{""0"": 0.02053753122455311, ""1"": 0.015662850298725682, ""2"": 0.028865597166851564, ""3"": 0.009822592464849518, ""4"": 0.01778803583458915, ""5"": 0.015883904126435856}"
primary,100,p0.40,nan,1.0,0,0.4,39.6,39.5,26,52,3950,3950,1.5089383914280536,0,0.9797423932077713,0.01959484786415543,nan,0.0,1.5089383914280536,3.092153506073242,6,"{""0"": 0.019561218560799856, ""1"": 0.020878701133152378, ""2"": 0.016817594791431266, ""3"": 0.0218102946163234, ""4"": 0.01815728969365605, ""5"": 0.020343988389569627}"
primary,100,p0.40,nan,1.0,0,0.4,39.6,39.5,26,52,3950,3950,1.5089383914280536,10,1.7296125491785241,0.03459225098357049,93.07399542002688,19.243662214444278,2.717287977568567,2.8179790133892397,4,"{""0"": 0.023533314116403064, ""1"": 0.03960770817787245, ""2"": 0.02361437104059557, ""3"": 0.03755432830174599, ""4"": 0.03653777921730475, ""5"": 0.04670600504750109}"
primary,100,p0.40,nan,1.0,0,0.4,39.6,39.5,26,52,3950,3950,1.5089383914280536,20,1.4483580791481119,0.028967161582962243,37.37327635961314,24.30179316032387,3.176118725463464,3.3591762646931804,8,"{""0"": 0.03891798083507221, ""1"": 0.03566233182888527, ""2"": 0.025856711757886442, ""3"": 0.01008081749678777, ""4"": 0.03571302593295287, ""5"": 0.027572101646188906}"
primary,100,p0.40,nan,1.0,0,0.4,39.6,39.5,26,52,3950,3950,1.5089383914280536,30,1.1284796931735126,0.022569593863470253,81.34668919298335,27.319307408085088,2.958791720774451,4.351504184928325,13,"{""0"": 0.024169955138670242, ""1"": 0.023990913784765824, ""2"": 0.02496294171925814, ""3"": 0.015521148692881384, ""4"": 0.024975133982453556, ""5"": 0.021797469862792376}"
primary,100,p0.40,nan,1.0,0,0.4,39.6,39.5,26,52,3950,3950,1.5089383914280536,40,1.071472873216751,0.021429457464335024,13.698857628012094,27.407896528916115,2.8900840521243043,3.7550700592961452,11,"{""0"": 0.029472456697155897, ""1"": 0.02238128834561675, ""2"": 0.01918822521408671, ""3"": 0.021395462825599204, ""4"": 0.019748151329809754, ""5"": 0.01639116037374185}"
primary,100,p0.40,nan,1.0,0,0.4,39.6,39.5,26,52,3950,3950,1.5089383914280536,50,0.990761530798211,0.019815230615964224,92.59722472966897,28.626491621876387,2.9378723935646827,3.723232631863914,11,"{""0"": 0.02257194502649741, ""1"": 0.0192052179888099, ""2"": 0.017417736865699793, ""3"": 0.03116706679977923, ""4"": 0.01623552244640507, ""5"": 0.012293894568593929}"
primary,100,p0.40,nan,1.0,0,0.4,39.6,39.5,26,52,3950,3950,1.5089383914280536,60,0.9114245775065927,0.018228491550131856,28.808806359773996,28.987681147908063,2.928710080522127,4.487609101168377,13,"{""0"": 0.02473888790935524, ""1"": 0.015272357112958226, ""2"": 0.014799899006781225, ""3"": 0.012595466923180223, ""4"": 0.02009213883810994, ""5"": 0.02187219951040629}"
primary,100,p0.40,nan,1.0,0,0.4,39.6,39.5,26,52,3950,3950,1.5089383914280536,70,0.7792015823344036,0.015584031646688075,40.96632753305508,29.16444759904244,2.9512746443193283,4.301873785261518,13,"{""0"": 0.018537967210327404, ""1"": 0.015120962795248221, ""2"": 0.014804456413091254, ""3"": 0.02308926907442628, ""4"": 0.013662635783797098, ""5"": 0.008288898603238197}"
primary,100,p0.40,nan,1.0,0,0.4,39.6,39.5,26,52,3950,3950,1.5089383914280536,80,0.8349371882902153,0.01669874376580431,114.79331777313804,29.759266133175824,3.1024390086316256,3.8037115639435237,13,"{""0"": 0.02279800903823028, ""1"": 0.012269895568716105, ""2"": 0.01639192643091059, ""3"": 0.022503345764888875, ""4"": 0.016474755668836973, ""5"": 0.009754530123243042}"
primary,100,p0.40,nan,1.0,0,0.4,39.6,39.5,26,52,3950,3950,1.5089383914280536,90,0.8250035733115002,0.016500071466230004,13.453327312166147,29.964098044194024,3.136954869114461,3.3743028994846074,12,"{""0"": 0.024488663729243194, ""1"": 0.010496096108502054, ""2"": 0.01672931513497341, ""3"": 0.02262065913506134, ""4"": 0.016414436088513912, ""5"": 0.008251258601086123}"
primary,100,p0.40,nan,1.0,0,0.4,39.6,39.5,26,52,3950,3950,1.5089383914280536,100,0.8518234173761697,0.017036468347523398,11.11045625655054,30.290058035490873,3.181560211337833,3.4645698392132545,12,"{""0"": 0.02567896268068421, ""1"": 0.014879343608018184, ""2"": 0.015002723656209471, ""3"": 0.013838867388734435, ""4"": 0.016897849420144852, ""5"": 0.015921063331349232}"
primary,100,p0.40,nan,1.0,0,0.4,39.6,39.5,26,52,3950,3950,1.5089383914280536,110,0.884852158560524,0.017697043171210482,57.67239941246568,30.177704612935173,3.126607131149833,4.0129508476436,13,"{""0"": 0.024326328086178507, ""1"": 0.012580058385728071, ""2"": 0.014511377385021385, ""3"": 0.015781672551177746, ""4"": 0.01664201487177404, ""5"": 0.022340807747383156}"
primary,100,p0.40,nan,1.0,0,0.4,39.6,39.5,26,52,3950,3950,1.5089383914280536,120,0.8627631580196277,0.017255263160392553,22.15095397464164,30.267123491691635,3.1436614908519953,3.4194445979667063,12,"{""0"": 0.02631252053500252, ""1"": 0.011993579374246962, ""2"": 0.014302661518655757, ""3"": 0.014129219091365849, ""4"": 0.010686690017866098, ""5"": 0.02610690842521814}"
primary,100,p0.40,nan,1.0,0,0.4,39.6,39.5,26,52,3950,3950,1.5089383914280536,130,0.8408723970548599,0.016817447941097203,23.97019866300817,30.236581617066463,3.15557488667838,3.3091103583815955,12,"{""0"": 0.019837659964889016, ""1"": 0.006910583570129655, ""2"": 0.015615196371218748, ""3"": 0.018073204046496035, ""4"": 0.009542242326215204, ""5"": 0.030925801367634547}"
primary,100,p0.40,nan,1.0,0,0.4,39.6,39.5,26,52,3950,3950,1.5089383914280536,140,0.8064796414752741,0.016129592829505483,42.08423688132797,30.340845326428084,3.12957607447773,3.7735973033301335,12,"{""0"": 0.02004625928270593, ""1"": 0.008729931464273082, ""2"": 0.015107465847005567, ""3"": 0.013337610211846315, ""4"": 0.012114085000228819, ""5"": 0.027442205170973188}"
primary,100,p0.40,nan,1.0,0,0.4,39.6,39.5,26,52,3950,3950,1.5089383914280536,150,0.8045702097304832,0.016091404194609665,12.993271315683588,30.360865175370073,3.1236475167974573,3.400949215757474,11,"{""0"": 0.019933278263852928, ""1"": 0.007772092391671009, ""2"": 0.01704006736419606, ""3"": 0.014930809316281254, ""4"": 0.011583521429174433, ""5"": 0.025288656402482318}"
primary,100,p0.40,nan,1.0,0,0.4,39.6,39.5,26,52,3950,3950,1.5089383914280536,160,0.8204462193090086,0.016408924386180176,68.84603733292141,30.386957794572847,3.159405703352737,3.603992014104803,12,"{""0"": 0.022759655611064147, ""1"": 0.0075990178721053805, ""2"": 0.021367448722019927, ""3"": 0.012466133070714522, ""4"": 0.011298929848993522, ""5"": 0.02296236119218354}"
primary,100,p0.40,nan,1.0,0,0.4,39.6,39.5,26,52,3950,3950,1.5089383914280536,170,0.8463196975110354,0.01692639395022071,40.22454377558058,30.372867595508573,3.176215277771464,3.3768486166794864,12,"{""0"": 0.021364478407114824, ""1"": 0.00812233037793387, ""2"": 0.02401202095980908, ""3"": 0.014344871492309919, ""4"": 0.01064367911752879, ""5"": 0.02307098334662778}"
primary,100,p0.40,nan,1.0,0,0.4,39.6,39.5,26,52,3950,3950,1.5089383914280536,180,0.8365425352536602,0.016730850705073207,98.16271078381568,30.283709739330444,3.1895783298449767,3.207753418547634,11,"{""0"": 0.021083092642809144, ""1"": 0.008110022578091623, ""2"": 0.024716033520584376, ""3"": 0.01543460436344155, ""4"": 0.007184169557553877, ""5"": 0.023857181567958664}"
primary,100,p0.40,nan,1.0,0,0.4,39.6,39.5,26,52,3950,3950,1.5089383914280536,190,0.8454132220151913,0.01690826444030383,26.53868445667287,30.360974560794162,3.1896218929862363,3.111144936486676,11,"{""0"": 0.023572000502677253, ""1"": 0.007254971752974633, ""2"": 0.02587715778673394, ""3"": 0.014571593054952089, ""4"": 0.00704866411798995, ""5"": 0.0231251994264951}"
primary,100,p0.40,nan,1.0,0,0.4,39.6,39.5,26,52,3950,3950,1.5089383914280536,200,0.8307842118894367,0.016615684237788735,15.375867968488787,30.427999756915774,3.1670703423465603,3.307120635834375,12,"{""0"": 0.023087106101689153, ""1"": 0.007642837835860737, ""2"": 0.024622043942836687, ""3"": 0.013903526013039447, ""4"": 0.006656044430392004, ""5"": 0.02378254710291438}"
primary,100,p0.05,nan,1.0,1,0.05,4.95,5.01,2,11,501,501,1.5147267379231713,0,0.9870816068477046,0.019741632136954096,nan,0.0,1.5147267379231713,4.181885953400667,7,"{""0"": 0.019308350061848133, ""1"": 0.020395872674136693, ""2"": 0.01972494690134366, ""3"": 0.021331808225923468, ""4"": 0.018436463744675162, ""5"": 0.01925235121379746}"
primary,100,p0.05,nan,1.0,1,0.05,4.95,5.01,2,11,501,501,1.5147267379231713,10,1.4621925689865858,0.02924385137973172,19.917328281060303,11.822876006873845,2.2934863051725416,1.6194527795038036,4,"{""0"": 0.046102401470390686, ""1"": 0.025537624691874195, ""2"": 0.01610129106459865, ""3"": 0.03945873805237014, ""4"": 0.022234982331010393, ""5"": 0.026028070668146254}"
primary,100,p0.05,nan,1.0,1,0.05,4.95,5.01,2,11,501,501,1.5147267379231713,20,0.9967894430854057,0.019935788861708117,19.51719592231856,14.488778569629456,2.280262224884935,2.388901754840793,4,"{""0"": 0.019175050033931766, ""1"": 0.01581617001667213, ""2"": 0.017757323607989667, ""3"": 0.03799636675152791, ""4"": 0.009356038480765817, ""5"": 0.01951378427936142}"
primary,100,p0.05,nan,1.0,1,0.05,4.95,5.01,2,11,501,501,1.5147267379231713,30,0.8792052058551986,0.017584104117103972,15.625433968977845,14.645707003839446,2.203356577376803,2.6249664412854012,5,"{""0"": 0.018071727725102238, ""1"": 0.015915417512876978, ""2"": 0.013394978918740008, ""3"": 0.030505208481516933, ""4"": 0.009151488380887357, ""5"": 0.018465803683500315}"
primary,100,p0.05,nan,1.0,1,0.05,4.95,5.01,2,11,501,501,1.5147267379231713,40,0.8802017686470608,0.01760403537294122,33.792032347765364,14.886267669819457,2.3985591339049024,2.6738728176088893,6,"{""0"": 0.01609912787726666, ""1"": 0.017566630634846304, ""2"": 0.013880069888502664, ""3"": 0.025921362015154215, ""4"": 0.012088021010752162, ""5"": 0.02006900081112531}"
primary,100,p0.05,nan,1.0,1,0.05,4.95,5.01,2,11,501,501,1.5147267379231713,50,0.8791857063766234,0.01758371412753247,66.65015589457101,15.27537325388749,2.376370677719727,2.7980636483701917,6,"{""0"": 0.01329445523650923, ""1"": 0.018280083758585194, ""2"": 0.01348657202577394, ""3"": 0.02380273265691554, ""4"": 0.01448292874552061, ""5"": 0.0221555123418903}"
primary,100,p0.05,nan,1.0,1,0.05,4.95,5.01,2,11,501,501,1.5147267379231713,60,0.770198672532295,0.015403973450645902,17.341826500298033,15.476433231871413,2.3165887592488272,2.6671236429484133,5,"{""0"": 0.014615771185534615, ""1"": 0.019613508098683542, ""2"": 0.011762651787526054, ""3"": 0.021775170782634908, ""4"": 0.009147020393522306, ""5"": 0.015509718455973992}"
primary,100,p0.05,nan,1.0,1,0.05,4.95,5.01,2,11,501,501,1.5147267379231713,70,0.7470758327554816,0.014941516655109633,50.17198814164551,15.886637227658857,2.3102274754907723,2.407907283397811,6,"{""0"": 0.015364113244764083, ""1"": 0.016777090119960834, ""2"": 0.013570676501367238, ""3"": 0.020459411986078598, ""4"": 0.0068911080269472265, ""5"": 0.016586700051539817}"
primary,100,p0.05,nan,1.0,1,0.05,4.95,5.01,2,11,501,501,1.5147267379231713,80,0.7392449708553349,0.0147848994171067,37.153698398952685,15.990362299144305,2.2900541782599517,2.2366078648724894,6,"{""0"": 0.015044852113243579, ""1"": 0.01398133986351382, ""2"": 0.014193170100711949, ""3"": 0.022506389123571717, ""4"": 0.005727989679685282, ""5"": 0.017255655621913862}"
primary,100,p0.05,nan,1.0,1,0.05,4.95,5.01,2,11,501,501,1.5147267379231713,90,0.7578910922290133,0.015157821844580269,13.94649113795775,15.979951924942936,2.2848525752378714,2.370970128848739,6,"{""0"": 0.01617114184819297, ""1"": 0.015004473682905256, ""2"": 0.014823230924034373, ""3"": 0.02212170201416953, ""4"": 0.0065944003234974305, ""5"": 0.016231982274682054}"
primary,100,p0.05,nan,1.0,1,0.05,4.95,5.01,2,11,501,501,1.5147267379231713,100,0.7855606496396103,0.015711212992792205,23.788554714357232,16.211828092523255,2.301345019705237,2.331991499768004,6,"{""0"": 0.015422526106287854, ""1"": 0.01826671396467053, ""2"": 0.014348826486700907, ""3"": 0.023268748031928077, ""4"": 0.00658249934626032, ""5"": 0.016377964020905533}"
primary,100,p0.05,nan,1.0,1,0.05,4.95,5.01,2,11,501,501,1.5147267379231713,110,0.7628149785361789,0.015256299570723579,16.79894193161342,16.387865617385867,2.3178306528548407,2.3441383721512823,6,"{""0"": 0.014368861078427119, ""1"": 0.019315803396677843, ""2"": 0.012594472380331978, ""3"": 0.02270936503041395, ""4"": 0.006128168040355845, ""5"": 0.01642112749813473}"
primary,100,p0.05,nan,1.0,1,0.05,4.95,5.01,2,11,501,501,1.5147267379231713,120,0.7683397276690628,0.015366794553381259,12.050498872152689,16.521443241807493,2.336320063815493,2.486518701046382,6,"{""0"": 0.015119506748311345, ""1"": 0.019469397832395915, ""2"": 0.012772036688558492, ""3"": 0.023249230687254503, ""4"": 0.006604055493392086, ""5"": 0.014986539870375215}"
primary,100,p0.05,nan,1.0,1,0.05,4.95,5.01,2,11,501,501,1.5147267379231713,130,0.7421383303669441,0.014842766607338884,51.70062416768401,16.710095326739786,2.3529596123041694,2.4290399156335,6,"{""0"": 0.014896335883025299, ""1"": 0.019389248351204418, ""2"": 0.012965736994549787, ""3"": 0.02044936668952459, ""4"": 0.006559772629409752, ""5"": 0.014796139096319456}"
primary,100,p0.05,nan,1.0,1,0.05,4.95,5.01,2,11,501,501,1.5147267379231713,140,0.7131070562459219,0.01426214112491844,100.97605316489974,16.892455777399174,2.3673433365451206,2.491039915646587,6,"{""0"": 0.013968682008385625, ""1"": 0.019534314464724627, ""2"": 0.013051460557524264, ""3"": 0.0177860315408312, ""4"": 0.006807692917228434, ""5"": 0.014424665260816469}"
primary,100,p0.05,nan,1.0,1,0.05,4.95,5.01,2,11,501,501,1.5147267379231713,150,0.7087363178191805,0.01417472635638361,13.484980817899789,17.06551014881631,2.3772785171812867,2.7114182522389547,6,"{""0"": 0.013215416885772577, ""1"": 0.01985794029024012, ""2"": 0.011933376888370048, ""3"": 0.018842067499895594, ""4"": 0.006943979223749225, ""5"": 0.014255577350274098}"
primary,100,p0.05,nan,1.0,1,0.05,4.95,5.01,2,11,501,501,1.5147267379231713,160,0.7310411309981887,0.014620822619963777,19.335302609346996,17.215053507004626,2.3744614581605674,2.759506385975578,6,"{""0"": 0.012605043516232945, ""1"": 0.01999614533584195, ""2"": 0.012170479030082622, ""3"": 0.021477046028547653, ""4"": 0.006892874170052477, ""5"": 0.014583347639025013}"
primary,100,p0.05,nan,1.0,1,0.05,4.95,5.01,2,11,501,501,1.5147267379231713,170,0.6873835805102992,0.013747671610205988,35.72952226396527,17.28839328286359,2.4137853741879427,2.696196243139368,6,"{""0"": 0.013145643003268311, ""1"": 0.019922409655778184, ""2"": 0.012384562573176335, ""3"": 0.0170578030801842, ""4"": 0.006830351346518141, ""5"": 0.01314526000231076}"
primary,100,p0.05,nan,1.0,1,0.05,4.95,5.01,2,11,501,501,1.5147267379231713,180,0.6817364553395211,0.013634729106790424,70.7389667728995,17.404654819745293,2.4268421075566184,2.8426791446552135,6,"{""0"": 0.012630623355180021, ""1"": 0.020748332748979942, ""2"": 0.011718303298420376, ""3"": 0.017200184729661498, ""4"": 0.006896734974412055, ""5"": 0.012614195534088652}"
primary,100,p0.05,nan,1.0,1,0.05,4.95,5.01,2,11,501,501,1.5147267379231713,190,0.6757446476524946,0.013514892953049895,18.060803824113627,17.558687728623603,2.3982007147814297,2.7066200806964877,6,"{""0"": 0.013392054367467866, ""1"": 0.020251628540202467, ""2"": 0.01186105271910346, ""3"": 0.01735875130926167, ""4"": 0.006679900821410008, ""5"": 0.011545969960853896}"
primary,100,p0.05,nan,1.0,1,0.05,4.95,5.01,2,11,501,501,1.5147267379231713,200,0.7073892031529558,0.014147784063059119,61.44917194082127,17.598337019410472,2.385964265040037,2.4147779404656933,6,"{""0"": 0.013863486077773615, ""1"": 0.019755330869277696, ""2"": 0.014208972530955748, ""3"": 0.018125182976256916, ""4"": 0.0064144688572683115, ""5"": 0.012519263066822422}"
primary,100,p0.10,nan,1.0,1,0.1,9.9,10.03,3,18,1003,1003,1.4969126100991172,0,0.952767453422455,0.0190553490684491,nan,0.0,1.4969126100991172,4.402866895565454,8,"{""0"": 0.01962764871144673, ""1"": 0.019868618256741907, ""2"": 0.01829345277358285, ""3"": 0.01852187177335456, ""4"": 0.01842787499794688, ""5"": 0.019592627897621666}"
primary,100,p0.10,nan,1.0,1,0.1,9.9,10.03,3,18,1003,1003,1.4969126100991172,10,0.9895795408388691,0.019791590816777383,48.717545312555636,14.944340632614752,2.2634276743502864,2.3887335901527575,5,"{""0"": 0.028425575438411323, ""1"": 0.021174742641732653, ""2"": 0.02193105700122798, ""3"": 0.02630190525723447, ""4"": 0.013915906826021136, ""5"": 0.007000357736036735}"
primary,100,p0.10,nan,1.0,1,0.1,9.9,10.03,3,18,1003,1003,1.4969126100991172,20,0.8102341300318906,0.016204682600637815,55.851322268904575,15.863302351607148,2.4466446500925967,2.7109041121110344,7,"{""0"": 0.02624028823031872, ""1"": 0.010833704561931617, ""2"": 0.016614422881167868, ""3"": 0.023312767450842292, ""4"": 0.00844249328628598, ""5"": 0.011784419193280405}"
primary,100,p0.10,nan,1.0,1,0.1,9.9,10.03,3,18,1003,1003,1.4969126100991172,30,0.8022272478666455,0.01604454495733291,22.173307883158948,16.209255451624255,2.3681838646489597,2.845396300658046,9,"{""0"": 0.02281973126248175, ""1"": 0.009627907984877873, ""2"": 0.009187227188761896, ""3"": 0.0257330754986742, ""4"": 0.01983590076904418, ""5"": 0.009063427040157567}"
primary,100,p0.10,nan,1.0,1,0.1,9.9,10.03,3,18,1003,1003,1.4969126100991172,40,0.8104696203655575,0.01620939240731115,31.84519846218608,16.02349572623268,2.3972192418331626,4.033517874455067,10,"{""0"": 0.023667527732506057, ""1"": 0.016573097885475802, ""2"": 0.008932871802649334, ""3"": 0.024385375997906706, ""4"": 0.016023372434576685, ""5"": 0.007674108590752325}"
primary,100,p0.10,nan,1.0,1,0.1,9.9,10.03,3,18,1003,1003,1.4969126100991172,50,0.7403104661098682,0.014806209322197367,56.87129014044842,16.092437288454402,2.396072720935983,3.098901652487421,9,"{""0"": 0.021915435673165073, ""1"": 0.010055538106751742, ""2"": 0.009060456051915137, ""3"": 0.023276447593345538, ""4"": 0.015564506443989292, ""5"": 0.008964872064017415}"
primary,100,p0.10,nan,1.0,1,0.1,9.9,10.03,3,18,1003,1003,1.4969126100991172,60,0.6655465312664495,0.013310930625328992,53.693394778913415,16.173634761577176,2.3960294344921294,2.9165935690068134,8,"{""0"": 0.020634130462816307, ""1"": 0.009536521089811753, ""2"": 0.007344545272777346, ""3"": 0.02225734252610639, ""4"": 0.013750999057059473, ""5"": 0.0063420453434026875}"
primary,100,p0.10,nan,1.0,1,0.1,9.9,10.03,3,18,1003,1003,1.4969126100991172,70,0.5818875904088215,0.011637751808176434,56.24024908616878,16.350911207869036,2.3754146792467594,3.183422741474764,9,"{""0"": 0.01586720107541594, ""1"": 0.007328240555109039, ""2"": 0.007056836868889053, ""3"": 0.017650287746959988, ""4"": 0.016304895373405445, ""5"": 0.005619049229279129}"
primary,100,p0.10,nan,1.0,1,0.1,9.9,10.03,3,18,1003,1003,1.4969126100991172,80,0.5617527887211191,0.011235055774422383,14.877759548436964,16.379763673747643,2.386151332974366,3.0627639545603245,8,"{""0"": 0.015021888491903185, ""1"": 0.007306935449231456, ""2"": 0.006849590739989471, ""3"": 0.01681369112532441, ""4"": 0.015840537000064873, ""5"": 0.005577691840020905}"
primary,100,p0.10,nan,1.0,1,0.1,9.9,10.03,3,18,1003,1003,1.4969126100991172,90,0.5439644671333215,0.010879289342666432,44.3687999878035,16.336500917327296,2.353169283165554,3.5582359901170415,9,"{""0"": 0.01533602795239741, ""1"": 0.0088127208198449, ""2"": 0.006347686605790917, ""3"": 0.01636908903564287, ""4"": 0.013570712384446671, ""5"": 0.004839499257875825}"
primary,100,p0.10,nan,1.0,1,0.1,9.9,10.03,3,18,1003,1003,1.4969126100991172,100,0.5196898834198451,0.010393797668396904,13.966401588285835,16.580655398626753,2.3687917111766197,3.275831167778439,8,"{""0"": 0.011810182553741787, ""1"": 0.00859688546011166, ""2"": 0.006110609212660913, ""3"": 0.01847789216767098, ""4"": 0.0126094185605642, ""5"": 0.00475779805563188}"
primary,100,p0.10,nan,1.0,1,0.1,9.9,10.03,3,18,1003,1003,1.4969126100991172,110,0.49805213002848325,0.009961042600569667,16.905067994778367,16.82906341343313,2.3612620438416085,3.4651161609972907,8,"{""0"": 0.009746909052160312, ""1"": 0.007434404856534416, ""2"": 0.00658999523720766, ""3"": 0.01686250854143403, ""4"": 0.011802621212952922, ""5"": 0.007329816703128657}"
primary,100,p0.10,nan,1.0,1,0.1,9.9,10.03,3,18,1003,1003,1.4969126100991172,120,0.4791790875904165,0.009583581751808332,20.090986564768727,16.85373139865066,2.339434812648167,3.7623045501243664,9,"{""0"": 0.0096357200866137, ""1"": 0.008486426777033105, ""2"": 0.0069869511236133105, ""3"": 0.01485419646165179, ""4"": 0.012108160716284372, ""5"": 0.005430035345653708}"
primary,100,p0.10,nan,1.0,1,0.1,9.9,10.03,3,18,1003,1003,1.4969126100991172,130,0.47716816596429584,0.009543363319285918,18.678249832077274,17.0234958208505,2.3149798447803245,3.6977753313099457,8,"{""0"": 0.008314968950477685, ""1"": 0.007689466481744736, ""2"": 0.007152593559953871, ""3"": 0.015680769870546462, ""4"": 0.013000347956377011, ""5"": 0.005422033096615738}"
primary,100,p0.10,nan,1.0,1,0.1,9.9,10.03,3,18,1003,1003,1.4969126100991172,140,0.4832892869671936,0.009665785739343872,19.65402838234516,17.173182843830354,2.3045470987446297,3.934535711495722,9,"{""0"": 0.007760920860912753, ""1"": 0.008171906718987687, ""2"": 0.007446976652359353, ""3"": 0.01189888516041206, ""4"": 0.01700153860690676, ""5"": 0.005714486436484622}"
primary,100,p0.10,nan,1.0,1,0.1,9.9,10.03,3,18,1003,1003,1.4969126100991172,150,0.50365996060734,0.0100731992121468,45.700495732582404,17.12013474562865,2.299688287998439,3.7902588655107023,8,"{""0"": 0.00800481547319625, ""1"": 0.009093381460662209, ""2"": 0.007345715258977842, ""3"": 0.013102556682305038, ""4"": 0.018424932558605854, ""5"": 0.004467793839133601}"
primary,100,p0.10,nan,1.0,1,0.1,9.9,10.03,3,18,1003,1003,1.4969126100991172,160,0.5003871254548853,0.010007742509097707,14.853022666381388,17.16717425333717,2.306180571305122,3.6865653880676272,8,"{""0"": 0.008111362370701525, ""1"": 0.008992675060090305, ""2"": 0.007124092609650729, ""3"": 0.013185962760858122, ""4"": 0.01807490534402962, ""5"": 0.004557456909255936}"
primary,100,p0.10,nan,1.0,1,0.1,9.9,10.03,3,18,1003,1003,1.4969126100991172,170,0.5112299973873552,0.010224599947747106,28.270139454892277,17.16178510453082,2.2991486713653764,3.3370068766563037,8,"{""0"": 0.009103444152610975, ""1"": 0.0075037811411269514, ""2"": 0.006881052298115498, ""3"": 0.014657185836116842, ""4"": 0.01842440707341036, ""5"": 0.004777729185102011}"
primary,100,p0.10,nan,1.0,1,0.1,9.9,10.03,3,18,1003,1003,1.4969126100991172,180,0.5076044128122194,0.010152088256244389,17.805557431887014,17.199804478041795,2.298299614831722,3.248009165815085,8,"{""0"": 0.008821275832658813, ""1"": 0.0074824992034702624, ""2"": 0.006821299487113547, ""3"": 0.014762970604047392, ""4"": 0.01866146514480273, ""5"": 0.004363019265373571}"
primary,100,p0.10,nan,1.0,1,0.1,9.9,10.03,3,18,1003,1003,1.4969126100991172,190,0.5173429798158617,0.010346859596317237,68.24872856627162,17.236490590917644,2.303678447779414,3.391064947964867,8,"{""0"": 0.010011385369905581, ""1"": 0.008614778067450946, ""2"": 0.006620891249993347, ""3"": 0.01366026745555016, ""4"": 0.018933184008271434, ""5"": 0.004240651426731956}"
primary,100,p0.10,nan,1.0,1,0.1,9.9,10.03,3,18,1003,1003,1.4969126100991172,200,0.531605307893405,0.010632106157868101,22.31911924070032,17.27708654493368,2.303723479971498,3.1867593398182708,7,"{""0"": 0.010320404619800275, ""1"": 0.0077545058482841964, ""2"": 0.006612704537906272, ""3"": 0.015491121766143045, ""4"": 0.01930277573541695, ""5"": 0.004311124439657868}"
primary,100,p0.20,nan,1.0,1,0.2,19.8,19.87,10,32,1987,1987,1.5800567378133168,0,1.0230826801274309,0.02046165360254862,nan,0.0,1.5800567378133168,4.434366160215856,7,"{""0"": 0.018866610149487116, ""1"": 0.02336292731990303, ""2"": 0.021459114068966258, ""3"": 0.018931118294681547, ""4"": 0.018600295615890165, ""5"": 0.02154985616636359}"
primary,100,p0.20,nan,1.0,1,0.2,19.8,19.87,10,32,1987,1987,1.5800567378133168,10,0.8884144685578127,0.017768289371156255,3.293178049643666,11.806514261321345,2.303545361694266,2.390921669336191,3,"{""0"": 0.010151134889172419, ""1"": 0.04707253452273923, ""2"": 0.030318197774704275, ""3"": 0.0061639174380681925, ""4"": 0.009752782979754918, ""5"": 0.0031511686224984887}"
primary,100,p0.20,nan,1.0,1,0.2,19.8,19.87,10,32,1987,1987,1.5800567378133168,20,0.8636450296611824,0.017272900593223648,7.504102575520863,13.654586947861352,2.448154530880239,2.169165508059574,3,"{""0"": 0.014202362016473413, ""1"": 0.027212589264454645, ""2"": 0.03390653962710423, ""3"": 0.009263793002563716, ""4"": 0.007583170828129417, ""5"": 0.011468948820616474}"
primary,100,p0.20,nan,1.0,1,0.2,19.8,19.87,10,32,1987,1987,1.5800567378133168,30,0.7161367540312906,0.014322735080625815,22.290504614970864,15.147166561530266,2.4317486020016896,2.3481635908689036,4,"{""0"": 0.018484863609659945, ""1"": 0.015948809465498412, ""2"": 0.025174057263961637, ""3"": 0.007933986887354957, ""4"": 0.012582605813747108, ""5"": 0.005812087443532829}"
primary,100,p0.20,nan,1.0,1,0.2,19.8,19.87,10,32,1987,1987,1.5800567378133168,40,0.41889076017399846,0.008377815203479971,22.499580946764993,15.810340984441707,2.3992282615279783,2.801499143779771,4,"{""0"": 0.006674874130559975, ""1"": 0.01032088128881014, ""2"": 0.015062826951158148, ""3"": 0.0033599467789464355, ""4"": 0.006158717377072227, ""5"": 0.00868964469433289}"
primary,100,p0.20,nan,1.0,1,0.2,19.8,19.87,10,32,1987,1987,1.5800567378133168,50,0.5149832351420366,0.010299664702840734,14.235763130164045,16.52123294835579,2.486511978160551,2.580511692979429,4,"{""0"": 0.006149585247452208, ""1"": 0.006392843430629477, ""2"": 0.02004807870802262, ""3"": 0.005101461870860988, ""4"": 0.012211479229222305, ""5"": 0.011894539730856803}"
primary,100,p0.20,nan,1.0,1,0.2,19.8,19.87,10,32,1987,1987,1.5800567378133168,60,0.3954958882797959,0.007909917765595919,3.0445203638754257,16.510571204839792,2.513243048232631,2.6528926449531594,4,"{""0"": 0.007334751448439374, ""1"": 0.006150296918662997, ""2"": 0.015883407775808735, ""3"": 0.004866948896696525, ""4"": 0.0037643112555479806, ""5"": 0.0094597902984199}"
primary,100,p0.20,nan,1.0,1,0.2,19.8,19.87,10,32,1987,1987,1.5800567378133168,70,0.4523524737182431,0.009047049474364863,52.054810445270455,17.023753385055368,2.4458671159028187,2.810150171834495,4,"{""0"": 0.007801764734792079, ""1"": 0.007809382597880428, ""2"": 0.015098650601957569, ""3"": 0.006970724641575522, ""4"": 0.006437288019465521, ""5"": 0.01016448625051806}"
primary,100,p0.20,nan,1.0,1,0.2,19.8,19.87,10,32,1987,1987,1.5800567378133168,80,0.5471045880042501,0.010942091760085005,14.516334205839847,17.335769510465926,2.450714334849078,2.8393800245540843,4,"{""0"": 0.00857967837350011, ""1"": 0.0070905655379801605, ""2"": 0.012346216016272338, ""3"": 0.006887862841876644, ""4"": 0.02078798365817284, ""5"": 0.009960244132707937}"
primary,100,p0.20,nan,1.0,1,0.2,19.8,19.87,10,32,1987,1987,1.5800567378133168,90,0.5383193095092733,0.010766386190185467,4.539016523643345,17.3201848929168,2.5019727345863267,2.6324900288586055,4,"{""0"": 0.007936210104908668, ""1"": 0.009661342450186851, ""2"": 0.014292860754659705, ""3"": 0.006982792255757762, ""4"": 0.017889626053879663, ""5"": 0.007835485521720151}"
primary,100,p0.20,nan,1.0,1,0.2,19.8,19.87,10,32,1987,1987,1.5800567378133168,100,0.5874109524093998,0.011748219048187996,8.221728200470361,17.41129698306394,2.5028465608469523,2.605727268567851,4,"{""0"": 0.006155914914486937, ""1"": 0.01575296498548636, ""2"": 0.013422209829782672, ""3"": 0.008758172329939699, ""4"": 0.016224455563090677, ""5"": 0.01017559666634163}"
primary,100,p0.20,nan,1.0,1,0.2,19.8,19.87,10,32,1987,1987,1.5800567378133168,110,0.5968728689847271,0.011937457379694543,3.4472461992545154,17.558454154294544,2.5126984011494304,2.5908168223878643,4,"{""0"": 0.005724161780011768, ""1"": 0.016508138127957213, ""2"": 0.009705337239704714, ""3"": 0.00862346408669029, ""4"": 0.020809668530277787, ""5"": 0.010253974513525485}"
primary,100,p0.20,nan,1.0,1,0.2,19.8,19.87,10,32,1987,1987,1.5800567378133168,120,0.536964400785128,0.010739288015702562,2.8510820039374125,17.760947398807104,2.5219021470862213,2.5253067099076416,4,"{""0"": 0.006634742352268139, ""1"": 0.015968810126204488, ""2"": 0.010429002800920663, ""3"": 0.004751315140916634, ""4"": 0.019955622791604642, ""5"": 0.006696234882300802}"
primary,100,p0.20,nan,1.0,1,0.2,19.8,19.87,10,32,1987,1987,1.5800567378133168,130,0.5252952358743843,0.010505904717487687,10.862934974983183,17.933591220663146,2.526803936641094,2.5605951668913356,4,"{""0"": 0.007046966312620533, ""1"": 0.013966172711208369, ""2"": 0.009809087091592204, ""3"": 0.005484861541402079, ""4"": 0.020409461765814114, ""5"": 0.006318878882288827}"
primary,100,p0.20,nan,1.0,1,0.2,19.8,19.87,10,32,1987,1987,1.5800567378133168,140,0.5383051016723206,0.010766102033446414,38.585319435518514,18.025818677631793,2.5664833850233872,2.471734838272862,4,"{""0"": 0.00851263228594958, ""1"": 0.016205566340104578, ""2"": 0.009032804822671148, ""3"": 0.005048370772837209, ""4"": 0.019833046560735184, ""5"": 0.005964191418380785}"
primary,100,p0.20,nan,1.0,1,0.2,19.8,19.87,10,32,1987,1987,1.5800567378133168,150,0.507991213720299,0.01015982427440598,2.0904885375757685,18.134937015463088,2.586036148513589,2.4701609658347863,4,"{""0"": 0.008122171565468957, ""1"": 0.016194198159965773, ""2"": 0.0077429063356394935, ""3"": 0.0057997867723926155, ""4"": 0.018693578335511687, ""5"": 0.0044063044774573555}"
primary,100,p0.20,nan,1.0,1,0.2,19.8,19.87,10,32,1987,1987,1.5800567378133168,160,0.4809623051889063,0.009619246103778128,6.078286988600503,18.199335001488826,2.5773643271109203,2.44734917357342,4,"{""0"": 0.008308584109940242, ""1"": 0.016797523632123522, ""2"": 0.007248972287611058, ""3"": 0.005961225683853702, ""4"": 0.014850353470980399, ""5"": 0.004548817438159851}"
primary,100,p0.20,nan,1.0,1,0.2,19.8,19.87,10,32,1987,1987,1.5800567378133168,170,0.4664613638641146,0.009329227277282293,61.55977047001164,18.314960061846104,2.5313636296075597,2.4474944073664244,4,"{""0"": 0.006875811751537815, ""1"": 0.017735849972004385, ""2"": 0.006564826885381821, ""3"": 0.005180288592297846, ""4"": 0.015255219862047153, ""5"": 0.0043633666004247295}"
primary,100,p0.20,nan,1.0,1,0.2,19.8,19.87,10,32,1987,1987,1.5800567378133168,180,0.46613051356631974,0.009322610271326396,4.168625761886087,18.4643839463835,2.528259891682235,2.508964511931791,4,"{""0"": 0.0068263505164269074, ""1"": 0.01692056091907865, ""2"": 0.005322265799039673, ""3"": 0.007113360575256478, ""4"": 0.013860179161836086, ""5"": 0.005892944656320585}"
primary,100,p0.20,nan,1.0,1,0.2,19.8,19.87,10,32,1987,1987,1.5800567378133168,190,0.43029143025378697,0.00860582860507574,9.917081527894917,18.5890360592269,2.4552173227811247,2.656941499817668,4,"{""0"": 0.006219115475470928, ""1"": 0.015368085789551789, ""2"": 0.00455851825095443, ""3"": 0.005704680489721463, ""4"": 0.013537370606133959, ""5"": 0.006247201018621874}"
primary,100,p0.20,nan,1.0,1,0.2,19.8,19.87,10,32,1987,1987,1.5800567378133168,200,0.45862828148089707,0.009172565629617943,52.250083247101756,18.78326220868935,2.4511376952196535,2.7771638602929127,5,"{""0"": 0.007778624592623467, ""1"": 0.017566433271975775, ""2"": 0.005155312727212858, ""3"": 0.005100750903747059, ""4"": 0.011821250451978843, ""5"": 0.0076130218301696615}"
primary,100,p0.40,nan,1.0,1,0.4,39.6,39.1,26,48,3910,3910,1.55861269875631,0,1.0148552588554909,0.02029710517710982,nan,0.0,1.55861269875631,4.660211104575191,7,"{""0"": 0.019945337936642292, ""1"": 0.020234556643456275, ""2"": 0.021768233548725313, ""3"": 0.019842258257039995, ""4"": 0.020352609667156508, ""5"": 0.01963963500963852}"
primary,100,p0.40,nan,1.0,1,0.4,39.6,39.1,26,48,3910,3910,1.55861269875631,10,1.2319316047210713,0.02463863209442143,18.941739687399505,13.755907038672847,2.268696442992926,2.1683941912831513,3,"{""0"": 0.013552674549196106, ""1"": 0.053798482385556276, ""2"": 0.036997199768782935, ""3"": 0.0013931533076783694, ""4"": 0.022490642325169945, ""5"": 0.01959964023014493}"
primary,100,p0.40,nan,1.0,1,0.4,39.6,39.1,26,48,3910,3910,1.55861269875631,20,1.194368664789156,0.023887373295783124,77.06667142306355,19.30315101096616,2.467828016192417,3.300419034691754,7,"{""0"": 0.017283485322726316, ""1"": 0.019078970814775525, ""2"": 0.022181487217102034, ""3"": 0.02736340154612022, ""4"": 0.035296927340567434, ""5"": 0.022119967533407225}"
primary,100,p0.40,nan,1.0,1,0.4,39.6,39.1,26,48,3910,3910,1.55861269875631,30,0.6338480910621205,0.012676961821242411,4.909732017044414,21.6920848719686,2.515916472299218,2.8564017902017995,5,"{""0"": 0.00521322298362212, ""1"": 0.003331936411502113, ""2"": 0.022120009941539558, ""3"": 0.01729351901773392, ""4"": 0.008768335949171339, ""5"": 0.01933474662388541}"
primary,100,p0.40,nan,1.0,1,0.4,39.6,39.1,26,48,3910,3910,1.55861269875631,40,0.7189874860757609,0.01437974972151522,17.473573051377784,22.249761970630875,2.5438242050957607,2.588712587471209,4,"{""0"": 0.002466889891444694, ""1"": 0.004368174205489621, ""2"": 0.028703382703033985, ""3"": 0.019362082571817867, ""4"": 0.012803106487947377, ""5"": 0.018574862469357765}"
primary,100,p0.40,nan,1.0,1,0.4,39.6,39.1,26,48,3910,3910,1.55861269875631,50,0.6897154562038532,0.013794309124077066,43.221206246124694,22.734854886084914,2.606175782005871,2.4984530941595136,4,"{""0"": 0.00972710844217938, ""1"": 0.0038867677827606876, ""2"": 0.026935394424652703, ""3"": 0.01598496960426841, ""4"": 0.006284843843697966, ""5"": 0.019946770646903235}"
primary,100,p0.40,nan,1.0,1,0.4,39.6,39.1,26,48,3910,3910,1.55861269875631,60,0.631794912127551,0.012635898242551022,6.896388105835,23.274813220115647,2.6244740698528806,2.5643943694961537,4,"{""0"": 0.002357831849556912, ""1"": 0.004455641970563519, ""2"": 0.019886823755295994, ""3"": 0.022305956795163607, ""4"": 0.007137598445603374, ""5"": 0.01967153663912274}"
primary,100,p0.40,nan,1.0,1,0.4,39.6,39.1,26,48,3910,3910,1.55861269875631,70,0.4904019346418607,0.009808038692837216,35.60441218178933,23.57348192895371,2.743102484231884,2.84752210191638,5,"{""0"": 0.0009862925716985066, ""1"": 0.006610691616584311, ""2"": 0.011781435567256887, ""3"": 0.007644040966334692, ""4"": 0.01134019933443867, ""5"": 0.020485572100710232}"
primary,100,p0.40,nan,1.0,1,0.4,39.6,39.1,26,48,3910,3910,1.55861269875631,80,0.4660469710557368,0.009320939421114737,24.83436384866581,23.958351134614542,2.8408345224367344,2.6718324306341805,5,"{""0"": 0.002943116006761794, ""1"": 0.0035786218026308174, ""2"": 0.01154306518202301, ""3"": 0.007842931399548695, ""4"": 0.010470605940658339, ""5"": 0.019547296195065768}"
primary,100,p0.40,nan,1.0,1,0.4,39.6,39.1,26,48,3910,3910,1.55861269875631,90,0.5010940597021546,0.010021881194043092,42.94878362841249,24.79166463668741,2.6907841782198934,3.100476948845135,6,"{""0"": 0.003652388159107789, ""1"": 0.008932145536180746, ""2"": 0.00918240442683857, ""3"": 0.009041444294284207, ""4"": 0.010766680994490376, ""5"": 0.01855622375335687}"
primary,100,p0.40,nan,1.0,1,0.4,39.6,39.1,26,48,3910,3910,1.55861269875631,100,0.46535350576893475,0.009307070115378697,35.51496905864058,24.778894189794816,2.717858850564237,2.8706974644892,5,"{""0"": 0.0027104053937250148, ""1"": 0.007953755064735103, ""2"": 0.010182898942764088, ""3"": 0.009642767217470002, ""4"": 0.008276612010619674, ""5"": 0.017075982062958298}"
primary,100,p0.40,nan,1.0,1,0.4,39.6,39.1,26,48,3910,3910,1.55861269875631,110,0.5091568055957277,0.010183136111914556,6.098972783451424,24.779368040089214,2.690705885215671,2.7675944099974767,5,"{""0"": 0.00187350371880556, ""1"": 0.006132884137947379, ""2"": 0.010016957638696675, ""3"": 0.015167978917377445, ""4"": 0.010874422216623002, ""5"": 0.017033070042037267}"
primary,100,p0.40,nan,1.0,1,0.4,39.6,39.1,26,48,3910,3910,1.55861269875631,120,0.441088238095514,0.00882176476191028,4.560776878984908,24.928680791870324,2.7037886990842623,2.7478307631543317,5,"{""0"": 0.002895677257599818, ""1"": 0.0053649982713427375, ""2"": 0.009107867085603651, ""3"": 0.011045344249946978, ""4"": 0.008399028935408098, ""5"": 0.016117672771560405}"
primary,100,p0.40,nan,1.0,1,0.4,39.6,39.1,26,48,3910,3910,1.55861269875631,130,0.4379220078065997,0.008758440156131994,8.344932854971235,24.928857009479003,2.6711751386988203,2.6911731304472606,4,"{""0"": 0.0026697843000255115, ""1"": 0.004606825805778278, ""2"": 0.00978841228553907, ""3"": 0.010088423141075277, ""4"": 0.008924726465025429, ""5"": 0.016472468939348412}"
primary,100,p0.40,nan,1.0,1,0.4,39.6,39.1,26,48,3910,3910,1.55861269875631,140,0.4212257938901627,0.008424515877803256,5.49656030416273,25.037995724530738,2.6598300226349996,2.7414526885097423,4,"{""0"": 0.0018756297068099048, ""1"": 0.00347394611132626, ""2"": 0.008852056722827479, ""3"": 0.009473145947649381, ""4"": 0.010364732051145228, ""5"": 0.016507584727061285}"
primary,100,p0.40,nan,1.0,1,0.4,39.6,39.1,26,48,3910,3910,1.55861269875631,150,0.4183410329161507,0.008366820658323015,4.6303330724524105,25.111941807925994,2.631520036167249,2.6602275346075075,4,"{""0"": 0.001700827317874044, ""1"": 0.0030192407682684066, ""2"": 0.007937360306494171, ""3"": 0.011996071228551229, ""4"": 0.009508971025691001, ""5"": 0.016038453303059242}"
primary,100,p0.40,nan,1.0,1,0.4,39.6,39.1,26,48,3910,3910,1.55861269875631,160,0.3767757740104294,0.0075355154802085895,3.647603364775232,25.077906117142835,2.6062734115384427,2.6318196019298585,4,"{""0"": 0.001531023736154606, ""1"": 0.002182499913821096, ""2"": 0.004668596952300132, ""3"": 0.01108892716823053, ""4"": 0.009580899434222795, ""5"": 0.016161145676522375}"
primary,100,p0.40,nan,1.0,1,0.4,39.6,39.1,26,48,3910,3910,1.55861269875631,170,0.3651799019874573,0.007303598039749147,8.06219958188847,25.13186716789561,2.6003210330059616,2.620316511621681,3,"{""0"": 0.0015645156498480888, ""1"": 0.0021143987996542013, ""2"": 0.0046785778495232145, ""3"": 0.009081445163768036, ""4"": 0.01020596457703207, ""5"": 0.016176686198669278}"
primary,100,p0.40,nan,1.0,1,0.4,39.6,39.1,26,48,3910,3910,1.55861269875631,180,0.3377689733209825,0.00675537946641965,4.551534055223902,25.207778446692863,2.614912761864056,2.5860761506714325,3,"{""0"": 0.0013169044727450799, ""1"": 0.0019964161010191045, ""2"": 0.004628049326828557, ""3"": 0.007562352115889352, ""4"": 0.009975503431318493, ""5"": 0.015053051350717314}"
primary,100,p0.40,nan,1.0,1,0.4,39.6,39.1,26,48,3910,3910,1.55861269875631,190,0.35130512749280723,0.007026102549856145,4.066360602416445,25.47445369458676,2.592006278501204,2.586993675114592,3,"{""0"": 0.0014054478150129835, ""1"": 0.002006852519292681, ""2"": 0.004467436289511776, ""3"": 0.007771008582064694, ""4"": 0.010875734075077146, ""5"": 0.01563013601817759}"
primary,100,p0.40,nan,1.0,1,0.4,39.6,39.1,26,48,3910,3910,1.55861269875631,200,0.33150141242327624,0.0066300282484655255,7.475641268538806,25.702510317768674,2.596636975842126,2.5529647506495468,3,"{""0"": 0.001373733768751996, ""1"": 0.001970718879149451, ""2"": 0.004162985045406653, ""3"": 0.0076464393141362705, ""4"": 0.010691797985360565, ""5"": 0.013934494497988217}"
primary,100,p0.05,nan,1.0,2,0.05,4.95,4.77,1,11,477,477,1.4361359544772005,0,1.0307380671886153,0.020614761343772308,nan,0.0,1.4361359544772005,4.186133588428953,8,"{""0"": 0.019959913131074012, ""1"": 0.020976404137904466, ""2"": 0.020306733067226943, ""3"": 0.020555445446358837, ""4"": 0.021237209701870652, ""5"": 0.020652862578198934}"
primary,100,p0.05,nan,1.0,2,0.05,4.95,4.77,1,11,477,477,1.4361359544772005,10,1.084352507783202,0.02168705015566404,15.350738124034537,15.195527842967602,2.382631511052979,1.5390569358101667,4,"{""0"": 0.02632416361736603, ""1"": 0.022162059663337043, ""2"": 0.035681276394608955, ""3"": 0.024636908228068917, ""4"": 0.013468679551073465, ""5"": 0.007849213479529823}"
primary,100,p0.05,nan,1.0,2,0.05,4.95,4.77,1,11,477,477,1.4361359544772005,20,0.7654759733026204,0.01530951946605241,57.53732481926521,15.106366542265766,2.318992811343113,1.6519883684623766,4,"{""0"": 0.01784700684795724, ""1"": 0.011097910777324202, ""2"": 0.027642497219060834, ""3"": 0.018359649469856815, ""4"": 0.004075195906478443, ""5"": 0.012834856575636946}"
primary,100,p0.05,nan,1.0,2,0.05,4.95,4.77,1,11,477,477,1.4361359544772005,30,0.7811230213644161,0.015622460427288324,116.02551357461984,15.327517060262158,2.268680209883568,1.748687448206604,5,"{""0"": 0.017279016391302186, ""1"": 0.011242957742149234, ""2"": 0.02948686417618094, ""3"": 0.01754194231239966, ""4"": 0.004679520225955829, ""5"": 0.013504461715742109}"
primary,100,p0.05,nan,1.0,2,0.05,4.95,4.77,1,11,477,477,1.4361359544772005,40,0.7120783195467285,0.014241566390934572,10.111892343195455,15.745974616345856,2.271481284545082,1.7747574961238548,5,"{""0"": 0.013799128069884486, ""1"": 0.010185671205418047, ""2"": 0.026088242761964475, ""3"": 0.014580992115426955, ""4"": 0.003939231708487277, ""5"": 0.016856132484426172}"
primary,100,p0.05,nan,1.0,2,0.05,4.95,4.77,1,11,477,477,1.4361359544772005,50,0.6243925164063139,0.01248785032812628,33.142486546685255,16.023243391518836,2.2460074921543947,1.7825996485643594,4,"{""0"": 0.015991078794079416, ""1"": 0.005039309485012133, ""2"": 0.01939090308787687, ""3"": 0.014422646490677695, ""4"": 0.003506558356330525, ""5"": 0.016576605754781037}"
primary,100,p0.05,nan,1.0,2,0.05,4.95,4.77,1,11,477,477,1.4361359544772005,60,0.6261667544771825,0.012523335089543652,25.758083965252744,16.204591363487754,2.2163242705283537,1.668612808947736,4,"{""0"": 0.018294394185187506, ""1"": 0.004790889242548753, ""2"": 0.01646155480209724, ""3"": 0.01522174605916031, ""4"": 0.0034772564319635484, ""5"": 0.016894169816304563}"
primary,100,p0.05,nan,1.0,2,0.05,4.95,4.77,1,11,477,477,1.4361359544772005,70,0.6125286318721423,0.012250572637442848,11.841000002866524,16.477351781970505,2.2129005481453135,1.5847194603937256,4,"{""0"": 0.017619277454388422, ""1"": 0.0045594051977442245, ""2"": 0.015247674374863174, ""3"": 0.015971833419589937, ""4"": 0.003465925945729302, ""5"": 0.016639319432342033}"
primary,100,p0.05,nan,1.0,2,0.05,4.95,4.77,1,11,477,477,1.4361359544772005,80,0.6054771436863893,0.012109542873727787,25.60718724997207,16.70475633684323,2.212621021215476,1.5517757331063355,4,"{""0"": 0.017359911457535147, ""1"": 0.004390651187584966, ""2"": 0.014613451119753035, ""3"": 0.016394155166293067, ""4"": 0.003382302705846703, ""5"": 0.01651678560535381}"
primary,100,p0.05,nan,1.0,2,0.05,4.95,4.77,1,11,477,477,1.4361359544772005,90,0.5968947976897193,0.011937895953794388,7.791156863376782,16.873919427307346,2.226176975999466,1.5407232158790347,4,"{""0"": 0.016952675124636624, ""1"": 0.004108500616358052, ""2"": 0.014889215184088866, ""3"": 0.015630237634418183, ""4"": 0.003145505239908055, ""5"": 0.01690124192335654}"
primary,100,p0.05,nan,1.0,2,0.05,4.95,4.77,1,11,477,477,1.4361359544772005,100,0.5924186799904204,0.01184837359980841,26.938188320740387,17.02586547263568,2.2373752078939475,1.5282871398956244,4,"{""0"": 0.016541731237630516, ""1"": 0.003919435324982982, ""2"": 0.015176042097843293, ""3"": 0.015217697203273466, ""4"": 0.0030983080967611925, ""5"": 0.017137027638359014}"
primary,100,p0.05,nan,1.0,2,0.05,4.95,4.77,1,11,477,477,1.4361359544772005,110,0.5823882983973573,0.011647765967947147,25.68416768609672,17.15927903109098,2.256754994879455,1.5569132660387934,4,"{""0"": 0.016027395289810793, ""1"": 0.0037851317598284833, ""2"": 0.015212459909245487, ""3"": 0.014869083125941526, ""4"": 0.0030450956970217765, ""5"": 0.016947430025834816}"
primary,100,p0.05,nan,1.0,2,0.05,4.95,4.77,1,11,477,477,1.4361359544772005,120,0.5749293374603858,0.011498586749207718,26.798401894908064,17.26757489666865,2.2481962401797695,1.61734228135039,4,"{""0"": 0.015462514828181695, ""1"": 0.003862163209470687, ""2"": 0.014809906079089288, ""3"": 0.015160961385738353, ""4"": 0.003132685393745374, ""5"": 0.01656328959902091}"
primary,100,p0.05,nan,1.0,2,0.05,4.95,4.77,1,11,477,477,1.4361359544772005,130,0.5707306859043624,0.01141461371808725,25.82454977532438,17.46303566269566,2.2368740591397867,1.6137735787063765,4,"{""0"": 0.01553056176159466, ""1"": 0.0037350658579878094, ""2"": 0.014400443716052808, ""3"": 0.015461310777980321, ""4"": 0.003064973652654376, ""5"": 0.01629532654225352}"
primary,100,p0.05,nan,1.0,2,0.05,4.95,4.77,1,11,477,477,1.4361359544772005,140,0.5786480690393813,0.011572961380787627,23.488072790125,17.635636440052817,2.235900194543145,1.6066589479519695,4,"{""0"": 0.015306445338195853, ""1"": 0.003758973545576294, ""2"": 0.01595032071734845, ""3"": 0.015340372214624554, ""4"": 0.0030354653633367793, ""5"": 0.016046191105643832}"
primary,100,p0.05,nan,1.0,2,0.05,4.95,4.77,1,11,477,477,1.4361359544772005,150,0.5886882346745808,0.011773764693491617,23.3983032952083,17.820375753061885,2.2398149713015947,1.6974631015288453,4,"{""0"": 0.015299761994360037, ""1"": 0.0038159311604150604, ""2"": 0.017380466419243415, ""3"": 0.015906904141689042, ""4"": 0.0031402682109538532, ""5"": 0.015099256234288294}"
primary,100,p0.05,nan,1.0,2,0.05,4.95,4.77,1,11,477,477,1.4361359544772005,160,0.5859678793010604,0.01171935758602121,7.495353768361413,17.95879549445579,2.2379446230844047,1.750317398209068,4,"{""0"": 0.014703364713614558, ""1"": 0.003913684134421517, ""2"": 0.017749417017985086, ""3"": 0.01624525504838767, ""4"": 0.00324247894519141, ""5"": 0.014461945656527026}"
primary,100,p0.05,nan,1.0,2,0.05,4.95,4.77,1,11,477,477,1.4361359544772005,170,0.5768535275520129,0.01153707055104026,10.325525410100388,18.098922097226517,2.239485104602287,1.7146506141802809,4,"{""0"": 0.014561658773799651, ""1"": 0.0037576546986117904, ""2"": 0.0173835505405314, ""3"": 0.015619885514286683, ""4"": 0.0030670771768098754, ""5"": 0.014832596602202158}"
primary,100,p0.05,nan,1.0,2,0.05,4.95,4.77,1,11,477,477,1.4361359544772005,180,0.5616040388284912,0.011232080776569826,17.71391771073633,18.257601409350936,2.248084334356421,1.7033101415715168,4,"{""0"": 0.014703237110684044, ""1"": 0.0037556000142094106, ""2"": 0.01589579894969154, ""3"": 0.015712308987755712, ""4"": 0.003092304174450121, ""5"": 0.014233235422628124}"
primary,100,p0.05,nan,1.0,2,0.05,4.95,4.77,1,11,477,477,1.4361359544772005,190,0.5367547846181508,0.010735095692363018,21.176509265924327,18.362435061344893,2.2592781497646874,1.7799356639937445,4,"{""0"": 0.013898047608129252, ""1"": 0.0038161667981761265, ""2"": 0.014303429439723589, ""3"": 0.01547094914237174, ""4"": 0.0031786825081607647, ""5"": 0.01374329865761664}"
primary,100,p0.05,nan,1.0,2,0.05,4.95,4.77,1,11,477,477,1.4361359544772005,200,0.5236614562159851,0.010473229124319703,33.38022094134888,18.461660714639496,2.269205287585509,1.8071046846581222,4,"{""0"": 0.013019772098990846, ""1"": 0.0036990589121503313, ""2"": 0.014139711633882798, ""3"": 0.01503173321215448, ""4"": 0.0031099210359643945, ""5"": 0.013839177852775369}"
primary,100,p0.10,nan,1.0,2,0.1,9.9,10.12,3,18,1012,1012,1.5502695173584753,0,1.006256083332662,0.02012512166665324,nan,0.0,1.5502695173584753,4.299025498715768,7,"{""0"": 0.019868221682708825, ""1"": 0.018583459993759023, ""2"": 0.021302370302769803, ""3"": 0.020032825250003595, ""4"": 0.018882697492864788, ""5"": 0.022081155277813413}"
primary,100,p0.10,nan,1.0,2,0.1,9.9,10.12,3,18,1012,1012,1.5502695173584753,10,0.6955620168617136,0.013911240337234274,27.610146024715213,13.829211490700073,2.3422598515243624,1.6265950003730039,3,"{""0"": 0.01893480434622139, ""1"": 0.006801419372263612, ""2"": 0.021420194315357084, ""3"": 0.01849902599765292, ""4"": 0.0014365215171461563, ""5"": 0.016375476474764478}"
primary,100,p0.10,nan,1.0,2,0.1,9.9,10.12,3,18,1012,1012,1.5502695173584753,20,0.7050787727307697,0.014101575454615396,27.93121924369519,14.89575061968664,2.5736026047637495,2.019201605413629,4,"{""0"": 0.019457573301616814, ""1"": 0.01318312435111152, ""2"": 0.02278993110232963, ""3"": 0.013132399801089312, ""4"": 0.0014073817252389603, ""5"": 0.014639042446306144}"
primary,100,p0.10,nan,1.0,2,0.1,9.9,10.12,3,18,1012,1012,1.5502695173584753,30,0.6997688054031784,0.01399537610806357,5.272029938823026,15.653655018361071,2.698189984205725,2.4958488285811655,5,"{""0"": 0.012097152405399821, ""1"": 0.016189763436885954, ""2"": 0.020516912136666503, ""3"": 0.011729298881906474, ""4"": 0.005160304427072179, ""5"": 0.018278825360450508}"
primary,100,p0.10,nan,1.0,2,0.1,9.9,10.12,3,18,1012,1012,1.5502695173584753,40,0.7042039419559857,0.014084078839119716,6.677314285391738,16.05908577806562,2.5934644856552964,3.1757475570685045,7,"{""0"": 0.014548348750021403, ""1"": 0.018658495861873806, ""2"": 0.02101088826949984, ""3"": 0.009174985902797259, ""4"": 0.008183099276316943, ""5"": 0.01292865497420905}"
primary,100,p0.10,nan,1.0,2,0.1,9.9,10.12,3,18,1012,1012,1.5502695173584753,50,0.689378183964026,0.01378756367928052,16.94316026072715,16.580315692315466,2.655841035873287,3.964123942329295,8,"{""0"": 0.015156232038502481, ""1"": 0.018018429154814795, ""2"": 0.01785921115055349, ""3"": 0.011408921199356287, ""4"": 0.007115134646419824, ""5"": 0.01316745388603625}"
primary,100,p0.10,nan,1.0,2,0.1,9.9,10.12,3,18,1012,1012,1.5502695173584753,60,0.6855357017970188,0.013710714035940378,15.257348953534402,16.873423581959432,2.6340651806866373,4.270150436856854,8,"{""0"": 0.015689040876737503, ""1"": 0.01367119323297758, ""2"": 0.01374113779234156, ""3"": 0.017248266815391385, ""4"": 0.010616028270179554, ""5"": 0.01129861722801469}"
primary,100,p0.10,nan,1.0,2,0.1,9.9,10.12,3,18,1012,1012,1.5502695173584753,70,0.658673774049387,0.013173475480987741,25.86243892654588,17.08830946340258,2.577013786484735,3.081977964550506,7,"{""0"": 0.015913716151405195, ""1"": 0.015394672735613239, ""2"": 0.010660523090657861, ""3"": 0.018299174606753073, ""4"": 0.009617221058321936, ""5"": 0.009155545243175134}"
primary,100,p0.10,nan,1.0,2,0.1,9.9,10.12,3,18,1012,1012,1.5502695173584753,80,0.6181579434260248,0.012363158868520498,27.60517473053112,17.209159087120682,2.5919603207810167,2.701731008526369,6,"{""0"": 0.01983296861090065, ""1"": 0.014832112682994485, ""2"": 0.014907289126839616, ""3"": 0.01193259523115372, ""4"": 0.004160290059110493, ""5"": 0.00851369750012403}"
primary,100,p0.10,nan,1.0,2,0.1,9.9,10.12,3,18,1012,1012,1.5502695173584753,90,0.6251718264237379,0.01250343652847476,8.662933356299881,17.360514078354573,2.5874488733930914,3.0386099812775584,6,"{""0"": 0.019082268732741638, ""1"": 0.014097751034824663, ""2"": 0.017102904290607783, ""3"": 0.010850759064901036, ""4"": 0.0031784551637474142, ""5"": 0.010708480884026022}"
primary,100,p0.10,nan,1.0,2,0.1,9.9,10.12,3,18,1012,1012,1.5502695173584753,100,0.6410339094916451,0.012820678189832903,12.37815808558932,17.712450585355466,2.492203310223095,3.2493721500527073,7,"{""0"": 0.019934546017071127, ""1"": 0.013082289476444664, ""2"": 0.020329083322648635, ""3"": 0.00834972955829424, ""4"": 0.003094397311306808, ""5"": 0.01213402345323195}"
primary,100,p0.10,nan,1.0,2,0.1,9.9,10.12,3,18,1012,1012,1.5502695173584753,110,0.639999702705301,0.012799994054106024,18.686403036135466,17.94050075271229,2.469430865368246,3.314736008389467,7,"{""0"": 0.019371454751927156, ""1"": 0.013570302144330002, ""2"": 0.022079238930927027, ""3"": 0.007164433955542065, ""4"": 0.0031885702169743685, ""5"": 0.011425964324935532}"
primary,100,p0.10,nan,1.0,2,0.1,9.9,10.12,3,18,1012,1012,1.5502695173584753,120,0.5823328023313044,0.011646656046626088,14.824318656194167,17.932661904796248,2.4599876950097457,3.5138076535760594,7,"{""0"": 0.018081796526828, ""1"": 0.013910931771470481, ""2"": 0.016865813569576626, ""3"": 0.007289789052610784, ""4"": 0.003684594069066627, ""5"": 0.010047011290204013}"
primary,100,p0.10,nan,1.0,2,0.1,9.9,10.12,3,18,1012,1012,1.5502695173584753,130,0.5666880756441484,0.011333761512882968,16.522519588060018,18.030820442430855,2.4801489561231755,3.502115882999577,7,"{""0"": 0.01689796791560185, ""1"": 0.013465571243873615, ""2"": 0.015507214136186599, ""3"": 0.008438575274163838, ""4"": 0.003681970156559338, ""5"": 0.010011270350912578}"
primary,100,p0.10,nan,1.0,2,0.1,9.9,10.12,3,18,1012,1012,1.5502695173584753,140,0.5539133958105728,0.011078267916211457,25.68126750360024,18.117823103906534,2.4968943295367265,3.6382107449978105,7,"{""0"": 0.014612164640302624, ""1"": 0.013673066003554304, ""2"": 0.016628214174143265, ""3"": 0.008564818421219167, ""4"": 0.003998472697640134, ""5"": 0.008992871560409251}"
primary,100,p0.10,nan,1.0,2,0.1,9.9,10.12,3,18,1012,1012,1.5502695173584753,150,0.5043547071828711,0.010087094143657424,26.57664628314034,18.35362726599056,2.5235650839663557,3.0842899092177696,6,"{""0"": 0.014103826941047304, ""1"": 0.013705002047670148, ""2"": 0.012885594342979659, ""3"": 0.008759274682865335, ""4"": 0.0035236794996007627, ""5"": 0.007545187347781345}"
primary,100,p0.10,nan,1.0,2,0.1,9.9,10.12,3,18,1012,1012,1.5502695173584753,160,0.5125633499279404,0.010251266998558809,8.339958541301339,18.451850277213417,2.5469351605689217,3.067549554509058,6,"{""0"": 0.014446963496907722, ""1"": 0.014295979276945587, ""2"": 0.013245426167249635, ""3"": 0.008120456098765511, ""4"": 0.0036855094483941664, ""5"": 0.00771326750309023}"
primary,100,p0.10,nan,1.0,2,0.1,9.9,10.12,3,18,1012,1012,1.5502695173584753,170,0.5077767837991906,0.010155535675983813,8.86244940510684,18.6266176704357,2.5597753492144055,3.049111742695268,6,"{""0"": 0.013122568335574427, ""1"": 0.013868451253884468, ""2"": 0.015767950518961522, ""3"": 0.006823160077836647, ""4"": 0.003381044035255429, ""5"": 0.007970039834390385}"
primary,100,p0.10,nan,1.0,2,0.1,9.9,10.12,3,18,1012,1012,1.5502695173584753,180,0.5254029544737769,0.01050805908947554,42.121281444141026,18.4892965022546,2.5514137694258108,3.031622550319863,6,"{""0"": 0.012150653619513816, ""1"": 0.013865169636493823, ""2"": 0.01798196964487745, ""3"": 0.007607210929762365, ""4"": 0.0033773355322943904, ""5"": 0.008066015173911386}"
primary,100,p0.10,nan,1.0,2,0.1,9.9,10.12,3,18,1012,1012,1.5502695173584753,190,0.5042474395333906,0.010084948790667814,43.58660047556176,18.457343663749143,2.5529760094781375,2.9129629888152673,6,"{""0"": 0.011682238376407588, ""1"": 0.01390168539886159, ""2"": 0.015665905490288515, ""3"": 0.008197340853576016, ""4"": 0.003423635967432629, ""5"": 0.007638886657440541}"
primary,100,p0.10,nan,1.0,2,0.1,9.9,10.12,3,18,1012,1012,1.5502695173584753,200,0.5016844565039646,0.010033689130079293,7.803209718140509,18.571118200239976,2.557933495223291,2.988751564059746,6,"{""0"": 0.011275824876256436, ""1"": 0.013753125786906063, ""2"": 0.016358156605406925, ""3"": 0.007826438636117063, ""4"": 0.003306879765805014, ""5"": 0.007681709109984261}"
primary,100,p0.20,nan,1.0,2,0.2,19.8,20.05,11,30,2005,2005,1.5689906153175721,0,1.0395996492228778,0.02079199298445756,nan,0.0,1.5689906153175721,5.7582207385280935,8,"{""0"": 0.02162194849979608, ""1"": 0.019235643699465895, ""2"": 0.021247894370609893, ""3"": 0.020729977592857676, ""4"": 0.01999990926305185, ""5"": 0.021916584480963945}"
primary,100,p0.20,nan,1.0,2,0.2,19.8,20.05,11,30,2005,2005,1.5689906153175721,10,0.8470138683969068,0.01694027736793814,4.644493121455032,12.245549898751719,3.048321122760048,1.3931531097047263,2,"{""0"": 0.022798220049165756, ""1"": 0.02079270267756139, ""2"": 0.015958752372390927, ""3"": 0.027981210711040694, ""4"": 0.008821508648783087, ""5"": 0.005289269748686984}"
primary,100,p0.20,nan,1.0,2,0.2,19.8,20.05,11,30,2005,2005,1.5689906153175721,20,0.8065761157114348,0.016131522314228697,56.758991184400266,17.43667825125262,2.6379809966867973,1.7339775205909482,4,"{""0"": 0.020471440196747268, ""1"": 0.02354420571525286, ""2"": 0.0055566938531873, ""3"": 0.02566989646906086, ""4"": 0.006037864539654292, ""5"": 0.015509033111469608}"
primary,100,p0.20,nan,1.0,2,0.2,19.8,20.05,11,30,2005,2005,1.5689906153175721,30,0.7315687140877325,0.01463137428175465,74.17700878039624,18.3365447930107,2.411598307450417,2.4069055981814187,6,"{""0"": 0.015807234315478716, ""1"": 0.024913719579795997, ""2"": 0.009710508351974458, ""3"": 0.022434371588695982, ""4"": 0.010568319602336326, ""5"": 0.004354092252246428}"
primary,100,p0.20,nan,1.0,2,0.2,19.8,20.05,11,30,2005,2005,1.5689906153175721,40,0.6671462840569209,0.013342925681138419,17.367958007998983,19.754759991386997,2.7514808020837545,2.868853921786403,7,"{""0"": 0.00824572799528862, ""1"": 0.0219512028836037, ""2"": 0.01760797734442019, ""3"": 0.016553121781110756, ""4"": 0.00699403825207686, ""5"": 0.008705485830330397}"
primary,100,p0.20,nan,1.0,2,0.2,19.8,20.05,11,30,2005,2005,1.5689906153175721,50,0.7797074560787451,0.015594149121574906,15.3932775789995,20.41618119323998,2.619238567153516,2.780232011722806,6,"{""0"": 0.009228006315598836, ""1"": 0.044350697667476374, ""2"": 0.013728114576817715, ""3"": 0.011594731324230832, ""4"": 0.006125162941235685, ""5"": 0.008538181904089979}"
primary,100,p0.20,nan,1.0,2,0.2,19.8,20.05,11,30,2005,2005,1.5689906153175721,60,0.6907593363499684,0.01381518672699937,32.74503067290383,20.44684893840842,2.619742667987682,2.9557882479859354,7,"{""0"": 0.009265938147772167, ""1"": 0.045104725525334226, ""2"": 0.009592398634632324, ""3"": 0.009408905591634573, ""4"": 0.005865479031367508, ""5"": 0.0036536734312554316}"
primary,100,p0.20,nan,1.0,2,0.2,19.8,20.05,11,30,2005,2005,1.5689906153175721,70,0.6222495572827889,0.01244499114565578,43.26234417283734,20.669098940837472,2.504677767317128,2.8205994018006693,7,"{""0"": 0.019428872626188854, ""1"": 0.022558024164671207, ""2"": 0.008056196421832414, ""3"": 0.012782664537064559, ""4"": 0.00926337357561277, ""5"": 0.0025808155485648873}"
primary,100,p0.20,nan,1.0,2,0.2,19.8,20.05,11,30,2005,2005,1.5689906153175721,80,0.4940007972308874,0.00988001594461775,2.540186244476829,20.793678069672506,2.4299370904864155,3.3288370531973834,8,"{""0"": 0.013874212239536176, ""1"": 0.02389241787726231, ""2"": 0.007066964761821659, ""3"": 0.006280159097985035, ""4"": 0.006599943008341326, ""5"": 0.0015663986827599923}"
primary,100,p0.20,nan,1.0,2,0.2,19.8,20.05,11,30,2005,2005,1.5689906153175721,90,0.5789893698080728,0.011579787396161457,24.819795629755525,20.850472401085185,2.439484084284305,3.7268353530644784,8,"{""0"": 0.010735509943260857, ""1"": 0.028094532756232388, ""2"": 0.012503618802005439, ""3"": 0.005679819429740591, ""4"": 0.006011849579324191, ""5"": 0.0064533938664052826}"
primary,100,p0.20,nan,1.0,2,0.2,19.8,20.05,11,30,2005,2005,1.5689906153175721,100,0.5061709267622381,0.010123418535244764,70.08916256142854,20.979727353933423,2.445740182099065,3.585102690482956,8,"{""0"": 0.009536680715797134, ""1"": 0.021768790856330086, ""2"": 0.009925607850744846, ""3"": 0.005042021497192791, ""4"": 0.005698744902484407, ""5"": 0.008768665388919324}"
primary,100,p0.20,nan,1.0,2,0.2,19.8,20.05,11,30,2005,2005,1.5689906153175721,110,0.4655474496802908,0.009310948993605817,8.700876400583878,21.024027856165763,2.4724409718895286,3.5805190659890225,8,"{""0"": 0.011374203049487691, ""1"": 0.013031131870619555, ""2"": 0.011675498831918965, ""3"": 0.0042326770343357484, ""4"": 0.00535362459530664, ""5"": 0.0101985585799663}"
primary,100,p0.20,nan,1.0,2,0.2,19.8,20.05,11,30,2005,2005,1.5689906153175721,120,0.42801504783256555,0.008560300956651312,4.2594582501442515,21.02382838619123,2.461719419935161,3.650364616904665,8,"{""0"": 0.013191771370466421, ""1"": 0.011968835081936623, ""2"": 0.00917468864992667, ""3"": 0.00407970410461158, ""4"": 0.005976706970698123, ""5"": 0.006970099562268466}"
primary,100,p0.20,nan,1.0,2,0.2,19.8,20.05,11,30,2005,2005,1.5689906153175721,130,0.4290047681494294,0.00858009536298859,18.11801888870062,21.05811554247644,2.4896845434416597,3.5783544924952007,8,"{""0"": 0.011328333661591972, ""1"": 0.015071025408644759, ""2"": 0.008630727649219367, ""3"": 0.004487919702338001, ""4"": 0.005948093954037682, ""5"": 0.006014471802099752}"
primary,100,p0.20,nan,1.0,2,0.2,19.8,20.05,11,30,2005,2005,1.5689906153175721,140,0.45306211211998787,0.009061242242399759,6.105710315630353,21.12814915060718,2.4731273618276344,3.6055965479399736,7,"{""0"": 0.01580763133254389, ""1"": 0.015091785766860275, ""2"": 0.008840635970949601, ""3"": 0.004247221353214457, ""4"": 0.005649021331038717, ""5"": 0.004731157699791606}"
primary,100,p0.20,nan,1.0,2,0.2,19.8,20.05,11,30,2005,2005,1.5689906153175721,150,0.4287351227635486,0.008574702455270972,11.1381520599312,21.16303572735582,2.4954660042183736,3.569191234166818,7,"{""0"": 0.016602296232642484, ""1"": 0.014261732127961538, ""2"": 0.007871324107321897, ""3"": 0.004194764685975091, ""4"": 0.00533944621184196, ""5"": 0.003178651365882866}"
primary,100,p0.20,nan,1.0,2,0.2,19.8,20.05,11,30,2005,2005,1.5689906153175721,160,0.47886894198053614,0.009577378839610724,39.778302166830336,21.172453947447554,2.512137471076198,3.555659204549108,8,"{""0"": 0.016306191234537727, ""1"": 0.018805983187490983, ""2"": 0.00787599960645002, ""3"": 0.006823895210793715, ""4"": 0.005202662408054526, ""5"": 0.002449541390337374}"
primary,100,p0.20,nan,1.0,2,0.2,19.8,20.05,11,30,2005,2005,1.5689906153175721,170,0.5658898111034089,0.011317796222068178,32.280188965569465,21.245691525200694,2.4729479073890044,3.752840703218031,8,"{""0"": 0.014227602456695961, ""1"": 0.027410216830736578, ""2"": 0.008720917695600908, ""3"": 0.009764465021250486, ""4"": 0.005290425495580177, ""5"": 0.0024931498325449592}"
primary,100,p0.20,nan,1.0,2,0.2,19.8,20.05,11,30,2005,2005,1.5689906153175721,180,0.572769922089084,0.01145539844178168,23.630576504565038,21.29021230418904,2.480098802384787,3.575791759665435,8,"{""0"": 0.01750960944832534, ""1"": 0.029869399473293905, ""2"": 0.008224327670603056, ""3"": 0.005466906183939213, ""4"": 0.005512872443398654, ""5"": 0.002149275431129906}"
primary,100,p0.20,nan,1.0,2,0.2,19.8,20.05,11,30,2005,2005,1.5689906153175721,190,0.5524947447619187,0.011049894895238376,57.03517320917378,21.382707334670172,2.4778332002740378,3.5989162386715123,8,"{""0"": 0.01374787848736891, ""1"": 0.029865187342456433, ""2"": 0.007184383650900598, ""3"": 0.008006909029284486, ""4"": 0.00558497020722862, ""5"": 0.0019100406541911973}"
primary,100,p0.20,nan,1.0,2,0.2,19.8,20.05,11,30,2005,2005,1.5689906153175721,200,0.5586981447984433,0.011173962895968868,5.809033987031726,21.419337159650095,2.458297020348204,3.5862678429746055,8,"{""0"": 0.016202961936602533, ""1"": 0.029069617447003943, ""2"": 0.007136639503571471, ""3"": 0.00658929456064059, ""4"": 0.005603212758061011, ""5"": 0.002442051169933659}"
primary,100,p0.40,nan,1.0,2,0.4,39.6,39.88,30,52,3988,3988,1.6121903215270241,0,1.0750027387988974,0.021500054775977953,nan,0.0,1.6121903215270241,4.3666805290441495,7,"{""0"": 0.01843881131768879, ""1"": 0.024803568497100022, ""2"": 0.023040472741413097, ""3"": 0.018364876841197423, ""4"": 0.02301964631948484, ""5"": 0.021332952938983536}"
primary,100,p0.40,nan,1.0,2,0.4,39.6,39.88,30,52,3988,3988,1.6121903215270241,10,1.1036856785215343,0.02207371357043069,6.863026329626409,12.499603766957803,3.5003552490457475,1.2316280630301053,2,"{""0"": 0.03299115635282342, ""1"": 0.027363714060148592, ""2"": 0.02494233216887233, ""3"": 0.03438129314450149, ""4"": 0.00786373637648999, ""5"": 0.004900049319748337}"
primary,100,p0.40,nan,1.0,2,0.4,39.6,39.88,30,52,3988,3988,1.6121903215270241,20,0.985372738994891,0.019707454779897823,28.203502769728246,16.62076165431072,2.6506310643168502,1.3568330668816186,2,"{""0"": 0.02235263540437173, ""1"": 0.013492047459058323, ""2"": 0.0125927028310663, ""3"": 0.026111246649588256, ""4"": 0.001962536847441522, ""5"": 0.04173355948786082}"
primary,100,p0.40,nan,1.0,2,0.4,39.6,39.88,30,52,3988,3988,1.6121903215270241,30,0.8195831565428155,0.016391663130856313,9.996226924830424,18.30542562991692,2.4863148181475805,1.5846566946188454,2,"{""0"": 0.016585963035979416, ""1"": 0.01446091524162103, ""2"": 0.007701573970708281, ""3"": 0.024720366697269815, ""4"": 0.0034611849368358016, ""5"": 0.03141997490272353}"
primary,100,p0.40,nan,1.0,2,0.4,39.6,39.88,30,52,3988,3988,1.6121903215270241,40,0.9821418888844926,0.019642837777689857,50.61250933102049,21.9360628921647,2.415216128867754,2.6758755948698423,4,"{""0"": 0.01890786514804648, ""1"": 0.013887964895976162, ""2"": 0.023375799567760223, ""3"": 0.017638454304520153, ""4"": 0.014637701613474588, ""5"": 0.029409241136361525}"
primary,100,p0.40,nan,1.0,2,0.4,39.6,39.88,30,52,3988,3988,1.6121903215270241,50,0.8913856524161684,0.017827713048323368,24.478599199403646,24.634349209987246,2.5738151911632,2.451909998823175,4,"{""0"": 0.021850670692191286, ""1"": 0.010797763908974564, ""2"": 0.021995471146816624, ""3"": 0.015602089783231321, ""4"": 0.006620176537041586, ""5"": 0.030100106221684835}"
primary,100,p0.40,nan,1.0,2,0.4,39.6,39.88,30,52,3988,3988,1.6121903215270241,60,0.9662936325555148,0.0193258726511103,55.57361734023437,26.020355316572278,2.7616559665702627,3.2007224652538078,7,"{""0"": 0.02034961401365761, ""1"": 0.020278602178551607, ""2"": 0.02717085534039234, ""3"": 0.005910889543519911, ""4"": 0.011646359344225995, ""5"": 0.030598915486314316}"
primary,100,p0.40,nan,1.0,2,0.4,39.6,39.88,30,52,3988,3988,1.6121903215270241,70,0.8292134912202686,0.016584269824405373,14.808502638816835,26.914454706103278,2.768972776445842,2.8159365376084895,5,"{""0"": 0.01774589915666279, ""1"": 0.012833566552614192, ""2"": 0.01605674810508101, ""3"": 0.014862814380458333, ""4"": 0.006168878298443488, ""5"": 0.031837712453172434}"
primary,100,p0.40,nan,1.0,2,0.4,39.6,39.88,30,52,3988,3988,1.6121903215270241,80,0.7080991551776183,0.014161983103552368,103.74669071704515,27.52819213459311,2.895933712291894,2.8683118065193574,6,"{""0"": 0.021685242170967674, ""1"": 0.007036246232780974, ""2"": 0.017062431145504067, ""3"": 0.008581660108298349, ""4"": 0.004795693967504161, ""5"": 0.025810624996258986}"
primary,100,p0.40,nan,1.0,2,0.4,39.6,39.88,30,52,3988,3988,1.6121903215270241,90,0.6356834671849048,0.012713669343698096,17.558127945698754,28.39557020356619,2.968707090027034,2.9212267911773986,6,"{""0"": 0.02290308408211267, ""1"": 0.007724225325983966, ""2"": 0.01660713000877984, ""3"": 0.0062384000592803045, ""4"": 0.004019197864576235, ""5"": 0.018789978721455568}"
primary,100,p0.40,nan,1.0,2,0.4,39.6,39.88,30,52,3988,3988,1.6121903215270241,100,0.5973632779018897,0.011947265558037795,39.566844047603674,28.87059649005973,2.9888428586715707,2.9540444681385454,6,"{""0"": 0.022753464471497984, ""1"": 0.00728542116599723, ""2"": 0.008675659191353107, ""3"": 0.006905709335484571, ""4"": 0.0037185752672236607, ""5"": 0.022344763916670233}"
primary,100,p0.40,nan,1.0,2,0.4,39.6,39.88,30,52,3988,3988,1.6121903215270241,110,0.5909090151315141,0.011818180302630283,18.610552214592076,29.39688503414809,3.065337451406113,2.6931930304574254,6,"{""0"": 0.015585163280043685, ""1"": 0.009745203334303457, ""2"": 0.01497849654536786, ""3"": 0.004829773339552851, ""4"": 0.0036555040331447456, ""5"": 0.022114941283369105}"
primary,100,p0.40,nan,1.0,2,0.4,39.6,39.88,30,52,3988,3988,1.6121903215270241,120,0.7034663618712349,0.0140693272374247,97.04937932162919,29.86711634063387,3.1497873792045405,2.7621651270749212,7,"{""0"": 0.012903940840537326, ""1"": 0.007767483960415561, ""2"": 0.01970244774912213, ""3"": 0.011265448604904369, ""4"": 0.004279371288825737, ""5"": 0.028497270980743068}"
primary,100,p0.40,nan,1.0,2,0.4,39.6,39.88,30,52,3988,3988,1.6121903215270241,130,0.6821173284075462,0.013642346568150927,22.527158016139985,29.956391313052425,3.1048808356814614,2.7382276643142123,6,"{""0"": 0.012101050351527528, ""1"": 0.012270180194765199, ""2"": 0.01945642476228408, ""3"": 0.009954118867106712, ""4"": 0.0037498599742346412, ""5"": 0.024322445258987406}"
primary,100,p0.40,nan,1.0,2,0.4,39.6,39.88,30,52,3988,3988,1.6121903215270241,140,0.6221829537304233,0.012443659074608468,73.89560939170961,30.64671041064648,3.195511238047374,2.8772807797952327,7,"{""0"": 0.01048361984286542, ""1"": 0.012175716196925642, ""2"": 0.015742188284198776, ""3"": 0.010323960789428733, ""4"": 0.003915798513789074, ""5"": 0.022020670820443164}"
primary,100,p0.40,nan,1.0,2,0.4,39.6,39.88,30,52,3988,3988,1.6121903215270241,150,0.6330413995586261,0.012660827991172525,110.68935109235719,30.952310424872508,3.2146870824999385,3.0541419243978276,7,"{""0"": 0.014424102534995755, ""1"": 0.014610298965068358, ""2"": 0.015042376079052875, ""3"": 0.013452816712069013, ""4"": 0.0034865990417092723, ""5"": 0.014948774614139881}"
primary,100,p0.40,nan,1.0,2,0.4,39.6,39.88,30,52,3988,3988,1.6121903215270241,160,0.6917087750583334,0.01383417550116667,7.560870064653273,31.232436731949992,3.210946322482346,3.1918759350960264,8,"{""0"": 0.015003845296901097, ""1"": 0.015499914602441708, ""2"": 0.01944917663037045, ""3"": 0.013932358760244946, ""4"": 0.0034699096806947356, ""5"": 0.015649848036347083}"
primary,100,p0.40,nan,1.0,2,0.4,39.6,39.88,30,52,3988,3988,1.6121903215270241,170,0.593331896680449,0.011866637933608981,21.545487147614335,31.417958311212562,3.203352194302196,3.150195406737855,8,"{""0"": 0.012510256347456694, ""1"": 0.015195726767772751, ""2"": 0.015487060250123136, ""3"": 0.01069092630283577, ""4"": 0.0035402153089695992, ""5"": 0.013775642624495932}"
primary,100,p0.40,nan,1.0,2,0.4,39.6,39.88,30,52,3988,3988,1.6121903215270241,180,0.6602315974369005,0.013204631948738013,30.291097568445814,31.667636596777538,3.191880954220755,3.2819242855447874,9,"{""0"": 0.012014650938743758, ""1"": 0.016712562101387423, ""2"": 0.021214250286429082, ""3"": 0.010959175398974962, ""4"": 0.0033774956962941633, ""5"": 0.014949657270598691}"
primary,100,p0.40,nan,1.0,2,0.4,39.6,39.88,30,52,3988,3988,1.6121903215270241,190,0.6704032596134291,0.013408065192268583,24.780929989755247,31.80505573943089,3.1928143612377737,3.4152464598762027,9,"{""0"": 0.012421186016368643, ""1"": 0.016323924354062762, ""2"": 0.01998943519542016, ""3"": 0.010523214446765145, ""4"": 0.00363473783943846, ""5"": 0.017555893301556335}"
primary,100,p0.40,nan,1.0,2,0.4,39.6,39.88,30,52,3988,3988,1.6121903215270241,200,0.7522882421797145,0.01504576484359429,37.62402915901732,31.992034905010183,3.281564801261778,3.503511781669918,10,"{""0"": 0.014379436590630268, ""1"": 0.01765962824908194, ""2"": 0.02046567783685837, ""3"": 0.017275512805250567, ""4"": 0.0035814550692758714, ""5"": 0.016912878510468746}"
primary,100,p0.05,nan,1.0,3,0.05,4.95,5.55,0,11,555,555,1.7945243379828504,0,1.0060042981210455,0.020120085962420913,nan,0.0,1.7945243379828504,4.202082043325317,8,"{""0"": 0.020138514251533565, ""1"": 0.020970959720021016, ""2"": 0.020434582789630108, ""3"": 0.01987513865778824, ""4"": 0.02006836582278764, ""5"": 0.0192329545327649}"
primary,100,p0.05,nan,1.0,3,0.05,4.95,5.55,0,11,555,555,1.7945243379828504,10,0.812452100449893,0.016249042008997863,29.3145696051757,11.456894671396203,1.906481852484546,2.8880400786074905,7,"{""0"": 0.009954534748468002, ""1"": 0.022077321235484042, ""2"": 0.026266665345550822, ""3"": 0.01237082483722664, ""4"": 0.020022096040826297, ""5"": 0.006802809846431379}"
primary,100,p0.05,nan,1.0,3,0.05,4.95,5.55,0,11,555,555,1.7945243379828504,20,0.6858093133082687,0.013716186266165374,5.7054982891657975,13.032143858925414,1.981024874946147,2.8492860343423327,5,"{""0"": 0.0020659270090178003, ""1"": 0.016896552127793084, ""2"": 0.02036562815789187, ""3"": 0.014261137398444184, ""4"": 0.020167018454523837, ""5"": 0.00854085444932146}"
primary,100,p0.05,nan,1.0,3,0.05,4.95,5.55,0,11,555,555,1.7945243379828504,30,0.6709500205903914,0.013419000411807831,33.774798478594136,13.745923646882126,2.031990179161,2.4730085560718518,4,"{""0"": 0.001702038985811221, ""1"": 0.019947577967352723, ""2"": 0.012075948844408324, ""3"": 0.00912059551632289, ""4"": 0.021286036211183246, ""5"": 0.01638180494576859}"
primary,100,p0.05,nan,1.0,3,0.05,4.95,5.55,0,11,555,555,1.7945243379828504,40,0.6916052808500459,0.01383210561700092,38.370902429093604,14.146422055570177,2.045824948246952,2.6721616987307204,5,"{""0"": 0.0018475383758661495, ""1"": 0.01675294671245167, ""2"": 0.012215853331192093, ""3"": 0.018866005187653963, ""4"": 0.019937500516488415, ""5"": 0.013372789578353228}"
primary,100,p0.05,nan,1.0,3,0.05,4.95,5.55,0,11,555,555,1.7945243379828504,50,0.7436231488265185,0.014872462976530372,40.57950712656261,14.493008307525834,2.028598856523341,2.790297323923746,5,"{""0"": 0.0017243053015318637, ""1"": 0.015341877992384938, ""2"": 0.01708712055265253, ""3"": 0.017856826733894403, ""4"": 0.020130517842347737, ""5"": 0.017094129436370765}"
primary,100,p0.05,nan,1.0,3,0.05,4.95,5.55,0,11,555,555,1.7945243379828504,60,0.7360009617081457,0.014720019234162916,47.83373987733004,14.667147962320648,2.0389755480455847,2.7170563386027995,5,"{""0"": 0.0019268772730946977, ""1"": 0.018249408523970532, ""2"": 0.019836716955227228, ""3"": 0.017779507753241476, ""4"": 0.019133240963138547, ""5"": 0.011394363936305003}"
primary,100,p0.05,nan,1.0,3,0.05,4.95,5.55,0,11,555,555,1.7945243379828504,70,0.7545963461535099,0.015091926923070199,62.263902118316096,14.859149394720449,2.0327155230086276,2.742566236300857,5,"{""0"": 0.001837835456523245, ""1"": 0.015662131625974435, ""2"": 0.024562434076638363, ""3"": 0.017645208529071258, ""4"": 0.019326692636492664, ""5"": 0.011517259213721234}"
primary,100,p0.05,nan,1.0,3,0.05,4.95,5.55,0,11,555,555,1.7945243379828504,80,0.8290995495908403,0.016581990991816807,14.715244571938898,15.27048729535103,2.0283320789936345,2.5849099441111325,5,"{""0"": 0.0018202941946888964, ""1"": 0.018314863204984756, ""2"": 0.029366251839849793, ""3"": 0.019679656532371297, ""4"": 0.019141647818441902, ""5"": 0.011169232360564193}"
primary,100,p0.05,nan,1.0,3,0.05,4.95,5.55,0,11,555,555,1.7945243379828504,90,0.851847945150915,0.017036958903018304,106.64078233146601,15.17937612938436,2.0360385677894084,2.699610769969375,6,"{""0"": 0.0018502451896995433, ""1"": 0.019247849694204806, ""2"": 0.029939932283465538, ""3"": 0.019587766834107484, ""4"": 0.019244429594424912, ""5"": 0.012351529822207542}"
primary,100,p0.05,nan,1.0,3,0.05,4.95,5.55,0,11,555,555,1.7945243379828504,100,0.8260014695200709,0.01652002939040142,43.33617200482673,15.424632206816842,2.0233147955009363,2.645071775035592,6,"{""0"": 0.0019147013649804183, ""1"": 0.016473010651457915, ""2"": 0.0301494612097009, ""3"": 0.0195929516141509, ""4"": 0.018685096683924516, ""5"": 0.012304954818193865}"
primary,100,p0.05,nan,1.0,3,0.05,4.95,5.55,0,11,555,555,1.7945243379828504,110,0.7620018210238002,0.015240036420476007,22.395290915218656,15.396274076953661,2.0092999708140837,2.6131122019292423,6,"{""0"": 0.002004904492340907, ""1"": 0.014448320761869405, ""2"": 0.02509185950338378, ""3"": 0.01949422761900927, ""4"": 0.018277097272875523, ""5"": 0.012123808873377159}"
primary,100,p0.05,nan,1.0,3,0.05,4.95,5.55,0,11,555,555,1.7945243379828504,120,0.6732263453470136,0.013464526906940274,4.740145975873524,15.575493837800026,2.0319688322737783,2.53691495915973,6,"{""0"": 0.0022010449094138763, ""1"": 0.014503366828571104, ""2"": 0.017073053545991295, ""3"": 0.019219271181976836, ""4"": 0.015757630003261573, ""5"": 0.012032794972426963}"
primary,100,p0.05,nan,1.0,3,0.05,4.95,5.55,0,11,555,555,1.7945243379828504,130,0.6077782846128916,0.012155565692257835,20.853256448414715,15.96061693575963,2.0381408850621976,2.574383764816871,6,"{""0"": 0.0022484309227380826, ""1"": 0.015194523002944129, ""2"": 0.012567166382568783, ""3"": 0.018299508534845372, ""4"": 0.012709509818490113, ""5"": 0.011914255491960539}"
primary,100,p0.05,nan,1.0,3,0.05,4.95,5.55,0,11,555,555,1.7945243379828504,140,0.6052925027130657,0.012105850054261314,13.726834852944767,16.171159345925794,2.0476311670178697,2.5717356862496548,6,"{""0"": 0.0023630654011766944, ""1"": 0.01534578034037756, ""2"": 0.012505627624483668, ""3"": 0.018266367862157407, ""4"": 0.012546539158577872, ""5"": 0.011607719938794678}"
primary,100,p0.05,nan,1.0,3,0.05,4.95,5.55,0,11,555,555,1.7945243379828504,150,0.5982090161879894,0.01196418032375979,18.22626410742569,16.239630429352854,2.0419564447535614,2.550272246577485,6,"{""0"": 0.0024243324999700536, ""1"": 0.016350753580726855, ""2"": 0.011502730134074905, ""3"": 0.01779988056890086, ""4"": 0.012736100153338458, ""5"": 0.010971285005547607}"
primary,100,p0.05,nan,1.0,3,0.05,4.95,5.55,0,11,555,555,1.7945243379828504,160,0.5934798710724468,0.011869597421448937,54.2922901617137,16.21949382169514,2.0562080072250217,2.5975963521585106,6,"{""0"": 0.0026018368541046175, ""1"": 0.016308795917431344, ""2"": 0.010707548919826112, ""3"": 0.017920894349640233, ""4"": 0.012911366975383448, ""5"": 0.010767141512307876}"
primary,100,p0.05,nan,1.0,3,0.05,4.95,5.55,0,11,555,555,1.7945243379828504,170,0.5687372575673161,0.011374745151346323,71.61924981449198,16.36394003752036,2.072026542085801,2.612411864275592,6,"{""0"": 0.002902911807680725, ""1"": 0.016239428396155324, ""2"": 0.009671884049900721, ""3"": 0.016957764572286836, ""4"": 0.012658283864734127, ""5"": 0.0098181982173202}"
primary,100,p0.05,nan,1.0,3,0.05,4.95,5.55,0,11,555,555,1.7945243379828504,180,0.551089861937741,0.011021797238754821,66.03611817040871,16.52997472370965,2.0775677984970895,2.66207092528547,6,"{""0"": 0.0029091107742984026, ""1"": 0.016568383419268022, ""2"": 0.008576143499787178, ""3"": 0.016202895569847404, ""4"": 0.012498302787197487, ""5"": 0.009375947382130424}"
primary,100,p0.05,nan,1.0,3,0.05,4.95,5.55,0,11,555,555,1.7945243379828504,190,0.5343343960899167,0.010686687921798336,14.671356431821057,16.804479380095607,2.0969909151502844,2.6004601771427405,6,"{""0"": 0.0035937166250925206, ""1"": 0.016836625520019848, ""2"": 0.007122388690714116, ""3"": 0.01661052694993561, ""4"": 0.010998407777609975, ""5"": 0.008958461967417957}"
primary,100,p0.05,nan,1.0,3,0.05,4.95,5.55,0,11,555,555,1.7945243379828504,200,0.5314381409980734,0.010628762819961468,19.288469042023234,16.808299030113428,2.0985654307600674,2.6320804236539774,6,"{""0"": 0.003395731270265928, ""1"": 0.01619341883658399, ""2"": 0.007386265636611751, ""3"": 0.016432327715836338, ""4"": 0.01148492515613663, ""5"": 0.008879908304334178}"
primary,100,p0.10,nan,1.0,3,0.1,9.9,10.78,5,19,1078,1078,1.6008292866448839,0,1.000084303808325,0.020001686076166498,nan,0.0,1.6008292866448839,2.1908349918453416,6,"{""0"": 0.020470594345087124, ""1"": 0.019040529228731833, ""2"": 0.020042472212493022, ""3"": 0.01875750958734109, ""4"": 0.021466708922692885, ""5"": 0.020232302160653047}"
primary,100,p0.10,nan,1.0,3,0.1,9.9,10.78,5,19,1078,1078,1.6008292866448839,10,0.8450193114365794,0.01690038622873159,37.345061489039004,14.910546659181202,2.3541033684791803,3.0069579609714774,8,"{""0"": 0.007661599832681713, ""1"": 0.010917657698499308, ""2"": 0.024362532375210372, ""3"": 0.019251949478190228, ""4"": 0.021502840592246913, ""5"": 0.017705737395561007}"
primary,100,p0.10,nan,1.0,3,0.1,9.9,10.78,5,19,1078,1078,1.6008292866448839,20,1.1479584614357483,0.02295916922871497,6.889380802387419,15.78997123297017,2.531528010547895,2.5976888917595162,7,"{""0"": 0.005644741458924683, ""1"": 0.017375265461686495, ""2"": 0.03285169453715053, ""3"": 0.02804728472819979, ""4"": 0.03010553877734946, ""5"": 0.02373049040897883}"
primary,100,p0.10,nan,1.0,3,0.1,9.9,10.78,5,19,1078,1078,1.6008292866448839,30,1.0212467988183707,0.020424935976367416,41.58715289934262,15.97201751407261,2.577485194616393,2.6855372743478094,8,"{""0"": 0.012867340601005323, ""1"": 0.01517057514745061, ""2"": 0.023156588546525015, ""3"": 0.019587865095939155, ""4"": 0.03005034768581768, ""5"": 0.0217168987814667}"
primary,100,p0.10,nan,1.0,3,0.1,9.9,10.78,5,19,1078,1078,1.6008292866448839,40,0.9802753409155457,0.019605506818310917,12.66994946217893,15.83606860688639,2.633549621144174,2.641151472846417,8,"{""0"": 0.011263302900678803, ""1"": 0.010053472523274303, ""2"": 0.021112940756492574, ""3"": 0.028684267336503096, ""4"": 0.02408772264937893, ""5"": 0.022431334743537774}"
primary,100,p0.10,nan,1.0,3,0.1,9.9,10.78,5,19,1078,1078,1.6008292866448839,50,0.8076488986091744,0.016152977972183492,99.16848633805296,15.593553416606293,2.5060581941800444,4.268857907495994,10,"{""0"": 0.015044113001550874, ""1"": 0.012446987511471415, ""2"": 0.019722199074459136, ""3"": 0.01116239058160658, ""4"": 0.0225174452983, ""5"": 0.01602473236571294}"
primary,100,p0.10,nan,1.0,3,0.1,9.9,10.78,5,19,1078,1078,1.6008292866448839,60,0.8701650777510034,0.01740330155502007,95.30166897529922,15.463419812069985,2.446474244107939,3.582774351025136,9,"{""0"": 0.015761830025499794, ""1"": 0.013200467145959044, ""2"": 0.011710002102182615, ""3"": 0.020696677894287526, ""4"": 0.026083844384605554, ""5"": 0.0169669877775859}"
primary,100,p0.10,nan,1.0,3,0.1,9.9,10.78,5,19,1078,1078,1.6008292866448839,70,0.808864131984936,0.016177282639698722,79.86495997287925,15.682005583616393,2.4774605918885113,2.9105276096632235,8,"{""0"": 0.015797611711720606, ""1"": 0.009068302157472077, ""2"": 0.01781554160994478, ""3"": 0.02084591937851333, ""4"": 0.017205089414836984, ""5"": 0.01633123156570458}"
primary,100,p0.10,nan,1.0,3,0.1,9.9,10.78,5,19,1078,1078,1.6008292866448839,80,0.7693149188499416,0.015386298376998835,100.07003756740681,15.98903428247562,2.5411549015060273,2.9397979864828288,8,"{""0"": 0.014027710703972176, ""1"": 0.00856251000515008, ""2"": 0.01824519584953154, ""3"": 0.018206768375390033, ""4"": 0.017231129769464178, ""5"": 0.016044475558484997}"
primary,100,p0.10,nan,1.0,3,0.1,9.9,10.78,5,19,1078,1078,1.6008292866448839,90,0.7406077952543717,0.014812155905087436,102.1857995518437,16.034251621719424,2.545046588691101,3.0476795603328397,8,"{""0"": 0.011527074635272952, ""1"": 0.009126657459280116, ""2"": 0.01747057266911229, ""3"": 0.016940355319800992, ""4"": 0.017317366174420343, ""5"": 0.01649090917263793}"
primary,100,p0.10,nan,1.0,3,0.1,9.9,10.78,5,19,1078,1078,1.6008292866448839,100,0.7232740451891522,0.014465480903783046,28.66521611418821,16.03222914310608,2.5055989400462555,3.4754035285617575,9,"{""0"": 0.0129390451720764, ""1"": 0.009106755348920725, ""2"": 0.013940646039663418, ""3"": 0.0128334751475821, ""4"": 0.02243750104232866, ""5"": 0.015535462672126965}"
primary,100,p0.10,nan,1.0,3,0.1,9.9,10.78,5,19,1078,1078,1.6008292866448839,110,0.7404873178348924,0.014809746356697849,33.125186028357845,16.225715288691077,2.488613964062397,3.180084250054974,9,"{""0"": 0.014916523580383007, ""1"": 0.008157936871345039, ""2"": 0.011372582423603056, ""3"": 0.012441759756262246, ""4"": 0.026829632461553215, ""5"": 0.015140043047040539}"
primary,100,p0.10,nan,1.0,3,0.1,9.9,10.78,5,19,1078,1078,1.6008292866448839,120,0.7347178642966885,0.014694357285933771,64.6565524662302,16.40688968552423,2.517677464529114,3.0156229673626234,8,"{""0"": 0.014888375494607637, ""1"": 0.007849255139682432, ""2"": 0.009997279925908539, ""3"": 0.013008136882538112, ""4"": 0.027509947157516257, ""5"": 0.014913149115349657}"
primary,100,p0.10,nan,1.0,3,0.1,9.9,10.78,5,19,1078,1078,1.6008292866448839,130,0.7680830165055222,0.015361660330110445,33.16638838777207,16.599070322657592,2.523189290339764,2.9472286943517734,8,"{""0"": 0.015429963778141412, ""1"": 0.007432057929717207, ""2"": 0.01584667119859867, ""3"": 0.013152544522397103, ""4"": 0.025146817544257544, ""5"": 0.015161907007550744}"
primary,100,p0.10,nan,1.0,3,0.1,9.9,10.78,5,19,1078,1078,1.6008292866448839,140,0.7598014405699585,0.01519602881139917,11.072965079708641,16.746668365141694,2.5346564746639757,3.093490025531681,8,"{""0"": 0.016744913056880795, ""1"": 0.00732996746073426, ""2"": 0.01600757751831734, ""3"": 0.013589837609218811, ""4"": 0.024632561013611432, ""5"": 0.012871316209632394}"
primary,100,p0.10,nan,1.0,3,0.1,9.9,10.78,5,19,1078,1078,1.6008292866448839,150,0.7089747080418101,0.014179494160836205,73.51598922513908,16.702184906925893,2.5481428612020687,3.1052028982994178,9,"{""0"": 0.016545415704275684, ""1"": 0.007573406249918304, ""2"": 0.01519401943824473, ""3"": 0.012446077261808127, ""4"": 0.0205711890913181, ""5"": 0.012746857219452276}"
primary,100,p0.10,nan,1.0,3,0.1,9.9,10.78,5,19,1078,1078,1.6008292866448839,160,0.7214183014612334,0.01442836602922467,27.15697675840974,16.796963188291276,2.5896719970333515,3.080521638732539,9,"{""0"": 0.016903240901765648, ""1"": 0.007375330813502173, ""2"": 0.014183443540290963, ""3"": 0.012493901810000953, ""4"": 0.023773104494845647, ""5"": 0.011841174614942624}"
primary,100,p0.10,nan,1.0,3,0.1,9.9,10.78,5,19,1078,1078,1.6008292866448839,170,0.7168705121544566,0.014337410243089134,65.51951695607329,16.838023235873038,2.577336161347595,3.1978358899858543,9,"{""0"": 0.017627450741670037, ""1"": 0.010366687375619816, ""2"": 0.009364012408958015, ""3"": 0.011870636095775072, ""4"": 0.025140226353622813, ""5"": 0.011655448482889056}"
primary,100,p0.10,nan,1.0,3,0.1,9.9,10.78,5,19,1078,1078,1.6008292866448839,180,0.7160257197644139,0.014320514395288279,21.807252956618097,16.861932343644884,2.617469008914234,3.1958123369136686,9,"{""0"": 0.017454854879003848, ""1"": 0.010565251489937116, ""2"": 0.008758843384486466, ""3"": 0.011836468322640173, ""4"": 0.02495337471634857, ""5"": 0.012354293579313495}"
primary,100,p0.10,nan,1.0,3,0.1,9.9,10.78,5,19,1078,1078,1.6008292866448839,190,0.707757574564364,0.014155151491287281,35.12020138577034,16.928966408437493,2.6124879082864814,3.3342024060051942,9,"{""0"": 0.016837195624372293, ""1"": 0.010962102146013963, ""2"": 0.009532652915929446, ""3"": 0.011906850298886502, ""4"": 0.023758808276324126, ""5"": 0.01193329968619735}"
primary,100,p0.10,nan,1.0,3,0.1,9.9,10.78,5,19,1078,1078,1.6008292866448839,200,0.7165257266036898,0.014330514532073797,14.963067765731237,17.003120972070654,2.6138045789255835,3.272745181654305,9,"{""0"": 0.016574391746997128, ""1"": 0.009327890330454306, ""2"": 0.012183223849440672, ""3"": 0.012446899702975127, ""4"": 0.022765647298485202, ""5"": 0.01268503426409035}"
primary,100,p0.20,nan,1.0,3,0.2,19.8,20.27,12,29,2027,2027,1.5986510020229878,0,1.0280586503109734,0.02056117300621947,nan,0.0,1.5986510020229878,2.648294524606917,6,"{""0"": 0.021343298091666584, ""1"": 0.02137564443679179, ""2"": 0.02041984473071547, ""3"": 0.019609929775638038, ""4"": 0.02072548699768597, ""5"": 0.01989283400481897}"
primary,100,p0.20,nan,1.0,3,0.2,19.8,20.27,12,29,2027,2027,1.5986510020229878,10,1.0866902601180088,0.02173380520236018,62.98040106410954,14.283892230013572,2.454657284668197,2.397925212990713,4,"{""0"": 0.017370218968644636, ""1"": 0.023749712385934797, ""2"": 0.02813372220542585, ""3"": 0.02321253347932775, ""4"": 0.019481276386385638, ""5"": 0.018455367788442412}"
primary,100,p0.20,nan,1.0,3,0.2,19.8,20.27,12,29,2027,2027,1.5986510020229878,20,1.2444885159322165,0.024889770318644335,17.338036125485466,17.94289732800549,2.2775955247500157,4.354731913048069,10,"{""0"": 0.01205990875103325, ""1"": 0.019198269573324704, ""2"": 0.024255771399008752, ""3"": 0.026188582802459094, ""4"": 0.03625225883704307, ""5"": 0.03138383054899711}"
primary,100,p0.20,nan,1.0,3,0.2,19.8,20.27,12,29,2027,2027,1.5986510020229878,30,1.0800198256963458,0.021600396513926916,15.042113707846964,18.913058229487202,2.2721975910869463,5.766914583334778,13,"{""0"": 0.0164395875952277, ""1"": 0.018113054173015102, ""2"": 0.017347774774924798, ""3"": 0.018221965642517053, ""4"": 0.024234615099722707, ""5"": 0.035245381798154146}"
primary,100,p0.20,nan,1.0,3,0.2,19.8,20.27,12,29,2027,2027,1.5986510020229878,40,0.9468269526650781,0.018936539053301567,42.671935976957684,19.390037622025318,2.3742548730386406,7.718399794721264,14,"{""0"": 0.015633127486641227, ""1"": 0.02445850503909272, ""2"": 0.011916672274733203, ""3"": 0.016527800398243614, ""4"": 0.017598224513631158, ""5"": 0.027484904607467477}"
primary,100,p0.20,nan,1.0,3,0.2,19.8,20.27,12,29,2027,2027,1.5986510020229878,50,0.9307000309552009,0.01861400061910402,62.62544806197123,19.384224688443222,2.4029626340451338,8.069874812442054,15,"{""0"": 0.010888300679452767, ""1"": 0.022975423750545173, ""2"": 0.013044529321654511, ""3"": 0.017054891099884693, ""4"": 0.01893868358021722, ""5"": 0.028782175282869756}"
primary,100,p0.20,nan,1.0,3,0.2,19.8,20.27,12,29,2027,2027,1.5986510020229878,60,0.9431281459716379,0.01886256291943276,25.19925575203112,19.834393417903907,2.4269469340066174,6.327253267231902,14,"{""0"": 0.010286893666313267, ""1"": 0.023405409172310793, ""2"": 0.01181125693882107, ""3"": 0.01622830575356287, ""4"": 0.01824949257411249, ""5"": 0.033194019411476074}"
primary,100,p0.20,nan,1.0,3,0.2,19.8,20.27,12,29,2027,2027,1.5986510020229878,70,0.9282832508918195,0.01856566501783639,32.47686974525534,20.024726413047137,2.4330604753358376,6.3180184462794715,14,"{""0"": 0.012462769985600414, ""1"": 0.022072913177727166, ""2"": 0.011887254201747997, ""3"": 0.01539611834122705, ""4"": 0.017230513237626695, ""5"": 0.032344421163089054}"
primary,100,p0.20,nan,1.0,3,0.2,19.8,20.27,12,29,2027,2027,1.5986510020229878,80,0.9202802148484311,0.018405604296968626,28.348842783349383,20.16863517571333,2.417908127206504,6.426554614893409,13,"{""0"": 0.011647461077683205, ""1"": 0.020872346685203706, ""2"": 0.014327939332329445, ""3"": 0.01414922603273384, ""4"": 0.01699108516044199, ""5"": 0.032445567493419564}"
primary,100,p0.20,nan,1.0,3,0.2,19.8,20.27,12,29,2027,2027,1.5986510020229878,90,0.8457334487329228,0.01691466897465846,22.346551758537153,20.359924626060508,2.38992861436072,5.61979217103503,13,"{""0"": 0.00869676034737997, ""1"": 0.020795023918741624, ""2"": 0.009602506207544607, ""3"": 0.013411826914509355, ""4"": 0.017641199928544814, ""5"": 0.03134069653123038}"
primary,100,p0.20,nan,1.0,3,0.2,19.8,20.27,12,29,2027,2027,1.5986510020229878,100,0.8223537149767096,0.016447074299534195,28.575689631962437,20.42173492254679,2.3987940059782287,4.761658987254093,12,"{""0"": 0.008642663775646483, ""1"": 0.02176537991381987, ""2"": 0.00811218969669363, ""3"": 0.013379702240583857, ""4"": 0.01788387002658485, ""5"": 0.02889864014387648}"
primary,100,p0.20,nan,1.0,3,0.2,19.8,20.27,12,29,2027,2027,1.5986510020229878,110,0.76681463443132,0.015336292688626404,10.122380502707397,20.447476226505945,2.37718601556929,4.813066511184951,12,"{""0"": 0.008141001407207088, ""1"": 0.02077783046287485, ""2"": 0.00781266066039322, ""3"": 0.012881254247086943, ""4"": 0.01434681483293557, ""5"": 0.028058194521260748}"
primary,100,p0.20,nan,1.0,3,0.2,19.8,20.27,12,29,2027,2027,1.5986510020229878,120,0.7725923722465288,0.015451847444930578,9.900671752356505,20.44276080003027,2.402219170619118,5.034221016083025,12,"{""0"": 0.008314082110384011, ""1"": 0.021964128177966242, ""2"": 0.008622158583998209, ""3"": 0.010479510899265205, ""4"": 0.014282499997712268, ""5"": 0.029048704900257533}"
primary,100,p0.20,nan,1.0,3,0.2,19.8,20.27,12,29,2027,2027,1.5986510020229878,130,0.813099605042594,0.016261992100851882,22.982126594391122,20.530167570071544,2.380749896091744,4.974534947890121,12,"{""0"": 0.010987503433508104, ""1"": 0.024872820405724028, ""2"": 0.008544236975031214, ""3"": 0.010812044022146788, ""4"": 0.014241044273217974, ""5"": 0.02811430349548321}"
primary,100,p0.20,nan,1.0,3,0.2,19.8,20.27,12,29,2027,2027,1.5986510020229878,140,0.7895883708253641,0.015791767416507285,24.326572960373827,20.59181225681138,2.366598005663184,5.051587364573993,12,"{""0"": 0.01106850021912591, ""1"": 0.023065862258574453, ""2"": 0.008155886235443513, ""3"": 0.011458319718687346, ""4"": 0.013061922446326623, ""5"": 0.027940113620885866}"
primary,100,p0.20,nan,1.0,3,0.2,19.8,20.27,12,29,2027,2027,1.5986510020229878,150,0.7800999670289243,0.015601999340578487,28.55751016146018,20.65571087516522,2.3749865262929926,4.95505808131456,12,"{""0"": 0.01197439961441211, ""1"": 0.022689809640065728, ""2"": 0.008871672161031676, ""3"": 0.011300641072698297, ""4"": 0.01483675650020543, ""5"": 0.02393871705505768}"
primary,100,p0.20,nan,1.0,3,0.2,19.8,20.27,12,29,2027,2027,1.5986510020229878,160,0.7684258287279347,0.015368516574558698,10.145242430760943,20.686610152191562,2.3751563908335287,5.210070456176544,13,"{""0"": 0.01335908446371727, ""1"": 0.02030719398306363, ""2"": 0.009672996699809828, ""3"": 0.01098854879620688, ""4"": 0.015427013291348218, ""5"": 0.022456262213206363}"
primary,100,p0.20,nan,1.0,3,0.2,19.8,20.27,12,29,2027,2027,1.5986510020229878,170,0.7452792873206537,0.014905585746413076,41.68952358697008,20.744187274306356,2.4040080547082514,5.131607430268806,13,"{""0"": 0.011386629473185349, ""1"": 0.023061636380411536, ""2"": 0.007911814468564543, ""3"": 0.00933532878569824, ""4"": 0.01508590896273076, ""5"": 0.02265219640788804}"
primary,100,p0.20,nan,1.0,3,0.2,19.8,20.27,12,29,2027,2027,1.5986510020229878,180,0.7320859580308728,0.01464171916061746,10.05184049529964,20.76664508804876,2.4180211828829816,5.038001861337146,12,"{""0"": 0.009042004877876436, ""1"": 0.02373007106096002, ""2"": 0.007291062459075575, ""3"": 0.010913500091505959, ""4"": 0.014842447946011944, ""5"": 0.022031228528274816}"
primary,100,p0.20,nan,1.0,3,0.2,19.8,20.27,12,29,2027,2027,1.5986510020229878,190,0.7315232937820154,0.01463046587564031,21.999630334722333,20.836844402724935,2.4099250686925027,4.672779127483458,12,"{""0"": 0.009845501375046074, ""1"": 0.0236469470517959, ""2"": 0.007143303789787847, ""3"": 0.010749687872407352, ""4"": 0.014948006853215451, ""5"": 0.021449348311589227}"
primary,100,p0.20,nan,1.0,3,0.2,19.8,20.27,12,29,2027,2027,1.5986510020229878,200,0.717464062412699,0.014349281248253982,42.83564307676474,20.852222372494232,2.415929741028136,4.4848770969774,12,"{""0"": 0.009560373298925794, ""1"": 0.02489361869322665, ""2"": 0.007528019084896129, ""3"": 0.008978797242970741, ""4"": 0.015784618486596298, ""5"": 0.019350260682908273}"
primary,100,p0.40,nan,1.0,3,0.4,39.6,39.92,30,52,3992,3992,1.4706036766294897,0,1.012376664106465,0.020247533282129304,nan,0.0,1.4706036766294897,4.651209368606418,8,"{""0"": 0.01920281999380379, ""1"": 0.020347356858011416, ""2"": 0.019902446333305575, ""3"": 0.022557856880818655, ""4"": 0.01981348473392362, ""5"": 0.019661234892912754}"
primary,100,p0.40,nan,1.0,3,0.4,39.6,39.92,30,52,3992,3992,1.4706036766294897,10,1.3289968720371652,0.026579937440743308,6.284502079269787,17.484026004563596,2.6393676895985543,2.126413847042255,3,"{""0"": 0.02661004773162857, ""1"": 0.01023790342142383, ""2"": 0.02509445159644651, ""3"": 0.03555241106660249, ""4"": 0.028647385978777896, ""5"": 0.03333742484958054}"
primary,100,p0.40,nan,1.0,3,0.4,39.6,39.92,30,52,3992,3992,1.4706036766294897,20,1.0369928211981079,0.020739856423962158,20.00399850894593,20.625167511986966,2.6190332086977404,2.638924151424072,6,"{""0"": 0.0065069795683549096, ""1"": 0.012365838946114444, ""2"": 0.03144217940782056, ""3"": 0.02914411526467562, ""4"": 0.024345726353801812, ""5"": 0.020634299003005598}"
primary,100,p0.40,nan,1.0,3,0.4,39.6,39.92,30,52,3992,3992,1.4706036766294897,30,1.2426513871206792,0.02485302774241359,42.8884144403296,23.37866945135613,2.742384603638273,4.0131026735099145,11,"{""0"": 0.01078194308330521, ""1"": 0.0222231771070678, ""2"": 0.024380011924652417, ""3"": 0.0321619058625243, ""4"": 0.03930707408252602, ""5"": 0.0202640543944058}"
primary,100,p0.40,nan,1.0,3,0.4,39.6,39.92,30,52,3992,3992,1.4706036766294897,40,1.0037159325095053,0.020074318650190107,36.84622345378577,25.466926983891085,2.8703935014903985,4.615777330117543,12,"{""0"": 0.023002841427445353, ""1"": 0.019073720298215337, ""2"": 0.020568476351245736, ""3"": 0.02440288741036583, ""4"": 0.014174215869549343, ""5"": 0.019223770544319042}"
primary,100,p0.40,nan,1.0,3,0.4,39.6,39.92,30,52,3992,3992,1.4706036766294897,50,0.9551495664915415,0.019102991329830833,23.411822652512008,26.36260892122233,2.981371053363431,4.110103178493683,12,"{""0"": 0.016107333834727358, ""1"": 0.015099429664249547, ""2"": 0.01958345001676851, ""3"": 0.02253608517340956, ""4"": 0.016584926695883233, ""5"": 0.024706722593946785}"
primary,100,p0.40,nan,1.0,3,0.4,39.6,39.92,30,52,3992,3992,1.4706036766294897,60,0.9271224219726314,0.01854244843945263,22.22133938499569,26.406948921332194,2.952066371360549,2.8124836972911176,9,"{""0"": 0.026369714088087408, ""1"": 0.015093444927362431, ""2"": 0.015131590670210393, ""3"": 0.01954097794855556, ""4"": 0.010304208454167192, ""5"": 0.0248147545483328}"
primary,100,p0.40,nan,1.0,3,0.4,39.6,39.92,30,52,3992,3992,1.4706036766294897,70,0.8829960831783777,0.017659921663567557,38.087723494718,26.76159606701,2.956145246360005,2.721139618855956,10,"{""0"": 0.022416366080406463, ""1"": 0.017059568420541935, ""2"": 0.0167931074356433, ""3"": 0.00924552956957651, ""4"": 0.015092655416973393, ""5"": 0.025352303058263737}"
primary,100,p0.40,nan,1.0,3,0.4,39.6,39.92,30,52,3992,3992,1.4706036766294897,80,0.9712757459382382,0.019425514918764767,20.161042657543486,26.895474109763953,2.95609733473322,2.0273795177304437,7,"{""0"": 0.021667401031410967, ""1"": 0.016866463024644385, ""2"": 0.021788003823250794, ""3"": 0.007736648741954941, ""4"": 0.023352522746888527, ""5"": 0.025142050144438995}"
primary,100,p0.40,nan,1.0,3,0.4,39.6,39.92,30,52,3992,3992,1.4706036766294897,90,0.9399523075524642,0.018799046151049287,10.019953235958532,26.959455164235546,2.953429837813731,2.1829441479906473,8,"{""0"": 0.017137907598471565, ""1"": 0.01682480455105361, ""2"": 0.01883881309324184, ""3"": 0.009297708324307171, ""4"": 0.024598954143429344, ""5"": 0.026096089195792177}"
primary,100,p0.40,nan,1.0,3,0.4,39.6,39.92,30,52,3992,3992,1.4706036766294897,100,0.9768695641889903,0.019537391283779806,70.94055182193922,27.05151221504497,2.9423956624906933,2.1783670376939375,7,"{""0"": 0.01926032883467966, ""1"": 0.021007651713078467, ""2"": 0.015052714694290476, ""3"": 0.0064663277045630945, ""4"": 0.029009119254440524, ""5"": 0.026428205501626605}"
primary,100,p0.40,nan,1.0,3,0.4,39.6,39.92,30,52,3992,3992,1.4706036766294897,110,0.9096106456700092,0.018192212913400185,54.19150259885296,27.06520435205593,2.9330748287128654,2.3677384331215556,9,"{""0"": 0.018593903764476515, ""1"": 0.019080084187615688, ""2"": 0.012362781938220758, ""3"": 0.00893546842385495, ""4"": 0.024682754126975008, ""5"": 0.0254982850392582}"
primary,100,p0.40,nan,1.0,3,0.4,39.6,39.92,30,52,3992,3992,1.4706036766294897,120,0.907711411125988,0.01815422822251976,29.376853971189075,27.230605298053163,2.9589033917313023,2.54078200243258,9,"{""0"": 0.019670845364900897, ""1"": 0.015861506859086334, ""2"": 0.013462049352502888, ""3"": 0.009102295310896633, ""4"": 0.025915502812408613, ""5"": 0.02491316963532319}"
primary,100,p0.40,nan,1.0,3,0.4,39.6,39.92,30,52,3992,3992,1.4706036766294897,130,0.7903103359155914,0.01580620671831183,60.92748250841705,27.41519822698479,2.959706892193603,2.45565930120032,9,"{""0"": 0.017836233221184626, ""1"": 0.00847602819050619, ""2"": 0.012507097420317545, ""3"": 0.007896635992771772, ""4"": 0.023974728283403017, ""5"": 0.024146517201687846}"
primary,100,p0.40,nan,1.0,3,0.4,39.6,39.92,30,52,3992,3992,1.4706036766294897,140,0.7778729953579596,0.015557459907159194,42.862592523766736,27.477387723134342,2.9538864521226658,2.522987851589875,9,"{""0"": 0.020389571740220058, ""1"": 0.008326112967568048, ""2"": 0.011452869893766726, ""3"": 0.007408090976585237, ""4"": 0.022518510956570353, ""5"": 0.023249602908244738}"
primary,100,p0.40,nan,1.0,3,0.4,39.6,39.92,30,52,3992,3992,1.4706036766294897,150,0.7464494539509171,0.014928989079018342,9.164236767562068,27.544788279422022,2.9472417626864345,2.6410067734814673,9,"{""0"": 0.016214132851131845, ""1"": 0.013174368656308005, ""2"": 0.011391157408896142, ""3"": 0.006298809745225467, ""4"": 0.02148806418676371, ""5"": 0.021007401625784898}"
primary,100,p0.40,nan,1.0,3,0.4,39.6,39.92,30,52,3992,3992,1.4706036766294897,160,0.7545808660423409,0.01509161732084682,1.5125723938710014,27.610697488483,2.932364105934005,2.8143023159614984,10,"{""0"": 0.018672924393656237, ""1"": 0.013237665980431895, ""2"": 0.012469414124464534, ""3"": 0.006248241012598621, ""4"": 0.020391031132004224, ""5"": 0.019530427281925392}"
primary,100,p0.40,nan,1.0,3,0.4,39.6,39.92,30,52,3992,3992,1.4706036766294897,170,0.7890553082074234,0.015781106164148472,17.592876503379014,27.66607859634807,2.9298641766141746,3.371626419966875,11,"{""0"": 0.018142898808666718, ""1"": 0.01464199855045296, ""2"": 0.00880203761505918, ""3"": 0.007878707372170776, ""4"": 0.02565683643262679, ""5"": 0.019564158205914402}"
primary,100,p0.40,nan,1.0,3,0.4,39.6,39.92,30,52,3992,3992,1.4706036766294897,180,0.7615464180078735,0.015230928360157471,80.51031207132496,27.772348339752472,2.940596092153372,3.412125303836479,10,"{""0"": 0.016581467875167236, ""1"": 0.01371858375910373, ""2"": 0.006555060965086826, ""3"": 0.007579720483819806, ""4"": 0.026911411678623404, ""5"": 0.02003932539914382}"
primary,100,p0.40,nan,1.0,3,0.4,39.6,39.92,30,52,3992,3992,1.4706036766294897,190,0.7111631076334537,0.014223262152669076,43.44690499156692,27.903298192424348,2.91720962932723,3.4846811473314747,11,"{""0"": 0.015944019731750386, ""1"": 0.01379833554584883, ""2"": 0.005898128090585745, ""3"": 0.008382241870905822, ""4"": 0.01918341304129133, ""5"": 0.02213343463563234}"
primary,100,p0.40,nan,1.0,3,0.4,39.6,39.92,30,52,3992,3992,1.4706036766294897,200,0.7300745785245758,0.014601491570491518,10.116295169767335,28.049359007696424,2.922074564030456,3.242474637529277,10,"{""0"": 0.02002994404032902, ""1"": 0.014800750717368149, ""2"": 0.005778917688927969, ""3"": 0.007375526138959812, ""4"": 0.02008991747747263, ""5"": 0.019533893359891523}"
primary,100,p0.05,nan,1.0,4,0.05,4.95,5.08,1,11,508,508,1.533228069838482,0,0.9871287629673288,0.019742575259346577,nan,0.0,1.533228069838482,3.9618555694692,7,"{""0"": 0.01825585777561452, ""1"": 0.022452242911386006, ""2"": 0.020449970691092466, ""3"": 0.017687524899046257, ""4"": 0.018740980691852198, ""5"": 0.020868874587088027}"
primary,100,p0.05,nan,1.0,4,0.05,4.95,5.08,1,11,508,508,1.533228069838482,10,0.8426639848056758,0.01685327969611352,12.582054960451849,14.72177768170664,2.5672083648597552,1.250394261397553,2,"{""0"": 0.0058466717127366365, ""1"": 0.006885213665373822, ""2"": 0.02802216431201689, ""3"": 0.01888205209262937, ""4"": 0.014341100518503985, ""5"": 0.027142475875420402}"
primary,100,p0.05,nan,1.0,4,0.05,4.95,5.08,1,11,508,508,1.533228069838482,20,0.796582395993976,0.01593164791987952,14.547567116681707,14.946176640925291,2.195897896226619,1.458460221545369,3,"{""0"": 0.005819856528434286, ""1"": 0.008767658008549018, ""2"": 0.026030731229356997, ""3"": 0.025434074119926646, ""4"": 0.00837675395236005, ""5"": 0.021160813680650127}"
primary,100,p0.05,nan,1.0,4,0.05,4.95,5.08,1,11,508,508,1.533228069838482,30,0.8009557631589087,0.016019115263178174,33.63372947308431,15.163251486897373,2.240939001357145,1.9019859911553063,5,"{""0"": 0.008749494149350123, ""1"": 0.012521265382413396, ""2"": 0.021300810232991078, ""3"": 0.024677041192830842, ""4"": 0.009103515541308076, ""5"": 0.019762565080175536}"
primary,100,p0.05,nan,1.0,4,0.05,4.95,5.08,1,11,508,508,1.533228069838482,40,0.7640739577432278,0.01528147915486456,49.61679175874085,15.823540866240181,2.326368067834678,1.5665348213005148,4,"{""0"": 0.005934416914204708, ""1"": 0.011851781308757933, ""2"": 0.0201953093448178, ""3"": 0.02322822314711061, ""4"": 0.009209753790707043, ""5"": 0.02126939042358926}"
primary,100,p0.05,nan,1.0,4,0.05,4.95,5.08,1,11,508,508,1.533228069838482,50,0.7641292016033444,0.01528258403206689,17.5104571044174,16.194244348454617,2.3335999188596954,1.4430581024876883,3,"{""0"": 0.00546851300641811, ""1"": 0.011775177266969153, ""2"": 0.020190627670337517, ""3"": 0.02326438235616942, ""4"": 0.00965995031478454, ""5"": 0.021336853577722588}"
primary,100,p0.05,nan,1.0,4,0.05,4.95,5.08,1,11,508,508,1.533228069838482,60,0.7565939333180302,0.015131878666360605,22.406576385835862,16.480209138845307,2.3629496036060558,1.4449352655450007,3,"{""0"": 0.005193847081210271, ""1"": 0.011788440435271127, ""2"": 0.020221127527800437, ""3"": 0.02303296727533816, ""4"": 0.009167160022208323, ""5"": 0.021387729656335317}"
primary,100,p0.05,nan,1.0,4,0.05,4.95,5.08,1,11,508,508,1.533228069838482,70,0.6711165336773184,0.01342233067354637,13.53705339599139,16.923838906929127,2.451647027362387,1.5680672942410911,3,"{""0"": 0.0049240830301788205, ""1"": 0.013973486381834335, ""2"": 0.01514420877230942, ""3"": 0.016728792242642943, ""4"": 0.012110617703983043, ""5"": 0.01765279591032966}"
primary,100,p0.05,nan,1.0,4,0.05,4.95,5.08,1,11,508,508,1.533228069838482,80,0.7804877569864884,0.01560975513972977,18.111057665248666,17.26031267967545,2.4591876390769403,1.4769174695089866,3,"{""0"": 0.004817926482623143, ""1"": 0.013600209201068974, ""2"": 0.01512750236590812, ""3"": 0.022818523996952476, ""4"": 0.01985356703261023, ""5"": 0.017440801759215686}"
primary,100,p0.05,nan,1.0,4,0.05,4.95,5.08,1,11,508,508,1.533228069838482,90,0.7725509068377644,0.01545101813675529,42.79881725649462,17.449259776023116,2.461761266449542,1.5034161883424446,3,"{""0"": 0.004840682853926377, ""1"": 0.014367741624102492, ""2"": 0.014264667753749922, ""3"": 0.02294139973130219, ""4"": 0.020000806973618685, ""5"": 0.01629080988383207}"
primary,100,p0.05,nan,1.0,4,0.05,4.95,5.08,1,11,508,508,1.533228069838482,100,0.7714492994158213,0.015428985988316428,12.622472326928849,17.655818860353204,2.485214522826699,1.4880491620378693,3,"{""0"": 0.004756851313480333, ""1"": 0.014744602124520301, ""2"": 0.013986437198405944, ""3"": 0.022955928097306164, ""4"": 0.02008188557446019, ""5"": 0.016048211621725633}"
primary,100,p0.05,nan,1.0,4,0.05,4.95,5.08,1,11,508,508,1.533228069838482,110,0.766005823106833,0.01532011646213666,68.6408088013299,17.818126057624806,2.4586219245430474,1.4935705688251593,3,"{""0"": 0.004726545742158991, ""1"": 0.014209440522077715, ""2"": 0.014124128799721103, ""3"": 0.0228090096293377, ""4"": 0.020046390082994803, ""5"": 0.016005183996529657}"
primary,100,p0.05,nan,1.0,4,0.05,4.95,5.08,1,11,508,508,1.533228069838482,120,0.7573070144899631,0.015146140289799263,12.959806113208717,17.884161989280287,2.45502761029647,1.5708948702394596,3,"{""0"": 0.004942767854425424, ""1"": 0.013778347015129774, ""2"": 0.01391240400151075, ""3"": 0.022558679067238272, ""4"": 0.01966406848534292, ""5"": 0.01602057531514845}"
primary,100,p0.05,nan,1.0,4,0.05,4.95,5.08,1,11,508,508,1.533228069838482,130,0.7768750234707216,0.015537500469414432,17.1391827009719,17.966057258438305,2.403198570929456,1.5754533552435448,4,"{""0"": 0.00516161998754344, ""1"": 0.012688453324644852, ""2"": 0.015412048105405082, ""3"": 0.022462259438201824, ""4"": 0.019374163560144896, ""5"": 0.018126458400546507}"
primary,100,p0.05,nan,1.0,4,0.05,4.95,5.08,1,11,508,508,1.533228069838482,140,0.7773276191260641,0.015546552382521284,12.664093931805796,18.13409433464367,2.413854362121899,1.5866205975077599,4,"{""0"": 0.005172641357973959, ""1"": 0.012217928235969034, ""2"": 0.016386367768908866, ""3"": 0.022201140988696123, ""4"": 0.019190062014103223, ""5"": 0.0181111739294765}"
primary,100,p0.05,nan,1.0,4,0.05,4.95,5.08,1,11,508,508,1.533228069838482,150,0.7807707390884797,0.015615414781769596,12.658364803045187,18.31072190766686,2.404882540526679,1.5567811401178477,3,"{""0"": 0.005062825037156502, ""1"": 0.01204216469717421, ""2"": 0.016547669816146603, ""3"": 0.021959011537075832, ""4"": 0.019573368381398254, ""5"": 0.018507449221666177}"
primary,100,p0.05,nan,1.0,4,0.05,4.95,5.08,1,11,508,508,1.533228069838482,160,0.7863563831031133,0.015727127662062267,12.403201689481014,18.384019481958536,2.4134265158603694,1.6027422734637566,4,"{""0"": 0.005692751056445518, ""1"": 0.0121287506316126, ""2"": 0.016354614794870825, ""3"": 0.02194380838862599, ""4"": 0.019481375517013292, ""5"": 0.018761465583805377}"
primary,100,p0.05,nan,1.0,4,0.05,4.95,5.08,1,11,508,508,1.533228069838482,170,0.766668370399897,0.015333367407997943,60.26822354732834,18.521658718551354,2.4212061465259,1.6904961906619467,4,"{""0"": 0.005760648264581525, ""1"": 0.012024397473796068, ""2"": 0.015837770047432063, ""3"": 0.02179509365637383, ""4"": 0.0190540330699678, ""5"": 0.017528261935836363}"
primary,100,p0.05,nan,1.0,4,0.05,4.95,5.08,1,11,508,508,1.533228069838482,180,0.7365356901108552,0.014730713802217105,84.85242324705601,18.65995691719931,2.4257151690579084,1.7130128639256896,4,"{""0"": 0.0049549111739414535, ""1"": 0.012774403117813712, ""2"": 0.014201834042802652, ""3"": 0.020828847597362688, ""4"": 0.019152496254711847, ""5"": 0.016471790626670278}"
primary,100,p0.05,nan,1.0,4,0.05,4.95,5.08,1,11,508,508,1.533228069838482,190,0.7321961341153873,0.014643922682307749,43.920317717374,18.80829311118761,2.4485798174488984,1.7562159608574592,4,"{""0"": 0.004902020407379153, ""1"": 0.012838204218979164, ""2"": 0.014070814312232015, ""3"": 0.020417999574001332, ""4"": 0.019384152193244075, ""5"": 0.016250345388010755}"
primary,100,p0.05,nan,1.0,4,0.05,4.95,5.08,1,11,508,508,1.533228069838482,200,0.7094980232173104,0.014189960464346209,11.193979817773862,18.939320539938667,2.4673085964965606,1.8202299997081546,4,"{""0"": 0.004804171019646353, ""1"": 0.01298881758176985, ""2"": 0.012840255983665668, ""3"": 0.020281966956025122, ""4"": 0.020126973018041283, ""5"": 0.01409757822692897}"
primary,100,p0.10,nan,1.0,4,0.1,9.9,9.93,3,18,993,993,1.669532758890564,0,0.9848709936136122,0.019697419872272245,nan,0.0,1.669532758890564,5.282952698927362,8,"{""0"": 0.01824921112899868, ""1"": 0.018760263168708623, ""2"": 0.020873165264387157, ""3"": 0.01888847348877403, ""4"": 0.02071660188572631, ""5"": 0.020696804297038664}"
primary,100,p0.10,nan,1.0,4,0.1,9.9,9.93,3,18,993,993,1.669532758890564,10,1.0936748855530698,0.0218734977110614,32.75561233785235,15.204084278458348,2.4619344817009696,3.8426422669888605,7,"{""0"": 0.017977917222717247, ""1"": 0.01489817837548817, ""2"": 0.03178731020878787, ""3"": 0.026153769050348025, ""4"": 0.01940267901594938, ""5"": 0.021021132393077704}"
primary,100,p0.10,nan,1.0,4,0.1,9.9,9.93,3,18,993,993,1.669532758890564,20,0.9933924708867823,0.019867849417735648,90.95146774116355,16.5552029102009,2.4299309609057054,2.2406752232965323,5,"{""0"": 0.015300233495353843, ""1"": 0.0028924765113145902, ""2"": 0.02581082711811351, ""3"": 0.04078170027808218, ""4"": 0.010571201257052087, ""5"": 0.023850657846497675}"
primary,100,p0.10,nan,1.0,4,0.1,9.9,9.93,3,18,993,993,1.669532758890564,30,0.8644712706913413,0.017289425413826828,18.86719984251249,16.85839867743618,2.3955710236419456,2.1641867498348826,5,"{""0"": 0.008647981406839353, ""1"": 0.016505639285234637, ""2"": 0.01649466318791715, ""3"": 0.024701236550043866, ""4"": 0.01774540552398317, ""5"": 0.019641626528942777}"
primary,100,p0.10,nan,1.0,4,0.1,9.9,9.93,3,18,993,993,1.669532758890564,40,0.8422876590098503,0.016845753180197008,12.23408042821084,17.344466233343258,2.4015988584157384,2.1326164156132448,5,"{""0"": 0.005308361584547979, ""1"": 0.016595236291324245, ""2"": 0.023528926434190058, ""3"": 0.01914434028390837, ""4"": 0.01643838657808594, ""5"": 0.02005926790912547}"
primary,100,p0.10,nan,1.0,4,0.1,9.9,9.93,3,18,993,993,1.669532758890564,50,0.9288601285921555,0.018577202571843112,60.6504117743394,17.63869969580593,2.3851235274099576,2.193586486825856,6,"{""0"": 0.010462372280568835, ""1"": 0.016301640639347737, ""2"": 0.021224950435892384, ""3"": 0.024123340085814342, ""4"": 0.018516853948686265, ""5"": 0.02083405804074911}"
primary,100,p0.10,nan,1.0,4,0.1,9.9,9.93,3,18,993,993,1.669532758890564,60,0.8194327300670946,0.016388654601341892,71.53456719571062,17.81140783734048,2.4079330033813835,2.327560934275204,5,"{""0"": 0.0037206230783105266, ""1"": 0.01471014959828749, ""2"": 0.021869284295578405, ""3"": 0.022355704555917087, ""4"": 0.014731218116606992, ""5"": 0.02094494796335085}"
primary,100,p0.10,nan,1.0,4,0.1,9.9,9.93,3,18,993,993,1.669532758890564,70,0.7762620989312657,0.015525241978625317,29.796010237357688,18.007007047100654,2.3987909917828882,2.3540549304733815,6,"{""0"": 0.0034686862598915075, ""1"": 0.014302712643226984, ""2"": 0.017258051369276196, ""3"": 0.02108755751360599, ""4"": 0.015614284782862312, ""5"": 0.021420159302888923}"
primary,100,p0.10,nan,1.0,4,0.1,9.9,9.93,3,18,993,993,1.669532758890564,80,0.7699544996277827,0.015399089992555657,47.595087230528115,18.384754525023823,2.3834743448902325,2.674232316216078,6,"{""0"": 0.008268011836670041, ""1"": 0.011285379788619113, ""2"": 0.016157497248974417, ""3"": 0.022811092711021972, ""4"": 0.013254661497811715, ""5"": 0.020617896872236665}"
primary,100,p0.10,nan,1.0,4,0.1,9.9,9.93,3,18,993,993,1.669532758890564,90,0.7912942714477109,0.01582588542895422,39.5238127107791,18.489012453585225,2.343811846764154,2.774809888005064,6,"{""0"": 0.008510279277459553, ""1"": 0.011378378486965723, ""2"": 0.01711889544630697, ""3"": 0.02402156895596802, ""4"": 0.013418339481606159, ""5"": 0.020507850925418892}"
primary,100,p0.10,nan,1.0,4,0.1,9.9,9.93,3,18,993,993,1.669532758890564,100,0.7694806062517408,0.015389612125034818,8.119223662581655,18.759229464332392,2.3685423154939422,3.029663117841834,7,"{""0"": 0.012694493789020683, ""1"": 0.010268521816228577, ""2"": 0.0194524756184243, ""3"": 0.01830855592202074, ""4"": 0.011203429047240763, ""5"": 0.020410196557273826}"
primary,100,p0.10,nan,1.0,4,0.1,9.9,9.93,3,18,993,993,1.669532758890564,110,0.6926237678965825,0.013852475357931653,95.2846610273578,18.98492315846221,2.3323275953359195,3.335449601318943,7,"{""0"": 0.00981982780388426, ""1"": 0.007935040933782223, ""2"": 0.019783355119235624, ""3"": 0.015028476009935666, ""4"": 0.008076705296556783, ""5"": 0.022471446984195356}"
primary,100,p0.10,nan,1.0,4,0.1,9.9,9.93,3,18,993,993,1.669532758890564,120,0.6687047700603406,0.013374095401206813,22.569470646717054,19.201887035365413,2.3349254477891423,2.991689288797784,6,"{""0"": 0.009745740228311619, ""1"": 0.00617041058790808, ""2"": 0.020649484661557537, ""3"": 0.016231558866872064, ""4"": 0.005970039613295602, ""5"": 0.02147733844929597}"
primary,100,p0.10,nan,1.0,4,0.1,9.9,9.93,3,18,993,993,1.669532758890564,130,0.691507925539156,0.013830158510783121,10.898355282303747,19.203585365294266,2.327655045975716,2.5978980153457942,6,"{""0"": 0.010162799213238535, ""1"": 0.00519235837919923, ""2"": 0.02107563511727959, ""3"": 0.019096420442426952, ""4"": 0.0048458351087752646, ""5"": 0.022607902803779147}"
primary,100,p0.10,nan,1.0,4,0.1,9.9,9.93,3,18,993,993,1.669532758890564,140,0.683849303453519,0.013676986069070383,7.805013607244882,19.214423674100093,2.325071748639301,2.6318431335101184,6,"{""0"": 0.012447188939244638, ""1"": 0.005880717995297524, ""2"": 0.021035286674258514, ""3"": 0.019410945855903243, ""4"": 0.005549045351919692, ""5"": 0.017738731597798714}"
primary,100,p0.10,nan,1.0,4,0.1,9.9,9.93,3,18,993,993,1.669532758890564,150,0.6665996912753918,0.013331993825507838,22.43464287579399,19.23104455859352,2.3171341835853254,2.708591457497645,6,"{""0"": 0.011929311291414302, ""1"": 0.004802446850395449, ""2"": 0.01716329382774444, ""3"": 0.01751484665063014, ""4"": 0.004472919441154875, ""5"": 0.02410914489170781}"
primary,100,p0.10,nan,1.0,4,0.1,9.9,9.93,3,18,993,993,1.669532758890564,160,0.630007035129055,0.012600140702581102,7.499220691748911,19.295806890776944,2.3233941100697653,2.777962164267364,6,"{""0"": 0.011140641682692225, ""1"": 0.004834531597056069, ""2"": 0.016506959825228585, ""3"": 0.013989057550735522, ""4"": 0.004079531460678245, ""5"": 0.02505012209909597}"
primary,100,p0.10,nan,1.0,4,0.1,9.9,9.93,3,18,993,993,1.669532758890564,170,0.6073718860078368,0.012147437720156737,12.148332646182423,19.385712247848282,2.3137685718365755,2.7230646706350234,5,"{""0"": 0.009278543824610266, ""1"": 0.004136951025481961, ""2"": 0.016919826814682376, ""3"": 0.013053464726426304, ""4"": 0.0047908864977938125, ""5"": 0.024704953431945703}"
primary,100,p0.10,nan,1.0,4,0.1,9.9,9.93,3,18,993,993,1.669532758890564,180,0.6549951180048346,0.013099902360096694,76.92596523221857,19.481204946374476,2.3174858100288507,2.771893873588189,6,"{""0"": 0.01122168979490282, ""1"": 0.004995681352747516, ""2"": 0.018944667310671955, ""3"": 0.012743429758032335, ""4"": 0.005705215602570999, ""5"": 0.024988730341654528}"
primary,100,p0.10,nan,1.0,4,0.1,9.9,9.93,3,18,993,993,1.669532758890564,190,0.6417023758036489,0.012834047516072979,20.245073017683097,19.56136579679368,2.3242746029084573,2.8458255033348774,6,"{""0"": 0.009947841823125112, ""1"": 0.006044038344690569, ""2"": 0.017772294784708285, ""3"": 0.013078020398322593, ""4"": 0.005508184294499179, ""5"": 0.02465390545109214}"
primary,100,p0.10,nan,1.0,4,0.1,9.9,9.93,3,18,993,993,1.669532758890564,200,0.6293535903382675,0.012587071806765354,7.658851888222729,19.627073547507425,2.3114499537413438,2.8274486569101343,6,"{""0"": 0.008116026694565426, ""1"": 0.005952530506153492, ""2"": 0.016790616315986585, ""3"": 0.013846343603554457, ""4"": 0.005194443871945146, ""5"": 0.02562246984838702}"
primary,100,p0.20,nan,1.0,4,0.2,19.8,19.87,12,32,1987,1987,1.5615544686453926,0,1.0035608364812556,0.020071216729625117,nan,0.0,1.5615544686453926,3.056477039885584,8,"{""0"": 0.021075354088509083, ""1"": 0.020286848575371847, ""2"": 0.017943910418785146, ""3"": 0.018878692348666404, ""4"": 0.02054455778133072, ""5"": 0.021697937165087503}"
primary,100,p0.20,nan,1.0,4,0.2,19.8,19.87,12,32,1987,1987,1.5615544686453926,10,1.0249596844634785,0.02049919368926957,30.666276522340794,15.62128542272158,2.2790410022006857,2.657343758517272,5,"{""0"": 0.012167089370392315, ""1"": 0.014088252629099279, ""2"": 0.01976139554161461, ""3"": 0.04989394310356447, ""4"": 0.017609998240313247, ""5"": 0.009474483250633504}"
primary,100,p0.20,nan,1.0,4,0.2,19.8,19.87,12,32,1987,1987,1.5615544686453926,20,1.1673268799021697,0.023346537598043397,4.434044978403631,17.780620790345967,2.4037352884041985,2.3276551160449497,4,"{""0"": 0.013049525028724052, ""1"": 0.007067588756499157, ""2"": 0.03604017615905657, ""3"": 0.05215230535861628, ""4"": 0.02485723039814857, ""5"": 0.006912399887215749}"
primary,100,p0.20,nan,1.0,4,0.2,19.8,19.87,12,32,1987,1987,1.5615544686453926,30,1.049264284441718,0.02098528568883436,24.725785228436933,20.194371513410964,2.4605997700842663,2.56649329614317,6,"{""0"": 0.018291944684194948, ""1"": 0.012751013307135989, ""2"": 0.0027485916315101765, ""3"": 0.044413514017481115, ""4"": 0.04491006132980155, ""5"": 0.002796589162882388}"
primary,100,p0.20,nan,1.0,4,0.2,19.8,19.87,12,32,1987,1987,1.5615544686453926,40,1.0016975673970785,0.020033951347941573,64.6161404835354,21.358469886964127,2.56641622182294,2.2963311828316035,6,"{""0"": 0.021425385885889693, ""1"": 0.021379825607463435, ""2"": 0.005859978561050199, ""3"": 0.029833572585744827, ""4"": 0.038670871153802126, ""5"": 0.003034074293699154}"
primary,100,p0.20,nan,1.0,4,0.2,19.8,19.87,12,32,1987,1987,1.5615544686453926,50,0.8511163860391524,0.017022327720783048,33.892406083570386,21.462245579818237,2.561906762532394,3.700722332041219,9,"{""0"": 0.027582276318377303, ""1"": 0.020521241590231776, ""2"": 0.004821717849388172, ""3"": 0.0244659918200503, ""4"": 0.020546514306227816, ""5"": 0.0041962244404229205}"
primary,100,p0.20,nan,1.0,4,0.2,19.8,19.87,12,32,1987,1987,1.5615544686453926,60,0.8316518200122601,0.016633036400245205,30.870827468654834,22.019107011930306,2.6310332078524863,4.1650251702548085,10,"{""0"": 0.018101620601467003, ""1"": 0.02176247818841893, ""2"": 0.010501147501798497, ""3"": 0.025961659731780256, ""4"": 0.01377444755074685, ""5"": 0.009696864827259694}"
primary,100,p0.20,nan,1.0,4,0.2,19.8,19.87,12,32,1987,1987,1.5615544686453926,70,0.7090251542622977,0.014180503085245957,31.92250600967732,22.268484198428844,2.672332208785401,3.8100496712306033,11,"{""0"": 0.011315461168563561, ""1"": 0.02083055163919301, ""2"": 0.010900378726288079, ""3"": 0.016331617452330995, ""4"": 0.01992463450259222, ""5"": 0.00578037502250786}"
primary,100,p0.20,nan,1.0,4,0.2,19.8,19.87,12,32,1987,1987,1.5615544686453926,80,0.6505897744072069,0.01301179548814414,60.19095891066968,22.406755932313093,2.700301945122561,3.450031938121221,10,"{""0"": 0.013115008239018, ""1"": 0.017825750166791103, ""2"": 0.012769013700068504, ""3"": 0.012579684125470456, ""4"": 0.016921123273138928, ""5"": 0.0048601934243778355}"
primary,100,p0.20,nan,1.0,4,0.2,19.8,19.87,12,32,1987,1987,1.5615544686453926,90,0.6850713821450178,0.01370142764290036,51.14526274462303,22.32350120330882,2.6818299119038267,3.785657894309795,11,"{""0"": 0.016745112151866366, ""1"": 0.01868060081504036, ""2"": 0.009733680119383832, ""3"": 0.01403253817711913, ""4"": 0.016195025552037508, ""5"": 0.006821609041954971}"
primary,100,p0.20,nan,1.0,4,0.2,19.8,19.87,12,32,1987,1987,1.5615544686453926,100,0.6922948437613335,0.013845896875226674,42.47417708739455,22.5415849344139,2.6554351404304297,3.7158188565871106,10,"{""0"": 0.01582878036022898, ""1"": 0.017157400217912927, ""2"": 0.010882075510788198, ""3"": 0.014203302352147798, ""4"": 0.015826754104114413, ""5"": 0.009177068706167704}"
primary,100,p0.20,nan,1.0,4,0.2,19.8,19.87,12,32,1987,1987,1.5615544686453926,110,0.6653815084685762,0.013307630169371526,11.511928826015218,22.571920145865818,2.696832190068873,3.7709912343501526,10,"{""0"": 0.01602787372293108, ""1"": 0.01617847837333685, ""2"": 0.010533616268461648, ""3"": 0.013806520782347292, ""4"": 0.014523199303465822, ""5"": 0.00877609256568646}"
primary,100,p0.20,nan,1.0,4,0.2,19.8,19.87,12,32,1987,1987,1.5615544686453926,120,0.6539905460916365,0.013079810921832734,66.0278503151834,22.814828891864106,2.747327847569915,4.233048025746261,11,"{""0"": 0.015072606249888178, ""1"": 0.018701981254139303, ""2"": 0.01162046875311837, ""3"": 0.013325565399304873, ""4"": 0.010631157870160623, ""5"": 0.009127086004385054}"
primary,100,p0.20,nan,1.0,4,0.2,19.8,19.87,12,32,1987,1987,1.5615544686453926,130,0.6155657035365831,0.012311314070731664,12.973366284885229,22.954893451115492,2.73720931567909,4.340869213200545,10,"{""0"": 0.015706940414867226, ""1"": 0.01612340538024918, ""2"": 0.010596551074446707, ""3"": 0.013243445010644894, ""4"": 0.009083140317827865, ""5"": 0.009114402226354115}"
primary,100,p0.20,nan,1.0,4,0.2,19.8,19.87,12,32,1987,1987,1.5615544686453926,140,0.5666506003053058,0.011333012006106119,38.01828981192675,23.15924114271103,2.739244365527686,4.28268157134725,11,"{""0"": 0.013136248308792403, ""1"": 0.013519754787768585, ""2"": 0.011012279145740404, ""3"": 0.013168740515193922, ""4"": 0.009497687842016853, ""5"": 0.007663361437124543}"
primary,100,p0.20,nan,1.0,4,0.2,19.8,19.87,12,32,1987,1987,1.5615544686453926,150,0.6603547230534264,0.013207094461068528,15.646241471212583,23.173484261606287,2.6934433488986764,4.453851129628142,11,"{""0"": 0.013967914968121114, ""1"": 0.015159232167314957, ""2"": 0.019379041324049547, ""3"": 0.012158358619965653, ""4"": 0.010054963048326277, ""5"": 0.008523056638633623}"
primary,100,p0.20,nan,1.0,4,0.2,19.8,19.87,12,32,1987,1987,1.5615544686453926,160,0.5835824712179404,0.011671649424358808,21.457416435212775,23.243413222610663,2.6458165245967544,4.721507456160632,12,"{""0"": 0.013735612373314637, ""1"": 0.011449308404896332, ""2"": 0.01707936991751662, ""3"": 0.012543918458565947, ""4"": 0.008759245735274318, ""5"": 0.006462441656585003}"
primary,100,p0.20,nan,1.0,4,0.2,19.8,19.87,12,32,1987,1987,1.5615544686453926,170,0.5936724368927936,0.011873448737855872,63.83747079319181,23.33619804419818,2.658455937388344,4.772812741393351,12,"{""0"": 0.014031953358588164, ""1"": 0.011911036114120496, ""2"": 0.020572381350311163, ""3"": 0.012209335022989749, ""4"": 0.005712894818705287, ""5"": 0.006803091762420381}"
primary,100,p0.20,nan,1.0,4,0.2,19.8,19.87,12,32,1987,1987,1.5615544686453926,180,0.5648859173056284,0.01129771834611257,59.44809469867287,23.446158600182642,2.678089927223825,4.315744525580134,11,"{""0"": 0.012127055529623742, ""1"": 0.013095944598229528, ""2"": 0.018347254209546797, ""3"": 0.01016980542590279, ""4"": 0.007757057930275507, ""5"": 0.006289192383097049}"
primary,100,p0.20,nan,1.0,4,0.2,19.8,19.87,12,32,1987,1987,1.5615544686453926,190,0.547224054284789,0.010944481085695783,20.212972446670282,23.452910009608658,2.658574772426651,4.2995006433035305,11,"{""0"": 0.011691553238606198, ""1"": 0.013943801484395982, ""2"": 0.016740623560153205, ""3"": 0.010436348816141236, ""4"": 0.006365448910089154, ""5"": 0.00648911050478892}"
primary,100,p0.20,nan,1.0,4,0.2,19.8,19.87,12,32,1987,1987,1.5615544686453926,200,0.5206529677658649,0.0104130593553173,18.504976220934388,23.53848062010412,2.644383010721123,4.332193637291722,11,"{""0"": 0.011184303271942937, ""1"": 0.013884087274089903, ""2"": 0.01541690076420848, ""3"": 0.008985238538498126, ""4"": 0.0065383168501935655, ""5"": 0.006469509432970791}"
primary,100,p0.40,nan,1.0,4,0.4,39.6,39.49,28,51,3949,3949,1.510617652395727,0,1.0123181309299756,0.020246362618599516,nan,0.0,1.510617652395727,3.735327673074764,8,"{""0"": 0.02009089010667981, ""1"": 0.020455131739952725, ""2"": 0.02074102738276889, ""3"": 0.017638115388060337, ""4"": 0.021264156260596637, ""5"": 0.02128885483353869}"
primary,100,p0.40,nan,1.0,4,0.4,39.6,39.49,28,51,3949,3949,1.510617652395727,10,1.1905377007555553,0.02381075401511111,10.664309829018224,18.30729222966517,2.5720333895750214,1.4425409880345599,2,"{""0"": 0.016621790369696993, ""1"": 0.029849277803844075, ""2"": 0.03606021409207874, ""3"": 0.01073871488169871, ""4"": 0.015043507702111002, ""5"": 0.034551019241237116}"
primary,100,p0.40,nan,1.0,4,0.4,39.6,39.49,28,51,3949,3949,1.510617652395727,20,1.308968746684595,0.0261793749336919,76.14919179572698,25.551655084716995,2.741672317838444,2.8558787164638204,8,"{""0"": 0.02792296863687409, ""1"": 0.03395520026536463, ""2"": 0.028106892387805005, ""3"": 0.023892734060177827, ""4"": 0.01934118632820186, ""5"": 0.02385726792372798}"
primary,100,p0.40,nan,1.0,4,0.4,39.6,39.49,28,51,3949,3949,1.510617652395727,30,1.0267295461303236,0.020534590922606472,15.593823595592776,27.463962024628064,3.049785406467068,3.102298719434808,9,"{""0"": 0.021648873260687807, ""1"": 0.031123480439076322, ""2"": 0.013293134464993448, ""3"": 0.01779369495359568, ""4"": 0.031003446742754702, ""5"": 0.008344915674530889}"
primary,100,p0.40,nan,1.0,4,0.4,39.6,39.49,28,51,3949,3949,1.510617652395727,40,0.8785303930832783,0.017570607861665567,4.524820929525566,29.286672805740615,3.175529728367565,2.470079971694922,9,"{""0"": 0.01542099228227747, ""1"": 0.03252980943076913, ""2"": 0.015632906124266478, ""3"": 0.013993064921030748, ""4"": 0.02147257786144241, ""5"": 0.006374296550207184}"
primary,100,p0.40,nan,1.0,4,0.4,39.6,39.49,28,51,3949,3949,1.510617652395727,50,0.9377473682070605,0.01875494736414121,82.27997622666521,29.523447648732972,3.3055259832332498,2.495155871592132,9,"{""0"": 0.019530698186943023, ""1"": 0.03154123053675789, ""2"": 0.014231975375248344, ""3"": 0.010823931257222679, ""4"": 0.02675625938745041, ""5"": 0.009645589441224919}"
primary,100,p0.40,nan,1.0,4,0.4,39.6,39.49,28,51,3949,3949,1.510617652395727,60,0.9520991843741667,0.019041983687483336,39.557669303360974,29.95623552558811,3.3019730033886554,3.525790874741742,11,"{""0"": 0.015135123909392225, ""1"": 0.02598212970945165, ""2"": 0.024584409375338873, ""3"": 0.015669384006707324, ""4"": 0.01593189880473591, ""5"": 0.01694895631927404}"
primary,100,p0.40,nan,1.0,4,0.4,39.6,39.49,28,51,3949,3949,1.510617652395727,70,0.8844129163514388,0.017688258327028777,48.711722870814356,30.136215598615685,3.2747634859361194,3.1033293761334244,10,"{""0"": 0.01817887872055942, ""1"": 0.022592451939463788, ""2"": 0.019492583023798252, ""3"": 0.015108134574513132, ""4"": 0.02017146454514973, ""5"": 0.010586037158688357}"
primary,100,p0.40,nan,1.0,4,0.4,39.6,39.49,28,51,3949,3949,1.510617652395727,80,0.858804964941112,0.017176099298822245,34.87982792592056,30.416408996093377,3.265641993319227,3.2670674371412614,11,"{""0"": 0.014341672241499953, ""1"": 0.023896791757212994, ""2"": 0.019702332436163983, ""3"": 0.015345945777733242, ""4"": 0.019676809755325476, ""5"": 0.010093043824997821}"
primary,100,p0.40,nan,1.0,4,0.4,39.6,39.49,28,51,3949,3949,1.510617652395727,90,0.9498526035116369,0.01899705207023274,59.976424818988505,30.499984232502165,3.2341126068467267,3.447875712066778,12,"{""0"": 0.012107580910043252, ""1"": 0.030485292637951734, ""2"": 0.023046761133181125, ""3"": 0.014491452983353217, ""4"": 0.02394796969112702, ""5"": 0.009903255065740107}"
primary,100,p0.40,nan,1.0,4,0.4,39.6,39.49,28,51,3949,3949,1.510617652395727,100,1.00632919785639,0.0201265839571278,77.88026976042022,30.80148319830006,3.257616051744758,3.38228570466987,12,"{""0"": 0.012529861441601736, ""1"": 0.03447857731637598, ""2"": 0.025719503214008805, ""3"": 0.013990663388052845, ""4"": 0.023638797797683703, ""5"": 0.010402100585043737}"
primary,100,p0.40,nan,1.0,4,0.4,39.6,39.49,28,51,3949,3949,1.510617652395727,110,0.9691099827009554,0.019382199654019112,26.658405037655545,31.2295866648653,3.284750421808094,3.4044164158166863,12,"{""0"": 0.013603343456147532, ""1"": 0.0310273497495961, ""2"": 0.022172239424612085, ""3"": 0.016229605533536796, ""4"": 0.023347874718483656, ""5"": 0.009912785041738507}"
primary,100,p0.40,nan,1.0,4,0.4,39.6,39.49,28,51,3949,3949,1.510617652395727,120,0.950050349665864,0.019001006993317283,60.82825808966254,31.125518836913027,3.2895019651558988,3.380088227012124,12,"{""0"": 0.013699632724105454, ""1"": 0.030137044091816743, ""2"": 0.021917136686418853, ""3"": 0.01665979327948568, ""4"": 0.01638287085543478, ""5"": 0.015209564322642186}"
primary,100,p0.40,nan,1.0,4,0.4,39.6,39.49,28,51,3949,3949,1.510617652395727,130,0.807625942192221,0.016152518843844423,76.9364419025595,31.238702940170167,3.3648633560008494,3.8914563037547176,13,"{""0"": 0.011974031685608634, ""1"": 0.025170272552793603, ""2"": 0.02041199841265063, ""3"": 0.010135506565596308, ""4"": 0.017450806700411246, ""5"": 0.011772497146006113}"
primary,100,p0.40,nan,1.0,4,0.4,39.6,39.49,28,51,3949,3949,1.510617652395727,140,0.7142495169380318,0.01428499033876064,18.768074916485457,31.41228608385376,3.2981385559442176,3.5812718787047673,13,"{""0"": 0.011494139781752292, ""1"": 0.023383578292177444, ""2"": 0.017590673539951102, ""3"": 0.00869274751788546, ""4"": 0.014335675298401473, ""5"": 0.01021312760239606}"
primary,100,p0.40,nan,1.0,4,0.4,39.6,39.49,28,51,3949,3949,1.510617652395727,150,0.7669931320367068,0.015339862640734139,27.510255021661507,31.447461764794856,3.316477577205634,3.4217068693857575,12,"{""0"": 0.011403873935185759, ""1"": 0.02354666817273863, ""2"": 0.017486096810075503, ""3"": 0.01109403941158461, ""4"": 0.017076549861709225, ""5"": 0.011431947653111098}"
primary,100,p0.40,nan,1.0,4,0.4,39.6,39.49,28,51,3949,3949,1.510617652395727,160,0.726472322386704,0.014529446447734082,12.016946878216096,31.509172843198424,3.2953417608470934,3.211687166388486,12,"{""0"": 0.01105842554885312, ""1"": 0.021850337810485464, ""2"": 0.014791607525124309, ""3"": 0.009779967437550482, ""4"": 0.015080329461554198, ""5"": 0.014616010902836906}"
primary,100,p0.40,nan,1.0,4,0.4,39.6,39.49,28,51,3949,3949,1.510617652395727,170,0.7510462650942149,0.0150209253018843,29.69484273955378,31.580550369485103,3.3303431037268183,3.3013750878363566,13,"{""0"": 0.013091329541902319, ""1"": 0.020644912929394653, ""2"": 0.015795793957199485, ""3"": 0.010103561126115584, ""4"": 0.01606917228742624, ""5"": 0.01442078196926753}"
primary,100,p0.40,nan,1.0,4,0.4,39.6,39.49,28,51,3949,3949,1.510617652395727,180,0.7950615323293363,0.015901230646586727,16.78736951581808,31.716010363394137,3.3358220617390404,3.3104079434410516,13,"{""0"": 0.015795545903705965, ""1"": 0.02282052914276244, ""2"": 0.01564875231710012, ""3"": 0.010115439082638311, ""4"": 0.015111336357704083, ""5"": 0.015915781075609464}"
primary,100,p0.40,nan,1.0,4,0.4,39.6,39.49,28,51,3949,3949,1.510617652395727,190,0.7652583369729394,0.01530516673945879,28.992578467706206,31.819677105884157,3.3492736249093906,3.4294974829777303,13,"{""0"": 0.013514395008555738, ""1"": 0.02294565572504175, ""2"": 0.01540760187988754, ""3"": 0.010137682046217539, ""4"": 0.014300549559442169, ""5"": 0.015525116217608001}"
primary,100,p0.40,nan,1.0,4,0.4,39.6,39.49,28,51,3949,3949,1.510617652395727,200,0.8067329321820587,0.016134658643641175,10.083238307270278,31.98987362650351,3.3528329612102725,3.5571608841081344,13,"{""0"": 0.010712757712595658, ""1"": 0.025038699662689103, ""2"": 0.015462200226443207, ""3"": 0.010437868966245307, ""4"": 0.018656428721826723, ""5"": 0.016499996572047055}"
primary,100,p0.05,nan,1.0,5,0.05,4.95,5.17,0,12,517,517,1.7760532405886338,0,0.9977358468145917,0.019954716936291837,nan,0.0,1.7760532405886338,1.8500358584235943,4,"{""0"": 0.020459278461679387, ""1"": 0.016556611234559447, ""2"": 0.02226575592816351, ""3"": 0.021391922009060683, ""4"": 0.022112227677285035, ""5"": 0.016942506307002978}"
primary,100,p0.05,nan,1.0,5,0.05,4.95,5.17,0,12,517,517,1.7760532405886338,10,1.2270156518833282,0.024540313037666565,52.10468460036907,11.861365087334136,2.305218951857718,1.5195104445513608,3,"{""0"": 0.03337425065788367, ""1"": 0.03046258331736314, ""2"": 0.015098718134925453, ""3"": 0.012997106517421277, ""4"": 0.028046814873424603, ""5"": 0.027262404724981232}"
primary,100,p0.05,nan,1.0,5,0.05,4.95,5.17,0,12,517,517,1.7760532405886338,20,1.1610821112735332,0.023221642225470667,10.596569142124368,11.78710677027954,2.131260614327622,1.7047659207340136,4,"{""0"": 0.035752538624516314, ""1"": 0.029020296498391558, ""2"": 0.013588045323849541, ""3"": 0.01962288486169303, ""4"": 0.021062548071111173, ""5"": 0.020283539973262408}"
primary,100,p0.05,nan,1.0,5,0.05,4.95,5.17,0,12,517,517,1.7760532405886338,30,1.0923026007780532,0.021846052015561068,50.40623109441661,12.76598026565762,2.0927447728555,1.717174168248662,5,"{""0"": 0.030557341332368454, ""1"": 0.027937635442844517, ""2"": 0.02336392483889001, ""3"": 0.01732904507076938, ""4"": 0.01966521526343355, ""5"": 0.012223150145060495}"
primary,100,p0.05,nan,1.0,5,0.05,4.95,5.17,0,12,517,517,1.7760532405886338,40,1.0728925968326364,0.02145785193665273,39.67407235954721,13.422161850038227,2.0607088009401,1.8517513636629992,5,"{""0"": 0.031045479373033445, ""1"": 0.024582927267728087, ""2"": 0.023900108936050175, ""3"": 0.01688179369504423, ""4"": 0.018947123983350907, ""5"": 0.013389678364709537}"
primary,100,p0.05,nan,1.0,5,0.05,4.95,5.17,0,12,517,517,1.7760532405886338,50,1.0080078901770086,0.020160157803540177,14.805041504395865,13.554577382571633,2.084693647390544,2.2968765360252417,6,"{""0"": 0.024115167102520187, ""1"": 0.028150788836753197, ""2"": 0.023668496758466762, ""3"": 0.01708823794059882, ""4"": 0.017797502359593566, ""5"": 0.01014075382330852}"
primary,100,p0.05,nan,1.0,5,0.05,4.95,5.17,0,12,517,517,1.7760532405886338,60,0.9350303562719963,0.018700607125439927,62.24758849551087,13.726201502709905,1.9603139860322987,3.0086249543140644,6,"{""0"": 0.018473386015746163, ""1"": 0.0264142925516322, ""2"": 0.023588561962510277, ""3"": 0.017756243273711923, ""4"": 0.015769814883001738, ""5"": 0.010201344066037255}"
primary,100,p0.05,nan,1.0,5,0.05,4.95,5.17,0,12,517,517,1.7760532405886338,70,0.9260585525211269,0.01852117105042254,19.27636561294993,14.091830214658962,1.9750934210180824,3.053124308537821,6,"{""0"": 0.017503514851663442, ""1"": 0.033506208682271346, ""2"": 0.02277362729200741, ""3"": 0.01862999911052695, ""4"": 0.010945072629111076, ""5"": 0.007768603736955022}"
primary,100,p0.05,nan,1.0,5,0.05,4.95,5.17,0,12,517,517,1.7760532405886338,80,0.9476881805005097,0.018953763610010197,17.949560146800145,14.32875110980129,1.981255188585554,3.1508724556138588,7,"{""0"": 0.0180489780024889, ""1"": 0.02680878295556053, ""2"": 0.02552234070104308, ""3"": 0.01811945440667044, ""4"": 0.016870249230994002, ""5"": 0.008352776363304226}"
primary,100,p0.05,nan,1.0,5,0.05,4.95,5.17,0,12,517,517,1.7760532405886338,90,0.9153259293162405,0.018306518586324812,75.25997997313269,14.53920407196552,1.9594414572203678,3.29413391289216,7,"{""0"": 0.013260492747697339, ""1"": 0.03049036477438616, ""2"": 0.02463195255088398, ""3"": 0.01826522465496928, ""4"": 0.015000781145581116, ""5"": 0.008190295644430997}"
primary,100,p0.05,nan,1.0,5,0.05,4.95,5.17,0,12,517,517,1.7760532405886338,100,0.886416317548012,0.017728326350960243,13.080238981284799,14.792977067028158,1.9586768004210078,3.3871537666177347,7,"{""0"": 0.013736905408385392, ""1"": 0.032740257085263715, ""2"": 0.02129971975279003, ""3"": 0.017231109390746725, ""4"": 0.012755546905450147, ""5"": 0.008606419563125436}"
primary,100,p0.05,nan,1.0,5,0.05,4.95,5.17,0,12,517,517,1.7760532405886338,110,0.8873434184325039,0.017746868368650078,58.81403591677559,15.141742255097089,1.99060396324485,3.156818672161424,7,"{""0"": 0.01244903934768144, ""1"": 0.030188970970872225, ""2"": 0.024379787520612324, ""3"": 0.017812459282674643, ""4"": 0.012582728538487364, ""5"": 0.009068224551572487}"
primary,100,p0.05,nan,1.0,5,0.05,4.95,5.17,0,12,517,517,1.7760532405886338,120,0.8809325362104544,0.01761865072420909,22.75609940421838,15.26040581691433,1.9995999270210285,2.889282271494124,6,"{""0"": 0.011449335562899045, ""1"": 0.029933747563677088, ""2"": 0.024957245186821325, ""3"": 0.017552515393503325, ""4"": 0.012014400105975409, ""5"": 0.009804660532378362}"
primary,100,p0.05,nan,1.0,5,0.05,4.95,5.17,0,12,517,517,1.7760532405886338,130,0.8772241534240981,0.017544483068481963,27.84753171761194,15.524142316879324,2.0069904130903815,2.819111886299393,6,"{""0"": 0.01117623390844706, ""1"": 0.029353719275161748, ""2"": 0.025431467454088634, ""3"": 0.017829579464794458, ""4"": 0.011872311448685452, ""5"": 0.009603586859714438}"
primary,100,p0.05,nan,1.0,5,0.05,4.95,5.17,0,12,517,517,1.7760532405886338,140,0.8786889616028737,0.017573779232057475,45.44603220311315,15.832491457725968,2.0122737325662756,2.9318189476830296,7,"{""0"": 0.01160022487754305, ""1"": 0.03040497332408878, ""2"": 0.025287763728437957, ""3"": 0.01774036904125515, ""4"": 0.011455124384519096, ""5"": 0.008954220036500824}"
primary,100,p0.05,nan,1.0,5,0.05,4.95,5.17,0,12,517,517,1.7760532405886338,150,0.8657203068334501,0.017314406136669003,20.971672864402535,15.978041076224695,2.01831420120354,2.9592720679695548,7,"{""0"": 0.011900566710469419, ""1"": 0.030225907130951968, ""2"": 0.02557268757865294, ""3"": 0.017795703425318825, ""4"": 0.011184619615192796, ""5"": 0.007206952359428068}"
primary,100,p0.05,nan,1.0,5,0.05,4.95,5.17,0,12,517,517,1.7760532405886338,160,0.8676823676171432,0.017353647352342867,18.586493395247984,16.125494287925836,2.006751147532004,2.952189015352994,7,"{""0"": 0.011878633749792354, ""1"": 0.03080000643778691, ""2"": 0.025308854165843487, ""3"": 0.017751234357670835, ""4"": 0.011281595274476757, ""5"": 0.007101560128486865}"
primary,100,p0.05,nan,1.0,5,0.05,4.95,5.17,0,12,517,517,1.7760532405886338,170,0.8538892148614032,0.017077784297228067,43.837281216777114,16.2903048382892,1.9919405033982092,3.0335071489742322,7,"{""0"": 0.011976139467275021, ""1"": 0.0291572099397047, ""2"": 0.02454785360421213, ""3"": 0.017829692118553904, ""4"": 0.011612620911296685, ""5"": 0.00734318974232597}"
primary,100,p0.05,nan,1.0,5,0.05,4.95,5.17,0,12,517,517,1.7760532405886338,180,0.8543979234582209,0.01708795846916442,20.955374054451624,16.45032412501292,2.0040569853112156,3.0616096154051164,6,"{""0"": 0.011945971040546208, ""1"": 0.02799848697153872, ""2"": 0.02429143732838266, ""3"": 0.017658072260012408, ""4"": 0.01202054326280703, ""5"": 0.008613239951699493}"
primary,100,p0.05,nan,1.0,5,0.05,4.95,5.17,0,12,517,517,1.7760532405886338,190,0.8502638971298665,0.017005277942597333,27.6085546742185,16.595150594426787,2.0036217457371213,3.052753784535729,7,"{""0"": 0.011999982135209997, ""1"": 0.026559934325995228, ""2"": 0.023652015565014575, ""3"": 0.01746833034448076, ""4"": 0.014112791890583806, ""5"": 0.00823861339429962}"
primary,100,p0.05,nan,1.0,5,0.05,4.95,5.17,0,12,517,517,1.7760532405886338,200,0.8444537858805042,0.01688907571761009,14.090675893612346,16.845494099381256,1.9955288042039458,3.043932664267258,7,"{""0"": 0.012371601561626071, ""1"": 0.027256378837370955, ""2"": 0.023680821690110383, ""3"": 0.017495521994757866, ""4"": 0.012886509272863297, ""5"": 0.00764362094893196}"
primary,100,p0.10,nan,1.0,5,0.1,9.9,10.22,4,18,1022,1022,1.6707657699957161,0,1.0132077206277548,0.0202641544125551,nan,0.0,1.6707657699957161,2.7947021834754984,7,"{""0"": 0.02017222148480045, ""1"": 0.02686887268523918, ""2"": 0.01928739272136843, ""3"": 0.01623608235300152, ""4"": 0.01629322218071142, ""5"": 0.022727135050209603}"
primary,100,p0.10,nan,1.0,5,0.1,9.9,10.22,4,18,1022,1022,1.6707657699957161,10,1.2098242622083628,0.02419648524416726,58.764003704914494,14.649708506748812,2.242053662569182,2.0056743359440623,5,"{""0"": 0.02048663880298813, ""1"": 0.019633574528073554, ""2"": 0.04761391932329907, ""3"": 0.02402274965012372, ""4"": 0.030151903843044493, ""5"": 0.0032701253174745983}"
primary,100,p0.10,nan,1.0,5,0.1,9.9,10.22,4,18,1022,1022,1.6707657699957161,20,1.2962739147066324,0.02592547829413265,49.2452196829672,15.340961961376966,2.373176006212929,2.6236667415666357,9,"{""0"": 0.020075364926168134, ""1"": 0.02412433436470133, ""2"": 0.04330885622772107, ""3"": 0.036659044423993134, ""4"": 0.02497849936850295, ""5"": 0.0064067704537093305}"
primary,100,p0.10,nan,1.0,5,0.1,9.9,10.22,4,18,1022,1022,1.6707657699957161,30,0.7994575705853,0.015989151411706003,58.556618426799,15.966785989749381,2.301741110333472,3.657064614263051,9,"{""0"": 0.006272844959673804, ""1"": 0.008625745184321486, ""2"": 0.038760676149449044, ""3"": 0.015556318591102245, ""4"": 0.02159858078780625, ""5"": 0.005120742797883179}"
primary,100,p0.10,nan,1.0,5,0.1,9.9,10.22,4,18,1022,1022,1.6707657699957161,40,0.8819115153096778,0.017638230306193558,52.03460888853091,15.575961568423903,2.2342980957416385,3.866366220675981,10,"{""0"": 0.009913863335560673, ""1"": 0.011800649102434111, ""2"": 0.03665070097909421, ""3"": 0.01733283337200524, ""4"": 0.022766426495478703, ""5"": 0.007364908552588404}"
primary,100,p0.10,nan,1.0,5,0.1,9.9,10.22,4,18,1022,1022,1.6707657699957161,50,0.8834955182932461,0.017669910365864926,20.765535978161726,15.705297305546846,2.224270435741038,3.4384107085719497,9,"{""0"": 0.009185936475591983, ""1"": 0.013938561790081693, ""2"": 0.036233070684269966, ""3"": 0.018729109231990927, ""4"": 0.019945700366679, ""5"": 0.007987083646575983}"
primary,100,p0.10,nan,1.0,5,0.1,9.9,10.22,4,18,1022,1022,1.6707657699957161,60,0.746914256855763,0.014938285137115263,33.774777848219166,15.732494355770811,2.2433657672936183,3.6618928533733994,10,"{""0"": 0.006714883099055808, ""1"": 0.014811931900331771, ""2"": 0.029862905435688415, ""3"": 0.01334210085631743, ""4"": 0.020674792262513175, ""5"": 0.004223097268784963}"
primary,100,p0.10,nan,1.0,5,0.1,9.9,10.22,4,18,1022,1022,1.6707657699957161,70,0.7479164326072252,0.014958328652144507,30.514331875531585,16.03697212059925,2.2763973677193103,3.1715242599811013,9,"{""0"": 0.007357545499121161, ""1"": 0.017919339020859064, ""2"": 0.02738701553304478, ""3"": 0.011175329108135288, ""4"": 0.02249220313898761, ""5"": 0.0034185396127191362}"
primary,100,p0.10,nan,1.0,5,0.1,9.9,10.22,4,18,1022,1022,1.6707657699957161,80,0.7658302082000241,0.015316604164000486,13.481607974137216,16.12526446489668,2.276313803839082,3.5149334398519922,9,"{""0"": 0.008493287650984274, ""1"": 0.022613552921168435, ""2"": 0.019773836663886015, ""3"": 0.009793834877728645, ""4"": 0.0221997255009164, ""5"": 0.009025387369319147}"
primary,100,p0.10,nan,1.0,5,0.1,9.9,10.22,4,18,1022,1022,1.6707657699957161,90,0.6898087538703384,0.01379617507740677,11.392488658831093,16.287086850397912,2.3296192777935554,3.4135633519337096,9,"{""0"": 0.0072749351748681666, ""1"": 0.023912734798317764, ""2"": 0.02040704789790265, ""3"": 0.007085986961416125, ""4"": 0.01975543885052978, ""5"": 0.00434090678140613}"
primary,100,p0.10,nan,1.0,5,0.1,9.9,10.22,4,18,1022,1022,1.6707657699957161,100,0.7442469163402101,0.014884938326804206,9.43289635587951,16.20027270427491,2.301647661813467,3.4153741293284665,9,"{""0"": 0.009021934929456448, ""1"": 0.02384190028527634, ""2"": 0.01809982113051687, ""3"": 0.008326088994654845, ""4"": 0.02052909185107741, ""5"": 0.009490792769843317}"
primary,100,p0.10,nan,1.0,5,0.1,9.9,10.22,4,18,1022,1022,1.6707657699957161,110,0.739706823751894,0.014794136475037882,26.150008367421027,16.327904723101916,2.300844998421908,3.7480174593027313,9,"{""0"": 0.008218120827436434, ""1"": 0.023322811565374864, ""2"": 0.01811219668019498, ""3"": 0.008704489130278797, ""4"": 0.020233497071275475, ""5"": 0.010173703575666743}"
primary,100,p0.10,nan,1.0,5,0.1,9.9,10.22,4,18,1022,1022,1.6707657699957161,120,0.7082812373592188,0.014165624747184377,11.7750739427984,16.515319292051373,2.3340251284010356,4.451649933033038,10,"{""0"": 0.007410706261609462, ""1"": 0.024519711361017858, ""2"": 0.014061394072510208, ""3"": 0.005767182697899637, ""4"": 0.019678937851419474, ""5"": 0.013555816238649631}"
primary,100,p0.10,nan,1.0,5,0.1,9.9,10.22,4,18,1022,1022,1.6707657699957161,130,0.7246967163302703,0.014493934326605408,8.78854559781418,16.54073077997144,2.333141422130385,4.463278859611426,10,"{""0"": 0.0068062708982751284, ""1"": 0.022010587992732908, ""2"": 0.017335693370486304, ""3"": 0.0048291709584231245, ""4"": 0.021510955189375774, ""5"": 0.01447092755033921}"
primary,100,p0.10,nan,1.0,5,0.1,9.9,10.22,4,18,1022,1022,1.6707657699957161,140,0.7818202723800055,0.015636405447600112,78.72787542939462,16.606248056823958,2.3537730525193963,4.408768061499057,10,"{""0"": 0.010614672931798144, ""1"": 0.023372029601407187, ""2"": 0.015295355607316532, ""3"": 0.005813688626733764, ""4"": 0.022356452309544656, ""5"": 0.016366233608800386}"
primary,100,p0.10,nan,1.0,5,0.1,9.9,10.22,4,18,1022,1022,1.6707657699957161,150,0.7876695016327098,0.015753390032654198,18.77040473397842,16.58109817709289,2.327745376984019,4.541319311568219,10,"{""0"": 0.0107763802765494, ""1"": 0.026419264077115527, ""2"": 0.015582033022594657, ""3"": 0.005895747373068321, ""4"": 0.022041180205850643, ""5"": 0.01380573524074665}"
primary,100,p0.10,nan,1.0,5,0.1,9.9,10.22,4,18,1022,1022,1.6707657699957161,160,0.8127871309467919,0.01625574261893584,13.667315247328856,16.729572547302766,2.3522389783537667,4.286647433379342,10,"{""0"": 0.01225407348031711, ""1"": 0.026489128921192977, ""2"": 0.016302077293182733, ""3"": 0.005234382844857632, ""4"": 0.021525453016693948, ""5"": 0.015729340157370642}"
primary,100,p0.10,nan,1.0,5,0.1,9.9,10.22,4,18,1022,1022,1.6707657699957161,170,0.8519061220444575,0.01703812244088915,23.858777623524396,16.786959963100333,2.3688867780318663,4.323011335476614,10,"{""0"": 0.01631096988286295, ""1"": 0.026803767175711545, ""2"": 0.01585934255327364, ""3"": 0.005377656381339625, ""4"": 0.02074161931958682, ""5"": 0.01713537933256032}"
primary,100,p0.10,nan,1.0,5,0.1,9.9,10.22,4,18,1022,1022,1.6707657699957161,180,0.7941488940691135,0.015882977881382272,9.67105701146598,16.820602826286326,2.3848916251876613,4.1051078139630865,10,"{""0"": 0.01662221430166961, ""1"": 0.025059047434648117, ""2"": 0.01608853220855801, ""3"": 0.004501240420952894, ""4"": 0.014941080403835969, ""5"": 0.018085752518629043}"
primary,100,p0.10,nan,1.0,5,0.1,9.9,10.22,4,18,1022,1022,1.6707657699957161,190,0.8001102754402997,0.016002205508805996,33.4963893554288,16.868406587803765,2.3800367177159774,4.022855499957132,9,"{""0"": 0.016801629273797948, ""1"": 0.02607817994691844, ""2"": 0.014897328410797994, ""3"": 0.004316841611220255, ""4"": 0.015814670887912934, ""5"": 0.01810458292218841}"
primary,100,p0.10,nan,1.0,5,0.1,9.9,10.22,4,18,1022,1022,1.6707657699957161,200,0.7626566356506089,0.015253132713012181,80.82095418419978,16.802853617981736,2.35309398103973,4.172678955885948,10,"{""0"": 0.016432254480360484, ""1"": 0.02176414239857972, ""2"": 0.015026150333672971, ""3"": 0.004652065728024916, ""4"": 0.015027643120962114, ""5"": 0.018616540216472886}"
primary,100,p0.20,nan,1.0,5,0.2,19.8,20.07,11,33,2007,2007,1.6361580654981178,0,1.0336114698149323,0.02067222939629865,nan,0.0,1.6361580654981178,4.306552699772478,8,"{""0"": 0.020280923296192983, ""1"": 0.024881037113638045, ""2"": 0.01979273785166679, ""3"": 0.019804512076323732, ""4"": 0.017228625916554028, ""5"": 0.022045540123416335}"
primary,100,p0.20,nan,1.0,5,0.2,19.8,20.07,11,33,2007,2007,1.6361580654981178,10,1.4001180945157041,0.028002361890314086,37.444373786730985,13.897327667522138,2.7474932461319064,2.6404999937747067,5,"{""0"": 0.020810491797493336, ""1"": 0.030706762792676878, ""2"": 0.042464591390549186, ""3"": 0.029612357615567637, ""4"": 0.02293682894842764, ""5"": 0.021483138797169843}"
primary,100,p0.20,nan,1.0,5,0.2,19.8,20.07,11,33,2007,2007,1.6361580654981178,20,1.036612715376544,0.020732254307530885,27.5319340140015,17.403862875771434,2.6875637930842373,4.582492769509631,10,"{""0"": 0.02833926377949983, ""1"": 0.020199495675176135, ""2"": 0.022926363586435673, ""3"": 0.027275898705945788, ""4"": 0.00842264629738947, ""5"": 0.017229857800738404}"
primary,100,p0.20,nan,1.0,5,0.2,19.8,20.07,11,33,2007,2007,1.6361580654981178,30,0.9742229813873942,0.019484459627747888,31.628656811165865,19.140360648727903,2.688692945806214,4.048540503643201,10,"{""0"": 0.024195701075445466, ""1"": 0.014697546933968386, ""2"": 0.0365252889476292, ""3"": 0.024515807675519953, ""4"": 0.0038929227964238497, ""5"": 0.013079490337500476}"
primary,100,p0.20,nan,1.0,5,0.2,19.8,20.07,11,33,2007,2007,1.6361580654981178,40,0.7930034849204999,0.01586006969841,89.46824834960346,19.445538015786475,2.686957532013791,3.893985298721898,10,"{""0"": 0.02655820458825129, ""1"": 0.00850332241917463, ""2"": 0.025614798739949714, ""3"": 0.020916236835370666, ""4"": 0.003595606868778867, ""5"": 0.009972248738934831}"
primary,100,p0.20,nan,1.0,5,0.2,19.8,20.07,11,33,2007,2007,1.6361580654981178,50,0.8447671560523609,0.01689534312104722,32.898520466736294,19.654081388082215,2.695724249174543,3.921298260728375,10,"{""0"": 0.026244229187543693, ""1"": 0.013677889124531762, ""2"": 0.017630856718284786, ""3"": 0.024503747790609844, ""4"": 0.003475153565462806, ""5"": 0.015840182339850427}"
primary,100,p0.20,nan,1.0,5,0.2,19.8,20.07,11,33,2007,2007,1.6361580654981178,60,0.9174119698149998,0.0183482393963,26.294871963815396,19.88984004229888,2.7071777373874504,4.680557671127666,11,"{""0"": 0.02699966817867362, ""1"": 0.011473847701786803, ""2"": 0.03507377211616948, ""3"": 0.023825543203143444, ""4"": 0.0062809513071146374, ""5"": 0.006435653870912004}"
primary,100,p0.20,nan,1.0,5,0.2,19.8,20.07,11,33,2007,2007,1.6361580654981178,70,0.7772400704038799,0.0155448014080776,19.064802454009225,20.158609294477056,2.707718683360043,4.629820942096502,12,"{""0"": 0.018479781030756388, ""1"": 0.010586552162120158, ""2"": 0.026998410523311957, ""3"": 0.021955901150877012, ""4"": 0.007134108479902586, ""5"": 0.008114055101497514}"
primary,100,p0.20,nan,1.0,5,0.2,19.8,20.07,11,33,2007,2007,1.6361580654981178,80,0.6427375508652432,0.012854751017304867,50.40088144451829,20.310296492964426,2.7057862606352856,4.6010423914378595,11,"{""0"": 0.01717112920185823, ""1"": 0.009795957345681856, ""2"": 0.018307192353719092, ""3"": 0.019457147290263183, ""4"": 0.0072054330017076226, ""5"": 0.0051916469105992135}"
primary,100,p0.20,nan,1.0,5,0.2,19.8,20.07,11,33,2007,2007,1.6361580654981178,90,0.7354140804571123,0.014708281609142249,16.634716857534613,20.368811266764254,2.691815294582832,4.548855197660516,11,"{""0"": 0.02000209086064398, ""1"": 0.011838945209090564, ""2"": 0.02418165850067125, ""3"": 0.01746781557353543, ""4"": 0.008090945809015964, ""5"": 0.006668233701896301}"
primary,100,p0.20,nan,1.0,5,0.2,19.8,20.07,11,33,2007,2007,1.6361580654981178,100,0.6988919035747028,0.013977838071494057,6.170365126937595,20.45126021452712,2.6824541041154295,4.630140288025236,11,"{""0"": 0.015407534343425991, ""1"": 0.010838550951723633, ""2"": 0.02300849195201914, ""3"": 0.016747712349651417, ""4"": 0.012083559292898297, ""5"": 0.005781179539245861}"
primary,100,p0.20,nan,1.0,5,0.2,19.8,20.07,11,33,2007,2007,1.6361580654981178,110,0.7147920481075813,0.01429584096215163,18.576236163590607,20.534315647604174,2.686305124699624,4.585810956320662,11,"{""0"": 0.017873743158499728, ""1"": 0.013427364088732236, ""2"": 0.01499835025687615, ""3"": 0.019616472606662105, ""4"": 0.011542842202813292, ""5"": 0.008316273459326262}"
primary,100,p0.20,nan,1.0,5,0.2,19.8,20.07,11,33,2007,2007,1.6361580654981178,120,0.7443060331072401,0.014886120662144803,15.313730984249414,20.637866399766395,2.6611524171354373,3.7248451244321115,9,"{""0"": 0.017198707588765794, ""1"": 0.013053269880140297, ""2"": 0.015871136723343927, ""3"": 0.020085019644472936, ""4"": 0.011848985045742041, ""5"": 0.011259605090403817}"
primary,100,p0.20,nan,1.0,5,0.2,19.8,20.07,11,33,2007,2007,1.6361580654981178,130,0.7283006874444196,0.014566013748888393,18.618036897345245,20.79956364567071,2.650060749419617,3.656429369106398,9,"{""0"": 0.015674271404850466, ""1"": 0.01108663175872225, ""2"": 0.01685870486240736, ""3"": 0.02107988484008471, ""4"": 0.01109012640728305, ""5"": 0.011606463219982526}"
primary,100,p0.20,nan,1.0,5,0.2,19.8,20.07,11,33,2007,2007,1.6361580654981178,140,0.7004065240789307,0.014008130481578614,70.4452239374836,20.848100021507186,2.6353131127089493,3.861732165161605,10,"{""0"": 0.014693854734548211, ""1"": 0.01056698314052047, ""2"": 0.014095032245712565, ""3"": 0.024066791489857613, ""4"": 0.010135960310205461, ""5"": 0.010490160968627366}"
primary,100,p0.20,nan,1.0,5,0.2,19.8,20.07,11,33,2007,2007,1.6361580654981178,150,0.6970095639685897,0.013940191279371796,23.46868571689418,20.804236719956652,2.6194656166756967,4.120641904198677,10,"{""0"": 0.015091978847628976, ""1"": 0.010110902954723331, ""2"": 0.014287462784731864, ""3"": 0.02116534863600336, ""4"": 0.009390430152556594, ""5"": 0.013595024300586636}"
primary,100,p0.20,nan,1.0,5,0.2,19.8,20.07,11,33,2007,2007,1.6361580654981178,160,0.7275694285241813,0.014551388570483628,15.631416406605766,20.854625672366648,2.611378913425118,3.685547309382504,9,"{""0"": 0.0189671297336938, ""1"": 0.009517114544970107, ""2"": 0.015718972344033265, ""3"": 0.01996653010985902, ""4"": 0.008307878061751357, ""5"": 0.014830706628594212}"
primary,100,p0.20,nan,1.0,5,0.2,19.8,20.07,11,33,2007,2007,1.6361580654981178,170,0.7309705900377251,0.014619411800754505,31.455340645873807,20.91549552483961,2.6059741753494996,3.6718984550596288,9,"{""0"": 0.019036778712224735, ""1"": 0.009107462939334609, ""2"": 0.01517286299705275, ""3"": 0.020563648055917212, ""4"": 0.009095820671438175, ""5"": 0.01473989742855956}"
primary,100,p0.20,nan,1.0,5,0.2,19.8,20.07,11,33,2007,2007,1.6361580654981178,180,0.7465700290057545,0.014931400580115092,41.88951015335176,20.956521838282203,2.597175122053693,3.6527644915354744,9,"{""0"": 0.01968268562091073, ""1"": 0.010254730483478133, ""2"": 0.015415066395714605, ""3"": 0.01853800065542406, ""4"": 0.010729618200017981, ""5"": 0.014968302125145041}"
primary,100,p0.20,nan,1.0,5,0.2,19.8,20.07,11,33,2007,2007,1.6361580654981178,190,0.667080765469498,0.013341615309389963,39.64602125939231,20.965469505897993,2.588585599015035,3.6123898716239258,8,"{""0"": 0.019098046111428017, ""1"": 0.00982951415291397, ""2"": 0.012579508824431044, ""3"": 0.018049954578243432, ""4"": 0.010187377631358699, ""5"": 0.010305290557964607}"
primary,100,p0.20,nan,1.0,5,0.2,19.8,20.07,11,33,2007,2007,1.6361580654981178,200,0.6571646927242284,0.01314329385448457,12.593755254329022,21.042106493171648,2.576716293586301,3.6400935822637024,8,"{""0"": 0.019161070133195488, ""1"": 0.009721422488025875, ""2"": 0.011931862134322077, ""3"": 0.017806502186779524, ""4"": 0.009958997544159963, ""5"": 0.010279908640424485}"
primary,100,p0.40,nan,1.0,5,0.4,39.6,39.63,31,53,3963,3963,1.6123657056276668,0,1.0824283734123534,0.02164856746824707,nan,0.0,1.6123657056276668,4.483081642555117,8,"{""0"": 0.025811804474529916, ""1"": 0.024490377558461562, ""2"": 0.019790451521522468, ""3"": 0.021918784658490724, ""4"": 0.015735765515568094, ""5"": 0.02214422108090966}"
primary,100,p0.40,nan,1.0,5,0.4,39.6,39.63,31,53,3963,3963,1.6123657056276668,10,1.3228704311574058,0.026457408623148118,59.30157916893684,17.601093817528486,2.7763407339898603,2.334895973027175,5,"{""0"": 0.039622692990035104, ""1"": 0.029687080109105146, ""2"": 0.012454225990966772, ""3"": 0.03878802688666499, ""4"": 0.0295622542334604, ""5"": 0.0086301715286563}"
primary,100,p0.40,nan,1.0,5,0.4,39.6,39.63,31,53,3963,3963,1.6123657056276668,20,1.4169668934233173,0.02833933786846635,38.04874207504494,20.906514791376672,2.8919769947885468,2.2056238835545523,6,"{""0"": 0.01641516653164984, ""1"": 0.02551208133860905, ""2"": 0.023492717612824548, ""3"": 0.04153088905780986, ""4"": 0.025990489392923775, ""5"": 0.03709468327698104}"
primary,100,p0.40,nan,1.0,5,0.4,39.6,39.63,31,53,3963,3963,1.6123657056276668,30,0.8352805476547676,0.016705610953095352,29.243803246904744,22.549315036834592,3.073661930237752,2.6232116272473562,8,"{""0"": 0.014426121230137801, ""1"": 0.009453504793557022, ""2"": 0.024320827268756375, ""3"": 0.011569183850994407, ""4"": 0.01873796150429679, ""5"": 0.021726067070829736}"
primary,100,p0.40,nan,1.0,5,0.4,39.6,39.63,31,53,3963,3963,1.6123657056276668,40,0.7783961811113776,0.015567923622227555,51.908528999575154,23.67937002779737,3.091051341648353,2.933815783963209,9,"{""0"": 0.014783407792762793, ""1"": 0.009744810991809297, ""2"": 0.022858342330022912, ""3"": 0.015369513617528344, ""4"": 0.010471432261364415, ""5"": 0.020180034739877565}"
primary,100,p0.40,nan,1.0,5,0.4,39.6,39.63,31,53,3963,3963,1.6123657056276668,50,0.7231387355738839,0.01446277471147768,24.476760103487813,24.220560548215467,3.069385484483382,2.9365991358862793,9,"{""0"": 0.014244511941585377, ""1"": 0.009684363363470241, ""2"": 0.015327356481370635, ""3"": 0.019586477921774394, ""4"": 0.01041188555678825, ""5"": 0.01752205300387717}"
primary,100,p0.40,nan,1.0,5,0.4,39.6,39.63,31,53,3963,3963,1.6123657056276668,60,0.732182013510443,0.014643640270208862,20.587316296455352,24.684755564902396,3.026744080049904,2.9411375863387113,9,"{""0"": 0.00804586789608645, ""1"": 0.00801572787927682, ""2"": 0.017570503134790062, ""3"": 0.01727496566454532, ""4"": 0.019135730821621573, ""5"": 0.017819046224932942}"
primary,100,p0.40,nan,1.0,5,0.4,39.6,39.63,31,53,3963,3963,1.6123657056276668,70,0.7198504547924731,0.014397009095849464,19.937421881315256,25.045611995988086,2.990068399792744,3.470617195538689,10,"{""0"": 0.008537863045381112, ""1"": 0.00744588878845064, ""2"": 0.018322606558165894, ""3"": 0.018983503562925948, ""4"": 0.015471625321097368, ""5"": 0.017620567299075816}"
primary,100,p0.40,nan,1.0,5,0.4,39.6,39.63,31,53,3963,3963,1.6123657056276668,80,0.6947219309414593,0.013894438618829188,16.63735891976276,25.27658300771791,3.0270266264901853,3.4135008766957227,10,"{""0"": 0.0170614657976738, ""1"": 0.007165597058581896, ""2"": 0.015084354485794926, ""3"": 0.017322376886972322, ""4"": 0.01220270626706162, ""5"": 0.014530131216890552}"
primary,100,p0.40,nan,1.0,5,0.4,39.6,39.63,31,53,3963,3963,1.6123657056276668,90,0.6472615177730302,0.012945230355460606,19.821772943265188,25.399020920602165,3.0190069943415514,3.451281213484389,10,"{""0"": 0.013972555336794507, ""1"": 0.0076262537214710465, ""2"": 0.014289396194161506, ""3"": 0.017522861457353676, ""4"": 0.010222304883793316, ""5"": 0.014038010539189585}"
primary,100,p0.40,nan,1.0,5,0.4,39.6,39.63,31,53,3963,3963,1.6123657056276668,100,0.5951691847484433,0.011903383694968867,12.651334199361223,25.41011970004668,3.0260022434539717,3.3944446723876944,10,"{""0"": 0.014694835008182212, ""1"": 0.007118260733181866, ""2"": 0.012446221823496436, ""3"": 0.017778289536520123, ""4"": 0.007455546718124918, ""5"": 0.011927148350307639}"
primary,100,p0.40,nan,1.0,5,0.4,39.6,39.63,31,53,3963,3963,1.6123657056276668,110,0.5692434159536043,0.011384868319072086,17.250412878115473,25.370836797047414,3.0275074919808556,3.1245737073482376,9,"{""0"": 0.013813722668422481, ""1"": 0.0070643155896875755, ""2"": 0.011548161263305101, ""3"": 0.015562043752842892, ""4"": 0.008141160661359222, ""5"": 0.012179805978815251}"
primary,100,p0.40,nan,1.0,5,0.4,39.6,39.63,31,53,3963,3963,1.6123657056276668,120,0.5374595020211388,0.010749190040422777,13.453472327412836,25.502029333254438,3.0518717868004925,2.852415012442264,8,"{""0"": 0.013749660293756738, ""1"": 0.00689804566370616, ""2"": 0.01418548867348501, ""3"": 0.015308412362836915, ""4"": 0.007060960984821496, ""5"": 0.007292572263930342}"
primary,100,p0.40,nan,1.0,5,0.4,39.6,39.63,31,53,3963,3963,1.6123657056276668,130,0.5297062032769395,0.010594124065538793,39.346165374051715,25.667973895258328,3.0403883744274585,2.948956413180005,9,"{""0"": 0.011802723476470118, ""1"": 0.006808833964331013, ""2"": 0.014365393237466209, ""3"": 0.0145883155846845, ""4"": 0.00724915570165279, ""5"": 0.008750322428628127}"
primary,100,p0.40,nan,1.0,5,0.4,39.6,39.63,31,53,3963,3963,1.6123657056276668,140,0.4946099980219839,0.00989219996043968,60.18642310927,25.628713827486134,3.0357265431578617,2.9946115229517787,9,"{""0"": 0.013284679966193461, ""1"": 0.006750025964103366, ""2"": 0.011144259627274174, ""3"": 0.01466894320727953, ""4"": 0.0072080772787623025, ""5"": 0.006297213719025245}"
primary,100,p0.40,nan,1.0,5,0.4,39.6,39.63,31,53,3963,3963,1.6123657056276668,150,0.5148061589735351,0.010296123179470703,55.353147148235145,25.602326591720473,3.0340264523259113,3.0143477843643645,8,"{""0"": 0.01453930314764626, ""1"": 0.007005490984214409, ""2"": 0.010149902684799785, ""3"": 0.014353669225827616, ""4"": 0.007206509355109758, ""5"": 0.00852186367922639}"
primary,100,p0.40,nan,1.0,5,0.4,39.6,39.63,31,53,3963,3963,1.6123657056276668,160,0.5319160470862278,0.010638320941724556,28.814298780645387,25.62108684895307,3.0165692066696206,2.9239836927885596,8,"{""0"": 0.014495693215029271, ""1"": 0.006885493197979864, ""2"": 0.013847191740385737, ""3"": 0.014238732738277105, ""4"": 0.007854678033105977, ""5"": 0.006508136725569383}"
primary,100,p0.40,nan,1.0,5,0.4,39.6,39.63,31,53,3963,3963,1.6123657056276668,170,0.5269930200705973,0.010539860401411947,14.329865211359623,25.634315882953647,3.051860500222757,2.9050215062438927,8,"{""0"": 0.013965878513959726, ""1"": 0.006924946364940024, ""2"": 0.012784097590889448, ""3"": 0.014229516292200827, ""4"": 0.00880431405649361, ""5"": 0.0065304095899880454}"
primary,100,p0.40,nan,1.0,5,0.4,39.6,39.63,31,53,3963,3963,1.6123657056276668,180,0.5495836269116525,0.010991672538233051,12.369993022117033,25.683661151884095,3.05991589328606,2.8084520614505624,8,"{""0"": 0.013913807790423565, ""1"": 0.006891774114808369, ""2"": 0.01358841942386344, ""3"": 0.013866763835931445, ""4"": 0.009094096954332396, ""5"": 0.008595173110039095}"
primary,100,p0.40,nan,1.0,5,0.4,39.6,39.63,31,53,3963,3963,1.6123657056276668,190,0.563884902308376,0.01127769804616752,15.090614371249828,25.730038088489433,3.06440966888902,2.8008528104742214,8,"{""0"": 0.014008841286186385, ""1"": 0.00679928437780594, ""2"": 0.01295017022178388, ""3"": 0.013730100932546476, ""4"": 0.009607644597172582, ""5"": 0.010570146861509862}"
primary,100,p0.40,nan,1.0,5,0.4,39.6,39.63,31,53,3963,3963,1.6123657056276668,200,0.5491014613142636,0.010982029226285273,60.489650530251716,25.784635251388725,3.0743771972226774,2.9077056143597253,8,"{""0"": 0.013847013480799336, ""1"": 0.006633244413604543, ""2"": 0.01304733520756586, ""3"": 0.014367458346799056, ""4"": 0.006836823259339248, ""5"": 0.011160300649603588}"
primary,100,p0.05,nan,1.0,6,0.05,4.95,4.7,1,11,470,470,1.4460901630396392,0,1.0241162587222161,0.020482325174444326,nan,0.0,1.4460901630396392,3.3661587893801257,6,"{""0"": 0.02057127901252998, ""1"": 0.018589875166222392, ""2"": 0.02129125244052665, ""3"": 0.019692766045734174, ""4"": 0.020227980873637114, ""5"": 0.022520797508015642}"
primary,100,p0.05,nan,1.0,6,0.05,4.95,4.7,1,11,470,470,1.4460901630396392,10,0.898529314863852,0.017970586297277043,81.08213148687165,12.400499872791903,1.970855194096264,3.026558768016656,7,"{""0"": 0.019659386983041916, ""1"": 0.019081608406346286, ""2"": 0.018939758300957798, ""3"": 0.008121081847992926, ""4"": 0.011819538178799693, ""5"": 0.030202144066523644}"
primary,100,p0.05,nan,1.0,6,0.05,4.95,4.7,1,11,470,470,1.4460901630396392,20,0.8633234597541674,0.01726646919508335,34.01678677810457,14.291955783821336,2.058731694227591,2.690147084414377,6,"{""0"": 0.021063037441524234, ""1"": 0.01899092341892648, ""2"": 0.014333550660195126, ""3"": 0.016477254424824436, ""4"": 0.01653452985275699, ""5"": 0.01619951937227283}"
primary,100,p0.05,nan,1.0,6,0.05,4.95,4.7,1,11,470,470,1.4460901630396392,30,0.8670713656955106,0.017341427313910213,37.53949283629496,15.2063453277997,2.062524461497798,2.659206887671845,6,"{""0"": 0.0150389748204186, ""1"": 0.021556983179060484, ""2"": 0.016724443026208225, ""3"": 0.017417104373635035, ""4"": 0.017335969946182746, ""5"": 0.015975088537956192}"
primary,100,p0.05,nan,1.0,6,0.05,4.95,4.7,1,11,470,470,1.4460901630396392,40,0.8761305864011487,0.017522611728022976,28.534428545141356,15.660447755588756,1.910619801164792,3.5186268163323864,7,"{""0"": 0.012550687005641683, ""1"": 0.021594750269965088, ""2"": 0.016219514395836306, ""3"": 0.015408820343697291, ""4"": 0.018230936071914894, ""5"": 0.021130962281082587}"
primary,100,p0.05,nan,1.0,6,0.05,4.95,4.7,1,11,470,470,1.4460901630396392,50,0.857422481491204,0.01714844962982408,36.244794224617806,16.240227063814018,1.960193320031135,3.3717434637807417,7,"{""0"": 0.01183821547132791, ""1"": 0.02171561732676593, ""2"": 0.015786693931476782, ""3"": 0.015612703085278836, ""4"": 0.017934222373138967, ""5"": 0.02000324559095607}"
primary,100,p0.05,nan,1.0,6,0.05,4.95,4.7,1,11,470,470,1.4460901630396392,60,0.902792514089945,0.018055850281798902,29.82783761827895,16.617787404324847,1.9977311240572955,3.2972368510669474,7,"{""0"": 0.014002807888732125, ""1"": 0.021577936289403583, ""2"": 0.014738149129598001, ""3"": 0.01860938985929475, ""4"": 0.017694883190225063, ""5"": 0.021711935333539892}"
primary,100,p0.05,nan,1.0,6,0.05,4.95,4.7,1,11,470,470,1.4460901630396392,70,0.8343989624463047,0.016687979248926097,19.690518344251306,16.51455890294573,1.9859120751655817,3.518598470203167,7,"{""0"": 0.013285675707520945, ""1"": 0.0211352055296385, ""2"": 0.015323338109599113, ""3"": 0.013805851246134437, ""4"": 0.016222887684671644, ""5"": 0.02035491721599193}"
primary,100,p0.05,nan,1.0,6,0.05,4.95,4.7,1,11,470,470,1.4460901630396392,80,0.8406698261195744,0.016813396522391492,39.273069604182815,16.70209641885397,1.988747613473274,3.811030414021526,7,"{""0"": 0.015347563295406725, ""1"": 0.01968524961384863, ""2"": 0.015495906053986014, ""3"": 0.014985547174047103, ""4"": 0.017915870240798073, ""5"": 0.017450242756262398}"
primary,100,p0.05,nan,1.0,6,0.05,4.95,4.7,1,11,470,470,1.4460901630396392,90,0.7986949011561034,0.01597389802312207,33.50789598382943,16.904879694136813,1.9932742837629753,3.712967072303253,7,"{""0"": 0.015275848641890456, ""1"": 0.01949765480583659, ""2"": 0.015179819231822494, ""3"": 0.013002149942063052, ""4"": 0.0161227758206171, ""5"": 0.016765139696502736}"
primary,100,p0.05,nan,1.0,6,0.05,4.95,4.7,1,11,470,470,1.4460901630396392,100,0.7969417288483247,0.015938834576966494,27.074933249490886,17.055639362014052,1.993393851589099,3.7872817609176956,7,"{""0"": 0.015152017490198566, ""1"": 0.01923901364973397, ""2"": 0.015503023885334716, ""3"": 0.012079333398015198, ""4"": 0.017673297819695226, ""5"": 0.01598632121882129}"
primary,100,p0.05,nan,1.0,6,0.05,4.95,4.7,1,11,470,470,1.4460901630396392,110,0.7771090944144418,0.015542181888288837,27.647588330223122,17.228810827711516,2.0132996363176376,3.778894895982226,7,"{""0"": 0.014329576058094175, ""1"": 0.019370334945334425, ""2"": 0.015056668473238718, ""3"": 0.010423128507992551, ""4"": 0.01775802695823281, ""5"": 0.016315356386840344}"
primary,100,p0.05,nan,1.0,6,0.05,4.95,4.7,1,11,470,470,1.4460901630396392,120,0.7706068603013183,0.015412137206026367,39.070897176365456,17.43764675655842,2.012736445812632,3.768503800041161,7,"{""0"": 0.014305144466095609, ""1"": 0.019366757337298708, ""2"": 0.01497387998128237, ""3"": 0.010183827281726607, ""4"": 0.017979477799407537, ""5"": 0.01566373637034737}"
primary,100,p0.05,nan,1.0,6,0.05,4.95,4.7,1,11,470,470,1.4460901630396392,130,0.7553495202643322,0.015106990405286645,35.23553086393263,17.468320929129163,2.014468566256071,4.024898539546406,8,"{""0"": 0.013064776466401418, ""1"": 0.019111453264434725, ""2"": 0.015460835060318354, ""3"": 0.009559862468216931, ""4"": 0.01746123819559179, ""5"": 0.015983776976756663}"
primary,100,p0.05,nan,1.0,6,0.05,4.95,4.7,1,11,470,470,1.4460901630396392,140,0.7547422416457327,0.015094844832914655,36.940108182505476,17.644880476723227,2.030323844183004,4.120652004371587,8,"{""0"": 0.012987594618454789, ""1"": 0.01862461960865053, ""2"": 0.017552291292919, ""3"": 0.009190179513818245, ""4"": 0.016395633561341334, ""5"": 0.015818750402304026}"
primary,100,p0.05,nan,1.0,6,0.05,4.95,4.7,1,11,470,470,1.4460901630396392,150,0.7763787840546423,0.015527575681092847,45.42806539068672,17.608967622708587,2.019283971822833,4.238165763961669,8,"{""0"": 0.014070783163443809, ""1"": 0.01866255239064993, ""2"": 0.018459916814154997, ""3"": 0.00939348602010799, ""4"": 0.016925790920732434, ""5"": 0.015652924777467915}"
primary,100,p0.05,nan,1.0,6,0.05,4.95,4.7,1,11,470,470,1.4460901630396392,160,0.7733352500158026,0.015466705000316055,49.58896263355234,17.548393943246133,2.0352848904205967,4.119487011211195,8,"{""0"": 0.013716973647534847, ""1"": 0.01865461186333392, ""2"": 0.01720021143481214, ""3"": 0.009979998137233133, ""4"": 0.017596501681597432, ""5"": 0.01565193323738485}"
primary,100,p0.05,nan,1.0,6,0.05,4.95,4.7,1,11,470,470,1.4460901630396392,170,0.7789111273396121,0.015578222546792244,30.184378074722144,17.751655860092036,2.03843852841392,4.0457187013684415,8,"{""0"": 0.013598409612216695, ""1"": 0.018849175747062692, ""2"": 0.01869977185087475, ""3"": 0.009185553979342943, ""4"": 0.01747403989701412, ""5"": 0.015662384194242256}"
primary,100,p0.05,nan,1.0,6,0.05,4.95,4.7,1,11,470,470,1.4460901630396392,180,0.7634302165485661,0.015268604330971325,16.037455584713076,17.98795565029288,2.0367584726811736,4.040368873867797,8,"{""0"": 0.01358772340960214, ""1"": 0.018746768865879396, ""2"": 0.018204231288163238, ""3"": 0.008912815696823301, ""4"": 0.017634624012151046, ""5"": 0.014525462713208823}"
primary,100,p0.05,nan,1.0,6,0.05,4.95,4.7,1,11,470,470,1.4460901630396392,190,0.7438625638292548,0.014877251276585096,16.91128578574742,18.00541833766177,2.0428870279937072,4.0294344740759716,8,"{""0"": 0.013308936222612288, ""1"": 0.018733556998234566, ""2"": 0.017121382998939144, ""3"": 0.008533528894307169, ""4"": 0.017669264836894218, ""5"": 0.013896837708523194}"
primary,100,p0.05,nan,1.0,6,0.05,4.95,4.7,1,11,470,470,1.4460901630396392,200,0.7442813731142247,0.014885627462284496,19.421267377928654,18.074959604009383,2.0445781733180883,4.019564919827439,8,"{""0"": 0.013546875185891167, ""1"": 0.018323777721719912, ""2"": 0.01694042385251469, ""3"": 0.008574636706346303, ""4"": 0.017694617122096072, ""5"": 0.014233434185138828}"
primary,100,p0.10,nan,1.0,6,0.1,9.9,9.54,3,20,954,954,1.4123757767611176,0,1.000674821660159,0.020013496433203184,nan,0.0,1.4123757767611176,2.34313235074915,5,"{""0"": 0.01993502848766992, ""1"": 0.020412401201585016, ""2"": 0.017890926679762144, ""3"": 0.02045256972432718, ""4"": 0.019765980713167215, ""5"": 0.021624071792707616}"
primary,100,p0.10,nan,1.0,6,0.1,9.9,9.54,3,20,954,954,1.4123757767611176,10,1.022565981891246,0.020451319637824924,29.878617247089547,14.68234709324429,2.1003545582770737,3.2190455947217465,6,"{""0"": 0.03669136883424288, ""1"": 0.015192527958568815, ""2"": 0.018772566073030367, ""3"": 0.023215452173214794, ""4"": 0.008209743049589794, ""5"": 0.020626259738302892}"
primary,100,p0.10,nan,1.0,6,0.1,9.9,9.54,3,20,954,954,1.4123757767611176,20,0.8360979849295029,0.016721959698590062,29.780860165407645,14.643848068477777,2.2013384459627043,3.1669251254752373,8,"{""0"": 0.016486894523184942, ""1"": 0.011766621033050503, ""2"": 0.022739410084949663, ""3"": 0.015021592745800259, ""4"": 0.01522453453875149, ""5"": 0.019092705265803533}"
primary,100,p0.10,nan,1.0,6,0.1,9.9,9.54,3,20,954,954,1.4123757767611176,30,0.8110035818233432,0.016220071636466864,7.972728860252468,14.986804591923017,2.2755225375279755,2.4026187308076237,7,"{""0"": 0.015518058151748346, ""1"": 0.012283075474066285, ""2"": 0.018000573465403055, ""3"": 0.009084522285716259, ""4"": 0.013116935177043973, ""5"": 0.029317265264823263}"
primary,100,p0.10,nan,1.0,6,0.1,9.9,9.54,3,20,954,954,1.4123757767611176,40,0.7124504390133373,0.014249008780266748,10.254663033163643,15.31567293709119,2.2802932002201275,2.6631849306139794,6,"{""0"": 0.018388283838243154, ""1"": 0.005967347800208159, ""2"": 0.017263502178961096, ""3"": 0.008245655261590903, ""4"": 0.008431247750578125, ""5"": 0.027198015852019048}"
primary,100,p0.10,nan,1.0,6,0.1,9.9,9.54,3,20,954,954,1.4123757767611176,50,0.711465722599886,0.014229314451997724,8.876907292097554,15.693104183595835,2.3291136205651863,2.8429695817811407,7,"{""0"": 0.02103112536197036, ""1"": 0.0061143550168387415, ""2"": 0.014645029482770003, ""3"": 0.010335563778676548, ""4"": 0.0063626187349931015, ""5"": 0.026887194336737585}"
primary,100,p0.10,nan,1.0,6,0.1,9.9,9.54,3,20,954,954,1.4123757767611176,60,0.7014940380124653,0.014029880760249308,9.762159389433595,16.137718096039546,2.361097051044685,2.777113408796293,6,"{""0"": 0.02112514797282602, ""1"": 0.0059899737328978145, ""2"": 0.013378152746935037, ""3"": 0.010675916798186968, ""4"": 0.005653260819069817, ""5"": 0.027356832491580198}"
primary,100,p0.10,nan,1.0,6,0.1,9.9,9.54,3,20,954,954,1.4123757767611176,70,0.6539481774378804,0.01307896354875761,30.881331221416836,16.386352233958487,2.3561447586032354,2.8687949744999823,7,"{""0"": 0.020908907258158013, ""1"": 0.006167395519080333, ""2"": 0.01245877245756965, ""3"": 0.009601128572552067, ""4"": 0.00504765531920291, ""5"": 0.02428992216598267}"
primary,100,p0.10,nan,1.0,6,0.1,9.9,9.54,3,20,954,954,1.4123757767611176,80,0.6475949655984965,0.01295189931196993,27.981707703550963,16.476100238674462,2.356031636348064,2.7352790249307355,7,"{""0"": 0.017988582119101704, ""1"": 0.009748672420113668, ""2"": 0.014183735578105738, ""3"": 0.009211449162432401, ""4"": 0.00567264920588431, ""5"": 0.02090630738618176}"
primary,100,p0.10,nan,1.0,6,0.1,9.9,9.54,3,20,954,954,1.4123757767611176,90,0.6086991367050172,0.012173982734100345,21.63095907058703,16.6969066856822,2.3514355041384642,2.5964888541121214,6,"{""0"": 0.014728789660191439, ""1"": 0.010627220689645816, ""2"": 0.01362749052770714, ""3"": 0.008139348122039996, ""4"": 0.0056488455219053406, ""5"": 0.020272201883112333}"
primary,100,p0.10,nan,1.0,6,0.1,9.9,9.54,3,20,954,954,1.4123757767611176,100,0.5985916208480265,0.011971832416960532,8.600229442098378,16.964183650844227,2.365243339711144,2.511793260093962,6,"{""0"": 0.014477273318923461, ""1"": 0.011710331306155713, ""2"": 0.014012563727388627, ""3"": 0.006734109916640517, ""4"": 0.004548670518714594, ""5"": 0.020348045713940284}"
primary,100,p0.10,nan,1.0,6,0.1,9.9,9.54,3,20,954,954,1.4123757767611176,110,0.5347716809362748,0.010695433618725497,71.91274987825672,17.141490719461498,2.3535285278951656,2.6179383866110006,6,"{""0"": 0.011759450066622526, ""1"": 0.012147005225204096, ""2"": 0.013001479546708366, ""3"": 0.0044639937748463514, ""4"": 0.005200817932477371, ""5"": 0.01759985516649428}"
primary,100,p0.10,nan,1.0,6,0.1,9.9,9.54,3,20,954,954,1.4123757767611176,120,0.5040211513387496,0.010080423026774993,10.538884989910047,17.404378387090187,2.3801764768383387,2.88311768799739,6,"{""0"": 0.009675794280459223, ""1"": 0.012574723560798497, ""2"": 0.011053005492704972, ""3"": 0.004191597227651467, ""4"": 0.005367676121868196, ""5"": 0.017619741477167605}"
primary,100,p0.10,nan,1.0,6,0.1,9.9,9.54,3,20,954,954,1.4123757767611176,130,0.49132854702634127,0.009826570940526826,29.624694352472325,17.61262386342715,2.3822348947519574,2.7774237587508153,6,"{""0"": 0.009041203557133322, ""1"": 0.01312059767031474, ""2"": 0.010443960316750841, ""3"": 0.004036175448772705, ""4"": 0.006007000658551923, ""5"": 0.016310487991637423}"
primary,100,p0.10,nan,1.0,6,0.1,9.9,9.54,3,20,954,954,1.4123757767611176,140,0.5110348577837527,0.010220697155675055,9.687770454413718,17.87611018595192,2.394837485259573,2.684568941881473,6,"{""0"": 0.01127744316883043, ""1"": 0.013085867911684318, ""2"": 0.009826137244556422, ""3"": 0.0040861322557602855, ""4"": 0.00563100491121676, ""5"": 0.017417597442002115}"
primary,100,p0.10,nan,1.0,6,0.1,9.9,9.54,3,20,954,954,1.4123757767611176,150,0.49036172692063745,0.00980723453841275,20.97193084686824,18.018721569001148,2.4115339894980545,2.706175797964979,6,"{""0"": 0.010999932468930673, ""1"": 0.01245157267198725, ""2"": 0.009088043935225592, ""3"": 0.0045415559171498475, ""4"": 0.0053081942979945115, ""5"": 0.016454107939188622}"
primary,100,p0.10,nan,1.0,6,0.1,9.9,9.54,3,20,954,954,1.4123757767611176,160,0.49956411206867657,0.009991282241373533,13.596572724286153,18.038076807324664,2.426552799597018,2.702455859605929,6,"{""0"": 0.012255642871660848, ""1"": 0.012759930987680596, ""2"": 0.009499283624643912, ""3"": 0.0044169621531756536, ""4"": 0.0049709270449384045, ""5"": 0.016044946766141783}"
primary,100,p0.10,nan,1.0,6,0.1,9.9,9.54,3,20,954,954,1.4123757767611176,170,0.4941010929332599,0.0098820218586652,16.066500638244452,18.078220772991845,2.4310302638695918,2.655436251999381,6,"{""0"": 0.010855517085050222, ""1"": 0.012726474509035069, ""2"": 0.010124756144477587, ""3"": 0.004284391908586182, ""4"": 0.0053498142182387, ""5"": 0.015951177286603432}"
primary,100,p0.10,nan,1.0,6,0.1,9.9,9.54,3,20,954,954,1.4123757767611176,180,0.49621463389060805,0.009924292677812162,8.854715479918882,18.1687708693455,2.439770711039337,2.800003588874386,6,"{""0"": 0.010932750645957445, ""1"": 0.013139239928743576, ""2"": 0.009607248624992919, ""3"": 0.0038669997117005777, ""4"": 0.0061092441744302, ""5"": 0.015890272981048253}"
primary,100,p0.10,nan,1.0,6,0.1,9.9,9.54,3,20,954,954,1.4123757767611176,190,0.490075102088963,0.00980150204177926,18.84752888741844,18.30810332056853,2.4504958576101625,2.6603787699388244,6,"{""0"": 0.00930283854568343, ""1"": 0.013263240248870874, ""2"": 0.010076572087559096, ""3"": 0.003745425161983102, ""4"": 0.006026576238683492, ""5"": 0.016394359967895573}"
primary,100,p0.10,nan,1.0,6,0.1,9.9,9.54,3,20,954,954,1.4123757767611176,200,0.458205681230775,0.0091641136246155,20.714119796971882,18.38179702452824,2.4583158701642938,2.8304122586362435,6,"{""0"": 0.008653082806711811, ""1"": 0.013597134154788424, ""2"": 0.009835579260247682, ""3"": 0.003452364844885697, ""4"": 0.006442049393407851, ""5"": 0.013004471287651531}"
primary,100,p0.20,nan,1.0,6,0.2,19.8,19.74,8,32,1974,1974,1.6076351599208847,0,0.9981776521103439,0.01996355304220688,nan,0.0,1.6076351599208847,6.1435130224264185,9,"{""0"": 0.017195932354454033, ""1"": 0.022838299317986265, ""2"": 0.018766261358958942, ""3"": 0.018927166302070524, ""4"": 0.022933264982842674, ""5"": 0.019120393936928836}"
primary,100,p0.20,nan,1.0,6,0.2,19.8,19.74,8,32,1974,1974,1.6076351599208847,10,1.1161217667780856,0.022322435335561715,57.71008393502002,15.980908719859427,2.471433672099105,1.712330484612592,5,"{""0"": 0.02044744831479041, ""1"": 0.023578700166847454, ""2"": 0.017215652809683596, ""3"": 0.0065536622132755405, ""4"": 0.02548566007237028, ""5"": 0.040653488436403026}"
primary,100,p0.20,nan,1.0,6,0.2,19.8,19.74,8,32,1974,1974,1.6076351599208847,20,0.9244777584506978,0.01848955516901396,16.6646763024914,17.327776635977102,2.4509250483755616,2.626955942477741,9,"{""0"": 0.007648142752473651, ""1"": 0.01789927395276259, ""2"": 0.02139820855213622, ""3"": 0.012933527948148163, ""4"": 0.024189252560125097, ""5"": 0.02686892524843803}"
primary,100,p0.20,nan,1.0,6,0.2,19.8,19.74,8,32,1974,1974,1.6076351599208847,30,0.9551208732000631,0.019102417464001265,9.983185567928064,18.44558381786937,2.5187236129070105,2.1898415799826147,6,"{""0"": 0.018935527341627425, ""1"": 0.004448940570746596, ""2"": 0.022170762559916134, ""3"": 0.005364772250650098, ""4"": 0.029706824990179993, ""5"": 0.03398767707088733}"
primary,100,p0.20,nan,1.0,6,0.2,19.8,19.74,8,32,1974,1974,1.6076351599208847,40,0.920006108658281,0.018400122173165622,4.930949654504511,18.762645194486034,2.4464643913751014,2.786915341224002,6,"{""0"": 0.019790688649112174, ""1"": 0.0029012912089019923, ""2"": 0.023746351022880925, ""3"": 0.006544416998523292, ""4"": 0.023692001202859112, ""5"": 0.033725983956716235}"
primary,100,p0.20,nan,1.0,6,0.2,19.8,19.74,8,32,1974,1974,1.6076351599208847,50,0.8509072689290399,0.0170181453785808,9.842008161436933,19.335981348147463,2.4670257144425682,3.0970156506414916,7,"{""0"": 0.013851194472596473, ""1"": 0.0022951348098564557, ""2"": 0.027058952746947668, ""3"": 0.008533448327071357, ""4"": 0.018888846937557335, ""5"": 0.03148129497745551}"
primary,100,p0.20,nan,1.0,6,0.2,19.8,19.74,8,32,1974,1974,1.6076351599208847,60,0.7482978798257136,0.014965957596514274,4.318806965645431,19.590000200513526,2.4953365643015553,3.2747534429461798,8,"{""0"": 0.011460921052408224, ""1"": 0.002414880064891124, ""2"": 0.016724140404933058, ""3"": 0.008360619529862199, ""4"": 0.018285506302342117, ""5"": 0.03254967822464893}"
primary,100,p0.20,nan,1.0,6,0.2,19.8,19.74,8,32,1974,1974,1.6076351599208847,70,0.6560671950210237,0.013121343900420475,35.61694401288486,19.746945027972945,2.5258374958169965,3.3133490406541415,8,"{""0"": 0.013551648339555324, ""1"": 0.002088626726234436, ""2"": 0.015419842006477332, ""3"": 0.007102043143561429, ""4"": 0.011743243874201986, ""5"": 0.028822659312492345}"
primary,100,p0.20,nan,1.0,6,0.2,19.8,19.74,8,32,1974,1974,1.6076351599208847,80,0.5923905687660727,0.011847811375321456,11.572754692048587,19.912165498683844,2.501263391825034,3.164805846431296,8,"{""0"": 0.012595118848449424, ""1"": 0.0020762478397917303, ""2"": 0.015584734858260285, ""3"": 0.006139692967616134, ""4"": 0.006686195354178972, ""5"": 0.028004878383632175}"
primary,100,p0.20,nan,1.0,6,0.2,19.8,19.74,8,32,1974,1974,1.6076351599208847,90,0.6078323043295465,0.01215664608659093,5.477586992695699,20.093391824146337,2.512442966919411,2.8684837652401445,8,"{""0"": 0.010792554458542809, ""1"": 0.0022829766179844604, ""2"": 0.015684838434562632, ""3"": 0.00913111627128231, ""4"": 0.005865245492704696, ""5"": 0.029183145244468668}"
primary,100,p0.20,nan,1.0,6,0.2,19.8,19.74,8,32,1974,1974,1.6076351599208847,100,0.5856331538092254,0.01171266307618451,3.592992207933795,20.246742351523185,2.5102588452668098,2.8398616992540178,8,"{""0"": 0.009818487336381547, ""1"": 0.0025287014309360394, ""2"": 0.015988428979739615, ""3"": 0.009014350374754714, ""4"": 0.002883564190445294, ""5"": 0.030042446144849855}"
primary,100,p0.20,nan,1.0,6,0.2,19.8,19.74,8,32,1974,1974,1.6076351599208847,110,0.6154950596848577,0.012309901193697157,50.84811454560255,20.307580129259698,2.607841190921162,2.922893044645914,8,"{""0"": 0.008673989495038904, ""1"": 0.005423469473122262, ""2"": 0.01929612351521839, ""3"": 0.009952920300750507, ""4"": 0.0033054904863201286, ""5"": 0.027207413891732757}"
primary,100,p0.20,nan,1.0,6,0.2,19.8,19.74,8,32,1974,1974,1.6076351599208847,120,0.6166024303942155,0.01233204860788431,15.033799781160283,20.460543422576134,2.633300190559158,3.009449100121374,9,"{""0"": 0.008500249281401072, ""1"": 0.005830966437474505, ""2"": 0.021402134757416265, ""3"": 0.008830933315225723, ""4"": 0.003001123087157032, ""5"": 0.026426884768631264}"
primary,100,p0.20,nan,1.0,6,0.2,19.8,19.74,8,32,1974,1974,1.6076351599208847,130,0.589866350366891,0.01179732700733782,4.607737930690755,20.692886867384708,2.629359026892604,3.141320230895318,8,"{""0"": 0.006924468862092569, ""1"": 0.005904669888350075, ""2"": 0.021814900252893944, ""3"": 0.006274324330375868, ""4"": 0.002583948367267788, ""5"": 0.027281650343046675}"
primary,100,p0.20,nan,1.0,6,0.2,19.8,19.74,8,32,1974,1974,1.6076351599208847,140,0.5722750139218655,0.01144550027843731,37.443371016181516,20.71451839013893,2.611231836130024,3.0780369884122156,8,"{""0"": 0.006542350780726379, ""1"": 0.006347109023319343, ""2"": 0.019314345897457653, ""3"": 0.005175170590483501, ""4"": 0.002533862677713301, ""5"": 0.02876016270092368}"
primary,100,p0.20,nan,1.0,6,0.2,19.8,19.74,8,32,1974,1974,1.6076351599208847,150,0.6217118813257959,0.01243423762651592,4.565261403090961,20.844375206281327,2.562276739531324,3.1828083292229663,9,"{""0"": 0.0074961572377238075, ""1"": 0.007724146861863736, ""2"": 0.019531197706772176, ""3"": 0.005262735810165325, ""4"": 0.002326162181529684, ""5"": 0.03226502596104079}"
primary,100,p0.20,nan,1.0,6,0.2,19.8,19.74,8,32,1974,1974,1.6076351599208847,160,0.5767328186276733,0.011534656372553468,4.3938349029753505,20.820528788937978,2.562628371274183,2.8912934477951753,8,"{""0"": 0.008192484124892294, ""1"": 0.004944731320353901, ""2"": 0.021068155619795036, ""3"": 0.005834147278017577, ""4"": 0.002154538283481665, ""5"": 0.02701388160878033}"
primary,100,p0.20,nan,1.0,6,0.2,19.8,19.74,8,32,1974,1974,1.6076351599208847,170,0.5452305518781069,0.010904611037562139,22.839725690254703,20.94634512300827,2.5468319838773033,2.84976781267445,8,"{""0"": 0.007123233182784056, ""1"": 0.005124998023335811, ""2"": 0.01931587815437979, ""3"": 0.005018759450990913, ""4"": 0.0021335094894272587, ""5"": 0.026711287924455006}"
primary,100,p0.20,nan,1.0,6,0.2,19.8,19.74,8,32,1974,1974,1.6076351599208847,180,0.5337995644576723,0.010675991289153447,27.294771583241847,21.09337706093136,2.5877725666831837,2.7498072190681784,8,"{""0"": 0.008429518673314063, ""1"": 0.0048981549432457975, ""2"": 0.019625097034602596, ""3"": 0.0045739696588321405, ""4"": 0.00214506514118057, ""5"": 0.024384142283745504}"
primary,100,p0.20,nan,1.0,6,0.2,19.8,19.74,8,32,1974,1974,1.6076351599208847,190,0.4837291885685904,0.009674583771371809,9.78431017372242,21.15271773520918,2.5800596397956816,2.925568296825175,8,"{""0"": 0.006948566658887189, ""1"": 0.00526717003862775, ""2"": 0.017907938438811992, ""3"": 0.00428624335229571, ""4"": 0.002120439463087909, ""5"": 0.021517144676520293}"
primary,100,p0.20,nan,1.0,6,0.2,19.8,19.74,8,32,1974,1974,1.6076351599208847,200,0.47450478431289045,0.00949009568625781,31.826537691441192,21.171060333663775,2.533238321800392,2.9705380848839726,8,"{""0"": 0.0071844324292845135, ""1"": 0.0052743823048022696, ""2"": 0.018605959268965376, ""3"": 0.004295444879200203, ""4"": 0.002031621021886338, ""5"": 0.019548734213408154}"
primary,100,p0.40,nan,1.0,6,0.4,39.6,39.9,27,52,3990,3990,1.5757538616536502,0,1.011889761986294,0.020237795239725884,nan,0.0,1.5757538616536502,4.860586666355802,7,"{""0"": 0.0184568318974749, ""1"": 0.020703122288841615, ""2"": 0.019474646933935795, ""3"": 0.021156326121019347, ""4"": 0.01912922943244417, ""5"": 0.022506614764639464}"
primary,100,p0.40,nan,1.0,6,0.4,39.6,39.9,27,52,3990,3990,1.5757538616536502,10,0.7477883856086469,0.01495576771217294,21.37753500791647,13.508118950910449,2.8112121566532053,1.5448614575916293,2,"{""0"": 0.021354845457468297, ""1"": 0.001830182957954328, ""2"": 0.02323077792526001, ""3"": 0.01265811451139332, ""4"": 0.013182838563518973, ""5"": 0.017477846857442712}"
primary,100,p0.40,nan,1.0,6,0.4,39.6,39.9,27,52,3990,3990,1.5757538616536502,20,0.7816322300420372,0.015632644600840746,3.8161008020092626,15.408905840353668,2.314413736645662,1.6444816479700826,2,"{""0"": 0.020280254843001836, ""1"": 0.004882564582235913, ""2"": 0.028878051537927153, ""3"": 0.003541140842951583, ""4"": 0.03006086394592249, ""5"": 0.006152991853005517}"
primary,100,p0.40,nan,1.0,6,0.4,39.6,39.9,27,52,3990,3990,1.5757538616536502,30,0.7938908466594273,0.015877816933188547,37.89448889230273,18.648476462036236,2.6372864531727096,1.6042079821869626,2,"{""0"": 0.019313343048386174, ""1"": 0.00633626360717211, ""2"": 0.02855445609479913, ""3"": 0.0040193850971379595, ""4"": 0.01750793209341055, ""5"": 0.019535521658225356}"
primary,100,p0.40,nan,1.0,6,0.4,39.6,39.9,27,52,3990,3990,1.5757538616536502,40,1.000485700138793,0.020009714002775864,14.905492213037986,20.125939471101432,2.5448239801262034,2.602710722423458,4,"{""0"": 0.013605292274626691, ""1"": 0.010466162066336295, ""2"": 0.026048973045908856, ""3"": 0.026696629890539954, ""4"": 0.019818201795529553, ""5"": 0.02342302494371385}"
primary,100,p0.40,nan,1.0,6,0.4,39.6,39.9,27,52,3990,3990,1.5757538616536502,50,0.8430435876390594,0.01686087175278119,23.162884553270132,21.961722258930976,2.583296019275681,2.376292228977274,3,"{""0"": 0.01978787134822039, ""1"": 0.0035893634004526614, ""2"": 0.01938377407481347, ""3"": 0.018994996993965542, ""4"": 0.018376339781603624, ""5"": 0.021032884917631466}"
primary,100,p0.40,nan,1.0,6,0.4,39.6,39.9,27,52,3990,3990,1.5757538616536502,60,0.6118092936215325,0.012236185872430652,9.992692154385066,22.359253182062027,2.6376230046662443,2.77932855253617,4,"{""0"": 0.013215453743510075, ""1"": 0.0023133695887174893, ""2"": 0.004751881201508549, ""3"": 0.020504535374967194, ""4"": 0.011519129231212889, ""5"": 0.021112746094667716}"
primary,100,p0.40,nan,1.0,6,0.4,39.6,39.9,27,52,3990,3990,1.5757538616536502,70,0.5830806038386092,0.011661612076772186,33.203779793247215,22.764997638887003,2.7407880049548954,2.8342072622526833,4,"{""0"": 0.010685381918069083, ""1"": 0.0025026105697607687, ""2"": 0.001688000860289317, ""3"": 0.01788861395570466, ""4"": 0.013510727505928865, ""5"": 0.023694337650880432}"
primary,100,p0.40,nan,1.0,6,0.4,39.6,39.9,27,52,3990,3990,1.5757538616536502,80,0.5599770753712626,0.011199541507425253,18.801181188551393,23.12575966644566,2.8478501437746018,2.623824252718103,4,"{""0"": 0.01460154533717642, ""1"": 0.0025324890457643994, ""2"": 0.001735180487474645, ""3"": 0.0041737039713650136, ""4"": 0.014344649551954022, ""5"": 0.029809680650817027}"
primary,100,p0.40,nan,1.0,6,0.4,39.6,39.9,27,52,3990,3990,1.5757538616536502,90,0.41678254574134393,0.008335650914826881,12.740977605672276,23.274757648118516,3.012368946686299,2.502977299213483,3,"{""0"": 0.006062732385145714, ""1"": 0.004248277973081535, ""2"": 0.002237031722666488, ""3"": 0.004876496789554621, ""4"": 0.010234141519796267, ""5"": 0.022355225098716656}"
primary,100,p0.40,nan,1.0,6,0.4,39.6,39.9,27,52,3990,3990,1.5757538616536502,100,0.3748489495823874,0.007496978991647749,3.471520956095492,23.458434330666584,3.0225231089746356,2.3635901198234603,3,"{""0"": 0.006764753991548614, ""1"": 0.0032558649615614934, ""2"": 0.004682544838528511, ""3"": 0.005875633911152284, ""4"": 0.008938989230230537, ""5"": 0.015464087016865042}"
primary,100,p0.40,nan,1.0,6,0.4,39.6,39.9,27,52,3990,3990,1.5757538616536502,110,0.39695486951712355,0.007939097390342471,5.694501962908964,23.62660986868498,2.975280480265014,2.2933165402246196,3,"{""0"": 0.007249737445071772, ""1"": 0.003707584112560876, ""2"": 0.006629911484625594, ""3"": 0.0019262995785991927, ""4"": 0.008667694680111736, ""5"": 0.01945335704108566}"
primary,100,p0.40,nan,1.0,6,0.4,39.6,39.9,27,52,3990,3990,1.5757538616536502,120,0.43068463846952393,0.00861369276939048,6.594538656924189,24.068507087736137,2.837759191436988,2.1939188802804663,3,"{""0"": 0.008699670343125947, ""1"": 0.0033356720539272967, ""2"": 0.0069228495657257414, ""3"": 0.0015270271913515629, ""4"": 0.00932611776312753, ""5"": 0.021870819699084793}"
primary,100,p0.40,nan,1.0,6,0.4,39.6,39.9,27,52,3990,3990,1.5757538616536502,130,0.38921419568756355,0.007784283913751272,56.18009774126092,24.23785775270219,2.8079292588154803,2.176105365534452,3,"{""0"": 0.006564907526245951, ""1"": 0.003077724561421168, ""2"": 0.0068994099437329915, ""3"": 0.0014250127719484464, ""4"": 0.008032077258157386, ""5"": 0.02070657142100169}"
primary,100,p0.40,nan,1.0,6,0.4,39.6,39.9,27,52,3990,3990,1.5757538616536502,140,0.42004508066603047,0.00840090161332061,5.417844117955508,24.441840744623956,2.8554657420942293,2.0301906259197704,3,"{""0"": 0.0063106383762036354, ""1"": 0.0022906762037795897, ""2"": 0.00686558997949239, ""3"": 0.00162181429954249, ""4"": 0.01139020926447103, ""5"": 0.021926481556434528}"
primary,100,p0.40,nan,1.0,6,0.4,39.6,39.9,27,52,3990,3990,1.5757538616536502,150,0.42885392143047407,0.008577078428609483,8.903740936360142,24.46644533732461,2.8624498181676548,2.087938133095137,3,"{""0"": 0.008813841570444616, ""1"": 0.0015411811104916184, ""2"": 0.006704562216318627, ""3"": 0.0019523760204937575, ""4"": 0.010948912660254037, ""5"": 0.02150159699365424}"
primary,100,p0.40,nan,1.0,6,0.4,39.6,39.9,27,52,3990,3990,1.5757538616536502,160,0.3381836179720761,0.006763672359441523,2.791388013949323,24.447462403946904,2.858953528726842,2.15676591471673,3,"{""0"": 0.006958334931737559, ""1"": 0.0012326286229146866, ""2"": 0.006403242465471542, ""3"": 0.002365723476856132, ""4"": 0.006200328551785243, ""5"": 0.01742177610788398}"
primary,100,p0.40,nan,1.0,6,0.4,39.6,39.9,27,52,3990,3990,1.5757538616536502,170,0.35810593516720485,0.007162118703344098,13.276957518643803,24.547278251012948,2.8544973093531167,2.2261281098491312,3,"{""0"": 0.008133480905045124, ""1"": 0.00126135007453915, ""2"": 0.005772737122838831, ""3"": 0.0017215608038434875, ""4"": 0.0065747127854105135, ""5"": 0.019508870528387477}"
primary,100,p0.40,nan,1.0,6,0.4,39.6,39.9,27,52,3990,3990,1.5757538616536502,180,0.38461498404560746,0.00769229968091215,44.62578245830079,24.647932277245715,2.863684559728387,2.2533198626242283,3,"{""0"": 0.008964848215826543, ""1"": 0.0012048707599339177, ""2"": 0.005888502573465078, ""3"": 0.002340581481685388, ""4"": 0.006425020518949653, ""5"": 0.021329974535612327}"
primary,100,p0.40,nan,1.0,6,0.4,39.6,39.9,27,52,3990,3990,1.5757538616536502,190,0.3989597275406574,0.007979194550813149,1.5145576854804792,24.698379899131496,2.8590633824778093,2.174531638069184,3,"{""0"": 0.007494449348111734, ""1"": 0.0011023481082831066, ""2"": 0.0053115174490363255, ""3"": 0.002279183005636653, ""4"": 0.010327216193424598, ""5"": 0.021360453200386483}"
primary,100,p0.40,nan,1.0,6,0.4,39.6,39.9,27,52,3990,3990,1.5757538616536502,200,0.3551361247166166,0.007102722494332333,2.2956211316963255,24.84274900554591,2.872211643312223,2.283760863798251,3,"{""0"": 0.006952785959778415, ""1"": 0.0010619830117419237, ""2"": 0.0053923638646996746, ""3"": 0.0011987239326816833, ""4"": 0.006892815803165678, ""5"": 0.021117662393926623}"
primary,100,p0.05,nan,1.0,7,0.05,4.95,4.92,1,10,492,492,1.4218009617083387,0,1.063758231685693,0.021275164633713865,nan,0.0,1.4218009617083387,3.682528994260275,6,"{""0"": 0.023173973234491253, ""1"": 0.018936500646328753, ""2"": 0.02307749874864179, ""3"": 0.022949946103486742, ""4"": 0.019774705783662423, ""5"": 0.019738363285672224}"
primary,100,p0.05,nan,1.0,7,0.05,4.95,4.92,1,10,492,492,1.4218009617083387,10,0.7748139726675799,0.0154962794533516,15.369600196205752,9.733044332210353,1.9500545262536824,2.198227070275811,5,"{""0"": 0.016192662247477185, ""1"": 0.020938005664949137, ""2"": 0.007540271952331879, ""3"": 0.010777449672533678, ""4"": 0.022779772562244813, ""5"": 0.0147495146205729}"
primary,100,p0.05,nan,1.0,7,0.05,4.95,4.92,1,10,492,492,1.4218009617083387,20,0.8277666792609654,0.01655533358521931,20.364844327133603,11.784104474495333,2.209717369765789,1.7124156492214277,4,"{""0"": 0.014901339621788547, ""1"": 0.02374779192579625, ""2"": 0.011767837800475054, ""3"": 0.01840343147551988, ""4"": 0.019961524879566324, ""5"": 0.010550075808169808}"
primary,100,p0.05,nan,1.0,7,0.05,4.95,4.92,1,10,492,492,1.4218009617083387,30,0.8746959092983897,0.017493918185967794,21.662958793406265,12.784429192851302,2.1897647480846656,1.7390320602382885,4,"{""0"": 0.016540868729515136, ""1"": 0.029212753733528784, ""2"": 0.01149986933387679, ""3"": 0.017537813351059636, ""4"": 0.018912519769850783, ""5"": 0.011259684197975645}"
primary,100,p0.05,nan,1.0,7,0.05,4.95,4.92,1,10,492,492,1.4218009617083387,40,0.7544115681363662,0.015088231362727326,37.88843132528125,12.429208048477943,2.1762228504056407,1.7866228979628067,4,"{""0"": 0.015329623167199258, ""1"": 0.02698620434168623, ""2"": 0.011045008587789073, ""3"": 0.014412132984652418, ""4"": 0.01781679229204632, ""5"": 0.004939626802990663}"
primary,100,p0.05,nan,1.0,7,0.05,4.95,4.92,1,10,492,492,1.4218009617083387,50,0.7338705166208453,0.014677410332416908,18.29319153009774,12.602715630160795,2.105701671722642,1.801224231324154,4,"{""0"": 0.014695394050616262, ""1"": 0.02761473340770477, ""2"": 0.008458610251753278, ""3"": 0.015203435744273186, ""4"": 0.016955931942836937, ""5"": 0.005136356597317021}"
primary,100,p0.05,nan,1.0,7,0.05,4.95,4.92,1,10,492,492,1.4218009617083387,60,0.7412212490916885,0.014824424981833773,29.065636347285192,12.982183021198576,2.0138324801820002,1.7519462828543213,4,"{""0"": 0.015449577402279088, ""1"": 0.028381927933304567, ""2"": 0.01021281392828759, ""3"": 0.01496623795298468, ""4"": 0.01511127593174123, ""5"": 0.004824716742405478}"
primary,100,p0.05,nan,1.0,7,0.05,4.95,4.92,1,10,492,492,1.4218009617083387,70,0.7170108304188525,0.014340216608377053,32.739946073553725,13.078960812418424,2.0643665194580647,1.8538230151424497,4,"{""0"": 0.014478833540638714, ""1"": 0.02816088361502808, ""2"": 0.009853940874734578, ""3"": 0.014182808304854444, ""4"": 0.01455965756673982, ""5"": 0.00480517574826667}"
primary,100,p0.05,nan,1.0,7,0.05,4.95,4.92,1,10,492,492,1.4218009617083387,80,0.7084579149273635,0.014169158298547273,9.151338907306707,13.399459608190988,2.1225509733342767,1.8562305638122893,4,"{""0"": 0.014382484756154177, ""1"": 0.025901500179686687, ""2"": 0.011592819151108073, ""3"": 0.014347288780803191, ""4"": 0.014108400722267694, ""5"": 0.004682456201263811}"
primary,100,p0.05,nan,1.0,7,0.05,4.95,4.92,1,10,492,492,1.4218009617083387,90,0.7354042234492959,0.014708084468985921,15.74999468640139,13.687414407077954,2.0304962146894665,1.8227715852889212,4,"{""0"": 0.01531368708026154, ""1"": 0.028364859394433322, ""2"": 0.011716764951509407, ""3"": 0.01466087295322931, ""4"": 0.0135611433622168, ""5"": 0.004631179072265136}"
primary,100,p0.05,nan,1.0,7,0.05,4.95,4.92,1,10,492,492,1.4218009617083387,100,0.7484498598976984,0.01496899719795397,13.248977574952168,13.80601495177287,2.003108742987422,1.777875568430019,4,"{""0"": 0.015410369234626468, ""1"": 0.0288340897252364, ""2"": 0.011897619457874757, ""3"": 0.014918401491162747, ""4"": 0.014142678863035673, ""5"": 0.00461082441578779}"
primary,100,p0.05,nan,1.0,7,0.05,4.95,4.92,1,10,492,492,1.4218009617083387,110,0.756447860983477,0.015128957219669543,99.66919507383271,14.04135336461296,2.0173418109520123,1.7246009953519708,3,"{""0"": 0.015487971101647869, ""1"": 0.028679975698991732, ""2"": 0.012619528261757393, ""3"": 0.01564452655295923, ""4"": 0.013705016471333509, ""5"": 0.004636725231327517}"
primary,100,p0.05,nan,1.0,7,0.05,4.95,4.92,1,10,492,492,1.4218009617083387,120,0.7439657727514665,0.014879315455029333,40.11605487840412,14.075474926248294,2.0857012174811183,1.7414506736432835,3,"{""0"": 0.014714440229203558, ""1"": 0.02838459480877603, ""2"": 0.012599734489100312, ""3"": 0.01553708232731409, ""4"": 0.013501122117999054, ""5"": 0.004538918757782948}"
primary,100,p0.05,nan,1.0,7,0.05,4.95,4.92,1,10,492,492,1.4218009617083387,130,0.7454207599127453,0.014908415198254907,25.984605229920025,14.321074676176279,2.1351979882808356,1.7494428098875858,3,"{""0"": 0.014559114616707928, ""1"": 0.028746188222578857, ""2"": 0.012738122125797094, ""3"": 0.015856416276746554, ""4"": 0.01297335525725878, ""5"": 0.00457729469044023}"
primary,100,p0.05,nan,1.0,7,0.05,4.95,4.92,1,10,492,492,1.4218009617083387,140,0.7457788145872042,0.014915576291744085,10.798166093970853,14.444781732714397,2.1148654723311964,1.7609932676693871,3,"{""0"": 0.014244922900850273, ""1"": 0.028576364432643348, ""2"": 0.01275446751642271, ""3"": 0.016101988168658737, ""4"": 0.013126848176073135, ""5"": 0.004688866555816321}"
primary,100,p0.05,nan,1.0,7,0.05,4.95,4.92,1,10,492,492,1.4218009617083387,150,0.7448446082927997,0.014896892165855996,102.41822979459418,14.63889513320159,2.136517409338838,1.7828315469857463,3,"{""0"": 0.014039296178929003, ""1"": 0.028434777840927454, ""2"": 0.012895827099956392, ""3"": 0.016459268430310092, ""4"": 0.012860171760896863, ""5"": 0.004692011684116176}"
primary,100,p0.05,nan,1.0,7,0.05,4.95,4.92,1,10,492,492,1.4218009617083387,160,0.743814354553531,0.014876287091070622,10.797603608906192,14.740869786707606,2.1758922761727915,1.8804668088668115,4,"{""0"": 0.01366382951061649, ""1"": 0.02844487821035746, ""2"": 0.013677443904351532, ""3"": 0.016041275475525113, ""4"": 0.012829763203311839, ""5"": 0.004600532242261297}"
primary,100,p0.05,nan,1.0,7,0.05,4.95,4.92,1,10,492,492,1.4218009617083387,170,0.7429128983720191,0.014858257967440386,117.94038784937851,14.839129523650591,2.155009016251511,1.9327476209031091,4,"{""0"": 0.013742322470532534, ""1"": 0.028422414374585918, ""2"": 0.014356306346241115, ""3"": 0.01593202467838159, ""4"": 0.01207503378282171, ""5"": 0.004621446152079456}"
primary,100,p0.05,nan,1.0,7,0.05,4.95,4.92,1,10,492,492,1.4218009617083387,180,0.7445648662604097,0.014891297325208197,27.13288895057391,14.957925208933696,2.129048850687259,1.9576605506369809,4,"{""0"": 0.013069682847652319, ""1"": 0.02855467105771925, ""2"": 0.015077247298486978, ""3"": 0.016576428204155086, ""4"": 0.01136414585515096, ""5"": 0.004705608688084587}"
primary,100,p0.05,nan,1.0,7,0.05,4.95,4.92,1,10,492,492,1.4218009617083387,190,0.7311591893654485,0.014623183787308973,26.80305240053572,15.060119433452414,2.089063965332279,1.9831355185597181,4,"{""0"": 0.01287996478548135, ""1"": 0.028663728493815172, ""2"": 0.014411417463110615, ""3"": 0.01600634074432149, ""4"": 0.010930851156510171, ""5"": 0.004846800080615049}"
primary,100,p0.05,nan,1.0,7,0.05,4.95,4.92,1,10,492,492,1.4218009617083387,200,0.7157395956038112,0.014314791912076224,48.52056232081624,15.114073589025756,2.125974963964069,2.0624115882167984,4,"{""0"": 0.011815510143877364, ""1"": 0.02825291569826332, ""2"": 0.014554226113663962, ""3"": 0.015453471493756496, ""4"": 0.010858976214125805, ""5"": 0.004953651808770397}"
primary,100,p0.10,nan,1.0,7,0.1,9.9,10.08,1,18,1008,1008,1.6286677165156045,0,1.0092878734384059,0.02018575746876812,nan,0.0,1.6286677165156045,4.277275843318676,8,"{""0"": 0.019357840350988288, ""1"": 0.019222388425691177, ""2"": 0.020397479451257118, ""3"": 0.021096065985548522, ""4"": 0.02009934891593563, ""5"": 0.020941421683187987}"
primary,100,p0.10,nan,1.0,7,0.1,9.9,10.08,1,18,1008,1008,1.6286677165156045,10,1.1431288108102233,0.02286257621620447,16.715659330443373,11.968543804598792,1.910287699050937,3.149677161334285,8,"{""0"": 0.015866074691830677, ""1"": 0.04000073049277455, ""2"": 0.020208158590341113, ""3"": 0.0074760639884263414, ""4"": 0.02116022728811124, ""5"": 0.0324642022457429}"
primary,100,p0.10,nan,1.0,7,0.1,9.9,10.08,1,18,1008,1008,1.6286677165156045,20,0.7763315662356142,0.015526631324712286,31.298914090104077,13.722834710172673,2.0030887465335305,1.7030741243274559,4,"{""0"": 0.01606331977195715, ""1"": 0.022519874795777717, ""2"": 0.004385006714785453, ""3"": 0.0165985283683718, ""4"": 0.011193415982370208, ""5"": 0.02239964231501139}"
primary,100,p0.10,nan,1.0,7,0.1,9.9,10.08,1,18,1008,1008,1.6286677165156045,30,0.7234385961738532,0.014468771923477067,65.38796160531699,14.16451573748869,2.090734109026954,1.618521684752986,4,"{""0"": 0.018431094547968277, ""1"": 0.017397328231321767, ""2"": 0.00793003007569138, ""3"": 0.019582583790482742, ""4"": 0.007118754424283366, ""5"": 0.016352840471114873}"
primary,100,p0.10,nan,1.0,7,0.1,9.9,10.08,1,18,1008,1008,1.6286677165156045,40,0.5970587524481056,0.011941175048962112,62.36509578338136,15.161105891274152,2.0662115370318035,2.126288617537293,5,"{""0"": 0.015554472837073618, ""1"": 0.009155506827415434, ""2"": 0.011726354325486073, ""3"": 0.015006493211293609, ""4"": 0.00395476178502004, ""5"": 0.016249461307483892}"
primary,100,p0.10,nan,1.0,7,0.1,9.9,10.08,1,18,1008,1008,1.6286677165156045,50,0.5542528992171174,0.01108505798434235,64.04311998388195,15.548091702551398,2.089648519147454,1.6790088284613462,4,"{""0"": 0.018815801686424362, ""1"": 0.0067767850847926855, ""2"": 0.006040673511664601, ""3"": 0.013774427437745493, ""4"": 0.004195292334057335, ""5"": 0.01690736785136962}"
primary,100,p0.10,nan,1.0,7,0.1,9.9,10.08,1,18,1008,1008,1.6286677165156045,60,0.523915694600523,0.010478313892010463,32.31603152456722,15.659399511963903,2.033653861427874,1.7473882041578896,3,"{""0"": 0.012794979453300732, ""1"": 0.005905371098309029, ""2"": 0.012211438627298347, ""3"": 0.013277004393292324, ""4"": 0.0029548826733109745, ""5"": 0.01572620710655137}"
primary,100,p0.10,nan,1.0,7,0.1,9.9,10.08,1,18,1008,1008,1.6286677165156045,70,0.5210636206034331,0.010421272412068663,10.890762229078241,16.11721419271917,2.060155637790615,1.8288023632340582,4,"{""0"": 0.01466137632982778, ""1"": 0.0038056981980107984, ""2"": 0.013561360729041705, ""3"": 0.011284241685005744, ""4"": 0.0031341968557341685, ""5"": 0.016080760674791778}"
primary,100,p0.10,nan,1.0,7,0.1,9.9,10.08,1,18,1008,1008,1.6286677165156045,80,0.4616951802867704,0.00923390360573541,7.5387415123516135,16.272878859671994,2.084315759420546,1.9277348588553491,4,"{""0"": 0.010970602872203597, ""1"": 0.0054095741899194355, ""2"": 0.009923782510031908, ""3"": 0.010937390032298846, ""4"": 0.0035055090098275914, ""5"": 0.014656563020131092}"
primary,100,p0.10,nan,1.0,7,0.1,9.9,10.08,1,18,1008,1008,1.6286677165156045,90,0.42233433598737413,0.008446686719747484,41.69765997529764,16.51895711358352,2.1149728310814893,2.08777510001088,4,"{""0"": 0.010929187760143202, ""1"": 0.006600705352612038, ""2"": 0.01035779429330023, ""3"": 0.011190599932155645, ""4"": 0.00384449218579316, ""5"": 0.007757340794480624}"
primary,100,p0.10,nan,1.0,7,0.1,9.9,10.08,1,18,1008,1008,1.6286677165156045,100,0.3826981122629479,0.007653962245258959,11.73852703458267,16.929034042449747,2.1773611738131295,2.098960228697391,4,"{""0"": 0.010587830629653839, ""1"": 0.0047042701978019024, ""2"": 0.007824297500167882, ""3"": 0.01025666039164768, ""4"": 0.0036945610342421767, ""5"": 0.008856153718040284}"
primary,100,p0.10,nan,1.0,7,0.1,9.9,10.08,1,18,1008,1008,1.6286677165156045,110,0.4049649489662073,0.008099298979324147,7.164432408520721,17.097966274720655,2.203617048271295,1.9423801817546131,4,"{""0"": 0.01153966716221402, ""1"": 0.0033789559637019606, ""2"": 0.008538744294182934, ""3"": 0.010393521191686966, ""4"": 0.003156772018663185, ""5"": 0.011588133245495813}"
primary,100,p0.10,nan,1.0,7,0.1,9.9,10.08,1,18,1008,1008,1.6286677165156045,120,0.380621164961069,0.007612423299221381,6.512143945380563,17.254213131631314,2.2346348447265534,2.041488275939905,4,"{""0"": 0.013125617073716237, ""1"": 0.0031506882229938734, ""2"": 0.007863553588036313, ""3"": 0.011021281308995077, ""4"": 0.0032371407145927464, ""5"": 0.0072762588869940414}"
primary,100,p0.10,nan,1.0,7,0.1,9.9,10.08,1,18,1008,1008,1.6286677165156045,130,0.3900640224237195,0.007801280448474391,8.566156745169227,17.390782966719687,2.2479086929639056,2.083107036950004,4,"{""0"": 0.014493478517279315, ""1"": 0.00310467168627059, ""2"": 0.008126416736716524, ""3"": 0.011151120504089321, ""4"": 0.0030494901586737614, ""5"": 0.006882505087816839}"
primary,100,p0.10,nan,1.0,7,0.1,9.9,10.08,1,18,1008,1008,1.6286677165156045,140,0.3878631281829434,0.007757262563658869,5.256612638548841,17.54981315179338,2.285324425490798,2.079156876237507,4,"{""0"": 0.01431018848898585, ""1"": 0.0032380355264943978, ""2"": 0.008335182921519985, ""3"": 0.010681227689699629, ""4"": 0.003175340855639576, ""5"": 0.00680359989961377}"
primary,100,p0.10,nan,1.0,7,0.1,9.9,10.08,1,18,1008,1008,1.6286677165156045,150,0.4065318633239494,0.00813063726647899,11.48771257553982,17.68847057456963,2.295874728118987,2.110166873772306,4,"{""0"": 0.015006870305803296, ""1"": 0.0031985199387377997, ""2"": 0.009050219313175099, ""3"": 0.011245280491122276, ""4"": 0.003109711243400627, ""5"": 0.0071732223066348355}"
primary,100,p0.10,nan,1.0,7,0.1,9.9,10.08,1,18,1008,1008,1.6286677165156045,160,0.4141806213447941,0.008283612426895882,13.143031218548193,17.831323243518973,2.2917760829211806,2.229797701862338,5,"{""0"": 0.01630792359528658, ""1"": 0.0032775892449273063, ""2"": 0.00922759182099934, ""3"": 0.011220523830836424, ""4"": 0.0035904975147595455, ""5"": 0.006077548554566102}"
primary,100,p0.10,nan,1.0,7,0.1,9.9,10.08,1,18,1008,1008,1.6286677165156045,170,0.4199335485822072,0.008398670971644146,4.155338803413298,17.918605287057773,2.3089698035115163,2.2988039089915904,5,"{""0"": 0.01515778161682917, ""1"": 0.0034948408237166677, ""2"": 0.00792772660657692, ""3"": 0.013089524218000182, ""4"": 0.004281027243877076, ""5"": 0.006441125320864868}"
primary,100,p0.10,nan,1.0,7,0.1,9.9,10.08,1,18,1008,1008,1.6286677165156045,180,0.4086239933051777,0.008172479866103553,11.602347457463134,18.016026988898275,2.31293885553941,2.27271591933001,4,"{""0"": 0.014645607724082892, ""1"": 0.0033383576207782783, ""2"": 0.007909206764622815, ""3"": 0.013057249863617273, ""4"": 0.004080136542748883, ""5"": 0.006004320680771183}"
primary,100,p0.10,nan,1.0,7,0.1,9.9,10.08,1,18,1008,1008,1.6286677165156045,190,0.3725090938910124,0.007450181877820249,14.453577714058241,18.11881266269084,2.3170223044807496,2.2383177218665473,4,"{""0"": 0.010184390536621143, ""1"": 0.002851924137071826, ""2"": 0.008118729736400442, ""3"": 0.013460530779017914, ""4"": 0.00411330341977679, ""5"": 0.00597221265803338}"
primary,100,p0.10,nan,1.0,7,0.1,9.9,10.08,1,18,1008,1008,1.6286677165156045,200,0.40075339885849337,0.008015067977169868,67.3477774431856,18.141584186934082,2.3207707869941987,2.3717298925100474,4,"{""0"": 0.010092612205944766, ""1"": 0.003526113625671171, ""2"": 0.007085555075197134, ""3"": 0.014970068549397145, ""4"": 0.0061656039830510195, ""5"": 0.006250454423757967}"
primary,100,p0.20,nan,1.0,7,0.2,19.8,19.64,11,29,1964,1964,1.4902097759836468,0,1.0058876161476138,0.020117752322952275,nan,0.0,1.4902097759836468,4.20472695482301,7,"{""0"": 0.019997015120037175, ""1"": 0.020904861663001352, ""2"": 0.019672051680443003, ""3"": 0.018702746472591444, ""4"": 0.021790671847712058, ""5"": 0.01963916715392864}"
primary,100,p0.20,nan,1.0,7,0.2,19.8,19.64,11,29,1964,1964,1.4902097759836468,10,0.9057869140608489,0.01811573828121698,67.96676566379935,15.914937474178242,2.2502367187378494,2.0787377613479943,4,"{""0"": 0.01944467982412062, ""1"": 0.010069821718396117, ""2"": 0.016067572675087988, ""3"": 0.01231065686651254, ""4"": 0.018796136503710103, ""5"": 0.03200556209947451}"
primary,100,p0.20,nan,1.0,7,0.2,19.8,19.64,11,29,1964,1964,1.4902097759836468,20,0.9612986587744267,0.019225973175488537,23.228311910183262,17.499429270409053,2.2647014260970004,2.9097851393780396,5,"{""0"": 0.011243510788307435, ""1"": 0.011625548157287178, ""2"": 0.028395278809104828, ""3"": 0.027542940301741668, ""4"": 0.0155579884776114, ""5"": 0.020990572518878703}"
primary,100,p0.20,nan,1.0,7,0.2,19.8,19.64,11,29,1964,1964,1.4902097759836468,30,0.709736315781053,0.014194726315621062,42.791979008398414,18.424046996120442,2.296391758787241,2.0301448228668857,4,"{""0"": 0.024263931136503613, ""1"": 0.018858727755571878, ""2"": 0.011357666996824646, ""3"": 0.017486383846196874, ""4"": 0.009634672870577581, ""5"": 0.0035669752880517804}"
primary,100,p0.20,nan,1.0,7,0.2,19.8,19.64,11,29,1964,1964,1.4902097759836468,40,0.6332808077197889,0.01266561615439578,64.13711947997652,19.122677348852413,2.4253090383310907,1.9085084516078934,5,"{""0"": 0.022167172129295025, ""1"": 0.0040062665357388895, ""2"": 0.010556613453616531, ""3"": 0.01890097485832953, ""4"": 0.00964254452880941, ""5"": 0.01072012542058529}"
primary,100,p0.20,nan,1.0,7,0.2,19.8,19.64,11,29,1964,1964,1.4902097759836468,50,0.5672515256246461,0.011345030512492924,46.06345552684615,19.750969890695796,2.4460886960879575,2.267127813347563,6,"{""0"": 0.0183697051034097, ""1"": 0.0032482976265749827, ""2"": 0.01237974345153675, ""3"": 0.01699181246829633, ""4"": 0.00675552037270565, ""5"": 0.010325104052434132}"
primary,100,p0.20,nan,1.0,7,0.2,19.8,19.64,11,29,1964,1964,1.4902097759836468,60,0.5799919634193598,0.011599839268387195,5.903851219404157,20.132975072493174,2.4845983219188783,2.238326291456051,5,"{""0"": 0.0189632144287984, ""1"": 0.002119496200508018, ""2"": 0.013776654615384317, ""3"": 0.016880484704196796, ""4"": 0.0044278250794968655, ""5"": 0.013431360581938775}"
primary,100,p0.20,nan,1.0,7,0.2,19.8,19.64,11,29,1964,1964,1.4902097759836468,70,0.6163690888624259,0.01232738177724852,31.8510785971877,20.027680402029308,2.483338526840525,2.261335636891112,5,"{""0"": 0.020777910707520893, ""1"": 0.0019529298525270973, ""2"": 0.0162847050443923, ""3"": 0.017864155812884176, ""4"": 0.0039731825421398526, ""5"": 0.013111406704026805}"
primary,100,p0.20,nan,1.0,7,0.2,19.8,19.64,11,29,1964,1964,1.4902097759836468,80,0.5260867866001345,0.010521735732002692,4.443953883470923,20.18672023060489,2.497606204078563,2.3870573166691123,6,"{""0"": 0.01678179278727402, ""1"": 0.001900750536549404, ""2"": 0.010419240727991427, ""3"": 0.013072180630227739, ""4"": 0.004381289918189542, ""5"": 0.016575159791784016}"
primary,100,p0.20,nan,1.0,7,0.2,19.8,19.64,11,29,1964,1964,1.4902097759836468,90,0.5139919364698353,0.010279838729396707,12.957633299452423,20.66437447472243,2.507108318111302,2.4504063997310426,6,"{""0"": 0.01510806356466945, ""1"": 0.0028682230143041035, ""2"": 0.009634102238710928, ""3"": 0.014069547670056826, ""4"": 0.004984285539222999, ""5"": 0.015014810349415935}"
primary,100,p0.20,nan,1.0,7,0.2,19.8,19.64,11,29,1964,1964,1.4902097759836468,100,0.491836824043713,0.009836736480874261,4.950281360390561,20.783916741044635,2.5238328271576846,2.4987613438077267,6,"{""0"": 0.014522644861549975, ""1"": 0.0029253895321637983, ""2"": 0.008723207097791211, ""3"": 0.014813813555169777, ""4"": 0.005656166054030019, ""5"": 0.012379197784540793}"
primary,100,p0.20,nan,1.0,7,0.2,19.8,19.64,11,29,1964,1964,1.4902097759836468,110,0.4881196354003653,0.009762392708007307,3.7217663292987004,20.878794061596405,2.4927801783878323,2.383480112954973,5,"{""0"": 0.01474654074624955, ""1"": 0.002110155760015265, ""2"": 0.011293343995128541, ""3"": 0.013028078923407915, ""4"": 0.004789035839827304, ""5"": 0.012607200983415274}"
primary,100,p0.20,nan,1.0,7,0.2,19.8,19.64,11,29,1964,1964,1.4902097759836468,120,0.46558944400098584,0.009311788880019718,3.0004720208043167,21.090787688633153,2.523825485371223,2.401355871936033,5,"{""0"": 0.013226593525402643, ""1"": 0.0020225820810301797, ""2"": 0.011082719193064907, ""3"": 0.013042784037571257, ""4"": 0.00462430146588832, ""5"": 0.01187175297716099}"
primary,100,p0.20,nan,1.0,7,0.2,19.8,19.64,11,29,1964,1964,1.4902097759836468,130,0.4637441536188412,0.009274883072376824,13.41747330881419,21.294623015118216,2.554485397370397,2.356204406786578,5,"{""0"": 0.013486081947796486, ""1"": 0.00195294576963985, ""2"": 0.012229647985696415, ""3"": 0.012403364550351226, ""4"": 0.003289802546491194, ""5"": 0.012287455634285783}"
primary,100,p0.20,nan,1.0,7,0.2,19.8,19.64,11,29,1964,1964,1.4902097759836468,140,0.46263702987123057,0.009252740597424612,28.24262234005609,21.31974140213626,2.5331631051983976,2.390108774313821,5,"{""0"": 0.013871814331886964, ""1"": 0.0019158607238754129, ""2"": 0.010535384263975607, ""3"": 0.012911445543351299, ""4"": 0.003445878499754684, ""5"": 0.012836060221703704}"
primary,100,p0.20,nan,1.0,7,0.2,19.8,19.64,11,29,1964,1964,1.4902097759836468,150,0.46384422402782305,0.009276884480556462,2.341697941719721,21.37137713097236,2.5422884178567977,2.2548567059071245,4,"{""0"": 0.01381825381252783, ""1"": 0.0016095155269157135, ""2"": 0.012286362942382684, ""3"": 0.013063926528040223, ""4"": 0.002550165516577956, ""5"": 0.012333082556894363}"
primary,100,p0.20,nan,1.0,7,0.2,19.8,19.64,11,29,1964,1964,1.4902097759836468,160,0.46894287808248236,0.00937885756164965,101.35996763096789,21.325071718430753,2.5575512979892405,2.5619353936448483,5,"{""0"": 0.011442859108529598, ""1"": 0.0018544403926984137, ""2"": 0.012451088507051473, ""3"": 0.0128103808772267, ""4"": 0.0035636392575611265, ""5"": 0.014150737226830584}"
primary,100,p0.20,nan,1.0,7,0.2,19.8,19.64,11,29,1964,1964,1.4902097759836468,170,0.5139197179473529,0.01027839435894706,37.40865659487086,21.31853936559761,2.5519571194646273,2.4429034137543955,5,"{""0"": 0.012419362807363301, ""1"": 0.0019795796826686243, ""2"": 0.01178744791861436, ""3"": 0.015961526704389883, ""4"": 0.002595086765135503, ""5"": 0.016927362275510678}"
primary,100,p0.20,nan,1.0,7,0.2,19.8,19.64,11,29,1964,1964,1.4902097759836468,180,0.5177834975230018,0.010355669950460038,7.576642276623733,21.40798277931739,2.5464387938100526,2.4822107888346485,5,"{""0"": 0.012232125134079962, ""1"": 0.0018607362487314625, ""2"": 0.011824681852850068, ""3"": 0.016659238389526054, ""4"": 0.0021831302414329506, ""5"": 0.017374107836139734}"
primary,100,p0.20,nan,1.0,7,0.2,19.8,19.64,11,29,1964,1964,1.4902097759836468,190,0.505091860448857,0.010101837208977142,7.210784330130652,21.50864248780618,2.5533505140967567,2.6111200180208685,6,"{""0"": 0.01192792546819908, ""1"": 0.001982846729119051, ""2"": 0.011725046896037563, ""3"": 0.016252357537752147, ""4"": 0.002515560737581037, ""5"": 0.016207285885173974}"
primary,100,p0.20,nan,1.0,7,0.2,19.8,19.64,11,29,1964,1964,1.4902097759836468,200,0.4490478844523589,0.008980957689047178,84.73707857954733,21.48365459412211,2.4992520554113438,2.6787706519745567,6,"{""0"": 0.0115941808313416, ""1"": 0.002104957514317457, ""2"": 0.011673986466369211, ""3"": 0.010675872162245326, ""4"": 0.0024220321636263067, ""5"": 0.01541471699638317}"
primary,100,p0.40,nan,1.0,7,0.4,39.6,40.09,27,53,4009,4009,1.6649919325742368,0,1.0148549736247734,0.02029709947249547,nan,0.0,1.6649919325742368,2.8641388167111286,6,"{""0"": 0.020009749016616042, ""1"": 0.017459513498846987, ""2"": 0.01995142188458865, ""3"": 0.022812543205536752, ""4"": 0.02093959145066072, ""5"": 0.02060977777872366}"
primary,100,p0.40,nan,1.0,7,0.4,39.6,40.09,27,53,4009,4009,1.6649919325742368,10,1.058008475019587,0.021160169500391745,0.3537120135841134,12.444471658295756,3.0420668162603124,2.033204853607344,2,"{""0"": 0.02248328102092889, ""1"": 0.024038953964198244, ""2"": 0.012069211596096252, ""3"": 0.02896195326763067, ""4"": 0.023765180566103793, ""5"": 0.015642436587392613}"
primary,100,p0.40,nan,1.0,7,0.4,39.6,40.09,27,53,4009,4009,1.6649919325742368,20,1.1884622549767738,0.023769245099535482,27.54557445233623,18.827827401442413,2.395229082633326,2.666224521779663,4,"{""0"": 0.02008433984464162, ""1"": 0.014909083038966778, ""2"": 0.01172330622688884, ""3"": 0.03216870387141925, ""4"": 0.04229218180007808, ""5"": 0.021437855815218336}"
primary,100,p0.40,nan,1.0,7,0.4,39.6,40.09,27,53,4009,4009,1.6649919325742368,30,0.8762550096483772,0.017525100192967547,58.090123038694244,22.824170829785466,2.4988735297459197,2.5865086550312872,6,"{""0"": 0.0328058879622972, ""1"": 0.004259037376283952, ""2"": 0.014167052217593623, ""3"": 0.026631596976073535, ""4"": 0.00981107808816061, ""5"": 0.01747594853739637}"
primary,100,p0.40,nan,1.0,7,0.4,39.6,40.09,27,53,4009,4009,1.6649919325742368,40,1.096233288828446,0.021924665776568927,19.509159368232016,24.230302922697245,2.7003333803927485,2.5168775641309593,7,"{""0"": 0.02745853187618331, ""1"": 0.0040300878837627166, ""2"": 0.016664934900878867, ""3"": 0.032124751239007786, ""4"": 0.021841208488797354, ""5"": 0.029428480270783503}"
primary,100,p0.40,nan,1.0,7,0.4,39.6,40.09,27,53,4009,4009,1.6649919325742368,50,0.8847408733985432,0.01769481746797087,70.53365161735847,24.865547749360775,2.6984546292148073,2.654041770632366,8,"{""0"": 0.02463286582073489, ""1"": 0.004867716284687623, ""2"": 0.011189964722259952, ""3"": 0.014076636881090149, ""4"": 0.013113126769142044, ""5"": 0.03828859432991054}"
primary,100,p0.40,nan,1.0,7,0.4,39.6,40.09,27,53,4009,4009,1.6649919325742368,60,0.8541982344810873,0.01708396468962175,4.524414281755656,25.450123620509032,2.774829687401162,2.053401548176555,6,"{""0"": 0.02145029115221898, ""1"": 0.0037353443071378666, ""2"": 0.020504319466065964, ""3"": 0.011362980870489028, ""4"": 0.01121597359886117, ""5"": 0.034234878742957484}"
primary,100,p0.40,nan,1.0,7,0.4,39.6,40.09,27,53,4009,4009,1.6649919325742368,70,0.7555392459431209,0.01511078491886242,5.676300698109552,25.963665753794032,2.8280451242007216,2.0011350201831375,6,"{""0"": 0.016619721733037173, ""1"": 0.002918797024899889, ""2"": 0.016845405966289015, ""3"": 0.012181897012148031, ""4"": 0.008372767704043342, ""5"": 0.03372612007275707}"
primary,100,p0.40,nan,1.0,7,0.4,39.6,40.09,27,53,4009,4009,1.6649919325742368,80,0.7262029707383996,0.014524059414767995,11.180762790539916,26.561443258066475,2.8420034539661643,2.039481035947783,6,"{""0"": 0.014167061103718782, ""1"": 0.0030110048520976527, ""2"": 0.015423823653732316, ""3"": 0.007439332584454947, ""4"": 0.014026060005085546, ""5"": 0.03307707428951872}"
primary,100,p0.40,nan,1.0,7,0.4,39.6,40.09,27,53,4009,4009,1.6649919325742368,90,0.8265202942132597,0.016530405884265197,51.15905871025687,26.896326056538093,2.9724436359509956,2.3414534630560695,7,"{""0"": 0.025010654827359775, ""1"": 0.004899150531133529, ""2"": 0.01607077138345846, ""3"": 0.009798318688976407, ""4"": 0.01257613593538015, ""5"": 0.030827403939282842}"
primary,100,p0.40,nan,1.0,7,0.4,39.6,40.09,27,53,4009,4009,1.6649919325742368,100,0.6344470223724468,0.012688940447448937,41.36779385788102,27.42418565903792,2.9560718981961815,2.4359959937909426,7,"{""0"": 0.014719986421609006, ""1"": 0.004628486849412225, ""2"": 0.01500208915035484, ""3"": 0.00821396615792024, ""4"": 0.011271340776148922, ""5"": 0.0222977733292484}"
primary,100,p0.40,nan,1.0,7,0.4,39.6,40.09,27,53,4009,4009,1.6649919325742368,110,0.6057477693018173,0.012114955386036345,6.524282367563352,27.56166915252505,2.9631820703626657,2.3090234978284627,7,"{""0"": 0.009829378929828044, ""1"": 0.003992730066441105, ""2"": 0.015960340288197348, ""3"": 0.008569102928474166, ""4"": 0.011187333296736875, ""5"": 0.02315084680654053}"
primary,100,p0.40,nan,1.0,7,0.4,39.6,40.09,27,53,4009,4009,1.6649919325742368,120,0.6166277655728365,0.012332555311456732,7.101362532709438,28.012867442424486,3.023487999813906,2.3774747159056835,7,"{""0"": 0.011475538135254286, ""1"": 0.003892021054514512, ""2"": 0.013415645475520247, ""3"": 0.009191599504767532, ""4"": 0.011024643379816314, ""5"": 0.024995884318867505}"
primary,100,p0.40,nan,1.0,7,0.4,39.6,40.09,27,53,4009,4009,1.6649919325742368,130,0.6061480450156315,0.01212296090031263,27.878629597229335,28.43575740528604,3.017466578929551,2.443155314847005,7,"{""0"": 0.006315706390599496, ""1"": 0.003668521715703428, ""2"": 0.01583601747144641, ""3"": 0.00925725917772545, ""4"": 0.012091727672701781, ""5"": 0.025568532973699216}"
primary,100,p0.40,nan,1.0,7,0.4,39.6,40.09,27,53,4009,4009,1.6649919325742368,140,0.6321644598739371,0.012643289197478744,30.284826791474067,28.895749675934354,2.9109413079575233,2.527788792436451,8,"{""0"": 0.009522971319240797, ""1"": 0.004384181870059083, ""2"": 0.01884507465827854, ""3"": 0.009144910551469107, ""4"": 0.013490028874415203, ""5"": 0.02047256791140973}"
primary,100,p0.40,nan,1.0,7,0.4,39.6,40.09,27,53,4009,4009,1.6649919325742368,150,0.6279350730249849,0.012558701460499698,10.856110960674545,28.962328716203498,2.8730650126940573,2.4343531152377254,7,"{""0"": 0.009207306983233642, ""1"": 0.004124005939062805, ""2"": 0.016901061358474263, ""3"": 0.00957698458672832, ""4"": 0.013044444062098395, ""5"": 0.022498405833400775}"
primary,100,p0.40,nan,1.0,7,0.4,39.6,40.09,27,53,4009,4009,1.6649919325742368,160,0.5070603022391714,0.01014120604478343,75.1104815873812,29.466696078830456,2.873083752858457,2.883833351708976,8,"{""0"": 0.00518499319417156, ""1"": 0.005329742354094216, ""2"": 0.014399116198590637, ""3"": 0.0052158055096866995, ""4"": 0.013752741752413259, ""5"": 0.016964837259744216}"
primary,100,p0.40,nan,1.0,7,0.4,39.6,40.09,27,53,4009,4009,1.6649919325742368,170,0.5080087653587192,0.010160175307174385,35.71143189152387,29.533295697472195,2.9500690353147934,3.067472698337344,8,"{""0"": 0.0037597246912123477, ""1"": 0.005999326188962271, ""2"": 0.014715958931122097, ""3"": 0.0033172950832530213, ""4"": 0.013396184613429276, ""5"": 0.019772562335067294}"
primary,100,p0.40,nan,1.0,7,0.4,39.6,40.09,27,53,4009,4009,1.6649919325742368,180,0.4790803937133071,0.009581607874266143,4.912552526662209,29.60172618747992,2.9913724241968955,2.8682996285518736,8,"{""0"": 0.0028462787294890805, ""1"": 0.004609029402459506, ""2"": 0.015988855936389452, ""3"": 0.0026751333507045887, ""4"": 0.011965742467498888, ""5"": 0.019404607359055342}"
primary,100,p0.40,nan,1.0,7,0.4,39.6,40.09,27,53,4009,4009,1.6649919325742368,190,0.4507421794899559,0.009014843589799119,7.728188012410477,29.68375953330051,3.0209651679719602,2.9037095309449565,7,"{""0"": 0.002551203770351031, ""1"": 0.004914361773044996, ""2"": 0.014176485406934846, ""3"": 0.002093261675664547, ""4"": 0.011486995399444647, ""5"": 0.01886675351335464}"
primary,100,p0.40,nan,1.0,7,0.4,39.6,40.09,27,53,4009,4009,1.6649919325742368,200,0.4932902594032392,0.009865805188064784,12.080450111892281,29.88261134334667,3.067392224753284,3.080520536573333,8,"{""0"": 0.002192092398136996, ""1"": 0.005648177066429219, ""2"": 0.014817564098339633, ""3"": 0.002029039143426499, ""4"": 0.014150397578490815, ""5"": 0.020357560843565548}"
