arm,n_units,condition,frozen_fraction,gain_scale,seed,p_value,expected_in_degree,realized_degree_mean,realized_degree_min,realized_degree_max,synapse_count,plastic_weight_count,initial_spectral_radius,checkpoint_trial,heldout_nmse,heldout_raw_mse,online_feedback_loss,weight_change_fro,spectral_radius,d_pr,d90,per_target_mse_json
primary,400,p0.05,nan,1.0,0,0.05,19.950000000000003,19.78,9,34,7912,7912,1.5733781412311378,0,0.9798723676891983,0.019597447353783968,nan,0.0,1.5733781412311378,9.121432855785054,22,"{""0"": 0.019449205345764664, ""1"": 0.02237579956774131, ""2"": 0.01568973745121347, ""3"": 0.021134567081203454, ""4"": 0.019953648477040186, ""5"": 0.01898172619974072}"
primary,400,p0.05,nan,1.0,0,0.05,19.950000000000003,19.78,9,34,7912,7912,1.5733781412311378,10,0.7967642437459183,0.015935284874918368,0.5998929474429086,11.689388439955597,1.7511277389288145,2.8076912965698817,12,"{""0"": 0.0010373694029123832, ""1"": 0.040489415988424635, ""2"": 0.004816375417753334, ""3"": 0.0005391496300013894, ""4"": 0.029379368565074525, ""5"": 0.019350030245343937}"
primary,400,p0.05,nan,1.0,0,0.05,19.950000000000003,19.78,9,34,7912,7912,1.5733781412311378,20,0.37043069495401765,0.007408613899080353,1.3336616751505095,13.742036581365548,1.8303841228535929,3.5658699434324186,13,"{""0"": 0.0072555810290278935, ""1"": 0.019656609781898638, ""2"": 0.001863219951144416, ""3"": 0.001812802927236339, ""4"": 0.005474153995892686, ""5"": 0.00838931570928215}"
primary,400,p0.05,nan,1.0,0,0.05,19.950000000000003,19.78,9,34,7912,7912,1.5733781412311378,30,0.2620109658701524,0.005240219317403048,0.8095576738763622,14.509415285785266,1.8195107709440652,3.610090312639326,13,"{""0"": 0.011931302341064926, ""1"": 0.0019247699266128192, ""2"": 0.003907764896552578, ""3"": 0.006519957660608586, ""4"": 0.004226006513546877, ""5"": 0.0029315145660325018}"
primary,400,p0.05,nan,1.0,0,0.05,19.950000000000003,19.78,9,34,7912,7912,1.5733781412311378,40,0.19798582259228556,0.003959716451845712,3.2289466729545873,14.841794989808786,1.789851742465779,3.629550280433441,13,"{""0"": 0.008732933289946882, ""1"": 0.0016792396169841468, ""2"": 0.002815310828123898, ""3"": 0.004825419041924935, ""4"": 0.0030572122333379827, ""5"": 0.0026481837007564274}"
primary,400,p0.05,nan,1.0,0,0.05,19.950000000000003,19.78,9,34,7912,7912,1.5733781412311378,50,0.2091495690361273,0.004182991380722546,2.0839889895372603,15.05610249183395,1.7875127164295748,3.670266262892466,13,"{""0"": 0.008869534843931923, ""1"": 0.0013047880753831607, ""2"": 0.004526241044557805, ""3"": 0.004610213388348126, ""4"": 0.0032826264427889855, ""5"": 0.0025045444893252783}"
primary,400,p0.05,nan,1.0,0,0.05,19.950000000000003,19.78,9,34,7912,7912,1.5733781412311378,60,0.15720637316252137,0.003144127463250428,1.1513784263771294,15.222592048754684,1.7606086026926928,3.623536775588696,13,"{""0"": 0.005563632746997045, ""1"": 0.0016521616054424482, ""2"": 0.00424963321918231, ""3"": 0.002652454052781929, ""4"": 0.002177604863015027, ""5"": 0.002569278292083808}"
primary,400,p0.05,nan,1.0,0,0.05,19.950000000000003,19.78,9,34,7912,7912,1.5733781412311378,70,0.14700000271543112,0.0029400000543086226,0.30066119149288756,15.243166554165319,1.756534804273322,3.6813548754697374,13,"{""0"": 0.003019295444723214, ""1"": 0.001560126431164976, ""2"": 0.004456573483448387, ""3"": 0.0029845615158354917, ""4"": 0.002957680728416501, ""5"": 0.0026617627222631666}"
primary,400,p0.05,nan,1.0,0,0.05,19.950000000000003,19.78,9,34,7912,7912,1.5733781412311378,80,0.18445164448853216,0.0036890328897706435,4.790309718018828,15.416913018882822,1.764727404648035,3.5515118161294974,13,"{""0"": 0.0048615507823416195, ""1"": 0.0010699973186023876, ""2"": 0.005604387655037965, ""3"": 0.004910296206566384, ""4"": 0.0017765759173129897, ""5"": 0.003911389458762512}"
primary,400,p0.05,nan,1.0,0,0.05,19.950000000000003,19.78,9,34,7912,7912,1.5733781412311378,90,0.1609027607667652,0.0032180552153353048,0.31153890401861434,15.47790209774693,1.7479126223816701,3.5650242727558648,13,"{""0"": 0.0027242697486996657, ""1"": 0.0010106587457340162, ""2"": 0.00573241315823796, ""3"": 0.0045969997860309895, ""4"": 0.0012137014891728218, ""5"": 0.004030288364136372}"
primary,400,p0.05,nan,1.0,0,0.05,19.950000000000003,19.78,9,34,7912,7912,1.5733781412311378,100,0.13896163169063055,0.0027792326338126117,1.0965548302868238,15.659067142360943,1.7538737602639802,3.4632922008415594,12,"{""0"": 0.0021373714441647288, ""1"": 0.0008389851743822166, ""2"": 0.00697871112787686, ""3"": 0.001789447553138309, ""4"": 0.0011399498514127505, ""5"": 0.0037909306519008047}"
primary,400,p0.05,nan,1.0,0,0.05,19.950000000000003,19.78,9,34,7912,7912,1.5733781412311378,110,0.14220592984588556,0.002844118596917712,0.5556293060344532,15.730565814903944,1.7581132208645407,3.4318571852570074,12,"{""0"": 0.0023337518222953913, ""1"": 0.000827192202962289, ""2"": 0.007142992016182449, ""3"": 0.0017457653158941503, ""4"": 0.001146516618773132, ""5"": 0.0038684936053988593}"
primary,400,p0.05,nan,1.0,0,0.05,19.950000000000003,19.78,9,34,7912,7912,1.5733781412311378,120,0.13975277816057108,0.002795055563211422,0.5535696351209382,15.819226210663206,1.7644119378184147,3.393626130780371,12,"{""0"": 0.002212451516031161, ""1"": 0.000816968377300302, ""2"": 0.0072382362599857555, ""3"": 0.0016092254738693697, ""4"": 0.00109875589005658, ""5"": 0.003794695862025363}"
primary,400,p0.05,nan,1.0,0,0.05,19.950000000000003,19.78,9,34,7912,7912,1.5733781412311378,130,0.13206038007714854,0.0026412076015429713,0.7799689232203406,15.840900603156781,1.7710698805143799,3.4012799708922787,12,"{""0"": 0.00212292393841459, ""1"": 0.0008059222638180236, ""2"": 0.0068203115683672004, ""3"": 0.0014486271003284826, ""4"": 0.00101011116452435, ""5"": 0.0036393495738051805}"
primary,400,p0.05,nan,1.0,0,0.05,19.950000000000003,19.78,9,34,7912,7912,1.5733781412311378,140,0.11616106329637364,0.0023232212659274735,0.296992744285499,15.87153204660226,1.774027979271954,3.437878384117875,12,"{""0"": 0.0023141742222478733, ""1"": 0.0008168209170138507, ""2"": 0.005220553990498431, ""3"": 0.0013722265217370533, ""4"": 0.0011819813993468725, ""5"": 0.0030335705447207587}"
primary,400,p0.05,nan,1.0,0,0.05,19.950000000000003,19.78,9,34,7912,7912,1.5733781412311378,150,0.12758694480423394,0.002551738896084679,0.11834645710461852,15.899675769657883,1.7689750178231014,3.4062811016612,12,"{""0"": 0.0021404082728945944, ""1"": 0.0007422602448049138, ""2"": 0.006586266848715924, ""3"": 0.0013355581184821917, ""4"": 0.001115547623896738, ""5"": 0.0033903922677137135}"
primary,400,p0.05,nan,1.0,0,0.05,19.950000000000003,19.78,9,34,7912,7912,1.5733781412311378,160,0.12325552017579317,0.0024651104035158635,0.4166048473204458,15.952478442449953,1.7709926149443065,3.4026781206845875,12,"{""0"": 0.0021261138154275152, ""1"": 0.0007507212389950356, ""2"": 0.006159789533920882, ""3"": 0.0014014890797847447, ""4"": 0.0011250593471005999, ""5"": 0.0032274894058664056}"
primary,400,p0.05,nan,1.0,0,0.05,19.950000000000003,19.78,9,34,7912,7912,1.5733781412311378,170,0.1155747283105402,0.0023114945662108042,0.190727020199478,15.99405975790729,1.7769037904805622,3.416729376913262,12,"{""0"": 0.0021022437200559803, ""1"": 0.0007793235571490173, ""2"": 0.005277143829294635, ""3"": 0.001395180832492285, ""4"": 0.0011303184612104628, ""5"": 0.003184756997062446}"
primary,400,p0.05,nan,1.0,0,0.05,19.950000000000003,19.78,9,34,7912,7912,1.5733781412311378,180,0.11397766132287475,0.0022795532264574953,0.24959242610523705,16.03585921424807,1.780192827462419,3.4051503028347683,12,"{""0"": 0.0020120687514128092, ""1"": 0.0007383431702478546, ""2"": 0.005280884961223959, ""3"": 0.0014811113532916796, ""4"": 0.0009821417949725337, ""5"": 0.0031827693275961353}"
primary,400,p0.05,nan,1.0,0,0.05,19.950000000000003,19.78,9,34,7912,7912,1.5733781412311378,190,0.11129869945152764,0.0022259739890305528,1.0740653525876955,16.062728555204803,1.7834165481078483,3.398258950114305,12,"{""0"": 0.00166440048276561, ""1"": 0.0007327602908007628, ""2"": 0.00540376236164253, ""3"": 0.0013045209450609871, ""4"": 0.000996031093488529, ""5"": 0.0032543687604248963}"
primary,400,p0.05,nan,1.0,0,0.05,19.950000000000003,19.78,9,34,7912,7912,1.5733781412311378,200,0.09870155926696816,0.0019740311853393634,2.898551338289861,16.13463448183179,1.7849991580375926,3.46020558303725,12,"{""0"": 0.001671539436167637, ""1"": 0.000763067302630449, ""2"": 0.004177212112108998, ""3"": 0.001135866669676033, ""4"": 0.0011279463336089212, ""5"": 0.002968555257844144}"
primary,400,p0.10,nan,1.0,0,0.1,39.900000000000006,40.2325,22,57,16093,16093,1.5473216675602346,0,0.9930854879177111,0.019861709758354225,nan,0.0,1.5473216675602346,12.0871370363962,23,"{""0"": 0.017308635267884308, ""1"": 0.018968865348766815, ""2"": 0.01895791746728544, ""3"": 0.022711160168449575, ""4"": 0.020488710984032828, ""5"": 0.020734969313706376}"
primary,400,p0.10,nan,1.0,0,0.1,39.900000000000006,40.2325,22,57,16093,16093,1.5473216675602346,10,0.5513142263126158,0.011026284526252319,0.04729407536301591,9.099394008588398,1.6956268036340933,3.237755899526443,12,"{""0"": 0.008810089854516413, ""1"": 0.029202173837540302, ""2"": 0.0006692996156390295, ""3"": 0.0020934725837120937, ""4"": 0.021196103422008318, ""5"": 0.004186567844097761}"
primary,400,p0.10,nan,1.0,0,0.1,39.900000000000006,40.2325,22,57,16093,16093,1.5473216675602346,20,0.16474174364234107,0.0032948348728468213,0.4217143057570704,10.732634243311692,1.7321168612403346,3.1733125401768203,10,"{""0"": 0.007310336725467067, ""1"": 0.0006670649985264146, ""2"": 0.0036659225317834136, ""3"": 0.0022696658222891635, ""4"": 0.0008316934764758413, ""5"": 0.00502432568253903}"
primary,400,p0.10,nan,1.0,0,0.1,39.900000000000006,40.2325,22,57,16093,16093,1.5473216675602346,30,0.12944615414673552,0.0025889230829347107,0.2266080833482488,11.358887756835262,1.7344017424417866,3.1493658312380157,9,"{""0"": 0.003175920006066387, ""1"": 0.00036143614653369926, ""2"": 0.0032276486777106693, ""3"": 0.0020061324001877843, ""4"": 0.00041540232793371105, ""5"": 0.00634699893917601}"
primary,400,p0.10,nan,1.0,0,0.1,39.900000000000006,40.2325,22,57,16093,16093,1.5473216675602346,40,0.07312472404992493,0.0014624944809984988,1.5437251816165303,12.067925617581457,1.7472808701046858,3.1437077259648185,9,"{""0"": 0.0010999644343079587, ""1"": 0.0003468248976009523, ""2"": 0.0031665038682005334, ""3"": 0.0004598942142266443, ""4"": 0.00046035588745702434, ""5"": 0.003241423584197879}"
primary,400,p0.10,nan,1.0,0,0.1,39.900000000000006,40.2325,22,57,16093,16093,1.5473216675602346,50,0.052063807260199144,0.001041276145203983,0.6306374513874703,12.477793770080917,1.7106079277010093,3.2373964405415823,9,"{""0"": 0.000905965721642171, ""1"": 0.0002783881926249717, ""2"": 0.0030406482163950915, ""3"": 0.00045962917174173674, ""4"": 0.0005395292550796473, ""5"": 0.001023496313740279}"
primary,400,p0.10,nan,1.0,0,0.1,39.900000000000006,40.2325,22,57,16093,16093,1.5473216675602346,60,0.05306868568196801,0.0010613737136393603,0.07609657221538965,12.94882903701843,1.6833801848365122,3.195168143064473,8,"{""0"": 0.0007342465479926829, ""1"": 0.00029112794699477884, ""2"": 0.0035922743745245055, ""3"": 0.00031569160568713776, ""4"": 0.0006462373969371819, ""5"": 0.0007886644096998744}"
primary,400,p0.10,nan,1.0,0,0.1,39.900000000000006,40.2325,22,57,16093,16093,1.5473216675602346,70,0.04621384845315035,0.0009242769690630072,0.8642442210566297,13.13104047115937,1.697362001259798,3.187763548291169,8,"{""0"": 0.0005732184377739885, ""1"": 0.00029194310741141594, ""2"": 0.003212858695719703, ""3"": 0.00029203346196886835, ""4"": 0.0005611511527757099, ""5"": 0.0006144569587283574}"
primary,400,p0.10,nan,1.0,0,0.1,39.900000000000006,40.2325,22,57,16093,16093,1.5473216675602346,80,0.04640974425101898,0.0009281948850203797,0.21926823678389384,13.208943735735126,1.6977598753025536,3.167204807757391,8,"{""0"": 0.0005537663116802728, ""1"": 0.0002735872950413412, ""2"": 0.0034630182880371224, ""3"": 0.0002878577638589122, ""4"": 0.0003639343142363638, ""5"": 0.0006270053372682662}"
primary,400,p0.10,nan,1.0,0,0.1,39.900000000000006,40.2325,22,57,16093,16093,1.5473216675602346,90,0.04579245578162747,0.0009158491156325495,0.5243529899360784,13.33134889012366,1.6959199180066267,3.163279562691106,8,"{""0"": 0.0005348438166235803, ""1"": 0.00027006624993561166, ""2"": 0.0034379812626201497, ""3"": 0.0002946176280179746, ""4"": 0.00031270530862918334, ""5"": 0.0006448804279687972}"
primary,400,p0.10,nan,1.0,0,0.1,39.900000000000006,40.2325,22,57,16093,16093,1.5473216675602346,100,0.04222443994510257,0.0008444887989020515,0.3130692551182199,13.507117312973593,1.6995490983992005,3.161354242361573,8,"{""0"": 0.0005067826082347973, ""1"": 0.0002463609941304158, ""2"": 0.003100115184697363, ""3"": 0.0002724660075060197, ""4"": 0.00025624355427423336, ""5"": 0.0006849644445694808}"
primary,400,p0.10,nan,1.0,0,0.1,39.900000000000006,40.2325,22,57,16093,16093,1.5473216675602346,110,0.03064849707881479,0.0006129699415762959,0.12134288950778593,13.548725414351047,1.6970392066675133,3.1862714583010243,8,"{""0"": 0.000444635821863722, ""1"": 0.0002500330667373694, ""2"": 0.001777814690290261, ""3"": 0.0002831694827258741, ""4"": 0.0002536243751519966, ""5"": 0.0006685422126885523}"
primary,400,p0.10,nan,1.0,0,0.1,39.900000000000006,40.2325,22,57,16093,16093,1.5473216675602346,120,0.026647632299130954,0.0005329526459826191,0.2607306243366955,13.598891085093866,1.6964107434851166,3.194489251205513,8,"{""0"": 0.0005770530354368017, ""1"": 0.00025479950952233795, ""2"": 0.0013030677511454395, ""3"": 0.00032173606339832753, ""4"": 0.00025565227973798466, ""5"": 0.00048540723665482354}"
primary,400,p0.10,nan,1.0,0,0.1,39.900000000000006,40.2325,22,57,16093,16093,1.5473216675602346,130,0.02264325426760289,0.00045286508535205783,0.1116183729136223,13.7219932230962,1.7001834015914157,3.1945494552626066,8,"{""0"": 0.0005182014215595884, ""1"": 0.0002466550600460895, ""2"": 0.0008201393259840357, ""3"": 0.00029840657407962073, ""4"": 0.00036426995859709696, ""5"": 0.0004695181718459158}"
primary,400,p0.10,nan,1.0,0,0.1,39.900000000000006,40.2325,22,57,16093,16093,1.5473216675602346,140,0.021849893035660147,0.00043699786071320297,0.04233453196364174,13.821121661971826,1.7042514040265062,3.1933529772224682,8,"{""0"": 0.000495712520843763, ""1"": 0.00024326621430369793, ""2"": 0.0007494674259152708, ""3"": 0.000304017056982752, ""4"": 0.00033957835679832775, ""5"": 0.0004899455894354061}"
primary,400,p0.10,nan,1.0,0,0.1,39.900000000000006,40.2325,22,57,16093,16093,1.5473216675602346,150,0.020767404272772034,0.00041534808545544075,0.10011349626167151,13.91135939107542,1.705112759128313,3.194467563640541,8,"{""0"": 0.0005070695919745165, ""1"": 0.0002372500539192658, ""2"": 0.0006493616382216061, ""3"": 0.0002952068225244457, ""4"": 0.0003081536546542173, ""5"": 0.0004950467514385927}"
primary,400,p0.10,nan,1.0,0,0.1,39.900000000000006,40.2325,22,57,16093,16093,1.5473216675602346,160,0.019904827421128618,0.0003980965484225724,0.3150919530006934,14.000138383376294,1.7089948700557835,3.195560771908593,8,"{""0"": 0.00048248436625171335, ""1"": 0.00024291222451594454, ""2"": 0.0005567220190610716, ""3"": 0.0003120128305714372, ""4"": 0.00028623205079629906, ""5"": 0.0005082157993389687}"
primary,400,p0.10,nan,1.0,0,0.1,39.900000000000006,40.2325,22,57,16093,16093,1.5473216675602346,170,0.018066162116752296,0.00036132324233504595,0.06377424466814562,14.041922781668141,1.7030520283872899,3.196390088962707,8,"{""0"": 0.00043247785926070324, ""1"": 0.0002537541740806124, ""2"": 0.0004049441087897029, ""3"": 0.0003132737452702129, ""4"": 0.00039168415244153953, ""5"": 0.00037180541416750466}"
primary,400,p0.10,nan,1.0,0,0.1,39.900000000000006,40.2325,22,57,16093,16093,1.5473216675602346,180,0.017945938440018253,0.0003589187688003651,0.09488917818527219,14.089762259435249,1.7049545249165328,3.1921425667224996,8,"{""0"": 0.000443808667208607, ""1"": 0.0002538353173055927, ""2"": 0.00037307490134449555, ""3"": 0.00032388166398810016, ""4"": 0.0003774716999189698, ""5"": 0.0003814403630364254}"
primary,400,p0.10,nan,1.0,0,0.1,39.900000000000006,40.2325,22,57,16093,16093,1.5473216675602346,190,0.016933142991920485,0.0003386628598384098,0.1706150015774539,14.123932795116307,1.7071319041607103,3.182077839254432,8,"{""0"": 0.00042858073602536237, ""1"": 0.0002396880666504394, ""2"": 0.00034728833051341916, ""3"": 0.00032152851103268586, ""4"": 0.0002988461016111586, ""5"": 0.0003960454131973931}"
primary,400,p0.10,nan,1.0,0,0.1,39.900000000000006,40.2325,22,57,16093,16093,1.5473216675602346,200,0.016716211071842794,0.0003343242214368559,0.19108484585107288,14.187010812804193,1.7072730294066818,3.1775474220298814,8,"{""0"": 0.0004265880041397229, ""1"": 0.00023909975073590494, ""2"": 0.0003383245020010866, ""3"": 0.0003235223243101766, ""4"": 0.0002866460002604051, ""5"": 0.00039176474717383903}"
primary,400,p0.20,nan,1.0,0,0.2,79.80000000000001,79.8375,57,107,31935,31935,1.5620686129664814,0,0.9805258662163054,0.019610517324326112,nan,0.0,1.5620686129664814,5.806722745949523,20,"{""0"": 0.017795662027001023, ""1"": 0.02065279021212422, ""2"": 0.017248187622827482, ""3"": 0.020994371684946764, ""4"": 0.020521337079713726, ""5"": 0.020450755319343455}"
primary,400,p0.20,nan,1.0,0,0.2,79.80000000000001,79.8375,57,107,31935,31935,1.5620686129664814,10,0.7218055847569785,0.014436111695139572,0.11914501017297202,7.572200210310905,1.7937623763398587,2.964077262125082,9,"{""0"": 0.0006691341628127121, ""1"": 0.05170636442372595, ""2"": 0.009719465526765078, ""3"": 0.00023365902673438092, ""4"": 0.0032237208363164946, ""5"": 0.021064326194482834}"
primary,400,p0.20,nan,1.0,0,0.2,79.80000000000001,79.8375,57,107,31935,31935,1.5620686129664814,20,0.1340897870185309,0.002681795740370618,0.2716462621916432,9.704753739136446,1.72435948668662,3.0135765452339216,7,"{""0"": 0.0076294784818733375, ""1"": 0.0016827478823564549, ""2"": 0.0006151950345818309, ""3"": 0.003270812929361657, ""4"": 0.0020890764991520704, ""5"": 0.0008034636148983568}"
primary,400,p0.20,nan,1.0,0,0.2,79.80000000000001,79.8375,57,107,31935,31935,1.5620686129664814,30,0.0960334024991605,0.0019206680499832102,0.48116544644893205,10.625271087914399,1.6844009237250164,2.9754118508638103,7,"{""0"": 0.007071921322330382, ""1"": 0.00041107178677010907, ""2"": 0.0007148308286096739, ""3"": 0.0022583096043540503, ""4"": 0.0004728655334039442, ""5"": 0.0005950092244311021}"
primary,400,p0.20,nan,1.0,0,0.2,79.80000000000001,79.8375,57,107,31935,31935,1.5620686129664814,40,0.0641940087653205,0.00128388017530641,0.47802765954416915,11.337840293411446,1.6548691055116422,2.9429171981692037,6,"{""0"": 0.005566850646767369, ""1"": 0.00039243257368771394, ""2"": 0.0005662756057139471, ""3"": 0.0003953389037863831, ""4"": 0.0004321205785510136, ""5"": 0.0003502627433320341}"
primary,400,p0.20,nan,1.0,0,0.2,79.80000000000001,79.8375,57,107,31935,31935,1.5620686129664814,50,0.06999093066937137,0.0013998186133874276,0.14007623623293947,11.643091331133713,1.6679969402466643,2.929127454543271,6,"{""0"": 0.004790977430175146, ""1"": 0.00033581525033261894, ""2"": 0.0020726458811763876, ""3"": 0.0003932463710939023, ""4"": 0.00045215363913744897, ""5"": 0.000354073108409061}"
primary,400,p0.20,nan,1.0,0,0.2,79.80000000000001,79.8375,57,107,31935,31935,1.5620686129664814,60,0.06938280201649663,0.0013876560403299327,0.1408992165156181,11.97683689038232,1.6696450070052489,2.8961498740530085,6,"{""0"": 0.003490376996848901, ""1"": 0.0003258501171454457, ""2"": 0.0032686278240314165, ""3"": 0.00031676849656166585, ""4"": 0.0004738446044570446, ""5"": 0.0004504682029351231}"
primary,400,p0.20,nan,1.0,0,0.2,79.80000000000001,79.8375,57,107,31935,31935,1.5620686129664814,70,0.039883169277118866,0.0007976633855423774,0.09311807726998761,12.292313969328879,1.675338988185096,2.9819166008419016,6,"{""0"": 0.002712576978414116, ""1"": 0.00027907325069459867, ""2"": 0.0007080786180997168, ""3"": 0.00028906623375261236, ""4"": 0.0004940077003382098, ""5"": 0.00030317753195501017}"
primary,400,p0.20,nan,1.0,0,0.2,79.80000000000001,79.8375,57,107,31935,31935,1.5620686129664814,80,0.03275861786964823,0.0006551723573929647,0.08799762431156095,12.499980819031688,1.6807508585609783,2.985880037133151,6,"{""0"": 0.001845284424182057, ""1"": 0.0002863612768644899, ""2"": 0.0008050069585590899, ""3"": 0.0003131891676083683, ""4"": 0.00038866565825036004, ""5"": 0.0002925266588934229}"
primary,400,p0.20,nan,1.0,0,0.2,79.80000000000001,79.8375,57,107,31935,31935,1.5620686129664814,90,0.028988384732278136,0.0005797676946455628,0.10745200892810734,12.635624077524474,1.6887985120464142,2.9918736824634844,6,"{""0"": 0.0016364326198007745, ""1"": 0.0003037267734373303, ""2"": 0.0006143194853131046, ""3"": 0.00030358677852044207, ""4"": 0.00033310457940957606, ""5"": 0.00028743593139214955}"
primary,400,p0.20,nan,1.0,0,0.2,79.80000000000001,79.8375,57,107,31935,31935,1.5620686129664814,100,0.02351131162553751,0.00047022623251075026,0.12188884297008744,12.87876436142214,1.6802201423147867,2.975883249262351,6,"{""0"": 0.0011116916792462106, ""1"": 0.00028717461730140526, ""2"": 0.0005563566131576815, ""3"": 0.0002319591013275162, ""4"": 0.0003442403424684678, ""5"": 0.00028993504156322043}"
primary,400,p0.20,nan,1.0,0,0.2,79.80000000000001,79.8375,57,107,31935,31935,1.5620686129664814,110,0.02088559734889887,0.00041771194697797745,0.23003943510938907,13.018176041132802,1.6762268238478741,2.9706995085344947,6,"{""0"": 0.001037838539311288, ""1"": 0.0002729348484372022, ""2"": 0.0004536197372609161, ""3"": 0.00021926237502112956, ""4"": 0.0002597374461014101, ""5"": 0.00026287873573591883}"
primary,400,p0.20,nan,1.0,0,0.2,79.80000000000001,79.8375,57,107,31935,31935,1.5620686129664814,120,0.0199097948570719,0.000398195897141438,0.139771909759736,13.165979835643943,1.6748374750385895,2.9662094464084157,6,"{""0"": 0.0010382460075342363, ""1"": 0.0002438270242014691, ""2"": 0.000393905498325094, ""3"": 0.00021445491713720458, ""4"": 0.00024205885384193478, ""5"": 0.0002566830818086894}"
primary,400,p0.20,nan,1.0,0,0.2,79.80000000000001,79.8375,57,107,31935,31935,1.5620686129664814,130,0.01740803607262623,0.00034816072145252465,0.08541328768846128,13.35665040237294,1.6763911064686259,2.9697273097273165,6,"{""0"": 0.0007973242399819753, ""1"": 0.000260642426850494, ""2"": 0.00032320616297452324, ""3"": 0.0001907978298031907, ""4"": 0.0002317913099883128, ""5"": 0.0002852023591166515}"
primary,400,p0.20,nan,1.0,0,0.2,79.80000000000001,79.8375,57,107,31935,31935,1.5620686129664814,140,0.017587032889859692,0.0003517406577971939,0.15963762850014712,13.548251364674499,1.6796826422403817,2.9790874442799624,6,"{""0"": 0.0008244354514659298, ""1"": 0.00026743971042984284, ""2"": 0.0002912396313978958, ""3"": 0.0001757126396248567, ""4"": 0.0002638239893143821, ""5"": 0.000287792524550256}"
primary,400,p0.20,nan,1.0,0,0.2,79.80000000000001,79.8375,57,107,31935,31935,1.5620686129664814,150,0.016611079694716997,0.00033222159389434,0.6170678220354994,13.694577646852267,1.679880690803454,2.9724208261865055,6,"{""0"": 0.0007094890399926201, ""1"": 0.0002603879948953127, ""2"": 0.00030704820223476174, ""3"": 0.00017722435020832444, ""4"": 0.00024149577163543306, ""5"": 0.00029768420439958796}"
primary,400,p0.20,nan,1.0,0,0.2,79.80000000000001,79.8375,57,107,31935,31935,1.5620686129664814,160,0.016387075917475312,0.0003277415183495063,0.11793944294051151,13.79204818321085,1.68278715659787,2.9699231842476066,6,"{""0"": 0.0006928424664083074, ""1"": 0.00025749920545089215, ""2"": 0.0003179998666109336, ""3"": 0.0001690560557497552, ""4"": 0.0002584878123166404, ""5"": 0.00027056370356050925}"
primary,400,p0.20,nan,1.0,0,0.2,79.80000000000001,79.8375,57,107,31935,31935,1.5620686129664814,170,0.01553486173051997,0.00031069723461039944,0.6616017569293822,13.914859001458208,1.6882287580508786,2.9734391319925284,6,"{""0"": 0.0006780560112552465, ""1"": 0.000258565012366673, ""2"": 0.0002568671398986119, ""3"": 0.00016806157553818807, ""4"": 0.00024751811294288173, ""5"": 0.00025511555566079563}"
primary,400,p0.20,nan,1.0,0,0.2,79.80000000000001,79.8375,57,107,31935,31935,1.5620686129664814,180,0.01503285820527649,0.00030065716410552986,0.06884926405864829,13.987924385643012,1.68230841442422,2.9750659368813874,6,"{""0"": 0.0006591666502507177, ""1"": 0.00024842414972900824, ""2"": 0.0002507981760468388, ""3"": 0.00016523416590489109, ""4"": 0.0002388516855354928, ""5"": 0.00024146815716623017}"
primary,400,p0.20,nan,1.0,0,0.2,79.80000000000001,79.8375,57,107,31935,31935,1.5620686129664814,190,0.014873847702273226,0.00029747695404546456,0.09949192936412633,14.082718649195474,1.6821362689284982,2.9767070136314624,6,"{""0"": 0.0006547154907841996, ""1"": 0.00023911937541630296, ""2"": 0.0002490378670838952, ""3"": 0.00016552734481704048, ""4"": 0.00024199611025780486, ""5"": 0.0002344655359135442}"
primary,400,p0.20,nan,1.0,0,0.2,79.80000000000001,79.8375,57,107,31935,31935,1.5620686129664814,200,0.014848361671000516,0.00029696723342001035,0.14281598987605076,14.167362570485508,1.6845273808050527,2.9832405670168027,6,"{""0"": 0.0006442626214075861, ""1"": 0.00024803722864755027, ""2"": 0.00022839996555143496, ""3"": 0.00016037257628024034, ""4"": 0.0002594261216820186, ""5"": 0.00024130488695123183}"
primary,400,p0.40,nan,1.0,0,0.4,159.60000000000002,159.575,124,185,63830,63830,1.55783758681693,0,1.03169224985674,0.020633844997134804,nan,0.0,1.55783758681693,8.199266356496635,19,"{""0"": 0.018499360771692785, ""1"": 0.018925407440092443, ""2"": 0.01704859613582225, ""3"": 0.02276661771752752, ""4"": 0.023881750012147103, ""5"": 0.022681337905526715}"
primary,400,p0.40,nan,1.0,0,0.4,159.60000000000002,159.575,124,185,63830,63830,1.55783758681693,10,0.7627157478808272,0.015254314957616547,0.16789327570834986,7.392669034528592,1.823752989816382,3.646999199305888,10,"{""0"": 0.007212748633338357, ""1"": 0.014631225330767966, ""2"": 0.00043371245368009745, ""3"": 0.013604279750121729, ""4"": 0.00571488593770975, ""5"": 0.049929037640081386}"
primary,400,p0.40,nan,1.0,0,0.4,159.60000000000002,159.575,124,185,63830,63830,1.55783758681693,20,0.2316757180557904,0.004633514361115809,0.21881569856877922,8.933144635471507,1.7670493516465062,2.9965400690832347,6,"{""0"": 0.002173546277371183, ""1"": 0.006001443173275712, ""2"": 0.00036158638342845853, ""3"": 0.005791652361412153, ""4"": 0.005212588727488304, ""5"": 0.008260269243719042}"
primary,400,p0.40,nan,1.0,0,0.4,159.60000000000002,159.575,124,185,63830,63830,1.55783758681693,30,0.17261708009787566,0.0034523416019575136,0.30924750051079114,9.970457777671493,1.7399099082514644,3.0218205840007113,6,"{""0"": 0.00283471096582834, ""1"": 0.00035881210501439504, ""2"": 0.00039534895384874967, ""3"": 0.008931951462785909, ""4"": 0.0009241033937365985, ""5"": 0.00726912273053109}"
primary,400,p0.40,nan,1.0,0,0.4,159.60000000000002,159.575,124,185,63830,63830,1.55783758681693,40,0.16913455805610544,0.0033826911611221093,0.2018976640203041,10.530848330594456,1.7256748957848072,3.0000815479230893,6,"{""0"": 0.0026457105892368944, ""1"": 0.0003323049485680054, ""2"": 0.00040320005951481895, ""3"": 0.007997281564913573, ""4"": 0.00044647241477989734, ""5"": 0.008471177389719468}"
primary,400,p0.40,nan,1.0,0,0.4,159.60000000000002,159.575,124,185,63830,63830,1.55783758681693,50,0.13401849298139157,0.0026803698596278317,0.08614431320749599,11.068118753246502,1.708017215131048,2.9993423283328213,6,"{""0"": 0.003137349477092952, ""1"": 0.0002731193927944191, ""2"": 0.0003171963513250802, ""3"": 0.0076779084250036544, ""4"": 0.000400026645186521, ""5"": 0.004276618866364363}"
primary,400,p0.40,nan,1.0,0,0.4,159.60000000000002,159.575,124,185,63830,63830,1.55783758681693,60,0.11474324931636559,0.002294864986327312,0.09205462994212256,11.516055105307894,1.792219154928564,2.9153690976433997,5,"{""0"": 0.002787550904426291, ""1"": 0.00043577208582483873, ""2"": 0.00028848257082487246, ""3"": 0.005136295178392014, ""4"": 0.0004161006435541872, ""5"": 0.00470498853494167}"
primary,400,p0.40,nan,1.0,0,0.4,159.60000000000002,159.575,124,185,63830,63830,1.55783758681693,70,0.10822668839977141,0.0021645337679954287,0.114393525066706,11.861930820293104,1.7918548265395309,2.895874289804982,5,"{""0"": 0.0028188288237759014, ""1"": 0.00041613326452373544, ""2"": 0.00023340759739759232, ""3"": 0.004253882998812493, ""4"": 0.00038554570956675593, ""5"": 0.004879404213896096}"
primary,400,p0.40,nan,1.0,0,0.4,159.60000000000002,159.575,124,185,63830,63830,1.55783758681693,80,0.11182269740852482,0.0022364539481704968,0.07420582405057151,12.131779541804868,1.8031027976600065,2.9107939861505945,5,"{""0"": 0.0031302217105866363, ""1"": 0.00034217048072509806, ""2"": 0.00022986157924927624, ""3"": 0.004953838968098236, ""4"": 0.00036063250547553247, ""5"": 0.004401998444888203}"
primary,400,p0.40,nan,1.0,0,0.4,159.60000000000002,159.575,124,185,63830,63830,1.55783758681693,90,0.10835145246243356,0.0021670290492486716,0.09952786522438159,12.404320633215391,1.7620006400295285,2.920594878476356,5,"{""0"": 0.003163135084528131, ""1"": 0.0003067009094846262, ""2"": 0.0002092299212739668, ""3"": 0.005295474582648426, ""4"": 0.000334276955231485, ""5"": 0.003693356842325393}"
primary,400,p0.40,nan,1.0,0,0.4,159.60000000000002,159.575,124,185,63830,63830,1.55783758681693,100,0.07734134242442336,0.0015468268484884675,0.0648150199938922,12.967184703316969,1.7667129432897128,2.889414446147229,5,"{""0"": 0.003013331974538625, ""1"": 0.00030499837276610776, ""2"": 0.0001974171706898643, ""3"": 0.0013840653785246906, ""4"": 0.0003921387918019688, ""5"": 0.003989009402609547}"
primary,400,p0.40,nan,1.0,0,0.4,159.60000000000002,159.575,124,185,63830,63830,1.55783758681693,110,0.0684970099802165,0.0013699401996043303,0.156567252577948,13.15529273140429,1.7676186517244472,2.8883670404099746,5,"{""0"": 0.0028184246634376164, ""1"": 0.00033592720774109535, ""2"": 0.00017544132848609637, ""3"": 0.0012095276440206445, ""4"": 0.0003293471030470045, ""5"": 0.003350973250893524}"
primary,400,p0.40,nan,1.0,0,0.4,159.60000000000002,159.575,124,185,63830,63830,1.55783758681693,120,0.08062622351503679,0.001612524470300736,0.059530792656891,13.312522300557248,1.7737253967190307,2.901444358423741,5,"{""0"": 0.002985317094151798, ""1"": 0.00032802414025503946, ""2"": 0.0001906971248855354, ""3"": 0.002679206498587544, ""4"": 0.00034837795020269477, ""5"": 0.0031435240137218045}"
primary,400,p0.40,nan,1.0,0,0.4,159.60000000000002,159.575,124,185,63830,63830,1.55783758681693,130,0.05400703100054882,0.0010801406200109764,0.5510781465196769,13.511022031619477,1.775934688827561,2.8610464515288414,5,"{""0"": 0.0012152518421657695, ""1"": 0.00036636936622535035, ""2"": 0.00021996563687628744, ""3"": 0.0015623247759866507, ""4"": 0.00034595771011263306, ""5"": 0.0027709743886991695}"
primary,400,p0.40,nan,1.0,0,0.4,159.60000000000002,159.575,124,185,63830,63830,1.55783758681693,140,0.05806351629262193,0.0011612703258524388,0.0763500297544745,13.707245365688697,1.780287534816706,2.8627598029446815,5,"{""0"": 0.00124853606303729, ""1"": 0.00039032945653326624, ""2"": 0.0002255833436106129, ""3"": 0.0024609189774644344, ""4"": 0.0003268258349812197, ""5"": 0.00231542827948781}"
primary,400,p0.40,nan,1.0,0,0.4,159.60000000000002,159.575,124,185,63830,63830,1.55783758681693,150,0.030803543877277528,0.0006160708775455506,0.05181456070921792,13.961509539603602,1.7846502890398368,2.869789375536011,5,"{""0"": 0.0014173055216883472, ""1"": 0.0002814816374673008, ""2"": 0.00015666615773478652, ""3"": 0.0005893118819017422, ""4"": 0.00034724191400098143, ""5"": 0.0009044181524801461}"
primary,400,p0.40,nan,1.0,0,0.4,159.60000000000002,159.575,124,185,63830,63830,1.55783758681693,160,0.04391585389615106,0.0008783170779230213,1.4028253239480635,14.264996694142699,1.7969576384677297,2.8924404971426254,5,"{""0"": 0.0011215323652513012, ""1"": 0.00033018324079864877, ""2"": 0.00018727423459741752, ""3"": 0.0028922257015431734, ""4"": 0.0003587421092714779, ""5"": 0.0003799448160761086}"
primary,400,p0.40,nan,1.0,0,0.4,159.60000000000002,159.575,124,185,63830,63830,1.55783758681693,170,0.042170612934321096,0.000843412258686422,0.11338018846066739,14.380622525143435,1.8056251655401994,2.8881058817289316,5,"{""0"": 0.0010364903572097094, ""1"": 0.0003324018095054541, ""2"": 0.00019307949163168022, ""3"": 0.0027792340524815167, ""4"": 0.00037467551984053356, ""5"": 0.00034459232144963775}"
primary,400,p0.40,nan,1.0,0,0.4,159.60000000000002,159.575,124,185,63830,63830,1.55783758681693,180,0.04237314758116184,0.0008474629516232369,0.10278262781900589,14.490941341015121,1.8048190744822457,2.883710838087113,5,"{""0"": 0.000967526066264003, ""1"": 0.00031835536234185697, ""2"": 0.00019370882890550186, ""3"": 0.0028635747624784847, ""4"": 0.0004193997081366657, ""5"": 0.00032221298161290955}"
primary,400,p0.40,nan,1.0,0,0.4,159.60000000000002,159.575,124,185,63830,63830,1.55783758681693,190,0.043003167129219096,0.000860063342584382,0.044462966894739185,14.589451275353985,1.801649395949434,2.883816093502927,5,"{""0"": 0.0009771345829052759, ""1"": 0.00033257861024330146, ""2"": 0.00017843703478741767, ""3"": 0.002924740274527692, ""4"": 0.00043098927735434804, ""5"": 0.00031650027568825786}"
primary,400,p0.40,nan,1.0,0,0.4,159.60000000000002,159.575,124,185,63830,63830,1.55783758681693,200,0.02114806303637093,0.0004229612607274186,0.07349023299243884,14.826959105816897,1.8164283353501405,2.880884342453908,5,"{""0"": 0.000958290814087157, ""1"": 0.00031622881306540715, ""2"": 0.0001667112518757526, ""3"": 0.0004170496049781179, ""4"": 0.00031150093133893765, ""5"": 0.00036798614901913947}"
primary,400,p0.05,nan,1.0,1,0.05,19.950000000000003,19.84,8,31,7936,7936,1.526565912800794,0,0.9609941854548718,0.01921988370909744,nan,0.0,1.526565912800794,11.501333097093964,22,"{""0"": 0.02160634348509875, ""1"": 0.01786537789215579, ""2"": 0.020016654834503305, ""3"": 0.019755822863182476, ""4"": 0.017155633984400544, ""5"": 0.01891946919524377}"
primary,400,p0.05,nan,1.0,1,0.05,19.950000000000003,19.84,8,31,7936,7936,1.526565912800794,10,0.3994565001898276,0.007989130003796552,0.14698865567056674,10.74567519905145,1.7057808542755701,3.809719908233926,13,"{""0"": 0.001668425454264012, ""1"": 0.000837160205382934, ""2"": 0.006563441477205026, ""3"": 0.009847639730570271, ""4"": 0.023426084559940344, ""5"": 0.005592028595416726}"
primary,400,p0.05,nan,1.0,1,0.05,19.950000000000003,19.84,8,31,7936,7936,1.526565912800794,20,0.38807421327466046,0.007761484265493211,0.9304195717231137,12.415356159547102,1.807026268023988,3.436758054662058,12,"{""0"": 0.004309874135101413, ""1"": 0.004739039588418238, ""2"": 0.0012184146015799013, ""3"": 0.011883646384478419, ""4"": 0.022674257303371338, ""5"": 0.0017436735800099683}"
primary,400,p0.05,nan,1.0,1,0.05,19.950000000000003,19.84,8,31,7936,7936,1.526565912800794,30,0.24835102817982052,0.004967020563596411,0.2129304576930267,13.043157863801614,1.7936079486316605,3.4610585835950007,11,"{""0"": 0.005051347239667165, ""1"": 0.005341745388070161, ""2"": 0.0023242148352446575, ""3"": 0.004259871502657149, ""4"": 0.011165780829890228, ""5"": 0.0016591635860491033}"
primary,400,p0.05,nan,1.0,1,0.05,19.950000000000003,19.84,8,31,7936,7936,1.526565912800794,40,0.1682143813321337,0.0033642876266426745,0.572851209024891,13.273871304044517,1.7913054750652089,3.4609217168237865,12,"{""0"": 0.0022246042019259007, ""1"": 0.00436184310051012, ""2"": 0.0028429809830317152, ""3"": 0.0007473715410168179, ""4"": 0.008057047383610731, ""5"": 0.0019518785497607653}"
primary,400,p0.05,nan,1.0,1,0.05,19.950000000000003,19.84,8,31,7936,7936,1.526565912800794,50,0.15244486587381414,0.003048897317476283,1.4832707036222235,13.575387775374319,1.8138607157863573,3.425549292516646,11,"{""0"": 0.003553120223884109, ""1"": 0.004589089016449324, ""2"": 0.0014009403574764539, ""3"": 0.000773282897368731, ""4"": 0.006678758104004566, ""5"": 0.0012981933056745143}"
primary,400,p0.05,nan,1.0,1,0.05,19.950000000000003,19.84,8,31,7936,7936,1.526565912800794,60,0.1394629718400929,0.0027892594368018587,4.281517067784802,13.971588347444646,1.8002614254066784,3.343738514319971,11,"{""0"": 0.005595215047870018, ""1"": 0.0026146599879483525, ""2"": 0.0010637558668993444, ""3"": 0.0009427355422387124, ""4"": 0.0053875606132082, ""5"": 0.0011316295626465256}"
primary,400,p0.05,nan,1.0,1,0.05,19.950000000000003,19.84,8,31,7936,7936,1.526565912800794,70,0.12679508524832953,0.0025359017049665913,0.14492336713406964,14.12623518237319,1.7905379809224706,3.3781485283964314,11,"{""0"": 0.0046378289192395535, ""1"": 0.0023665087691939995, ""2"": 0.001302286453185733, ""3"": 0.0007017213184240488, ""4"": 0.004857856492863492, ""5"": 0.0013492082768927205}"
primary,400,p0.05,nan,1.0,1,0.05,19.950000000000003,19.84,8,31,7936,7936,1.526565912800794,80,0.12105584206330243,0.002421116841266049,0.3292005551983726,14.256182303585584,1.7836739629262353,3.345449151070165,11,"{""0"": 0.004746133122140331, ""1"": 0.001811294630632156, ""2"": 0.0014809673198461402, ""3"": 0.0006321899087994607, ""4"": 0.004189613959275853, ""5"": 0.001666502106902354}"
primary,400,p0.05,nan,1.0,1,0.05,19.950000000000003,19.84,8,31,7936,7936,1.526565912800794,90,0.11866966032309538,0.002373393206461908,0.6000725807995445,14.386669498866748,1.7870476696018558,3.3574071977944357,11,"{""0"": 0.004162460978549917, ""1"": 0.002050577138018766, ""2"": 0.0011744790754484938, ""3"": 0.0006306116330060986, ""4"": 0.004925000196998357, ""5"": 0.0012972302167498155}"
primary,400,p0.05,nan,1.0,1,0.05,19.950000000000003,19.84,8,31,7936,7936,1.526565912800794,100,0.11611877869012563,0.002322375573802513,2.0121043233712927,14.554500022701829,1.7875444613577933,3.3549577703325255,11,"{""0"": 0.0042173636172969185, ""1"": 0.00226961876278023, ""2"": 0.0011974266236746854, ""3"": 0.0007293014170955938, ""4"": 0.004303244486220098, ""5"": 0.001217298535747551}"
primary,400,p0.05,nan,1.0,1,0.05,19.950000000000003,19.84,8,31,7936,7936,1.526565912800794,110,0.10684430530137089,0.002136886106027418,0.03830597274077644,14.587397146235297,1.7587100085368652,3.355899251244429,11,"{""0"": 0.003744809382771263, ""1"": 0.0021450103628220417, ""2"": 0.0010693642342097871, ""3"": 0.0007785426612510473, ""4"": 0.0037930266399556025, ""5"": 0.0012905633551547658}"
primary,400,p0.05,nan,1.0,1,0.05,19.950000000000003,19.84,8,31,7936,7936,1.526565912800794,120,0.10469007953966569,0.002093801590793314,0.05954312323382303,14.690931623031597,1.749658849497553,3.3953869358410587,11,"{""0"": 0.0037356871466479244, ""1"": 0.002326759383390095, ""2"": 0.0009733740012088989, ""3"": 0.0007466775917050545, ""4"": 0.003524244363871185, ""5"": 0.0012560670579367258}"
primary,400,p0.05,nan,1.0,1,0.05,19.950000000000003,19.84,8,31,7936,7936,1.526565912800794,130,0.10166578564326856,0.0020333157128653713,0.2547349364493337,14.730067355895937,1.7485634132991685,3.4183005290017237,11,"{""0"": 0.003161368447289443, ""1"": 0.0026022818352084754, ""2"": 0.0008900831615432184, ""3"": 0.0007509625363481546, ""4"": 0.003591861418592129, ""5"": 0.0012033368782108094}"
primary,400,p0.05,nan,1.0,1,0.05,19.950000000000003,19.84,8,31,7936,7936,1.526565912800794,140,0.10471271140668399,0.00209425422813368,3.3855201035167424,14.798860295301244,1.7516221317962777,3.4118332488176044,11,"{""0"": 0.0034624649792596206, ""1"": 0.002588688029150667, ""2"": 0.0008024089504935515, ""3"": 0.000758494223872675, ""4"": 0.003862635281456559, ""5"": 0.0010908339045690063}"
primary,400,p0.05,nan,1.0,1,0.05,19.950000000000003,19.84,8,31,7936,7936,1.526565912800794,150,0.10309214776243149,0.0020618429552486297,2.826867386212789,14.853887869930903,1.7658576494679654,3.387926610189821,11,"{""0"": 0.003513354238418775, ""1"": 0.002446998861294879, ""2"": 0.0008851132923705688, ""3"": 0.0008476720668869767, ""4"": 0.0034415687378755834, ""5"": 0.001236350534644998}"
primary,400,p0.05,nan,1.0,1,0.05,19.950000000000003,19.84,8,31,7936,7936,1.526565912800794,160,0.1025412389904672,0.0020508247798093444,0.6178390444697218,14.916347556537515,1.7745570563875255,3.369483425417822,11,"{""0"": 0.003626695788517009, ""1"": 0.002448027950116002, ""2"": 0.0008378690147225433, ""3"": 0.0009150695179476797, ""4"": 0.003262306914941443, ""5"": 0.0012149794926113887}"
primary,400,p0.05,nan,1.0,1,0.05,19.950000000000003,19.84,8,31,7936,7936,1.526565912800794,170,0.10233464113801173,0.0020466928227602346,1.0921457702658532,15.00736256230689,1.7717809343409137,3.349151579902704,11,"{""0"": 0.0037792506332352182, ""1"": 0.0022864010016029395, ""2"": 0.0008257162224318965, ""3"": 0.001006257377682796, ""4"": 0.0031240298051988516, ""5"": 0.001258501896409705}"
primary,400,p0.05,nan,1.0,1,0.05,19.950000000000003,19.84,8,31,7936,7936,1.526565912800794,180,0.10299873586666376,0.0020599747173332753,0.9862960298670512,15.073446579234844,1.7786812650181711,3.361282988708295,11,"{""0"": 0.003720616741598845, ""1"": 0.0024746264324279977, ""2"": 0.0006887271419864421, ""3"": 0.000975343179808944, ""4"": 0.0034230573131170247, ""5"": 0.0010774774950604012}"
primary,400,p0.05,nan,1.0,1,0.05,19.950000000000003,19.84,8,31,7936,7936,1.526565912800794,190,0.10117822866995532,0.0020235645733991067,0.36996109666649385,15.078844176927763,1.782254986793497,3.3969609940264314,11,"{""0"": 0.0033404751951027975, ""1"": 0.002644620848248967, ""2"": 0.0005943890514511259, ""3"": 0.000981811924915403, ""4"": 0.003641546219978884, ""5"": 0.0009385442006974644}"
primary,400,p0.05,nan,1.0,1,0.05,19.950000000000003,19.84,8,31,7936,7936,1.526565912800794,200,0.0994523303117277,0.0019890466062345543,1.1913808347442614,15.106771483098825,1.7835153948372773,3.4025851939264475,11,"{""0"": 0.0033044014053021874, ""1"": 0.002539273791281534, ""2"": 0.0006402466736632531, ""3"": 0.0009958371680001573, ""4"": 0.0034488435782029036, ""5"": 0.00100567702095729}"
primary,400,p0.10,nan,1.0,1,0.1,39.900000000000006,39.5725,21,63,15829,15829,1.5407064843170706,0,1.069107003337322,0.021382140066746446,nan,0.0,1.5407064843170706,6.794808832944692,20,"{""0"": 0.021333470888263668, ""1"": 0.017248702943790956, ""2"": 0.023492844675258622, ""3"": 0.022124902801223444, ""4"": 0.019825192159241396, ""5"": 0.024267726932700566}"
primary,400,p0.10,nan,1.0,1,0.1,39.900000000000006,39.5725,21,63,15829,15829,1.5407064843170706,10,0.36734011010148054,0.007346802202029611,0.3959390272693567,9.548550494355725,1.6512345078834363,4.179322043626661,13,"{""0"": 0.000665430589752855, ""1"": 0.0011243580368476898, ""2"": 0.010460748564818167, ""3"": 0.005171488270352247, ""4"": 0.018062106330768917, ""5"": 0.008596681419637788}"
primary,400,p0.10,nan,1.0,1,0.1,39.900000000000006,39.5725,21,63,15829,15829,1.5407064843170706,20,0.282935018340766,0.00565870036681532,0.16291514931675696,11.87636325722698,1.8948476389144897,2.982004245302002,9,"{""0"": 0.0014416342357554846, ""1"": 0.007292431088726273, ""2"": 0.0004376935091758609, ""3"": 0.015783691074966473, ""4"": 0.008510770915385527, ""5"": 0.00048598137688230685}"
primary,400,p0.10,nan,1.0,1,0.1,39.900000000000006,39.5725,21,63,15829,15829,1.5407064843170706,30,0.08869796777347952,0.0017739593554695905,0.38700908894108044,12.43259709124792,1.7816188861925815,3.1891231194982583,8,"{""0"": 0.0003948815614617944, ""1"": 0.003829856716298957, ""2"": 0.0003344258957696391, ""3"": 0.001188730197551343, ""4"": 0.003986513099536286, ""5"": 0.0009093486621995232}"
primary,400,p0.10,nan,1.0,1,0.1,39.900000000000006,39.5725,21,63,15829,15829,1.5407064843170706,40,0.0831831375965234,0.0016636627519304684,0.47050707446523204,12.74265812598412,1.758589699454086,3.204116527532634,8,"{""0"": 0.00039829647010276327, ""1"": 0.004083650485290901, ""2"": 0.0003485447134005688, ""3"": 0.0006341946261756086, ""4"": 0.003605843437368765, ""5"": 0.0009114467792442031}"
primary,400,p0.10,nan,1.0,1,0.1,39.900000000000006,39.5725,21,63,15829,15829,1.5407064843170706,50,0.0667873102636582,0.0013357462052731642,0.2118790802147656,13.547620602811607,1.8206654247964535,3.108705300324091,7,"{""0"": 0.00044319462546108836, ""1"": 0.0022368753242408734, ""2"": 0.000356925908470505, ""3"": 0.0006353018001884027, ""4"": 0.0035651967675312327, ""5"": 0.0007769828057468833}"
primary,400,p0.10,nan,1.0,1,0.1,39.900000000000006,39.5725,21,63,15829,15829,1.5407064843170706,60,0.07375926695258492,0.0014751853390516986,0.21732846614725004,13.75939093879469,1.8152303505556147,3.0662444432093556,7,"{""0"": 0.0005000469961001098, ""1"": 0.002506634734108154, ""2"": 0.00027718325015461075, ""3"": 0.000673951476549672, ""4"": 0.004156790743585539, ""5"": 0.0007365048338121062}"
primary,400,p0.10,nan,1.0,1,0.1,39.900000000000006,39.5725,21,63,15829,15829,1.5407064843170706,70,0.05659062295612643,0.0011318124591225287,0.13927713631828675,13.977201418651878,1.7907998081934517,3.1186988562025015,7,"{""0"": 0.0004765189488386928, ""1"": 0.0010091131031750946, ""2"": 0.00027209198362434183, ""3"": 0.0005897393667947425, ""4"": 0.0033723157531765683, ""5"": 0.001071095599125733}"
primary,400,p0.10,nan,1.0,1,0.1,39.900000000000006,39.5725,21,63,15829,15829,1.5407064843170706,80,0.0520819136411832,0.0010416382728236642,0.12271794879766111,14.182145852097273,1.775452038842059,3.1250035654953927,7,"{""0"": 0.0004304136618468091, ""1"": 0.0009011757537308745, ""2"": 0.0003593670961547855, ""3"": 0.000537992017959542, ""4"": 0.0026516507464270913, ""5"": 0.0013692303608228821}"
primary,400,p0.10,nan,1.0,1,0.1,39.900000000000006,39.5725,21,63,15829,15829,1.5407064843170706,90,0.054254625254691956,0.0010850925050938393,0.8994896243655967,14.321019480024846,1.788750675388587,3.108511092724389,8,"{""0"": 0.0004977186740073752, ""1"": 0.0010980388179300717, ""2"": 0.00032366988474435163, ""3"": 0.000554149016340065, ""4"": 0.002673128426713715, ""5"": 0.0013638502108274573}"
primary,400,p0.10,nan,1.0,1,0.1,39.900000000000006,39.5725,21,63,15829,15829,1.5407064843170706,100,0.04896305135135417,0.0009792610270270834,1.4239090913640498,14.501151283837755,1.7869671499223903,3.108375009131135,8,"{""0"": 0.0004395000717498542, ""1"": 0.0011783567789173072, ""2"": 0.0003750627430164251, ""3"": 0.000621017420686717, ""4"": 0.0019026426040485542, ""5"": 0.001358986543743643}"
primary,400,p0.10,nan,1.0,1,0.1,39.900000000000006,39.5725,21,63,15829,15829,1.5407064843170706,110,0.043260218898628744,0.000865204377972575,0.14280453058374698,14.659146506286561,1.7773135677160032,3.126472417807964,8,"{""0"": 0.00036816020016134824, ""1"": 0.0008632542558321295, ""2"": 0.0003536046443920342, ""3"": 0.000542610831517883, ""4"": 0.0018364928727946858, ""5"": 0.001227103463137369}"
primary,400,p0.10,nan,1.0,1,0.1,39.900000000000006,39.5725,21,63,15829,15829,1.5407064843170706,120,0.041275655624877304,0.0008255131124975462,0.12312296452991897,14.696214312328678,1.788757821168737,3.141821981211418,8,"{""0"": 0.00030741089837074963, ""1"": 0.0007928770947444787, ""2"": 0.00036224728229076076, ""3"": 0.0005043389867479515, ""4"": 0.0020866586022142003, ""5"": 0.0008995458106171369}"
primary,400,p0.10,nan,1.0,1,0.1,39.900000000000006,39.5725,21,63,15829,15829,1.5407064843170706,130,0.042521513007727836,0.0008504302601545569,0.18819639610138406,14.820845058002769,1.780618435555113,3.137376948635105,8,"{""0"": 0.0003298840071588675, ""1"": 0.0006926978944884086, ""2"": 0.00033926092962619463, ""3"": 0.0005220841290908146, ""4"": 0.0018949483459438307, ""5"": 0.0013237062546192261}"
primary,400,p0.10,nan,1.0,1,0.1,39.900000000000006,39.5725,21,63,15829,15829,1.5407064843170706,140,0.0423192459462239,0.0008463849189244782,0.06670430294000063,14.87258246829698,1.7846099092721517,3.1376261355781176,8,"{""0"": 0.00035503840276053256, ""1"": 0.0006825124554136685, ""2"": 0.0003249082367398434, ""3"": 0.0005456402765587204, ""4"": 0.001969289952600474, ""5"": 0.0012009201894736298}"
primary,400,p0.10,nan,1.0,1,0.1,39.900000000000006,39.5725,21,63,15829,15829,1.5407064843170706,150,0.04117087880599275,0.0008234175761198553,0.12379174978437539,14.920028142809246,1.783696170916526,3.1359900927998896,8,"{""0"": 0.0003499190202491518, ""1"": 0.0006507177404579589, ""2"": 0.0003318179966269285, ""3"": 0.0005587627193852062, ""4"": 0.0019210981507418374, ""5"": 0.0011281898292580489}"
primary,400,p0.10,nan,1.0,1,0.1,39.900000000000006,39.5725,21,63,15829,15829,1.5407064843170706,160,0.04062405854738536,0.0008124811709477073,0.11603923148983247,14.968790320415929,1.7788622555495817,3.135013159596385,8,"{""0"": 0.00034571692609274766, ""1"": 0.0006420287759488351, ""2"": 0.0003355344791056925, ""3"": 0.0005598504870508121, ""4"": 0.0018850252707362485, ""5"": 0.001106731086751907}"
primary,400,p0.10,nan,1.0,1,0.1,39.900000000000006,39.5725,21,63,15829,15829,1.5407064843170706,170,0.041317531678346536,0.0008263506335669308,0.5104487038149141,15.105365585151498,1.7618367106096497,3.1396819531945552,8,"{""0"": 0.0003118522827482647, ""1"": 0.0005965865827058249, ""2"": 0.000342193252603129, ""3"": 0.0005883679788550036, ""4"": 0.0019747217488040552, ""5"": 0.0011443819556853064}"
primary,400,p0.10,nan,1.0,1,0.1,39.900000000000006,39.5725,21,63,15829,15829,1.5407064843170706,180,0.04174944731775539,0.0008349889463551078,0.14817437584600598,15.152441303805507,1.749614104972241,3.1442648225153373,8,"{""0"": 0.00030446185075619836, ""1"": 0.0005854609789207002, ""2"": 0.00032167118697527396, ""3"": 0.0006171670065523988, ""4"": 0.002177222483579349, ""5"": 0.0010039501713467274}"
primary,400,p0.10,nan,1.0,1,0.1,39.900000000000006,39.5725,21,63,15829,15829,1.5407064843170706,190,0.041622962280134054,0.0008324592456026812,0.20226861573304455,15.2088810999169,1.7697824494601981,3.139684870052424,8,"{""0"": 0.0003272444880396386, ""1"": 0.0005773134867183933, ""2"": 0.0003150544769903456, ""3"": 0.0005826837752571774, ""4"": 0.0023250042247720745, ""5"": 0.0008674550218384584}"
primary,400,p0.10,nan,1.0,1,0.1,39.900000000000006,39.5725,21,63,15829,15829,1.5407064843170706,200,0.04005690747430746,0.0008011381494861492,0.3374348697177319,15.28040407864426,1.7767370878666473,3.1520612011766738,8,"{""0"": 0.00030674976448769893, ""1"": 0.0005464892378592406, ""2"": 0.00030822504241994773, ""3"": 0.0004930123294346973, ""4"": 0.0023031267159962614, ""5"": 0.0008492258067190497}"
primary,400,p0.20,nan,1.0,1,0.2,79.80000000000001,79.5325,56,103,31813,31813,1.5609403859874178,0,1.028484099530714,0.020569681990614284,nan,0.0,1.5609403859874178,9.111129966098499,21,"{""0"": 0.01952632249586113, ""1"": 0.018640808060914883, ""2"": 0.020628325437182567, ""3"": 0.0216620567689172, ""4"": 0.020395761712449164, ""5"": 0.02256481746836077}"
primary,400,p0.20,nan,1.0,1,0.2,79.80000000000001,79.5325,56,103,31813,31813,1.5609403859874178,10,0.45918852461065435,0.009183770492213089,0.15863701622033752,7.491887427680151,1.7743896920182796,3.2988778648767334,10,"{""0"": 0.0008931084586524789, ""1"": 0.00041830184650811896, ""2"": 0.0017355195882642043, ""3"": 0.0037718108546202743, ""4"": 0.04155812549566451, ""5"": 0.006725756709568946}"
primary,400,p0.20,nan,1.0,1,0.2,79.80000000000001,79.5325,56,103,31813,31813,1.5609403859874178,20,0.198841940278454,0.003976838805569081,0.1515541092628642,9.705613927445624,1.76808176735388,3.1124478163346,9,"{""0"": 0.0021311138672174953, ""1"": 0.006505360830506979, ""2"": 0.0006780689024917551, ""3"": 0.008657085271327348, ""4"": 0.005279519877173146, ""5"": 0.0006098840846977579}"
primary,400,p0.20,nan,1.0,1,0.2,79.80000000000001,79.5325,56,103,31813,31813,1.5609403859874178,30,0.10053497409036741,0.0020106994818073483,0.1976355591882674,10.554750885588351,1.7492965773401727,3.090315350939117,9,"{""0"": 0.0005597685976636088, ""1"": 0.003554619167351307, ""2"": 0.00113254686482869, ""3"": 0.0016783185341038606, ""4"": 0.004351830762198368, ""5"": 0.0007871129646982533}"
primary,400,p0.20,nan,1.0,1,0.2,79.80000000000001,79.5325,56,103,31813,31813,1.5609403859874178,40,0.1134422797632392,0.0022688455952647843,0.11702539664212311,10.982065321942478,1.6586430822791185,3.0952077126447843,9,"{""0"": 0.00040467237490812843, ""1"": 0.00476188662383104, ""2"": 0.0018478916414207992, ""3"": 0.00038058126066808326, ""4"": 0.004877354205483936, ""5"": 0.0013406874652767196}"
primary,400,p0.20,nan,1.0,1,0.2,79.80000000000001,79.5325,56,103,31813,31813,1.5609403859874178,50,0.08322192848143026,0.0016644385696286052,0.2545878602817387,11.412204112241396,1.7014451955279202,3.1193271367687596,9,"{""0"": 0.0006181640489702945, ""1"": 0.003848956544029085, ""2"": 0.00022329046462733277, ""3"": 0.0005734429016815605, ""4"": 0.00380020417439483, ""5"": 0.0009225732840685272}"
primary,400,p0.20,nan,1.0,1,0.2,79.80000000000001,79.5325,56,103,31813,31813,1.5609403859874178,60,0.0832220384633894,0.0016644407692677882,0.10383001348553983,11.625483225251742,1.7391730847900884,3.0842891836929875,9,"{""0"": 0.0007162690419948214, ""1"": 0.004267375219215577, ""2"": 0.00024179954513535966, ""3"": 0.0008909697821671964, ""4"": 0.003421698514433598, ""5"": 0.0004485325126601745}"
primary,400,p0.20,nan,1.0,1,0.2,79.80000000000001,79.5325,56,103,31813,31813,1.5609403859874178,70,0.08258712761381098,0.00165174255227622,0.04882246830940923,11.887680778099396,1.7302766895141075,3.0770822796533532,8,"{""0"": 0.0005213390597179293, ""1"": 0.004822945107864941, ""2"": 0.00026274510916895897, ""3"": 0.00042273832749830964, ""4"": 0.003451417967072773, ""5"": 0.00042926974233440816}"
primary,400,p0.20,nan,1.0,1,0.2,79.80000000000001,79.5325,56,103,31813,31813,1.5609403859874178,80,0.08084931996868422,0.0016169863993736847,0.10029539019946765,12.00469745805561,1.7421736736297322,3.0769100981720703,8,"{""0"": 0.0004239317773144853, ""1"": 0.004819581736679403, ""2"": 0.0002805129169341421, ""3"": 0.00043232190884382523, ""4"": 0.003293663357126727, ""5"": 0.00045190669934352614}"
primary,400,p0.20,nan,1.0,1,0.2,79.80000000000001,79.5325,56,103,31813,31813,1.5609403859874178,90,0.04879380015471949,0.00097587600309439,0.1603933283480566,12.13246473428557,1.7461236858889626,3.111028212339414,8,"{""0"": 0.0004579879950266425, ""1"": 0.0010337801003953932, ""2"": 0.00022717569934019923, ""3"": 0.0003735198590030931, ""4"": 0.003345300852714915, ""5"": 0.00041749151208609676}"
primary,400,p0.20,nan,1.0,1,0.2,79.80000000000001,79.5325,56,103,31813,31813,1.5609403859874178,100,0.04762726834691278,0.0009525453669382557,0.3961261884481984,12.372382447897724,1.7645573589402082,3.10628956338775,8,"{""0"": 0.0005906038474775234, ""1"": 0.0010441172826567693, ""2"": 0.00019672038266851507, ""3"": 0.00039470553431593766, ""4"": 0.003129809770121346, ""5"": 0.0003593153843894421}"
primary,400,p0.20,nan,1.0,1,0.2,79.80000000000001,79.5325,56,103,31813,31813,1.5609403859874178,110,0.04397214688251227,0.0008794429376502455,0.1560102230307162,12.50646161720761,1.7737297477039904,3.118935869605938,8,"{""0"": 0.0005550769660856518, ""1"": 0.0008786090548933593, ""2"": 0.00021403417330708458, ""3"": 0.0004040826356230421, ""4"": 0.002894505325950967, ""5"": 0.0003303494700413687}"
primary,400,p0.20,nan,1.0,1,0.2,79.80000000000001,79.5325,56,103,31813,31813,1.5609403859874178,120,0.04223106960721381,0.0008446213921442764,0.15010592934149197,12.651346454568609,1.7556902051280254,3.1012041419293093,8,"{""0"": 0.00044957358961163235, ""1"": 0.0009513054758347395, ""2"": 0.0002199541900162122, ""3"": 0.00032419249596921183, ""4"": 0.0028157025446848795, ""5"": 0.0003070000567489832}"
primary,400,p0.20,nan,1.0,1,0.2,79.80000000000001,79.5325,56,103,31813,31813,1.5609403859874178,130,0.03930887294504711,0.0007861774589009423,0.09945489925252636,12.727782896875373,1.7544684504085888,3.108236036136622,8,"{""0"": 0.00042263628593158017, ""1"": 0.0009746968954863512, ""2"": 0.00021920547282852106, ""3"": 0.0003398970479747257, ""4"": 0.002441560704149976, ""5"": 0.0003190683470345005}"
primary,400,p0.20,nan,1.0,1,0.2,79.80000000000001,79.5325,56,103,31813,31813,1.5609403859874178,140,0.04065069441636426,0.0008130138883272852,0.10409465824002258,12.88825685106459,1.7500242364230083,3.09596918408654,8,"{""0"": 0.00039183307020667464, ""1"": 0.0011585605966625307, ""2"": 0.0002070754032235191, ""3"": 0.0003165300765833352, ""4"": 0.002492385529635291, ""5"": 0.0003116986536523611}"
primary,400,p0.20,nan,1.0,1,0.2,79.80000000000001,79.5325,56,103,31813,31813,1.5609403859874178,150,0.03354072182981078,0.0006708144365962156,0.07773130733269618,12.952858650032033,1.7517441906001652,3.11327740825486,8,"{""0"": 0.00040983937707720307, ""1"": 0.0009450704261451792, ""2"": 0.00020854985646009337, ""3"": 0.000316535093650941, ""4"": 0.0018516252094672556, ""5"": 0.00029326665677662205}"
primary,400,p0.20,nan,1.0,1,0.2,79.80000000000001,79.5325,56,103,31813,31813,1.5609403859874178,160,0.039528636568722686,0.0007905727313744537,0.15734669721530092,13.085525166524082,1.7838494474680866,3.0999624046775227,8,"{""0"": 0.0005367224689627906, ""1"": 0.001443408744429542, ""2"": 0.00017701351379514275, ""3"": 0.0003559536968879986, ""4"": 0.0019319464826344592, ""5"": 0.00029839148153678973}"
primary,400,p0.20,nan,1.0,1,0.2,79.80000000000001,79.5325,56,103,31813,31813,1.5609403859874178,170,0.032303105581731,0.0006460621116346201,0.5070824149624308,13.189413375689576,1.7841191577515456,3.0996343684568286,8,"{""0"": 0.0005748224937567874, ""1"": 0.0008823723765843368, ""2"": 0.00017514046315137083, ""3"": 0.00035958247779899574, ""4"": 0.001592959010862046, ""5"": 0.0002914958476541842}"
primary,400,p0.20,nan,1.0,1,0.2,79.80000000000001,79.5325,56,103,31813,31813,1.5609403859874178,180,0.032548326632885545,0.0006509665326577109,0.19100214748622674,13.27812663995111,1.7879135047779176,3.099234103256765,8,"{""0"": 0.0005080301727766093, ""1"": 0.0007283543979542141, ""2"": 0.00017633563700220246, ""3"": 0.00034584860197577397, ""4"": 0.0018806478216177233, ""5"": 0.0002665825646197416}"
primary,400,p0.20,nan,1.0,1,0.2,79.80000000000001,79.5325,56,103,31813,31813,1.5609403859874178,190,0.03555069172282892,0.0007110138344565784,0.0689645277665957,13.36202655011991,1.7825873052697099,3.0944038745628064,8,"{""0"": 0.0005261112574427132, ""1"": 0.0006596323614577431, ""2"": 0.00017594413639783008, ""3"": 0.0003583206235028899, ""4"": 0.0022968641335737094, ""5"": 0.0002492104943645853}"
primary,400,p0.20,nan,1.0,1,0.2,79.80000000000001,79.5325,56,103,31813,31813,1.5609403859874178,200,0.029360721173040952,0.0005872144234608191,0.19948259753473707,13.462990039949126,1.7736973530034335,3.0931854390085567,8,"{""0"": 0.0004468473131928604, ""1"": 0.0005886228004904999, ""2"": 0.00017943624953050568, ""3"": 0.0003790139051359796, ""4"": 0.0016865572873596044, ""5"": 0.0002428089850554644}"
primary,400,p0.40,nan,1.0,1,0.4,159.60000000000002,159.8425,130,187,63937,63937,1.5480895887724802,0,0.9999490280072566,0.019998980560145135,nan,0.0,1.5480895887724802,8.808081802341722,23,"{""0"": 0.0174886337005892, ""1"": 0.017214309743293753, ""2"": 0.021216218713936252, ""3"": 0.020617907124821346, ""4"": 0.01866258829413289, ""5"": 0.024794225784097373}"
primary,400,p0.40,nan,1.0,1,0.4,159.60000000000002,159.8425,130,187,63937,63937,1.5480895887724802,10,0.23707244511060718,0.004741448902212144,0.10185288569409298,6.003877822093274,1.7039273487568816,3.204407732628851,10,"{""0"": 0.000885880096418883, ""1"": 0.0008709005730743001, ""2"": 0.009322115371456066, ""3"": 0.0010479030022168894, ""4"": 0.013530693882936984, ""5"": 0.002791200487169744}"
primary,400,p0.40,nan,1.0,1,0.4,159.60000000000002,159.8425,130,187,63937,63937,1.5480895887724802,20,0.17369090310838542,0.003473818062167709,0.48242603536575734,7.772400323614855,1.6724097035253083,2.8469497257950227,6,"{""0"": 0.004256951820840356, ""1"": 0.0018112706173386342, ""2"": 0.0003794589306911968, ""3"": 0.011981051857622271, ""4"": 0.0020637948002729988, ""5"": 0.0003503803462407952}"
primary,400,p0.40,nan,1.0,1,0.4,159.60000000000002,159.8425,130,187,63937,63937,1.5480895887724802,30,0.12003972188121355,0.0024007944376242714,0.09515833493183537,8.80541672958855,1.7093895630484108,2.9330908818892234,6,"{""0"": 0.0035879723568340216, ""1"": 0.0009849337344771153, ""2"": 0.00015443375649482174, ""3"": 0.000739244937337468, ""4"": 0.008742878604869974, ""5"": 0.00019530323573222817}"
primary,400,p0.40,nan,1.0,1,0.4,159.60000000000002,159.8425,130,187,63937,63937,1.5480895887724802,40,0.08665661567629142,0.0017331323135258286,0.09677854006208389,9.62841979192911,1.7507680577439053,2.957419589969683,7,"{""0"": 0.0015967896202399915, ""1"": 0.0015606122156122783, ""2"": 0.00016328970308000348, ""3"": 0.0004172003113555926, ""4"": 0.006447801821402348, ""5"": 0.00021310020946475853}"
primary,400,p0.40,nan,1.0,1,0.4,159.60000000000002,159.8425,130,187,63937,63937,1.5480895887724802,50,0.05585903418729126,0.0011171806837458253,0.09005170119623897,10.004152425783959,1.755387180321204,2.9947916008946747,7,"{""0"": 0.0011636336593364143, ""1"": 0.0018247786913711632, ""2"": 0.00013964714944402545, ""3"": 0.0002897056146999387, ""4"": 0.0030644569011656535, ""5"": 0.00022086208645775746}"
primary,400,p0.40,nan,1.0,1,0.4,159.60000000000002,159.8425,130,187,63937,63937,1.5480895887724802,60,0.055606909193014066,0.0011121381838602815,0.03150751451594494,10.357849017197179,1.7580447003845072,2.978996085127355,7,"{""0"": 0.00158819619109924, ""1"": 0.0007341113229324001, ""2"": 0.00012330068881566498, ""3"": 0.0003680550406431701, ""4"": 0.003547162740513845, ""5"": 0.0003120031191573702}"
primary,400,p0.40,nan,1.0,1,0.4,159.60000000000002,159.8425,130,187,63937,63937,1.5480895887724802,70,0.04415011505711639,0.0008830023011423279,0.08877268175597942,10.611036908843774,1.7667755662029652,2.9892044717086708,7,"{""0"": 0.0009272988972883727, ""1"": 0.0011571614882519288, ""2"": 0.0001363715648702993, ""3"": 0.00038663109323927087, ""4"": 0.0023831389819229864, ""5"": 0.00030741178128110947}"
primary,400,p0.40,nan,1.0,1,0.4,159.60000000000002,159.8425,130,187,63937,63937,1.5480895887724802,80,0.030294414735362835,0.0006058882947072568,0.0839892210769913,10.907062801815362,1.7787018498242226,2.996554036608243,7,"{""0"": 0.0004806930474246898, ""1"": 0.000573485131970786, ""2"": 0.00015486692973371588, ""3"": 0.0003259704457018694, ""4"": 0.0016681764046490763, ""5"": 0.00043213780876340344}"
primary,400,p0.40,nan,1.0,1,0.4,159.60000000000002,159.8425,130,187,63937,63937,1.5480895887724802,90,0.024690465481893152,0.0004938093096378631,0.04758515364895309,11.189585442035826,1.7883461797702571,2.990434960939385,7,"{""0"": 0.00043028351895172193, ""1"": 0.0006145860507439523, ""2"": 0.00013372450524009623, ""3"": 0.00024470545373114034, ""4"": 0.0010894713831122072, ""5"": 0.0004500849460480607}"
primary,400,p0.40,nan,1.0,1,0.4,159.60000000000002,159.8425,130,187,63937,63937,1.5480895887724802,100,0.020997444696348233,0.00041994889392696474,0.06074731576397249,11.536310320189415,1.7815564545367855,2.9798569478943486,7,"{""0"": 0.00020028967416857611, ""1"": 0.000779341928607473, ""2"": 0.00016342442091920212, ""3"": 0.00023933443618921122, ""4"": 0.0005692507341090513, ""5"": 0.0005680521695682747}"
primary,400,p0.40,nan,1.0,1,0.4,159.60000000000002,159.8425,130,187,63937,63937,1.5480895887724802,110,0.021178781919404432,0.00042357563838808874,0.0885872292207885,11.753710958888616,1.8007882979578638,2.9657548277791204,7,"{""0"": 0.00018210843448431067, ""1"": 0.0008538979345919216, ""2"": 0.0001950369373945934, ""3"": 0.0002108660958811379, ""4"": 0.0004611654053942421, ""5"": 0.0006383790225823265}"
primary,400,p0.40,nan,1.0,1,0.4,159.60000000000002,159.8425,130,187,63937,63937,1.5480895887724802,120,0.018650333542197153,0.0003730066708439431,0.07875891039650226,11.920472284470986,1.8247689765602795,2.9577574058034966,6,"{""0"": 0.00018508536565274786, ""1"": 0.000858327699127136, ""2"": 0.00015862808915300547, ""3"": 0.0002106047767135397, ""4"": 0.00032751117789266967, ""5"": 0.0004978829165245598}"
primary,400,p0.40,nan,1.0,1,0.4,159.60000000000002,159.8425,130,187,63937,63937,1.5480895887724802,130,0.016942014652428134,0.0003388402930485627,0.10643335967906094,12.094033679776533,1.8303364095618175,2.9524243434932766,6,"{""0"": 0.00019214146432218628, ""1"": 0.0006690981906324567, ""2"": 0.00015464539369301026, ""3"": 0.0002027908016953805, ""4"": 0.00033578783699081426, ""5"": 0.00047857807095752855}"
primary,400,p0.40,nan,1.0,1,0.4,159.60000000000002,159.8425,130,187,63937,63937,1.5480895887724802,140,0.019108837933458918,0.00038217675866917845,0.05807779084120159,12.250147022741203,1.8384711548767485,2.9509881432619474,6,"{""0"": 0.00019227433886197113, ""1"": 0.0006389152435859107, ""2"": 0.00015601867336949675, ""3"": 0.00021683610738559787, ""4"": 0.0003062121748209997, ""5"": 0.0007828040139910942}"
primary,400,p0.40,nan,1.0,1,0.4,159.60000000000002,159.8425,130,187,63937,63937,1.5480895887724802,150,0.016425450582124353,0.0003285090116424871,0.15732337865075363,12.371315037161624,1.842943377804541,2.9463615299912167,6,"{""0"": 0.00019200365864656372, ""1"": 0.0004873055661297767, ""2"": 0.00015354929865146402, ""3"": 0.00021575749443008933, ""4"": 0.00023210162056643897, ""5"": 0.0006903364314305899}"
primary,400,p0.40,nan,1.0,1,0.4,159.60000000000002,159.8425,130,187,63937,63937,1.5480895887724802,160,0.01535340156740628,0.00030706803134812567,0.04336195091485824,12.517969486534081,1.8425135489633295,2.9415586537878817,6,"{""0"": 0.00017435285314242017, ""1"": 0.000370344969409864, ""2"": 0.00013165552054761104, ""3"": 0.0002286223600471452, ""4"": 0.00019525264661715948, ""5"": 0.0007421798383245541}"
primary,400,p0.40,nan,1.0,1,0.4,159.60000000000002,159.8425,130,187,63937,63937,1.5480895887724802,170,0.01583656638620903,0.00031673132772418064,0.07929984962243238,12.668901554737023,1.8482774657827632,2.943542117663938,6,"{""0"": 0.00018206328267756364, ""1"": 0.0003971642211397494, ""2"": 0.00012420611677524174, ""3"": 0.00021217771082524534, ""4"": 0.0001885314708365916, ""5"": 0.000796245164090692}"
primary,400,p0.40,nan,1.0,1,0.4,159.60000000000002,159.8425,130,187,63937,63937,1.5480895887724802,180,0.012364665425096554,0.00024729330850193113,0.4576842853066823,12.878296524829404,1.8628688728530278,2.933482173249582,6,"{""0"": 0.00017200073498424939, ""1"": 0.00032969829652161007, ""2"": 0.00010594567508135009, ""3"": 0.00017548806012071481, ""4"": 0.00022383337225618006, ""5"": 0.0004767937120474821}"
primary,400,p0.40,nan,1.0,1,0.4,159.60000000000002,159.8425,130,187,63937,63937,1.5480895887724802,190,0.012270641424099686,0.00024541282848199376,0.05646629867770599,12.98302522742752,1.8666788841418451,2.932498059928194,6,"{""0"": 0.00017243091242236694, ""1"": 0.00031553988987175716, ""2"": 0.00010314985520241371, ""3"": 0.000181559908697668, ""4"": 0.00020768294054849314, ""5"": 0.0004921134641492637}"
primary,400,p0.40,nan,1.0,1,0.4,159.60000000000002,159.8425,130,187,63937,63937,1.5480895887724802,200,0.011600160171206643,0.0002320032034241329,0.03606407450773062,13.072602346372202,1.8741383180894216,2.9315812980921416,6,"{""0"": 0.00017657734912197506, ""1"": 0.0003224391716799292, ""2"": 0.00010082277403669716, ""3"": 0.0001768198083391518, ""4"": 0.00021107088512970865, ""5"": 0.0004042892322373354}"
primary,400,p0.05,nan,1.0,2,0.05,19.950000000000003,19.8525,10,34,7941,7941,1.539817009852031,0,1.0167047185352434,0.02033409437070487,nan,0.0,1.539817009852031,13.125304588046426,23,"{""0"": 0.019242316741342868, ""1"": 0.020497372958444567, ""2"": 0.019293522485144123, ""3"": 0.020870430978380643, ""4"": 0.020613249241522934, ""5"": 0.021487673819394083}"
primary,400,p0.05,nan,1.0,2,0.05,19.950000000000003,19.8525,10,34,7941,7941,1.539817009852031,10,0.7184089660583342,0.014368179321166684,1.8366449709140578,12.452177417712042,1.8307416686105067,3.54503219563141,14,"{""0"": 0.005686368478206546, ""1"": 0.0028268881551777023, ""2"": 0.020358206451710128, ""3"": 0.0039554284145062665, ""4"": 0.0022523079134042457, ""5"": 0.05112987651399522}"
primary,400,p0.05,nan,1.0,2,0.05,19.950000000000003,19.8525,10,34,7941,7941,1.539817009852031,20,0.24192805859151723,0.004838561171830345,4.593110302660641,13.583957328519551,1.8015990011426093,3.334155583998379,13,"{""0"": 0.009091995048055353, ""1"": 0.002622637691061902, ""2"": 0.0028462703684282342, ""3"": 0.0023052080727392517, ""4"": 0.0013904262788075495, ""5"": 0.010774829571889778}"
primary,400,p0.05,nan,1.0,2,0.05,19.950000000000003,19.8525,10,34,7941,7941,1.539817009852031,30,0.17296961356504817,0.0034593922713009643,0.7707673625765387,14.212148071438397,1.7808674543968235,3.154707942788197,12,"{""0"": 0.010193860486835456, ""1"": 0.0018403013885985252, ""2"": 0.001555352942100617, ""3"": 0.003183721771361199, ""4"": 0.0018700308791264621, ""5"": 0.002113086159783526}"
primary,400,p0.05,nan,1.0,2,0.05,19.950000000000003,19.8525,10,34,7941,7941,1.539817009852031,40,0.17123168710122408,0.003424633742024482,0.41146712329590673,14.626940215469105,1.782315862000738,3.1059629365659682,11,"{""0"": 0.01102889772442065, ""1"": 0.0013185845901523435, ""2"": 0.0012512240146609296, ""3"": 0.004154704280317288, ""4"": 0.0011419293752415692, ""5"": 0.0016524624673541137}"
primary,400,p0.05,nan,1.0,2,0.05,19.950000000000003,19.8525,10,34,7941,7941,1.539817009852031,50,0.15419501586004547,0.0030839003172009097,1.0407975285312214,14.664549961777235,1.8033850014585553,3.315561619468264,11,"{""0"": 0.005932469630182525, ""1"": 0.001235662433231225, ""2"": 0.001730512825493586, ""3"": 0.00636853729076157, ""4"": 0.0008388386527041954, ""5"": 0.0023973810708323544}"
primary,400,p0.05,nan,1.0,2,0.05,19.950000000000003,19.8525,10,34,7941,7941,1.539817009852031,60,0.11005573526460843,0.002201114705292169,2.8416997599862275,14.81349735999081,1.783708372016692,3.2730237284164634,11,"{""0"": 0.00440025888119618, ""1"": 0.001404120020842849, ""2"": 0.0017558034002783459, ""3"": 0.0024201276133682414, ""4"": 0.000976799167408002, ""5"": 0.002249579148659397}"
primary,400,p0.05,nan,1.0,2,0.05,19.950000000000003,19.8525,10,34,7941,7941,1.539817009852031,70,0.12030781452341933,0.002406156290468387,1.2462743502586795,15.056085803616304,1.7726226914044474,3.3671886523691974,11,"{""0"": 0.004602165089253403, ""1"": 0.0009425887687480106, ""2"": 0.0019618617965257183, ""3"": 0.0037503826130770523, ""4"": 0.0009801322403900188, ""5"": 0.0021998072348161195}"
primary,400,p0.05,nan,1.0,2,0.05,19.950000000000003,19.8525,10,34,7941,7941,1.539817009852031,80,0.11107819624819458,0.0022215639249638917,0.6602145582275826,15.268263449269407,1.8016179289747336,3.3558560808972415,11,"{""0"": 0.0049400507948820695, ""1"": 0.0008038032797032562, ""2"": 0.0019861057539704648, ""3"": 0.003090954721605392, ""4"": 0.000865649531357664, ""5"": 0.0016428194682645042}"
primary,400,p0.05,nan,1.0,2,0.05,19.950000000000003,19.8525,10,34,7941,7941,1.539817009852031,90,0.10127501008010535,0.0020255002016021074,0.14653972225449094,15.402394723304674,1.7868211761511354,3.417283652468081,11,"{""0"": 0.003355878159408095, ""1"": 0.0008377531110363221, ""2"": 0.002071287161836769, ""3"": 0.003248850403845071, ""4"": 0.0008169079987639966, ""5"": 0.0018223243747223933}"
primary,400,p0.05,nan,1.0,2,0.05,19.950000000000003,19.8525,10,34,7941,7941,1.539817009852031,100,0.11488258632743653,0.002297651726548731,0.4521286066954431,15.531278347158198,1.7357474316467536,3.5234653704999417,12,"{""0"": 0.0017769268146033122, ""1"": 0.0008895734908747847, ""2"": 0.003347525553771985, ""3"": 0.004320063699983162, ""4"": 0.0008715277699925521, ""5"": 0.00258029303006659}"
primary,400,p0.05,nan,1.0,2,0.05,19.950000000000003,19.8525,10,34,7941,7941,1.539817009852031,110,0.11647844056473877,0.002329568811294776,1.9963527092152415,15.61414906294708,1.7556542245149989,3.518873444562989,12,"{""0"": 0.0017135992856633056, ""1"": 0.0008886791271916564, ""2"": 0.0033236979483816215, ""3"": 0.004587118953543249, ""4"": 0.000847449938040995, ""5"": 0.0026168676149478285}"
primary,400,p0.05,nan,1.0,2,0.05,19.950000000000003,19.8525,10,34,7941,7941,1.539817009852031,120,0.09693183092347073,0.0019386366184694149,1.2307459368513394,15.721458457649012,1.7806209152496737,3.5479864049465926,12,"{""0"": 0.001703710378188993, ""1"": 0.0009755630409200026, ""2"": 0.0028060359795713473, ""3"": 0.0026224796568341813, ""4"": 0.0010087044667358726, ""5"": 0.002515326188566092}"
primary,400,p0.05,nan,1.0,2,0.05,19.950000000000003,19.8525,10,34,7941,7941,1.539817009852031,130,0.09463868700860727,0.0018927737401721455,2.3882339645218913,15.776573153102104,1.7980364904925283,3.546617348610448,12,"{""0"": 0.0015777087933248185, ""1"": 0.0010398557086235608, ""2"": 0.0024183330792918343, ""3"": 0.003055978734898697, ""4"": 0.0010186259402140722, ""5"": 0.002246140184679889}"
primary,400,p0.05,nan,1.0,2,0.05,19.950000000000003,19.8525,10,34,7941,7941,1.539817009852031,140,0.08514783767986911,0.0017029567535973825,0.39834033243642136,15.861314367218489,1.8070356455969956,3.5297577977161505,12,"{""0"": 0.0015731839056070795, ""1"": 0.0011417599927462502, ""2"": 0.0019811663855149866, ""3"": 0.002525539766265418, ""4"": 0.0010094526461239296, ""5"": 0.0019866378253266285}"
primary,400,p0.05,nan,1.0,2,0.05,19.950000000000003,19.8525,10,34,7941,7941,1.539817009852031,150,0.08105582690259708,0.001621116538051942,0.42112384172996925,15.905791059835225,1.8137438619294481,3.4893146976226403,12,"{""0"": 0.0018591368115066648, ""1"": 0.0011066667360709434, ""2"": 0.0014801897874993403, ""3"": 0.002625171102969976, ""4"": 0.0010462071394101262, ""5"": 0.0016093276508546}"
primary,400,p0.05,nan,1.0,2,0.05,19.950000000000003,19.8525,10,34,7941,7941,1.539817009852031,160,0.08148363805487749,0.00162967276109755,1.3109459519767355,15.944992500659353,1.818324273054352,3.475773755640336,12,"{""0"": 0.0018441174529008487, ""1"": 0.0011332815046268773, ""2"": 0.0012714676405839883, ""3"": 0.0030564599873252663, ""4"": 0.0009684004015473116, ""5"": 0.0015043095796010073}"
primary,400,p0.05,nan,1.0,2,0.05,19.950000000000003,19.8525,10,34,7941,7941,1.539817009852031,170,0.07649359532797771,0.0015298719065595546,0.10645801703171981,16.029633085043915,1.809325005640959,3.470847122717959,12,"{""0"": 0.0016991109777333784, ""1"": 0.0012133607463972007, ""2"": 0.0013711677008186652, ""3"": 0.002064394907339903, ""4"": 0.0011291672419032788, ""5"": 0.001702029865164901}"
primary,400,p0.05,nan,1.0,2,0.05,19.950000000000003,19.8525,10,34,7941,7941,1.539817009852031,180,0.07893147399553686,0.0015786294799107375,5.709270976353885,16.10142110805692,1.8114937545874816,3.466912900215186,12,"{""0"": 0.0017839672980164728, ""1"": 0.0012563979126180842, ""2"": 0.001299115101076012, ""3"": 0.002368817380990468, ""4"": 0.0010526073658398854, ""5"": 0.0017108718209235033}"
primary,400,p0.05,nan,1.0,2,0.05,19.950000000000003,19.8525,10,34,7941,7941,1.539817009852031,190,0.07407504894622499,0.0014815009789245,0.6306222901170905,16.130723005470312,1.8138695005508645,3.419787473798815,12,"{""0"": 0.0019144561324813687, ""1"": 0.0012562780022518662, ""2"": 0.0010565482410135104, ""3"": 0.001955067748984639, ""4"": 0.001041360726462982, ""5"": 0.0016652950223526336}"
primary,400,p0.05,nan,1.0,2,0.05,19.950000000000003,19.8525,10,34,7941,7941,1.539817009852031,200,0.07098482137550868,0.0014196964275101738,1.7904868972773031,16.209613346420518,1.8210540928717511,3.4158326647770494,12,"{""0"": 0.001874360478193171, ""1"": 0.0011489225025625729, ""2"": 0.00101027863543581, ""3"": 0.0016146891286488124, ""4"": 0.0011209152717119712, ""5"": 0.001749012548508705}"
primary,400,p0.10,nan,1.0,2,0.1,39.900000000000006,39.95,25,63,15980,15980,1.5416054203913498,0,0.9264616697917755,0.018529233395835513,nan,0.0,1.5416054203913498,13.031241070254369,23,"{""0"": 0.018834267909464415, ""1"": 0.019234962549298327, ""2"": 0.01986046059423968, ""3"": 0.018164005418986516, ""4"": 0.016969684316433174, ""5"": 0.018112019586590956}"
primary,400,p0.10,nan,1.0,2,0.1,39.900000000000006,39.95,25,63,15980,15980,1.5416054203913498,10,0.4883541414369667,0.009767082828739336,0.23899090403214465,7.886734114805878,1.7012089099249503,3.4351882695743776,11,"{""0"": 0.004129707335711285, ""1"": 0.010602616275146862, ""2"": 0.010411513534066252, ""3"": 0.004026309459454808, ""4"": 0.0006502170188270723, ""5"": 0.028782133349229733}"
primary,400,p0.10,nan,1.0,2,0.1,39.900000000000006,39.95,25,63,15980,15980,1.5416054203913498,20,0.18184760540980324,0.003636952108196065,0.15590561484474275,9.46762980205627,1.7509288319242202,3.17107850228523,8,"{""0"": 0.0016095879438369736, ""1"": 0.008870806679241552, ""2"": 0.004969743130339504, ""3"": 0.004968342630817051, ""4"": 0.0005765065706312157, ""5"": 0.0008267256943100893}"
primary,400,p0.10,nan,1.0,2,0.1,39.900000000000006,39.95,25,63,15980,15980,1.5416054203913498,30,0.08024894692942584,0.001604978938588517,0.12097269061533475,10.396210737504727,1.719686870538549,3.0701657121249113,7,"{""0"": 0.0011782745483884902, ""1"": 0.0009543339090582942, ""2"": 0.0012426829257953752, ""3"": 0.005149239294138504, ""4"": 0.0005196047115922332, ""5"": 0.0005857382425582048}"
primary,400,p0.10,nan,1.0,2,0.1,39.900000000000006,39.95,25,63,15980,15980,1.5416054203913498,40,0.05464572603650378,0.0010929145207300758,0.08980125883354706,10.643454431915018,1.7214614224395246,3.0859237971936597,7,"{""0"": 0.0006631233275211307, ""1"": 0.0008469983582882711, ""2"": 0.0006365959801465579, ""3"": 0.0034368744582526935, ""4"": 0.00043779454475975974, ""5"": 0.0005361004554120406}"
primary,400,p0.10,nan,1.0,2,0.1,39.900000000000006,39.95,25,63,15980,15980,1.5416054203913498,50,0.049970720000066506,0.0009994144000013301,0.5220814625906515,10.895976619356286,1.7256142076954062,3.0703114415151043,7,"{""0"": 0.0005247131505094581, ""1"": 0.0005936109886280959, ""2"": 0.000605229757149578, ""3"": 0.0032324498124561203, ""4"": 0.0004065416867381138, ""5"": 0.0006339410045266157}"
primary,400,p0.10,nan,1.0,2,0.1,39.900000000000006,39.95,25,63,15980,15980,1.5416054203913498,60,0.04627289340306179,0.0009254578680612359,0.24916176711624285,11.148777150242967,1.7332967971420261,3.0612773489189826,7,"{""0"": 0.00047287191200678935, ""1"": 0.0005865030420247127, ""2"": 0.0005318915677239886, ""3"": 0.0030742992428559957, ""4"": 0.00040931134442426275, ""5"": 0.00047787009933166586}"
primary,400,p0.10,nan,1.0,2,0.1,39.900000000000006,39.95,25,63,15980,15980,1.5416054203913498,70,0.043818929723059105,0.0008763785944611822,0.06461314316487422,11.443992112932149,1.7330188269335827,3.0687097119545763,7,"{""0"": 0.0004462727409488742, ""1"": 0.0004650314340014216, ""2"": 0.00048307720062722604, ""3"": 0.003002693787199112, ""4"": 0.00036396076097292517, ""5"": 0.000497235643017534}"
primary,400,p0.10,nan,1.0,2,0.1,39.900000000000006,39.95,25,63,15980,15980,1.5416054203913498,80,0.04304831751534359,0.000860966350306872,0.08874962579973293,11.554834728607782,1.7317545587266827,3.06222588266577,7,"{""0"": 0.0004261359782394995, ""1"": 0.0004409421726386976, ""2"": 0.0005046248222388362, ""3"": 0.002985274464948719, ""4"": 0.00033601719010751434, ""5"": 0.00047280347366796503}"
primary,400,p0.10,nan,1.0,2,0.1,39.900000000000006,39.95,25,63,15980,15980,1.5416054203913498,90,0.03868656470343886,0.0007737312940687773,0.17896139408780115,11.70940352154084,1.7334037602615582,3.0736903627185415,7,"{""0"": 0.0003937389944617733, ""1"": 0.0004496699150379229, ""2"": 0.0004653378856578221, ""3"": 0.0025854892583046522, ""4"": 0.0002794010096322512, ""5"": 0.0004687507013182415}"
primary,400,p0.10,nan,1.0,2,0.1,39.900000000000006,39.95,25,63,15980,15980,1.5416054203913498,100,0.035679240072453704,0.0007135848014490742,0.15135644316363311,11.85786180449885,1.7367722064495053,3.0818741386312647,7,"{""0"": 0.00034406654696340206, ""1"": 0.0004308214038017108, ""2"": 0.0005066412398327922, ""3"": 0.0023108793749076753, ""4"": 0.00029152464000448467, ""5"": 0.00039757560318437956}"
primary,400,p0.10,nan,1.0,2,0.1,39.900000000000006,39.95,25,63,15980,15980,1.5416054203913498,110,0.019724537886645452,0.00039449075773290913,0.28020378238784244,11.985349890610014,1.724490559005898,3.099837913483671,7,"{""0"": 0.00031194890422547676, ""1"": 0.0004191380562142022, ""2"": 0.000537600056947148, ""3"": 0.0004150907765278009, ""4"": 0.00028932609067814106, ""5"": 0.00039384066180468534}"
primary,400,p0.10,nan,1.0,2,0.1,39.900000000000006,39.95,25,63,15980,15980,1.5416054203913498,120,0.019234262610361125,0.0003846852522072225,0.10680673766629345,12.099748502881198,1.7226084272022697,3.095061231063697,7,"{""0"": 0.00030291996442707267, ""1"": 0.0004673576849709649, ""2"": 0.00046025337429337465, ""3"": 0.00038608041984487037, ""4"": 0.000293991371948602, ""5"": 0.00039750869775845055}"
primary,400,p0.10,nan,1.0,2,0.1,39.900000000000006,39.95,25,63,15980,15980,1.5416054203913498,130,0.01855019441619628,0.00037100388832392566,0.21332402879713558,12.190775635032537,1.724713678967083,3.0899595300868503,7,"{""0"": 0.0002896167931983936, ""1"": 0.0004517972933081602, ""2"": 0.0004397382879534329, ""3"": 0.0003655806878944155, ""4"": 0.0002910616825581521, ""5"": 0.0003882285850309997}"
primary,400,p0.10,nan,1.0,2,0.1,39.900000000000006,39.95,25,63,15980,15980,1.5416054203913498,140,0.01795174114068943,0.0003590348228137886,0.6443658879962914,12.270310565433169,1.729560077519779,3.0883795426391183,7,"{""0"": 0.00028139693760782455, ""1"": 0.0004586414556786675, ""2"": 0.0004328600234530285, ""3"": 0.0003547022647340268, ""4"": 0.0002664196800823447, ""5"": 0.0003601885753268397}"
primary,400,p0.10,nan,1.0,2,0.1,39.900000000000006,39.95,25,63,15980,15980,1.5416054203913498,150,0.01747619766298299,0.0003495239532596598,0.06599127918335203,12.32096607922556,1.7288858486850092,3.080409841804291,7,"{""0"": 0.00028902649792556786, ""1"": 0.00043235507478219594, ""2"": 0.0004099330896723148, ""3"": 0.00035534786304393785, ""4"": 0.00026978126094676357, ""5"": 0.0003406999331871787}"
primary,400,p0.10,nan,1.0,2,0.1,39.900000000000006,39.95,25,63,15980,15980,1.5416054203913498,160,0.017531134240577038,0.0003506226848115408,0.055617151352927996,12.39593263726838,1.7301123019539006,3.079723433853774,7,"{""0"": 0.00028628876956840026, ""1"": 0.0004327855382332699, ""2"": 0.0004052615356533452, ""3"": 0.00035971715964620203, ""4"": 0.00028791888950396296, ""5"": 0.0003317642162640643}"
primary,400,p0.10,nan,1.0,2,0.1,39.900000000000006,39.95,25,63,15980,15980,1.5416054203913498,170,0.017875005072337653,0.00035750010144675314,0.025798314364138566,12.554407695240636,1.7151187885918677,3.0914996412054148,7,"{""0"": 0.00027664979192797633, ""1"": 0.00044926774054768003, ""2"": 0.0004679462441501926, ""3"": 0.0003365706917985686, ""4"": 0.00030181880213978735, ""5"": 0.00031274733811631397}"
primary,400,p0.10,nan,1.0,2,0.1,39.900000000000006,39.95,25,63,15980,15980,1.5416054203913498,180,0.01790653016546653,0.0003581306033093306,0.15804612359494088,12.603048991016545,1.7126451837133363,3.0941909428273986,7,"{""0"": 0.0002781652780544961, ""1"": 0.00045420927771676274, ""2"": 0.00043972291881794493, ""3"": 0.0003539229693151781, ""4"": 0.0003069025169757429, ""5"": 0.00031586065897585896}"
primary,400,p0.10,nan,1.0,2,0.1,39.900000000000006,39.95,25,63,15980,15980,1.5416054203913498,190,0.017883519764166366,0.0003576703952833274,0.4914890550885667,12.651255763770079,1.7118075621953448,3.0911507350848146,7,"{""0"": 0.0002727085572194764, ""1"": 0.00045220114294631006, ""2"": 0.00043245684516582665, ""3"": 0.0003611071860848704, ""4"": 0.00030926071895177106, ""5"": 0.00031828792133170976}"
primary,400,p0.10,nan,1.0,2,0.1,39.900000000000006,39.95,25,63,15980,15980,1.5416054203913498,200,0.017946479447684776,0.0003589295889536955,0.21362927159903794,12.729427038692906,1.7124167893171447,3.087390423263658,7,"{""0"": 0.00027065389384410234, ""1"": 0.00045512860543442813, ""2"": 0.0003976046256154695, ""3"": 0.00037618618877561133, ""4"": 0.0003288588543396384, ""5"": 0.0003251453657129237}"
primary,400,p0.20,nan,1.0,2,0.2,79.80000000000001,79.8775,59,102,31951,31951,1.5437900968340132,0,0.9924932918818484,0.01984986583763697,nan,0.0,1.5437900968340132,9.610760777908576,22,"{""0"": 0.01811172482529009, ""1"": 0.02262514022247569, ""2"": 0.018902256413255818, ""3"": 0.019410801674127696, ""4"": 0.020732247676925424, ""5"": 0.019317024213747112}"
primary,400,p0.20,nan,1.0,2,0.2,79.80000000000001,79.8775,59,102,31951,31951,1.5437900968340132,10,0.35770653873780733,0.007154130774756148,0.25192826852081673,6.23644352803935,1.8199279658539802,2.967428291762659,8,"{""0"": 0.0009061938842121451, ""1"": 0.0074586495395022765, ""2"": 0.005843184911954792, ""3"": 0.001950158609603608, ""4"": 0.00020375245928625413, ""5"": 0.026562845243977812}"
primary,400,p0.20,nan,1.0,2,0.2,79.80000000000001,79.8775,59,102,31951,31951,1.5437900968340132,20,0.05952859244923386,0.0011905718489846771,0.15794344273703267,7.424723973127511,1.7906805511228288,2.934039228500737,5,"{""0"": 0.0006307791052018999, ""1"": 0.0014313940497521973, ""2"": 0.0003674035646470201, ""3"": 0.001152996235969855, ""4"": 0.00021340743192946283, ""5"": 0.003347450706407628}"
primary,400,p0.20,nan,1.0,2,0.2,79.80000000000001,79.8775,59,102,31951,31951,1.5437900968340132,30,0.048577483277872195,0.0009715496655574441,0.06895127838183339,8.460735037549805,1.8200288854451006,2.862208578732508,5,"{""0"": 0.001645855328494154, ""1"": 0.0010668571141771064, ""2"": 0.0003005759710578868, ""3"": 0.002194785534465666, ""4"": 0.0001828217798152277, ""5"": 0.00043840226533462423}"
primary,400,p0.20,nan,1.0,2,0.2,79.80000000000001,79.8775,59,102,31951,31951,1.5437900968340132,40,0.04078537392684548,0.0008157074785369097,0.056323576091155174,8.918962683587042,1.8275380917798125,2.8699238771934352,5,"{""0"": 0.0018865792672742407, ""1"": 0.0011198434416407324, ""2"": 0.00022679298344384724, ""3"": 0.001083563913120892, ""4"": 0.0001797897917062575, ""5"": 0.0003976754740354886}"
primary,400,p0.20,nan,1.0,2,0.2,79.80000000000001,79.8775,59,102,31951,31951,1.5437900968340132,50,0.033413591819813133,0.0006682718363962627,0.09619742767079076,9.25127053993425,1.8345986600140536,2.861572969531028,5,"{""0"": 0.001454360533921051, ""1"": 0.0009556962142138921, ""2"": 0.00026726472679317953, ""3"": 0.0008465288175403197, ""4"": 0.00014810244427606835, ""5"": 0.0003376782816330665}"
primary,400,p0.20,nan,1.0,2,0.2,79.80000000000001,79.8775,59,102,31951,31951,1.5437900968340132,60,0.022303123729830596,0.00044606247459661196,0.07671703445218278,9.652931998170361,1.8535022987217635,2.8457024903140185,5,"{""0"": 0.00045461445944176544, ""1"": 0.0007571329158152654, ""2"": 0.00024297041422942925, ""3"": 0.000761866358888536, ""4"": 0.00015577413768145745, ""5"": 0.00030401656152321795}"
primary,400,p0.20,nan,1.0,2,0.2,79.80000000000001,79.8775,59,102,31951,31951,1.5437900968340132,70,0.01942204502066317,0.00038844090041326347,0.11730650153685984,9.906194290522826,1.8536562866557253,2.8344506784080306,5,"{""0"": 0.0004266201203831451, ""1"": 0.0004944061582298342, ""2"": 0.0002297239256753362, ""3"": 0.0007358134147495367, ""4"": 0.00014706494407665935, ""5"": 0.00029701683936506957}"
primary,400,p0.20,nan,1.0,2,0.2,79.80000000000001,79.8775,59,102,31951,31951,1.5437900968340132,80,0.02085915945438187,0.0004171831890876375,0.04942455737273845,10.099664111444985,1.853991454969798,2.834491337434683,5,"{""0"": 0.0004420206707987639, ""1"": 0.00045036155676934605, ""2"": 0.00024077766956393846, ""3"": 0.0008996750393761044, ""4"": 0.000150860630791377, ""5"": 0.00031940356722629534}"
primary,400,p0.20,nan,1.0,2,0.2,79.80000000000001,79.8775,59,102,31951,31951,1.5437900968340132,90,0.020431265039343227,0.0004086253007868646,0.1262761739852555,10.3366524848736,1.853873746836515,2.8264487262805056,5,"{""0"": 0.00037627638690600196, ""1"": 0.0003990257770815649, ""2"": 0.00028177129197598527, ""3"": 0.0009814648103542468, ""4"": 0.00013711854416442867, ""5"": 0.0002760949942389601}"
primary,400,p0.20,nan,1.0,2,0.2,79.80000000000001,79.8775,59,102,31951,31951,1.5437900968340132,100,0.01899282977495397,0.0003798565954990794,0.04930303963039823,10.50587156477796,1.8510713420714109,2.8321335723166583,5,"{""0"": 0.00040849929049108235, ""1"": 0.0003962647225173651, ""2"": 0.0002841229819949229, ""3"": 0.0007958934216297627, ""4"": 0.00013182614335831102, ""5"": 0.00026253301300303226}"
primary,400,p0.20,nan,1.0,2,0.2,79.80000000000001,79.8775,59,102,31951,31951,1.5437900968340132,110,0.018736401751780627,0.00037472803503561255,0.031861914049633365,10.621212762375183,1.8526244656954693,2.8338710144840022,4,"{""0"": 0.0003869123903779676, ""1"": 0.00040016900133692365, ""2"": 0.0002603366262391271, ""3"": 0.0008150542130855086, ""4"": 0.0001172993569885661, ""5"": 0.0002685966221855825}"
primary,400,p0.20,nan,1.0,2,0.2,79.80000000000001,79.8775,59,102,31951,31951,1.5437900968340132,120,0.018116976065894137,0.0003623395213178828,0.27612059089539726,10.731872946957969,1.856234829638781,2.8308628496288404,4,"{""0"": 0.0003736744840300007, ""1"": 0.00038320415190751185, ""2"": 0.0002657389211789668, ""3"": 0.00078656382232119, ""4"": 0.00011787195666373587, ""5"": 0.0002469837918058914}"
primary,400,p0.20,nan,1.0,2,0.2,79.80000000000001,79.8775,59,102,31951,31951,1.5437900968340132,130,0.017938965035372338,0.0003587793007074468,0.05626665800151774,10.827017270596693,1.858270549336345,2.822193675967159,4,"{""0"": 0.0003893992828432482, ""1"": 0.00036187219995104135, ""2"": 0.00023412893911644713, ""3"": 0.0008110471016715897, ""4"": 0.00011149994301537804, ""5"": 0.0002447283376469763}"
primary,400,p0.20,nan,1.0,2,0.2,79.80000000000001,79.8775,59,102,31951,31951,1.5437900968340132,140,0.017144529919267078,0.0003428905983853416,0.03407795242677124,10.92416845686744,1.8580402653707584,2.822609784538866,4,"{""0"": 0.0003798844999911216, ""1"": 0.0003601179647780119, ""2"": 0.00022113560532136057, ""3"": 0.0007381760322529846, ""4"": 0.00011339143163199984, ""5"": 0.0002446380563365711}"
primary,400,p0.20,nan,1.0,2,0.2,79.80000000000001,79.8775,59,102,31951,31951,1.5437900968340132,150,0.017612317930927605,0.00035224635861855213,0.8435941229540767,11.074285676604866,1.8566485998333349,2.8226537239161513,4,"{""0"": 0.0003964963675491333, ""1"": 0.00039216538919388115, ""2"": 0.00020682852039560735, ""3"": 0.0007663200889908191, ""4"": 0.00011581040030340931, ""5"": 0.00023585738527846242}"
primary,400,p0.20,nan,1.0,2,0.2,79.80000000000001,79.8775,59,102,31951,31951,1.5437900968340132,160,0.017352800405474742,0.0003470560081094949,0.07964813553227018,11.164094046446253,1.8571899441364588,2.822849962115134,4,"{""0"": 0.0003553072188370148, ""1"": 0.00039543101607416735, ""2"": 0.0002061797761533186, ""3"": 0.0007856311506586101, ""4"": 0.00011530361191824168, ""5"": 0.00022448327501561704}"
primary,400,p0.20,nan,1.0,2,0.2,79.80000000000001,79.8775,59,102,31951,31951,1.5437900968340132,170,0.016992095243468744,0.0003398419048693749,0.11653597044777486,11.301905992279732,1.847424863643679,2.8352171212405506,4,"{""0"": 0.00038663394596591714, ""1"": 0.00043721318477856, ""2"": 0.00019689436701831486, ""3"": 0.0006936846181275914, ""4"": 0.00011579496658777818, ""5"": 0.00020883034673808789}"
primary,400,p0.20,nan,1.0,2,0.2,79.80000000000001,79.8775,59,102,31951,31951,1.5437900968340132,180,0.01603354502424603,0.0003206709004849206,0.07948116496357004,11.414712967271441,1.8445689599701136,2.832667922010917,4,"{""0"": 0.00039257100774664835, ""1"": 0.00040782118897221613, ""2"": 0.00018619160038752108, ""3"": 0.0006313349569794813, ""4"": 0.00010562559967755934, ""5"": 0.00020048104914609731}"
primary,400,p0.20,nan,1.0,2,0.2,79.80000000000001,79.8775,59,102,31951,31951,1.5437900968340132,190,0.015683015637394253,0.0003136603127478851,0.0958982182097743,11.480261237329083,1.841877038180317,2.8295922637548356,4,"{""0"": 0.0003699810084472711, ""1"": 0.000429430785161918, ""2"": 0.00017863343125898142, ""3"": 0.0006016994059060588, ""4"": 0.00010277230468518268, ""5"": 0.00019944494102789857}"
primary,400,p0.20,nan,1.0,2,0.2,79.80000000000001,79.8775,59,102,31951,31951,1.5437900968340132,200,0.016069348278316277,0.0003213869655663256,0.02455060269432078,11.619049590735944,1.8446921606861941,2.83170564125569,4,"{""0"": 0.0004005467151277641, ""1"": 0.0004554091575526381, ""2"": 0.00017918465378882935, ""3"": 0.0005781135365604644, ""4"": 0.00010448839672505037, ""5"": 0.00021057933364320726}"
primary,400,p0.40,nan,1.0,2,0.4,159.60000000000002,159.52,137,189,63808,63808,1.55835847114161,0,1.0222805935488006,0.020445611870976012,nan,0.0,1.55835847114161,12.247221242377963,23,"{""0"": 0.02158809141283214, ""1"": 0.019452373788091053, ""2"": 0.022308662613691962, ""3"": 0.02126724678546132, ""4"": 0.020162222654044416, ""5"": 0.01789507397173518}"
primary,400,p0.40,nan,1.0,2,0.4,159.60000000000002,159.52,137,189,63808,63808,1.55835847114161,10,0.5645717805988527,0.011291435611977055,0.06637266408780987,5.488158503106797,1.7760215173539011,2.6680860992089843,8,"{""0"": 0.0005151507753329475, ""1"": 0.0016833210728627198, ""2"": 0.01134837624189088, ""3"": 0.0005701911837885764, ""4"": 0.0003825636232368264, ""5"": 0.05324901077475038}"
primary,400,p0.40,nan,1.0,2,0.4,159.60000000000002,159.52,137,189,63808,63808,1.55835847114161,20,0.036455213875582655,0.0007291042775116533,0.14646799299765306,7.344353854089349,1.7762777410825423,2.980170654034507,7,"{""0"": 0.00028757349378812807, ""1"": 0.0010628384722081007, ""2"": 0.0005449022935351182, ""3"": 0.0004870770501219583, ""4"": 0.0006404783990391257, ""5"": 0.0013517559563774885}"
primary,400,p0.40,nan,1.0,2,0.4,159.60000000000002,159.52,137,189,63808,63808,1.55835847114161,30,0.05265843083252214,0.0010531686166504429,0.08299604802668388,8.298567258569555,1.7820090380331919,2.981457646891046,6,"{""0"": 0.00030948847733419476, ""1"": 0.0003020719972292589, ""2"": 0.00022960088986360348, ""3"": 0.00029394477514147735, ""4"": 0.0028608275015539696, ""5"": 0.002323078058780153}"
primary,400,p0.40,nan,1.0,2,0.4,159.60000000000002,159.52,137,189,63808,63808,1.55835847114161,40,0.0334707140190616,0.000669414280381232,0.19904455016274225,8.836007870021119,1.7704149612188589,2.9862564460993855,7,"{""0"": 0.00033927976687967316, ""1"": 0.0002643174421815568, ""2"": 0.00035311120987916063, ""3"": 0.0002984085966406946, ""4"": 0.001307700606195288, ""5"": 0.0014536680605110185}"
primary,400,p0.40,nan,1.0,2,0.4,159.60000000000002,159.52,137,189,63808,63808,1.55835847114161,50,0.021532792847559438,0.00043065585695118883,0.06106949940494172,9.301930192151573,1.76420475487939,2.951335548106485,6,"{""0"": 0.00034912833049127024, ""1"": 0.00023775408707117613, ""2"": 0.00026432884716524137, ""3"": 0.00027283481886208145, ""4"": 0.0003371528172576565, ""5"": 0.0011227362408597072}"
primary,400,p0.40,nan,1.0,2,0.4,159.60000000000002,159.52,137,189,63808,63808,1.55835847114161,60,0.029677120965534858,0.0005935424193106972,0.054953918215656934,9.721777245644667,1.7444004682045353,2.9763005666415063,6,"{""0"": 0.0003567491260775487, ""1"": 0.00021086696792417498, ""2"": 0.00017125776408571776, ""3"": 0.00024061683291155014, ""4"": 0.0011007944697687168, ""5"": 0.0014809693550964756}"
primary,400,p0.40,nan,1.0,2,0.4,159.60000000000002,159.52,137,189,63808,63808,1.55835847114161,70,0.02614601748508918,0.0005229203497017838,0.07003033795501847,10.06729118122757,1.7416675999702904,2.956038696935707,6,"{""0"": 0.0003410667118142019, ""1"": 0.00018303265628363949, ""2"": 0.00015796555511315052, ""3"": 0.00022389793186873656, ""4"": 0.0005463481720163196, ""5"": 0.0016852110711146541}"
primary,400,p0.40,nan,1.0,2,0.4,159.60000000000002,159.52,137,189,63808,63808,1.55835847114161,80,0.014177806220280644,0.00028355612440561295,0.19805485849582766,10.375404139475847,1.7584248395092703,2.910181622275776,6,"{""0"": 0.00028975463245847945, ""1"": 0.00020665494121150456, ""2"": 0.0001609487478223022, ""3"": 0.00022219823169531945, ""4"": 0.0004717956638051481, ""5"": 0.0003499845294409239}"
primary,400,p0.40,nan,1.0,2,0.4,159.60000000000002,159.52,137,189,63808,63808,1.55835847114161,90,0.011642658348506042,0.00023285316697012088,0.217278963935942,10.606877046240697,1.7654645347216826,2.897547899050911,5,"{""0"": 0.00023818360488289783, ""1"": 0.00021060994791097408, ""2"": 0.00012504028171387557, ""3"": 0.00018784389497563907, ""4"": 0.0002866584392020606, ""5"": 0.00034878283313527806}"
primary,400,p0.40,nan,1.0,2,0.4,159.60000000000002,159.52,137,189,63808,63808,1.55835847114161,100,0.010601091808178663,0.00021202183616357329,0.08653114172321062,11.028081564388536,1.7758437311394089,2.8930301294278786,5,"{""0"": 0.00023428101249108445, ""1"": 0.00016986294211039334, ""2"": 0.00012918771845791668, ""3"": 0.00019203236416411127, ""4"": 0.0001965406807299399, ""5"": 0.0003502262990279943}"
primary,400,p0.40,nan,1.0,2,0.4,159.60000000000002,159.52,137,189,63808,63808,1.55835847114161,110,0.01078389456693907,0.00021567789133878143,0.184214557481961,11.262928126159284,1.7821849659198579,2.8933340678007284,5,"{""0"": 0.000259222422333444, ""1"": 0.00018749371878363442, ""2"": 0.00013217395246057745, ""3"": 0.00016637928573774282, ""4"": 0.0001524994672473914, ""5"": 0.0003962985014698985}"
primary,400,p0.40,nan,1.0,2,0.4,159.60000000000002,159.52,137,189,63808,63808,1.55835847114161,120,0.011313738753178586,0.00022627477506357172,0.19571370992814607,11.51075391118824,1.7844968736019142,2.896254717182962,5,"{""0"": 0.00026675839520361145, ""1"": 0.0001804966085614112, ""2"": 0.0001282332936226133, ""3"": 0.0001653458261775801, ""4"": 0.0001486646035340699, ""5"": 0.0004681499232821444}"
primary,400,p0.40,nan,1.0,2,0.4,159.60000000000002,159.52,137,189,63808,63808,1.55835847114161,130,0.01044513000894118,0.00020890260017882362,0.0583787968862918,11.845876708733103,1.781829574219836,2.9058769660665438,5,"{""0"": 0.00027351527121208366, ""1"": 0.00016786256935365787, ""2"": 0.00011563984998448253, ""3"": 0.00017826438814026193, ""4"": 0.0001813271743608211, ""5"": 0.00033680634802163477}"
primary,400,p0.40,nan,1.0,2,0.4,159.60000000000002,159.52,137,189,63808,63808,1.55835847114161,140,0.010785911357107731,0.00021571822714215464,0.13812288355016006,11.966991147356284,1.7847871969078661,2.905626229225434,5,"{""0"": 0.0002765603972949705, ""1"": 0.0001597929610650443, ""2"": 0.00010860123090227352, ""3"": 0.00016750753794283685, ""4"": 0.0002273454057703797, ""5"": 0.0003545018298774231}"
primary,400,p0.40,nan,1.0,2,0.4,159.60000000000002,159.52,137,189,63808,63808,1.55835847114161,150,0.010004313722783029,0.0002000862744556606,0.0934904909742391,12.173957538837431,1.7771217713397087,2.8970408843508344,5,"{""0"": 0.00026672510887917444, ""1"": 0.00014237578196802698, ""2"": 0.00010948121098998742, ""3"": 0.00017128555353649715, ""4"": 0.00019996996490335078, ""5"": 0.0003106800264569269}"
primary,400,p0.40,nan,1.0,2,0.4,159.60000000000002,159.52,137,189,63808,63808,1.55835847114161,160,0.009484711067827443,0.00018969422135654888,0.03847617984893511,12.350967250251902,1.7798808991858563,2.895483350145607,5,"{""0"": 0.00026498489407448254, ""1"": 0.0001440487245713865, ""2"": 0.00010168640832073508, ""3"": 0.00016838834661610575, ""4"": 0.00018299859306339223, ""5"": 0.0002760583614931912}"
primary,400,p0.40,nan,1.0,2,0.4,159.60000000000002,159.52,137,189,63808,63808,1.55835847114161,170,0.009754283978380624,0.0001950856795676125,0.10022926980664633,12.452048822597254,1.786088573260116,2.901881569223722,5,"{""0"": 0.0002629973269679277, ""1"": 0.00013953687753459127, ""2"": 0.00010521960804019156, ""3"": 0.00015613806399513265, ""4"": 0.00019211987308466146, ""5"": 0.00031450232778317043}"
primary,400,p0.40,nan,1.0,2,0.4,159.60000000000002,159.52,137,189,63808,63808,1.55835847114161,180,0.010276826666800338,0.0002055365333360068,0.037272614136144126,12.636772164550667,1.7854056956054554,2.901506247992876,5,"{""0"": 0.0002819988027537185, ""1"": 0.0001337236130073051, ""2"": 0.00010730714959216088, ""3"": 0.00016053159095913953, ""4"": 0.00015811985329861983, ""5"": 0.0003915381904050968}"
primary,400,p0.40,nan,1.0,2,0.4,159.60000000000002,159.52,137,189,63808,63808,1.55835847114161,190,0.009200066166971292,0.00018400132333942586,0.13142187809200484,12.777537098890104,1.7833790237463947,2.9002051281801235,5,"{""0"": 0.00026540199491094374, ""1"": 0.00012863882056004194, ""2"": 0.00010051785932408235, ""3"": 0.0001583944689919416, ""4"": 0.0001646208674217406, ""5"": 0.0002864339288278051}"
primary,400,p0.40,nan,1.0,2,0.4,159.60000000000002,159.52,137,189,63808,63808,1.55835847114161,200,0.009236226592714957,0.00018472453185429917,0.058795412660019676,12.908388434263015,1.7839099478810214,2.9051023045322726,5,"{""0"": 0.00028613699722134227, ""1"": 0.00012628185060592126, ""2"": 0.00010362204447769523, ""3"": 0.0001569485407885093, ""4"": 0.0001588320815222296, ""5"": 0.00027652567651009736}"
primary,400,p0.05,nan,1.0,3,0.05,19.950000000000003,20.1375,8,33,8055,8055,1.5526209614502817,0,0.9688344809415868,0.01937668961883174,nan,0.0,1.5526209614502817,6.856377278515536,20,"{""0"": 0.020933571149368797, ""1"": 0.021640038903603172, ""2"": 0.019121379101825528, ""3"": 0.015247242676223363, ""4"": 0.020856618157431665, ""5"": 0.018461287724537916}"
primary,400,p0.05,nan,1.0,3,0.05,19.950000000000003,20.1375,8,33,8055,8055,1.5526209614502817,10,0.2319999710745851,0.004639999421491702,0.875019751431095,11.632823163123748,1.74303041792516,3.3116221587486363,12,"{""0"": 0.0005231653810701514, ""1"": 0.012553690872196002, ""2"": 0.005455306365680585, ""3"": 0.0010204981613211655, ""4"": 0.0035824734750267385, ""5"": 0.004704862273655574}"
primary,400,p0.05,nan,1.0,3,0.05,19.950000000000003,20.1375,8,33,8055,8055,1.5526209614502817,20,0.13170790034197163,0.002634158006839433,1.2442331259663102,13.020133378452948,1.7574604377875547,3.603143212369415,12,"{""0"": 0.001527431909817483, ""1"": 0.003691236051144882, ""2"": 0.005164955350949593, ""3"": 0.0012648017055969965, ""4"": 0.002998045873715681, ""5"": 0.001158477149811961}"
primary,400,p0.05,nan,1.0,3,0.05,19.950000000000003,20.1375,8,33,8055,8055,1.5526209614502817,30,0.10156065393154994,0.002031213078630999,0.46590617704076565,13.553235986991607,1.739186807885328,3.6453427144456207,12,"{""0"": 0.0016341027582754623, ""1"": 0.0028667023397658167, ""2"": 0.0019505915920415347, ""3"": 0.001427608165750719, ""4"": 0.00213714668304067, ""5"": 0.002171126932911791}"
primary,400,p0.05,nan,1.0,3,0.05,19.950000000000003,20.1375,8,33,8055,8055,1.5526209614502817,40,0.08849314777232078,0.0017698629554464159,0.27503615269778203,13.88534438176284,1.7461157125306122,3.5663552647793426,11,"{""0"": 0.003060234107840124, ""1"": 0.0030018208392487587, ""2"": 0.0012593834344149586, ""3"": 0.0009542951737443784, ""4"": 0.0015077393109353032, ""5"": 0.000835704866494972}"
primary,400,p0.05,nan,1.0,3,0.05,19.950000000000003,20.1375,8,33,8055,8055,1.5526209614502817,50,0.0818360260591909,0.0016367205211838183,1.0217420376957635,14.182501585434704,1.7272570704876151,3.514709752029303,11,"{""0"": 0.0020538553173843625, ""1"": 0.004085110449576041, ""2"": 0.001122481118975848, ""3"": 0.0007165624331826978, ""4"": 0.0012260234339210884, ""5"": 0.0006162903740628731}"
primary,400,p0.05,nan,1.0,3,0.05,19.950000000000003,20.1375,8,33,8055,8055,1.5526209614502817,60,0.07380477405786355,0.0014760954811572713,4.429373405939344,14.516387227793452,1.734053342670436,3.601046192168773,12,"{""0"": 0.0024335328730841358, ""1"": 0.002295275811563988, ""2"": 0.0017248776983420603, ""3"": 0.0006114076133545356, ""4"": 0.0009368008538597455, ""5"": 0.0008546780367391617}"
primary,400,p0.05,nan,1.0,3,0.05,19.950000000000003,20.1375,8,33,8055,8055,1.5526209614502817,70,0.07626249666990377,0.0015252499333980756,0.15871085272441784,14.691193695377647,1.7393478612080029,3.626345570439595,12,"{""0"": 0.002843400058227173, ""1"": 0.001739957800351023, ""2"": 0.002046858528920963, ""3"": 0.0007049165619385492, ""4"": 0.000858449102263544, ""5"": 0.0009579175486872024}"
primary,400,p0.05,nan,1.0,3,0.05,19.950000000000003,20.1375,8,33,8055,8055,1.5526209614502817,80,0.08194984255271401,0.0016389968510542804,0.44339052896142256,14.837920882348893,1.7419210950652244,3.614558289971697,12,"{""0"": 0.0026234705798118714, ""1"": 0.001562139574176212, ""2"": 0.003114247933151487, ""3"": 0.0006859242680916424, ""4"": 0.0008837291904001054, ""5"": 0.0009644695606943643}"
primary,400,p0.05,nan,1.0,3,0.05,19.950000000000003,20.1375,8,33,8055,8055,1.5526209614502817,90,0.06940689193181403,0.0013881378386362809,0.4993918770265211,14.994795900210393,1.74461265449827,3.6264375307833956,12,"{""0"": 0.00218043832134479, ""1"": 0.001476225133955339, ""2"": 0.00208022481828424, ""3"": 0.0007868518377975294, ""4"": 0.000922986026834282, ""5"": 0.0008821008936015036}"
primary,400,p0.05,nan,1.0,3,0.05,19.950000000000003,20.1375,8,33,8055,8055,1.5526209614502817,100,0.06145524733211794,0.001229104946642359,0.6195590164228763,15.07635426199906,1.7560453839957322,3.579417148439122,11,"{""0"": 0.0019796070533988587, ""1"": 0.0016881004708150249, ""2"": 0.0012748566168733154, ""3"": 0.0008296635009612906, ""4"": 0.0009487553921227514, ""5"": 0.0006536466456829128}"
primary,400,p0.05,nan,1.0,3,0.05,19.950000000000003,20.1375,8,33,8055,8055,1.5526209614502817,110,0.059015678328178695,0.0011803135665635742,0.8799433288103553,15.167089643079091,1.7587967707314536,3.56165431048648,11,"{""0"": 0.002041325799919323, ""1"": 0.0015588613438733588, ""2"": 0.001109741978733997, ""3"": 0.0007831883132828552, ""4"": 0.0009735591040989823, ""5"": 0.0006152048594729273}"
primary,400,p0.05,nan,1.0,3,0.05,19.950000000000003,20.1375,8,33,8055,8055,1.5526209614502817,120,0.05900719096859761,0.0011801438193719523,0.23062663323661484,15.219086031632377,1.757864290630817,3.569238342986923,11,"{""0"": 0.002022311130738779, ""1"": 0.0014299050508396424, ""2"": 0.0012277958476585495, ""3"": 0.0006546354519575113, ""4"": 0.0009867074440293886, ""5"": 0.0007595079910078426}"
primary,400,p0.05,nan,1.0,3,0.05,19.950000000000003,20.1375,8,33,8055,8055,1.5526209614502817,130,0.06728573821974881,0.0013457147643949764,0.0857353360969772,15.306118865183866,1.7583827168920187,3.598132263844262,12,"{""0"": 0.0027484897108010086, ""1"": 0.001429668606346439, ""2"": 0.0012494933102509503, ""3"": 0.000832344241173814, ""4"": 0.0009234127114199428, ""5"": 0.0008908800063777037}"
primary,400,p0.05,nan,1.0,3,0.05,19.950000000000003,20.1375,8,33,8055,8055,1.5526209614502817,140,0.06319360668968571,0.0012638721337937145,0.36544191186934794,15.388274430411123,1.7600271503427518,3.595986486815299,11,"{""0"": 0.002302460166874337, ""1"": 0.0013426000501993312, ""2"": 0.0012124653562771497, ""3"": 0.0007611374810024459, ""4"": 0.0009404325169806892, ""5"": 0.0010241372314283331}"
primary,400,p0.05,nan,1.0,3,0.05,19.950000000000003,20.1375,8,33,8055,8055,1.5526209614502817,150,0.060893266463756195,0.001217865329275124,1.1063934847622465,15.484177350757694,1.75637248534224,3.5977593930198566,11,"{""0"": 0.0019553720254121545, ""1"": 0.0012973689661739435, ""2"": 0.0010716580807013632, ""3"": 0.0007662881446337178, ""4"": 0.0009956062924952596, ""5"": 0.001220898466234306}"
primary,400,p0.05,nan,1.0,3,0.05,19.950000000000003,20.1375,8,33,8055,8055,1.5526209614502817,160,0.06239825134086658,0.0012479650268173317,0.24641639072679675,15.542118748732696,1.7553118461832509,3.598182331018318,11,"{""0"": 0.0019330038537241218, ""1"": 0.0012502289470521044, ""2"": 0.0010285743836741636, ""3"": 0.0007836852799475869, ""4"": 0.0010134333504200818, ""5"": 0.0014788643460859334}"
primary,400,p0.05,nan,1.0,3,0.05,19.950000000000003,20.1375,8,33,8055,8055,1.5526209614502817,170,0.0639423752228521,0.001278847504457042,3.070463157419418,15.595122002055376,1.7600296115411003,3.5917508000656744,11,"{""0"": 0.0018226421949168743, ""1"": 0.0013283417605701605, ""2"": 0.0008661607672262705, ""3"": 0.0008755339471536927, ""4"": 0.0010671354081159446, ""5"": 0.0017132709487593094}"
primary,400,p0.05,nan,1.0,3,0.05,19.950000000000003,20.1375,8,33,8055,8055,1.5526209614502817,180,0.05805349246942426,0.0011610698493884854,0.4745857742829213,15.666785623007746,1.7636318691562272,3.560754128942558,11,"{""0"": 0.0019259185414675617, ""1"": 0.0013443331958807863, ""2"": 0.0007701896005363098, ""3"": 0.0009168507594232999, ""4"": 0.001004756193628491, ""5"": 0.001004370805394463}"
primary,400,p0.05,nan,1.0,3,0.05,19.950000000000003,20.1375,8,33,8055,8055,1.5526209614502817,190,0.05272036754182112,0.0010544073508364225,1.3364911655032414,15.744565010144331,1.7642340794779663,3.5437759760526277,11,"{""0"": 0.0015755594090679317, ""1"": 0.0013450559817163046, ""2"": 0.0007390247187139444, ""3"": 0.0008810290049025713, ""4"": 0.0009745940659479577, ""5"": 0.0008111809246698256}"
primary,400,p0.05,nan,1.0,3,0.05,19.950000000000003,20.1375,8,33,8055,8055,1.5526209614502817,200,0.05380861406403383,0.0010761722812806767,1.568623698998908,15.80207043855307,1.7624086542807362,3.542377637790588,11,"{""0"": 0.0018008338660479325, ""1"": 0.0012500509362059786, ""2"": 0.0007316029064204487, ""3"": 0.0009420733013075497, ""4"": 0.0009037219613614696, ""5"": 0.0008287507163406815}"
primary,400,p0.10,nan,1.0,3,0.1,39.900000000000006,40.0925,22,57,16037,16037,1.5492535461487391,0,1.0278681557044058,0.02055736311408812,nan,0.0,1.5492535461487391,9.829273403276348,23,"{""0"": 0.020212033373298313, ""1"": 0.02199258076319382, ""2"": 0.021906956259489394, ""3"": 0.01928700042022574, ""4"": 0.019036549982717147, ""5"": 0.020909057885604303}"
primary,400,p0.10,nan,1.0,3,0.1,39.900000000000006,40.0925,22,57,16037,16037,1.5492535461487391,10,0.34596618779763044,0.006919323755952609,0.293365115249032,9.850576784578175,1.6647816240435571,3.230596114684798,11,"{""0"": 0.003974938265803312, ""1"": 0.006951452707794908, ""2"": 0.007846592266699265, ""3"": 0.0009211745074097617, ""4"": 0.014463549032744638, ""5"": 0.007358235755263782}"
primary,400,p0.10,nan,1.0,3,0.1,39.900000000000006,40.0925,22,57,16037,16037,1.5492535461487391,20,0.2075859706333393,0.004151719412666787,0.07156546261350888,11.88185693493544,1.691985494122842,3.3367574413761156,10,"{""0"": 0.0065169728727507755, ""1"": 0.0014641126416480169, ""2"": 0.0031476587107642008, ""3"": 0.004551708530186966, ""4"": 0.008328273100672457, ""5"": 0.000901590619978304}"
primary,400,p0.10,nan,1.0,3,0.1,39.900000000000006,40.0925,22,57,16037,16037,1.5492535461487391,30,0.16679507186942383,0.0033359014373884766,0.4311166300311927,12.357923368104318,1.6671396441028279,3.202219975432328,9,"{""0"": 0.004093576777544667, ""1"": 0.00046814266732154346, ""2"": 0.0007221341952127374, ""3"": 0.004464087938984705, ""4"": 0.00946400904844527, ""5"": 0.0008034579968219374}"
primary,400,p0.10,nan,1.0,3,0.1,39.900000000000006,40.0925,22,57,16037,16037,1.5492535461487391,40,0.14025496604882298,0.0028050993209764604,0.16895821222586546,12.94123002702003,1.6952868168065665,3.121250358536905,9,"{""0"": 0.008199664352423341, ""1"": 0.0006202467016668695, ""2"": 0.0005132803166585616, ""3"": 0.005586501505902095, ""4"": 0.001365973522144343, ""5"": 0.0005449295270635503}"
primary,400,p0.10,nan,1.0,3,0.1,39.900000000000006,40.0925,22,57,16037,16037,1.5492535461487391,50,0.16551163699898666,0.0033102327399797335,0.13435190892143564,13.258494369732936,1.7259378662398865,3.0243835038895615,8,"{""0"": 0.008723362514976893, ""1"": 0.00069501118336102, ""2"": 0.0004496434719050447, ""3"": 0.005991760628049803, ""4"": 0.003534190665724849, ""5"": 0.00046742797586079297}"
primary,400,p0.10,nan,1.0,3,0.1,39.900000000000006,40.0925,22,57,16037,16037,1.5492535461487391,60,0.11420657883090797,0.0022841315766181595,0.11748721328510324,13.457525288584472,1.7419738165439844,3.0862763819356465,8,"{""0"": 0.006735075948172268, ""1"": 0.0004648066990150776, ""2"": 0.0004517755931430334, ""3"": 0.0025115219096431803, ""4"": 0.003075136800586055, ""5"": 0.00046647250914934584}"
primary,400,p0.10,nan,1.0,3,0.1,39.900000000000006,40.0925,22,57,16037,16037,1.5492535461487391,70,0.0845879047471735,0.0016917580949434702,0.0905976032343251,13.591867254151246,1.753734337970974,3.08388338153274,7,"{""0"": 0.004471425513851713, ""1"": 0.0002476380302102598, ""2"": 0.0005295116695990932, ""3"": 0.0009585929248776126, ""4"": 0.0032621478885581723, ""5"": 0.00068123254256397}"
primary,400,p0.10,nan,1.0,3,0.1,39.900000000000006,40.0925,22,57,16037,16037,1.5492535461487391,80,0.0586428581033357,0.001172857162066714,0.5400875539530573,13.811584725694779,1.752944059552894,3.0831580583577893,7,"{""0"": 0.0034240387965992535, ""1"": 0.0002487309257643906, ""2"": 0.0007238084012781856, ""3"": 0.0008787105527319767, ""4"": 0.0010249226333224491, ""5"": 0.0007369316627040285}"
primary,400,p0.10,nan,1.0,3,0.1,39.900000000000006,40.0925,22,57,16037,16037,1.5492535461487391,90,0.04933480287739816,0.0009866960575479634,0.04142986564446746,13.935170402629518,1.7536752474937083,3.076744750772864,7,"{""0"": 0.002564355783856662, ""1"": 0.00026289375246102263, ""2"": 0.0006936295611590173, ""3"": 0.0005868491569708899, ""4"": 0.000981815494169741, ""5"": 0.0008306325966704478}"
primary,400,p0.10,nan,1.0,3,0.1,39.900000000000006,40.0925,22,57,16037,16037,1.5492535461487391,100,0.04667151346088145,0.0009334302692176292,0.5816767853088581,14.044309822450076,1.739059154234204,3.0512919266278224,7,"{""0"": 0.0027448842822928865, ""1"": 0.00024146680569494668, ""2"": 0.0004981651542943152, ""3"": 0.000586425991681956, ""4"": 0.000851635212690866, ""5"": 0.0006780041686508035}"
primary,400,p0.10,nan,1.0,3,0.1,39.900000000000006,40.0925,22,57,16037,16037,1.5492535461487391,110,0.04860565834374019,0.0009721131668748039,0.3204808141027271,14.142913981838808,1.741922420730185,3.0379903808796245,7,"{""0"": 0.0031349140315679513, ""1"": 0.0002100307985812783, ""2"": 0.00045055710429133574, ""3"": 0.0005921612402816418, ""4"": 0.0008480277698841392, ""5"": 0.0005969880566424783}"
primary,400,p0.10,nan,1.0,3,0.1,39.900000000000006,40.0925,22,57,16037,16037,1.5492535461487391,120,0.040931689611598245,0.000818633792231965,1.058157638466548,14.312409847987537,1.725867182931093,3.0415559558533207,7,"{""0"": 0.002268402560554645, ""1"": 0.00018779007333889834, ""2"": 0.000435699800425238, ""3"": 0.0005082903280102088, ""4"": 0.0008899360526835976, ""5"": 0.0006216839383792018}"
primary,400,p0.10,nan,1.0,3,0.1,39.900000000000006,40.0925,22,57,16037,16037,1.5492535461487391,130,0.040644675621878505,0.0008128935124375702,0.1476425346317534,14.4599921231569,1.7338993618963539,3.0233985983375304,7,"{""0"": 0.0026200555287532075, ""1"": 0.00020296923817650418, ""2"": 0.0004245320295791317, ""3"": 0.0004773376295852276, ""4"": 0.0005738065243713042, ""5"": 0.0005786601241600456}"
primary,400,p0.10,nan,1.0,3,0.1,39.900000000000006,40.0925,22,57,16037,16037,1.5492535461487391,140,0.0399122374369552,0.0007982447487391041,0.537921278488098,14.529406264365889,1.7368020539711573,3.0126335543372402,7,"{""0"": 0.002646547864413278, ""1"": 0.0001709430428381783, ""2"": 0.0003791401203207266, ""3"": 0.00046640681398335017, ""4"": 0.0005972064188568706, ""5"": 0.0005292242320222214}"
primary,400,p0.10,nan,1.0,3,0.1,39.900000000000006,40.0925,22,57,16037,16037,1.5492535461487391,150,0.03956597946104289,0.0007913195892208579,0.48990824217177903,14.621330704067745,1.7386793533029588,3.009420551450806,7,"{""0"": 0.0026345144935820118, ""1"": 0.00016820488549150012, ""2"": 0.00037048593584364627, ""3"": 0.0004442578358193509, ""4"": 0.0006139586670377822, ""5"": 0.0005164957175508559}"
primary,400,p0.10,nan,1.0,3,0.1,39.900000000000006,40.0925,22,57,16037,16037,1.5492535461487391,160,0.04129509014354249,0.00082590180287085,0.1672900943833198,14.661055351800437,1.7714126971324484,3.008505187282422,7,"{""0"": 0.002873048987944029, ""1"": 0.0001650080432030352, ""2"": 0.00034792023872881275, ""3"": 0.00047058917230110534, ""4"": 0.0005989063981849512, ""5"": 0.000499937976863165}"
primary,400,p0.10,nan,1.0,3,0.1,39.900000000000006,40.0925,22,57,16037,16037,1.5492535461487391,170,0.039667274112089604,0.0007933454822417922,0.20526878895248313,14.740605050066407,1.7772046485792343,3.0140100406971486,7,"{""0"": 0.0026805851670528486, ""1"": 0.00015813980977009843, ""2"": 0.0003202156442973329, ""3"": 0.00047774328130527333, ""4"": 0.0006375425311859528, ""5"": 0.00048584645983924693}"
primary,400,p0.10,nan,1.0,3,0.1,39.900000000000006,40.0925,22,57,16037,16037,1.5492535461487391,180,0.03913489904166312,0.0007826979808332625,0.14225414501424619,14.820171548061673,1.77446669596407,3.009667519347314,7,"{""0"": 0.0026778905365745535, ""1"": 0.00017624321423434383, ""2"": 0.00031177090014288124, ""3"": 0.00045342619231167406, ""4"": 0.0006275235450306082, ""5"": 0.00044933349670551526}"
primary,400,p0.10,nan,1.0,3,0.1,39.900000000000006,40.0925,22,57,16037,16037,1.5492535461487391,190,0.03847699643988455,0.0007695399287976912,0.5137579276641866,14.875325369101752,1.7737975414220195,3.009760846815219,7,"{""0"": 0.0026469657947424657, ""1"": 0.00018047876475925842, ""2"": 0.00029588948412095743, ""3"": 0.00045192339481954746, ""4"": 0.0006359153318755082, ""5"": 0.00040606680246841036}"
primary,400,p0.10,nan,1.0,3,0.1,39.900000000000006,40.0925,22,57,16037,16037,1.5492535461487391,200,0.03652167137544007,0.0007304334275088014,0.5016012856369574,14.9012758365998,1.7766292679072804,2.9998451328011893,6,"{""0"": 0.002515053220430935, ""1"": 0.00015346351736237517, ""2"": 0.0002927642086566075, ""3"": 0.00044215830947532336, ""4"": 0.0005803081496370155, ""5"": 0.0003988531594905525}"
primary,400,p0.20,nan,1.0,3,0.2,79.80000000000001,80.025,60,105,32010,32010,1.535981458542534,0,1.0517050437898745,0.021034100875797494,nan,0.0,1.535981458542534,6.070331087608064,21,"{""0"": 0.019300252527324237, ""1"": 0.020479273233962973, ""2"": 0.022858966237702383, ""3"": 0.022146320982947117, ""4"": 0.02093659234166296, ""5"": 0.020483199931185293}"
primary,400,p0.20,nan,1.0,3,0.2,79.80000000000001,80.025,60,105,32010,32010,1.535981458542534,10,0.2598306673599278,0.005196613347198557,0.1312369225970382,7.584129308640865,1.7848117180733225,3.091194904376411,7,"{""0"": 0.0038413919897739373, ""1"": 0.007212375660556701, ""2"": 0.0011517686555243658, ""3"": 0.004233233200996479, ""4"": 0.005597306227240558, ""5"": 0.009143604349099308}"
primary,400,p0.20,nan,1.0,3,0.2,79.80000000000001,80.025,60,105,32010,32010,1.535981458542534,20,0.21457198614150685,0.004291439722830138,0.061195337566368996,9.529396787842801,1.792724454337321,2.9509223540686267,7,"{""0"": 0.0006047062853975386, ""1"": 0.006852060463638512, ""2"": 0.0010799120193808146, ""3"": 0.0045843806735559765, ""4"": 0.009713943699812114, ""5"": 0.002913635195195874}"
primary,400,p0.20,nan,1.0,3,0.2,79.80000000000001,80.025,60,105,32010,32010,1.535981458542534,30,0.1478544707573122,0.0029570894151462446,0.48628759965203416,10.391807387469127,1.7917833112089476,2.954757891993598,6,"{""0"": 0.0003040749697115925, ""1"": 0.0016593685599221454, ""2"": 0.00025069245890058133, ""3"": 0.005372045398249218, ""4"": 0.008609628077386567, ""5"": 0.0015467270267073637}"
primary,400,p0.20,nan,1.0,3,0.2,79.80000000000001,80.025,60,105,32010,32010,1.535981458542534,40,0.0922704593715571,0.0018454091874311423,0.16406010667520332,11.033688684062653,1.7714155814988024,2.9475210530773537,6,"{""0"": 0.00022463854920278496, ""1"": 0.0036447735953309386, ""2"": 0.00016561600094674905, ""3"": 0.002476019418158253, ""4"": 0.0034584859300793316, ""5"": 0.001102921630868796}"
primary,400,p0.20,nan,1.0,3,0.2,79.80000000000001,80.025,60,105,32010,32010,1.535981458542534,50,0.08618107798401095,0.001723621559680219,0.04804006037797385,11.417662162006048,1.7728278935292838,2.9285712519672886,5,"{""0"": 0.00026360518640105, ""1"": 0.004115675941294543, ""2"": 0.0001260504493566527, ""3"": 0.0028403799251469465, ""4"": 0.0024860386759947874, ""5"": 0.0005099791798873326}"
primary,400,p0.20,nan,1.0,3,0.2,79.80000000000001,80.025,60,105,32010,32010,1.535981458542534,60,0.06945319602947672,0.0013890639205895346,0.5373928600382725,11.874115145944613,1.748728671604607,2.8941156318218697,5,"{""0"": 0.000170918250412451, ""1"": 0.0035032523222499187, ""2"": 0.000134024228044405, ""3"": 0.0002585619047695575, ""4"": 0.0038153348926900066, ""5"": 0.0004522919253708675}"
primary,400,p0.20,nan,1.0,3,0.2,79.80000000000001,80.025,60,105,32010,32010,1.535981458542534,70,0.047815428877800416,0.0009563085775560085,0.19314991400876608,12.093357243457376,1.7502257837078934,2.902021122167769,5,"{""0"": 0.00016852885899500033, ""1"": 0.0006903419875330842, ""2"": 0.0001210084343190322, ""3"": 0.00024897231169047473, ""4"": 0.004080225548597648, ""5"": 0.00042877432420081115}"
primary,400,p0.20,nan,1.0,3,0.2,79.80000000000001,80.025,60,105,32010,32010,1.535981458542534,80,0.05090180995229923,0.0010180361990459847,0.1999051010153705,12.29762601753289,1.7269666182926289,2.908844732238899,5,"{""0"": 0.00015753830653346618, ""1"": 0.0016658658878932729, ""2"": 0.00012183011677386708, ""3"": 0.00023414381018928157, ""4"": 0.0034926234304206946, ""5"": 0.0004362156424653258}"
primary,400,p0.20,nan,1.0,3,0.2,79.80000000000001,80.025,60,105,32010,32010,1.535981458542534,90,0.05289910282647771,0.0010579820565295543,0.06289009791358667,12.45052952438816,1.7275366555226899,2.8997153786557277,5,"{""0"": 0.0001341774017738921, ""1"": 0.0020658571634559184, ""2"": 0.00011251817617715442, ""3"": 0.00024098765148927677, ""4"": 0.0033809001963840306, ""5"": 0.00041345174989705565}"
primary,400,p0.20,nan,1.0,3,0.2,79.80000000000001,80.025,60,105,32010,32010,1.535981458542534,100,0.049783002431510945,0.000995660048630219,0.09618204783898873,12.564301713864772,1.7241758928787978,2.897665872819208,5,"{""0"": 0.0001442555817049547, ""1"": 0.0016140684388446195, ""2"": 0.00010375256104317868, ""3"": 0.00022278688312044243, ""4"": 0.003467951353570325, ""5"": 0.0004211454734977944}"
primary,400,p0.20,nan,1.0,3,0.2,79.80000000000001,80.025,60,105,32010,32010,1.535981458542534,110,0.03589307933107544,0.0007178615866215088,0.05809403117302267,12.706989092913483,1.7474212722371658,2.904323438436065,5,"{""0"": 0.00018219638639760963, ""1"": 0.000504025934086603, ""2"": 9.397233436203619e-05, ""3"": 0.00017318822800831032, ""4"": 0.0029857307915079137, ""5"": 0.0003680558453665802}"
primary,400,p0.20,nan,1.0,3,0.2,79.80000000000001,80.025,60,105,32010,32010,1.535981458542534,120,0.03663638432207023,0.0007327276864414048,0.20299485922890437,12.858014140066198,1.7544347288542668,2.910199770807406,5,"{""0"": 0.00017663029778376688, ""1"": 0.0005100015539907416, ""2"": 9.304797668219988e-05, ""3"": 0.0001792627413145245, ""4"": 0.0030290003249973975, ""5"": 0.0004084232238797986}"
primary,400,p0.20,nan,1.0,3,0.2,79.80000000000001,80.025,60,105,32010,32010,1.535981458542534,130,0.014954194652200811,0.00029908389304401624,0.06429291763323712,13.044559857998882,1.7596736198465943,2.9076175037199476,5,"{""0"": 0.00016702196173906382, ""1"": 0.0004933857477534151, ""2"": 8.298417892350183e-05, ""3"": 0.00016537139475946664, ""4"": 0.0004899017186258087, ""5"": 0.00039583835646284164}"
primary,400,p0.20,nan,1.0,3,0.2,79.80000000000001,80.025,60,105,32010,32010,1.535981458542534,140,0.01477827726556395,0.000295565545311279,0.046510529807696245,13.139221333870214,1.7627811455753721,2.9073463128913453,5,"{""0"": 0.00015988255543844136, ""1"": 0.0005164751711984928, ""2"": 8.396814474429835e-05, ""3"": 0.00015087603854108011, ""4"": 0.00047030079756087714, ""5"": 0.00039189056438448456}"
primary,400,p0.20,nan,1.0,3,0.2,79.80000000000001,80.025,60,105,32010,32010,1.535981458542534,150,0.013538636112446477,0.00027077272224892957,0.12059629218460549,13.306639948001864,1.764642282755709,2.897248005725787,4,"{""0"": 0.0001390899897633741, ""1"": 0.00045918690211964135, ""2"": 8.379738135020079e-05, ""3"": 0.00015428320986338778, ""4"": 0.00038756506562316427, ""5"": 0.00040071378477380906}"
primary,400,p0.20,nan,1.0,3,0.2,79.80000000000001,80.025,60,105,32010,32010,1.535981458542534,160,0.012475761935699204,0.00024951523871398414,0.038730471056726626,13.38802270846742,1.7685182162349138,2.889846784058078,4,"{""0"": 0.00013307654421331283, ""1"": 0.00039612132706889956, ""2"": 8.135130568341353e-05, ""3"": 0.00015242873592500114, ""4"": 0.0003975987343559784, ""5"": 0.00033651478503729943}"
primary,400,p0.20,nan,1.0,3,0.2,79.80000000000001,80.025,60,105,32010,32010,1.535981458542534,170,0.011896408889226193,0.0002379281777845239,0.10750611086672344,13.47230627426515,1.7680828063013312,2.885668705937958,4,"{""0"": 0.0001273397561031148, ""1"": 0.0003897027629447318, ""2"": 7.631754874637894e-05, ""3"": 0.0001459257311341619, ""4"": 0.00038080288317686526, ""5"": 0.0003074803846018909}"
primary,400,p0.20,nan,1.0,3,0.2,79.80000000000001,80.025,60,105,32010,32010,1.535981458542534,180,0.01133898096425823,0.00022677961928516463,0.12013576534772512,13.60462540900543,1.7669500900947874,2.881530810984583,4,"{""0"": 0.00012176657859671297, ""1"": 0.00038145107932497757, ""2"": 7.295828314035056e-05, ""3"": 0.000143065229925084, ""4"": 0.00038101240375815524, ""5"": 0.00026042414096570757}"
primary,400,p0.20,nan,1.0,3,0.2,79.80000000000001,80.025,60,105,32010,32010,1.535981458542534,190,0.011237850430741563,0.00022475700861483128,0.30068743411252624,13.724361793040424,1.7658210118470516,2.8783239319828913,4,"{""0"": 0.00011959057014930819, ""1"": 0.00037941899520566117, ""2"": 6.950260943849507e-05, ""3"": 0.00014154417121854153, ""4"": 0.00037877150744629, ""5"": 0.0002597141982306916}"
primary,400,p0.20,nan,1.0,3,0.2,79.80000000000001,80.025,60,105,32010,32010,1.535981458542534,200,0.01092103793721933,0.00021842075874438661,0.09371909812020424,13.819854109726753,1.7673539442167345,2.8774050614414497,4,"{""0"": 0.00011791290982227276, ""1"": 0.00035397025286500893, ""2"": 6.782617805831708e-05, ""3"": 0.000140238205482709, ""4"": 0.0003758044699205126, ""5"": 0.00025477253631749926}"
primary,400,p0.40,nan,1.0,3,0.4,159.60000000000002,159.2375,129,187,63695,63695,1.5536858469055488,0,0.987206269206478,0.019744125384129563,nan,0.0,1.5536858469055488,9.928989213227995,23,"{""0"": 0.019762117405442637, ""1"": 0.019794345484628884, ""2"": 0.01797873147448952, ""3"": 0.02075184085169168, ""4"": 0.019631783208367462, ""5"": 0.020545933880157206}"
primary,400,p0.40,nan,1.0,3,0.4,159.60000000000002,159.2375,129,187,63695,63695,1.5536858469055488,10,0.38241707637823913,0.007648341527564784,0.06537625402214539,6.689499677096959,1.8763189556996873,3.3045248082198233,10,"{""0"": 0.00046055289347275203, ""1"": 0.008082604223618275, ""2"": 0.010440396536936751, ""3"": 0.004218255364464763, ""4"": 0.002010917020502879, ""5"": 0.02067732312639329}"
primary,400,p0.40,nan,1.0,3,0.4,159.60000000000002,159.2375,129,187,63695,63695,1.5536858469055488,20,0.16277793922841655,0.0032555587845683313,0.0891425581218176,8.417863672852091,1.7986207917561872,3.1172749806146287,8,"{""0"": 0.000317591645039589, ""1"": 0.0003981363480697601, ""2"": 0.004786553447409412, ""3"": 0.002612721665615434, ""4"": 0.010758254833048467, ""5"": 0.0006600947682273234}"
primary,400,p0.40,nan,1.0,3,0.4,159.60000000000002,159.2375,129,187,63695,63695,1.5536858469055488,30,0.04993570546621595,0.0009987141093243193,0.8890370344848495,9.600454766857801,1.8423922906993457,3.0831140124964413,7,"{""0"": 0.00039162735604982116, ""1"": 0.0002702812613081553, ""2"": 0.00259487906962097, ""3"": 0.0006174002356409055, ""4"": 0.0011274342089151238, ""5"": 0.0009906625244109394}"
primary,400,p0.40,nan,1.0,3,0.4,159.60000000000002,159.2375,129,187,63695,63695,1.5536858469055488,40,0.029726537826164308,0.0005945307565232863,0.18326589091746723,10.292496308239114,1.8479937475859487,3.097406852055817,7,"{""0"": 0.0009443219943768037, ""1"": 0.00024388230389570985, ""2"": 0.00047447949646745675, ""3"": 0.0010291478982088586, ""4"": 0.0005152954837406826, ""5"": 0.00036005736245020646}"
primary,400,p0.40,nan,1.0,3,0.4,159.60000000000002,159.2375,129,187,63695,63695,1.5536858469055488,50,0.03291873717501489,0.0006583747435002979,0.05634191893609344,10.751925961465055,1.8251170245353077,3.0375598667948367,7,"{""0"": 0.00043360467043744523, ""1"": 0.00019428331124133954, ""2"": 0.0003219534795435241, ""3"": 0.0023403941655128126, ""4"": 0.0004147292298946773, ""5"": 0.0002452836043719881}"
primary,400,p0.40,nan,1.0,3,0.4,159.60000000000002,159.2375,129,187,63695,63695,1.5536858469055488,60,0.019231483757446082,0.0003846296751489217,0.16326527820336353,11.043638065987412,1.8222116046798256,3.0152225709135876,6,"{""0"": 0.0003145528033578754, ""1"": 0.00016796582053604857, ""2"": 0.00030826056384179577, ""3"": 0.0008162476489229766, ""4"": 0.0004282184622574157, ""5"": 0.0002725327519774182}"
primary,400,p0.40,nan,1.0,3,0.4,159.60000000000002,159.2375,129,187,63695,63695,1.5536858469055488,70,0.046912342922664024,0.0009382468584532807,0.14540364116135698,11.473436775416053,1.8118523830606073,3.0204982206486664,7,"{""0"": 0.0013674280874740859, ""1"": 0.0001509181867422008, ""2"": 0.00028806561137686726, ""3"": 0.003167213453463624, ""4"": 0.0003953524809142096, ""5"": 0.00026050333074869724}"
primary,400,p0.40,nan,1.0,3,0.4,159.60000000000002,159.2375,129,187,63695,63695,1.5536858469055488,80,0.03570055945458246,0.0007140111890916493,0.23128522891244588,11.810610102615064,1.8306213203866177,2.9933786246423963,6,"{""0"": 0.00016743411614620604, ""1"": 0.00013769518965098417, ""2"": 0.0002817208418462164, ""3"": 0.0030723679341423085, ""4"": 0.0003901637929681771, ""5"": 0.00023468525979600412}"
primary,400,p0.40,nan,1.0,3,0.4,159.60000000000002,159.2375,129,187,63695,63695,1.5536858469055488,90,0.0315779890060641,0.0006315597801212821,0.029499999654377017,12.013607441660739,1.8365751469002711,3.0063612531465127,6,"{""0"": 0.0001435130251997603, ""1"": 0.00013826536998379077, ""2"": 0.00028306859076975, ""3"": 0.0025722593865914723, ""4"": 0.00040252111979292057, ""5"": 0.00024973118838999804}"
primary,400,p0.40,nan,1.0,3,0.4,159.60000000000002,159.2375,129,187,63695,63695,1.5536858469055488,100,0.029799025696039063,0.0005959805139207813,0.11483905860107634,12.26879963924408,1.8305549201227291,2.9970089903346016,6,"{""0"": 0.0001513684046377973, ""1"": 0.0001234010436233919, ""2"": 0.0002586215328826854, ""3"": 0.0024294862980302, ""4"": 0.0004017947375678805, ""5"": 0.00021121106678273182}"
primary,400,p0.40,nan,1.0,3,0.4,159.60000000000002,159.2375,129,187,63695,63695,1.5536858469055488,110,0.017201600358521526,0.00034403200717043057,0.21621260426543662,12.43892488564455,1.8315151419861417,2.989147800846946,6,"{""0"": 0.00015259045490989038, ""1"": 0.00012247256881246234, ""2"": 0.00023515168887015776, ""3"": 0.0009829374275704978, ""4"": 0.0003801349549215615, ""5"": 0.0001909049479380131}"
primary,400,p0.40,nan,1.0,3,0.4,159.60000000000002,159.2375,129,187,63695,63695,1.5536858469055488,120,0.01771041832514958,0.00035420836650299165,0.2128041548408846,12.537149647379017,1.844459708876483,2.989902361519693,6,"{""0"": 0.00013669254650592683, ""1"": 0.00011154098216219967, ""2"": 0.000239008653738863, ""3"": 0.0010662760574015973, ""4"": 0.00037709001857051303, ""5"": 0.00019464194063885002}"
primary,400,p0.40,nan,1.0,3,0.4,159.60000000000002,159.2375,129,187,63695,63695,1.5536858469055488,130,0.015938407553675878,0.0003187681510735176,0.08491842125461317,12.707534731602584,1.8511323198697325,2.989287445218564,6,"{""0"": 0.00015665087098401097, ""1"": 0.00010397778912421686, ""2"": 0.00022578290322756235, ""3"": 0.0008632362812255583, ""4"": 0.0003485032332958588, ""5"": 0.00021445782858389877}"
primary,400,p0.40,nan,1.0,3,0.4,159.60000000000002,159.2375,129,187,63695,63695,1.5536858469055488,140,0.014359589540663464,0.0002871917908132693,0.051084275856796604,12.896305152528011,1.8556337313890308,2.9834860347424588,6,"{""0"": 0.00014904724783062538, ""1"": 0.00010713425565725542, ""2"": 0.0002196791055255344, ""3"": 0.0007462145801074004, ""4"": 0.00032319937281040937, ""5"": 0.00017787618294839107}"
primary,400,p0.40,nan,1.0,3,0.4,159.60000000000002,159.2375,129,187,63695,63695,1.5536858469055488,150,0.013783515814063464,0.00027567031628126934,0.10285376962333567,13.03431042635838,1.861381174913967,2.9793296223097596,6,"{""0"": 0.00014067450839301446, ""1"": 0.00011060493277380637, ""2"": 0.0002097239552673143, ""3"": 0.0007089186592460139, ""4"": 0.0003264039151205392, ""5"": 0.00015769592688692763}"
primary,400,p0.40,nan,1.0,3,0.4,159.60000000000002,159.2375,129,187,63695,63695,1.5536858469055488,160,0.014259631225745474,0.00028519262451490954,0.22796719908575128,13.16951411739693,1.8650772739312822,2.981057200617981,6,"{""0"": 0.00016650101282209446, ""1"": 0.00010557078757508381, ""2"": 0.00021075921168693928, ""3"": 0.0007531027647629661, ""4"": 0.00031945158954039686, ""5"": 0.00015577038070197684}"
primary,400,p0.40,nan,1.0,3,0.4,159.60000000000002,159.2375,129,187,63695,63695,1.5536858469055488,170,0.013584841661144709,0.0002716968332228942,0.15847028105126715,13.302066547503765,1.8624230940031663,2.976904475167737,6,"{""0"": 0.00017292551731523648, ""1"": 0.00010335911261853026, ""2"": 0.00019897561885814634, ""3"": 0.0006984493579405911, ""4"": 0.00030336055801624543, ""5"": 0.00015311083458861586}"
primary,400,p0.40,nan,1.0,3,0.4,159.60000000000002,159.2375,129,187,63695,63695,1.5536858469055488,180,0.013335121964372032,0.0002667024392874407,0.04511992292547225,13.481884362295204,1.870194922010809,2.9661598945502314,6,"{""0"": 0.00016966165765644212, ""1"": 0.00011925529487471764, ""2"": 0.00018788374092118214, ""3"": 0.0006961142903617774, ""4"": 0.0002901849803633732, ""5"": 0.00013711467154715155}"
primary,400,p0.40,nan,1.0,3,0.4,159.60000000000002,159.2375,129,187,63695,63695,1.5536858469055488,190,0.015044575771192604,0.0003008915154238521,0.2088627756905233,13.65152430156146,1.8806831449923536,2.964733790319174,6,"{""0"": 0.0001539973703042027, ""1"": 0.00010429287969285897, ""2"": 0.00017168542498553085, ""3"": 0.0009645170208332423, ""4"": 0.00028030448867679596, ""5"": 0.000130551908050482}"
primary,400,p0.40,nan,1.0,3,0.4,159.60000000000002,159.2375,129,187,63695,63695,1.5536858469055488,200,0.015478377020579552,0.0003095675404115911,0.03495599852020851,13.787281279801308,1.8838526508076692,2.965292713526423,6,"{""0"": 0.000163109271776778, ""1"": 9.408575640258121e-05, ""2"": 0.00017601694434059477, ""3"": 0.0010417945034404171, ""4"": 0.0002618803108944634, ""5"": 0.00012051845561471206}"
primary,400,p0.05,nan,1.0,4,0.05,19.950000000000003,19.6875,10,31,7875,7875,1.5252406338842837,0,1.0290097376802867,0.020580194753605736,nan,0.0,1.5252406338842837,12.150832458581167,23,"{""0"": 0.02054195392435412, ""1"": 0.01959202733967278, ""2"": 0.01912019616340027, ""3"": 0.021875249536527953, ""4"": 0.01950447156513787, ""5"": 0.022847269992541424}"
primary,400,p0.05,nan,1.0,4,0.05,19.950000000000003,19.6875,10,31,7875,7875,1.5252406338842837,10,0.3711105781886227,0.007422211563772455,0.8723126016446163,12.430623072177047,1.791419706052248,3.690440638114682,16,"{""0"": 0.010180724246640174, ""1"": 0.0021712538937975253, ""2"": 0.011414529667534883, ""3"": 0.014853316409605933, ""4"": 0.0006351825234844544, ""5"": 0.005278262641571764}"
primary,400,p0.05,nan,1.0,4,0.05,19.950000000000003,19.6875,10,31,7875,7875,1.5252406338842837,20,0.34480015109199574,0.006896003021839916,0.8776021121996033,13.869580634911397,1.8227353816484113,4.244613564006584,16,"{""0"": 0.006819066556688401, ""1"": 0.0024614266271306084, ""2"": 0.016334444758972916, ""3"": 0.0018407124026412105, ""4"": 0.004632969872625265, ""5"": 0.009287397912981088}"
primary,400,p0.05,nan,1.0,4,0.05,19.950000000000003,19.6875,10,31,7875,7875,1.5252406338842837,30,0.2880451271504041,0.005760902543008082,6.517327075149575,14.155512265166042,1.8111848600982143,3.9097722217241304,16,"{""0"": 0.0031088221430813925, ""1"": 0.003473810273386142, ""2"": 0.01199081857097795, ""3"": 0.0012073499631699834, ""4"": 0.006783751754653457, ""5"": 0.008000862552779566}"
primary,400,p0.05,nan,1.0,4,0.05,19.950000000000003,19.6875,10,31,7875,7875,1.5252406338842837,40,0.15653813825881968,0.003130762765176394,6.3994615971380755,14.594383650554605,1.7737127709950773,3.967350665592595,15,"{""0"": 0.0029879526796123966, ""1"": 0.001704255406759804, ""2"": 0.006132782325383268, ""3"": 0.0024736661357377602, ""4"": 0.002784127584137959, ""5"": 0.002701792459427177}"
primary,400,p0.05,nan,1.0,4,0.05,19.950000000000003,19.6875,10,31,7875,7875,1.5252406338842837,50,0.13891147513270502,0.0027782295026541007,1.6384409871901502,15.011256487658267,1.775111916855211,3.677303280275545,14,"{""0"": 0.004479494407985697, ""1"": 0.0016573329791666432, ""2"": 0.003392437828820818, ""3"": 0.004634798218671024, ""4"": 0.0008818498645045957, ""5"": 0.0016234637167758287}"
primary,400,p0.05,nan,1.0,4,0.05,19.950000000000003,19.6875,10,31,7875,7875,1.5252406338842837,60,0.10798850590072787,0.0021597701180145574,11.587115984802708,15.187418528312081,1.7603679910047365,3.662383680707865,14,"{""0"": 0.0030081982091375217, ""1"": 0.0009755149358245538, ""2"": 0.0034395428712088406, ""3"": 0.00315103049824574, ""4"": 0.0007866408353806095, ""5"": 0.0015976933582900802}"
primary,400,p0.05,nan,1.0,4,0.05,19.950000000000003,19.6875,10,31,7875,7875,1.5252406338842837,70,0.10200909984420774,0.002040181996884155,0.941353978861293,15.305174938792385,1.7604705852959763,3.619749308670197,13,"{""0"": 0.0034055471452819645, ""1"": 0.001049282557514036, ""2"": 0.00246276631248996, ""3"": 0.00279631368032959, ""4"": 0.0008329875190727417, ""5"": 0.0016941947666166382}"
primary,400,p0.05,nan,1.0,4,0.05,19.950000000000003,19.6875,10,31,7875,7875,1.5252406338842837,80,0.10243778855247244,0.002048755771049449,0.6094079824098255,15.435354719425879,1.7575642775789262,3.7354190242422542,14,"{""0"": 0.0036891200675695833, ""1"": 0.0009721714561887742, ""2"": 0.0029369836760308504, ""3"": 0.002359878700353008, ""4"": 0.0008157208063072098, ""5"": 0.0015186599198472703}"
primary,400,p0.05,nan,1.0,4,0.05,19.950000000000003,19.6875,10,31,7875,7875,1.5252406338842837,90,0.09845186514198644,0.0019690373028397293,0.6327885648494377,15.555551951960645,1.7619998786234452,3.6269374288625995,13,"{""0"": 0.004075828368581891, ""1"": 0.0008361834517449177, ""2"": 0.002042889759796216, ""3"": 0.002830533002781175, ""4"": 0.0008476957907210325, ""5"": 0.0011810934434131443}"
primary,400,p0.05,nan,1.0,4,0.05,19.950000000000003,19.6875,10,31,7875,7875,1.5252406338842837,100,0.0971816893880744,0.0019436337877614882,2.784468338134339,15.704683938162173,1.7694511225607998,3.602381138258713,13,"{""0"": 0.0034908843412312907, ""1"": 0.0007895212506948274, ""2"": 0.0022118718118107642, ""3"": 0.0033155174323667666, ""4"": 0.0007018132790051321, ""5"": 0.0011521946114601486}"
primary,400,p0.05,nan,1.0,4,0.05,19.950000000000003,19.6875,10,31,7875,7875,1.5252406338842837,110,0.09486244818642532,0.0018972489637285068,0.5784683318374731,15.774417501606337,1.7604245820318154,3.629689256327562,13,"{""0"": 0.0027077019291553346, ""1"": 0.0006645724732136323, ""2"": 0.0025122157517440814, ""3"": 0.0036661776902406178, ""4"": 0.000709542121189059, ""5"": 0.0011232838168283145}"
primary,400,p0.05,nan,1.0,4,0.05,19.950000000000003,19.6875,10,31,7875,7875,1.5252406338842837,120,0.09677321669975543,0.001935464333995109,0.6303569982218896,15.8319537361372,1.7612707569262551,3.5723285656436716,13,"{""0"": 0.0030061546251081905, ""1"": 0.0005760680747729566, ""2"": 0.0022623317907977756, ""3"": 0.003973181825024437, ""4"": 0.000701681519049936, ""5"": 0.001093368169217358}"
primary,400,p0.05,nan,1.0,4,0.05,19.950000000000003,19.6875,10,31,7875,7875,1.5252406338842837,130,0.09511044338877558,0.0019022088677755119,1.056669904015635,15.857702780721322,1.7747897759570117,3.561482073509763,13,"{""0"": 0.002750213937268572, ""1"": 0.0005623710243240793, ""2"": 0.002127455248496433, ""3"": 0.004171028582428241, ""4"": 0.0006857382020939428, ""5"": 0.0011164462120418013}"
primary,400,p0.05,nan,1.0,4,0.05,19.950000000000003,19.6875,10,31,7875,7875,1.5252406338842837,140,0.09545157857720259,0.0019090315715440522,0.9976198658108992,15.916532512549072,1.7669656876524962,3.5910541126055815,13,"{""0"": 0.002807002640539615, ""1"": 0.0005455514903342452, ""2"": 0.0022605663234558414, ""3"": 0.004007588060099939, ""4"": 0.0006533832891202462, ""5"": 0.0011800976257144245}"
primary,400,p0.05,nan,1.0,4,0.05,19.950000000000003,19.6875,10,31,7875,7875,1.5252406338842837,150,0.08950933789414953,0.0017901867578829908,0.22201302198101233,15.939266359182094,1.762066965887208,3.604721019568902,13,"{""0"": 0.002391671759515871, ""1"": 0.0005434219176558648, ""2"": 0.0023508100440079505, ""3"": 0.003616360421332143, ""4"": 0.0006387669359625946, ""5"": 0.0012000894688235192}"
primary,400,p0.05,nan,1.0,4,0.05,19.950000000000003,19.6875,10,31,7875,7875,1.5252406338842837,160,0.08847053789823457,0.0017694107579646916,1.196284878824145,15.962993010190463,1.7621776919890382,3.585460179386638,13,"{""0"": 0.0024096551881750564, ""1"": 0.0005385809437696241, ""2"": 0.0023908297408822736, ""3"": 0.00343226263600284, ""4"": 0.0006213285405317716, ""5"": 0.0012238074984265831}"
primary,400,p0.05,nan,1.0,4,0.05,19.950000000000003,19.6875,10,31,7875,7875,1.5252406338842837,170,0.08757179043083381,0.0017514358086166764,0.5595913794157488,16.02484889740074,1.7654745276804942,3.580716356573388,13,"{""0"": 0.0021312784898099304, ""1"": 0.0005290570187804913, ""2"": 0.0024349890105948464, ""3"": 0.0036515731635196023, ""4"": 0.0006266861351782506, ""5"": 0.0011350310338169376}"
primary,400,p0.05,nan,1.0,4,0.05,19.950000000000003,19.6875,10,31,7875,7875,1.5252406338842837,180,0.08552095693036262,0.0017104191386072523,1.4325058895778722,16.083699862971336,1.7666194844316774,3.5668046016922146,13,"{""0"": 0.0020624379297327915, ""1"": 0.0005539867659642085, ""2"": 0.0023952813074518014, ""3"": 0.0035904162292579346, ""4"": 0.0006291166193720569, ""5"": 0.0010312759798647227}"
primary,400,p0.05,nan,1.0,4,0.05,19.950000000000003,19.6875,10,31,7875,7875,1.5252406338842837,190,0.08563229819006042,0.0017126459638012086,0.16071737586682253,16.114134573285163,1.7697283679448024,3.5598436597011154,13,"{""0"": 0.0021200173810565605, ""1"": 0.0005796228013842375, ""2"": 0.00244988972483763, ""3"": 0.0034945495640909185, ""4"": 0.0006143377991887258, ""5"": 0.0010174585122491799}"
primary,400,p0.05,nan,1.0,4,0.05,19.950000000000003,19.6875,10,31,7875,7875,1.5252406338842837,200,0.0816656173073562,0.0016333123461471242,0.811631499565831,16.13138425731538,1.7701934569009958,3.576367407193651,13,"{""0"": 0.001967814023262427, ""1"": 0.0005587644168518214, ""2"": 0.0025526878759796747, ""3"": 0.003072722226511868, ""4"": 0.0006193483944115845, ""5"": 0.0010285371398653697}"
primary,400,p0.10,nan,1.0,4,0.1,39.900000000000006,40.0375,24,60,16015,16015,1.5634948454436655,0,1.0412928184971737,0.020825856369943475,nan,0.0,1.5634948454436655,11.168910740531079,24,"{""0"": 0.02383781084475358, ""1"": 0.022020284937181726, ""2"": 0.019456359457843884, ""3"": 0.019254036275228627, ""4"": 0.020102891966732157, ""5"": 0.020283754737920885}"
primary,400,p0.10,nan,1.0,4,0.1,39.900000000000006,40.0375,24,60,16015,16015,1.5634948454436655,10,0.429468746552899,0.008589374931057981,2.552722473201946,10.900632379671206,1.705083083260112,3.455232494828094,14,"{""0"": 0.025343025978431577, ""1"": 0.00120748123986072, ""2"": 0.0009156870117654597, ""3"": 0.008651595168806637, ""4"": 0.002845930931413337, ""5"": 0.012572529256070155}"
primary,400,p0.10,nan,1.0,4,0.1,39.900000000000006,40.0375,24,60,16015,16015,1.5634948454436655,20,0.20374268916773927,0.004074853783354786,0.20953235073966622,12.635528865237914,1.7319397616308667,3.9374067321857935,14,"{""0"": 0.0009844548313831599, ""1"": 0.0030609962603982328, ""2"": 0.0039573071512484575, ""3"": 0.001632470060792752, ""4"": 0.003229649745789708, ""5"": 0.011584244650516403}"
primary,400,p0.10,nan,1.0,4,0.1,39.900000000000006,40.0375,24,60,16015,16015,1.5634948454436655,30,0.22216392543145416,0.0044432785086290835,4.696649071249268,13.300850604456611,1.7154220824815725,4.073827745391296,15,"{""0"": 0.0004886945927225692, ""1"": 0.0035216275787385066, ""2"": 0.009021414359741686, ""3"": 0.0008970032711269414, ""4"": 0.0038753414507792907, ""5"": 0.00885558979866551}"
primary,400,p0.10,nan,1.0,4,0.1,39.900000000000006,40.0375,24,60,16015,16015,1.5634948454436655,40,0.17853563753114815,0.0035707127506229637,0.7366958681267352,13.616458995258544,1.766654073415837,3.9148414432423104,14,"{""0"": 0.0006810489393338548, ""1"": 0.001338059412640514, ""2"": 0.0060532130004429165, ""3"": 0.003117156659633885, ""4"": 0.002288000940826098, ""5"": 0.007946797550860515}"
primary,400,p0.10,nan,1.0,4,0.1,39.900000000000006,40.0375,24,60,16015,16015,1.5634948454436655,50,0.12099139127701213,0.0024198278255402428,0.21536672468602724,13.948479834647353,1.7606387607857406,3.706724516028071,14,"{""0"": 0.0026709412635163134, ""1"": 0.0014439873449321825, ""2"": 0.0058843610394357085, ""3"": 0.0017965234310592458, ""4"": 0.001753747729462779, ""5"": 0.0009694061448352276}"
primary,400,p0.10,nan,1.0,4,0.1,39.900000000000006,40.0375,24,60,16015,16015,1.5634948454436655,60,0.12194109987860943,0.002438821997572189,0.6394229433999933,14.115413441006055,1.7716335304600175,3.7804140801407424,14,"{""0"": 0.0027449675842231404, ""1"": 0.0021223387433155954, ""2"": 0.004912356000165991, ""3"": 0.0021241201658905285, ""4"": 0.0015846915272189858, ""5"": 0.0011444579646188945}"
primary,400,p0.10,nan,1.0,4,0.1,39.900000000000006,40.0375,24,60,16015,16015,1.5634948454436655,70,0.11290926708838618,0.0022581853417677237,3.0599988919185086,14.37532226963097,1.78934093422858,3.6650739594764215,14,"{""0"": 0.000723393873320267, ""1"": 0.00283212217651429, ""2"": 0.0033077281305605123, ""3"": 0.001926471744121579, ""4"": 0.0036210071345880723, ""5"": 0.001138388991501621}"
primary,400,p0.10,nan,1.0,4,0.1,39.900000000000006,40.0375,24,60,16015,16015,1.5634948454436655,80,0.1610373287634666,0.003220746575269332,1.704707219473306,14.606049641328035,1.7958652419755696,3.7432085757876155,14,"{""0"": 0.0007894890783506969, ""1"": 0.002393614946524896, ""2"": 0.005256300292224603, ""3"": 0.0024566343655822538, ""4"": 0.007009919533764226, ""5"": 0.001418521235169318}"
primary,400,p0.10,nan,1.0,4,0.1,39.900000000000006,40.0375,24,60,16015,16015,1.5634948454436655,90,0.13932383551821048,0.0027864767103642097,1.5406787026688231,14.718566988546021,1.797531047227361,3.6089119689578615,14,"{""0"": 0.0009237168740512475, ""1"": 0.0018816906141899833, ""2"": 0.002426353742236335, ""3"": 0.0030549861720293517, ""4"": 0.00733120010100108, ""5"": 0.0011009127586772628}"
primary,400,p0.10,nan,1.0,4,0.1,39.900000000000006,40.0375,24,60,16015,16015,1.5634948454436655,100,0.12328510518566312,0.0024657021037132625,0.09969069471273358,14.839732691117296,1.798435442939784,3.591586394418429,14,"{""0"": 0.0009697787347867762, ""1"": 0.001450964283330211, ""2"": 0.0023450212493705174, ""3"": 0.003087649908219513, ""4"": 0.00586370496818348, ""5"": 0.0010770934783890765}"
primary,400,p0.10,nan,1.0,4,0.1,39.900000000000006,40.0375,24,60,16015,16015,1.5634948454436655,110,0.11906948115548295,0.0023813896231096596,0.13863443636825387,14.972854285105424,1.8092991048176257,3.5538433046617364,14,"{""0"": 0.0008677974749719351, ""1"": 0.0010621008540687535, ""2"": 0.0026602762927522626, ""3"": 0.0028935372737206866, ""4"": 0.005675692746996355, ""5"": 0.001128933096147962}"
primary,400,p0.10,nan,1.0,4,0.1,39.900000000000006,40.0375,24,60,16015,16015,1.5634948454436655,120,0.11687470420581889,0.002337494084116378,0.5253621318880274,14.997371058912814,1.8093650956145528,3.548799683166735,14,"{""0"": 0.0008344557157658831, ""1"": 0.0009535907180537227, ""2"": 0.003031751398128151, ""3"": 0.0029108315856824457, ""4"": 0.005078158778170146, ""5"": 0.001216176308897921}"
primary,400,p0.10,nan,1.0,4,0.1,39.900000000000006,40.0375,24,60,16015,16015,1.5634948454436655,130,0.10318400381342194,0.002063680076268439,2.736447163592028,15.098815636111683,1.8068159783532927,3.5356455568565837,14,"{""0"": 0.0008797452784670117, ""1"": 0.000673294046396158, ""2"": 0.0026270135770607795, ""3"": 0.003253146707881959, ""4"": 0.0035790349736163725, ""5"": 0.0013698458741883512}"
primary,400,p0.10,nan,1.0,4,0.1,39.900000000000006,40.0375,24,60,16015,16015,1.5634948454436655,140,0.10720779279026857,0.002144155855805372,0.3016270183612799,15.156404393130593,1.8043718598167258,3.5239460266192144,14,"{""0"": 0.0007545686549400119, ""1"": 0.0006263789108268897, ""2"": 0.0029697082621003706, ""3"": 0.0034434437464279113, ""4"": 0.003614882936322733, ""5"": 0.001455952624214315}"
primary,400,p0.10,nan,1.0,4,0.1,39.900000000000006,40.0375,24,60,16015,16015,1.5634948454436655,150,0.10220753822737498,0.0020441507645475,0.6580279720685627,15.215276419361034,1.804196327845587,3.5699964535681015,14,"{""0"": 0.0006221959914349467, ""1"": 0.0006304780757389677, ""2"": 0.0034663475318744306, ""3"": 0.003245552134111768, ""4"": 0.0028069224828610297, ""5"": 0.0014934083712638564}"
primary,400,p0.10,nan,1.0,4,0.1,39.900000000000006,40.0375,24,60,16015,16015,1.5634948454436655,160,0.09344691253666786,0.0018689382507333574,0.4899903470219934,15.25047230313728,1.8067528841297344,3.578469414554429,14,"{""0"": 0.0005896937626194004, ""1"": 0.0006263185857334847, ""2"": 0.003498590682998056, ""3"": 0.0031945481029201487, ""4"": 0.001724545749842938, ""5"": 0.0015799326202861174}"
primary,400,p0.10,nan,1.0,4,0.1,39.900000000000006,40.0375,24,60,16015,16015,1.5634948454436655,170,0.0956471012090274,0.0019129420241805483,0.16927576529436816,15.29525547811428,1.8113138485139102,3.5902718281914408,14,"{""0"": 0.0005868689465510143, ""1"": 0.0005687263556601937, ""2"": 0.0037690235337320688, ""3"": 0.0031903726931988377, ""4"": 0.0018966646782735258, ""5"": 0.0014659959376676507}"
primary,400,p0.10,nan,1.0,4,0.1,39.900000000000006,40.0375,24,60,16015,16015,1.5634948454436655,180,0.09706316427765616,0.0019412632855531234,0.28076633914381094,15.331041412504408,1.8169502110908813,3.549431006739717,13,"{""0"": 0.0005848331570511621, ""1"": 0.0006028654836352923, ""2"": 0.003479733654787804, ""3"": 0.0031130440837917953, ""4"": 0.00241929403881783, ""5"": 0.0014478092952348563}"
primary,400,p0.10,nan,1.0,4,0.1,39.900000000000006,40.0375,24,60,16015,16015,1.5634948454436655,190,0.09508555135218337,0.0019017110270436678,0.7919036179584921,15.376996127352411,1.8220170463662178,3.551954189316471,13,"{""0"": 0.0006029114986709273, ""1"": 0.0005985674051853429, ""2"": 0.0035917482496469165, ""3"": 0.0031541915484906203, ""4"": 0.001875398234258851, ""5"": 0.0015874492260093491}"
primary,400,p0.10,nan,1.0,4,0.1,39.900000000000006,40.0375,24,60,16015,16015,1.5634948454436655,200,0.09816855610430066,0.0019633711220860134,0.048190302908020476,15.442102152300846,1.8204594519223143,3.5622040619639828,13,"{""0"": 0.0006200562529511106, ""1"": 0.0006350352798811758, ""2"": 0.003587578862026146, ""3"": 0.003147693684404579, ""4"": 0.0021371751923227353, ""5"": 0.0016526874609303344}"
primary,400,p0.20,nan,1.0,4,0.2,79.80000000000001,79.455,59,108,31782,31782,1.5764024569305042,0,1.0142151870801872,0.020284303741603747,nan,0.0,1.5764024569305042,11.880878136298564,23,"{""0"": 0.019579300579613372, ""1"": 0.023046112363150767, ""2"": 0.020462542741796867, ""3"": 0.01915043955726188, ""4"": 0.022341595679141357, ""5"": 0.01712583152865825}"
primary,400,p0.20,nan,1.0,4,0.2,79.80000000000001,79.455,59,108,31782,31782,1.5764024569305042,10,0.22246042510342723,0.004449208502068545,0.28015969398062457,8.045822692573928,1.8823288545388308,2.9034959595981893,7,"{""0"": 0.006936014447636174, ""1"": 0.0007156998112043581, ""2"": 0.0032922311770517397, ""3"": 0.011769753440393165, ""4"": 0.00048188785267697673, ""5"": 0.003499664283448855}"
primary,400,p0.20,nan,1.0,4,0.2,79.80000000000001,79.455,59,108,31782,31782,1.5764024569305042,20,0.05748463811024688,0.0011496927622049377,0.12406580902295555,9.570176105345222,1.8282481491904252,3.095140805060998,7,"{""0"": 0.0005103962159539327, ""1"": 0.0007232238063546815, ""2"": 0.0018730801076434797, ""3"": 0.00040176334184727897, ""4"": 0.0007140295443405834, ""5"": 0.0026756635570896695}"
primary,400,p0.20,nan,1.0,4,0.2,79.80000000000001,79.455,59,108,31782,31782,1.5764024569305042,30,0.06065387849645184,0.001213077569929037,0.07589544914434668,9.951251398382828,1.8351272984815457,3.083236410726929,7,"{""0"": 0.00041611575256148556, ""1"": 0.0007921224162105573, ""2"": 0.0017021607197825063, ""3"": 0.00045024151455259464, ""4"": 0.0006341919459210808, ""5"": 0.003283633070545998}"
primary,400,p0.20,nan,1.0,4,0.2,79.80000000000001,79.455,59,108,31782,31782,1.5764024569305042,40,0.04540033092920224,0.0009080066185840449,0.06991381054517663,10.467010829976452,1.8386464562835385,3.041293114572013,6,"{""0"": 0.0005514694474998752, ""1"": 0.0004241086083119175, ""2"": 0.0007949456365873343, ""3"": 0.0004908188208029536, ""4"": 0.00046118125548078053, ""5"": 0.002725515942821407}"
primary,400,p0.20,nan,1.0,4,0.2,79.80000000000001,79.455,59,108,31782,31782,1.5764024569305042,50,0.05751066021815525,0.0011502132043631052,0.15144433946078417,10.925324026086559,1.8274846361567467,3.0629323516688722,6,"{""0"": 0.0023081435193209997, ""1"": 0.002674388929684214, ""2"": 0.00048795819028447, ""3"": 0.0007513334462202574, ""4"": 0.0003607136930662894, ""5"": 0.0003187414476023997}"
primary,400,p0.20,nan,1.0,4,0.2,79.80000000000001,79.455,59,108,31782,31782,1.5764024569305042,60,0.030029361750637508,0.0006005872350127502,0.27516656511720994,11.231523697914623,1.832482454291522,3.055559662966289,6,"{""0"": 0.00041366407230954843, ""1"": 0.0012250263333866242, ""2"": 0.0005480169228932418, ""3"": 0.0005424264465662682, ""4"": 0.0004351778176344879, ""5"": 0.0004392118172863313}"
primary,400,p0.20,nan,1.0,4,0.2,79.80000000000001,79.455,59,108,31782,31782,1.5764024569305042,70,0.028322162671084377,0.0005664432534216876,0.20849738583090047,11.539307587636117,1.834409705034358,3.0644791370243576,6,"{""0"": 0.00046194811382032914, ""1"": 0.0011638480106120413, ""2"": 0.0005957780562774248, ""3"": 0.00042715726919090216, ""4"": 0.0004668559801565872, ""5"": 0.00028307209047284123}"
primary,400,p0.20,nan,1.0,4,0.2,79.80000000000001,79.455,59,108,31782,31782,1.5764024569305042,80,0.025297186552727093,0.0005059437310545419,0.1620891449392449,11.739475384904987,1.8289067012721374,3.0641081891873623,6,"{""0"": 0.00038985837910486315, ""1"": 0.0010783139665848473, ""2"": 0.000475028665314431, ""3"": 0.00041394545769740215, ""4"": 0.00043188022180381814, ""5"": 0.00024663569582188984}"
primary,400,p0.20,nan,1.0,4,0.2,79.80000000000001,79.455,59,108,31782,31782,1.5764024569305042,90,0.020061109189336245,0.00040122218378672495,0.11929839781475565,12.093910298252968,1.8062265806637696,3.0512144277873334,6,"{""0"": 0.0003490890849169454, ""1"": 0.000689237235579727, ""2"": 0.0002950803390251965, ""3"": 0.00039207458080423317, ""4"": 0.00046362619107398007, ""5"": 0.0002182256713202678}"
primary,400,p0.20,nan,1.0,4,0.2,79.80000000000001,79.455,59,108,31782,31782,1.5764024569305042,100,0.028059604401170758,0.0005611920880234152,0.04266263113933889,12.266787700438657,1.801104701125257,3.0671343426207294,6,"{""0"": 0.00033628623596899373, ""1"": 0.0017115394513645959, ""2"": 0.00027904329080474533, ""3"": 0.0003762183092162028, ""4"": 0.0004210399523889432, ""5"": 0.00024302528839701014}"
primary,400,p0.20,nan,1.0,4,0.2,79.80000000000001,79.455,59,108,31782,31782,1.5764024569305042,110,0.022108277044323544,0.000442165540886471,0.18267808064508737,12.469193430936265,1.7964845172346997,3.054945114267866,6,"{""0"": 0.00036173844930523815, ""1"": 0.001073370373222951, ""2"": 0.00025322914580078274, ""3"": 0.00036681933605440436, ""4"": 0.0003504367939051331, ""5"": 0.000247399147030317}"
primary,400,p0.20,nan,1.0,4,0.2,79.80000000000001,79.455,59,108,31782,31782,1.5764024569305042,120,0.016931282800165117,0.0003386256560033024,0.1720644507922525,12.569686342787515,1.7972040464999008,3.017375496516667,6,"{""0"": 0.00035584257148345386, ""1"": 0.00041859460841020833, ""2"": 0.00030967249803936614, ""3"": 0.00037822646934580024, ""4"": 0.00034799267644886576, ""5"": 0.00022142511229211967}"
primary,400,p0.20,nan,1.0,4,0.2,79.80000000000001,79.455,59,108,31782,31782,1.5764024569305042,130,0.01720839689202375,0.000344167937840475,0.010692887631683532,12.665514373925927,1.7972064031817645,3.0172813685751665,6,"{""0"": 0.00044988507952247196, ""1"": 0.00037486325404363, ""2"": 0.0003129136401338611, ""3"": 0.00037591864500430343, ""4"": 0.00033154715030183355, ""5"": 0.00021987985803675016}"
primary,400,p0.20,nan,1.0,4,0.2,79.80000000000001,79.455,59,108,31782,31782,1.5764024569305042,140,0.01663071171267948,0.0003326142342535897,0.03390335311922181,12.790561607216551,1.7955188268172915,3.0110603128592888,6,"{""0"": 0.00039363190409116627, ""1"": 0.00035431967760408685, ""2"": 0.00031022258020198723, ""3"": 0.00037470475882633744, ""4"": 0.0003445721752707817, ""5"": 0.00021823430952717867}"
primary,400,p0.20,nan,1.0,4,0.2,79.80000000000001,79.455,59,108,31782,31782,1.5764024569305042,150,0.016342063449059967,0.00032684126898119937,0.04891461849216063,12.957276345242267,1.7853233588095614,3.0041373994289065,6,"{""0"": 0.00046522029354596577, ""1"": 0.0003277973595299492, ""2"": 0.00032497887976499655, ""3"": 0.00029287262137702444, ""4"": 0.00033220508620911463, ""5"": 0.00021797337346014548}"
primary,400,p0.20,nan,1.0,4,0.2,79.80000000000001,79.455,59,108,31782,31782,1.5764024569305042,160,0.016218574187399738,0.0003243714837479948,0.23308726581448788,13.069887422737704,1.7869635111627729,3.0091605987353383,6,"{""0"": 0.000438064542934046, ""1"": 0.00037144874800823567, ""2"": 0.0003255923549861202, ""3"": 0.00027774845202020975, ""4"": 0.00031467862963347045, ""5"": 0.0002186961749058868}"
primary,400,p0.20,nan,1.0,4,0.2,79.80000000000001,79.455,59,108,31782,31782,1.5764024569305042,170,0.01704615620314295,0.00034092312406285903,0.05837186577951221,13.188140074424986,1.7835546139811866,3.0052946674079033,6,"{""0"": 0.0005386494182139358, ""1"": 0.00035867639824746446, ""2"": 0.0003227959732258512, ""3"": 0.0002755190215861352, ""4"": 0.00032629860798622076, ""5"": 0.0002235993251175468}"
primary,400,p0.20,nan,1.0,4,0.2,79.80000000000001,79.455,59,108,31782,31782,1.5764024569305042,180,0.017591964585696136,0.0003518392917139227,0.11546832512022115,13.299101697366991,1.7857408002342021,3.0127813489188697,6,"{""0"": 0.000606329515396007, ""1"": 0.0003793784636733337, ""2"": 0.00032284751336189316, ""3"": 0.0002746574284884104, ""4"": 0.0003099983554808867, ""5"": 0.00021782447388300552}"
primary,400,p0.20,nan,1.0,4,0.2,79.80000000000001,79.455,59,108,31782,31782,1.5764024569305042,190,0.017070223548645,0.00034140447097290007,0.0673520974412154,13.373963161862974,1.7812940793885463,3.014636750788721,6,"{""0"": 0.000554632880161174, ""1"": 0.00039073638364944677, ""2"": 0.000320142627436945, ""3"": 0.00027478407590944353, ""4"": 0.00028695113841535917, ""5"": 0.0002211797202650318}"
primary,400,p0.20,nan,1.0,4,0.2,79.80000000000001,79.455,59,108,31782,31782,1.5764024569305042,200,0.014571667547926794,0.00029143335095853595,0.700903715145058,13.496022444420232,1.7444560106787463,2.9885864257313166,6,"{""0"": 0.0003420202522188424, ""1"": 0.00029841989300328196, ""2"": 0.0003448287953551156, ""3"": 0.00026787304720107266, ""4"": 0.00028549587807114203, ""5"": 0.00020996223990176082}"
primary,400,p0.40,nan,1.0,4,0.4,159.60000000000002,159.09,131,190,63636,63636,1.5137220163978695,0,0.9720128589725614,0.01944025717945123,nan,0.0,1.5137220163978695,11.528254732175307,24,"{""0"": 0.020848765137143847, ""1"": 0.01975278536572898, ""2"": 0.01983682656617026, ""3"": 0.019150063458664955, ""4"": 0.015891067311397836, ""5"": 0.02116203523760151}"
primary,400,p0.40,nan,1.0,4,0.4,159.60000000000002,159.09,131,190,63636,63636,1.5137220163978695,10,0.33066330994750975,0.006613266198950195,0.26322728979968113,7.0520793076024,1.9574119611193626,2.674855618308809,7,"{""0"": 0.010180407759236348, ""1"": 0.0006940755770151599, ""2"": 0.007211469541044066, ""3"": 0.011820202223225907, ""4"": 0.000248058971105621, ""5"": 0.009525383122074075}"
primary,400,p0.40,nan,1.0,4,0.4,159.60000000000002,159.09,131,190,63636,63636,1.5137220163978695,20,0.21743275908291634,0.004348655181658328,0.22383813671560138,8.466009634449426,1.8402326325254423,2.9318655248548993,7,"{""0"": 0.008625397086936687, ""1"": 0.0027504037955455593, ""2"": 0.0014260347873209412, ""3"": 0.009230810425260978, ""4"": 0.0002269719238971856, ""5"": 0.003832313070988612}"
primary,400,p0.40,nan,1.0,4,0.4,159.60000000000002,159.09,131,190,63636,63636,1.5137220163978695,30,0.08664706424108928,0.001732941284821786,0.07564912087842465,9.109768578843418,1.8534424555919418,3.0136054528258645,7,"{""0"": 0.0013191204616720374, ""1"": 0.00033760192028953645, ""2"": 0.0010045558182440243, ""3"": 0.006442114349949136, ""4"": 0.00020392944296824468, ""5"": 0.0010903257158077352}"
primary,400,p0.40,nan,1.0,4,0.4,159.60000000000002,159.09,131,190,63636,63636,1.5137220163978695,40,0.08915842957651374,0.001783168591530275,0.11366276640139485,9.638243970978479,1.865951529305106,2.9064702569281273,6,"{""0"": 0.002733785577113873, ""1"": 0.00032628165213348354, ""2"": 0.000648019869217216, ""3"": 0.006481003361244256, ""4"": 0.00012337045472430463, ""5"": 0.00038655063474851844}"
primary,400,p0.40,nan,1.0,4,0.4,159.60000000000002,159.09,131,190,63636,63636,1.5137220163978695,50,0.07759921206615607,0.0015519842413231214,0.18157188781990585,9.997871251693732,1.8237504447235722,2.8764735817167835,6,"{""0"": 0.0027336972371723106, ""1"": 0.0003979490696507847, ""2"": 0.0004458468986790182, ""3"": 0.004513355299241292, ""4"": 0.00024323882174477992, ""5"": 0.0009778181214505435}"
primary,400,p0.40,nan,1.0,4,0.4,159.60000000000002,159.09,131,190,63636,63636,1.5137220163978695,60,0.04109707983080298,0.0008219415966160597,0.033556912455582164,10.3647009728572,1.7880258797999642,2.9120888557005604,6,"{""0"": 0.0005464786053470887, ""1"": 0.0002859239955895792, ""2"": 0.00047666680672320456, ""3"": 0.002849640604339448, ""4"": 0.00014079668159904906, ""5"": 0.0006321428860979894}"
primary,400,p0.40,nan,1.0,4,0.4,159.60000000000002,159.09,131,190,63636,63636,1.5137220163978695,70,0.016184003923233214,0.0003236800784646643,0.15615839744400928,10.565533167689264,1.8013321963675064,2.900471260466531,5,"{""0"": 0.0004501615400165148, ""1"": 0.00021490146054789987, ""2"": 0.0004087089434896142, ""3"": 0.0003366127528588728, ""4"": 0.0001624273468617563, ""5"": 0.000369268427013328}"
primary,400,p0.40,nan,1.0,4,0.4,159.60000000000002,159.09,131,190,63636,63636,1.5137220163978695,80,0.01164509227306861,0.00023290184546137223,0.10445863038389651,10.9730183217877,1.8074891475765376,2.8845021052317255,5,"{""0"": 0.00028322232397596505, ""1"": 0.00015568937206218307, ""2"": 0.00030944602418748156, ""3"": 0.0002470111357817769, ""4"": 0.00019173094849846495, ""5"": 0.00021031126826236181}"
primary,400,p0.40,nan,1.0,4,0.4,159.60000000000002,159.09,131,190,63636,63636,1.5137220163978695,90,0.013358127233361385,0.00026716254466722776,0.11710001007283324,11.247875512762725,1.8231441196638585,2.8788624436523316,5,"{""0"": 0.0005089318028000678, ""1"": 0.0001746607136205898, ""2"": 0.000307133533615048, ""3"": 0.0002705445626275996, ""4"": 0.00019497620408363614, ""5"": 0.0001467284512564253}"
primary,400,p0.40,nan,1.0,4,0.4,159.60000000000002,159.09,131,190,63636,63636,1.5137220163978695,100,0.013387128258592848,0.000267742565171857,0.0686851395378355,11.512587259428567,1.8243508310946543,2.8766231476379076,5,"{""0"": 0.0006146755160166296, ""1"": 0.00018791240774851717, ""2"": 0.0002885938567130428, ""3"": 0.0002272203351913169, ""4"": 0.0001374090071407635, ""5"": 0.00015064426822087177}"
primary,400,p0.40,nan,1.0,4,0.4,159.60000000000002,159.09,131,190,63636,63636,1.5137220163978695,110,0.009671460755753113,0.0001934292151150623,0.1196369023155122,11.744819662154457,1.8290977405550033,2.8740001650328617,5,"{""0"": 0.0002480654984197579, ""1"": 0.00017763137103235627, ""2"": 0.000260429482655052, ""3"": 0.00019564342619708398, ""4"": 0.00011531396234617337, ""5"": 0.00016349155003995015}"
primary,400,p0.40,nan,1.0,4,0.4,159.60000000000002,159.09,131,190,63636,63636,1.5137220163978695,120,0.009302340016627794,0.0001860468003325559,0.10621535513881969,11.864665589679207,1.832459567159437,2.8745556638787657,5,"{""0"": 0.00023789522338391565, ""1"": 0.00014838038810647937, ""2"": 0.0002672554499652989, ""3"": 0.0001960357398037449, ""4"": 0.0001049597892485344, ""5"": 0.00016175421148736236}"
primary,400,p0.40,nan,1.0,4,0.4,159.60000000000002,159.09,131,190,63636,63636,1.5137220163978695,130,0.008947218892945802,0.00017894437785891606,0.09443514889178961,12.04554337953659,1.847017987693658,2.867130196762373,5,"{""0"": 0.00024203327889030338, ""1"": 0.00012990250647268962, ""2"": 0.00024425559299404224, ""3"": 0.0002012287071699532, ""4"": 9.76197629317278e-05, ""5"": 0.00015862641869478033}"
primary,400,p0.40,nan,1.0,4,0.4,159.60000000000002,159.09,131,190,63636,63636,1.5137220163978695,140,0.009277979580904474,0.0001855595916180895,0.04726236167822045,12.188446745484702,1.850195885377176,2.8715004715390218,5,"{""0"": 0.0002614473442593609, ""1"": 0.00014271298781560332, ""2"": 0.00025313496159131907, ""3"": 0.00019226458337382512, ""4"": 9.62332849707742e-05, ""5"": 0.0001675643876976544}"
primary,400,p0.40,nan,1.0,4,0.4,159.60000000000002,159.09,131,190,63636,63636,1.5137220163978695,150,0.008734210530842803,0.00017468421061685608,0.16308408763860077,12.35420915936187,1.8525288270827796,2.8718674086813425,5,"{""0"": 0.00020002161322306037, ""1"": 0.00014504371418900075, ""2"": 0.0002819181949890052, ""3"": 0.00017666587451314387, ""4"": 8.383260537459666e-05, ""5"": 0.0001606232614123296}"
primary,400,p0.40,nan,1.0,4,0.4,159.60000000000002,159.09,131,190,63636,63636,1.5137220163978695,160,0.00857878131027799,0.00017157562620555983,0.046514408862541184,12.480218228805455,1.8570476213608134,2.8752701349673258,5,"{""0"": 0.00021305812419824687, ""1"": 0.00013450878550681425, ""2"": 0.0002779769194607237, ""3"": 0.0001633692494587598, ""4"": 8.040756727185405e-05, ""5"": 0.00016013311133696034}"
primary,400,p0.40,nan,1.0,4,0.4,159.60000000000002,159.09,131,190,63636,63636,1.5137220163978695,170,0.008122374562720575,0.00016244749125441152,0.037863345943793716,12.631004615574676,1.8565773080734012,2.872779356833773,5,"{""0"": 0.00019354502403186088, ""1"": 0.00013047709567765996, ""2"": 0.0002783620300650669, ""3"": 0.00015543558539475117, ""4"": 8.345641365963086e-05, ""5"": 0.00013340879869749937}"
primary,400,p0.40,nan,1.0,4,0.4,159.60000000000002,159.09,131,190,63636,63636,1.5137220163978695,180,0.008155351831422459,0.0001631070366284492,0.026397993628394453,12.749910541197632,1.862822373683055,2.872123816094862,5,"{""0"": 0.00020664450774822906, ""1"": 0.00013238523019383386, ""2"": 0.0002847614134610512, ""3"": 0.00014583879948213216, ""4"": 8.505093273447364e-05, ""5"": 0.00012396133615097518}"
primary,400,p0.40,nan,1.0,4,0.4,159.60000000000002,159.09,131,190,63636,63636,1.5137220163978695,190,0.008233689515611127,0.00016467379031222257,0.10706749671220234,12.82595274781286,1.861395344923849,2.8729409503802357,5,"{""0"": 0.00019323427634123548, ""1"": 0.0001389557574714453, ""2"": 0.0002837421246356265, ""3"": 0.0001508969517130246, ""4"": 8.899811343249645e-05, ""5"": 0.00013221551827950705}"
primary,400,p0.40,nan,1.0,4,0.4,159.60000000000002,159.09,131,190,63636,63636,1.5137220163978695,200,0.008156237154437114,0.0001631247430887423,0.25993137600550925,13.009403506980885,1.8661814285324145,2.8750022796200736,5,"{""0"": 0.0001842995694191788, ""1"": 0.00014164920109373787, ""2"": 0.00027373897969621916, ""3"": 0.00015078830199485082, ""4"": 9.396275294005845e-05, ""5"": 0.00013430965338840858}"
primary,400,p0.05,nan,1.0,5,0.05,19.950000000000003,20.0975,8,35,8039,8039,1.4892026568591483,0,0.9565439865347272,0.019130879730694546,nan,0.0,1.4892026568591483,11.999462434431557,23,"{""0"": 0.01961105124784584, ""1"": 0.017043702005651952, ""2"": 0.0217180584191037, ""3"": 0.01758511877031981, ""4"": 0.020919167641560616, ""5"": 0.017908180299685356}"
primary,400,p0.05,nan,1.0,5,0.05,19.950000000000003,20.0975,8,35,8039,8039,1.4892026568591483,10,0.6869272313991172,0.013738544627982345,1.1481847144733213,10.95745930660162,1.7470698747460933,3.271840438962761,12,"{""0"": 0.007334575436407869, ""1"": 0.0009338668055082803, ""2"": 0.01099730091641098, ""3"": 0.003438169634915638, ""4"": 0.05275693237883211, ""5"": 0.006970422595819201}"
primary,400,p0.05,nan,1.0,5,0.05,19.950000000000003,20.0975,8,35,8039,8039,1.4892026568591483,20,0.2064625439729178,0.004129250879458356,1.3768088241674887,12.497402599833077,1.6792942814359562,3.310531901175734,10,"{""0"": 0.0011174200007892361, ""1"": 0.0007468208429975606, ""2"": 0.00715351599993231, ""3"": 0.0006546298374346313, ""4"": 0.005431883204605795, ""5"": 0.009671235390990603}"
primary,400,p0.05,nan,1.0,5,0.05,19.950000000000003,20.0975,8,35,8039,8039,1.4892026568591483,30,0.1495541193059266,0.002991082386118532,2.133788023346354,13.22365796294153,1.70215050821961,3.278645357789735,11,"{""0"": 0.0007953648674015743, ""1"": 0.001120231770855289, ""2"": 0.005027834061929183, ""3"": 0.0006872791813869172, ""4"": 0.0035891409324736424, ""5"": 0.006726643502664586}"
primary,400,p0.05,nan,1.0,5,0.05,19.950000000000003,20.0975,8,35,8039,8039,1.4892026568591483,40,0.13772625102858205,0.002754525020571641,0.9723631782487573,13.793317337149189,1.6903312152489791,3.2341078700380947,11,"{""0"": 0.0008498375222221801, ""1"": 0.0015424058153277094, ""2"": 0.004049933358333388, ""3"": 0.00337088101764264, ""4"": 0.0018656192648790332, ""5"": 0.004848473145024898}"
primary,400,p0.05,nan,1.0,5,0.05,19.950000000000003,20.0975,8,35,8039,8039,1.4892026568591483,50,0.13742238135787097,0.00274844762715742,2.075476771562466,14.081768605413897,1.7010325455176492,3.1508559048019187,11,"{""0"": 0.0009203060661362528, ""1"": 0.004410813246788476, ""2"": 0.002318417096670107, ""3"": 0.004628150469413682, ""4"": 0.002288838669582842, ""5"": 0.001924160214353159}"
primary,400,p0.05,nan,1.0,5,0.05,19.950000000000003,20.0975,8,35,8039,8039,1.4892026568591483,60,0.13204373939454464,0.002640874787890893,0.14440593479947295,14.274281182507963,1.7029641974352059,3.1690273447190505,11,"{""0"": 0.0015534442623667743, ""1"": 0.004870046258872084, ""2"": 0.0018265907945727987, ""3"": 0.00382520918013706, ""4"": 0.0023964406763272777, ""5"": 0.0013735175550693619}"
primary,400,p0.05,nan,1.0,5,0.05,19.950000000000003,20.0975,8,35,8039,8039,1.4892026568591483,70,0.15173660949201637,0.0030347321898403275,0.5472454467823751,14.456609477897894,1.7043486304482374,3.130085706562782,11,"{""0"": 0.002106482702907796, ""1"": 0.005165634275384517, ""2"": 0.001796573705830094, ""3"": 0.005327098808746174, ""4"": 0.002643716247667958, ""5"": 0.0011688873985054309}"
primary,400,p0.05,nan,1.0,5,0.05,19.950000000000003,20.0975,8,35,8039,8039,1.4892026568591483,80,0.16208520858702105,0.003241704171740421,0.2960246560808349,14.553889424432032,1.703135832466111,3.0676114929464635,11,"{""0"": 0.00235509731152578, ""1"": 0.005640515324097208, ""2"": 0.001666906602023952, ""3"": 0.005648677149556915, ""4"": 0.003174323964820124, ""5"": 0.000964704678418552}"
primary,400,p0.05,nan,1.0,5,0.05,19.950000000000003,20.0975,8,35,8039,8039,1.4892026568591483,90,0.15246518546345178,0.003049303709269036,0.08044723407755174,14.630078397277224,1.708787587588049,3.1003735774490795,11,"{""0"": 0.002684868013247421, ""1"": 0.005003344173620127, ""2"": 0.001755360205551106, ""3"": 0.005146021818346272, ""4"": 0.00275147843769096, ""5"": 0.0009547496071583303}"
primary,400,p0.05,nan,1.0,5,0.05,19.950000000000003,20.0975,8,35,8039,8039,1.4892026568591483,100,0.1450740778582301,0.002901481557164602,0.8082006180205914,14.758479732887674,1.7153055864242628,3.2118151431949067,11,"{""0"": 0.0023801938433246025, ""1"": 0.003564042702875981, ""2"": 0.002284285989256417, ""3"": 0.0059239696055719045, ""4"": 0.0020860475974369594, ""5"": 0.0011703496045217482}"
primary,400,p0.05,nan,1.0,5,0.05,19.950000000000003,20.0975,8,35,8039,8039,1.4892026568591483,110,0.14184219610739932,0.002836843922147987,0.7443456251748276,14.808874267983628,1.7188491376708859,3.184962726455987,11,"{""0"": 0.002760706617162819, ""1"": 0.002545447860201067, ""2"": 0.0023318324655686178, ""3"": 0.006381967238707188, ""4"": 0.0017386671951646383, ""5"": 0.0012624421560835895}"
primary,400,p0.05,nan,1.0,5,0.05,19.950000000000003,20.0975,8,35,8039,8039,1.4892026568591483,120,0.11912563986868137,0.002382512797373628,1.1419218227092789,14.922387192842313,1.726162178527363,3.297036776857114,11,"{""0"": 0.002620023320253337, ""1"": 0.0023614656776562376, ""2"": 0.0025165293062885813, ""3"": 0.0036639291194024105, ""4"": 0.001798936139481214, ""5"": 0.0013341932211599853}"
primary,400,p0.05,nan,1.0,5,0.05,19.950000000000003,20.0975,8,35,8039,8039,1.4892026568591483,130,0.1120023265310352,0.0022400465306207044,0.15796302485249808,14.993882915029541,1.7306626357018777,3.3525374094398077,11,"{""0"": 0.0026660207495521142, ""1"": 0.00233446100869998, ""2"": 0.0025859695884765887, ""3"": 0.00267160444761599, ""4"": 0.0019939347557828163, ""5"": 0.001188288633596739}"
primary,400,p0.05,nan,1.0,5,0.05,19.950000000000003,20.0975,8,35,8039,8039,1.4892026568591483,140,0.11186499235451744,0.002237299847090349,1.055936731696587,15.050958323074328,1.7282549894617845,3.385942480419409,11,"{""0"": 0.0027574025205375037, ""1"": 0.0018581957940808753, ""2"": 0.002756775422947301, ""3"": 0.0031377255359326312, ""4"": 0.0016031685918090582, ""5"": 0.0013105312172347274}"
primary,400,p0.05,nan,1.0,5,0.05,19.950000000000003,20.0975,8,35,8039,8039,1.4892026568591483,150,0.10674380701888299,0.00213487614037766,0.46749371902515025,15.110318486622976,1.728981103052514,3.3546904468228944,11,"{""0"": 0.002653951516117544, ""1"": 0.0018174560291429674, ""2"": 0.0028433731185265815, ""3"": 0.0027040672536680545, ""4"": 0.001544457679147811, ""5"": 0.0012459512456630024}"
primary,400,p0.05,nan,1.0,5,0.05,19.950000000000003,20.0975,8,35,8039,8039,1.4892026568591483,160,0.10757113741050092,0.0021514227482100187,3.072107307353731,15.177220234503139,1.7275276751146593,3.3596960909005196,11,"{""0"": 0.002661208864097088, ""1"": 0.0018776585787716048, ""2"": 0.0027688923492951334, ""3"": 0.0028412600567330045, ""4"": 0.001443899457708003, ""5"": 0.0013156171826552792}"
primary,400,p0.05,nan,1.0,5,0.05,19.950000000000003,20.0975,8,35,8039,8039,1.4892026568591483,170,0.10643921336552606,0.0021287842673105213,0.09561059658189501,15.226890813093416,1.7268172816553458,3.3546176092063953,11,"{""0"": 0.002741704968152234, ""1"": 0.0018208824018164922, ""2"": 0.0023828414895714417, ""3"": 0.003150532223317774, ""4"": 0.0014704172404852852, ""5"": 0.0012063272805199012}"
primary,400,p0.05,nan,1.0,5,0.05,19.950000000000003,20.0975,8,35,8039,8039,1.4892026568591483,180,0.09973627890650104,0.001994725578130021,2.9329484868301687,15.26427175041021,1.7227492795251824,3.3693674486968828,11,"{""0"": 0.0029104904589405973, ""1"": 0.002023125145039751, ""2"": 0.002215402002073662, ""3"": 0.002251093995155709, ""4"": 0.0014526565871835664, ""5"": 0.0011155852803868406}"
primary,400,p0.05,nan,1.0,5,0.05,19.950000000000003,20.0975,8,35,8039,8039,1.4892026568591483,190,0.100018621741135,0.0020003724348227002,1.0503136730536895,15.322709412053097,1.7245898608472312,3.362857695997189,11,"{""0"": 0.002956438418873172, ""1"": 0.0023344601173223125, ""2"": 0.002048756685412557, ""3"": 0.0022230669733678656, ""4"": 0.0013864618340734959, ""5"": 0.001053050579886799}"
primary,400,p0.05,nan,1.0,5,0.05,19.950000000000003,20.0975,8,35,8039,8039,1.4892026568591483,200,0.09791959045825331,0.0019583918091650664,0.2849561604080101,15.351021649640174,1.7233752976326637,3.3432879422513118,11,"{""0"": 0.002919315620580682, ""1"": 0.002430708485649975, ""2"": 0.001998422558006373, ""3"": 0.002059144966334689, ""4"": 0.0013150952145676242, ""5"": 0.001027664009851058}"
primary,400,p0.10,nan,1.0,5,0.1,39.900000000000006,39.8375,25,58,15935,15935,1.5081091683112537,0,1.0459103098718092,0.020918206197436187,nan,0.0,1.5081091683112537,8.351081941526708,21,"{""0"": 0.01919394221383602, ""1"": 0.02092207014547526, ""2"": 0.021854951798192645, ""3"": 0.020581864875015947, ""4"": 0.021735138884547513, ""5"": 0.021221269267549716}"
primary,400,p0.10,nan,1.0,5,0.1,39.900000000000006,39.8375,25,58,15935,15935,1.5081091683112537,10,0.535967707189752,0.01071935414379504,0.13020276042871315,9.946318914306628,1.6651908296497755,3.6175352072473603,12,"{""0"": 0.008748715932327091, ""1"": 0.006945220460661272, ""2"": 0.01921692092968969, ""3"": 0.006738001485081335, ""4"": 0.016382489089465355, ""5"": 0.006284776965545497}"
primary,400,p0.10,nan,1.0,5,0.1,39.900000000000006,39.8375,25,58,15935,15935,1.5081091683112537,20,0.3757434936235953,0.007514869872471908,0.19359432856083406,10.807202593517896,1.68415228731146,3.335102182721843,11,"{""0"": 0.0005468059242155346, ""1"": 0.0015196790256853327, ""2"": 0.012155970455953518, ""3"": 0.005906307259872028, ""4"": 0.008979545387920548, ""5"": 0.015980911181184485}"
primary,400,p0.10,nan,1.0,5,0.1,39.900000000000006,39.8375,25,58,15935,15935,1.5081091683112537,30,0.31087787893926583,0.006217557578785318,0.24271970319845843,11.347440035208757,1.661574368868103,3.2947836403731885,9,"{""0"": 0.00033710985785391083, ""1"": 0.002226879216283785, ""2"": 0.009165341175041143, ""3"": 0.004653999651606861, ""4"": 0.005122610243822637, ""5"": 0.015799405328103568}"
primary,400,p0.10,nan,1.0,5,0.1,39.900000000000006,39.8375,25,58,15935,15935,1.5081091683112537,40,0.15419242949524498,0.0030838485899049002,0.07095003733525881,12.07577016414777,1.6372665761349454,3.365484946658337,9,"{""0"": 0.0003080243106047722, ""1"": 0.0007573197278275135, ""2"": 0.007095736153076157, ""3"": 0.004196081629209402, ""4"": 0.0042337239785551215, ""5"": 0.0019122057401564385}"
primary,400,p0.10,nan,1.0,5,0.1,39.900000000000006,39.8375,25,58,15935,15935,1.5081091683112537,50,0.14872510260434155,0.002974502052086831,0.6137052122068538,12.458472757774661,1.6397267038582481,3.3152049532630956,9,"{""0"": 0.0002275808641720502, ""1"": 0.0005543787771968482, ""2"": 0.007455159225591717, ""3"": 0.004700317631515351, ""4"": 0.003935997728950003, ""5"": 0.0009735780850950182}"
primary,400,p0.10,nan,1.0,5,0.1,39.900000000000006,39.8375,25,58,15935,15935,1.5081091683112537,60,0.1392638014891215,0.002785276029782431,0.2651838102876682,12.667965650529084,1.6465525650224542,3.28895122894093,9,"{""0"": 0.00022433758007915942, ""1"": 0.0004102540590540612, ""2"": 0.006949796778974393, ""3"": 0.005015895224049173, ""4"": 0.0032424127215716454, ""5"": 0.0008689598149661531}"
primary,400,p0.10,nan,1.0,5,0.1,39.900000000000006,39.8375,25,58,15935,15935,1.5081091683112537,70,0.10877083914574195,0.0021754167829148396,0.11593627532545143,12.812545921468224,1.6584744894253982,3.3107432740631424,9,"{""0"": 0.0002039334474972933, ""1"": 0.0004164912414668479, ""2"": 0.006208681623349613, ""3"": 0.004203841309610842, ""4"": 0.0012305369455221443, ""5"": 0.0007890161300422952}"
primary,400,p0.10,nan,1.0,5,0.1,39.900000000000006,39.8375,25,58,15935,15935,1.5081091683112537,80,0.08749245119064222,0.0017498490238128449,1.694173031416771,12.994648378947485,1.6644715411464601,3.2882454852804286,9,"{""0"": 0.00020621964905946587, ""1"": 0.0004185123781075866, ""2"": 0.0041337043139099555, ""3"": 0.0038439681895709676, ""4"": 0.0010707071476051063, ""5"": 0.0008259824646239873}"
primary,400,p0.10,nan,1.0,5,0.1,39.900000000000006,39.8375,25,58,15935,15935,1.5081091683112537,90,0.05833601796321835,0.0011667203592643672,0.6448721520296644,13.189249291853683,1.6779314644606638,3.321624718812605,9,"{""0"": 0.00018482131480806536, ""1"": 0.0004354549615272189, ""2"": 0.003338008013742824, ""3"": 0.0012613946123741135, ""4"": 0.0009434467642653905, ""5"": 0.0008371964888685896}"
primary,400,p0.10,nan,1.0,5,0.1,39.900000000000006,39.8375,25,58,15935,15935,1.5081091683112537,100,0.05096166907279136,0.0010192333814558272,0.24467872563704823,13.32323830643275,1.6859534394371103,3.3158939827102483,9,"{""0"": 0.00017525570866348822, ""1"": 0.0004487051846079798, ""2"": 0.002613409693678318, ""3"": 0.0010874754553866848, ""4"": 0.0010142134515013495, ""5"": 0.0007763407948971423}"
primary,400,p0.10,nan,1.0,5,0.1,39.900000000000006,39.8375,25,58,15935,15935,1.5081091683112537,110,0.04438818304291581,0.0008877636608583163,0.1548392986390889,13.41905236210404,1.697662379264184,3.2770326633342877,9,"{""0"": 0.00016634184299809822, ""1"": 0.00047372617509105276, ""2"": 0.0020620004464012394, ""3"": 0.0011276334956022444, ""4"": 0.0006729386898738011, ""5"": 0.0008239413151834624}"
primary,400,p0.10,nan,1.0,5,0.1,39.900000000000006,39.8375,25,58,15935,15935,1.5081091683112537,120,0.04699589599037739,0.0009399179198075479,0.3381405816166695,13.510139559200388,1.707223464288168,3.2910339865042393,9,"{""0"": 0.00015933516088635538, ""1"": 0.0004732870779111125, ""2"": 0.0025698629669650033, ""3"": 0.000887569240091695, ""4"": 0.000687019884983149, ""5"": 0.0008624331880079725}"
primary,400,p0.10,nan,1.0,5,0.1,39.900000000000006,39.8375,25,58,15935,15935,1.5081091683112537,130,0.053704887158100095,0.001074097743162002,0.05279187225039703,13.616729644253908,1.7088550986064726,3.291027432788107,9,"{""0"": 0.00015285960544561967, ""1"": 0.000491853042827018, ""2"": 0.003229058624205608, ""3"": 0.0008152830986080603, ""4"": 0.0008563234879467522, ""5"": 0.0008992085999389544}"
primary,400,p0.10,nan,1.0,5,0.1,39.900000000000006,39.8375,25,58,15935,15935,1.5081091683112537,140,0.04320684726405561,0.0008641369452811123,0.251542612579688,13.672751606279766,1.708873163820709,3.273448189615978,9,"{""0"": 0.00015897440832366553, ""1"": 0.0004172986108107522, ""2"": 0.0020529734988073787, ""3"": 0.0008589265691775052, ""4"": 0.0008114283115628219, ""5"": 0.00088522027300455}"
primary,400,p0.10,nan,1.0,5,0.1,39.900000000000006,39.8375,25,58,15935,15935,1.5081091683112537,150,0.04475696217367622,0.0008951392434735245,0.6952520843888936,13.756926260807132,1.7102310780835617,3.2781441695083444,9,"{""0"": 0.0001600527857268056, ""1"": 0.0005417057464446274, ""2"": 0.0022572099578732005, ""3"": 0.0007381361443443383, ""4"": 0.0007969648574340824, ""5"": 0.0008767659690180927}"
primary,400,p0.10,nan,1.0,5,0.1,39.900000000000006,39.8375,25,58,15935,15935,1.5081091683112537,160,0.05386276499981014,0.0010772552999962028,0.4154797689781651,13.899642407584125,1.7132118268527954,3.26585253125028,8,"{""0"": 0.0001600340142400286, ""1"": 0.0005574777658449586, ""2"": 0.003325343811812597, ""3"": 0.0007457376506530975, ""4"": 0.0006482896997003325, ""5"": 0.0010266488577262037}"
primary,400,p0.10,nan,1.0,5,0.1,39.900000000000006,39.8375,25,58,15935,15935,1.5081091683112537,170,0.052249875719706955,0.0010449975143941392,0.09889854766199863,13.932554613953823,1.715437294549256,3.2655275756590405,9,"{""0"": 0.00016433246942107357, ""1"": 0.00047398083211232245, ""2"": 0.0029802518630298565, ""3"": 0.0009424551295798649, ""4"": 0.0006270194056162161, ""5"": 0.0010819453866055017}"
primary,400,p0.10,nan,1.0,5,0.1,39.900000000000006,39.8375,25,58,15935,15935,1.5081091683112537,180,0.05063710740431192,0.0010127421480862384,0.12032515749408962,14.004539604914147,1.719571453626283,3.254221662956388,8,"{""0"": 0.0001616107034375746, ""1"": 0.0005439205455330051, ""2"": 0.0029380774450310644, ""3"": 0.0006489170828786591, ""4"": 0.000569317934721114, ""5"": 0.0012146091769160137}"
primary,400,p0.10,nan,1.0,5,0.1,39.900000000000006,39.8375,25,58,15935,15935,1.5081091683112537,190,0.050102425726206844,0.001002048514524137,0.15275987591967677,14.04649356795624,1.7202985232562882,3.266320964630092,9,"{""0"": 0.00016433794213444855, ""1"": 0.0006390731085473461, ""2"": 0.0028661029374100516, ""3"": 0.0006028836551215636, ""4"": 0.0005622998367833287, ""5"": 0.0011775936071480835}"
primary,400,p0.10,nan,1.0,5,0.1,39.900000000000006,39.8375,25,58,15935,15935,1.5081091683112537,200,0.05332251668422061,0.0010664503336844124,0.06465868157911014,14.095320667141571,1.7229072905740108,3.2642606144714352,9,"{""0"": 0.00015904216512657498, ""1"": 0.0007428944314822585, ""2"": 0.0029620725638170027, ""3"": 0.0005571674529855497, ""4"": 0.000556227137469471, ""5"": 0.0014212982512256153}"
primary,400,p0.20,nan,1.0,5,0.2,79.80000000000001,79.4775,56,100,31791,31791,1.5254740004762695,0,1.0655168480832524,0.021310336961665052,nan,0.0,1.5254740004762695,10.497080614431873,23,"{""0"": 0.023467969622863776, ""1"": 0.02172263838378357, ""2"": 0.020307681530048822, ""3"": 0.021955479480487275, ""4"": 0.02114953945114558, ""5"": 0.019258713301661297}"
primary,400,p0.20,nan,1.0,5,0.2,79.80000000000001,79.4775,56,100,31791,31791,1.5254740004762695,10,0.16391394822534727,0.003278278964506946,0.08124645856788815,7.319120916806956,1.7615397795977081,2.9715528614757853,7,"{""0"": 0.0007103351011012616, ""1"": 0.001081826825135327, ""2"": 0.0023589009821252784, ""3"": 0.0006692176536670102, ""4"": 0.012487662956523076, ""5"": 0.0023617302684897246}"
primary,400,p0.20,nan,1.0,5,0.2,79.80000000000001,79.4775,56,100,31791,31791,1.5254740004762695,20,0.12087537204975132,0.0024175074409950267,0.3740609986817193,8.221086579683927,1.7559197722054822,2.6325863217348826,6,"{""0"": 0.0002691885293604388, ""1"": 0.00022564611154563606, ""2"": 0.002545493303655705, ""3"": 0.00026835112521321643, ""4"": 0.0017655726520119375, ""5"": 0.009430792924183227}"
primary,400,p0.20,nan,1.0,5,0.2,79.80000000000001,79.4775,56,100,31791,31791,1.5254740004762695,30,0.04037391236658794,0.0008074782473317588,0.07951439903467146,8.752719270922725,1.7400478765317506,2.8657559411319307,5,"{""0"": 0.00025714590039706926, ""1"": 0.00029060255357549826, ""2"": 0.0025771029747010342, ""3"": 0.0002480577650685473, ""4"": 0.0009163497111389866, ""5"": 0.0005556105791094184}"
primary,400,p0.20,nan,1.0,5,0.2,79.80000000000001,79.4775,56,100,31791,31791,1.5254740004762695,40,0.020437673163084306,0.0004087534632616862,0.06139392552724514,9.091683633088435,1.7243207507547453,2.8767662481652017,5,"{""0"": 0.0002103680893862481, ""1"": 0.00024959170591819783, ""2"": 0.00042255002321553854, ""3"": 0.0003838996239400018, ""4"": 0.0007015136581397304, ""5"": 0.00048459767897040087}"
primary,400,p0.20,nan,1.0,5,0.2,79.80000000000001,79.4775,56,100,31791,31791,1.5254740004762695,50,0.018751789319282244,0.00037503578638564493,0.09689492446289054,9.536457844611851,1.729797550759037,2.8914658471983916,5,"{""0"": 0.00017683308052694478, ""1"": 0.00023071417417830364, ""2"": 0.0003905772859276509, ""3"": 0.00041241850389519164, ""4"": 0.0005375031378788393, ""5"": 0.0005021685359069395}"
primary,400,p0.20,nan,1.0,5,0.2,79.80000000000001,79.4775,56,100,31791,31791,1.5254740004762695,60,0.015651150155587962,0.0003130230031117593,0.0689530675345693,9.862739610586933,1.7114718940749254,2.8917887503867146,5,"{""0"": 0.00024284892485289315, ""1"": 0.0001904204193832316, ""2"": 0.00023698765050289677, ""3"": 0.0003636508000451042, ""4"": 0.0004834187265158802, ""5"": 0.00036081149737054953}"
primary,400,p0.20,nan,1.0,5,0.2,79.80000000000001,79.4775,56,100,31791,31791,1.5254740004762695,70,0.02171739437831792,0.0004343478875663585,0.01816845827548667,10.17445727589313,1.7336550235879002,2.9017524295042185,5,"{""0"": 0.00022061150984895606, ""1"": 0.0001661564959145705, ""2"": 0.0002132240410295416, ""3"": 0.0014439282865250692, ""4"": 0.0003179313994829877, ""5"": 0.00024423559259702563}"
primary,400,p0.20,nan,1.0,5,0.2,79.80000000000001,79.4775,56,100,31791,31791,1.5254740004762695,80,0.014432238488198088,0.0002886447697639618,0.09800279991648322,10.404386758601186,1.7335841171216495,2.876610091693099,5,"{""0"": 0.00025809386077375515, ""1"": 0.00017277188737715716, ""2"": 0.0001785428357756529, ""3"": 0.0005435861001831663, ""4"": 0.0003276092387853334, ""5"": 0.0002512646956887055}"
primary,400,p0.20,nan,1.0,5,0.2,79.80000000000001,79.4775,56,100,31791,31791,1.5254740004762695,90,0.01338995681162475,0.00026779913623249505,0.06133873482452184,10.588761052258763,1.7241309006801737,2.8786061572775585,5,"{""0"": 0.0002934905155076968, ""1"": 0.00016957653786702013, ""2"": 0.00017933525028536896, ""3"": 0.000420400192691561, ""4"": 0.0003090128609124946, ""5"": 0.00023497946013082858}"
primary,400,p0.20,nan,1.0,5,0.2,79.80000000000001,79.4775,56,100,31791,31791,1.5254740004762695,100,0.01311449270326627,0.00026228985406532543,0.12180457283865907,10.693285079625477,1.724776980129489,2.8743734721300886,5,"{""0"": 0.00026320355945876425, ""1"": 0.00018953965703568708, ""2"": 0.00016323549038356838, ""3"": 0.00038820355857678774, ""4"": 0.00032459175226682874, ""5"": 0.0002449651066703163}"
primary,400,p0.20,nan,1.0,5,0.2,79.80000000000001,79.4775,56,100,31791,31791,1.5254740004762695,110,0.012199578665738195,0.00024399157331476392,0.03423609011643737,10.799019370231214,1.7297925003863215,2.87269310083155,5,"{""0"": 0.0002709831764267016, ""1"": 0.0001712240767078916, ""2"": 0.0001571886681452881, ""3"": 0.00032805028733960413, ""4"": 0.000306548541989586, ""5"": 0.00022995468927951217}"
primary,400,p0.20,nan,1.0,5,0.2,79.80000000000001,79.4775,56,100,31791,31791,1.5254740004762695,120,0.011580944593942008,0.00023161889187884018,0.11255127347008861,10.894628803316431,1.7269109494471144,2.8728252722792242,5,"{""0"": 0.00026919768991963677, ""1"": 0.0001752017118315958, ""2"": 0.00015588420233371083, ""3"": 0.00024854415985876865, ""4"": 0.0003025685013160232, ""5"": 0.0002383170860133059}"
primary,400,p0.20,nan,1.0,5,0.2,79.80000000000001,79.4775,56,100,31791,31791,1.5254740004762695,130,0.010857880761284749,0.000217157615225695,0.1652457842857022,10.984368337428624,1.7345275867985472,2.8699552603741667,5,"{""0"": 0.00019329418738852234, ""1"": 0.00017024040782258933, ""2"": 0.00017138021379495432, ""3"": 0.00023774184643429917, ""4"": 0.0003065588785476011, ""5"": 0.00022373015736620378}"
primary,400,p0.20,nan,1.0,5,0.2,79.80000000000001,79.4775,56,100,31791,31791,1.5254740004762695,140,0.010368181880408833,0.00020736363760817672,0.07400279227732023,11.100871236234175,1.740662750428374,2.864184708188745,5,"{""0"": 0.00018393117467757473, ""1"": 0.00015744458633774747, ""2"": 0.00017520005982459187, ""3"": 0.0002310574918374264, ""4"": 0.0002605210601839388, ""5"": 0.00023602745278778113}"
primary,400,p0.20,nan,1.0,5,0.2,79.80000000000001,79.4775,56,100,31791,31791,1.5254740004762695,150,0.010078831199359803,0.00020157662398719608,0.09241317271976726,11.17477343085003,1.7377543919774985,2.862510762247587,5,"{""0"": 0.00017655280102603732, ""1"": 0.00016271191764762348, ""2"": 0.00017776024185231428, ""3"": 0.00021152034479237324, ""4"": 0.0002638358654413187, ""5"": 0.00021707857316350954}"
primary,400,p0.20,nan,1.0,5,0.2,79.80000000000001,79.4775,56,100,31791,31791,1.5254740004762695,160,0.009837549311876925,0.00019675098623753853,0.04327756244845425,11.259073546846826,1.7295369643306602,2.8610426799052275,5,"{""0"": 0.00019221530250032012, ""1"": 0.00015227771350231393, ""2"": 0.00018191269852531425, ""3"": 0.00019562255847716757, ""4"": 0.000254981164130202, ""5"": 0.00020349648028991345}"
primary,400,p0.20,nan,1.0,5,0.2,79.80000000000001,79.4775,56,100,31791,31791,1.5254740004762695,170,0.010015054467404434,0.0002003010893480887,0.10983781663786843,11.397391352368976,1.7320616055135722,2.859986793761049,5,"{""0"": 0.00022624670704040253, ""1"": 0.0001436996274467957, ""2"": 0.00015930878953280243, ""3"": 0.0002101392378121544, ""4"": 0.00024807928896725806, ""5"": 0.0002143328852891193}"
primary,400,p0.20,nan,1.0,5,0.2,79.80000000000001,79.4775,56,100,31791,31791,1.5254740004762695,180,0.01014469873153137,0.00020289397463062745,0.01998745657964889,11.48052249166811,1.7334515496282206,2.85765106266255,5,"{""0"": 0.00022103734707257298, ""1"": 0.00013745359352587748, ""2"": 0.00016433698356485953, ""3"": 0.00022100072860757537, ""4"": 0.000252727890810247, ""5"": 0.00022080730420263222}"
primary,400,p0.20,nan,1.0,5,0.2,79.80000000000001,79.4775,56,100,31791,31791,1.5254740004762695,190,0.00983528966229804,0.00019670579324596084,0.13269223871662836,11.542141191007756,1.7336214648154635,2.8582899699878244,5,"{""0"": 0.00022894878604751023, ""1"": 0.00014025550817320183, ""2"": 0.0001569710878430138, ""3"": 0.00019054805201513714, ""4"": 0.0002436636568758605, ""5"": 0.00021984766852104143}"
primary,400,p0.20,nan,1.0,5,0.2,79.80000000000001,79.4775,56,100,31791,31791,1.5254740004762695,200,0.00946675188024149,0.00018933503760482982,0.19540558005767447,11.618886756038163,1.7317904899910617,2.856358567933417,5,"{""0"": 0.0002218978180833598, ""1"": 0.00012876768199471768, ""2"": 0.0001548383123160682, ""3"": 0.0001781083585319836, ""4"": 0.00024000809887086727, ""5"": 0.00021238995583198225}"
primary,400,p0.40,nan,1.0,5,0.4,159.60000000000002,159.6125,132,189,63845,63845,1.5513958638369654,0,1.0565696206672077,0.021131392413344156,nan,0.0,1.5513958638369654,7.86449483664546,20,"{""0"": 0.02183444680049907, ""1"": 0.020973209332465693, ""2"": 0.021174618041031296, ""3"": 0.019194766493601436, ""4"": 0.023589302797429233, ""5"": 0.020022011015038206}"
primary,400,p0.40,nan,1.0,5,0.4,159.60000000000002,159.6125,132,189,63845,63845,1.5513958638369654,10,0.22031309514835443,0.004406261902967089,0.2869454270106946,5.640303054566372,1.8323428214784168,3.121493773006266,8,"{""0"": 0.007408784480419912, ""1"": 0.0008871160062358104, ""2"": 0.0012445282029487918, ""3"": 0.0008067157698325207, ""4"": 0.014669645547291568, ""5"": 0.0014207814110739378}"
primary,400,p0.40,nan,1.0,5,0.4,159.60000000000002,159.6125,132,189,63845,63845,1.5513958638369654,20,0.053319329723615125,0.0010663865944723027,0.04725774412264079,6.72264421866709,1.7809906456323397,2.86035953042656,5,"{""0"": 0.0005444502891555258, ""1"": 0.0008005549959620311, ""2"": 0.0013102705198207933, ""3"": 0.0010454393018181007, ""4"": 0.0006396155900675508, ""5"": 0.0020579888700098135}"
primary,400,p0.40,nan,1.0,5,0.4,159.60000000000002,159.6125,132,189,63845,63845,1.5513958638369654,30,0.05478561143936517,0.0010957122287873035,0.0947304284708048,7.662999750130309,1.7788202808563727,2.753483409649,5,"{""0"": 0.002440382604922787, ""1"": 0.0005229962227607179, ""2"": 0.0005920262009598061, ""3"": 0.0006445080267336287, ""4"": 0.0004249644439380828, ""5"": 0.0019493958734087993}"
primary,400,p0.40,nan,1.0,5,0.4,159.60000000000002,159.6125,132,189,63845,63845,1.5513958638369654,40,0.032941151017529535,0.0006588230203505908,0.2132321415493448,8.183175962612346,1.7421469781626249,2.763593927737665,5,"{""0"": 0.0009665911952735105, ""1"": 0.0003290719031298848, ""2"": 0.0002880653747573378, ""3"": 0.001890643855990921, ""4"": 0.00021617147035593256, ""5"": 0.00026239432259595775}"
primary,400,p0.40,nan,1.0,5,0.4,159.60000000000002,159.6125,132,189,63845,63845,1.5513958638369654,50,0.060935955272319084,0.001218719105446382,0.036169497199917404,8.88339529259195,1.7293518943608044,2.7350030466574364,5,"{""0"": 0.004159136384267119, ""1"": 0.0003062435179133553, ""2"": 0.0002516997594324542, ""3"": 0.0021569418844862307, ""4"": 0.0002946977146173305, ""5"": 0.00014359537196180066}"
primary,400,p0.40,nan,1.0,5,0.4,159.60000000000002,159.6125,132,189,63845,63845,1.5513958638369654,60,0.06165148268687956,0.0012330296537375913,0.11616794374737499,9.238408074056494,1.748493311576389,2.7330172747259596,5,"{""0"": 0.0031798789604579555, ""1"": 0.0002751915748964844, ""2"": 0.0002204055244833383, ""3"": 0.0033149697871487326, ""4"": 0.00026734331011043187, ""5"": 0.000140388765328605}"
primary,400,p0.40,nan,1.0,5,0.4,159.60000000000002,159.6125,132,189,63845,63845,1.5513958638369654,70,0.01932720446981851,0.00038654408939637025,2.225909252104365,9.759645328217088,1.7235202772094662,2.8700884404149765,5,"{""0"": 0.0006427191966697765, ""1"": 0.0005651347698172359, ""2"": 0.00022346303939900367, ""3"": 0.00034274487275743487, ""4"": 0.0003096726574789945, ""5"": 0.00023553000025577578}"
primary,400,p0.40,nan,1.0,5,0.4,159.60000000000002,159.6125,132,189,63845,63845,1.5513958638369654,80,0.0175838403281811,0.00035167680656362203,0.09952915809420221,10.153793060278819,1.7402735849246853,2.847975629290868,5,"{""0"": 0.0008602687547996067, ""1"": 0.00024451606836640923, ""2"": 0.00017623636800602124, ""3"": 0.0003451573990556929, ""4"": 0.00030680405546146055, ""5"": 0.00017707819369254166}"
primary,400,p0.40,nan,1.0,5,0.4,159.60000000000002,159.6125,132,189,63845,63845,1.5513958638369654,90,0.013758032197298714,0.0002751606439459743,0.06406243205628122,10.452577711686178,1.759844462253291,2.8537573763674207,5,"{""0"": 0.00043952397801680224, ""1"": 0.0002429024333291373, ""2"": 0.0002162983197653851, ""3"": 0.0002316115160024347, ""4"": 0.0003318888700215744, ""5"": 0.0001887387465405122}"
primary,400,p0.40,nan,1.0,5,0.4,159.60000000000002,159.6125,132,189,63845,63845,1.5513958638369654,100,0.012987974506008047,0.00025975949012016096,0.07900892530847452,10.622266882010555,1.7545316384104896,2.859881967366032,5,"{""0"": 0.00040965015375031956, ""1"": 0.00024877272151141726, ""2"": 0.000212476045184484, ""3"": 0.00017154545333644146, ""4"": 0.000336090081903202, ""5"": 0.00018002248503510177}"
primary,400,p0.40,nan,1.0,5,0.4,159.60000000000002,159.6125,132,189,63845,63845,1.5513958638369654,110,0.012719046412016695,0.0002543809282403339,0.09113727855621573,10.833662069177386,1.7658083863464038,2.852543054858394,5,"{""0"": 0.0004119212779820857, ""1"": 0.00021589568744713128, ""2"": 0.00021220697547767432, ""3"": 0.00016663691607402985, ""4"": 0.00034719541832859834, ""5"": 0.00017242929413248411}"
primary,400,p0.40,nan,1.0,5,0.4,159.60000000000002,159.6125,132,189,63845,63845,1.5513958638369654,120,0.013212798958563705,0.00026425597917127414,0.03816256338932258,11.150834182496805,1.8083246909279613,2.8630952812905646,5,"{""0"": 0.0002873354011396566, ""1"": 0.00023442563915926834, ""2"": 0.0003096299920208492, ""3"": 0.00012938780190663283, ""4"": 0.0004065734560030979, ""5"": 0.00021818358479814014}"
primary,400,p0.40,nan,1.0,5,0.4,159.60000000000002,159.6125,132,189,63845,63845,1.5513958638369654,130,0.012784709207990474,0.0002556941841598095,0.04789056654188174,11.288984044346396,1.8050564304305052,2.861135970202325,5,"{""0"": 0.00028032782406486325, ""1"": 0.0002355096563403613, ""2"": 0.0003036561201477409, ""3"": 0.00012994432772009366, ""4"": 0.0003733810446438733, ""5"": 0.00021134613204192484}"
primary,400,p0.40,nan,1.0,5,0.4,159.60000000000002,159.6125,132,189,63845,63845,1.5513958638369654,140,0.012079372879871236,0.00024158745759742474,0.14592692962284667,11.470315848782965,1.7951765530194972,2.854734588685864,5,"{""0"": 0.0002992022551360512, ""1"": 0.0001638613090611007, ""2"": 0.0003062103676796192, ""3"": 0.0001335942434211647, ""4"": 0.000371566482384926, ""5"": 0.00017509008790168667}"
primary,400,p0.40,nan,1.0,5,0.4,159.60000000000002,159.6125,132,189,63845,63845,1.5513958638369654,150,0.010838718886990473,0.0002167743777398095,0.33686369684485573,11.604369719521534,1.8057242546659042,2.856530653678458,5,"{""0"": 0.00027254217562869363, ""1"": 0.00015401027918515023, ""2"": 0.00023941189292036964, ""3"": 0.0001323508588312486, ""4"": 0.0003389011926686372, ""5"": 0.0001634298672047578}"
primary,400,p0.40,nan,1.0,5,0.4,159.60000000000002,159.6125,132,189,63845,63845,1.5513958638369654,160,0.01085195905647135,0.00021703918112942703,0.09525577805034434,11.762062265616121,1.8029809579750566,2.8533362424137487,5,"{""0"": 0.0003125684711287823, ""1"": 0.00013937603830518251, ""2"": 0.00024150321202717604, ""3"": 0.00012927720857598717, ""4"": 0.0003165625516803663, ""5"": 0.00016294760505906777}"
primary,400,p0.40,nan,1.0,5,0.4,159.60000000000002,159.6125,132,189,63845,63845,1.5513958638369654,170,0.010866600230369103,0.0002173320046073821,0.04237878109606801,11.900936752895081,1.8027328160943783,2.855971794710002,5,"{""0"": 0.00031134151945738794, ""1"": 0.00013036333974612624, ""2"": 0.00024165540284716683, ""3"": 0.00012708411874674192, ""4"": 0.0003255648303647844, ""5"": 0.00016798281648208518}"
primary,400,p0.40,nan,1.0,5,0.4,159.60000000000002,159.6125,132,189,63845,63845,1.5513958638369654,180,0.011180179544007879,0.0002236035908801576,0.026634830519716234,12.022631938540199,1.8041447451203523,2.854236294279436,5,"{""0"": 0.00035446802952062974, ""1"": 0.0001310971661109891, ""2"": 0.00023940378329917396, ""3"": 0.00012506004798950896, ""4"": 0.0003174645919385995, ""5"": 0.0001741279264220445}"
primary,400,p0.40,nan,1.0,5,0.4,159.60000000000002,159.6125,132,189,63845,63845,1.5513958638369654,190,0.011339448586133234,0.00022678897172266472,0.051692738247425714,12.143095043940026,1.8088441479421045,2.8588414641273587,5,"{""0"": 0.0003416094680145213, ""1"": 0.0001350324757050717, ""2"": 0.0002534172418851862, ""3"": 0.0001304799270890676, ""4"": 0.0003349722956483734, ""5"": 0.00016522242199376794}"
primary,400,p0.40,nan,1.0,5,0.4,159.60000000000002,159.6125,132,189,63845,63845,1.5513958638369654,200,0.01100744692098578,0.0002201489384197156,0.05576398320691805,12.300133184628944,1.7994520992288416,2.8576690055836185,5,"{""0"": 0.0002796768017824455, ""1"": 0.0001321192180200817, ""2"": 0.0002723220736209165, ""3"": 0.00012176631428072792, ""4"": 0.0003566204434692183, ""5"": 0.00015838877934490356}"
primary,400,p0.05,nan,1.0,6,0.05,19.950000000000003,19.625,10,34,7850,7850,1.5484310679137947,0,0.9588815349784403,0.019177630699568807,nan,0.0,1.5484310679137947,8.616759746354699,21,"{""0"": 0.018841874028758608, ""1"": 0.01740796120979927, ""2"": 0.02115359784927538, ""3"": 0.019456298984020317, ""4"": 0.019092831180065512, ""5"": 0.019113220945493763}"
primary,400,p0.05,nan,1.0,6,0.05,19.950000000000003,19.625,10,34,7850,7850,1.5484310679137947,10,0.6395639247629842,0.012791278495259685,0.5658528614459989,12.108832820770772,1.9743103989761708,2.7360810181742545,12,"{""0"": 0.00810578048770377, ""1"": 0.0020591160017187876, ""2"": 0.03182630193242783, ""3"": 0.0259163579605848, ""4"": 0.0008601082534485155, ""5"": 0.007980006335674424}"
primary,400,p0.05,nan,1.0,6,0.05,19.950000000000003,19.625,10,34,7850,7850,1.5484310679137947,20,0.2391867718889353,0.004783735437778707,4.367430171065993,13.350869858336203,1.9564092508196425,3.5047814932881725,12,"{""0"": 0.0077107212877051, ""1"": 0.004838396155128733, ""2"": 0.008459779778930584, ""3"": 0.0026716500510117086, ""4"": 0.0018978194509595013, ""5"": 0.0031240459029366115}"
primary,400,p0.05,nan,1.0,6,0.05,19.950000000000003,19.625,10,34,7850,7850,1.5484310679137947,30,0.2126808201820674,0.004253616403641349,8.533540094276168,14.218746980664035,1.9543327785251088,3.4631303870069976,13,"{""0"": 0.0031841819105821283, ""1"": 0.004533324717521865, ""2"": 0.009611876259733542, ""3"": 0.004286194045594259, ""4"": 0.001322616261426254, ""5"": 0.0025835052269900472}"
primary,400,p0.05,nan,1.0,6,0.05,19.950000000000003,19.625,10,34,7850,7850,1.5484310679137947,40,0.15897666129441973,0.0031795332258883952,0.4534697553648806,14.515777910700615,1.942484797097071,3.543857641205471,12,"{""0"": 0.004156728140315017, ""1"": 0.0032479304779519927, ""2"": 0.004023664709466234, ""3"": 0.004544869506815107, ""4"": 0.000992171228845803, ""5"": 0.0021118352919362172}"
primary,400,p0.05,nan,1.0,6,0.05,19.950000000000003,19.625,10,34,7850,7850,1.5484310679137947,50,0.14722938824235032,0.002944587764847007,0.6707669989891469,14.672169669810595,1.942347179942283,3.464013118841171,12,"{""0"": 0.004632652088348147, ""1"": 0.0033010755309586847, ""2"": 0.0041670882044067105, ""3"": 0.0032185485640838806, ""4"": 0.0011448541842371106, ""5"": 0.0012033080170475107}"
primary,400,p0.05,nan,1.0,6,0.05,19.950000000000003,19.625,10,34,7850,7850,1.5484310679137947,60,0.1468966979678886,0.0029379339593577723,0.4946966562465765,14.95358523853725,1.9516248884532648,3.466648250717303,11,"{""0"": 0.0017980645932629536, ""1"": 0.0036817177258201563, ""2"": 0.00665430579096502, ""3"": 0.0027723436651871944, ""4"": 0.0012610001521081188, ""5"": 0.0014601718288031905}"
primary,400,p0.05,nan,1.0,6,0.05,19.950000000000003,19.625,10,34,7850,7850,1.5484310679137947,70,0.14721788910239378,0.002944357782047876,0.17054896913676795,15.020873997241015,1.944362104038501,3.457457055333937,11,"{""0"": 0.001606918054851636, ""1"": 0.004114099861759305, ""2"": 0.006987204569150263, ""3"": 0.002325653590932242, ""4"": 0.0014737052358060367, ""5"": 0.0011585653797877731}"
primary,400,p0.05,nan,1.0,6,0.05,19.950000000000003,19.625,10,34,7850,7850,1.5484310679137947,80,0.13322703989891224,0.002664540797978245,3.7241144458532562,14.96803861937261,1.9503960775765123,3.4190102623134586,11,"{""0"": 0.0013750225238335916, ""1"": 0.003833685496490987, ""2"": 0.0061909032471803216, ""3"": 0.001981894023029034, ""4"": 0.0013627364152433668, ""5"": 0.0012430030820921672}"
primary,400,p0.05,nan,1.0,6,0.05,19.950000000000003,19.625,10,34,7850,7850,1.5484310679137947,90,0.13450534375564896,0.0026901068751129797,0.4744183019562382,15.083747016626496,1.9541134023157738,3.434946942791252,11,"{""0"": 0.0011355662778775413, ""1"": 0.004119533561662015, ""2"": 0.006596966778516941, ""3"": 0.0017802613197308835, ""4"": 0.0014766802313509702, ""5"": 0.0010316330815395248}"
primary,400,p0.05,nan,1.0,6,0.05,19.950000000000003,19.625,10,34,7850,7850,1.5484310679137947,100,0.12181413694911102,0.0024362827389822206,0.4949621401826313,15.145154221515815,1.9570384038638389,3.405843278356783,11,"{""0"": 0.0014912780689262794, ""1"": 0.00307373900668125, ""2"": 0.006391213181198706, ""3"": 0.0014630788432208838, ""4"": 0.0011889989642466852, ""5"": 0.0010093883696195188}"
primary,400,p0.05,nan,1.0,6,0.05,19.950000000000003,19.625,10,34,7850,7850,1.5484310679137947,110,0.12418495125761597,0.0024836990251523197,0.7237318912722729,15.256363998347174,1.9537353258915144,3.383282148324727,11,"{""0"": 0.0016411537863422036, ""1"": 0.0032436969552457986, ""2"": 0.0066084460962927815, ""3"": 0.0012801700060412608, ""4"": 0.0011755672386132294, ""5"": 0.0009531600683786475}"
primary,400,p0.05,nan,1.0,6,0.05,19.950000000000003,19.625,10,34,7850,7850,1.5484310679137947,120,0.11926993749396814,0.002385398749879363,0.21621972188540745,15.301644468093002,1.9461593892904876,3.3937876893645527,11,"{""0"": 0.0015158792972212428, ""1"": 0.002882827265198528, ""2"": 0.0063159513135523804, ""3"": 0.001139220938423971, ""4"": 0.0015494707310405639, ""5"": 0.0009090429538394926}"
primary,400,p0.05,nan,1.0,6,0.05,19.950000000000003,19.625,10,34,7850,7850,1.5484310679137947,130,0.11400254301032114,0.002280050860206423,0.4610729162968654,15.388694573410115,1.945966163498215,3.38628989959479,11,"{""0"": 0.0015179015888596877, ""1"": 0.0028950744036829864, ""2"": 0.00572029539438239, ""3"": 0.0010419333228530267, ""4"": 0.001609112502026739, ""5"": 0.0008959879494337098}"
primary,400,p0.05,nan,1.0,6,0.05,19.950000000000003,19.625,10,34,7850,7850,1.5484310679137947,140,0.10992690538967854,0.0021985381077935713,0.7043564024679412,15.407969704320212,1.949616414421754,3.3622209328358426,11,"{""0"": 0.0019066875632870212, ""1"": 0.002283422512670163, ""2"": 0.005479881327828506, ""3"": 0.0010820308622099147, ""4"": 0.0014891971218669437, ""5"": 0.0009500092588988811}"
primary,400,p0.05,nan,1.0,6,0.05,19.950000000000003,19.625,10,34,7850,7850,1.5484310679137947,150,0.10797830533749099,0.0021595661067498203,0.7904935257315334,15.439832436399284,1.9478396636407838,3.371490081320266,11,"{""0"": 0.0020670149680281852, ""1"": 0.002561876090220844, ""2"": 0.005000586972378056, ""3"": 0.0010664099637832077, ""4"": 0.001412865209588616, ""5"": 0.0008486434365000128}"
primary,400,p0.05,nan,1.0,6,0.05,19.950000000000003,19.625,10,34,7850,7850,1.5484310679137947,160,0.10409029627862171,0.0020818059255724346,0.9501672299070576,15.485456996468562,1.933220753324521,3.3829293350423146,11,"{""0"": 0.002162898499302611, ""1"": 0.002960629877498302, ""2"": 0.004268203115276493, ""3"": 0.0011654981561579818, ""4"": 0.0012464588016423434, ""5"": 0.0006871471035568739}"
primary,400,p0.05,nan,1.0,6,0.05,19.950000000000003,19.625,10,34,7850,7850,1.5484310679137947,170,0.09964990026963562,0.001992998005392713,1.2395330020049493,15.542095666707286,1.933281514249136,3.3876746622784473,11,"{""0"": 0.0018584721666863196, ""1"": 0.002855315952172004, ""2"": 0.004151316606139974, ""3"": 0.0011048667426168356, ""4"": 0.0012819576208544098, ""5"": 0.0007060589438867334}"
primary,400,p0.05,nan,1.0,6,0.05,19.950000000000003,19.625,10,34,7850,7850,1.5484310679137947,180,0.09917907931411989,0.001983581586282398,0.3204486056331662,15.581640299362505,1.9322266454380679,3.388754869766471,11,"{""0"": 0.001708835317897298, ""1"": 0.002974433884531855, ""2"": 0.0039844921735465565, ""3"": 0.0010478585556437995, ""4"": 0.0014883526035580844, ""5"": 0.0006975169825167952}"
primary,400,p0.05,nan,1.0,6,0.05,19.950000000000003,19.625,10,34,7850,7850,1.5484310679137947,190,0.09790889038289183,0.001958177807657837,0.3693834722658277,15.599476766219084,1.9334055683980282,3.379285914332637,11,"{""0"": 0.0016895688080686467, ""1"": 0.0027122212448685117, ""2"": 0.004121836074720787, ""3"": 0.0010578044372589247, ""4"": 0.001446714392513295, ""5"": 0.0007209218885168566}"
primary,400,p0.05,nan,1.0,6,0.05,19.950000000000003,19.625,10,34,7850,7850,1.5484310679137947,200,0.09005039193854486,0.0018010078387708972,3.3040594404045294,15.669574052048288,1.9258203596602153,3.3728298091360784,11,"{""0"": 0.001838397467489104, ""1"": 0.0025915507704930402, ""2"": 0.0032241652872906012, ""3"": 0.001215123014376483, ""4"": 0.0012190957795902208, ""5"": 0.0007177147133859328}"
primary,400,p0.10,nan,1.0,6,0.1,39.900000000000006,39.815,23,56,15926,15926,1.5625552669075293,0,1.0167991991558951,0.0203359839831179,nan,0.0,1.5625552669075293,10.66635368617027,23,"{""0"": 0.019718390383794585, ""1"": 0.020418476653409803, ""2"": 0.01949922879886546, ""3"": 0.02001484847281208, ""4"": 0.022078573723543986, ""5"": 0.020286385866281512}"
primary,400,p0.10,nan,1.0,6,0.1,39.900000000000006,39.815,23,56,15926,15926,1.5625552669075293,10,0.39643572018485573,0.007928714403697116,0.43367940146880163,9.036133896889908,1.86454887865768,3.0761396924637245,10,"{""0"": 0.004210345627944376, ""1"": 0.00140980793482372, ""2"": 0.008798107574324901, ""3"": 0.028876442745591386, ""4"": 0.0015439268856780504, ""5"": 0.002733655653820266}"
primary,400,p0.10,nan,1.0,6,0.1,39.900000000000006,39.815,23,56,15926,15926,1.5625552669075293,20,0.11231543916729568,0.002246308783345914,0.37197993270108354,10.253407703005898,1.8474664713147517,3.210486196486617,8,"{""0"": 0.0015435936802880388, ""1"": 0.0038959938430661485, ""2"": 0.001678604119882933, ""3"": 0.0014041212108198437, ""4"": 0.002539523650518712, ""5"": 0.00241601619549981}"
primary,400,p0.10,nan,1.0,6,0.1,39.900000000000006,39.815,23,56,15926,15926,1.5625552669075293,30,0.12161751994597216,0.0024323503989194433,1.4026211497042702,11.289487593950094,1.845128007821014,3.222395961753009,9,"{""0"": 0.0028392098636255284, ""1"": 0.0006518267335955543, ""2"": 0.0029105659793629696, ""3"": 0.002766509423023272, ""4"": 0.00035340381117179626, ""5"": 0.005072586582737541}"
primary,400,p0.10,nan,1.0,6,0.1,39.900000000000006,39.815,23,56,15926,15926,1.5625552669075293,40,0.08848621271226992,0.0017697242542453987,0.16350239233516506,11.824414067933876,1.7760311380463538,3.191457577654464,8,"{""0"": 0.003176560136725473, ""1"": 0.0009029317391592784, ""2"": 0.0009272401563281748, ""3"": 0.0026517437999444976, ""4"": 0.0003563719188662609, ""5"": 0.002603497774448708}"
primary,400,p0.10,nan,1.0,6,0.1,39.900000000000006,39.815,23,56,15926,15926,1.5625552669075293,50,0.09156018277694726,0.0018312036555389454,0.05826918750859416,12.07348041856172,1.7895576349419677,3.213107539607931,8,"{""0"": 0.0034516199888048786, ""1"": 0.0010163722415685204, ""2"": 0.002143113287725919, ""3"": 0.0031505980192029783, ""4"": 0.00036178134238324885, ""5"": 0.0008637370535481265}"
primary,400,p0.10,nan,1.0,6,0.1,39.900000000000006,39.815,23,56,15926,15926,1.5625552669075293,60,0.06360102859003439,0.001272020571800688,0.08390614644898395,12.354425558441472,1.7918099230387503,3.193709017404839,8,"{""0"": 0.0012955130190564722, ""1"": 0.0006617686468738575, ""2"": 0.0012015970576719295, ""3"": 0.0032875179546730687, ""4"": 0.00039413211452731715, ""5"": 0.0007915946380014832}"
primary,400,p0.10,nan,1.0,6,0.1,39.900000000000006,39.815,23,56,15926,15926,1.5625552669075293,70,0.06226392990855035,0.0012452785981710071,0.13515805464867703,12.570290434200174,1.78084442104254,3.146266701854453,7,"{""0"": 0.002450161365535267, ""1"": 0.0005137595953001611, ""2"": 0.0004563415154825174, ""3"": 0.0030950810447539544, ""4"": 0.00037142931196666143, ""5"": 0.0005848987559874819}"
primary,400,p0.10,nan,1.0,6,0.1,39.900000000000006,39.815,23,56,15926,15926,1.5625552669075293,80,0.06540892950564667,0.0013081785901129337,0.12991086331713167,12.662643415990749,1.785489121710952,3.140492582266536,7,"{""0"": 0.002658349371911077, ""1"": 0.0004517114816085476, ""2"": 0.00042539732206297085, ""3"": 0.003304117240043196, ""4"": 0.0003610871085065324, ""5"": 0.0006484090165452781}"
primary,400,p0.10,nan,1.0,6,0.1,39.900000000000006,39.815,23,56,15926,15926,1.5625552669075293,90,0.062088950963583224,0.0012417790192716647,0.14978113564316042,12.822094561990838,1.785903823210487,3.1477023340363703,7,"{""0"": 0.0024673111652021283, ""1"": 0.0004671014448003842, ""2"": 0.0004372543663951855, ""3"": 0.0031851768931521656, ""4"": 0.0003307426987551498, ""5"": 0.0005630875473249744}"
primary,400,p0.10,nan,1.0,6,0.1,39.900000000000006,39.815,23,56,15926,15926,1.5625552669075293,100,0.06130961080061734,0.001226192216012347,0.6885334563203116,12.956417030055015,1.8400567356042674,3.133654195094969,7,"{""0"": 0.002585846986502338, ""1"": 0.0003890486890026092, ""2"": 0.0004915076845829049, ""3"": 0.0029792018848380794, ""4"": 0.0003183431394996047, ""5"": 0.0005932049116485449}"
primary,400,p0.10,nan,1.0,6,0.1,39.900000000000006,39.815,23,56,15926,15926,1.5625552669075293,110,0.062149796581354014,0.0012429959316270806,0.057591029783155875,13.14357866539997,1.854893863720449,3.123558177708731,7,"{""0"": 0.0024835545209406233, ""1"": 0.000393007196949502, ""2"": 0.0003981913153176532, ""3"": 0.003092514060134184, ""4"": 0.0003069393690350937, ""5"": 0.0007837691273854281}"
primary,400,p0.10,nan,1.0,6,0.1,39.900000000000006,39.815,23,56,15926,15926,1.5625552669075293,120,0.027282181886740156,0.0005456436377348032,0.2780934418560144,13.359758956968735,1.8304888586976489,3.180832652712431,7,"{""0"": 0.0004820562214686894, ""1"": 0.0006235663211240012, ""2"": 0.0003443426922644684, ""3"": 0.0008811313647882158, ""4"": 0.000298914471369251, ""5"": 0.0006438507553941932}"
primary,400,p0.10,nan,1.0,6,0.1,39.900000000000006,39.815,23,56,15926,15926,1.5625552669075293,130,0.02533773842790708,0.0005067547685581417,1.3359099315179297,13.45863683445568,1.8288877402907644,3.1673612302953598,7,"{""0"": 0.0005113880724506166, ""1"": 0.00040536691058045934, ""2"": 0.0003706036333760411, ""3"": 0.000795062245145413, ""4"": 0.0002790027980022913, ""5"": 0.0006791049517940286}"
primary,400,p0.10,nan,1.0,6,0.1,39.900000000000006,39.815,23,56,15926,15926,1.5625552669075293,140,0.025805539580592163,0.0005161107916118433,0.1814768468621007,13.580467526697864,1.8340286271840438,3.168559747347785,7,"{""0"": 0.0004654820518497772, ""1"": 0.000525326343954618, ""2"": 0.0004018739480048994, ""3"": 0.0007552544631820827, ""4"": 0.0002779572261221963, ""5"": 0.0006707707165574864}"
primary,400,p0.10,nan,1.0,6,0.1,39.900000000000006,39.815,23,56,15926,15926,1.5625552669075293,150,0.02646345882621543,0.0005292691765243087,0.3301723538486095,13.634697177706059,1.8238617823561647,3.1758577222553708,7,"{""0"": 0.00046751990606472597, ""1"": 0.0004631895285352321, ""2"": 0.00036936242081310987, ""3"": 0.0009596790670054596, ""4"": 0.00029069130895083186, ""5"": 0.0006251728277764929}"
primary,400,p0.10,nan,1.0,6,0.1,39.900000000000006,39.815,23,56,15926,15926,1.5625552669075293,160,0.03856132404836955,0.0007712264809673911,0.18302016768392868,13.698360939079802,1.8307176127107951,3.1611626227082312,7,"{""0"": 0.0004779136745792158, ""1"": 0.00047680688796150996, ""2"": 0.00037770278910715185, ""3"": 0.0025098391698628, ""4"": 0.00029321915771348257, ""5"": 0.0004918772065801851}"
primary,400,p0.10,nan,1.0,6,0.1,39.900000000000006,39.815,23,56,15926,15926,1.5625552669075293,170,0.03854284016678228,0.0007708568033356456,0.8438644697616091,13.807319010018821,1.8304346318906635,3.161058562419671,7,"{""0"": 0.00047650201775569526, ""1"": 0.00047886382990711026, ""2"": 0.00038366069881163385, ""3"": 0.0025728263509529137, ""4"": 0.0003143677504524327, ""5"": 0.00039892017213408735}"
primary,400,p0.10,nan,1.0,6,0.1,39.900000000000006,39.815,23,56,15926,15926,1.5625552669075293,180,0.038728749034993716,0.0007745749806998745,0.040988219102911914,13.849736694587547,1.8233618794492168,3.152526295909757,7,"{""0"": 0.0004799834210279146, ""1"": 0.0004753812853287722, ""2"": 0.0003602045525485639, ""3"": 0.0026284744768537765, ""4"": 0.0003259123997517004, ""5"": 0.0003774937486885183}"
primary,400,p0.10,nan,1.0,6,0.1,39.900000000000006,39.815,23,56,15926,15926,1.5625552669075293,190,0.03645771414224324,0.0007291542828448649,0.06383466952903698,13.92531073567081,1.8259054019415935,3.1503263877800096,7,"{""0"": 0.00045865703081118695, ""1"": 0.00045951789795686544, ""2"": 0.00037102616792673696, ""3"": 0.002343525175872958, ""4"": 0.00037076083443179014, ""5"": 0.000371438590069651}"
primary,400,p0.10,nan,1.0,6,0.1,39.900000000000006,39.815,23,56,15926,15926,1.5625552669075293,200,0.03877983745322292,0.0007755967490644586,0.1551318529295029,14.018054774271652,1.8593079831302464,3.147548228191986,7,"{""0"": 0.0004584355089613811, ""1"": 0.0004416615440620725, ""2"": 0.0003602935044733391, ""3"": 0.002695422814987672, ""4"": 0.00032416197399251186, ""5"": 0.0003736051479097761}"
primary,400,p0.20,nan,1.0,6,0.2,79.80000000000001,79.825,55,111,31930,31930,1.5633532012663345,0,0.9725956119043319,0.01945191223808664,nan,0.0,1.5633532012663345,8.608616733424443,23,"{""0"": 0.01919771550243927, ""1"": 0.02016942263087948, ""2"": 0.01838503186071618, ""3"": 0.021251708234643955, ""4"": 0.01986533773943567, ""5"": 0.01784225746040529}"
primary,400,p0.20,nan,1.0,6,0.2,79.80000000000001,79.825,55,111,31930,31930,1.5633532012663345,10,0.29538536593962494,0.005907707318792499,0.0854400569651366,6.92444044831859,1.8318976642424354,2.8304519532917007,8,"{""0"": 0.0010269237780166822, ""1"": 0.0002606139875188643, ""2"": 0.009987102807375652, ""3"": 0.018873652642598666, ""4"": 0.0007357850875512511, ""5"": 0.004562165609693875}"
primary,400,p0.20,nan,1.0,6,0.2,79.80000000000001,79.825,55,111,31930,31930,1.5633532012663345,20,0.09164700541761481,0.0018329401083522965,0.2918894978289092,8.645448879883217,1.9021710139990642,2.936431780401993,6,"{""0"": 0.0005328887840008089, ""1"": 0.0003612719729596129, ""2"": 0.007294260644904203, ""3"": 0.0013443332787764326, ""4"": 0.000893732014876881, ""5"": 0.0005711539545958401}"
primary,400,p0.20,nan,1.0,6,0.2,79.80000000000001,79.825,55,111,31930,31930,1.5633532012663345,30,0.06732655438710862,0.0013465310877421727,0.08285575774187087,9.421724358239185,1.8572467292334318,2.952642749810052,6,"{""0"": 0.000714404245633565, ""1"": 0.00031328719499689134, ""2"": 0.004544020221671412, ""3"": 0.0015484659979568146, ""4"": 0.00043154898959514907, ""5"": 0.000527459876599203}"
primary,400,p0.20,nan,1.0,6,0.2,79.80000000000001,79.825,55,111,31930,31930,1.5633532012663345,40,0.06364846203407573,0.0012729692406815147,0.2282842374559132,10.120880339220575,1.8637417911439045,2.934445746273899,6,"{""0"": 0.000615696874924615, ""1"": 0.00042863165038242994, ""2"": 0.004237238902055206, ""3"": 0.0011339062537207485, ""4"": 0.0009535444448950292, ""5"": 0.0002687973181110603}"
primary,400,p0.20,nan,1.0,6,0.2,79.80000000000001,79.825,55,111,31930,31930,1.5633532012663345,50,0.06368652166818214,0.001273730433363643,0.11865105221059993,10.567405176621284,1.870199565668489,2.927111844177199,6,"{""0"": 0.00048373853060045615, ""1"": 0.00037787557371305694, ""2"": 0.004593627317600884, ""3"": 0.0011408993242484878, ""4"": 0.0007801358451036258, ""5"": 0.00026610600891534655}"
primary,400,p0.20,nan,1.0,6,0.2,79.80000000000001,79.825,55,111,31930,31930,1.5633532012663345,60,0.06930037650683656,0.0013860075301367315,0.11375416715145177,10.998507330703017,1.8633786516486404,2.9017843285996103,6,"{""0"": 0.00044372084281230447, ""1"": 0.00046410585613403143, ""2"": 0.005043509770908676, ""3"": 0.0007690017900130091, ""4"": 0.0013532531170002626, ""5"": 0.00024245380395210587}"
primary,400,p0.20,nan,1.0,6,0.2,79.80000000000001,79.825,55,111,31930,31930,1.5633532012663345,70,0.05142723712784919,0.001028544742556984,0.11201419915472834,11.243520970725461,1.8643230918803262,2.879508121371647,5,"{""0"": 0.00041902140715457687, ""1"": 0.0002974492247354401, ""2"": 0.0031613062216801343, ""3"": 0.001052831703106656, ""4"": 0.0010285681682266432, ""5"": 0.00021209173043845305}"
primary,400,p0.20,nan,1.0,6,0.2,79.80000000000001,79.825,55,111,31930,31930,1.5633532012663345,80,0.044670901005564194,0.000893418020111284,0.05127074668652205,11.471135440313738,1.8586838537444355,2.8805423561860706,5,"{""0"": 0.0005456321255048739, ""1"": 0.0002508056296846019, ""2"": 0.0027669624002673353, ""3"": 0.00087636229694227, ""4"": 0.0007008569918137894, ""5"": 0.00021988867645483337}"
primary,400,p0.20,nan,1.0,6,0.2,79.80000000000001,79.825,55,111,31930,31930,1.5633532012663345,90,0.04043751930408769,0.0008087503860817539,0.09969234707355495,11.661161375803312,1.86005949914211,2.8769038160101816,5,"{""0"": 0.00034045351241804853, ""1"": 0.0002940280935468155, ""2"": 0.0027770330148784656, ""3"": 0.00046267916364218706, ""4"": 0.0007763349219394398, ""5"": 0.00020197361006556782}"
primary,400,p0.20,nan,1.0,6,0.2,79.80000000000001,79.825,55,111,31930,31930,1.5633532012663345,100,0.053197239044208575,0.0010639447808841716,0.10957469587724923,11.922749516546292,1.8754854973416695,2.871904014523345,5,"{""0"": 0.00022691367441598996, ""1"": 0.0001851309786561226, ""2"": 0.004932233410203704, ""3"": 0.0002875926784298228, ""4"": 0.0005532595366363965, ""5"": 0.00019853840696299483}"
primary,400,p0.20,nan,1.0,6,0.2,79.80000000000001,79.825,55,111,31930,31930,1.5633532012663345,110,0.04618334809137301,0.0009236669618274604,0.06779404926632081,12.228440762195175,1.8718917697037385,2.8745794978206893,5,"{""0"": 0.0002136066619701868, ""1"": 0.0001945946357285304, ""2"": 0.0040126000113228375, ""3"": 0.00027132593488650794, ""4"": 0.0006271957656410959, ""5"": 0.00022267876141560458}"
primary,400,p0.20,nan,1.0,6,0.2,79.80000000000001,79.825,55,111,31930,31930,1.5633532012663345,120,0.05346097219326793,0.0010692194438653587,0.10782563679137352,12.361357212985395,1.8683548244405492,2.865147187578439,5,"{""0"": 0.000228889860962687, ""1"": 0.0001563702408475709, ""2"": 0.005115117769437694, ""3"": 0.0002829294053110531, ""4"": 0.0004054607641784479, ""5"": 0.00022654862245469865}"
primary,400,p0.20,nan,1.0,6,0.2,79.80000000000001,79.825,55,111,31930,31930,1.5633532012663345,130,0.0537348431228047,0.0010746968624560942,0.13624681308795228,12.484646109442016,1.8755204045233007,2.8529827219689428,5,"{""0"": 0.00021899699788818574, ""1"": 0.00015447243305618762, ""2"": 0.005230982977227772, ""3"": 0.00026461283260012915, ""4"": 0.00034920626438753104, ""5"": 0.00022990966957675785}"
primary,400,p0.20,nan,1.0,6,0.2,79.80000000000001,79.825,55,111,31930,31930,1.5633532012663345,140,0.05035152695683208,0.0010070305391366417,1.3576641338981235,12.646046088296918,1.8715154038980144,2.8468482801052124,5,"{""0"": 0.000237989809617572, ""1"": 0.0001429074745136987, ""2"": 0.004909680928348722, ""3"": 0.0002034381218201235, ""4"": 0.00028396689070236123, ""5"": 0.00026420000981737545}"
primary,400,p0.20,nan,1.0,6,0.2,79.80000000000001,79.825,55,111,31930,31930,1.5633532012663345,150,0.03902978804516619,0.000780595760903324,0.05432869717341676,12.754872900187584,1.8284305955651121,2.84596792533156,5,"{""0"": 0.00022575887395507587, ""1"": 0.00014536925141643038, ""2"": 0.0035834970459474465, ""3"": 0.00020728532330537632, ""4"": 0.00026527555163713087, ""5"": 0.0002563885191584831}"
primary,400,p0.20,nan,1.0,6,0.2,79.80000000000001,79.825,55,111,31930,31930,1.5633532012663345,160,0.036476543713918126,0.0007295308742783626,0.06971498212602432,12.849614048462204,1.8273212098218004,2.8492598077529325,5,"{""0"": 0.0002227397554567561, ""1"": 0.00012560950930149269, ""2"": 0.003311080633142094, ""3"": 0.00020360602550875453, ""4"": 0.0002589855497883844, ""5"": 0.00025516377247269473}"
primary,400,p0.20,nan,1.0,6,0.2,79.80000000000001,79.825,55,111,31930,31930,1.5633532012663345,170,0.035662896385811105,0.0007132579277162222,0.12149554047525134,12.960079876692873,1.8274667692653286,2.8560667809310623,5,"{""0"": 0.0003762182416851962, ""1"": 0.0001228333751658566, ""2"": 0.00307601736509228, ""3"": 0.0001928953636594256, ""4"": 0.00026604800320386795, ""5"": 0.00024553521749070656}"
primary,400,p0.20,nan,1.0,6,0.2,79.80000000000001,79.825,55,111,31930,31930,1.5633532012663345,180,0.03628315591495722,0.0007256631182991444,0.043273443637991384,13.051391273880256,1.826519413771044,2.857914943287043,5,"{""0"": 0.0004189393741831954, ""1"": 0.00012499666247690533, ""2"": 0.0030782029390615615, ""3"": 0.00019572095238460483, ""4"": 0.00027738120263248354, ""5"": 0.00025873757905611554}"
primary,400,p0.20,nan,1.0,6,0.2,79.80000000000001,79.825,55,111,31930,31930,1.5633532012663345,190,0.03840413422376747,0.0007680826844753495,0.08679685779455841,13.108052180463059,1.8285997534142011,2.8569804470645788,5,"{""0"": 0.000471058430695267, ""1"": 0.00011533784806653746, ""2"": 0.003311946506335568, ""3"": 0.0001902106622652248, ""4"": 0.0002626102695186194, ""5"": 0.000257332389970881}"
primary,400,p0.20,nan,1.0,6,0.2,79.80000000000001,79.825,55,111,31930,31930,1.5633532012663345,200,0.03696361144687061,0.0007392722289374123,0.1149091612601588,13.207822592312132,1.8274876580732138,2.85541074200823,5,"{""0"": 0.00042327475112171253, ""1"": 0.00011753673103984415, ""2"": 0.003163150089674505, ""3"": 0.00019154380348203787, ""4"": 0.00027110390000570134, ""5"": 0.0002690240983006743}"
primary,400,p0.40,nan,1.0,6,0.4,159.60000000000002,160.035,131,187,64014,64014,1.5628820681107678,0,1.0304214705680923,0.02060842941136185,nan,0.0,1.5628820681107678,9.064438433767515,22,"{""0"": 0.018957593783985354, ""1"": 0.01828467919336193, ""2"": 0.022769070361290184, ""3"": 0.021258419291591175, ""4"": 0.020347919486288037, ""5"": 0.022032894351654394}"
primary,400,p0.40,nan,1.0,6,0.4,159.60000000000002,160.035,131,187,64014,64014,1.5628820681107678,10,0.11232934263119376,0.0022465868526238752,0.174649887755188,6.079211802224486,1.8132263555571766,3.0481670329029926,8,"{""0"": 0.0013627300818800285, ""1"": 0.00033253718841118665, ""2"": 0.0006527066229624188, ""3"": 0.00786932339990515, ""4"": 0.0009426494527358048, ""5"": 0.0023195743698486626}"
primary,400,p0.40,nan,1.0,6,0.4,159.60000000000002,160.035,131,187,64014,64014,1.5628820681107678,20,0.08926089530397695,0.001785217906079539,0.2279600048301782,8.152451258811313,1.7235398517248264,2.9538963276512664,7,"{""0"": 0.0006566016306232016, ""1"": 0.003602740057522888, ""2"": 0.0012539192776152587, ""3"": 0.0006266166824905473, ""4"": 0.002650718789457866, ""5"": 0.0019207109987674728}"
primary,400,p0.40,nan,1.0,6,0.4,159.60000000000002,160.035,131,187,64014,64014,1.5628820681107678,30,0.060500229416440114,0.0012100045883288025,0.11175368239679495,9.033437559276896,1.7329372740329516,2.9428481726975186,7,"{""0"": 0.00027755096334150243, ""1"": 0.0016639623911765954, ""2"": 0.0009971220685042175, ""3"": 0.0003462777587900464, ""4"": 0.0004940760484950649, ""5"": 0.0034810382996653894}"
primary,400,p0.40,nan,1.0,6,0.4,159.60000000000002,160.035,131,187,64014,64014,1.5628820681107678,40,0.04596529041915949,0.00091930580838319,0.2643479512427701,9.539983387521248,1.7293296968369685,2.9460641512583234,6,"{""0"": 0.0002329263285309378, ""1"": 0.003552973256209347, ""2"": 0.0005646220970485097, ""3"": 0.0003954165820692854, ""4"": 0.00043782285579414945, ""5"": 0.00033207373064691006}"
primary,400,p0.40,nan,1.0,6,0.4,159.60000000000002,160.035,131,187,64014,64014,1.5628820681107678,50,0.03436675969958015,0.000687335193991603,0.09502184621786065,9.953271066280074,1.7548912978992808,2.9291780118160373,6,"{""0"": 0.00020679786054531913, ""1"": 0.002224244715276405, ""2"": 0.0004897325874194785, ""3"": 0.0004728820500799886, ""4"": 0.0004119092382806438, ""5"": 0.00031844471234778333}"
primary,400,p0.40,nan,1.0,6,0.4,159.60000000000002,160.035,131,187,64014,64014,1.5628820681107678,60,0.020050222039361274,0.0004010044407872255,0.06959644331343133,10.439933434520412,1.7819563914098502,2.898148035260208,6,"{""0"": 0.00016464905890348723, ""1"": 0.0008816563862453412, ""2"": 0.0002733701452182244, ""3"": 0.00036983421457956075, ""4"": 0.0004889872718416132, ""5"": 0.00022752956793512658}"
primary,400,p0.40,nan,1.0,6,0.4,159.60000000000002,160.035,131,187,64014,64014,1.5628820681107678,70,0.02097024339187122,0.0004194048678374244,0.10609269054010236,10.770736469955594,1.7832454193977725,2.9119341339398073,6,"{""0"": 0.00016033839846282333, ""1"": 0.0007610231489064442, ""2"": 0.0002176620984861225, ""3"": 0.0006290715159118378, ""4"": 0.0005216614839439466, ""5"": 0.00022667256131337217}"
primary,400,p0.40,nan,1.0,6,0.4,159.60000000000002,160.035,131,187,64014,64014,1.5628820681107678,80,0.02361940666561312,0.00047238813331226245,0.05785487008750018,11.040037585351127,1.8164145902109927,2.884793328356032,6,"{""0"": 0.00018855854484253474, ""1"": 0.000584788111492324, ""2"": 0.0001912771523043159, ""3"": 0.001160048890487056, ""4"": 0.0004380522200708315, ""5"": 0.00027160388067651255}"
primary,400,p0.40,nan,1.0,6,0.4,159.60000000000002,160.035,131,187,64014,64014,1.5628820681107678,90,0.02977697004926825,0.0005955394009853651,0.04222572945360412,11.282770442581517,1.8151988184551113,2.8766148822996533,6,"{""0"": 0.00022232191133793135, ""1"": 0.0007804173442701127, ""2"": 0.00016737312894442012, ""3"": 0.0016928075690789558, ""4"": 0.0004949042011147238, ""5"": 0.00021541225116604654}"
primary,400,p0.40,nan,1.0,6,0.4,159.60000000000002,160.035,131,187,64014,64014,1.5628820681107678,100,0.015953089056110363,0.0003190617811222073,0.08969155721693992,11.532417727047912,1.823416283844596,2.8651254247092313,5,"{""0"": 0.0002228120384408769, ""1"": 0.0004933976000004865, ""2"": 0.00016258764416179355, ""3"": 0.00047087828146482246, ""4"": 0.0003842160750727209, ""5"": 0.0001804790475925436}"
primary,400,p0.40,nan,1.0,6,0.4,159.60000000000002,160.035,131,187,64014,64014,1.5628820681107678,110,0.016726255122601324,0.0003345251024520265,0.04335703149584196,11.83145473966932,1.8407235947390999,2.864632336215257,5,"{""0"": 0.00023152903446236827, ""1"": 0.00044379122995303575, ""2"": 0.00014570460757561487, ""3"": 0.0004451497587644791, ""4"": 0.000535590385182288, ""5"": 0.0002053855987743729}"
primary,400,p0.40,nan,1.0,6,0.4,159.60000000000002,160.035,131,187,64014,64014,1.5628820681107678,120,0.01668637746066417,0.00033372754921328344,0.05701406878166913,12.047683915595341,1.854141882200804,2.858439849611154,5,"{""0"": 0.0002353336545730525, ""1"": 0.0005272887993550276, ""2"": 0.00014344824372749875, ""3"": 0.0004643585433182714, ""4"": 0.00042346360018202903, ""5"": 0.0002084724541238215}"
primary,400,p0.40,nan,1.0,6,0.4,159.60000000000002,160.035,131,187,64014,64014,1.5628820681107678,130,0.015185031506279954,0.0003037006301255991,0.07674199382225555,12.223682837707944,1.8480038610248115,2.8547025695968173,5,"{""0"": 0.0002071460993015823, ""1"": 0.0004776280499261823, ""2"": 0.00013427499017685325, ""3"": 0.00039496320555832277, ""4"": 0.00039042128523515706, ""5"": 0.00021777015055549718}"
primary,400,p0.40,nan,1.0,6,0.4,159.60000000000002,160.035,131,187,64014,64014,1.5628820681107678,140,0.014601405232427015,0.0002920281046485403,0.10814857944843291,12.357512862660197,1.8494770329685197,2.8526469167207864,5,"{""0"": 0.00021074383817274163, ""1"": 0.00044228147907930177, ""2"": 0.00013183662723784126, ""3"": 0.0003794460997868494, ""4"": 0.0003671932621058556, ""5"": 0.00022066732150865224}"
primary,400,p0.40,nan,1.0,6,0.4,159.60000000000002,160.035,131,187,64014,64014,1.5628820681107678,150,0.01840266401160109,0.00036805328023202185,0.08656172512982811,12.496362393502867,1.8465600933497226,2.8432554770633702,5,"{""0"": 0.00020308605085845224, ""1"": 0.0003809733329881397, ""2"": 0.00013117850529891997, ""3"": 0.0009761666088125946, ""4"": 0.0003127630262699913, ""5"": 0.00020415215716403329}"
primary,400,p0.40,nan,1.0,6,0.4,159.60000000000002,160.035,131,187,64014,64014,1.5628820681107678,160,0.014236513223923598,0.000284730264478472,0.060701766392711784,12.584577129635377,1.8501450766623853,2.8454233418083783,5,"{""0"": 0.00020419083039555926, ""1"": 0.00034445839594890855, ""2"": 0.00012661069767517982, ""3"": 0.0005263302595163846, ""4"": 0.00031070491905468747, ""5"": 0.000196086484280112}"
primary,400,p0.40,nan,1.0,6,0.4,159.60000000000002,160.035,131,187,64014,64014,1.5628820681107678,170,0.013167403200723281,0.00026334806401446566,0.14080536421727816,12.733504960350896,1.8586233620424628,2.8454633869386985,5,"{""0"": 0.00019768463132052998, ""1"": 0.0003404162052600103, ""2"": 0.00012719947078931808, ""3"": 0.00040474505267052016, ""4"": 0.0003025354668915104, ""5"": 0.0002075075571549052}"
primary,400,p0.40,nan,1.0,6,0.4,159.60000000000002,160.035,131,187,64014,64014,1.5628820681107678,180,0.015170014949146373,0.0003034002989829275,0.059583561368972034,12.95229195018422,1.8489503524430826,2.8601193137790553,5,"{""0"": 0.000193099470974888, ""1"": 0.0004957528250011565, ""2"": 0.0001303579769915861, ""3"": 0.00050253093362435, ""4"": 0.00031377978261551735, ""5"": 0.0001848808046900672}"
primary,400,p0.40,nan,1.0,6,0.4,159.60000000000002,160.035,131,187,64014,64014,1.5628820681107678,190,0.01153189911865503,0.00023063798237310065,0.04575886394812301,13.134298840163353,1.8695589158460568,2.8407710068263063,5,"{""0"": 0.00017574906809584952, ""1"": 0.00037692160189079237, ""2"": 0.00013402759883549524, ""3"": 0.00027438542326717753, ""4"": 0.0002523911167977708, ""5"": 0.00017035308535151827}"
primary,400,p0.40,nan,1.0,6,0.4,159.60000000000002,160.035,131,187,64014,64014,1.5628820681107678,200,0.01169687952127766,0.00023393759042555326,0.05854187180475158,13.209109071261468,1.8682424855032491,2.846399404187811,5,"{""0"": 0.00018113070445322223, ""1"": 0.00040227061210927514, ""2"": 0.000126681032915288, ""3"": 0.00026289488044561963, ""4"": 0.0002497431210611412, ""5"": 0.00018090519156877335}"
primary,400,p0.05,nan,1.0,7,0.05,19.950000000000003,19.6,9,34,7840,7840,1.4742576746820066,0,1.0418983255335947,0.020837966510671897,nan,0.0,1.4742576746820066,12.321538485159534,22,"{""0"": 0.020319510557817267, ""1"": 0.01993995929743414, ""2"": 0.020169330670847467, ""3"": 0.021922490164903052, ""4"": 0.022026003746713506, ""5"": 0.02065050462631594}"
primary,400,p0.05,nan,1.0,7,0.05,19.950000000000003,19.6,9,34,7840,7840,1.4742576746820066,10,0.45502228050298366,0.009100445610059675,0.16696616493508054,11.376826397557235,1.7621287651346296,3.5385524564867716,12,"{""0"": 0.009396205854871812, ""1"": 0.0010827491358171453, ""2"": 0.004129332190441842, ""3"": 0.022098373775241473, ""4"": 0.006989062937532997, ""5"": 0.010906949766452774}"
primary,400,p0.05,nan,1.0,7,0.05,19.950000000000003,19.6,9,34,7840,7840,1.4742576746820066,20,0.2076086442569084,0.0041521728851381685,0.8025795127528523,12.810558854939135,1.7519609938011855,3.6341024118601704,11,"{""0"": 0.002595523295924448, ""1"": 0.005507854735457431, ""2"": 0.0020990412033779237, ""3"": 0.009451737251254654, ""4"": 0.003223563581755294, ""5"": 0.0020353172430592576}"
primary,400,p0.05,nan,1.0,7,0.05,19.950000000000003,19.6,9,34,7840,7840,1.4742576746820066,30,0.19276725029253605,0.0038553450058507214,2.6499330581296516,13.121984997439132,1.7903091203071555,3.5377992960123295,11,"{""0"": 0.000983030669353922, ""1"": 0.00796098453122317, ""2"": 0.0013195046639291037, ""3"": 0.006688300916689616, ""4"": 0.004451091621923333, ""5"": 0.001729157631985182}"
primary,400,p0.05,nan,1.0,7,0.05,19.950000000000003,19.6,9,34,7840,7840,1.4742576746820066,40,0.14800164875531743,0.002960032975106349,0.2102000400430768,13.46302158397641,1.805999691887031,3.3589584137503574,10,"{""0"": 0.0006221754121390041, ""1"": 0.0081322164794893, ""2"": 0.0019377020025769898, ""3"": 0.0018629769076596186, ""4"": 0.0031556229061802527, ""5"": 0.0020495041425929255}"
primary,400,p0.05,nan,1.0,7,0.05,19.950000000000003,19.6,9,34,7840,7840,1.4742576746820066,50,0.13811082052735008,0.002762216410547002,0.3975581151507926,13.758990969436233,1.8064222814790625,3.3871665990601567,10,"{""0"": 0.0009870999642756103, ""1"": 0.005680910717977014, ""2"": 0.002063215100391573, ""3"": 0.002395227706455572, ""4"": 0.0035080864037415316, ""5"": 0.0019387585704407101}"
primary,400,p0.05,nan,1.0,7,0.05,19.950000000000003,19.6,9,34,7840,7840,1.4742576746820066,60,0.11509333044882482,0.002301866608976497,0.6094832995500788,13.937122594472521,1.8003378155707963,3.3306065076720386,10,"{""0"": 0.0008005480804302121, ""1"": 0.005013160218164801, ""2"": 0.0021132437601875612, ""3"": 0.0010290376023951615, ""4"": 0.0029282442469375507, ""5"": 0.0019269657457436948}"
primary,400,p0.05,nan,1.0,7,0.05,19.950000000000003,19.6,9,34,7840,7840,1.4742576746820066,70,0.07579983651361488,0.0015159967302722976,3.507533613153515,14.005229198821713,1.7891008950917693,3.303468582137901,9,"{""0"": 0.0010993830083215804, ""1"": 0.0029683863461038356, ""2"": 0.0012183614242796857, ""3"": 0.0007125190597718916, ""4"": 0.0012560664217347562, ""5"": 0.0018412641214220354}"
primary,400,p0.05,nan,1.0,7,0.05,19.950000000000003,19.6,9,34,7840,7840,1.4742576746820066,80,0.07797388895843048,0.00155947777916861,0.07177532989716842,14.110776846890223,1.7884206148405664,3.3091615257154925,9,"{""0"": 0.0012283905008819848, ""1"": 0.0030316106202541563, ""2"": 0.0012178045121891297, ""3"": 0.0006496740595967862, ""4"": 0.001303575262903089, ""5"": 0.001925811719186513}"
primary,400,p0.05,nan,1.0,7,0.05,19.950000000000003,19.6,9,34,7840,7840,1.4742576746820066,90,0.07120448715707721,0.0014240897431415445,0.3899455654123171,14.243695739067906,1.7774863563742507,3.3054951533078527,9,"{""0"": 0.0010766902784834311, ""1"": 0.0032835108911771238, ""2"": 0.0009652378574799975, ""3"": 0.0006453476053912223, ""4"": 0.0011806544435270941, ""5"": 0.0013930973827903982}"
primary,400,p0.05,nan,1.0,7,0.05,19.950000000000003,19.6,9,34,7840,7840,1.4742576746820066,100,0.07239106045267547,0.0014478212090535097,1.00605820457291,14.348598880438743,1.7628504210192242,3.3359216257360904,9,"{""0"": 0.0009065019107117866, ""1"": 0.0038505718322892008, ""2"": 0.0008271950985407033, ""3"": 0.0006421655689644731, ""4"": 0.0014192544167407587, ""5"": 0.0010412384270741364}"
primary,400,p0.05,nan,1.0,7,0.05,19.950000000000003,19.6,9,34,7840,7840,1.4742576746820066,110,0.06352267238936314,0.0012704534477872632,0.28666386752232087,14.432468886043784,1.7589607554646058,3.329962132599222,9,"{""0"": 0.000966731009456018, ""1"": 0.0029298221122371405, ""2"": 0.0008273412154961799, ""3"": 0.0006647863581000808, ""4"": 0.001154096487223104, ""5"": 0.0010799435042110558}"
primary,400,p0.05,nan,1.0,7,0.05,19.950000000000003,19.6,9,34,7840,7840,1.4742576746820066,120,0.05657755838464461,0.0011315511676928923,0.21459273277420718,14.537646751388113,1.7602712302617327,3.3096457962572514,9,"{""0"": 0.0009835191448873174, ""1"": 0.0024564504390220342, ""2"": 0.0007290076735320033, ""3"": 0.0006768289686025139, ""4"": 0.0009460154186161761, ""5"": 0.0009974853614973084}"
primary,400,p0.05,nan,1.0,7,0.05,19.950000000000003,19.6,9,34,7840,7840,1.4742576746820066,130,0.05128468527093735,0.0010256937054187473,0.18380454015717781,14.674291318487239,1.7519822414855604,3.3143156998752894,9,"{""0"": 0.0009551717968883589, ""1"": 0.0019254801076342008, ""2"": 0.000630366484915686, ""3"": 0.0006998169427799935, ""4"": 0.0009193187018369457, ""5"": 0.0010240081984572995}"
primary,400,p0.05,nan,1.0,7,0.05,19.950000000000003,19.6,9,34,7840,7840,1.4742576746820066,140,0.05062423099133313,0.0010124846198266628,0.5872001002860234,14.71470796840632,1.7538636346322902,3.3250828033879554,9,"{""0"": 0.0009437293226309078, ""1"": 0.001850738536285837, ""2"": 0.0006255728190031397, ""3"": 0.0006716608832762459, ""4"": 0.0009635655265783655, ""5"": 0.0010196406311854809}"
primary,400,p0.05,nan,1.0,7,0.05,19.950000000000003,19.6,9,34,7840,7840,1.4742576746820066,150,0.04974795983879073,0.0009949591967758147,0.1544941079285303,14.761468751218029,1.7564722470220353,3.3220842102844355,9,"{""0"": 0.00100129212555908, ""1"": 0.0017491010491575156, ""2"": 0.0005797141648453328, ""3"": 0.0006692992691983006, ""4"": 0.0009932095149903424, ""5"": 0.0009771390569043175}"
primary,400,p0.05,nan,1.0,7,0.05,19.950000000000003,19.6,9,34,7840,7840,1.4742576746820066,160,0.048982518398600475,0.0009796503679720097,0.1984481452858347,14.822455080828647,1.7550160827037333,3.3175441624483297,9,"{""0"": 0.0009505603388705817, ""1"": 0.001870108815734776, ""2"": 0.0005636856801718719, ""3"": 0.0006291184809398872, ""4"": 0.001010048772414744, ""5"": 0.0008543801197001972}"
primary,400,p0.05,nan,1.0,7,0.05,19.950000000000003,19.6,9,34,7840,7840,1.4742576746820066,170,0.047031115809822804,0.0009406223161964563,0.28359746282809417,14.887835508142405,1.7520932383238486,3.310208196656576,9,"{""0"": 0.0008547417583992698, ""1"": 0.0019046331974620957, ""2"": 0.0005438278299863079, ""3"": 0.0006248045887801686, ""4"": 0.000915837818764442, ""5"": 0.0007998887037864533}"
primary,400,p0.05,nan,1.0,7,0.05,19.950000000000003,19.6,9,34,7840,7840,1.4742576746820066,180,0.04592378203412316,0.0009184756406824633,0.22391862228947249,14.928686075060584,1.748228540253608,3.3003735265948726,9,"{""0"": 0.0008586440066189032, ""1"": 0.0018783066147354862, ""2"": 0.0005539212420068078, ""3"": 0.0006260855292016978, ""4"": 0.000793980217882301, ""5"": 0.0007999162336495833}"
primary,400,p0.05,nan,1.0,7,0.05,19.950000000000003,19.6,9,34,7840,7840,1.4742576746820066,190,0.0463316154021208,0.0009266323080424162,0.11206764762270172,14.992561469841657,1.74928177912886,3.298787452705759,9,"{""0"": 0.000839630347162054, ""1"": 0.002066680671049471, ""2"": 0.0005149722159779075, ""3"": 0.0005905682728738367, ""4"": 0.0008390045788078544, ""5"": 0.0007089377623833735}"
primary,400,p0.05,nan,1.0,7,0.05,19.950000000000003,19.6,9,34,7840,7840,1.4742576746820066,200,0.04756368028215588,0.0009512736056431178,1.1749292762275632,15.061035703952735,1.7475234996366482,3.3017426701636508,9,"{""0"": 0.0008183471688020926, ""1"": 0.0022051604543903438, ""2"": 0.000497514429629089, ""3"": 0.0005645603962360315, ""4"": 0.0008586147463274403, ""5"": 0.0007634444384737097}"
primary,400,p0.10,nan,1.0,7,0.1,39.900000000000006,39.3275,20,59,15731,15731,1.5450578906575814,0,1.0328822010083194,0.020657644020166392,nan,0.0,1.5450578906575814,9.962908001996656,22,"{""0"": 0.02192761852605155, ""1"": 0.019500836892335276, ""2"": 0.01802321831290777, ""3"": 0.02290316559124195, ""4"": 0.022894495389671574, ""5"": 0.018696529408790224}"
primary,400,p0.10,nan,1.0,7,0.1,39.900000000000006,39.3275,20,59,15731,15731,1.5450578906575814,10,0.5894730315770559,0.01178946063154112,0.10680273871030997,9.880668416811789,1.7291378877966421,4.378445920424756,14,"{""0"": 0.022297306124701193, ""1"": 0.0008578462160589481, ""2"": 0.004787619947511505, ""3"": 0.011725728978473477, ""4"": 0.024833660276962297, ""5"": 0.006234602245539292}"
primary,400,p0.10,nan,1.0,7,0.1,39.900000000000006,39.3275,20,59,15731,15731,1.5450578906575814,20,0.3646295407737403,0.007292590815474807,0.6270390159263269,11.740760161357501,1.7685502935970843,3.7830494598961795,13,"{""0"": 0.015784108022334577, ""1"": 0.0008733803253832169, ""2"": 0.004115751891597055, ""3"": 0.008664653366361755, ""4"": 0.008203604424557021, ""5"": 0.006114046862615213}"
primary,400,p0.10,nan,1.0,7,0.1,39.900000000000006,39.3275,20,59,15731,15731,1.5450578906575814,30,0.19259874533394183,0.0038519749066788372,1.0500381962770602,12.364605158426839,1.7820512270216866,3.5994552968156004,11,"{""0"": 0.0047425745198036, ""1"": 0.001390319643082889, ""2"": 0.0025680212526158737, ""3"": 0.0044802945092549725, ""4"": 0.00628438027447225, ""5"": 0.0036462592408434366}"
primary,400,p0.10,nan,1.0,7,0.1,39.900000000000006,39.3275,20,59,15731,15731,1.5450578906575814,40,0.22170841013458564,0.004434168202691714,0.1735427325537883,12.822543084411413,1.7799145005647936,3.4806424292257616,11,"{""0"": 0.011022436797556125, ""1"": 0.0020439492231393583, ""2"": 0.002569222217138746, ""3"": 0.00179526752950687, ""4"": 0.003523187216745125, ""5"": 0.005650946232064056}"
primary,400,p0.10,nan,1.0,7,0.1,39.900000000000006,39.3275,20,59,15731,15731,1.5450578906575814,50,0.14236768873425618,0.0028473537746851237,0.28175304702904413,13.192897793452623,1.7839871039167967,3.421474777483318,11,"{""0"": 0.005435922350020076, ""1"": 0.0005709773714720541, ""2"": 0.00293556045915905, ""3"": 0.0014072635397572096, ""4"": 0.0016090987545142135, ""5"": 0.005125300173188139}"
primary,400,p0.10,nan,1.0,7,0.1,39.900000000000006,39.3275,20,59,15731,15731,1.5450578906575814,60,0.10001510202049145,0.0020003020404098294,0.36270658651771165,13.508434918391137,1.7878870833160576,3.310440081091548,10,"{""0"": 0.0019605102067586375, ""1"": 0.0006755585331733923, ""2"": 0.0023079863681324453, ""3"": 0.0008089853430725549, ""4"": 0.001940225729119437, ""5"": 0.004308546062202509}"
primary,400,p0.10,nan,1.0,7,0.1,39.900000000000006,39.3275,20,59,15731,15731,1.5450578906575814,70,0.10150699815910022,0.0020301399631820045,0.4874902951587129,13.676250313763484,1.7810948998191753,3.332794249272158,10,"{""0"": 0.002016679965882429, ""1"": 0.00047571738994437097, ""2"": 0.0025622885094055063, ""3"": 0.0007598263642913179, ""4"": 0.0016275304673073958, ""5"": 0.004738797082261008}"
primary,400,p0.10,nan,1.0,7,0.1,39.900000000000006,39.3275,20,59,15731,15731,1.5450578906575814,80,0.0992474194879413,0.001984948389758826,0.24348335924779652,13.858567876929996,1.733866972881361,3.3474624978657395,10,"{""0"": 0.001657867962373687, ""1"": 0.00043224281728137197, ""2"": 0.002383574724427153, ""3"": 0.000823214487863434, ""4"": 0.0012772603986396284, ""5"": 0.005335529947967682}"
primary,400,p0.10,nan,1.0,7,0.1,39.900000000000006,39.3275,20,59,15731,15731,1.5450578906575814,90,0.08687484537985059,0.001737496907597012,0.16080668023653547,14.03629436681114,1.7306959771123103,3.316602766962843,10,"{""0"": 0.0012196118454389586, ""1"": 0.00043862379192306257, ""2"": 0.002755422577470737, ""3"": 0.0007111234411904135, ""4"": 0.001138866931674868, ""5"": 0.004161332857884031}"
primary,400,p0.10,nan,1.0,7,0.1,39.900000000000006,39.3275,20,59,15731,15731,1.5450578906575814,100,0.08053341556876509,0.0016106683113753018,0.28261012386636286,14.125105951630474,1.734957190210515,3.309721733154542,10,"{""0"": 0.0010387195958680262, ""1"": 0.0004453475381036946, ""2"": 0.002882448257680887, ""3"": 0.0006363198439392772, ""4"": 0.0010947348521232094, ""5"": 0.003566439780536717}"
primary,400,p0.10,nan,1.0,7,0.1,39.900000000000006,39.3275,20,59,15731,15731,1.5450578906575814,110,0.06738467165416963,0.0013476934330833928,0.11245006527042241,14.07723117402716,1.7739826251790918,3.298960232371529,10,"{""0"": 0.000734593155681159, ""1"": 0.0004915621086942071, ""2"": 0.0019658465474191975, ""3"": 0.0006294614586439525, ""4"": 0.0010987413758901127, ""5"": 0.0031659559521717293}"
primary,400,p0.10,nan,1.0,7,0.1,39.900000000000006,39.3275,20,59,15731,15731,1.5450578906575814,120,0.06541751514686707,0.0013083503029373417,0.08280514262969824,14.131688489970717,1.7692953786969152,3.2953460322796824,10,"{""0"": 0.0006863906347417067, ""1"": 0.0004081877120729995, ""2"": 0.0020810098829460145, ""3"": 0.0006817226531706482, ""4"": 0.0009521492647497083, ""5"": 0.0030406416699429732}"
primary,400,p0.10,nan,1.0,7,0.1,39.900000000000006,39.3275,20,59,15731,15731,1.5450578906575814,130,0.06867598134009627,0.0013735196268019254,1.1833124980260075,14.232595785013682,1.759287707997724,3.26096926894946,10,"{""0"": 0.0006473149939459777, ""1"": 0.0004251980650361583, ""2"": 0.002378068330042623, ""3"": 0.0006834321230718758, ""4"": 0.0008879179896982605, ""5"": 0.0032191862590166577}"
primary,400,p0.10,nan,1.0,7,0.1,39.900000000000006,39.3275,20,59,15731,15731,1.5450578906575814,140,0.06674403077377428,0.0013348806154754856,0.21393237679714966,14.276905068729954,1.7608665078269066,3.265754000832515,10,"{""0"": 0.0006259537541313139, ""1"": 0.00040885663739817534, ""2"": 0.0024210452501075676, ""3"": 0.0006648282406702052, ""4"": 0.0008782485051434249, ""5"": 0.0030103513054022266}"
primary,400,p0.10,nan,1.0,7,0.1,39.900000000000006,39.3275,20,59,15731,15731,1.5450578906575814,150,0.06617007597140159,0.0013234015194280321,0.28267047931821804,14.347033631900285,1.762787830815449,3.2756321629818244,10,"{""0"": 0.0006324873522228204, ""1"": 0.00035320293994849664, ""2"": 0.0022488236080967883, ""3"": 0.0006499223666545325, ""4"": 0.0008347483520084597, ""5"": 0.0032212244976370943}"
primary,400,p0.10,nan,1.0,7,0.1,39.900000000000006,39.3275,20,59,15731,15731,1.5450578906575814,160,0.061072162423343325,0.0012214432484668667,0.35307457274642495,14.408245091308487,1.7630066536878877,3.2741937055122414,10,"{""0"": 0.0005679290269048883, ""1"": 0.0003585841758335123, ""2"": 0.002234652673447897, ""3"": 0.0005678417759602262, ""4"": 0.0008745361299146382, ""5"": 0.002725115708740038}"
primary,400,p0.10,nan,1.0,7,0.1,39.900000000000006,39.3275,20,59,15731,15731,1.5450578906575814,170,0.06250574100954294,0.001250114820190859,0.08524108465690308,14.501439279566943,1.761105022821153,3.2742079117572773,10,"{""0"": 0.0005117650947668454, ""1"": 0.0003493601505421326, ""2"": 0.0021831697884829313, ""3"": 0.0005461414452547879, ""4"": 0.0009751405936778157, ""5"": 0.002935111848420639}"
primary,400,p0.10,nan,1.0,7,0.1,39.900000000000006,39.3275,20,59,15731,15731,1.5450578906575814,180,0.06252374773777712,0.0012504749547555428,0.2540199390901476,14.550220779623672,1.7640080495184367,3.279142224774779,10,"{""0"": 0.0005530379409703861, ""1"": 0.0003311367944543574, ""2"": 0.002231620173208872, ""3"": 0.000540994184515862, ""4"": 0.0009465406375238457, ""5"": 0.002899519997859933}"
primary,400,p0.10,nan,1.0,7,0.1,39.900000000000006,39.3275,20,59,15731,15731,1.5450578906575814,190,0.05927349845224184,0.001185469969044837,0.12097659321382519,14.584208414583333,1.7679990036647042,3.286146340810484,10,"{""0"": 0.000506887632988408, ""1"": 0.00035106938587566673, ""2"": 0.0019510217418910775, ""3"": 0.0005301450435221635, ""4"": 0.0009323069534755646, ""5"": 0.0028413890565161413}"
primary,400,p0.10,nan,1.0,7,0.1,39.900000000000006,39.3275,20,59,15731,15731,1.5450578906575814,200,0.06037140812598189,0.001207428162519638,0.12325573036595677,14.665854304735559,1.766368171166167,3.283878460132649,10,"{""0"": 0.00042963917279619705, ""1"": 0.0003448886982348462, ""2"": 0.002119207734871934, ""3"": 0.0005074010316478216, ""4"": 0.0009830418975825066, ""5"": 0.002860390439984521}"
primary,400,p0.20,nan,1.0,7,0.2,79.80000000000001,79.2975,56,106,31719,31719,1.5040322767981833,0,0.9932207905367814,0.01986441581073563,nan,0.0,1.5040322767981833,6.908999372836215,21,"{""0"": 0.021779826123366618, ""1"": 0.0191532638180515, ""2"": 0.01893360278810025, ""3"": 0.01827159672904353, ""4"": 0.017850933032022877, ""5"": 0.023197272373829007}"
primary,400,p0.20,nan,1.0,7,0.2,79.80000000000001,79.2975,56,106,31719,31719,1.5040322767981833,10,0.2787376039775029,0.00557475207955006,0.2125375289481631,7.421265969460909,1.8133138685781334,3.311811064275729,9,"{""0"": 0.01656836557783527, ""1"": 0.0003142690345778776, ""2"": 0.001238987796746826, ""3"": 0.0017046744959670582, ""4"": 0.005107705998715613, ""5"": 0.008514509573457707}"
primary,400,p0.20,nan,1.0,7,0.2,79.80000000000001,79.2975,56,106,31719,31719,1.5040322767981833,20,0.10009858437412664,0.002001971687482533,0.16400880882860908,8.861924931136874,1.7670650115998578,3.0802695458984646,8,"{""0"": 0.0005487525198288343, ""1"": 0.0018355407489749173, ""2"": 0.0022858163308993504, ""3"": 0.0010185108793157593, ""4"": 0.0022769444984897308, ""5"": 0.004046265147386606}"
primary,400,p0.20,nan,1.0,7,0.2,79.80000000000001,79.2975,56,106,31719,31719,1.5040322767981833,30,0.06270382514240906,0.0012540765028481813,0.30332477720139905,9.673934866454905,1.76321843257617,3.0605326435025195,7,"{""0"": 0.002552360859998736, ""1"": 0.0009076878557814881, ""2"": 0.0002675803062194695, ""3"": 0.0008094891413344265, ""4"": 0.0020228020342785763, ""5"": 0.0009645388194763927}"
primary,400,p0.20,nan,1.0,7,0.2,79.80000000000001,79.2975,56,106,31719,31719,1.5040322767981833,40,0.04134455003764077,0.0008268910007528156,0.16491717094229993,10.125920447648099,1.7809587840725092,3.076568219566204,7,"{""0"": 0.0005086608360722617, ""1"": 0.0005938639241830656, ""2"": 0.0003927199107021352, ""3"": 0.0002966935360235916, ""4"": 0.0007630053415895392, ""5"": 0.002406402455946301}"
primary,400,p0.20,nan,1.0,7,0.2,79.80000000000001,79.2975,56,106,31719,31719,1.5040322767981833,50,0.023228731775454193,0.00046457463550908393,0.4612806932798735,10.829248287148172,1.788366807965478,3.114386303300224,7,"{""0"": 0.0006110818213625873, ""1"": 0.0005090911239694891, ""2"": 0.0005194422650319664, ""3"": 0.00032226205646276326, ""4"": 0.00041448992510815917, ""5"": 0.0004110806211195382}"
primary,400,p0.20,nan,1.0,7,0.2,79.80000000000001,79.2975,56,106,31719,31719,1.5040322767981833,60,0.02164590362260208,0.00043291807245204167,0.25111998559501464,11.213119390389217,1.7890997005656732,3.1021122044807576,7,"{""0"": 0.0005686823892131016, ""1"": 0.0003420856069737313, ""2"": 0.0006973295320681409, ""3"": 0.0002726706816818842, ""4"": 0.00032963604694087584, ""5"": 0.00038710417783451625}"
primary,400,p0.20,nan,1.0,7,0.2,79.80000000000001,79.2975,56,106,31719,31719,1.5040322767981833,70,0.020853907890293528,0.0004170781578058706,0.12769078669572206,11.384373056248107,1.783992111167889,3.1062417894251886,7,"{""0"": 0.0005443621191636676, ""1"": 0.0003359258599088961, ""2"": 0.0005928176012500164, ""3"": 0.000309269547045761, ""4"": 0.00037586147033479104, ""5"": 0.00034423234913209187}"
primary,400,p0.20,nan,1.0,7,0.2,79.80000000000001,79.2975,56,106,31719,31719,1.5040322767981833,80,0.018475562943891216,0.00036951125887782434,0.06256623889634949,11.551621374115127,1.7972534664391546,3.1013218792313153,6,"{""0"": 0.0005045708067872451, ""1"": 0.00029188223025452913, ""2"": 0.0004961705021517843, ""3"": 0.0003159042084734837, ""4"": 0.00032044038951382166, ""5"": 0.00028809941608608214}"
primary,400,p0.20,nan,1.0,7,0.2,79.80000000000001,79.2975,56,106,31719,31719,1.5040322767981833,90,0.0193543401428924,0.00038708680285784805,0.16638230594500952,11.80067675751615,1.7882183128670899,3.101051554147529,6,"{""0"": 0.000587516759254872, ""1"": 0.0002894914074129776, ""2"": 0.0006220270555895081, ""3"": 0.00030309769400742114, ""4"": 0.000295400649838069, ""5"": 0.0002249872510442403}"
primary,400,p0.20,nan,1.0,7,0.2,79.80000000000001,79.2975,56,106,31719,31719,1.5040322767981833,100,0.019422557283135064,0.00038845114566270135,0.03953131235212691,11.957783926544192,1.7882148093095607,3.098717191619115,6,"{""0"": 0.0005323743495926266, ""1"": 0.0002714151928582064, ""2"": 0.0007309367597035694, ""3"": 0.0002881805564051954, ""4"": 0.000281860580801295, ""5"": 0.00022593943461531523}"
primary,400,p0.20,nan,1.0,7,0.2,79.80000000000001,79.2975,56,106,31719,31719,1.5040322767981833,110,0.0204492149580665,0.0004089842991613301,0.1774694151764166,12.173302103708513,1.7802459234673882,3.09870165422152,6,"{""0"": 0.00044917357578918096, ""1"": 0.0002357378440922907, ""2"": 0.0010228634999138945, ""3"": 0.00025170550289261694, ""4"": 0.0002549150007169263, ""5"": 0.00023951037156307153}"
primary,400,p0.20,nan,1.0,7,0.2,79.80000000000001,79.2975,56,106,31719,31719,1.5040322767981833,120,0.017122466909961907,0.00034244933819923824,0.12077884432441095,12.282636364788937,1.7770411361469451,3.09281624219569,6,"{""0"": 0.00040256588623948167, ""1"": 0.00021689619199396319, ""2"": 0.0007473013024712924, ""3"": 0.00025901791338426964, ""4"": 0.0002424616409431742, ""5"": 0.00018645309416324832}"
primary,400,p0.20,nan,1.0,7,0.2,79.80000000000001,79.2975,56,106,31719,31719,1.5040322767981833,130,0.014628292631068606,0.00029256585262137216,0.037145699377424075,12.507838983372915,1.7633771125395161,3.0776604935631866,6,"{""0"": 0.00041670112596679424, ""1"": 0.0002453435383369932, ""2"": 0.0004596912278435522, ""3"": 0.00021183310482980315, ""4"": 0.00023985580753573481, ""5"": 0.00018197031121535556}"
primary,400,p0.20,nan,1.0,7,0.2,79.80000000000001,79.2975,56,106,31719,31719,1.5040322767981833,140,0.014022680572479438,0.0002804536114495888,0.16570919902989467,12.58500344018255,1.7631092873249636,3.078449289812018,6,"{""0"": 0.0004200862364926049, ""1"": 0.00023867483430961507, ""2"": 0.000363946202067446, ""3"": 0.0002157121704542369, ""4"": 0.00025985185267060867, ""5"": 0.00018445037270302113}"
primary,400,p0.20,nan,1.0,7,0.2,79.80000000000001,79.2975,56,106,31719,31719,1.5040322767981833,150,0.013237452580922886,0.00026474905161845777,0.5899140221368089,12.69435380280574,1.7677527574982725,3.0825889302922884,6,"{""0"": 0.00034702785426272433, ""1"": 0.00023323888941934883, ""2"": 0.00036172347512410954, ""3"": 0.0002157283924875848, ""4"": 0.00024201690450866134, ""5"": 0.00018875879390831753}"
primary,400,p0.20,nan,1.0,7,0.2,79.80000000000001,79.2975,56,106,31719,31719,1.5040322767981833,160,0.012764712834159581,0.0002552942566831916,0.09360839152024836,12.76321940161499,1.7663725239713386,3.082129826565551,6,"{""0"": 0.0003283629576528166, ""1"": 0.00023783058883815214, ""2"": 0.0003239162923856298, ""3"": 0.00020756413341117477, ""4"": 0.00023769609717792786, ""5"": 0.00019639547063344842}"
primary,400,p0.20,nan,1.0,7,0.2,79.80000000000001,79.2975,56,106,31719,31719,1.5040322767981833,170,0.012761927808068847,0.00025523855616137696,0.13143050627657504,12.89565064879303,1.763914892428135,3.0767598220764683,6,"{""0"": 0.0003380929358546697, ""1"": 0.00023567059966573978, ""2"": 0.0003280962442496046, ""3"": 0.00020295736147850943, ""4"": 0.00023104567086014403, ""5"": 0.00019556852485959429}"
primary,400,p0.20,nan,1.0,7,0.2,79.80000000000001,79.2975,56,106,31719,31719,1.5040322767981833,180,0.012580013907395982,0.00025160027814791967,0.3932135408756769,13.100313583290513,1.7664036491261876,3.0726495796262356,6,"{""0"": 0.00031376788587458534, ""1"": 0.00023457559346179904, ""2"": 0.0003700529728313507, ""3"": 0.00019158679341938658, ""4"": 0.0002033899340101117, ""5"": 0.00019622848929028484}"
primary,400,p0.20,nan,1.0,7,0.2,79.80000000000001,79.2975,56,106,31719,31719,1.5040322767981833,190,0.01215695286191417,0.00024313905723828344,0.06959074703611988,13.157048062091027,1.770500857076118,3.072046043914355,6,"{""0"": 0.00029446150585102436, ""1"": 0.0002337168003456828, ""2"": 0.0003558339560529347, ""3"": 0.00018119532353310093, ""4"": 0.00020142710525117535, ""5"": 0.0001921996523957827}"
primary,400,p0.20,nan,1.0,7,0.2,79.80000000000001,79.2975,56,106,31719,31719,1.5040322767981833,200,0.012081296195387796,0.00024162592390775594,0.25624286216642544,13.238668149436682,1.7730445543244249,3.0698399483717043,6,"{""0"": 0.0002772116033477829, ""1"": 0.00023127882238846718, ""2"": 0.0003669657046309068, ""3"": 0.00017583932366835526, ""4"": 0.00020196017609522632, ""5"": 0.0001964999133157972}"
primary,400,p0.40,nan,1.0,7,0.4,159.60000000000002,159.725,124,188,63890,63890,1.5185042211385358,0,0.9584861671214838,0.019169723342429678,nan,0.0,1.5185042211385358,9.624004277613988,21,"{""0"": 0.018481757796130063, ""1"": 0.02025949744525222, ""2"": 0.018630681272081735, ""3"": 0.021063501384338074, ""4"": 0.015462808115353407, ""5"": 0.021120094041422573}"
primary,400,p0.40,nan,1.0,7,0.4,159.60000000000002,159.725,124,188,63890,63890,1.5185042211385358,10,0.1338104145439859,0.002676208290879718,0.10812959068791829,6.1491931420295485,1.716925657223114,2.992488331137631,7,"{""0"": 0.012972538519833512, ""1"": 0.00022496672424093152, ""2"": 0.0008317773657566075, ""3"": 0.0008873975188175276, ""4"": 0.0006484260096427616, ""5"": 0.0004921436069869674}"
primary,400,p0.40,nan,1.0,7,0.4,159.60000000000002,159.725,124,188,63890,63890,1.5185042211385358,20,0.049356736936294915,0.0009871347387258983,0.032981942130456965,7.233042584999844,1.7503128318638765,2.8602164018890144,6,"{""0"": 0.0007756925046110218, ""1"": 0.0004563792465253449, ""2"": 0.000656796850263072, ""3"": 0.0010601245246359772, ""4"": 0.0026321519158973177, ""5"": 0.00034166339042265755}"
primary,400,p0.40,nan,1.0,7,0.4,159.60000000000002,159.725,124,188,63890,63890,1.5185042211385358,30,0.0439613083001625,0.00087922616600325,0.3802486906833509,7.877895849674615,1.7623423924138584,2.907708117852052,6,"{""0"": 0.0006786378304814947, ""1"": 0.0005672475479454155, ""2"": 0.0014488748774691988, ""3"": 0.0015741503535527785, ""4"": 0.000398069067940586, ""5"": 0.0006083773186300264}"
primary,400,p0.40,nan,1.0,7,0.4,159.60000000000002,159.725,124,188,63890,63890,1.5185042211385358,40,0.04842496151332275,0.000968499230266455,0.04963976679662959,8.698900510633386,1.7282189999165918,2.90002716362752,6,"{""0"": 0.00047623748922242463, ""1"": 0.0003061464497748063, ""2"": 0.0024358179443531207, ""3"": 0.0008672475610511888, ""4"": 0.0005245651118597225, ""5"": 0.0012009808253374667}"
primary,400,p0.40,nan,1.0,7,0.4,159.60000000000002,159.725,124,188,63890,63890,1.5185042211385358,50,0.040694774254963914,0.0008138954850992784,0.11498075041022889,9.265170957467411,1.7270840473076867,2.8816105411316406,6,"{""0"": 0.00028360456287993284, ""1"": 0.0002455438466191633, ""2"": 0.0029887470272920644, ""3"": 0.00033704300884845884, ""4"": 0.0006533433844061497, ""5"": 0.0003750910805499007}"
primary,400,p0.40,nan,1.0,7,0.4,159.60000000000002,159.725,124,188,63890,63890,1.5185042211385358,60,0.03417865027195303,0.0006835730054390607,0.07347455289681185,9.52932152106182,1.747260068111303,2.878146225045165,5,"{""0"": 0.0002386091073340845, ""1"": 0.0002872144324349821, ""2"": 0.002363917832276521, ""3"": 0.00032053969294767277, ""4"": 0.0004939249929769513, ""5"": 0.00039723197466415224}"
primary,400,p0.40,nan,1.0,7,0.4,159.60000000000002,159.725,124,188,63890,63890,1.5185042211385358,70,0.03290390590657879,0.0006580781181315758,0.12715421356692827,9.769079281304393,1.7461368696276292,2.8503478520154024,5,"{""0"": 0.0001881715355653294, ""1"": 0.0002835793593184057, ""2"": 0.002410869041936119, ""3"": 0.0003415865538654414, ""4"": 0.00041226844409360757, ""5"": 0.00031199377401055237}"
primary,400,p0.40,nan,1.0,7,0.4,159.60000000000002,159.725,124,188,63890,63890,1.5185042211385358,80,0.03078176310484855,0.0006156352620969711,0.08325027698206912,10.140658458611037,1.7574995567919696,2.855181994727479,5,"{""0"": 0.0001610099206743458, ""1"": 0.0002458829428193425, ""2"": 0.0022562247463196764, ""3"": 0.00026294398073892857, ""4"": 0.0004068380797362281, ""5"": 0.000360911902293305}"
primary,400,p0.40,nan,1.0,7,0.4,159.60000000000002,159.725,124,188,63890,63890,1.5185042211385358,90,0.022282710607830627,0.0004456542121566126,0.09314247283034377,10.352532265211806,1.765653834905343,2.845366097018353,5,"{""0"": 0.00017618395893084595, ""1"": 0.00019394805393129275, ""2"": 0.0015272703704423225, ""3"": 0.00020870752544178026, ""4"": 0.0003327852225244759, ""5"": 0.00023503014166895787}"
primary,400,p0.40,nan,1.0,7,0.4,159.60000000000002,159.725,124,188,63890,63890,1.5185042211385358,100,0.019027588665488496,0.00038055177330977,0.09202602719682526,10.536603906132894,1.7762438062215826,2.832244860806778,5,"{""0"": 0.0001810654048189321, ""1"": 0.0001816853833444394, ""2"": 0.0012243205984370045, ""3"": 0.0002053787050131563, ""4"": 0.00030315210268513687, ""5"": 0.00018770844555995056}"
primary,400,p0.40,nan,1.0,7,0.4,159.60000000000002,159.725,124,188,63890,63890,1.5185042211385358,110,0.014003104523560418,0.0002800620904712084,0.045648347257882735,10.719711750097805,1.7702616752791154,2.830262530051208,5,"{""0"": 0.0001857827435211426, ""1"": 0.00017250198581963337, ""2"": 0.0006747351598127757, ""3"": 0.0001813022067060513, ""4"": 0.0002889952236817036, ""5"": 0.00017705522328594395}"
primary,400,p0.40,nan,1.0,7,0.4,159.60000000000002,159.725,124,188,63890,63890,1.5185042211385358,120,0.012278271995400663,0.0002455654399080133,0.14650031323509996,10.849134340625437,1.7745098128734171,2.8242253477621664,5,"{""0"": 0.00018577228462081393, ""1"": 0.00016994947585208738, ""2"": 0.0005053566257118799, ""3"": 0.00018170354031340127, ""4"": 0.0002717170589490637, ""5"": 0.00015889365400083348}"
primary,400,p0.40,nan,1.0,7,0.4,159.60000000000002,159.725,124,188,63890,63890,1.5185042211385358,130,0.011168053538756155,0.0002233610707751231,0.141767440595085,10.984585782852498,1.772796729397633,2.823096479679638,5,"{""0"": 0.00017468943642778042, ""1"": 0.00016892629816466675, ""2"": 0.0003940708298177123, ""3"": 0.0001878095203148571, ""4"": 0.0002652289271651731, ""5"": 0.0001494414127605489}"
primary,400,p0.40,nan,1.0,7,0.4,159.60000000000002,159.725,124,188,63890,63890,1.5185042211385358,140,0.010623003355071046,0.00021246006710142095,0.02650078360297492,11.0997959683505,1.7832544822414678,2.823343442043546,5,"{""0"": 0.00017113838109894828, ""1"": 0.00016550404042976237, ""2"": 0.0003645078854306261, ""3"": 0.00016113161345623542, ""4"": 0.00026040733879195195, ""5"": 0.00015207114340100135}"
primary,400,p0.40,nan,1.0,7,0.4,159.60000000000002,159.725,124,188,63890,63890,1.5185042211385358,150,0.009800833553773699,0.000196016671075474,0.04629142670384012,11.283978689093905,1.7786854307615192,2.822528332520496,5,"{""0"": 0.0001630505949231359, ""1"": 0.00013254023326571173, ""2"": 0.0003401325226368674, ""3"": 0.0001609152041393452, ""4"": 0.0002403813762743837, ""5"": 0.0001390800952134}"
primary,400,p0.40,nan,1.0,7,0.4,159.60000000000002,159.725,124,188,63890,63890,1.5185042211385358,160,0.009166140193213577,0.00018332280386427157,0.08696762410649506,11.433272801452482,1.7805122855958473,2.8183266001962592,5,"{""0"": 0.00014152976356566794, ""1"": 0.00013754107405417556, ""2"": 0.0003066361965865539, ""3"": 0.0001398864114785233, ""4"": 0.00023404224447824847, ""5"": 0.00014030113302246022}"
primary,400,p0.40,nan,1.0,7,0.4,159.60000000000002,159.725,124,188,63890,63890,1.5185042211385358,170,0.008603301728868976,0.00017206603457737955,0.07767705193775974,11.605309347166076,1.7843441677216356,2.8215096516934963,5,"{""0"": 0.0001422290262414836, ""1"": 0.00013115398488647637, ""2"": 0.00026600975306674486, ""3"": 0.00013161273474193892, ""4"": 0.00024208159678148098, ""5"": 0.00011930911174615254}"
primary,400,p0.40,nan,1.0,7,0.4,159.60000000000002,159.725,124,188,63890,63890,1.5185042211385358,180,0.008928067638427992,0.00017856135276855987,0.33147943507131405,11.756754737353695,1.7833420685636345,2.8220453839523167,5,"{""0"": 0.00013959086012740467, ""1"": 0.00012502215517657666, ""2"": 0.0003308540615004178, ""3"": 0.00013122646510170852, ""4"": 0.00022802177071292403, ""5"": 0.00011665280399232758}"
primary,400,p0.40,nan,1.0,7,0.4,159.60000000000002,159.725,124,188,63890,63890,1.5185042211385358,190,0.009274435212654647,0.00018548870425309295,0.020480917149308168,11.841423049587942,1.7835664526041097,2.817860726394063,5,"{""0"": 0.0001317463930735087, ""1"": 0.0001220706709389592, ""2"": 0.00038103106184658356, ""3"": 0.0001400090786634848, ""4"": 0.0002188660838001345, ""5"": 0.00011920893719588703}"
primary,400,p0.40,nan,1.0,7,0.4,159.60000000000002,159.725,124,188,63890,63890,1.5185042211385358,200,0.008733126818287081,0.00017466253636574163,0.09361551498581157,12.000471760941684,1.7829332789059773,2.816531762752915,5,"{""0"": 0.00012150377626483279, ""1"": 0.00012107432293773672, ""2"": 0.00033274214449161276, ""3"": 0.00014017301185470868, ""4"": 0.00021584654296678455, ""5"": 0.00011663541967877422}"
